compiled_row_ordinal,cell_type,compiled_response,compiled_count,prior_all_columns_joint_match,primary_group,status,stimulus_row,primary_mean,primary_count,amplitude_abs_difference,amplitude_match,count_match,joint_match
0,pR7,0.013023343395614598,21.0,False,0,nonempty_primary_group,0,0.010850295353521515,22,0.002173048042093083,False,False,False
1,pR7,-0.0014911063936687628,21.0,False,0,nonempty_primary_group,1,-0.0023760675573696083,22,0.0008849611637008455,False,False,False
2,pR7,0.07843683463081659,43.0,False,0,nonempty_primary_group,2,0.07843683463081659,43,0.0,True,True,True
3,pR7,0.09005569707848286,28.0,False,0,nonempty_primary_group,3,0.09753617195862849,29,0.007480474880145624,False,False,False
4,pR7,0.4718133841990601,14.0,True,0,nonempty_primary_group,5,0.4718133841990601,14,0.0,True,True,True
5,pR7,0.20032700475208204,18.0,True,0,nonempty_primary_group,6,0.20032700475208204,18,0.0,True,True,True
6,pR7,0.794748384784317,14.0,True,0,nonempty_primary_group,7,0.7947483847843169,14,1.1102230246251565e-16,True,True,True
7,pR7,0.322793589166437,26.0,True,0,nonempty_primary_group,8,0.3227935891664371,26,5.551115123125783e-17,True,True,True
8,pR7,-0.015313763874440958,8.0,True,0,nonempty_primary_group,9,-0.015313763874440958,8,0.0,True,True,True
9,pR7,0.6981879716174303,8.0,True,0,nonempty_primary_group,10,0.6981879716174304,8,1.1102230246251565e-16,True,True,True
10,pR7,0.10986846115509093,14.0,True,0,nonempty_primary_group,11,0.10986846115509094,14,1.3877787807814457e-17,True,True,True
11,pR7,0.22601514806067208,18.0,True,0,nonempty_primary_group,12,0.22601514806067208,18,0.0,True,True,True
12,pR7,0.0827232576026186,25.0,False,0,nonempty_primary_group,13,0.08928999977577799,26,0.00656674217315939,False,False,False
13,pR7,0.03380011140044268,22.0,False,0,nonempty_primary_group,14,0.04608293234533432,23,0.012282820944891637,False,False,False
14,pR7,0.23673657862126768,16.0,True,0,nonempty_primary_group,15,0.2367365786212677,16,2.7755575615628914e-17,True,True,True
15,pR7,0.22260229433092374,52.0,False,0,nonempty_primary_group,16,0.2226022943309237,52,2.7755575615628914e-17,True,True,True
16,pR7,0.10351751303923286,31.0,True,0,nonempty_primary_group,17,0.10351751303923282,31,4.163336342344337e-17,True,True,True
17,pR7,0.15171287971821526,13.0,True,0,nonempty_primary_group,18,0.1517128797182153,13,2.7755575615628914e-17,True,True,True
18,pR7,0.10774235485182738,13.0,True,0,nonempty_primary_group,19,0.10774235485182741,13,2.7755575615628914e-17,True,True,True
19,pR7,0.11014899492240944,11.0,True,0,nonempty_primary_group,20,0.11014899492240944,11,0.0,True,True,True
20,pR7,0.0487713712731584,21.0,False,0,nonempty_primary_group,21,0.0534581197651311,23,0.004686748491972703,False,False,False
21,pR7,0.46291556220229885,10.0,True,0,nonempty_primary_group,22,0.462915562202299,10,1.6653345369377348e-16,True,True,True
22,pR7,0.08620424128133165,32.0,True,0,nonempty_primary_group,23,0.08620424128133167,32,1.3877787807814457e-17,True,True,True
23,pR7,0.10555012103472992,24.0,False,0,nonempty_primary_group,24,0.10555012103472995,24,2.7755575615628914e-17,True,True,True
24,pR7,0.6703886799675827,34.0,False,0,nonempty_primary_group,25,0.6703886799675827,34,0.0,True,True,True
25,pR7,0.5970674390347291,109.0,False,0,nonempty_primary_group,26,0.5970674390347291,109,0.0,True,True,True
26,pR7,0.4456271512236897,23.0,False,0,nonempty_primary_group,27,0.49301354832661287,24,0.047386397102923195,False,False,False
27,pR7,0.5014050264556386,7.0,False,0,nonempty_primary_group,28,0.5014050264556386,7,0.0,True,True,True
28,pR7,0.2261038291305054,31.0,False,0,nonempty_primary_group,29,0.22610382913050545,31,5.551115123125783e-17,True,True,True
29,pR7,0.3131626241305763,52.0,True,0,nonempty_primary_group,30,0.31316262413057633,52,5.551115123125783e-17,True,True,True
30,pR7,0.1316454628587212,22.0,True,0,nonempty_primary_group,31,0.13164546285872122,22,2.7755575615628914e-17,True,True,True
31,pR7,-0.023675282294917575,11.0,False,0,nonempty_primary_group,34,-0.02367528229491757,11,6.938893903907228e-18,True,True,True
32,pR7,0.006175295620817275,13.0,True,0,nonempty_primary_group,35,0.006175295620817278,13,2.6020852139652106e-18,True,True,True
33,pR7,0.11585775791111554,5.0,True,0,nonempty_primary_group,36,0.11585775791111555,5,1.3877787807814457e-17,True,True,True
34,pR7,0.7256774453053503,45.0,True,0,nonempty_primary_group,37,0.7256774453053502,45,1.1102230246251565e-16,True,True,True
35,pR7,0.46315201949604695,24.0,True,0,nonempty_primary_group,38,0.46315201949604684,24,1.1102230246251565e-16,True,True,True
36,pR7,0.11414146440777971,59.0,False,0,nonempty_primary_group,39,0.11414146440777967,59,4.163336342344337e-17,True,True,True
37,pR7,0.30055152218210485,15.0,False,0,nonempty_primary_group,40,0.30055152218210496,15,1.1102230246251565e-16,True,True,True
38,pR7,0.5267138549189075,52.0,False,0,nonempty_primary_group,41,0.5267138549189074,52,1.1102230246251565e-16,True,True,True
39,pR7,0.4650048289764955,11.0,False,0,nonempty_primary_group,42,0.5186225966466145,12,0.053617767670119,False,False,False
40,pR7,0.08731905435568058,7.0,False,0,nonempty_primary_group,43,0.08731905435568056,7,1.3877787807814457e-17,True,True,True
41,pR7,0.03687201351260285,11.0,False,0,nonempty_primary_group,44,0.03687201351260286,11,6.938893903907228e-18,True,True,True
42,pR7,0.13486343263470252,17.0,False,0,nonempty_primary_group,45,0.1348634326347025,17,2.7755575615628914e-17,True,True,True
43,pR7,0.15577308105470025,15.0,True,0,nonempty_primary_group,46,0.15577308105470025,15,0.0,True,True,True
44,pR7,0.7072209948034965,28.0,True,0,nonempty_primary_group,47,0.7072209948034965,28,0.0,True,True,True
45,pR7,0.5290336267281088,17.0,True,0,nonempty_primary_group,48,0.5290336267281087,17,1.1102230246251565e-16,True,True,True
46,pR7,0.7598940931065995,16.0,True,0,nonempty_primary_group,49,0.7598940931065995,16,0.0,True,True,True
47,pR7,0.6102112447974776,37.0,True,0,nonempty_primary_group,50,0.6102112447974776,37,0.0,True,True,True
48,pR7,0.7194725054319099,7.0,False,0,nonempty_primary_group,51,0.71947250543191,7,1.1102230246251565e-16,True,True,True
49,pR7,0.6451446826644716,16.0,True,0,nonempty_primary_group,52,0.6451446826644716,16,0.0,True,True,True
50,pR7,0.11054200640081994,119.0,False,0,nonempty_primary_group,53,0.11054200640081996,119,1.3877787807814457e-17,True,True,True
51,pR7,0.39942922468776576,17.0,True,0,nonempty_primary_group,54,0.39942922468776565,17,1.1102230246251565e-16,True,True,True
52,pR7,1.0587285495411194,45.0,False,0,nonempty_primary_group,55,1.0537219205760295,47,0.005006628965089854,False,False,False
53,pR7,0.599484885645932,25.0,False,0,nonempty_primary_group,56,0.5994848856459319,25,1.1102230246251565e-16,True,True,True
54,pR7,0.9001946569315005,11.0,False,0,nonempty_primary_group,57,0.8822514298373144,12,0.017943227094186054,False,False,False
55,pR7,0.131705484278693,24.0,False,0,nonempty_primary_group,58,0.131705484278693,24,0.0,True,True,True
56,pR7,0.1724776978360594,18.0,True,0,nonempty_primary_group,59,0.1724776978360594,18,0.0,True,True,True
57,pR7,0.03627274325089943,20.0,False,0,nonempty_primary_group,60,0.07933806328337102,21,0.04306532003247159,False,False,False
58,pR7,-0.024374112075242937,14.0,True,0,nonempty_primary_group,61,-0.024374112075242944,14,6.938893903907228e-18,True,True,True
59,pR7,0.024171320301219452,32.0,True,0,nonempty_primary_group,62,0.024171320301219455,32,3.469446951953614e-18,True,True,True
60,pR7,0.003719953748004795,18.0,True,0,nonempty_primary_group,63,0.003719953748004797,18,1.734723475976807e-18,True,True,True
61,pR7,0.03820994622682462,33.0,False,0,nonempty_primary_group,64,0.06915974373236561,34,0.030949797505540985,False,False,False
62,pR7,0.016118698836632056,33.0,False,0,nonempty_primary_group,65,0.02673261102430851,34,0.010613912187676454,False,False,False
63,pR7,-0.004285680461188668,11.0,False,0,nonempty_primary_group,67,-0.00024378985851380695,12,0.004041890602674861,False,False,False
64,pR7,0.06259595219153248,11.0,False,0,nonempty_primary_group,68,0.06253303863317958,12,6.291355835290335e-05,False,False,False
65,pR7,0.08214799825635984,43.0,False,0,nonempty_primary_group,69,0.08214799825635985,43,1.3877787807814457e-17,True,True,True
66,pR7,0.6326382726626402,14.0,True,0,nonempty_primary_group,70,0.6326382726626402,14,0.0,True,True,True
67,pR7,0.023863775714494193,28.0,False,0,nonempty_primary_group,71,0.027685977848749724,29,0.0038222021342555305,False,False,False
68,pR7,0.33167747793942876,23.0,True,0,nonempty_primary_group,72,0.33167747793942864,23,1.1102230246251565e-16,True,True,True
69,pR7,0.23323274654698917,23.0,True,0,nonempty_primary_group,73,0.23323274654698917,23,0.0,True,True,True
70,pR7,0.2904100164665473,26.0,True,0,nonempty_primary_group,74,0.29041001646654735,26,5.551115123125783e-17,True,True,True
71,pR7,0.25756800962372883,46.0,False,0,nonempty_primary_group,75,0.2575680096237287,46,1.1102230246251565e-16,True,True,True
72,pR7,0.12944612037167136,13.0,True,0,nonempty_primary_group,76,0.12944612037167136,13,0.0,True,True,True
73,pR7,0.12495803686470953,13.0,True,0,nonempty_primary_group,77,0.12495803686470956,13,2.7755575615628914e-17,True,True,True
74,pR7,0.20126891227220747,18.0,True,0,nonempty_primary_group,78,0.20126891227220745,18,2.7755575615628914e-17,True,True,True
75,pR7,0.8230576247116884,14.0,True,0,nonempty_primary_group,79,0.8230576247116883,14,1.1102230246251565e-16,True,True,True
76,pR7,0.11809224765316617,118.0,False,0,nonempty_primary_group,80,0.11809224765316616,118,1.3877787807814457e-17,True,True,True
77,pR7,-0.028553900304387907,11.0,False,0,nonempty_primary_group,81,-0.02855390030438791,11,3.469446951953614e-18,True,True,True
78,pR7,0.04938078273918838,11.0,False,0,nonempty_primary_group,82,0.049380782739188375,11,6.938893903907228e-18,True,True,True
79,pR7,-0.009054000366395153,13.0,True,0,nonempty_primary_group,83,-0.009054000366395155,13,1.734723475976807e-18,True,True,True
80,pR7,0.0401518490712671,13.0,True,0,nonempty_primary_group,84,0.04015184907126709,13,6.938893903907228e-18,True,True,True
81,pR7,0.013265693121320697,29.0,False,0,nonempty_primary_group,85,0.013265693121320699,29,1.734723475976807e-18,True,True,True
82,pR7,0.0912637358476482,8.0,True,0,nonempty_primary_group,86,0.09126373584764819,8,1.3877787807814457e-17,True,True,True
83,pR7,0.03148992588090964,18.0,True,0,nonempty_primary_group,88,0.03148992588090963,18,6.938893903907228e-18,True,True,True
84,pR7,0.6984406089033526,8.0,True,0,nonempty_primary_group,89,0.6984406089033529,8,3.3306690738754696e-16,True,True,True
85,pR7,0.0003600577711988448,14.0,True,0,nonempty_primary_group,90,0.0003600577711988423,14,2.4936649967166602e-18,True,True,True
86,pR7,0.11841543484612659,31.0,True,0,nonempty_primary_group,91,0.11841543484612663,31,4.163336342344337e-17,True,True,True
87,pR7,0.17595126579710532,18.0,True,0,nonempty_primary_group,92,0.17595126579710532,18,0.0,True,True,True
88,pR7,0.09474838441257473,25.0,False,0,nonempty_primary_group,93,0.10382843628396442,26,0.009080051871389688,False,False,False
89,pR7,0.6646284587476395,143.0,False,0,nonempty_primary_group,94,0.6646284587476395,143,0.0,True,True,True
90,pR7,0.15674511676804337,22.0,False,0,nonempty_primary_group,95,0.16611683924227627,23,0.009371722474232902,False,False,False
91,pR7,0.23280504906579158,51.0,True,0,nonempty_primary_group,96,0.2328050490657916,51,2.7755575615628914e-17,True,True,True
92,pR7,0.29871880402107404,83.0,False,0,nonempty_primary_group,97,0.2987188040210741,83,5.551115123125783e-17,True,True,True
93,pR7,0.2537398635704275,22.0,True,0,nonempty_primary_group,98,0.25373986357042744,22,5.551115123125783e-17,True,True,True
94,pR7,0.27238473603671803,31.0,True,0,nonempty_primary_group,99,0.27238473603671803,31,0.0,True,True,True
95,pR7,0.28496762990520114,31.0,True,0,nonempty_primary_group,100,0.28496762990520114,31,0.0,True,True,True
96,pR7,0.24876291808569556,48.0,False,0,nonempty_primary_group,101,0.26724425694787873,49,0.018481338862183172,False,False,False
97,pR7,0.2584200775386771,48.0,False,0,nonempty_primary_group,102,0.26947759232669055,49,0.011057514788013478,False,False,False
98,pR7,1.0091203549571557,26.0,True,0,nonempty_primary_group,103,1.009120354957156,26,2.220446049250313e-16,True,True,True
99,pR7,0.6172591653269119,105.0,False,0,nonempty_primary_group,104,0.6172591653269118,105,1.1102230246251565e-16,True,True,True
100,pR7,0.22862974668930408,10.0,True,0,nonempty_primary_group,105,0.228629746689304,10,8.326672684688674e-17,True,True,True
101,pR7,0.20539283792380353,68.0,False,0,nonempty_primary_group,106,0.20539283792380353,68,0.0,True,True,True
102,pR7,0.20418591674953954,17.0,False,0,nonempty_primary_group,107,0.2041859167495395,17,2.7755575615628914e-17,True,True,True
103,pR7,0.08433222502208597,20.0,False,0,nonempty_primary_group,108,0.12572764997697566,21,0.041395424954889695,False,False,False
104,pR7,0.0932956491076817,20.0,False,0,nonempty_primary_group,109,0.12101343093415769,21,0.027717781826475982,False,False,False
105,pR7,0.0357101950401652,31.0,True,0,nonempty_primary_group,110,0.0357101950401652,31,0.0,True,True,True
106,pR7,0.2337793672042888,28.0,False,0,nonempty_primary_group,111,0.26826341525737557,30,0.034484048053086774,False,False,False
107,pR7,-0.009648906277747251,6.0,True,0,nonempty_primary_group,112,-0.00964890627774725,6,1.734723475976807e-18,True,True,True
108,pR7,-0.01367812294736624,6.0,True,0,nonempty_primary_group,113,-0.013678122947366233,6,6.938893903907228e-18,True,True,True
109,pR7,0.1358058877420323,31.0,True,0,nonempty_primary_group,114,0.13580588774203228,31,2.7755575615628914e-17,True,True,True
110,pR7,0.14280253879103186,13.0,True,0,nonempty_primary_group,115,0.14280253879103183,13,2.7755575615628914e-17,True,True,True
111,pR7,0.26477238444155304,13.0,True,0,nonempty_primary_group,116,0.264772384441553,13,5.551115123125783e-17,True,True,True
112,pR7,0.7759507661549678,45.0,False,0,nonempty_primary_group,117,0.7804723131754097,47,0.0045215470204418295,False,False,False
113,pR7,0.10287998456885382,13.0,True,0,nonempty_primary_group,118,0.10287998456885379,13,2.7755575615628914e-17,True,True,True
114,pR7,0.11708230177287712,11.0,True,0,nonempty_primary_group,119,0.11708230177287714,11,1.3877787807814457e-17,True,True,True
115,pR7,-0.020866788735710445,21.0,False,0,nonempty_primary_group,120,-0.02646762640695361,23,0.005600837671243166,False,False,False
116,pR7,0.07029796238739457,32.0,True,0,nonempty_primary_group,121,0.07029796238739457,32,0.0,True,True,True
117,pR7,0.4671793683409981,10.0,True,0,nonempty_primary_group,122,0.4671793683409981,10,0.0,True,True,True
118,pR7,0.369321010354466,25.0,False,0,nonempty_primary_group,123,0.369321010354466,25,0.0,True,True,True
119,pR7,0.23166668941770144,18.0,True,0,nonempty_primary_group,124,0.2316666894177014,18,2.7755575615628914e-17,True,True,True
120,pR7,0.12812952599753466,42.0,False,0,nonempty_primary_group,125,0.12812952599753466,42,0.0,True,True,True
121,pR7,0.16303881563918451,13.0,True,0,nonempty_primary_group,126,0.16303881563918446,13,5.551115123125783e-17,True,True,True
122,pR7,0.08246375207206443,24.0,False,0,nonempty_primary_group,127,0.08246375207206445,24,2.7755575615628914e-17,True,True,True
123,pR7,0.48452204725905457,49.0,False,0,nonempty_primary_group,128,0.48452204725905446,49,1.1102230246251565e-16,True,True,True
124,pR7,0.30493287951431824,28.0,False,0,nonempty_primary_group,129,0.35437541444869675,30,0.0494425349343785,False,False,False
125,pR7,-0.06511602880954674,20.0,False,0,nonempty_primary_group,130,-0.053547065426881944,21,0.011568963382664797,False,False,False
126,pR7,0.06021782289140554,31.0,True,0,nonempty_primary_group,131,0.06021782289140552,31,1.3877787807814457e-17,True,True,True
127,pR7,0.25423407192726893,16.0,True,0,nonempty_primary_group,132,0.254234071927269,16,5.551115123125783e-17,True,True,True
128,pR7,0.12193747374187529,17.0,True,0,nonempty_primary_group,133,0.12193747374187529,17,0.0,True,True,True
129,pR7,0.3200863951869732,18.0,True,0,nonempty_primary_group,134,0.3200863951869731,18,5.551115123125783e-17,True,True,True
130,pR7,0.45014129382464735,242.0,False,0,nonempty_primary_group,135,0.4521948203179652,244,0.0020535264933178587,False,False,False
131,pR7,1.3532034644630833,35.0,False,0,nonempty_primary_group,136,1.334587212863073,37,0.018616251600010347,False,False,False
132,pR7,1.299961473567641,35.0,False,0,nonempty_primary_group,137,1.2794530767447836,37,0.020508396822857433,False,False,False
133,pR7,0.397293067290856,23.0,False,0,nonempty_primary_group,138,0.4301558446834757,24,0.03286277739261967,False,False,False
134,pR7,0.4750386989949104,7.0,False,0,nonempty_primary_group,139,0.47503869899491047,7,5.551115123125783e-17,True,True,True
135,pR7,1.4306698560200195,98.0,False,0,nonempty_primary_group,140,1.4306698560200197,98,2.220446049250313e-16,True,True,True
136,pR7,1.4318017381382526,119.0,False,0,nonempty_primary_group,141,1.4318017381382524,119,2.220446049250313e-16,True,True,True
137,pR7,1.5590562972741826,21.0,True,0,nonempty_primary_group,142,1.5590562972741826,21,0.0,True,True,True
138,pR7,-0.002146140526061715,22.0,True,0,nonempty_primary_group,145,-0.0021461405260617167,22,1.734723475976807e-18,True,True,True
139,pR7,-0.015167349507173791,18.0,True,0,nonempty_primary_group,146,-0.015167349507173787,18,3.469446951953614e-18,True,True,True
140,pR7,0.01029403371086075,4.0,True,0,nonempty_primary_group,147,0.010294033710860753,4,3.469446951953614e-18,True,True,True
141,pR7,0.48714723868495063,67.0,False,0,nonempty_primary_group,148,0.48714723868495063,67,0.0,True,True,True
142,pR7,0.5083943813445342,11.0,False,0,nonempty_primary_group,149,0.5502039441988843,12,0.04180956285435011,False,False,False
143,pR7,0.09419830110636648,7.0,False,0,nonempty_primary_group,150,0.0941983011063665,7,1.3877787807814457e-17,True,True,True
144,pR7,0.41837011367439997,25.0,False,0,nonempty_primary_group,151,0.46325571069838634,27,0.04488559702398637,False,False,False
145,pR7,0.5080724568268364,18.0,True,0,nonempty_primary_group,152,0.5080724568268364,18,0.0,True,True,True
146,pR7,0.3561387555506325,11.0,False,0,nonempty_primary_group,153,0.3561387555506325,11,0.0,True,True,True
147,pR7,0.9245833499757332,32.0,True,0,nonempty_primary_group,154,0.9245833499757332,32,0.0,True,True,True
148,pR7,0.06394503283757405,11.0,False,0,nonempty_primary_group,155,0.06394503283757404,11,1.3877787807814457e-17,True,True,True
149,pR7,0.09395750809480455,118.0,False,0,nonempty_primary_group,156,0.0939575080948045,118,4.163336342344337e-17,True,True,True
150,pR7,-0.115371934974615,25.0,False,0,nonempty_primary_group,157,-0.10487005740415116,26,0.010501877570463836,False,False,False
151,pR7,0.1364140265243373,10.0,True,0,nonempty_primary_group,158,0.13641402652433737,10,8.326672684688674e-17,True,True,True
152,pR7,0.9419208458253829,26.0,True,0,nonempty_primary_group,159,0.9419208458253833,26,3.3306690738754696e-16,True,True,True
153,pR7,0.07143424117800498,11.0,False,0,nonempty_primary_group,160,0.07143424117800497,11,1.3877787807814457e-17,True,True,True
154,pR7,0.07346439236678494,11.0,False,0,nonempty_primary_group,161,0.07346439236678494,11,0.0,True,True,True
155,pR7,0.10960633137278115,22.0,False,0,nonempty_primary_group,162,0.13193410770881717,23,0.022327776336036012,False,False,False
156,pR7,0.03908813186426659,22.0,False,0,nonempty_primary_group,163,0.09689857261866777,23,0.057810440754401185,False,False,False
157,pR7,0.29825722566472906,24.0,True,0,nonempty_primary_group,164,0.298257225664729,24,5.551115123125783e-17,True,True,True
158,pR7,0.08798243142107288,95.0,True,0,nonempty_primary_group,165,0.08798243142107284,95,4.163336342344337e-17,True,True,True
159,pR7,0.06656042309315978,11.0,False,0,nonempty_primary_group,166,0.06656042309315978,11,0.0,True,True,True
160,pR7,0.04217240615138109,13.0,True,0,nonempty_primary_group,167,0.0421724061513811,13,6.938893903907228e-18,True,True,True
161,pR7,0.13519213769827038,11.0,True,0,nonempty_primary_group,168,0.1351921376982704,11,2.7755575615628914e-17,True,True,True
162,pR7,0.38309494674310823,11.0,False,0,nonempty_primary_group,169,0.3830949467431083,11,5.551115123125783e-17,True,True,True
163,pR7,0.05050322206166215,7.0,False,0,nonempty_primary_group,170,0.050503222061662155,7,6.938893903907228e-18,True,True,True
164,pR7,0.0212659277092482,18.0,True,0,nonempty_primary_group,171,0.021265927709248195,18,3.469446951953614e-18,True,True,True
165,pR7,9.966081695981222e-05,18.0,True,0,nonempty_primary_group,172,9.966081695981179e-05,18,4.336808689942018e-19,True,True,True
166,pR7,0.12652538764565283,5.0,True,0,nonempty_primary_group,173,0.12652538764565283,5,0.0,True,True,True
167,pR7,0.2539632801089767,49.0,False,0,nonempty_primary_group,174,0.2539632801089767,49,0.0,True,True,True
168,pR7,0.15723311404147108,17.0,True,0,nonempty_primary_group,175,0.1572331140414711,17,2.7755575615628914e-17,True,True,True
169,pR7,0.7870579689737356,32.0,True,0,nonempty_primary_group,176,0.7870579689737356,32,0.0,True,True,True
170,pR7,0.8199801433865251,45.0,True,0,nonempty_primary_group,177,0.8199801433865251,45,0.0,True,True,True
171,pR7,0.25124626826546476,46.0,False,0,nonempty_primary_group,178,0.25124626826546476,46,0.0,True,True,True
172,pR7,0.2600701812828087,18.0,True,0,nonempty_primary_group,179,0.2600701812828087,18,0.0,True,True,True
173,pR7,0.3671535681321603,11.0,False,0,nonempty_primary_group,180,0.36715356813216027,11,5.551115123125783e-17,True,True,True
174,pR7,0.13296620684868427,13.0,True,0,nonempty_primary_group,181,0.13296620684868424,13,2.7755575615628914e-17,True,True,True
175,pR7,0.3103906930595744,11.0,True,0,nonempty_primary_group,182,0.31039069305957445,11,5.551115123125783e-17,True,True,True
176,pR7,0.17661763488725285,59.0,False,0,nonempty_primary_group,183,0.1766176348872529,59,5.551115123125783e-17,True,True,True
177,pR7,0.14279467478397181,25.0,False,0,nonempty_primary_group,184,0.14279467478397181,25,0.0,True,True,True
178,pR7,0.18955233138583655,24.0,True,0,nonempty_primary_group,185,0.18955233138583658,24,2.7755575615628914e-17,True,True,True
179,pR7,0.015787281881240827,13.0,True,0,nonempty_primary_group,186,0.01578728188124083,13,3.469446951953614e-18,True,True,True
180,pR7,0.014464928699278401,14.0,True,0,nonempty_primary_group,187,0.014464928699278401,14,0.0,True,True,True
181,pR7,0.051201310829944856,15.0,True,0,nonempty_primary_group,188,0.05120131082994487,15,1.3877787807814457e-17,True,True,True
182,pR7,0.07766491723993504,15.0,True,0,nonempty_primary_group,189,0.07766491723993506,15,1.3877787807814457e-17,True,True,True
183,pR7,0.1559658259987365,48.0,False,0,nonempty_primary_group,190,0.1583586312126726,49,0.002392805213936089,False,False,False
184,pR7,1.5310047700356246,11.0,False,0,nonempty_primary_group,191,1.5310047700356244,11,2.220446049250313e-16,True,True,True
185,pR7,1.5277889659165989,11.0,False,0,nonempty_primary_group,192,1.5277889659165986,11,2.220446049250313e-16,True,True,True
186,pR7,0.1025171384803797,129.0,False,0,nonempty_primary_group,193,0.1025171384803797,129,0.0,True,True,True
187,pR7,0.12767808976676095,25.0,False,0,nonempty_primary_group,194,0.133370706666233,26,0.005692616899472036,False,False,False
188,pR7,0.397622508629421,20.0,True,0,nonempty_primary_group,195,0.397622508629421,20,0.0,True,True,True
189,pR7,0.040913366259882906,27.0,True,0,nonempty_primary_group,196,0.0409133662598829,27,6.938893903907228e-18,True,True,True
190,pR7,0.15101647647547717,48.0,False,0,nonempty_primary_group,197,0.15189627269388883,49,0.0008797962184116659,False,False,False
191,pR7,0.11503892918902607,11.0,False,0,nonempty_primary_group,198,0.11503892918902606,11,1.3877787807814457e-17,True,True,True
192,pR7,0.055591794274820715,17.0,True,0,nonempty_primary_group,199,0.05559179427482071,17,6.938893903907228e-18,True,True,True
193,pR7,0.15560508806927034,13.0,True,0,nonempty_primary_group,200,0.15560508806927037,13,2.7755575615628914e-17,True,True,True
194,pR7,0.1584604270390479,13.0,True,0,nonempty_primary_group,201,0.15846042703904784,13,5.551115123125783e-17,True,True,True
195,pR7,0.049134349578454854,26.0,False,0,nonempty_primary_group,202,0.04913434957845485,26,6.938893903907228e-18,True,True,True
196,pR7,0.07974838742170641,26.0,False,0,nonempty_primary_group,203,0.07974838742170641,26,0.0,True,True,True
197,pR7,1.3238220261882312,20.0,False,0,nonempty_primary_group,204,1.3251009251364434,21,0.0012788989482122037,False,False,False
198,pR7,1.3228225696469857,20.0,False,0,nonempty_primary_group,205,1.285907398798774,21,0.03691517084821183,False,False,False
199,pR7,0.1120667374824819,17.0,True,0,nonempty_primary_group,206,0.11206673748248192,17,1.3877787807814457e-17,True,True,True
200,pR7,1.432152379509563,24.0,False,0,nonempty_primary_group,207,1.432152379509563,24,0.0,True,True,True
201,pR7,1.414162650444636,24.0,False,0,nonempty_primary_group,208,1.414162650444636,24,0.0,True,True,True
202,pR7,0.35973024304443235,18.0,True,0,nonempty_primary_group,209,0.35973024304443235,18,0.0,True,True,True
203,pR7,1.486306490181192,25.0,True,0,nonempty_primary_group,210,1.4863064901811922,25,2.220446049250313e-16,True,True,True
204,pR7,1.3165820250929954,25.0,True,0,nonempty_primary_group,211,1.3165820250929954,25,0.0,True,True,True
205,pR7,0.6610976712611306,29.0,False,0,nonempty_primary_group,212,0.6610976712611306,29,0.0,True,True,True
206,pR7,0.7706468393864789,10.0,True,0,nonempty_primary_group,213,0.7706468393864789,10,0.0,True,True,True
207,pR7,1.5081801386149345,18.0,True,0,nonempty_primary_group,214,1.5081801386149347,18,2.220446049250313e-16,True,True,True
208,pR7,1.5595699553606561,18.0,True,0,nonempty_primary_group,215,1.5595699553606561,18,0.0,True,True,True
209,pR7,0.11319776729687396,29.0,False,0,nonempty_primary_group,216,0.11319776729687393,29,2.7755575615628914e-17,True,True,True
210,pR7,0.5893978696787618,25.0,False,0,nonempty_primary_group,217,0.6058049595122824,27,0.01640708983352057,False,False,False
211,pR7,0.23114288755712478,18.0,True,0,nonempty_primary_group,218,0.2311428875571248,18,2.7755575615628914e-17,True,True,True
212,pR7,0.237697592813609,7.0,False,0,nonempty_primary_group,219,0.237697592813609,7,0.0,True,True,True
213,pR7,0.16004919219775654,53.0,False,0,nonempty_primary_group,220,0.1600491921977565,53,2.7755575615628914e-17,True,True,True
214,pR7,0.13898103843521994,77.0,False,0,nonempty_primary_group,221,0.13898103843521997,77,2.7755575615628914e-17,True,True,True
215,pR7,0.09567221924411308,143.0,False,0,nonempty_primary_group,222,0.09567221924411318,143,9.71445146547012e-17,True,True,True
216,pR7,0.09548498861582923,13.0,True,0,nonempty_primary_group,223,0.0954849886158292,13,2.7755575615628914e-17,True,True,True
217,pR7,0.928333407703524,10.0,True,0,nonempty_primary_group,224,0.928333407703524,10,0.0,True,True,True
218,pR7,0.24572913009461503,32.0,True,0,nonempty_primary_group,225,0.24572913009461506,32,2.7755575615628914e-17,True,True,True
219,pR7,0.14889248559901627,32.0,True,0,nonempty_primary_group,226,0.14889248559901633,32,5.551115123125783e-17,True,True,True
220,pR7,0.23576297804409574,37.0,False,0,nonempty_primary_group,227,0.2416668619638043,38,0.005903883919708558,False,False,False
221,pR7,0.25804974010117493,37.0,False,0,nonempty_primary_group,228,0.26996015368793386,38,0.011910413586758928,False,False,False
222,pR7,0.1441253978297614,15.0,True,0,nonempty_primary_group,229,0.14412539782976141,15,2.7755575615628914e-17,True,True,True
223,pR7,0.07299430853429342,25.0,False,0,nonempty_primary_group,230,0.0729943085342934,25,2.7755575615628914e-17,True,True,True
224,pR7,0.11834186794693337,61.0,True,0,nonempty_primary_group,231,0.11834186794693344,61,6.938893903907228e-17,True,True,True
225,pR7,1.2522967032475998,75.0,False,0,nonempty_primary_group,232,1.2522967032476,75,2.220446049250313e-16,True,True,True
226,pR7,0.6565697038791204,11.0,False,0,nonempty_primary_group,233,0.6072162406030229,12,0.049353463276097465,False,False,False
227,pR7,0.17336728622930594,95.0,True,0,nonempty_primary_group,234,0.17336728622930592,95,2.7755575615628914e-17,True,True,True
228,pR7,1.3968709497112977,43.0,False,0,nonempty_primary_group,239,1.3968709497112974,43,2.220446049250313e-16,True,True,True
229,pR7,0.14864692412656286,13.0,True,0,nonempty_primary_group,240,0.14864692412656288,13,2.7755575615628914e-17,True,True,True
230,pR7,0.17794774510796169,31.0,True,0,nonempty_primary_group,241,0.17794774510796169,31,0.0,True,True,True
231,pR7,1.2080589960284573,32.0,True,0,nonempty_primary_group,242,1.208058996028457,32,4.440892098500626e-16,True,True,True
232,pR7,1.348407245259369,28.0,True,0,nonempty_primary_group,243,1.3484072452593694,28,4.440892098500626e-16,True,True,True
233,pR7,1.0597708759012383,13.0,True,0,nonempty_primary_group,244,1.059770875901238,13,2.220446049250313e-16,True,True,True
234,pR7,1.2357070498154648,32.0,True,0,nonempty_primary_group,245,1.2357070498154645,32,2.220446049250313e-16,True,True,True
235,pR7,0.2592754053887163,86.0,False,0,nonempty_primary_group,246,0.2592754053887163,86,0.0,True,True,True
236,pR7,1.47703102318596,43.0,False,0,nonempty_primary_group,247,1.4770310231859598,43,2.220446049250313e-16,True,True,True
237,pR7,0.43009533853040144,119.0,False,0,nonempty_primary_group,248,0.43009533853040144,119,0.0,True,True,True
238,pR7,1.1282346859060204,16.0,True,0,nonempty_primary_group,249,1.1282346859060204,16,0.0,True,True,True
239,pR7,1.3951162661207808,22.0,False,0,nonempty_primary_group,250,1.4013139221840891,23,0.006197656063308354,False,False,False
240,pR7,1.1100827153165993,31.0,True,0,nonempty_primary_group,251,1.1100827153165993,31,0.0,True,True,True
241,pR7,1.2937682114075326,22.0,False,0,nonempty_primary_group,252,1.2984643745123876,23,0.004696163104854989,False,False,False
242,pR7,1.3932433102516384,28.0,True,0,nonempty_primary_group,253,1.3932433102516388,28,4.440892098500626e-16,True,True,True
243,pR7,0.8329347284705094,20.0,True,0,nonempty_primary_group,254,0.8329347284705092,20,2.220446049250313e-16,True,True,True
244,pR7,1.1305219601153595,13.0,True,0,nonempty_primary_group,255,1.1305219601153598,13,2.220446049250313e-16,True,True,True
245,pR7,0.7742240232689408,18.0,True,0,nonempty_primary_group,256,0.7742240232689408,18,0.0,True,True,True
246,pR7,0.83520712579473,35.0,True,0,nonempty_primary_group,257,0.8352071257947301,35,1.1102230246251565e-16,True,True,True
247,pR7,0.7838500564415957,38.0,False,0,nonempty_primary_group,258,0.7838500564415954,38,2.220446049250313e-16,True,True,True
248,pR7,0.558118470587777,25.0,False,0,nonempty_primary_group,259,0.558118470587777,25,0.0,True,True,True
249,pR7,0.8205466604345061,24.0,True,0,nonempty_primary_group,260,0.8205466604345061,24,0.0,True,True,True
250,pR7,1.2535827726651836,75.0,False,0,nonempty_primary_group,261,1.2535827726651838,75,2.220446049250313e-16,True,True,True
251,pR7,0.7319086816786189,4.0,True,0,nonempty_primary_group,262,0.7319086816786189,4,0.0,True,True,True
252,pR7,0.7371449655524179,37.0,False,0,nonempty_primary_group,263,0.7371449655524177,37,2.220446049250313e-16,True,True,True
253,pR7,0.49130711132810345,18.0,True,0,nonempty_primary_group,264,0.4913071113281034,18,5.551115123125783e-17,True,True,True
254,pR7,0.631594843806203,25.0,True,0,nonempty_primary_group,265,0.631594843806203,25,0.0,True,True,True
255,pR7,0.8655222381898808,31.0,True,0,nonempty_primary_group,267,0.865522238189881,31,2.220446049250313e-16,True,True,True
256,pR7,0.5258152738212502,118.0,False,0,nonempty_primary_group,268,0.5258152738212498,118,3.3306690738754696e-16,True,True,True
257,pR7,1.2286168716373957,13.0,True,0,nonempty_primary_group,269,1.228616871637396,13,2.220446049250313e-16,True,True,True
258,pR7,0.5159313321048441,16.0,True,0,nonempty_primary_group,270,0.5159313321048442,16,1.1102230246251565e-16,True,True,True
259,pR7,0.8620474268959072,24.0,False,0,nonempty_primary_group,271,0.8620474268959071,24,1.1102230246251565e-16,True,True,True
260,pR7,1.5333936518978817,45.0,True,0,nonempty_primary_group,272,1.5333936518978817,45,0.0,True,True,True
261,pR7,1.5683418869802075,45.0,True,0,nonempty_primary_group,273,1.5683418869802077,45,2.220446049250313e-16,True,True,True
262,pR7,0.9261407590787049,44.0,False,0,nonempty_primary_group,274,0.9209207225572921,45,0.005220036521412785,False,False,False
263,pR7,1.310414142485596,54.0,False,0,nonempty_primary_group,275,1.308763925621375,55,0.0016502168642209547,False,False,False
264,pR7,0.6086472734262068,18.0,True,0,nonempty_primary_group,276,0.6086472734262068,18,0.0,True,True,True
265,pR7,0.9816316487082081,4.0,True,0,nonempty_primary_group,277,0.9816316487082082,4,1.1102230246251565e-16,True,True,True
266,pR7,1.556419876054536,24.0,False,0,nonempty_primary_group,278,1.5391413238824478,25,0.01727855217208818,False,False,False
267,pR7,1.4610409689971118,24.0,False,0,nonempty_primary_group,279,1.4537109850324552,25,0.007329983964656561,False,False,False
268,pR7,0.2915591913070683,16.0,True,0,nonempty_primary_group,280,0.2915591913070683,16,0.0,True,True,True
269,pR7,1.4245292675316763,11.0,False,0,nonempty_primary_group,281,1.4245292675316763,11,0.0,True,True,True
270,pR7,1.1672189516094593,18.0,True,0,nonempty_primary_group,282,1.167218951609459,18,2.220446049250313e-16,True,True,True
271,pR7,1.460641357648722,36.0,False,0,nonempty_primary_group,283,1.460873611593376,37,0.00023225394465398175,False,False,False
272,pR7,0.9337817611736797,44.0,False,0,nonempty_primary_group,284,0.9247148050798125,45,0.009066956093867207,False,False,False
273,pR7,0.9488120502400907,111.0,False,0,nonempty_primary_group,285,0.9488120502400907,111,0.0,True,True,True
274,pR7,1.405325025207008,29.0,False,0,nonempty_primary_group,286,1.397343489614856,30,0.007981535592151978,False,False,False
275,pR7,1.3030764055419597,28.0,False,0,nonempty_primary_group,287,1.3105546244682853,29,0.007478218926325608,False,False,False
276,pR7,0.9234492855864475,24.0,False,0,nonempty_primary_group,288,0.9234492855864472,24,2.220446049250313e-16,True,True,True
277,pR7,0.8688241125648734,13.0,True,0,nonempty_primary_group,289,0.8688241125648732,13,1.1102230246251565e-16,True,True,True
278,pR7,1.2389686829094255,54.0,False,0,nonempty_primary_group,290,1.2312754353252433,55,0.007693247584182217,False,False,False
279,pR7,1.2453161935159895,33.0,False,0,nonempty_primary_group,291,1.2400555480978048,34,0.005260645418184717,False,False,False
280,pR7,1.4843498612457935,36.0,False,0,nonempty_primary_group,292,1.4758756039149152,37,0.008474257330878254,False,False,False
281,pR7,1.4738687711899483,11.0,False,0,nonempty_primary_group,293,1.4738687711899485,11,2.220446049250313e-16,True,True,True
282,pR7,1.0979961924542436,10.0,True,0,nonempty_primary_group,294,1.0979961924542438,10,2.220446049250313e-16,True,True,True
283,pR7,1.672147412613993,10.0,True,0,nonempty_primary_group,295,1.6721474126139928,10,2.220446049250313e-16,True,True,True
284,pR7,0.7917029815408024,18.0,True,0,nonempty_primary_group,296,0.7917029815408028,18,3.3306690738754696e-16,True,True,True
285,pR7,0.7738446986931141,16.0,True,0,nonempty_primary_group,297,0.773844698693114,16,1.1102230246251565e-16,True,True,True
286,pR7,1.3256105426124116,28.0,False,0,nonempty_primary_group,298,1.304310513237371,29,0.02130002937504072,False,False,False
287,pR7,1.1589540871252446,16.0,True,0,nonempty_primary_group,299,1.1589540871252444,16,2.220446049250313e-16,True,True,True
288,pR7,1.6635900766527176,18.0,True,0,nonempty_primary_group,300,1.663590076652718,18,4.440892098500626e-16,True,True,True
289,pR7,0.9619131225008609,18.0,True,0,nonempty_primary_group,301,0.9619131225008607,18,2.220446049250313e-16,True,True,True
290,pR7,1.458741347694777,18.0,True,0,nonempty_primary_group,302,1.4587413476947768,18,2.220446049250313e-16,True,True,True
291,pR7,1.5811192886616865,13.0,True,0,nonempty_primary_group,303,1.5811192886616867,13,2.220446049250313e-16,True,True,True
292,pR7,1.2935851866063612,8.0,True,0,nonempty_primary_group,304,1.2935851866063612,8,0.0,True,True,True
293,pR7,1.4989082684981376,17.0,False,0,nonempty_primary_group,305,1.5214023936887024,18,0.022494125190564818,False,False,False
294,pR7,1.318323598286091,8.0,True,0,nonempty_primary_group,306,1.3183235982860912,8,2.220446049250313e-16,True,True,True
295,pR7,1.3553685783105773,13.0,True,0,nonempty_primary_group,307,1.355368578310577,13,2.220446049250313e-16,True,True,True
296,pR7,1.4055817879375974,104.0,False,0,nonempty_primary_group,308,1.4055817879375974,104,0.0,True,True,True
297,pR7,1.5764877123576875,91.0,False,0,nonempty_primary_group,309,1.5764877123576875,91,0.0,True,True,True
298,pR7,1.1214332239883404,33.0,False,0,nonempty_primary_group,310,1.121591197640287,34,0.00015797365194658575,False,False,False
299,pR7,1.1311521310814427,13.0,True,0,nonempty_primary_group,311,1.1311521310814427,13,0.0,True,True,True
300,pR7,1.5757917227858385,91.0,False,0,nonempty_primary_group,312,1.5757917227858385,91,0.0,True,True,True
301,pR7,1.4459864180736506,78.0,True,0,nonempty_primary_group,313,1.4459864180736504,78,2.220446049250313e-16,True,True,True
302,pR7,1.3475178523407527,13.0,True,0,nonempty_primary_group,314,1.347517852340753,13,2.220446049250313e-16,True,True,True
303,pR7,1.3951532304254772,41.0,False,0,nonempty_primary_group,315,1.3951532304254777,41,4.440892098500626e-16,True,True,True
304,pR7,1.4379331599784637,29.0,False,0,nonempty_primary_group,318,1.436934054565952,30,0.0009991054125118026,False,False,False
305,pR7,1.518638204666702,4.0,False,0,nonempty_primary_group,319,1.518638204666702,4,0.0,True,True,True
306,pR7,1.5246156578303818,25.0,False,0,nonempty_primary_group,320,1.5246156578303822,25,4.440892098500626e-16,True,True,True
307,pR7,1.4930031924200304,32.0,True,0,nonempty_primary_group,321,1.49300319242003,32,4.440892098500626e-16,True,True,True
308,pR7,1.4013556978055635,16.0,True,0,nonempty_primary_group,322,1.401355697805564,16,4.440892098500626e-16,True,True,True
309,pR7,1.2800254997660627,18.0,True,0,nonempty_primary_group,323,1.2800254997660625,18,2.220446049250313e-16,True,True,True
310,pR7,1.2881068057092155,87.0,False,0,nonempty_primary_group,324,1.2881068057092153,87,2.220446049250313e-16,True,True,True
311,pR7,1.4984865690710163,31.0,True,0,nonempty_primary_group,325,1.4984865690710165,31,2.220446049250313e-16,True,True,True
312,pR7,1.5222733098531194,5.0,True,0,nonempty_primary_group,326,1.5222733098531196,5,2.220446049250313e-16,True,True,True
313,pR7,1.4359750680043137,33.0,False,0,nonempty_primary_group,327,1.439118906823498,34,0.0031438388191842304,False,False,False
314,pR7,1.5240543559217727,11.0,False,0,nonempty_primary_group,328,1.5240543559217727,11,0.0,True,True,True
315,pR7,1.059785783656299,5.0,True,0,nonempty_primary_group,329,1.059785783656299,5,0.0,True,True,True
316,pR7,1.3579220176152484,87.0,False,0,nonempty_primary_group,330,1.3579220176152487,87,2.220446049250313e-16,True,True,True
317,pR7,1.525562966935657,14.0,False,0,nonempty_primary_group,331,1.553283244191486,15,0.02772027725582893,False,False,False
318,pR7,1.4970927623867596,78.0,True,0,nonempty_primary_group,332,1.4970927623867596,78,0.0,True,True,True
319,pR7,1.5643608868542596,54.0,False,0,nonempty_primary_group,333,1.5643608868542587,54,8.881784197001252e-16,True,True,True
320,pR7,1.5795675849260118,95.0,False,0,nonempty_primary_group,334,1.5795675849260113,95,4.440892098500626e-16,True,True,True
321,pR7,1.4841292574909672,17.0,False,0,nonempty_primary_group,335,1.4409134181678926,18,0.0432158393230746,False,False,False
322,pR7,1.5353718980882898,24.0,False,0,nonempty_primary_group,336,1.5353718980882898,24,0.0,True,True,True
323,pR7,1.4079601079955932,33.0,False,0,nonempty_primary_group,337,1.3795135271579313,34,0.02844658083766194,False,False,False
324,pR7,1.6304217120266853,14.0,True,0,nonempty_primary_group,338,1.6304217120266853,14,0.0,True,True,True
325,pR7,1.5029575188790822,25.0,False,0,nonempty_primary_group,339,1.4957351449658203,26,0.00722237391326197,False,False,False
326,pR7,1.581883862181211,18.0,True,0,nonempty_primary_group,340,1.581883862181211,18,0.0,True,True,True
327,pR7,1.6418017504617934,13.0,True,0,nonempty_primary_group,341,1.6418017504617934,13,0.0,True,True,True
328,pR7,1.669062748894793,16.0,True,0,nonempty_primary_group,342,1.6690627488947924,16,4.440892098500626e-16,True,True,True
329,pR7,1.4596996242096065,14.0,True,0,nonempty_primary_group,343,1.4596996242096065,14,0.0,True,True,True
330,pR7,1.5669871755003697,31.0,True,0,nonempty_primary_group,344,1.5669871755003701,31,4.440892098500626e-16,True,True,True
331,pR7,1.5182234199963298,15.0,True,0,nonempty_primary_group,345,1.5182234199963296,15,2.220446049250313e-16,True,True,True
332,pR7,1.6116719273539968,62.0,False,0,nonempty_primary_group,346,1.6116719273539966,62,2.220446049250313e-16,True,True,True
333,pR7,1.58869571308429,11.0,False,0,nonempty_primary_group,347,1.58869571308429,11,0.0,True,True,True
334,pR7,1.6962031165856393,30.0,True,0,nonempty_primary_group,348,1.6962031165856395,30,2.220446049250313e-16,True,True,True
335,pR7,1.3537374334047727,14.0,True,0,nonempty_primary_group,349,1.353737433404773,14,2.220446049250313e-16,True,True,True
336,pR7,1.394561263859691,19.0,True,0,nonempty_primary_group,350,1.394561263859691,19,0.0,True,True,True
337,pR7,1.515421987847993,40.0,False,0,nonempty_primary_group,351,1.5154219878479933,40,2.220446049250313e-16,True,True,True
338,pR7,1.6123068133475142,28.0,True,0,nonempty_primary_group,352,1.6123068133475145,28,2.220446049250313e-16,True,True,True
339,pR7,1.6597184494990205,45.0,False,0,nonempty_primary_group,353,1.6597184494990205,45,0.0,True,True,True
340,pR7,1.443450513205432,49.0,False,0,nonempty_primary_group,354,1.4437360683690297,51,0.00028555516359762834,False,False,False
341,pR7,1.469906991362043,24.0,False,0,nonempty_primary_group,355,1.4699069913620428,24,2.220446049250313e-16,True,True,True
342,pR7,1.5881910168580933,113.0,False,0,nonempty_primary_group,356,1.5881910168580937,113,4.440892098500626e-16,True,True,True
343,pR7,1.6172586096137034,45.0,True,0,nonempty_primary_group,357,1.6172586096137036,45,2.220446049250313e-16,True,True,True
344,pR7,1.2879938717401327,21.0,False,0,nonempty_primary_group,358,1.265254881311229,23,0.022738990428903705,False,False,False
345,pR7,1.4464331791294331,19.0,True,0,nonempty_primary_group,359,1.446433179129433,19,2.220446049250313e-16,True,True,True
346,pR7,1.3093929886852553,21.0,False,0,nonempty_primary_group,360,1.3281821763003117,23,0.018789187615056324,False,False,False
347,pR7,1.5828393750054501,24.0,False,0,nonempty_primary_group,361,1.58283937500545,24,2.220446049250313e-16,True,True,True
348,pR7,1.6312136994470792,16.0,True,0,nonempty_primary_group,362,1.6312136994470794,16,2.220446049250313e-16,True,True,True
349,pR7,1.4180377353906783,49.0,False,0,nonempty_primary_group,363,1.4011193714500911,51,0.01691836394058721,False,False,False
350,pR7,1.5996508708122998,132.0,False,0,nonempty_primary_group,364,1.599650870812299,132,8.881784197001252e-16,True,True,True
351,pR7,1.3748420841903717,14.0,False,0,nonempty_primary_group,365,1.3316756331489763,15,0.04316645104139538,False,False,False
352,pR7,1.3770716245350962,13.0,True,0,nonempty_primary_group,366,1.377071624535096,13,2.220446049250313e-16,True,True,True
353,pR7,1.635696095724242,18.0,True,0,nonempty_primary_group,367,1.635696095724242,18,0.0,True,True,True
354,pR7,1.6997037558730004,11.0,False,0,nonempty_primary_group,368,1.6997037558730008,11,4.440892098500626e-16,True,True,True
355,pR7,1.4875358624254071,53.0,False,0,nonempty_primary_group,369,1.4838511494935362,54,0.0036847129318708927,False,False,False
356,pR7,1.4769010657553956,13.0,True,0,nonempty_primary_group,370,1.4769010657553956,13,0.0,True,True,True
357,pR7,1.4115078237380598,13.0,True,0,nonempty_primary_group,371,1.4115078237380598,13,0.0,True,True,True
358,pR7,1.581318969178427,11.0,False,0,nonempty_primary_group,372,1.5813189691784273,11,2.220446049250313e-16,True,True,True
359,pR7,1.5881497367029211,14.0,True,0,nonempty_primary_group,373,1.5881497367029211,14,0.0,True,True,True
360,pR7,1.7451345121909647,18.0,True,0,nonempty_primary_group,374,1.7451345121909652,18,4.440892098500626e-16,True,True,True
361,pR7,1.536707201423069,43.0,False,0,nonempty_primary_group,375,1.5367072014230692,43,2.220446049250313e-16,True,True,True
362,pR7,1.7684432544958766,31.0,True,0,nonempty_primary_group,376,1.7684432544958768,31,2.220446049250313e-16,True,True,True
363,pR7,1.682297902399657,18.0,False,0,nonempty_primary_group,377,1.6822979023996567,18,2.220446049250313e-16,True,True,True
364,pR7,1.6940365521617775,22.0,False,0,nonempty_primary_group,378,1.6940365521617777,22,2.220446049250313e-16,True,True,True
365,pR7,1.8096177162073839,10.0,True,0,nonempty_primary_group,379,1.8096177162073837,10,2.220446049250313e-16,True,True,True
366,pR7,1.5118031857953647,13.0,True,0,nonempty_primary_group,380,1.5118031857953644,13,2.220446049250313e-16,True,True,True
367,pR7,1.4473178859402671,14.0,True,0,nonempty_primary_group,381,1.4473178859402671,14,0.0,True,True,True
368,pR7,1.3431232770687294,25.0,False,0,nonempty_primary_group,382,1.340205273447531,26,0.0029180036211984284,False,False,False
369,pR7,1.6020309260366454,42.0,False,0,nonempty_primary_group,383,1.6020309260366454,42,0.0,True,True,True
370,pR7,1.5447536835006692,53.0,False,0,nonempty_primary_group,384,1.538397955387653,54,0.006355728113016212,False,False,False
371,pR7,1.7364192294633949,71.0,False,0,nonempty_primary_group,385,1.7364192294633944,71,4.440892098500626e-16,True,True,True
372,pR7,1.5515482411858919,23.0,True,0,nonempty_primary_group,386,1.551548241185892,23,2.220446049250313e-16,True,True,True
373,yR7,0.13728550380840268,16.0,True,0,nonempty_primary_group,0,0.1372855038084027,16,2.7755575615628914e-17,True,True,True
374,yR7,0.0962708062263545,16.0,True,0,nonempty_primary_group,1,0.09627080622635452,16,1.3877787807814457e-17,True,True,True
375,yR7,0.10782110957979642,29.0,True,0,nonempty_primary_group,2,0.10782110957979639,29,2.7755575615628914e-17,True,True,True
376,yR7,0.07485138754836493,62.0,True,0,nonempty_primary_group,3,0.07485138754836491,62,1.3877787807814457e-17,True,True,True
377,yR7,1.1078618665823705,9.0,True,0,nonempty_primary_group,4,1.1078618665823707,9,2.220446049250313e-16,True,True,True
378,yR7,0.6377201028231269,8.0,False,0,nonempty_primary_group,5,0.41626555051798897,9,0.2214545523051379,False,False,False
379,yR7,1.064394467789714,82.0,False,0,nonempty_primary_group,6,1.051288628405663,83,0.013105839384050855,False,False,False
380,yR7,0.22842555053929617,27.0,True,0,nonempty_primary_group,7,0.22842555053929614,27,2.7755575615628914e-17,True,True,True
381,yR7,1.3340280216340383,22.0,True,0,nonempty_primary_group,8,1.3340280216340377,22,6.661338147750939e-16,True,True,True
382,yR7,0.4142205009182379,27.0,True,0,nonempty_primary_group,9,0.4142205009182379,27,0.0,True,True,True
383,yR7,0.46865612757910063,110.0,False,0,nonempty_primary_group,10,0.46273756317559894,111,0.0059185644035016916,False,False,False
384,yR7,0.8170945343232069,3.0,True,0,nonempty_primary_group,11,0.8170945343232069,3,0.0,True,True,True
385,yR7,0.34475752452372854,13.0,True,0,nonempty_primary_group,12,0.3447575245237285,13,5.551115123125783e-17,True,True,True
386,yR7,0.13796096889088136,139.0,False,0,nonempty_primary_group,13,0.13063505947230003,140,0.007325909418581328,False,False,False
387,yR7,1.1638769005397358,24.0,True,0,nonempty_primary_group,14,1.1638769005397356,24,2.220446049250313e-16,True,True,True
388,yR7,0.32991778135905353,103.0,False,0,nonempty_primary_group,15,0.3299177813590533,103,2.220446049250313e-16,True,True,True
389,yR7,0.9586244758922771,38.0,True,0,nonempty_primary_group,16,0.9586244758922767,38,3.3306690738754696e-16,True,True,True
390,yR7,1.1911617668078083,46.0,False,0,nonempty_primary_group,17,1.1747250187084552,47,0.016436748099353027,False,False,False
391,yR7,0.6996083516520665,1.0,True,0,nonempty_primary_group,18,0.6996083516520666,1,1.1102230246251565e-16,True,True,True
392,yR7,0.4928237181218565,15.0,True,0,nonempty_primary_group,19,0.4928237181218565,15,0.0,True,True,True
393,yR7,0.5450062680205827,22.0,True,0,nonempty_primary_group,20,0.5450062680205827,22,0.0,True,True,True
394,yR7,1.1003500364845846,35.0,False,0,nonempty_primary_group,21,1.0603483228383992,36,0.04000171364618543,False,False,False
395,yR7,0.20949964185215203,28.0,False,0,nonempty_primary_group,22,0.209499641852152,28,2.7755575615628914e-17,True,True,True
396,yR7,0.1434106885218842,37.0,True,0,nonempty_primary_group,23,0.14341068852188424,37,2.7755575615628914e-17,True,True,True
397,yR7,1.2903105043240528,52.0,False,0,nonempty_primary_group,24,1.2903105043240524,52,4.440892098500626e-16,True,True,True
398,yR7,0.08023502012600355,13.0,True,0,nonempty_primary_group,25,0.08023502012600356,13,1.3877787807814457e-17,True,True,True
399,yR7,0.7393877909621892,38.0,True,0,nonempty_primary_group,26,0.7393877909621892,38,0.0,True,True,True
400,yR7,0.2897855865164307,9.0,True,0,nonempty_primary_group,27,0.2897855865164306,9,1.1102230246251565e-16,True,True,True
401,yR7,0.058948235844263584,13.0,True,0,nonempty_primary_group,28,0.0589482358442636,13,1.3877787807814457e-17,True,True,True
402,yR7,0.26448013946736343,13.0,True,0,nonempty_primary_group,29,0.2644801394673635,13,5.551115123125783e-17,True,True,True
403,yR7,0.54911066442507,1.0,True,0,nonempty_primary_group,30,0.5491106644250701,1,1.1102230246251565e-16,True,True,True
404,yR7,1.0972136468042275,12.0,True,0,nonempty_primary_group,31,1.0972136468042273,12,2.220446049250313e-16,True,True,True
405,yR7,1.1149229066239714,9.0,True,0,nonempty_primary_group,32,1.1149229066239714,9,0.0,True,True,True
406,yR7,0.3464352969792767,50.0,True,0,nonempty_primary_group,33,0.3464352969792766,50,1.1102230246251565e-16,True,True,True
407,yR7,0.1402906072521479,38.0,True,0,nonempty_primary_group,34,0.14029060725214784,38,5.551115123125783e-17,True,True,True
408,yR7,0.5991506977438388,77.0,False,0,nonempty_primary_group,35,0.5806212757692014,78,0.01852942197463736,False,False,False
409,yR7,0.4206608288878753,42.0,True,0,nonempty_primary_group,36,0.4206608288878753,42,0.0,True,True,True
410,yR7,0.26695625179209126,99.0,False,0,nonempty_primary_group,37,0.2669562517920914,99,1.6653345369377348e-16,True,True,True
411,yR7,0.24724245514279317,99.0,False,0,nonempty_primary_group,38,0.24724245514279328,99,1.1102230246251565e-16,True,True,True
412,yR7,1.1029779811964389,9.0,True,0,nonempty_primary_group,39,1.1029779811964386,9,2.220446049250313e-16,True,True,True
413,yR7,0.10311622783498754,29.0,True,0,nonempty_primary_group,40,0.10311622783498756,29,1.3877787807814457e-17,True,True,True
414,yR7,0.033194338049819326,62.0,True,0,nonempty_primary_group,41,0.033194338049819326,62,0.0,True,True,True
415,yR7,0.5954153879868817,13.0,True,0,nonempty_primary_group,42,0.5954153879868814,13,2.220446049250313e-16,True,True,True
416,yR7,0.5000744492359308,13.0,True,0,nonempty_primary_group,43,0.5000744492359307,13,1.1102230246251565e-16,True,True,True
417,yR7,0.49807971714502575,8.0,False,0,nonempty_primary_group,44,0.2675329091586432,9,0.23054680798638255,False,False,False
418,yR7,1.055179217410212,82.0,False,0,nonempty_primary_group,45,1.0327074280578556,83,0.022471789352356275,False,False,False
419,yR7,0.8194530438004319,13.0,True,0,nonempty_primary_group,46,0.819453043800432,13,1.1102230246251565e-16,True,True,True
420,yR7,0.18158824117029698,3.0,True,0,nonempty_primary_group,47,0.181588241170297,3,2.7755575615628914e-17,True,True,True
421,yR7,0.3309073234709032,3.0,True,0,nonempty_primary_group,48,0.3309073234709032,3,0.0,True,True,True
422,yR7,0.12037945634869392,37.0,True,0,nonempty_primary_group,49,0.12037945634869393,37,1.3877787807814457e-17,True,True,True
423,yR7,0.009496236879812539,24.0,True,0,nonempty_primary_group,50,0.009496236879812539,24,0.0,True,True,True
424,yR7,0.03686087925723231,24.0,True,0,nonempty_primary_group,51,0.03686087925723232,24,6.938893903907228e-18,True,True,True
425,yR7,0.273979823267327,27.0,True,0,nonempty_primary_group,52,0.2739798232673269,27,1.1102230246251565e-16,True,True,True
426,yR7,0.11503563526994595,31.0,True,0,nonempty_primary_group,53,0.11503563526994595,31,0.0,True,True,True
427,yR7,1.4547417718265467,22.0,True,0,nonempty_primary_group,54,1.4547417718265465,22,2.220446049250313e-16,True,True,True
428,yR7,0.3678443905190924,27.0,True,0,nonempty_primary_group,55,0.36784439051909223,27,1.6653345369377348e-16,True,True,True
429,yR7,1.0475802041645788,38.0,True,0,nonempty_primary_group,56,1.0475802041645788,38,0.0,True,True,True
430,yR7,0.45909162159444816,110.0,False,0,nonempty_primary_group,57,0.4502529080476122,111,0.008838713546835963,False,False,False
431,yR7,0.5532768036498724,37.0,True,0,nonempty_primary_group,58,0.5532768036498724,37,0.0,True,True,True
432,yR7,1.1342683177227244,35.0,False,0,nonempty_primary_group,59,1.0997437417812395,36,0.03452457594148495,False,False,False
433,yR7,1.021445396911368,62.0,False,0,nonempty_primary_group,60,1.021445396911368,62,0.0,True,True,True
434,yR7,0.952035097273095,62.0,False,0,nonempty_primary_group,61,0.9520350972730952,62,2.220446049250313e-16,True,True,True
435,yR7,0.22814069326312805,48.0,True,0,nonempty_primary_group,62,0.22814069326312802,48,2.7755575615628914e-17,True,True,True
436,yR7,1.094864980567878,22.0,True,0,nonempty_primary_group,63,1.0948649805678778,22,2.220446049250313e-16,True,True,True
437,yR7,0.37779698845557125,16.0,True,0,nonempty_primary_group,64,0.3777969884555713,16,5.551115123125783e-17,True,True,True
438,yR7,0.45339288595835464,13.0,True,0,nonempty_primary_group,65,0.4533928859583547,13,5.551115123125783e-17,True,True,True
439,yR7,0.34729945514711663,59.0,False,0,nonempty_primary_group,66,0.32470044289020117,60,0.022599012256915463,False,False,False
440,yR7,0.33274586823618374,59.0,False,0,nonempty_primary_group,67,0.3167232870596903,60,0.016022581176493467,False,False,False
441,yR7,0.9557312796168616,41.0,True,0,nonempty_primary_group,68,0.9557312796168616,41,0.0,True,True,True
442,yR7,0.26846991419580324,49.0,True,0,nonempty_primary_group,69,0.2684699141958033,49,5.551115123125783e-17,True,True,True
443,yR7,0.26070808433112175,49.0,True,0,nonempty_primary_group,70,0.2607080843311217,49,5.551115123125783e-17,True,True,True
444,yR7,0.41891050860669027,77.0,False,0,nonempty_primary_group,71,0.39584261300528845,78,0.023067895601401822,False,False,False
445,yR7,0.15064287539946447,139.0,False,0,nonempty_primary_group,72,0.14253439738996748,140,0.008108478009496989,False,False,False
446,yR7,0.3804343992771028,103.0,False,0,nonempty_primary_group,73,0.38043439927710293,103,1.1102230246251565e-16,True,True,True
447,yR7,1.2417290754902306,24.0,True,0,nonempty_primary_group,74,1.2417290754902306,24,0.0,True,True,True
448,yR7,0.23777031222615297,13.0,True,0,nonempty_primary_group,75,0.237770312226153,13,2.7755575615628914e-17,True,True,True
449,yR7,0.897936222455808,41.0,True,0,nonempty_primary_group,76,0.8979362224558078,41,1.1102230246251565e-16,True,True,True
450,yR7,0.4305566559189424,42.0,True,0,nonempty_primary_group,77,0.4305566559189425,42,1.1102230246251565e-16,True,True,True
451,yR7,0.8693196378665903,192.0,False,0,nonempty_primary_group,78,0.8599743520770229,193,0.009345285789567392,False,False,False
452,yR7,1.3425725943092108,55.0,True,0,nonempty_primary_group,79,1.3425725943092106,55,2.220446049250313e-16,True,True,True
453,yR7,1.3244692065043302,55.0,True,0,nonempty_primary_group,80,1.3244692065043298,55,4.440892098500626e-16,True,True,True
454,yR7,1.1447276883861262,46.0,False,0,nonempty_primary_group,81,1.1166608115808776,47,0.028066876805248553,False,False,False
455,yR7,-0.6524089443337803,1.0,True,0,nonempty_primary_group,82,-0.6524089443337802,1,1.1102230246251565e-16,True,True,True
456,yR7,1.145118587982706,3.0,True,0,nonempty_primary_group,83,1.145118587982706,3,0.0,True,True,True
457,yR7,1.5901897292349028,28.0,True,0,nonempty_primary_group,84,1.5901897292349028,28,0.0,True,True,True
458,yR7,1.7732538461449507,25.0,True,0,nonempty_primary_group,85,1.7732538461449507,25,0.0,True,True,True
459,yR7,0.11119780451886131,3.0,True,0,nonempty_primary_group,86,0.1111978045188613,3,1.3877787807814457e-17,True,True,True
460,yR7,0.11663374226880603,3.0,True,0,nonempty_primary_group,87,0.11663374226880602,3,1.3877787807814457e-17,True,True,True
461,yR7,0.8003288455891923,38.0,True,0,nonempty_primary_group,88,0.8003288455891924,38,1.1102230246251565e-16,True,True,True
462,yR7,0.3895168220243675,9.0,True,0,nonempty_primary_group,89,0.38951682202436744,9,5.551115123125783e-17,True,True,True
463,yR7,1.096382899441286,54.0,False,0,nonempty_primary_group,90,1.0562019365042283,55,0.04018096293705775,False,False,False
464,yR7,0.503854696820409,12.0,True,0,nonempty_primary_group,91,0.5038546968204091,12,1.1102230246251565e-16,True,True,True
465,yR7,-0.2040148558662335,13.0,True,0,nonempty_primary_group,92,-0.2040148558662335,13,0.0,True,True,True
466,yR7,0.21362784622194836,25.0,True,0,nonempty_primary_group,93,0.21362784622194844,25,8.326672684688674e-17,True,True,True
467,yR7,0.11313560803666509,84.0,False,0,nonempty_primary_group,94,0.10666624510353309,85,0.006469362933131995,False,False,False
468,yR7,0.03328925162882144,22.0,True,0,nonempty_primary_group,95,0.03328925162882143,22,6.938893903907228e-18,True,True,True
469,yR7,0.16252118680683458,48.0,True,0,nonempty_primary_group,96,0.16252118680683464,48,5.551115123125783e-17,True,True,True
470,yR7,1.2724604249148026,52.0,False,0,nonempty_primary_group,97,1.2724604249148028,52,2.220446049250313e-16,True,True,True
471,yR7,0.2306625472485468,13.0,True,0,nonempty_primary_group,98,0.2306625472485468,13,0.0,True,True,True
472,yR7,0.2979327974013458,28.0,False,0,nonempty_primary_group,99,0.2979327974013458,28,0.0,True,True,True
473,yR7,0.9930130886709908,23.0,True,0,nonempty_primary_group,100,0.9930130886709907,23,1.1102230246251565e-16,True,True,True
474,yR7,0.13064960441412674,37.0,True,0,nonempty_primary_group,101,0.1306496044141267,37,2.7755575615628914e-17,True,True,True
475,yR7,0.20242554952095443,9.0,True,0,nonempty_primary_group,102,0.20242554952095443,9,0.0,True,True,True
476,yR7,0.10227393152885325,9.0,True,0,nonempty_primary_group,103,0.10227393152885322,9,2.7755575615628914e-17,True,True,True
477,yR7,-0.03746247321225451,13.0,True,0,nonempty_primary_group,104,-0.037462473212254516,13,6.938893903907228e-18,True,True,True
478,yR7,0.10011352260389275,12.0,True,0,nonempty_primary_group,105,0.10011352260389277,12,1.3877787807814457e-17,True,True,True
479,yR7,0.057936996489590574,12.0,True,0,nonempty_primary_group,106,0.057936996489590574,12,0.0,True,True,True
480,yR7,0.21450881562548338,13.0,True,0,nonempty_primary_group,107,0.21450881562548335,13,2.7755575615628914e-17,True,True,True
481,yR7,0.4556540036797296,12.0,True,0,nonempty_primary_group,108,0.4556540036797296,12,0.0,True,True,True
482,yR7,0.6788390758084157,13.0,True,0,nonempty_primary_group,109,0.6788390758084157,13,0.0,True,True,True
483,yR7,0.7829231193176076,23.0,True,0,nonempty_primary_group,110,0.7829231193176076,23,0.0,True,True,True
484,yR7,1.1509149805507473,23.0,True,0,nonempty_primary_group,111,1.1509149805507473,23,0.0,True,True,True
485,yR7,0.27075541342262704,13.0,True,0,nonempty_primary_group,112,0.2707554134226271,13,5.551115123125783e-17,True,True,True
486,yR7,0.08494121871780073,72.0,False,0,nonempty_primary_group,113,0.06634585812328583,73,0.0185953605945149,False,False,False
487,yR7,0.21291399037273395,85.0,False,0,nonempty_primary_group,114,0.201614638659076,86,0.011299351713657951,False,False,False
488,yR7,0.14678278106400372,38.0,True,0,nonempty_primary_group,115,0.14678278106400375,38,2.7755575615628914e-17,True,True,True
489,yR7,0.2021593508332487,84.0,False,0,nonempty_primary_group,116,0.18266413392469005,85,0.019495216908558655,False,False,False
490,yR7,0.2510574767395103,85.0,False,0,nonempty_primary_group,117,0.2289153520772597,86,0.0221421246622506,False,False,False
491,yR7,0.14351061055075184,13.0,True,0,nonempty_primary_group,118,0.14351061055075187,13,2.7755575615628914e-17,True,True,True
492,yR7,1.2455932090375268,1.0,True,0,nonempty_primary_group,119,1.2455932090375272,1,4.440892098500626e-16,True,True,True
493,yR7,0.060056261088770393,1.0,True,0,nonempty_primary_group,120,0.06005626108877005,1,3.469446951953614e-16,True,True,True
494,yR7,1.4260340850816484,23.0,True,0,nonempty_primary_group,121,1.4260340850816484,23,0.0,True,True,True
495,yR7,1.37121045772054,23.0,True,0,nonempty_primary_group,122,1.3712104577205397,23,2.220446049250313e-16,True,True,True
496,yR7,1.5181940830641236,68.0,False,0,nonempty_primary_group,123,1.5315886741296916,69,0.013394591065567951,False,False,False
497,yR7,1.4092445172656893,68.0,False,0,nonempty_primary_group,124,1.4074481174608042,69,0.001796399804885107,False,False,False
498,yR7,0.9791229206869178,23.0,True,0,nonempty_primary_group,125,0.9791229206869178,23,0.0,True,True,True
499,yR7,0.4811214260361731,1.0,True,0,nonempty_primary_group,126,0.4811214260361729,1,1.6653345369377348e-16,True,True,True
500,yR7,1.2492697123157435,54.0,False,0,nonempty_primary_group,127,1.2252423661738978,55,0.02402734614184565,False,False,False
501,yR7,0.2670799654201675,31.0,True,0,nonempty_primary_group,128,0.2670799654201674,31,1.1102230246251565e-16,True,True,True
502,yR7,0.1262051914108218,23.0,True,0,nonempty_primary_group,129,0.1262051914108218,23,0.0,True,True,True
503,yR7,0.23342233193085682,3.0,True,0,nonempty_primary_group,130,0.2334223319308568,3,2.7755575615628914e-17,True,True,True
504,yR7,0.14845369111584145,26.0,True,0,nonempty_primary_group,131,0.14845369111584145,26,0.0,True,True,True
505,yR7,1.1872861461579376,1.0,True,0,nonempty_primary_group,132,1.1872861461579374,1,2.220446049250313e-16,True,True,True
506,yR7,0.5020496711093302,69.0,True,0,nonempty_primary_group,133,0.5020496711093302,69,0.0,True,True,True
507,yR7,0.4286774132534104,69.0,True,0,nonempty_primary_group,134,0.4286774132534103,69,1.1102230246251565e-16,True,True,True
508,yR7,0.27087089485346494,10.0,True,0,nonempty_primary_group,135,0.270870894853465,10,5.551115123125783e-17,True,True,True
509,yR7,0.2010462340377716,28.0,True,0,nonempty_primary_group,136,0.20104623403777164,28,2.7755575615628914e-17,True,True,True
510,yR7,1.2577863565295975,26.0,True,0,nonempty_primary_group,137,1.2577863565295972,26,2.220446049250313e-16,True,True,True
511,yR7,0.39571165511657336,8.0,False,0,nonempty_primary_group,138,0.4158525353750868,9,0.02014088025851346,False,False,False
512,yR7,0.090764174795416,8.0,False,0,nonempty_primary_group,139,-0.13376505082456888,9,0.2245292256199849,False,False,False
513,yR7,0.1909856213793722,13.0,True,0,nonempty_primary_group,140,0.19098562137937222,13,2.7755575615628914e-17,True,True,True
514,yR7,0.9520056332540211,15.0,True,0,nonempty_primary_group,143,0.9520056332540212,15,1.1102230246251565e-16,True,True,True
515,yR7,1.3340577051567084,60.0,True,0,nonempty_primary_group,144,1.3340577051567093,60,8.881784197001252e-16,True,True,True
516,yR7,0.2787796155893381,38.0,True,0,nonempty_primary_group,145,0.2787796155893381,38,0.0,True,True,True
517,yR7,0.1848971927155034,38.0,True,0,nonempty_primary_group,146,0.18489719271550337,38,2.7755575615628914e-17,True,True,True
518,yR7,0.367884769409015,50.0,True,0,nonempty_primary_group,147,0.3678847694090151,50,1.1102230246251565e-16,True,True,True
519,yR7,1.2649057721745982,39.0,False,0,nonempty_primary_group,148,1.2649057721745984,39,2.220446049250313e-16,True,True,True
520,yR7,1.1974560256084907,39.0,False,0,nonempty_primary_group,149,1.197456025608491,39,2.220446049250313e-16,True,True,True
521,yR7,0.9130969232599726,15.0,True,0,nonempty_primary_group,150,0.9130969232599727,15,1.1102230246251565e-16,True,True,True
522,yR7,1.330020788550684,60.0,True,0,nonempty_primary_group,151,1.3300207885506843,60,2.220446049250313e-16,True,True,True
523,yR7,0.8403935393440475,14.0,True,0,nonempty_primary_group,152,0.8403935393440475,14,0.0,True,True,True
524,yR7,1.0453916865733146,9.0,True,0,nonempty_primary_group,153,1.0453916865733146,9,0.0,True,True,True
525,yR7,0.21037897638654185,72.0,False,0,nonempty_primary_group,154,0.18250558089056382,73,0.02787339549597803,False,False,False
526,yR7,0.8638201614532836,1.0,True,0,nonempty_primary_group,155,0.8638201614532836,1,0.0,True,True,True
527,yR7,1.082642484290847,26.0,True,0,nonempty_primary_group,156,1.0826424842908473,26,2.220446049250313e-16,True,True,True
528,yR7,0.3752062871162715,13.0,True,0,nonempty_primary_group,157,0.37520628711627163,13,1.1102230246251565e-16,True,True,True
529,yR7,0.062340977019653736,22.0,True,0,nonempty_primary_group,158,0.06234097701965375,22,1.3877787807814457e-17,True,True,True
530,yR7,0.8478155263523491,13.0,True,0,nonempty_primary_group,159,0.8478155263523492,13,1.1102230246251565e-16,True,True,True
531,yR7,0.41095097132968395,3.0,True,0,nonempty_primary_group,160,0.4109509713296839,3,5.551115123125783e-17,True,True,True
532,yR7,0.7421123558499682,21.0,True,0,nonempty_primary_group,161,0.7421123558499684,21,2.220446049250313e-16,True,True,True
533,yR7,0.3169676511158018,37.0,True,0,nonempty_primary_group,162,0.3169676511158017,37,5.551115123125783e-17,True,True,True
534,yR7,1.3381348712342493,140.0,False,0,nonempty_primary_group,163,1.331852476386046,141,0.006282394848203365,False,False,False
535,yR7,0.809083231714814,81.0,False,0,nonempty_primary_group,164,0.8088703498403134,82,0.00021288187450063667,False,False,False
536,yR7,1.3777808064931598,39.0,False,0,nonempty_primary_group,165,1.3777808064931607,39,8.881784197001252e-16,True,True,True
537,yR7,1.3964918397751336,39.0,False,0,nonempty_primary_group,166,1.3964918397751336,39,0.0,True,True,True
538,yR7,0.1772826326771521,3.0,True,0,nonempty_primary_group,167,0.17728263267715214,3,2.7755575615628914e-17,True,True,True
539,yR7,1.485176358030173,88.0,True,0,nonempty_primary_group,168,1.4851763580301733,88,4.440892098500626e-16,True,True,True
540,yR7,1.2971399423598502,140.0,False,0,nonempty_primary_group,169,1.2968753220948104,141,0.0002646202650398166,False,False,False
541,yR7,0.921268511414875,37.0,True,0,nonempty_primary_group,170,0.921268511414875,37,0.0,True,True,True
542,yR7,1.2738578075468567,23.0,False,0,nonempty_primary_group,171,1.2639327506270006,24,0.009925056919856123,False,False,False
543,yR7,0.7081297413282496,81.0,False,0,nonempty_primary_group,172,0.6960500891644893,82,0.01207965216376028,False,False,False
544,yR7,0.5046621732269249,134.0,False,0,nonempty_primary_group,173,0.5046621732269249,134,0.0,True,True,True
545,yR7,1.2987675848107667,88.0,True,0,nonempty_primary_group,174,1.298767584810767,88,2.220446049250313e-16,True,True,True
546,yR7,0.4701163517054749,30.0,True,0,nonempty_primary_group,175,0.4701163517054748,30,1.1102230246251565e-16,True,True,True
547,yR7,1.2433979902943713,45.0,False,0,nonempty_primary_group,176,1.2244290845246972,46,0.018968905769674027,False,False,False
548,yR7,1.345553691574987,45.0,False,0,nonempty_primary_group,177,1.3305969366045074,46,0.014956754970479658,False,False,False
549,yR7,0.789598119692068,3.0,True,0,nonempty_primary_group,178,0.789598119692068,3,0.0,True,True,True
550,yR7,1.6007875792720387,12.0,True,0,nonempty_primary_group,179,1.6007875792720387,12,0.0,True,True,True
551,yR7,1.330873958126661,41.0,False,0,nonempty_primary_group,180,1.3308739581266606,41,4.440892098500626e-16,True,True,True
552,yR7,0.5861107328695666,30.0,True,0,nonempty_primary_group,181,0.5861107328695668,30,2.220446049250313e-16,True,True,True
553,yR7,1.4260888562045058,23.0,True,0,nonempty_primary_group,182,1.4260888562045058,23,0.0,True,True,True
554,yR7,1.5990939049140018,1.0,True,0,nonempty_primary_group,183,1.599093904914002,1,2.220446049250313e-16,True,True,True
555,yR7,1.9608816144201404,34.0,True,0,nonempty_primary_group,184,1.9608816144201404,34,0.0,True,True,True
556,yR7,0.7005431865394198,134.0,False,0,nonempty_primary_group,185,0.7005431865394202,134,3.3306690738754696e-16,True,True,True
557,yR7,1.9370198895303317,34.0,True,0,nonempty_primary_group,186,1.9370198895303314,34,2.220446049250313e-16,True,True,True
558,yR7,0.6685174020740645,38.0,True,0,nonempty_primary_group,187,0.6685174020740646,38,1.1102230246251565e-16,True,True,True
559,yR7,1.4701404528506725,4.0,True,0,nonempty_primary_group,188,1.4701404528506723,4,2.220446049250313e-16,True,True,True
560,yR7,1.3763542537087787,18.0,True,0,nonempty_primary_group,189,1.3763542537087785,18,2.220446049250313e-16,True,True,True
561,yR7,0.7442457908069292,12.0,True,0,nonempty_primary_group,190,0.7442457908069292,12,0.0,True,True,True
562,yR7,0.9971602375252756,15.0,True,0,nonempty_primary_group,191,0.9971602375252755,15,1.1102230246251565e-16,True,True,True
563,yR7,0.7975375486650966,12.0,True,0,nonempty_primary_group,192,0.7975375486650966,12,0.0,True,True,True
564,yR7,1.2279530784562225,23.0,False,0,nonempty_primary_group,193,1.1432227211102732,24,0.08473035734594925,False,False,False
565,yR7,1.269560547498534,3.0,True,0,nonempty_primary_group,194,1.2695605474985339,3,2.220446049250313e-16,True,True,True
566,yR7,1.15479904249173,13.0,True,0,nonempty_primary_group,195,1.1547990424917303,13,2.220446049250313e-16,True,True,True
567,yR7,1.3094009446800985,9.0,True,0,nonempty_primary_group,196,1.3094009446800987,9,2.220446049250313e-16,True,True,True
568,yR7,0.4783191897661873,35.0,True,0,nonempty_primary_group,197,0.4783191897661873,35,0.0,True,True,True
569,yR7,1.311422084782589,12.0,True,0,nonempty_primary_group,198,1.3114220847825895,12,4.440892098500626e-16,True,True,True
570,yR7,1.4666314356985406,37.0,True,0,nonempty_primary_group,199,1.4666314356985406,37,0.0,True,True,True
571,yR7,0.9787281251244161,15.0,True,0,nonempty_primary_group,200,0.9787281251244162,15,1.1102230246251565e-16,True,True,True
572,yR7,1.3435082039860917,26.0,True,0,nonempty_primary_group,201,1.3435082039860913,26,4.440892098500626e-16,True,True,True
573,yR7,1.353346145068557,88.0,False,0,nonempty_primary_group,202,1.353346145068558,88,8.881784197001252e-16,True,True,True
574,yR7,1.3768685619711643,26.0,True,0,nonempty_primary_group,203,1.3768685619711643,26,0.0,True,True,True
575,yR7,1.3436153066055332,11.0,True,0,nonempty_primary_group,204,1.3436153066055327,11,4.440892098500626e-16,True,True,True
576,yR7,0.6152181169148373,35.0,True,0,nonempty_primary_group,205,0.6152181169148371,35,2.220446049250313e-16,True,True,True
577,yR7,1.346728069168805,18.0,True,0,nonempty_primary_group,206,1.346728069168805,18,0.0,True,True,True
578,yR7,1.5076239490445147,41.0,True,0,nonempty_primary_group,207,1.507623949044515,41,2.220446049250313e-16,True,True,True
579,yR7,0.9775002943149074,38.0,True,0,nonempty_primary_group,208,0.9775002943149076,38,2.220446049250313e-16,True,True,True
580,yR7,1.0970595271721884,4.0,True,0,nonempty_primary_group,209,1.0970595271721886,4,2.220446049250313e-16,True,True,True
581,yR7,1.328027870108914,37.0,True,0,nonempty_primary_group,210,1.3280278701089139,37,2.220446049250313e-16,True,True,True
582,yR7,1.406716985982105,25.0,True,0,nonempty_primary_group,211,1.4067169859821052,25,2.220446049250313e-16,True,True,True
583,yR7,1.2947605564970253,88.0,False,0,nonempty_primary_group,212,1.2947605564970248,88,4.440892098500626e-16,True,True,True
584,yR7,1.2125473046111375,41.0,False,0,nonempty_primary_group,213,1.2125473046111377,41,2.220446049250313e-16,True,True,True
585,yR7,1.348062522846848,41.0,False,0,nonempty_primary_group,214,1.348062522846848,41,0.0,True,True,True
586,yR7,2.064220910342575,1.0,True,0,nonempty_primary_group,215,2.064220910342575,1,0.0,True,True,True
587,yR7,1.9982246659038796,1.0,True,0,nonempty_primary_group,216,1.9982246659038798,1,2.220446049250313e-16,True,True,True
588,yR7,1.77611979139624,15.0,True,0,nonempty_primary_group,217,1.7761197913962399,15,2.220446049250313e-16,True,True,True
589,yR7,1.1174768619212272,1.0,True,0,nonempty_primary_group,218,1.1174768619212272,1,0.0,True,True,True
590,yR7,1.6715235917498226,22.0,True,0,nonempty_primary_group,219,1.6715235917498226,22,0.0,True,True,True
591,yR7,1.337445531990593,73.0,False,0,nonempty_primary_group,220,1.3259619125502795,74,0.011483619440313397,False,False,False
592,yR7,1.4169097661739856,10.0,True,0,nonempty_primary_group,221,1.4169097661739856,10,0.0,True,True,True
593,yR7,1.2433461753508959,28.0,True,0,nonempty_primary_group,222,1.2433461753508954,28,4.440892098500626e-16,True,True,True
594,yR7,1.437509737161022,66.0,True,0,nonempty_primary_group,223,1.4375097371610226,66,6.661338147750939e-16,True,True,True
595,yR7,1.294246854739695,34.0,False,0,nonempty_primary_group,224,1.2846980048310475,35,0.009548849908647572,False,False,False
596,yR7,1.933113883482734,1.0,True,0,nonempty_primary_group,225,1.9331138834827335,1,4.440892098500626e-16,True,True,True
597,yR7,1.3997504900897586,38.0,True,0,nonempty_primary_group,226,1.3997504900897586,38,0.0,True,True,True
598,yR7,1.2670667824026556,34.0,False,0,nonempty_primary_group,227,1.2448054976003158,35,0.022261284802339798,False,False,False
599,yR7,1.3414453846010763,66.0,False,0,nonempty_primary_group,228,1.3124075854173811,67,0.0290377991836952,False,False,False
600,yR7,1.3236637523277923,73.0,False,0,nonempty_primary_group,229,1.3195229458035194,74,0.004140806524272955,False,False,False
601,yR7,1.2897958103917613,66.0,False,0,nonempty_primary_group,230,1.2685112534200047,67,0.021284556971756574,False,False,False
602,yR7,1.4041925242124063,66.0,True,0,nonempty_primary_group,231,1.404192524212407,66,6.661338147750939e-16,True,True,True
603,yR7,1.8180916629696828,38.0,True,0,nonempty_primary_group,232,1.818091662969683,38,2.220446049250313e-16,True,True,True
604,yR7,1.2767602000364673,41.0,True,0,nonempty_primary_group,233,1.2767602000364677,41,4.440892098500626e-16,True,True,True
605,yR7,1.2578709388123546,11.0,True,0,nonempty_primary_group,234,1.2578709388123546,11,0.0,True,True,True
606,yR7,1.3755539596305286,131.0,False,0,nonempty_primary_group,235,1.3621050073874448,132,0.013448952243083845,False,False,False
607,yR7,1.4603630149216535,1.0,True,0,nonempty_primary_group,236,1.460363014921654,1,4.440892098500626e-16,True,True,True
608,yR7,2.121394145123977,12.0,True,0,nonempty_primary_group,237,2.1213941451239777,12,8.881784197001252e-16,True,True,True
609,yR7,2.079638508586439,3.0,True,0,nonempty_primary_group,238,2.0796385085864393,3,4.440892098500626e-16,True,True,True
610,yR7,2.0736229696778232,13.0,True,0,nonempty_primary_group,239,2.073622969677823,13,4.440892098500626e-16,True,True,True
611,yR7,1.317901982860968,41.0,False,0,nonempty_primary_group,240,1.3179019828609682,41,2.220446049250313e-16,True,True,True
612,yR7,1.394477241623067,131.0,False,0,nonempty_primary_group,241,1.3890804380615493,132,0.005396803561517727,False,False,False
613,yR7,2.2212373843276727,28.0,True,0,nonempty_primary_group,242,2.2212373843276727,28,0.0,True,True,True
614,pR8,0.9594043859391499,29.0,True,0,nonempty_primary_group,0,0.9594043859391499,29,0.0,True,True,True
615,pR8,1.1494814513064935,19.0,False,0,nonempty_primary_group,1,1.2202014966862411,20,0.07072004537974763,False,False,False
616,pR8,1.35584151612002,12.0,True,0,nonempty_primary_group,2,1.3558415161200201,12,2.220446049250313e-16,True,True,True
617,pR8,1.2225999617590604,13.0,False,0,nonempty_primary_group,3,1.1832115382140336,11,0.03938842354502681,False,False,False
618,pR8,1.3469469815789998,14.0,False,0,nonempty_primary_group,4,1.3087085944859551,15,0.03823838709304472,False,False,False
619,pR8,1.5035784990445022,16.0,True,0,nonempty_primary_group,5,1.5035784990445022,16,0.0,True,True,True
620,pR8,0.8475166884626545,30.0,False,0,nonempty_primary_group,6,1.0280397478767382,28,0.18052305941408375,False,False,False
621,pR8,1.3209331016499566,23.0,True,0,nonempty_primary_group,7,1.3209331016499568,23,2.220446049250313e-16,True,True,True
622,pR8,1.2707369716953099,35.0,False,0,nonempty_primary_group,8,1.2619931419074377,36,0.008743829787872137,False,False,False
623,pR8,0.9838459348081934,6.0,True,0,nonempty_primary_group,9,0.9838459348081933,6,1.1102230246251565e-16,True,True,True
624,pR8,1.2343754723463012,36.0,True,0,nonempty_primary_group,10,1.2343754723463012,36,0.0,True,True,True
625,pR8,0.34221632244160916,13.0,False,0,nonempty_primary_group,11,0.5249664276672162,11,0.18275010522560708,False,False,False
626,pR8,1.189639332338069,17.0,True,0,nonempty_primary_group,12,1.1896393323380692,17,2.220446049250313e-16,True,True,True
627,pR8,1.0218260543460873,25.0,False,0,nonempty_primary_group,13,1.06456652249539,23,0.04274046814930266,False,False,False
628,pR8,0.9193648746911371,12.0,True,0,nonempty_primary_group,14,0.9193648746911371,12,0.0,True,True,True
629,pR8,0.7425749029884827,23.0,True,0,nonempty_primary_group,15,0.7425749029884829,23,2.220446049250313e-16,True,True,True
630,pR8,1.3367258290524249,7.0,True,0,nonempty_primary_group,16,1.336725829052425,7,2.220446049250313e-16,True,True,True
631,pR8,0.8977882829565237,6.0,True,0,nonempty_primary_group,17,0.8977882829565237,6,0.0,True,True,True
632,pR8,1.3108520173082643,12.0,True,0,nonempty_primary_group,18,1.310852017308264,12,2.220446049250313e-16,True,True,True
633,pR8,1.049801515930803,33.0,True,0,nonempty_primary_group,19,1.0498015159308027,33,2.220446049250313e-16,True,True,True
634,pR8,1.3446721907731163,6.0,True,0,nonempty_primary_group,20,1.3446721907731165,6,2.220446049250313e-16,True,True,True
635,pR8,1.2894694944372251,26.0,False,0,nonempty_primary_group,21,1.264487485372098,27,0.024982009065127153,False,False,False
636,pR8,1.1210987727681017,1.0,True,0,nonempty_primary_group,22,1.1210987727681014,1,2.220446049250313e-16,True,True,True
637,pR8,0.9982449151333773,19.0,True,0,nonempty_primary_group,23,0.9982449151333771,19,2.220446049250313e-16,True,True,True
638,pR8,1.2307316519574922,81.0,True,0,nonempty_primary_group,24,1.230731651957492,81,2.220446049250313e-16,True,True,True
639,pR8,1.4937989162986895,6.0,True,0,nonempty_primary_group,25,1.4937989162986895,6,0.0,True,True,True
640,pR8,1.325391824259987,6.0,True,0,nonempty_primary_group,26,1.3253918242599874,6,4.440892098500626e-16,True,True,True
641,pR8,1.6600714224430193,22.0,True,0,nonempty_primary_group,27,1.660071422443019,22,2.220446049250313e-16,True,True,True
642,pR8,1.248204334612906,55.0,True,0,nonempty_primary_group,28,1.248204334612906,55,0.0,True,True,True
643,pR8,1.4115824955321756,7.0,True,0,nonempty_primary_group,29,1.4115824955321752,7,4.440892098500626e-16,True,True,True
644,pR8,0.7103832074925936,6.0,True,0,nonempty_primary_group,31,0.7103832074925936,6,0.0,True,True,True
645,pR8,1.0100012813753367,6.0,True,0,nonempty_primary_group,32,1.0100012813753365,6,2.220446049250313e-16,True,True,True
646,pR8,1.1685689051730055,17.0,True,0,nonempty_primary_group,33,1.1685689051730055,17,0.0,True,True,True
647,pR8,1.2409976744086766,23.0,False,0,nonempty_primary_group,34,1.197735932361494,24,0.04326174204718258,False,False,False
648,pR8,1.327351409056419,6.0,True,0,nonempty_primary_group,35,1.327351409056419,6,0.0,True,True,True
649,pR8,0.41641957505961985,34.0,True,0,nonempty_primary_group,36,0.4164195750596198,34,5.551115123125783e-17,True,True,True
650,pR8,1.1065499909341885,29.0,True,0,nonempty_primary_group,37,1.1065499909341887,29,2.220446049250313e-16,True,True,True
651,pR8,1.1841271282260557,31.0,True,0,nonempty_primary_group,38,1.1841271282260555,31,2.220446049250313e-16,True,True,True
652,pR8,1.2595373372042817,13.0,True,0,nonempty_primary_group,39,1.2595373372042817,13,0.0,True,True,True
653,pR8,0.8198256483845882,13.0,True,0,nonempty_primary_group,40,0.8198256483845879,13,2.220446049250313e-16,True,True,True
654,pR8,1.5230485425552287,9.0,True,0,nonempty_primary_group,41,1.5230485425552287,9,0.0,True,True,True
655,pR8,0.9990242110168059,29.0,True,0,nonempty_primary_group,42,0.9990242110168062,29,2.220446049250313e-16,True,True,True
656,pR8,0.5286527841828245,16.0,True,0,nonempty_primary_group,43,0.5286527841828245,16,0.0,True,True,True
657,pR8,1.43132011733799,9.0,True,0,nonempty_primary_group,44,1.4313201173379904,9,4.440892098500626e-16,True,True,True
658,pR8,1.2646630063924786,6.0,True,0,nonempty_primary_group,45,1.2646630063924789,6,2.220446049250313e-16,True,True,True
659,pR8,1.1750666210192617,32.0,True,0,nonempty_primary_group,46,1.175066621019262,32,2.220446049250313e-16,True,True,True
660,pR8,1.484730522891186,1.0,True,0,nonempty_primary_group,47,1.4847305228911862,1,2.220446049250313e-16,True,True,True
661,pR8,1.1675896755241708,13.0,True,0,nonempty_primary_group,48,1.1675896755241708,13,0.0,True,True,True
662,pR8,1.087946977716429,16.0,True,0,nonempty_primary_group,49,1.0879469777164288,16,2.220446049250313e-16,True,True,True
663,pR8,0.7474623506270535,6.0,True,0,nonempty_primary_group,50,0.7474623506270536,6,1.1102230246251565e-16,True,True,True
664,pR8,0.8522379448886603,42.0,False,0,nonempty_primary_group,51,0.8603152982477695,43,0.008077353359109196,False,False,False
665,pR8,0.7929894919564479,103.0,False,0,nonempty_primary_group,52,0.8014010296624671,101,0.008411537706019212,False,False,False
666,pR8,0.020768800258526794,16.0,True,0,nonempty_primary_group,53,0.020768800258526798,16,3.469446951953614e-18,True,True,True
667,pR8,0.03099507747288101,19.0,False,0,nonempty_primary_group,54,0.06589637544376661,20,0.034901297970885606,False,False,False
668,pR8,-0.2263205666477326,29.0,True,0,nonempty_primary_group,55,-0.22632056664773256,29,2.7755575615628914e-17,True,True,True
669,pR8,0.2583375292884366,12.0,True,0,nonempty_primary_group,56,0.2583375292884366,12,0.0,True,True,True
670,pR8,1.134923459701153,6.0,True,0,nonempty_primary_group,57,1.1349234597011533,6,2.220446049250313e-16,True,True,True
671,pR8,0.9890404800727853,30.0,False,0,nonempty_primary_group,58,1.1125542814575655,28,0.12351380138478019,False,False,False
672,pR8,1.2786826035001464,17.0,True,0,nonempty_primary_group,59,1.2786826035001464,17,0.0,True,True,True
673,pR8,0.7359933917860365,13.0,False,0,nonempty_primary_group,60,1.0100910601513375,11,0.27409766836530103,False,False,False
674,pR8,1.231559844220321,7.0,True,0,nonempty_primary_group,61,1.231559844220321,7,0.0,True,True,True
675,pR8,1.344140144505468,7.0,True,0,nonempty_primary_group,62,1.3441401445054677,7,2.220446049250313e-16,True,True,True
676,pR8,1.3558203993277158,28.0,True,0,nonempty_primary_group,63,1.355820399327716,28,2.220446049250313e-16,True,True,True
677,pR8,1.2876544142617075,28.0,True,0,nonempty_primary_group,64,1.2876544142617072,28,2.220446049250313e-16,True,True,True
678,pR8,0.9569914525966059,29.0,True,0,nonempty_primary_group,65,0.956991452596606,29,1.1102230246251565e-16,True,True,True
679,pR8,1.1168414638798316,19.0,False,0,nonempty_primary_group,66,1.0645827614192112,20,0.052258702460620476,False,False,False
680,pR8,0.9901864994295632,25.0,False,0,nonempty_primary_group,67,1.0997698097505941,23,0.10958331032103097,False,False,False
681,pR8,1.510412623676128,6.0,True,0,nonempty_primary_group,68,1.5104126236761282,6,2.220446049250313e-16,True,True,True
682,pR8,1.1005131173697056,6.0,True,0,nonempty_primary_group,69,1.1005131173697056,6,0.0,True,True,True
683,pR8,1.3470851233089738,14.0,False,0,nonempty_primary_group,70,1.3774283297149847,15,0.03034320640601096,False,False,False
684,pR8,1.1132813351824218,29.0,True,0,nonempty_primary_group,71,1.1132813351824218,29,0.0,True,True,True
685,pR8,0.8057956947244032,76.0,True,0,nonempty_primary_group,72,0.8057956947244035,76,3.3306690738754696e-16,True,True,True
686,pR8,0.6804925222516948,13.0,False,0,nonempty_primary_group,73,0.8975547168624153,11,0.21706219461072052,False,False,False
687,pR8,1.1274897145530065,30.0,False,0,nonempty_primary_group,74,1.2730124965535048,28,0.14552278200049829,False,False,False
688,pR8,1.347440788435948,17.0,True,0,nonempty_primary_group,75,1.347440788435948,17,0.0,True,True,True
689,pR8,1.3711088251018284,16.0,True,0,nonempty_primary_group,76,1.3711088251018286,16,2.220446049250313e-16,True,True,True
690,pR8,1.0399258407786542,30.0,False,0,nonempty_primary_group,78,1.065366576058626,28,0.025440735279971705,False,False,False
691,pR8,1.2828453122197878,23.0,True,0,nonempty_primary_group,79,1.282845312219788,23,2.220446049250313e-16,True,True,True
692,pR8,1.3482526545066589,35.0,False,0,nonempty_primary_group,80,1.249399107337984,36,0.0988535471686749,False,False,False
693,pR8,1.2646622241193344,107.0,True,0,nonempty_primary_group,81,1.2646622241193348,107,4.440892098500626e-16,True,True,True
694,pR8,1.452614312572804,6.0,True,0,nonempty_primary_group,82,1.452614312572804,6,0.0,True,True,True
695,pR8,1.174231477952683,41.0,True,0,nonempty_primary_group,83,1.1742314779526832,41,2.220446049250313e-16,True,True,True
696,pR8,1.0395692135721792,77.0,True,0,nonempty_primary_group,84,1.0395692135721792,77,0.0,True,True,True
697,pR8,1.2025468046052994,7.0,True,0,nonempty_primary_group,85,1.2025468046052994,7,0.0,True,True,True
698,pR8,1.1862464685191223,30.0,False,0,nonempty_primary_group,86,1.2011251673669037,28,0.014878698847781369,False,False,False
699,pR8,1.169999537196524,30.0,False,0,nonempty_primary_group,87,1.240417688514329,28,0.07041815131780504,False,False,False
700,pR8,1.3643122565065824,7.0,True,0,nonempty_primary_group,88,1.3643122565065826,7,2.220446049250313e-16,True,True,True
701,pR8,1.2735916642765055,7.0,True,0,nonempty_primary_group,89,1.2735916642765057,7,2.220446049250313e-16,True,True,True
702,pR8,0.09210882360340876,7.0,True,0,nonempty_primary_group,90,0.09210882360340879,7,2.7755575615628914e-17,True,True,True
703,pR8,-0.12461999318034221,6.0,True,0,nonempty_primary_group,91,-0.12461999318034217,6,4.163336342344337e-17,True,True,True
704,pR8,1.066640131028792,68.0,True,0,nonempty_primary_group,92,1.066640131028792,68,0.0,True,True,True
705,pR8,1.1365993978119748,25.0,False,0,nonempty_primary_group,93,1.29473228312638,23,0.15813288531440506,False,False,False
706,pR8,1.0030306851450341,25.0,False,0,nonempty_primary_group,94,1.1275869102868763,23,0.12455622514184217,False,False,False
707,pR8,1.2485311762998117,36.0,True,0,nonempty_primary_group,95,1.2485311762998115,36,2.220446049250313e-16,True,True,True
708,pR8,1.0416490379385828,29.0,True,0,nonempty_primary_group,96,1.041649037938583,29,2.220446049250313e-16,True,True,True
709,pR8,1.3508831046259282,23.0,False,0,nonempty_primary_group,97,1.3393565013575757,24,0.011526603268352531,False,False,False
710,pR8,1.3746642282284909,23.0,False,0,nonempty_primary_group,98,1.384616853334232,24,0.00995262510574113,False,False,False
711,pR8,1.3489569657773508,12.0,True,0,nonempty_primary_group,99,1.3489569657773508,12,0.0,True,True,True
712,pR8,1.1827326307573482,20.0,True,0,nonempty_primary_group,100,1.1827326307573482,20,0.0,True,True,True
713,pR8,1.1616910104010656,20.0,True,0,nonempty_primary_group,101,1.1616910104010656,20,0.0,True,True,True
714,pR8,1.1159623332271116,6.0,True,0,nonempty_primary_group,102,1.1159623332271116,6,0.0,True,True,True
715,pR8,1.3943940271638848,6.0,True,0,nonempty_primary_group,103,1.3943940271638846,6,2.220446049250313e-16,True,True,True
716,pR8,0.3761852260645022,13.0,False,0,nonempty_primary_group,104,0.47619389012519303,11,0.10000866406069081,False,False,False
717,pR8,1.0043461057473981,42.0,False,0,nonempty_primary_group,105,1.044227391179653,40,0.039881285432254776,False,False,False
718,pR8,1.0448430874289318,42.0,False,0,nonempty_primary_group,106,1.092710089816422,40,0.04786700238749009,False,False,False
719,pR8,0.38953271456946625,19.0,False,0,nonempty_primary_group,107,0.3621778753346253,20,0.027354839234840944,False,False,False
720,pR8,0.9807205471230108,12.0,True,0,nonempty_primary_group,108,0.9807205471230108,12,0.0,True,True,True
721,pR8,0.6853549495886598,23.0,True,0,nonempty_primary_group,109,0.6853549495886597,23,1.1102230246251565e-16,True,True,True
722,pR8,1.3367270742698096,7.0,True,0,nonempty_primary_group,110,1.3367270742698096,7,0.0,True,True,True
723,pR8,0.696716473759534,6.0,True,0,nonempty_primary_group,111,0.696716473759534,6,0.0,True,True,True
724,pR8,0.2658523392743414,29.0,True,0,nonempty_primary_group,112,0.2658523392743414,29,0.0,True,True,True
725,pR8,1.2816799367990614,12.0,True,0,nonempty_primary_group,113,1.2816799367990614,12,0.0,True,True,True
726,pR8,0.9295792482092112,19.0,True,0,nonempty_primary_group,114,0.9295792482092115,19,2.220446049250313e-16,True,True,True
727,pR8,1.082478815829213,42.0,False,0,nonempty_primary_group,115,1.1483925096985839,40,0.06591369386937096,False,False,False
728,pR8,1.2923948233481108,12.0,True,0,nonempty_primary_group,116,1.2923948233481106,12,2.220446049250313e-16,True,True,True
729,pR8,0.9000536658429322,33.0,True,0,nonempty_primary_group,117,0.9000536658429322,33,0.0,True,True,True
730,pR8,0.36535861879716475,20.0,True,0,nonempty_primary_group,118,0.3653586187971648,20,5.551115123125783e-17,True,True,True
731,pR8,1.1641963970854827,6.0,True,0,nonempty_primary_group,119,1.164196397085483,6,2.220446049250313e-16,True,True,True
732,pR8,1.4755371049042032,6.0,True,0,nonempty_primary_group,120,1.4755371049042034,6,2.220446049250313e-16,True,True,True
733,pR8,1.2551072301122093,26.0,False,0,nonempty_primary_group,121,1.2270387255383397,27,0.028068504573869557,False,False,False
734,pR8,-0.17615008893579323,9.0,True,0,nonempty_primary_group,122,-0.17615008893579315,9,8.326672684688674e-17,True,True,True
735,pR8,1.2083105500472058,32.0,True,0,nonempty_primary_group,123,1.2083105500472058,32,0.0,True,True,True
736,pR8,1.0245725014126539,180.0,False,0,nonempty_primary_group,124,1.0246867504106172,179,0.00011424899796330656,False,False,False
737,pR8,0.8068122211267104,26.0,False,0,nonempty_primary_group,125,0.778481772684034,27,0.028330448442676404,False,False,False
738,pR8,0.8252616837757673,26.0,False,0,nonempty_primary_group,126,0.7970284786737325,27,0.028233205102034753,False,False,False
739,pR8,1.0003000922889476,6.0,True,0,nonempty_primary_group,127,1.0003000922889476,6,0.0,True,True,True
740,pR8,0.8486410136561461,6.0,True,0,nonempty_primary_group,128,0.8486410136561462,6,1.1102230246251565e-16,True,True,True
741,pR8,1.4808468734964662,6.0,True,0,nonempty_primary_group,129,1.4808468734964662,6,0.0,True,True,True
742,pR8,0.556231502135264,77.0,True,0,nonempty_primary_group,130,0.5562315021352636,77,3.3306690738754696e-16,True,True,True
743,pR8,0.5006091347661573,90.0,True,0,nonempty_primary_group,131,0.5006091347661572,90,1.1102230246251565e-16,True,True,True
744,pR8,0.45266355352116217,13.0,True,0,nonempty_primary_group,132,0.4526635535211623,13,1.1102230246251565e-16,True,True,True
745,pR8,1.1297013290881524,60.0,True,0,nonempty_primary_group,135,1.1297013290881524,60,0.0,True,True,True
746,pR8,0.9022393388445494,13.0,True,0,nonempty_primary_group,136,0.9022393388445494,13,0.0,True,True,True
747,pR8,0.7747819082920976,16.0,True,0,nonempty_primary_group,137,0.7747819082920977,16,1.1102230246251565e-16,True,True,True
748,pR8,0.9196159412397888,6.0,True,0,nonempty_primary_group,138,0.919615941239789,6,1.1102230246251565e-16,True,True,True
749,pR8,1.1127981427152565,12.0,True,0,nonempty_primary_group,139,1.1127981427152562,12,2.220446049250313e-16,True,True,True
750,pR8,1.1084601675316603,13.0,False,0,nonempty_primary_group,140,1.0825520067412604,11,0.025908160790399926,False,False,False
751,pR8,1.3327365196309502,35.0,False,0,nonempty_primary_group,141,1.3265950329595653,36,0.0061414866713849214,False,False,False
752,pR8,0.4518287531500919,39.0,True,0,nonempty_primary_group,142,0.45182875315009197,39,5.551115123125783e-17,True,True,True
753,pR8,1.3805531398493576,1.0,True,0,nonempty_primary_group,143,1.3805531398493573,1,2.220446049250313e-16,True,True,True
754,pR8,0.24233418000504278,13.0,False,0,nonempty_primary_group,144,0.4473099396838176,11,0.20497575967877482,False,False,False
755,pR8,1.0644578977584302,96.0,True,0,nonempty_primary_group,145,1.0644578977584305,96,2.220446049250313e-16,True,True,True
756,pR8,1.2243100653218526,35.0,True,0,nonempty_primary_group,146,1.2243100653218526,35,0.0,True,True,True
757,pR8,1.0892860921627838,9.0,True,0,nonempty_primary_group,147,1.0892860921627836,9,2.220446049250313e-16,True,True,True
758,pR8,0.7587106177618504,7.0,False,0,nonempty_primary_group,148,0.591779822935433,8,0.16693079482641748,False,False,False
759,pR8,0.0605578748485814,7.0,True,0,nonempty_primary_group,149,0.060557874848581404,7,6.938893903907228e-18,True,True,True
760,pR8,-0.003517217615819506,6.0,True,0,nonempty_primary_group,150,-0.0035172176158195095,6,3.469446951953614e-18,True,True,True
761,pR8,1.2370527525966855,6.0,True,0,nonempty_primary_group,151,1.2370527525966855,6,0.0,True,True,True
762,pR8,1.011664914496123,48.0,True,0,nonempty_primary_group,152,1.011664914496123,48,0.0,True,True,True
763,pR8,0.8050303647486546,6.0,True,0,nonempty_primary_group,153,0.8050303647486547,6,1.1102230246251565e-16,True,True,True
764,pR8,1.1303516049569884,7.0,True,0,nonempty_primary_group,154,1.1303516049569884,7,0.0,True,True,True
765,pR8,1.0718659230410015,6.0,True,0,nonempty_primary_group,155,1.071865923041002,6,4.440892098500626e-16,True,True,True
766,pR8,1.255981915897244,16.0,True,0,nonempty_primary_group,156,1.255981915897244,16,0.0,True,True,True
767,pR8,1.0303067048732832,16.0,True,0,nonempty_primary_group,157,1.030306704873283,16,2.220446049250313e-16,True,True,True
768,pR8,1.4750853696044068,23.0,False,0,nonempty_primary_group,158,1.418336994172013,24,0.05674837543239386,False,False,False
769,pR8,0.5769918935248752,20.0,True,0,nonempty_primary_group,159,0.5769918935248755,20,2.220446049250313e-16,True,True,True
770,pR8,0.5536448842484395,16.0,True,0,nonempty_primary_group,160,0.5536448842484395,16,0.0,True,True,True
771,pR8,0.6876313476504282,39.0,True,0,nonempty_primary_group,161,0.6876313476504282,39,0.0,True,True,True
772,pR8,1.2759433770620767,13.0,True,0,nonempty_primary_group,162,1.2759433770620765,13,2.220446049250313e-16,True,True,True
773,pR8,1.2983104533050807,13.0,True,0,nonempty_primary_group,163,1.2983104533050804,13,2.220446049250313e-16,True,True,True
774,pR8,1.2668595830610132,19.0,True,0,nonempty_primary_group,164,1.2668595830610132,19,0.0,True,True,True
775,pR8,1.130598208599449,17.0,True,0,nonempty_primary_group,165,1.130598208599449,17,0.0,True,True,True
776,pR8,1.1456301853387496,29.0,True,0,nonempty_primary_group,166,1.1456301853387498,29,2.220446049250313e-16,True,True,True
777,pR8,1.1833727124377216,12.0,True,0,nonempty_primary_group,167,1.1833727124377216,12,0.0,True,True,True
778,pR8,1.2780080467405166,7.0,True,0,nonempty_primary_group,168,1.2780080467405168,7,2.220446049250313e-16,True,True,True
779,pR8,0.6786582125235153,30.0,False,0,nonempty_primary_group,169,0.8308018519477651,28,0.1521436394242498,False,False,False
780,pR8,0.6398767053217524,34.0,True,0,nonempty_primary_group,170,0.6398767053217527,34,2.220446049250313e-16,True,True,True
781,pR8,0.8443578168173665,7.0,False,0,nonempty_primary_group,171,0.78484462322965,8,0.05951319358771656,False,False,False
782,pR8,0.3699194367149771,29.0,True,0,nonempty_primary_group,172,0.369919436714977,29,1.1102230246251565e-16,True,True,True
783,pR8,0.2529082951803589,7.0,True,0,nonempty_primary_group,173,0.2529082951803589,7,0.0,True,True,True
784,pR8,1.2875849580167682,6.0,True,0,nonempty_primary_group,174,1.2875849580167682,6,0.0,True,True,True
785,pR8,1.3916876498696769,6.0,True,0,nonempty_primary_group,175,1.391687649869677,6,2.220446049250313e-16,True,True,True
786,pR8,1.229505165821759,19.0,False,0,nonempty_primary_group,176,1.1867215512356277,20,0.042783614586131335,False,False,False
787,pR8,1.3232364782539663,6.0,True,0,nonempty_primary_group,177,1.3232364782539665,6,2.220446049250313e-16,True,True,True
788,pR8,-0.7701326417343076,12.0,True,0,nonempty_primary_group,178,-0.7701326417343077,12,1.1102230246251565e-16,True,True,True
789,pR8,-0.7070629144205874,12.0,True,0,nonempty_primary_group,179,-0.7070629144205874,12,0.0,True,True,True
790,pR8,1.3342535612304505,30.0,False,0,nonempty_primary_group,180,1.3153037748271972,31,0.018949786403253288,False,False,False
791,pR8,1.0870501792518823,96.0,True,0,nonempty_primary_group,181,1.0870501792518823,96,0.0,True,True,True
792,pR8,1.3015407827551537,35.0,True,0,nonempty_primary_group,182,1.3015407827551537,35,0.0,True,True,True
793,pR8,1.2217647926784292,12.0,True,0,nonempty_primary_group,183,1.2217647926784292,12,0.0,True,True,True
794,pR8,1.2237427168491632,12.0,True,0,nonempty_primary_group,184,1.2237427168491635,12,2.220446049250313e-16,True,True,True
795,pR8,1.2376824502895025,12.0,True,0,nonempty_primary_group,185,1.2376824502895025,12,0.0,True,True,True
796,pR8,1.2425591786349643,6.0,True,0,nonempty_primary_group,186,1.2425591786349643,6,0.0,True,True,True
797,pR8,1.2624617717454656,19.0,False,0,nonempty_primary_group,187,1.1133988502954117,20,0.14906292145005384,False,False,False
798,pR8,1.5727364020759558,1.0,True,0,nonempty_primary_group,188,1.572736402075956,1,2.220446049250313e-16,True,True,True
799,pR8,0.598386144072706,13.0,True,0,nonempty_primary_group,189,0.5983861440727059,13,1.1102230246251565e-16,True,True,True
800,pR8,1.3539587138585651,35.0,True,0,nonempty_primary_group,190,1.3539587138585651,35,0.0,True,True,True
801,pR8,1.1584589016957734,35.0,True,0,nonempty_primary_group,191,1.158458901695773,35,4.440892098500626e-16,True,True,True
802,pR8,1.4010250650539195,12.0,True,0,nonempty_primary_group,192,1.40102506505392,12,4.440892098500626e-16,True,True,True
803,pR8,0.04633719056681734,25.0,False,0,nonempty_primary_group,193,0.11313974423589608,23,0.06680255366907874,False,False,False
804,pR8,0.19086717290308028,25.0,False,0,nonempty_primary_group,194,0.2729555895530628,23,0.08208841664998254,False,False,False
805,pR8,0.530540452404669,14.0,False,0,nonempty_primary_group,195,0.46985812608000355,15,0.060682326324665414,False,False,False
806,pR8,0.5221556555339617,14.0,False,0,nonempty_primary_group,196,0.5640784295924984,15,0.04192277405853673,False,False,False
807,pR8,1.1279188222878105,25.0,False,0,nonempty_primary_group,197,1.2152613805324335,23,0.087342558244623,False,False,False
808,pR8,0.40590496842737966,9.0,True,0,nonempty_primary_group,198,0.40590496842737955,9,1.1102230246251565e-16,True,True,True
809,pR8,-0.9393421058023063,7.0,True,0,nonempty_primary_group,199,-0.9393421058023061,7,1.1102230246251565e-16,True,True,True
810,pR8,-1.0856642305380109,7.0,True,0,nonempty_primary_group,200,-1.085664230538011,7,2.220446049250313e-16,True,True,True
811,pR8,1.4043100897266498,35.0,False,0,nonempty_primary_group,201,1.4159466108788412,36,0.011636521152191381,False,False,False
812,pR8,1.6260548349304484,6.0,True,0,nonempty_primary_group,202,1.6260548349304484,6,0.0,True,True,True
813,pR8,1.1135892867088448,19.0,True,0,nonempty_primary_group,203,1.1135892867088448,19,0.0,True,True,True
814,pR8,1.270018618171892,26.0,False,0,nonempty_primary_group,204,1.3092414792222626,24,0.03922286105037065,False,False,False
815,pR8,1.185107994805199,85.0,True,0,nonempty_primary_group,205,1.1851079948051986,85,4.440892098500626e-16,True,True,True
816,pR8,1.0765757499606146,111.0,False,0,nonempty_primary_group,206,1.0931356728752943,109,0.01655992291467978,False,False,False
817,pR8,0.3775665051501881,9.0,True,0,nonempty_primary_group,207,0.3775665051501881,9,0.0,True,True,True
818,pR8,1.6086489864283446,9.0,True,0,nonempty_primary_group,208,1.6086489864283449,9,2.220446049250313e-16,True,True,True
819,pR8,1.1111400971580476,53.0,True,0,nonempty_primary_group,209,1.1111400971580483,53,6.661338147750939e-16,True,True,True
820,pR8,1.1957864740107762,30.0,True,0,nonempty_primary_group,210,1.1957864740107764,30,2.220446049250313e-16,True,True,True
821,pR8,0.8160106837039617,68.0,True,0,nonempty_primary_group,211,0.8160106837039619,68,2.220446049250313e-16,True,True,True
822,pR8,1.09407107148946,7.0,False,0,nonempty_primary_group,212,0.9972058258525291,8,0.09686524563693077,False,False,False
823,pR8,1.2809820062662474,7.0,False,0,nonempty_primary_group,213,0.9834918241712683,8,0.297490182094979,False,False,False
824,pR8,0.1254916235188903,12.0,True,0,nonempty_primary_group,214,0.12549162351889026,12,2.7755575615628914e-17,True,True,True
825,pR8,1.1379059923423331,13.0,True,0,nonempty_primary_group,215,1.1379059923423331,13,0.0,True,True,True
826,pR8,1.1368192376527892,13.0,True,0,nonempty_primary_group,216,1.1368192376527892,13,0.0,True,True,True
827,pR8,0.9833650700482117,48.0,True,0,nonempty_primary_group,217,0.9833650700482118,48,1.1102230246251565e-16,True,True,True
828,pR8,-0.7136770251662213,30.0,False,0,nonempty_primary_group,224,-0.6745468954928407,28,0.03913012967338059,False,False,False
829,pR8,-0.6510816685240254,13.0,False,0,nonempty_primary_group,225,-0.6951478508179045,11,0.04406618229387915,False,False,False
830,pR8,0.6078008175407091,30.0,False,0,nonempty_primary_group,226,0.7613235234773702,28,0.15352270593666106,False,False,False
831,pR8,1.0526718494925682,7.0,False,0,nonempty_primary_group,227,0.9235706797377987,8,0.12910116975476948,False,False,False
832,pR8,-0.22147911264024617,6.0,True,0,nonempty_primary_group,228,-0.22147911264024614,6,2.7755575615628914e-17,True,True,True
833,pR8,-0.7752539115603725,12.0,True,0,nonempty_primary_group,229,-0.7752539115603726,12,1.1102230246251565e-16,True,True,True
834,pR8,-0.6859124681310601,12.0,True,0,nonempty_primary_group,230,-0.6859124681310601,12,0.0,True,True,True
835,pR8,-0.9826674528075603,30.0,False,0,nonempty_primary_group,231,-0.9556237084176477,28,0.02704374438991264,False,False,False
836,pR8,1.1961444452226946,83.0,True,0,nonempty_primary_group,232,1.1961444452226944,83,2.220446049250313e-16,True,True,True
837,pR8,-0.0558319876999173,28.0,True,0,nonempty_primary_group,233,-0.055831987699917304,28,6.938893903907228e-18,True,True,True
838,pR8,-0.10861034005539909,28.0,True,0,nonempty_primary_group,234,-0.10861034005539912,28,2.7755575615628914e-17,True,True,True
839,pR8,0.9016447015505573,103.0,False,0,nonempty_primary_group,235,0.9104361329953355,101,0.00879143144477823,False,False,False
840,pR8,0.9655979908806486,42.0,False,0,nonempty_primary_group,236,0.8944530503112907,43,0.07114494056935783,False,False,False
841,pR8,0.8827502480630335,6.0,True,0,nonempty_primary_group,237,0.8827502480630335,6,0.0,True,True,True
842,pR8,-0.6180384661520828,13.0,False,0,nonempty_primary_group,238,-0.7046285228656942,11,0.08659005671361142,False,False,False
843,pR8,-0.1938302227213434,6.0,True,0,nonempty_primary_group,239,-0.1938302227213434,6,0.0,True,True,True
844,pR8,1.2983437450281896,12.0,True,0,nonempty_primary_group,240,1.2983437450281896,12,0.0,True,True,True
845,pR8,1.3236970885344732,30.0,False,0,nonempty_primary_group,241,1.234265516963301,31,0.08943157157117221,False,False,False
846,pR8,0.053965184108439736,7.0,True,0,nonempty_primary_group,242,0.05396518410843974,7,6.938893903907228e-18,True,True,True
847,pR8,1.3138941939898015,7.0,True,0,nonempty_primary_group,243,1.3138941939898017,7,2.220446049250313e-16,True,True,True
848,pR8,1.0209258923054232,34.0,True,0,nonempty_primary_group,244,1.0209258923054232,34,0.0,True,True,True
849,pR8,1.1353987256757196,16.0,True,0,nonempty_primary_group,245,1.1353987256757196,16,0.0,True,True,True
850,pR8,-0.10853797320233298,29.0,True,0,nonempty_primary_group,246,-0.10853797320233297,29,1.3877787807814457e-17,True,True,True
851,pR8,1.0716832424344898,13.0,True,0,nonempty_primary_group,247,1.0716832424344895,13,2.220446049250313e-16,True,True,True
852,pR8,0.8665564708174223,68.0,True,0,nonempty_primary_group,248,0.8665564708174225,68,2.220446049250313e-16,True,True,True
853,pR8,-0.6002965459525224,13.0,False,0,nonempty_primary_group,249,-0.5521191952499535,11,0.0481773507025689,False,False,False
854,pR8,-0.1103527449467777,7.0,False,0,nonempty_primary_group,250,-0.007389248372610055,8,0.10296349657416765,False,False,False
855,pR8,1.1696793795649059,19.0,True,0,nonempty_primary_group,251,1.169679379564906,19,2.220446049250313e-16,True,True,True
856,pR8,0.6406319676084982,25.0,True,0,nonempty_primary_group,252,0.640631967608498,25,1.1102230246251565e-16,True,True,True
857,pR8,0.9129697256309196,7.0,True,0,nonempty_primary_group,253,0.9129697256309195,7,1.1102230246251565e-16,True,True,True
858,pR8,1.2196232698226501,13.0,True,0,nonempty_primary_group,254,1.2196232698226501,13,0.0,True,True,True
859,pR8,1.0050646893380157,76.0,True,0,nonempty_primary_group,255,1.0050646893380157,76,0.0,True,True,True
860,pR8,1.0384528516753462,13.0,True,0,nonempty_primary_group,256,1.0384528516753462,13,0.0,True,True,True
861,pR8,0.8628032266709226,6.0,True,0,nonempty_primary_group,257,0.8628032266709225,6,1.1102230246251565e-16,True,True,True
862,pR8,-0.19294467554296876,17.0,True,0,nonempty_primary_group,258,-0.1929446755429687,17,5.551115123125783e-17,True,True,True
863,pR8,-0.07113784453525102,16.0,True,0,nonempty_primary_group,259,-0.071137844535251,16,1.3877787807814457e-17,True,True,True
864,pR8,-1.535669583503219,13.0,False,0,nonempty_primary_group,260,-1.4305332245500502,11,0.10513635895316886,False,False,False
865,pR8,-1.246940268357926,13.0,False,0,nonempty_primary_group,261,-1.19828465611379,11,0.04865561224413595,False,False,False
866,pR8,1.0615837061626563,19.0,True,0,nonempty_primary_group,262,1.061583706162656,19,2.220446049250313e-16,True,True,True
867,pR8,1.3428032367306943,12.0,True,0,nonempty_primary_group,263,1.3428032367306943,12,0.0,True,True,True
868,pR8,-0.19996462150680258,19.0,False,0,nonempty_primary_group,264,-0.21096932049922837,20,0.011004698992425788,False,False,False
869,pR8,-0.05366689635414513,19.0,False,0,nonempty_primary_group,265,-0.03868455598214418,20,0.014982340372000948,False,False,False
870,pR8,-0.15863241942417866,19.0,False,0,nonempty_primary_group,266,-0.1651103181747082,20,0.006477898750529537,False,False,False
871,pR8,0.028041326783590996,6.0,True,0,nonempty_primary_group,267,0.028041326783590993,6,3.469446951953614e-18,True,True,True
872,pR8,-0.3614462059201446,6.0,True,0,nonempty_primary_group,268,-0.36144620592014465,6,5.551115123125783e-17,True,True,True
873,pR8,1.1727239818373931,13.0,True,0,nonempty_primary_group,269,1.1727239818373931,13,0.0,True,True,True
874,pR8,-1.0558363643295343,25.0,False,0,nonempty_primary_group,270,-1.0102568087673982,23,0.04557955556213611,False,False,False
875,pR8,0.7090222509254113,6.0,True,0,nonempty_primary_group,271,0.7090222509254113,6,0.0,True,True,True
876,pR8,-0.09189963982234728,6.0,True,0,nonempty_primary_group,272,-0.09189963982234729,6,1.3877787807814457e-17,True,True,True
877,pR8,1.3505009571878284,12.0,True,0,nonempty_primary_group,273,1.3505009571878286,12,2.220446049250313e-16,True,True,True
878,pR8,1.071457477422541,6.0,True,0,nonempty_primary_group,274,1.071457477422541,6,0.0,True,True,True
879,pR8,-0.31395288573789976,17.0,True,0,nonempty_primary_group,275,-0.3139528857378998,17,5.551115123125783e-17,True,True,True
880,pR8,1.327992396113613,64.0,True,0,nonempty_primary_group,276,1.3279923961136126,64,4.440892098500626e-16,True,True,True
881,pR8,-0.1921098460513914,16.0,True,0,nonempty_primary_group,277,-0.1921098460513914,16,0.0,True,True,True
882,pR8,1.250263225773135,23.0,True,0,nonempty_primary_group,278,1.250263225773135,23,0.0,True,True,True
883,pR8,0.557292389668713,1.0,True,0,nonempty_primary_group,279,0.5572923896687131,1,1.1102230246251565e-16,True,True,True
884,pR8,-0.32820087896906003,17.0,True,0,nonempty_primary_group,280,-0.32820087896906003,17,0.0,True,True,True
885,pR8,0.1945463900286195,42.0,False,0,nonempty_primary_group,281,0.17255284074479196,40,0.021993549283827546,False,False,False
886,pR8,-0.10614922385944402,16.0,True,0,nonempty_primary_group,282,-0.10614922385944403,16,1.3877787807814457e-17,True,True,True
887,pR8,0.3589540858572458,6.0,True,0,nonempty_primary_group,283,0.35895408585724575,6,5.551115123125783e-17,True,True,True
888,pR8,-0.16130583269603418,19.0,False,0,nonempty_primary_group,284,-0.14273248796462187,20,0.01857334473141231,False,False,False
889,pR8,0.15306429832149507,6.0,True,0,nonempty_primary_group,285,0.15306429832149504,6,2.7755575615628914e-17,True,True,True
890,pR8,-1.2152039768634584,25.0,False,0,nonempty_primary_group,286,-1.2167571773624108,23,0.0015532004989524673,False,False,False
891,pR8,0.9510189587118427,19.0,True,0,nonempty_primary_group,287,0.9510189587118427,19,0.0,True,True,True
892,pR8,1.041967533949014,19.0,True,0,nonempty_primary_group,288,1.041967533949014,19,0.0,True,True,True
893,pR8,0.9593193645805937,6.0,True,0,nonempty_primary_group,289,0.9593193645805939,6,1.1102230246251565e-16,True,True,True
894,pR8,0.08827837814067259,19.0,True,0,nonempty_primary_group,290,0.08827837814067259,19,0.0,True,True,True
895,pR8,0.7773479970098531,1.0,True,0,nonempty_primary_group,291,0.7773479970098531,1,0.0,True,True,True
896,pR8,0.9586435112616344,13.0,True,0,nonempty_primary_group,292,0.9586435112616343,13,1.1102230246251565e-16,True,True,True
897,pR8,-0.45560654744030693,17.0,True,0,nonempty_primary_group,293,-0.455606547440307,17,5.551115123125783e-17,True,True,True
898,pR8,1.2289261902865845,13.0,True,0,nonempty_primary_group,294,1.2289261902865845,13,0.0,True,True,True
899,pR8,-0.06932944606919557,16.0,True,0,nonempty_primary_group,295,-0.06932944606919558,16,1.3877787807814457e-17,True,True,True
900,pR8,1.063936996831422,13.0,True,0,nonempty_primary_group,296,1.0639369968314223,13,2.220446049250313e-16,True,True,True
901,pR8,-0.3796150685034654,13.0,False,0,nonempty_primary_group,297,-0.40906539418560234,11,0.029450325682136957,False,False,False
902,pR8,0.1217968580858784,20.0,True,0,nonempty_primary_group,298,0.1217968580858784,20,0.0,True,True,True
903,pR8,0.28860665527408674,6.0,True,0,nonempty_primary_group,299,0.28860665527408685,6,1.1102230246251565e-16,True,True,True
904,pR8,0.24822806956507928,19.0,False,0,nonempty_primary_group,300,0.25078156273528746,20,0.002553493170208171,False,False,False
905,pR8,0.629210185606798,1.0,True,0,nonempty_primary_group,301,0.6292101856067978,1,2.220446049250313e-16,True,True,True
906,pR8,0.35688562275231056,6.0,True,0,nonempty_primary_group,302,0.35688562275231045,6,1.1102230246251565e-16,True,True,True
907,pR8,1.0214311897492179,57.0,True,0,nonempty_primary_group,303,1.021431189749218,57,2.220446049250313e-16,True,True,True
908,pR8,0.9390940043547182,12.0,True,0,nonempty_primary_group,304,0.9390940043547181,12,1.1102230246251565e-16,True,True,True
909,pR8,-0.6734083071111483,58.0,True,0,nonempty_primary_group,305,-0.6734083071111482,58,1.1102230246251565e-16,True,True,True
910,pR8,0.1269720991687173,6.0,True,0,nonempty_primary_group,306,0.12697209916871732,6,2.7755575615628914e-17,True,True,True
911,pR8,-0.6227180125101712,42.0,False,0,nonempty_primary_group,307,-0.5775952366755817,40,0.04512277583458957,False,False,False
912,pR8,-0.7458255870076116,58.0,True,0,nonempty_primary_group,308,-0.7458255870076115,58,1.1102230246251565e-16,True,True,True
913,pR8,0.24932724441279758,78.0,True,0,nonempty_primary_group,309,0.24932724441279747,78,1.1102230246251565e-16,True,True,True
914,pR8,0.6832511068121717,29.0,True,0,nonempty_primary_group,310,0.6832511068121718,29,1.1102230246251565e-16,True,True,True
915,pR8,0.17880685447478545,29.0,True,0,nonempty_primary_group,311,0.17880685447478548,29,2.7755575615628914e-17,True,True,True
916,pR8,0.41781336395920105,14.0,False,0,nonempty_primary_group,312,0.4027524516264391,15,0.015060912332761967,False,False,False
917,pR8,1.0402864045892104,17.0,True,0,nonempty_primary_group,313,1.0402864045892104,17,0.0,True,True,True
918,pR8,-1.2950567389724263,13.0,False,0,nonempty_primary_group,314,-1.3155041189314487,11,0.02044737995902235,False,False,False
919,pR8,0.9877091204148823,17.0,True,0,nonempty_primary_group,315,0.9877091204148826,17,2.220446049250313e-16,True,True,True
920,pR8,-0.6240419947218917,17.0,True,0,nonempty_primary_group,316,-0.6240419947218918,17,1.1102230246251565e-16,True,True,True
921,pR8,0.15199009125564863,9.0,True,0,nonempty_primary_group,317,0.15199009125564863,9,0.0,True,True,True
922,pR8,0.9655957070717395,12.0,True,0,nonempty_primary_group,318,0.9655957070717397,12,2.220446049250313e-16,True,True,True
923,pR8,0.8901270346754016,7.0,True,0,nonempty_primary_group,319,0.8901270346754017,7,1.1102230246251565e-16,True,True,True
924,pR8,0.6947773109434924,1.0,True,0,nonempty_primary_group,320,0.6947773109434925,1,1.1102230246251565e-16,True,True,True
925,pR8,-0.7557023857630902,17.0,True,0,nonempty_primary_group,321,-0.7557023857630902,17,0.0,True,True,True
926,pR8,0.19518130123368746,55.0,True,0,nonempty_primary_group,322,0.19518130123368746,55,0.0,True,True,True
927,pR8,1.204840434922365,23.0,True,0,nonempty_primary_group,323,1.204840434922365,23,0.0,True,True,True
928,pR8,0.5862191203517008,17.0,True,0,nonempty_primary_group,324,0.5862191203517008,17,0.0,True,True,True
929,pR8,0.8199132257049815,28.0,True,0,nonempty_primary_group,325,0.8199132257049815,28,0.0,True,True,True
930,pR8,0.0891354368833376,55.0,True,0,nonempty_primary_group,326,0.08913543688333757,55,2.7755575615628914e-17,True,True,True
931,pR8,0.29700770837210444,16.0,True,0,nonempty_primary_group,327,0.2970077083721044,16,5.551115123125783e-17,True,True,True
932,pR8,0.19126974772588407,14.0,False,0,nonempty_primary_group,328,0.1459467808763192,15,0.045322966849564855,False,False,False
933,pR8,0.010924001919362904,78.0,True,0,nonempty_primary_group,329,0.010924001919362884,78,2.0816681711721685e-17,True,True,True
934,pR8,0.3780704922880956,58.0,True,0,nonempty_primary_group,330,0.37807049228809564,58,5.551115123125783e-17,True,True,True
935,pR8,1.0288555375085853,6.0,True,0,nonempty_primary_group,331,1.0288555375085855,6,2.220446049250313e-16,True,True,True
936,pR8,-1.5693535218011048,13.0,False,0,nonempty_primary_group,332,-1.5611188063983,11,0.008234715402804849,False,False,False
937,pR8,0.3628053220501724,29.0,True,0,nonempty_primary_group,333,0.3628053220501724,29,0.0,True,True,True
938,pR8,0.7311834517059218,6.0,True,0,nonempty_primary_group,334,0.7311834517059218,6,0.0,True,True,True
939,pR8,0.669300589979504,29.0,True,0,nonempty_primary_group,335,0.6693005899795041,29,1.1102230246251565e-16,True,True,True
940,pR8,0.8174874783863804,28.0,True,0,nonempty_primary_group,336,0.8174874783863805,28,1.1102230246251565e-16,True,True,True
941,pR8,-0.25771633707419983,28.0,True,0,nonempty_primary_group,337,-0.25771633707419983,28,0.0,True,True,True
942,pR8,-0.6887126894642775,13.0,False,0,nonempty_primary_group,338,-0.5992523766114641,11,0.08946031285281342,False,False,False
943,pR8,0.3950720929101941,19.0,False,0,nonempty_primary_group,339,0.37958523290776935,20,0.015486860002424718,False,False,False
944,pR8,-0.7438266600442729,13.0,True,0,nonempty_primary_group,340,-0.7438266600442728,13,1.1102230246251565e-16,True,True,True
945,pR8,0.038502608761075696,16.0,True,0,nonempty_primary_group,341,0.03850260876107573,16,3.469446951953614e-17,True,True,True
946,pR8,-0.3936787184510364,9.0,True,0,nonempty_primary_group,342,-0.39367871845103647,9,5.551115123125783e-17,True,True,True
947,pR8,-0.6654525353177707,7.0,True,0,nonempty_primary_group,343,-0.6654525353177707,7,0.0,True,True,True
948,pR8,0.45718905795028125,12.0,True,0,nonempty_primary_group,344,0.4571890579502813,12,5.551115123125783e-17,True,True,True
949,pR8,0.3693784014264221,70.0,True,0,nonempty_primary_group,345,0.36937840142642214,70,5.551115123125783e-17,True,True,True
950,pR8,0.3827271645453118,6.0,True,0,nonempty_primary_group,346,0.3827271645453118,6,0.0,True,True,True
951,pR8,0.12061250897012644,31.0,False,0,nonempty_primary_group,347,0.21485855404049115,29,0.0942460450703647,False,False,False
952,pR8,0.30890853518186384,13.0,True,0,nonempty_primary_group,348,0.3089085351818638,13,5.551115123125783e-17,True,True,True
953,pR8,0.1733092646317552,23.0,True,0,nonempty_primary_group,349,0.17330926463175525,23,5.551115123125783e-17,True,True,True
954,pR8,-0.4406729169868198,34.0,True,0,nonempty_primary_group,350,-0.44067291698681976,34,5.551115123125783e-17,True,True,True
955,pR8,-0.06424693815984646,7.0,True,0,nonempty_primary_group,351,-0.06424693815984646,7,0.0,True,True,True
956,pR8,-0.4015114284984141,41.0,True,0,nonempty_primary_group,352,-0.40151142849841415,41,5.551115123125783e-17,True,True,True
957,pR8,-0.04914251804868781,30.0,False,0,nonempty_primary_group,353,-0.04760070046699473,31,0.0015418175816930765,False,False,False
958,pR8,-0.595496092232721,7.0,True,0,nonempty_primary_group,354,-0.5954960922327209,7,1.1102230246251565e-16,True,True,True
959,pR8,-0.42866780197364085,82.0,True,0,nonempty_primary_group,355,-0.42866780197364085,82,0.0,True,True,True
960,pR8,0.004430619810897999,30.0,False,0,nonempty_primary_group,356,0.0035567276027490867,31,0.0008738922081489124,False,False,False
961,pR8,0.8132086906609451,7.0,True,0,nonempty_primary_group,357,0.8132086906609454,7,2.220446049250313e-16,True,True,True
962,pR8,0.7891094851175225,6.0,True,0,nonempty_primary_group,358,0.7891094851175225,6,0.0,True,True,True
963,pR8,0.08212104671388014,23.0,True,0,nonempty_primary_group,359,0.08212104671388017,23,2.7755575615628914e-17,True,True,True
964,pR8,0.7899753953694484,6.0,True,0,nonempty_primary_group,360,0.789975395369448,6,3.3306690738754696e-16,True,True,True
965,pR8,0.6878713693862825,7.0,True,0,nonempty_primary_group,361,0.6878713693862825,7,0.0,True,True,True
966,pR8,-0.7081730922615066,13.0,True,0,nonempty_primary_group,362,-0.7081730922615066,13,0.0,True,True,True
967,pR8,0.08525147397866265,132.0,False,0,nonempty_primary_group,363,0.10037033426963417,130,0.015118860290971523,False,False,False
968,pR8,-0.12946005282186226,16.0,True,0,nonempty_primary_group,364,-0.12946005282186224,16,2.7755575615628914e-17,True,True,True
969,pR8,-0.8445830834197027,17.0,True,0,nonempty_primary_group,365,-0.8445830834197028,17,1.1102230246251565e-16,True,True,True
970,pR8,-0.6593600743318949,12.0,True,0,nonempty_primary_group,366,-0.6593600743318949,12,0.0,True,True,True
971,pR8,-0.22480894996527967,42.0,False,0,nonempty_primary_group,367,-0.22231030251113462,43,0.0024986474541450476,False,False,False
972,pR8,-0.2802835390853723,6.0,True,0,nonempty_primary_group,368,-0.2802835390853723,6,0.0,True,True,True
973,pR8,-0.3576690980709162,25.0,True,0,nonempty_primary_group,369,-0.35766909807091635,25,1.6653345369377348e-16,True,True,True
974,pR8,-0.9364942708351217,32.0,True,0,nonempty_primary_group,370,-0.9364942708351215,32,2.220446049250313e-16,True,True,True
975,pR8,-0.7673729659575331,6.0,True,0,nonempty_primary_group,371,-0.7673729659575331,6,0.0,True,True,True
976,pR8,-0.24802347087061388,28.0,True,0,nonempty_primary_group,372,-0.24802347087061385,28,2.7755575615628914e-17,True,True,True
977,pR8,-0.7163657491381378,29.0,True,0,nonempty_primary_group,373,-0.7163657491381378,29,0.0,True,True,True
978,pR8,-0.28332318857878513,42.0,False,0,nonempty_primary_group,374,-0.2575867876929868,43,0.025736400885798316,False,False,False
979,pR8,-0.17336591653199723,6.0,True,0,nonempty_primary_group,375,-0.17336591653199726,6,2.7755575615628914e-17,True,True,True
980,pR8,-0.7770040303118312,38.0,True,0,nonempty_primary_group,376,-0.7770040303118313,38,1.1102230246251565e-16,True,True,True
981,yR8,1.4437842109072838,30.0,True,0,nonempty_primary_group,1,1.4437842109072834,30,4.440892098500626e-16,True,True,True
982,yR8,1.139406637834012,40.0,False,0,nonempty_primary_group,2,1.139406637834012,40,0.0,True,True,True
983,yR8,0.9830678656277501,28.0,True,0,nonempty_primary_group,3,0.9830678656277502,28,1.1102230246251565e-16,True,True,True
984,yR8,1.3247021894426088,52.0,True,0,nonempty_primary_group,4,1.3247021894426088,52,0.0,True,True,True
985,yR8,1.4568111278744418,16.0,True,0,nonempty_primary_group,5,1.456811127874442,16,2.220446049250313e-16,True,True,True
986,yR8,0.7314715371077909,51.0,False,0,nonempty_primary_group,6,0.7314715371077907,51,2.220446049250313e-16,True,True,True
987,yR8,0.7762080274884565,19.0,False,0,nonempty_primary_group,7,0.7762080274884566,19,1.1102230246251565e-16,True,True,True
988,yR8,0.7320411475044197,26.0,True,0,nonempty_primary_group,8,0.7320411475044197,26,0.0,True,True,True
989,yR8,0.7808273720828653,8.0,True,0,nonempty_primary_group,9,0.7808273720828653,8,0.0,True,True,True
990,yR8,0.45506282789862956,29.0,False,0,nonempty_primary_group,10,0.4550628278986295,29,5.551115123125783e-17,True,True,True
991,yR8,0.5152388536769935,30.0,False,0,nonempty_primary_group,11,0.5152388536769934,30,1.1102230246251565e-16,True,True,True
992,yR8,0.7861921232492364,15.0,True,0,nonempty_primary_group,12,0.7861921232492364,15,0.0,True,True,True
993,yR8,0.4139417076007986,3.0,True,0,nonempty_primary_group,13,0.41394170760079846,3,1.6653345369377348e-16,True,True,True
994,yR8,1.5661606574907991,2.0,True,0,nonempty_primary_group,14,1.5661606574907991,2,0.0,True,True,True
995,yR8,0.5820431439119897,18.0,True,0,nonempty_primary_group,15,0.5820431439119897,18,0.0,True,True,True
996,yR8,1.013235648283749,74.0,False,0,nonempty_primary_group,16,1.0132356482837488,74,2.220446049250313e-16,True,True,True
997,yR8,0.9141418051273266,28.0,True,0,nonempty_primary_group,17,0.9141418051273266,28,0.0,True,True,True
998,yR8,0.8950498701532945,30.0,False,0,nonempty_primary_group,18,0.8950498701532947,30,2.220446049250313e-16,True,True,True
999,yR8,1.0662063322643318,65.0,True,0,nonempty_primary_group,19,1.066206332264332,65,2.220446049250313e-16,True,True,True
1000,yR8,0.9940840075315701,36.0,False,0,nonempty_primary_group,20,0.9940840075315703,36,2.220446049250313e-16,True,True,True
1001,yR8,1.2614237897672609,21.0,True,0,nonempty_primary_group,21,1.2614237897672607,21,2.220446049250313e-16,True,True,True
1002,yR8,1.264352159829537,64.0,True,0,nonempty_primary_group,22,1.2614525252914115,63,0.002899634538125584,False,False,False
1003,yR8,1.112053601446077,38.0,True,0,nonempty_primary_group,23,1.112053601446077,38,0.0,True,True,True
1004,yR8,0.537402912020135,29.0,False,0,nonempty_primary_group,24,0.5374029120201349,29,1.1102230246251565e-16,True,True,True
1005,yR8,1.0840868032520963,19.0,False,0,nonempty_primary_group,25,1.0840868032520963,19,0.0,True,True,True
1006,yR8,1.053869494078524,74.0,False,0,nonempty_primary_group,26,1.0538694940785243,74,2.220446049250313e-16,True,True,True
1007,yR8,1.104094895217752,46.0,False,0,nonempty_primary_group,27,1.1040948952177516,46,4.440892098500626e-16,True,True,True
1008,yR8,1.1373986259244904,8.0,True,0,nonempty_primary_group,28,1.1373986259244906,8,2.220446049250313e-16,True,True,True
1009,yR8,1.3278325487859157,30.0,True,0,nonempty_primary_group,29,1.3278325487859162,30,4.440892098500626e-16,True,True,True
1010,yR8,1.368851045117461,40.0,True,0,nonempty_primary_group,30,1.3688510451174607,40,2.220446049250313e-16,True,True,True
1011,yR8,1.4885668903775462,37.0,True,0,nonempty_primary_group,32,1.488566890377546,37,2.220446049250313e-16,True,True,True
1012,yR8,0.4749749665436297,45.0,True,0,nonempty_primary_group,33,0.47497496654362975,45,5.551115123125783e-17,True,True,True
1013,yR8,1.1841886867544782,39.0,True,0,nonempty_primary_group,34,1.1841886867544784,39,2.220446049250313e-16,True,True,True
1014,yR8,0.9663829533781525,16.0,False,0,nonempty_primary_group,35,0.9663829533781524,16,1.1102230246251565e-16,True,True,True
1015,yR8,0.2808023550642709,9.0,True,0,nonempty_primary_group,36,0.280802355064271,9,5.551115123125783e-17,True,True,True
1016,yR8,0.587613231341032,58.0,True,0,nonempty_primary_group,37,0.5735056383090452,57,0.014107593031986831,False,False,False
1017,yR8,0.900651494561921,25.0,True,0,nonempty_primary_group,38,0.8961616633835305,22,0.004489831178390413,False,False,False
1018,yR8,0.7060292168155319,30.0,True,0,nonempty_primary_group,39,0.7060292168155319,30,0.0,True,True,True
1019,yR8,1.2192764479769693,6.0,True,0,nonempty_primary_group,40,1.2192764479769695,6,2.220446049250313e-16,True,True,True
1020,yR8,0.1350055013811849,26.0,True,0,nonempty_primary_group,41,0.135005501381185,26,1.1102230246251565e-16,True,True,True
1021,yR8,0.7620328109698722,11.0,True,0,nonempty_primary_group,42,0.7553521066017022,9,0.006680704368170032,False,False,False
1022,yR8,0.45622168750752107,52.0,True,0,nonempty_primary_group,43,0.45622168750752123,52,1.6653345369377348e-16,True,True,True
1023,yR8,0.7181901038642916,6.0,True,0,nonempty_primary_group,44,0.7181901038642914,6,2.220446049250313e-16,True,True,True
1024,yR8,1.186815645186005,39.0,True,0,nonempty_primary_group,45,1.186815645186005,39,0.0,True,True,True
1025,yR8,1.223107616776718,16.0,True,0,nonempty_primary_group,46,1.2231076167767185,16,4.440892098500626e-16,True,True,True
1026,yR8,0.6707294050347462,11.0,True,0,nonempty_primary_group,47,0.6707294050347463,11,1.1102230246251565e-16,True,True,True
1027,yR8,0.49831716343221455,67.0,True,0,nonempty_primary_group,48,0.4983171634322143,67,2.220446049250313e-16,True,True,True
1028,yR8,1.0650428377972951,48.0,False,0,nonempty_primary_group,49,1.0650428377972954,48,2.220446049250313e-16,True,True,True
1029,yR8,1.3086161146845978,16.0,True,0,nonempty_primary_group,50,1.3086161146845978,16,0.0,True,True,True
1030,yR8,1.2352499125363587,3.0,True,0,nonempty_primary_group,51,1.235249912536359,3,2.220446049250313e-16,True,True,True
1031,yR8,1.3569749006238465,14.0,True,0,nonempty_primary_group,52,1.3569749006238463,14,2.220446049250313e-16,True,True,True
1032,yR8,0.34834897572981377,56.0,False,0,nonempty_primary_group,53,0.3483489757298138,56,5.551115123125783e-17,True,True,True
1033,yR8,0.556241821900563,11.0,True,0,nonempty_primary_group,54,0.5562418219005629,11,1.1102230246251565e-16,True,True,True
1034,yR8,0.26738727295103354,16.0,False,0,nonempty_primary_group,55,0.2673872729510335,16,5.551115123125783e-17,True,True,True
1035,yR8,0.16675932449797687,48.0,True,0,nonempty_primary_group,56,0.1667593244979768,48,5.551115123125783e-17,True,True,True
1036,yR8,1.2933608438347803,71.0,True,0,nonempty_primary_group,57,1.2922841045939935,68,0.0010767392407868837,False,False,False
1037,yR8,0.6470809961033345,40.0,True,0,nonempty_primary_group,58,0.6350638587852497,39,0.012017137318084736,False,False,False
1038,yR8,0.7832667423004828,63.0,True,0,nonempty_primary_group,59,0.7821806772751333,62,0.0010860650253494697,False,False,False
1039,yR8,1.0542023374069542,14.0,True,0,nonempty_primary_group,60,1.0481091757846714,13,0.0060931616222827945,False,False,False
1040,yR8,1.1244782605880619,11.0,True,0,nonempty_primary_group,61,1.076510542221006,9,0.047967718367055934,False,False,False
1041,yR8,0.9639618587158255,8.0,True,0,nonempty_primary_group,62,0.9639618587158256,8,1.1102230246251565e-16,True,True,True
1042,yR8,1.0504875538736116,59.0,True,0,nonempty_primary_group,63,1.0504875538736118,59,2.220446049250313e-16,True,True,True
1043,yR8,1.119364778192187,16.0,True,0,nonempty_primary_group,64,1.119364778192187,16,0.0,True,True,True
1044,yR8,1.0815525269879058,24.0,True,0,nonempty_primary_group,65,1.0682298784440711,23,0.013322648543834692,False,False,False
1045,yR8,0.06430487326357752,6.0,True,0,nonempty_primary_group,66,0.06430487326357744,6,8.326672684688674e-17,True,True,True
1046,yR8,0.3932651369890633,10.0,True,0,nonempty_primary_group,67,0.3932651369890633,10,0.0,True,True,True
1047,yR8,0.2702796987741535,16.0,True,0,nonempty_primary_group,68,0.2702796987741535,16,0.0,True,True,True
1048,yR8,0.15528602670272554,11.0,False,0,nonempty_primary_group,69,0.1552860267027255,11,2.7755575615628914e-17,True,True,True
1049,yR8,0.3610752396781832,40.0,True,0,nonempty_primary_group,70,0.33922310301066244,38,0.021852136667520783,False,False,False
1050,yR8,0.3242293546001075,24.0,True,0,nonempty_primary_group,71,0.3017069885729768,23,0.022522366027130702,False,False,False
1051,yR8,0.32612323007327254,30.0,True,0,nonempty_primary_group,72,0.32612323007327254,30,0.0,True,True,True
1052,yR8,1.290351405886898,29.0,True,0,nonempty_primary_group,73,1.290351405886898,29,0.0,True,True,True
1053,yR8,0.9849028018120302,19.0,False,0,nonempty_primary_group,74,0.9849028018120298,19,3.3306690738754696e-16,True,True,True
1054,yR8,1.1804970577048628,193.0,False,0,nonempty_primary_group,75,1.1782846772013007,189,0.0022123805035620947,False,False,False
1055,yR8,1.1667644121683949,14.0,True,0,nonempty_primary_group,76,1.167053948472195,13,0.0002895363038000198,False,False,False
1056,yR8,0.9438310205034054,17.0,False,0,nonempty_primary_group,77,0.9438310205034052,17,2.220446049250313e-16,True,True,True
1057,yR8,1.348627206661734,45.0,True,0,nonempty_primary_group,78,1.348627206661734,45,0.0,True,True,True
1058,yR8,0.8915722656868871,75.0,False,0,nonempty_primary_group,79,0.8915722656868872,75,1.1102230246251565e-16,True,True,True
1059,yR8,0.8820742708293816,13.0,True,0,nonempty_primary_group,80,0.8820742708293818,13,2.220446049250313e-16,True,True,True
1060,yR8,1.041350490774593,30.0,False,0,nonempty_primary_group,82,1.0413504907745932,30,2.220446049250313e-16,True,True,True
1061,yR8,1.109721982369556,47.0,True,0,nonempty_primary_group,83,1.1097219823695557,47,4.440892098500626e-16,True,True,True
1062,yR8,0.898759897613733,57.0,False,0,nonempty_primary_group,84,0.8987598976137331,57,1.1102230246251565e-16,True,True,True
1063,yR8,0.9362800594968678,38.0,False,0,nonempty_primary_group,85,0.9362800594968678,38,0.0,True,True,True
1064,yR8,0.8981215218301184,19.0,False,0,nonempty_primary_group,86,0.8981215218301183,19,1.1102230246251565e-16,True,True,True
1065,yR8,1.0234455130338616,27.0,True,0,nonempty_primary_group,87,1.0234455130338616,27,0.0,True,True,True
1066,yR8,0.9554327798237885,27.0,True,0,nonempty_primary_group,88,0.9554327798237883,27,2.220446049250313e-16,True,True,True
1067,yR8,1.2738822414843392,3.0,True,0,nonempty_primary_group,89,1.273882241484339,3,2.220446049250313e-16,True,True,True
1068,yR8,0.9610276758165488,3.0,True,0,nonempty_primary_group,90,0.961027675816549,3,2.220446049250313e-16,True,True,True
1069,yR8,1.0812987384378305,44.0,True,0,nonempty_primary_group,91,1.0812987384378305,44,0.0,True,True,True
1070,yR8,1.1387026672312508,44.0,True,0,nonempty_primary_group,92,1.1387026672312508,44,0.0,True,True,True
1071,yR8,0.9521520985928678,25.0,False,0,nonempty_primary_group,93,0.9521520985928679,25,1.1102230246251565e-16,True,True,True
1072,yR8,0.8057236166561624,25.0,False,0,nonempty_primary_group,94,0.8057236166561625,25,1.1102230246251565e-16,True,True,True
1073,yR8,1.4864033116594821,30.0,True,0,nonempty_primary_group,96,1.4864033116594821,30,0.0,True,True,True
1074,yR8,1.418678013402163,40.0,False,0,nonempty_primary_group,97,1.4186780134021628,40,2.220446049250313e-16,True,True,True
1075,yR8,0.9923714775400235,28.0,True,0,nonempty_primary_group,98,0.9923714775400237,28,2.220446049250313e-16,True,True,True
1076,yR8,0.876040307306038,70.0,False,0,nonempty_primary_group,99,0.8760403073060378,70,2.220446049250313e-16,True,True,True
1077,yR8,1.1963093449327122,52.0,True,0,nonempty_primary_group,100,1.1963093449327122,52,0.0,True,True,True
1078,yR8,0.38516485819163343,13.0,True,0,nonempty_primary_group,101,0.3851648581916335,13,5.551115123125783e-17,True,True,True
1079,yR8,0.607316599354734,13.0,True,0,nonempty_primary_group,102,0.607316599354734,13,0.0,True,True,True
1080,yR8,0.8058487977123987,26.0,True,0,nonempty_primary_group,103,0.8058487977123987,26,0.0,True,True,True
1081,yR8,0.8780197381680054,8.0,True,0,nonempty_primary_group,104,0.8780197381680056,8,2.220446049250313e-16,True,True,True
1082,yR8,0.712881237833719,15.0,True,0,nonempty_primary_group,105,0.7128812378337189,15,1.1102230246251565e-16,True,True,True
1083,yR8,1.3242431418409601,16.0,True,0,nonempty_primary_group,106,1.3242431418409604,16,2.220446049250313e-16,True,True,True
1084,yR8,0.9843175119789878,14.0,True,0,nonempty_primary_group,107,0.9888682059878223,13,0.004550694008834566,False,False,False
1085,yR8,0.6601614537582877,13.0,True,0,nonempty_primary_group,108,0.6601614537582878,13,1.1102230246251565e-16,True,True,True
1086,yR8,1.295265633285286,16.0,True,0,nonempty_primary_group,109,1.2952656332852859,16,2.220446049250313e-16,True,True,True
1087,yR8,1.082373544215263,11.0,False,0,nonempty_primary_group,110,1.082373544215263,11,0.0,True,True,True
1088,yR8,1.065275981323838,11.0,False,0,nonempty_primary_group,111,1.065275981323838,11,0.0,True,True,True
1089,yR8,0.9376052215158606,8.0,True,0,nonempty_primary_group,112,0.9376052215158605,8,1.1102230246251565e-16,True,True,True
1090,yR8,0.8401107611091986,8.0,True,0,nonempty_primary_group,113,0.8401107611091987,8,1.1102230246251565e-16,True,True,True
1091,yR8,0.60168222792118,16.0,True,0,nonempty_primary_group,114,0.60168222792118,16,0.0,True,True,True
1092,yR8,1.1293978571369225,16.0,True,0,nonempty_primary_group,115,1.1293978571369225,16,0.0,True,True,True
1093,yR8,0.5650411092120199,59.0,False,0,nonempty_primary_group,116,0.5650411092120197,59,2.220446049250313e-16,True,True,True
1094,yR8,1.2897148564629182,74.0,True,0,nonempty_primary_group,117,1.2916758279120628,71,0.001960971449144644,False,False,False
1095,yR8,0.9750877567525275,30.0,True,0,nonempty_primary_group,118,0.9750877567525275,30,0.0,True,True,True
1096,yR8,0.9023254853903894,30.0,True,0,nonempty_primary_group,119,0.9023254853903896,30,2.220446049250313e-16,True,True,True
1097,yR8,0.7791577021187189,3.0,True,0,nonempty_primary_group,120,0.7791577021187189,3,0.0,True,True,True
1098,yR8,1.1415250057524668,19.0,False,0,nonempty_primary_group,121,1.1415250057524673,19,4.440892098500626e-16,True,True,True
1099,yR8,1.4080229334278118,2.0,True,0,nonempty_primary_group,122,1.4080229334278118,2,0.0,True,True,True
1100,yR8,1.4569039263326324,32.0,True,0,nonempty_primary_group,123,1.4569039263326324,32,0.0,True,True,True
1101,yR8,0.8104889156411355,18.0,True,0,nonempty_primary_group,124,0.8104889156411355,18,0.0,True,True,True
1102,yR8,0.8865984331744031,74.0,False,0,nonempty_primary_group,125,0.8865984331744032,74,1.1102230246251565e-16,True,True,True
1103,yR8,1.1939123168106651,30.0,False,0,nonempty_primary_group,126,1.193912316810665,30,2.220446049250313e-16,True,True,True
1104,yR8,0.9833776079269102,28.0,True,0,nonempty_primary_group,127,0.98337760792691,28,2.220446049250313e-16,True,True,True
1105,yR8,0.9055554427857224,36.0,False,0,nonempty_primary_group,128,0.905555442785722,36,4.440892098500626e-16,True,True,True
1106,yR8,1.1492148445515669,65.0,True,0,nonempty_primary_group,129,1.1492148445515666,65,2.220446049250313e-16,True,True,True
1107,yR8,0.6417913125922478,119.0,True,0,nonempty_primary_group,130,0.6379229711867916,115,0.0038683414054561105,False,False,False
1108,yR8,1.2084285975230367,41.0,False,0,nonempty_primary_group,131,1.2084285975230367,41,0.0,True,True,True
1109,yR8,1.346838223208612,21.0,True,0,nonempty_primary_group,132,1.3468382232086116,21,4.440892098500626e-16,True,True,True
1110,yR8,1.0317101542993754,10.0,True,0,nonempty_primary_group,133,1.0317101542993756,10,2.220446049250313e-16,True,True,True
1111,yR8,1.1040795047703837,45.0,True,0,nonempty_primary_group,134,1.1040795047703835,45,2.220446049250313e-16,True,True,True
1112,yR8,0.6321743428176553,11.0,True,0,nonempty_primary_group,135,0.6321743428176554,11,1.1102230246251565e-16,True,True,True
1113,yR8,0.5405802518654141,67.0,True,0,nonempty_primary_group,136,0.5405802518654139,67,2.220446049250313e-16,True,True,True
1114,yR8,1.0797758477635058,16.0,True,0,nonempty_primary_group,137,1.079775847763506,16,2.220446049250313e-16,True,True,True
1115,yR8,0.9512117211632215,20.0,True,0,nonempty_primary_group,138,0.9512117211632217,20,2.220446049250313e-16,True,True,True
1116,yR8,1.0277327275561678,20.0,True,0,nonempty_primary_group,139,1.027732727556168,20,2.220446049250313e-16,True,True,True
1117,yR8,1.2484456919525364,9.0,True,0,nonempty_primary_group,140,1.2484456919525362,9,2.220446049250313e-16,True,True,True
1118,yR8,0.6902187894868069,13.0,True,0,nonempty_primary_group,141,0.690218789486807,13,1.1102230246251565e-16,True,True,True
1119,yR8,0.595404845320013,13.0,True,0,nonempty_primary_group,142,0.5954048453200129,13,1.1102230246251565e-16,True,True,True
1120,yR8,1.3527797344578185,31.0,True,0,nonempty_primary_group,143,1.3527797344578185,31,0.0,True,True,True
1121,yR8,0.446241497521641,137.0,False,0,nonempty_primary_group,144,0.4343560983495802,134,0.011885399172060773,False,False,False
1122,yR8,0.9197424297184871,7.0,True,0,nonempty_primary_group,145,0.9197424297184872,7,1.1102230246251565e-16,True,True,True
1123,yR8,0.8016013480390526,59.0,False,0,nonempty_primary_group,146,0.8016013480390528,59,2.220446049250313e-16,True,True,True
1124,yR8,0.7940213472652828,59.0,False,0,nonempty_primary_group,147,0.7940213472652828,59,0.0,True,True,True
1125,yR8,1.1098710836152388,102.0,True,0,nonempty_primary_group,148,1.1073955862670763,101,0.0024754973481624365,False,False,False
1126,yR8,1.131941680114084,75.0,True,0,nonempty_primary_group,149,1.1319416801140838,75,2.220446049250313e-16,True,True,True
1127,yR8,0.8060305907191395,16.0,False,0,nonempty_primary_group,150,0.8060305907191396,16,1.1102230246251565e-16,True,True,True
1128,yR8,0.8597372015326082,16.0,False,0,nonempty_primary_group,151,0.8597372015326081,16,1.1102230246251565e-16,True,True,True
1129,yR8,0.7900657573125571,47.0,True,0,nonempty_primary_group,152,0.790065757312557,47,1.1102230246251565e-16,True,True,True
1130,yR8,0.7182725235598388,47.0,True,0,nonempty_primary_group,153,0.7182725235598388,47,0.0,True,True,True
1131,yR8,0.34637284238213767,29.0,False,0,nonempty_primary_group,154,0.3463728423821376,29,5.551115123125783e-17,True,True,True
1132,yR8,1.020856705773463,11.0,True,0,nonempty_primary_group,155,1.0208567057734628,11,2.220446049250313e-16,True,True,True
1133,yR8,0.9672847855220584,11.0,True,0,nonempty_primary_group,156,0.9672847855220585,11,1.1102230246251565e-16,True,True,True
1134,yR8,0.9620863477206878,16.0,True,0,nonempty_primary_group,157,0.9620863477206877,16,1.1102230246251565e-16,True,True,True
1135,yR8,0.799280014154812,16.0,True,0,nonempty_primary_group,158,0.7992800141548119,16,1.1102230246251565e-16,True,True,True
1136,yR8,1.0256409577017815,3.0,True,0,nonempty_primary_group,159,1.0256409577017815,3,0.0,True,True,True
1137,yR8,0.9005146461659289,19.0,True,0,nonempty_primary_group,160,0.9005146461659289,19,0.0,True,True,True
1138,yR8,1.0233686510936468,18.0,True,0,nonempty_primary_group,161,1.023368651093647,18,2.220446049250313e-16,True,True,True
1139,yR8,0.852453508684694,18.0,True,0,nonempty_primary_group,162,0.852453508684694,18,0.0,True,True,True
1140,yR8,0.9860015429097357,93.0,False,0,nonempty_primary_group,163,0.9860015429097359,93,1.1102230246251565e-16,True,True,True
1141,yR8,0.982276086267197,46.0,False,0,nonempty_primary_group,164,0.9822760862671968,46,2.220446049250313e-16,True,True,True
1142,yR8,0.6675753898164662,38.0,True,0,nonempty_primary_group,165,0.6675753898164662,38,0.0,True,True,True
1143,yR8,0.965488217671275,17.0,False,0,nonempty_primary_group,166,0.9654882176712749,17,1.1102230246251565e-16,True,True,True
1144,yR8,1.349988846953042,45.0,True,0,nonempty_primary_group,167,1.349988846953042,45,0.0,True,True,True
1145,yR8,0.8194003977737339,8.0,True,0,nonempty_primary_group,168,0.819400397773734,8,1.1102230246251565e-16,True,True,True
1146,yR8,1.2896242707991792,30.0,True,0,nonempty_primary_group,170,1.2896242707991792,30,0.0,True,True,True
1147,yR8,1.394601956255825,40.0,True,0,nonempty_primary_group,171,1.3946019562558252,40,2.220446049250313e-16,True,True,True
1148,yR8,1.4219150914418826,37.0,True,0,nonempty_primary_group,172,1.4219150914418828,37,2.220446049250313e-16,True,True,True
1149,yR8,0.8332353402699509,75.0,False,0,nonempty_primary_group,173,0.8332353402699507,75,2.220446049250313e-16,True,True,True
1150,yR8,0.2536549971990278,45.0,True,0,nonempty_primary_group,174,0.2536549971990277,45,1.1102230246251565e-16,True,True,True
1151,yR8,1.1520468674323772,54.0,True,0,nonempty_primary_group,175,1.1493083392217744,52,0.0027385282106027198,False,False,False
1152,yR8,0.9088865790022516,30.0,False,0,nonempty_primary_group,176,0.9088865790022514,30,1.1102230246251565e-16,True,True,True
1153,yR8,0.7512015486100941,38.0,True,0,nonempty_primary_group,177,0.7512015486100944,38,2.220446049250313e-16,True,True,True
1154,yR8,0.3956872374774118,3.0,True,0,nonempty_primary_group,178,0.3956872374774118,3,0.0,True,True,True
1155,yR8,1.074794911810213,39.0,True,0,nonempty_primary_group,179,1.074794911810213,39,0.0,True,True,True
1156,yR8,1.0222825925839791,76.0,True,0,nonempty_primary_group,180,1.008203882158201,74,0.01407871042577824,False,False,False
1157,yR8,1.0026592302356196,16.0,False,0,nonempty_primary_group,181,1.0026592302356194,16,2.220446049250313e-16,True,True,True
1158,yR8,0.9859015727420702,19.0,True,0,nonempty_primary_group,182,0.9859015727420705,19,2.220446049250313e-16,True,True,True
1159,yR8,0.9841578903569532,47.0,True,0,nonempty_primary_group,183,0.984157890356953,47,2.220446049250313e-16,True,True,True
1160,yR8,0.215149399865024,9.0,True,0,nonempty_primary_group,184,0.21514939986502404,9,5.551115123125783e-17,True,True,True
1161,yR8,1.2909046647177937,10.0,True,0,nonempty_primary_group,185,1.2909046647177935,10,2.220446049250313e-16,True,True,True
1162,yR8,0.8530611532195994,390.0,False,0,nonempty_primary_group,186,0.8506773662925866,386,0.0023837869270127987,False,False,False
1163,yR8,-0.6914964374789975,11.0,True,0,nonempty_primary_group,187,-0.6914964374789975,11,0.0,True,True,True
1164,yR8,-0.6562383339101772,11.0,True,0,nonempty_primary_group,188,-0.6562383339101772,11,0.0,True,True,True
1165,yR8,-0.33724790581729913,53.0,True,0,nonempty_primary_group,189,-0.33724790581729913,53,0.0,True,True,True
1166,yR8,-0.4192926170410333,53.0,True,0,nonempty_primary_group,190,-0.41929261704103343,53,1.1102230246251565e-16,True,True,True
1167,yR8,0.1375505949261814,26.0,True,0,nonempty_primary_group,191,0.13755059492618144,26,2.7755575615628914e-17,True,True,True
1168,yR8,0.6243999044168754,63.0,True,0,nonempty_primary_group,192,0.6160189106422933,61,0.008380993774582124,False,False,False
1169,yR8,-0.7079287744990657,177.0,False,0,nonempty_primary_group,193,-0.7265958469695917,173,0.018667072470526014,False,False,False
1170,yR8,-0.6919022022702601,190.0,False,0,nonempty_primary_group,194,-0.7115199120437413,186,0.019617709773481207,False,False,False
1171,yR8,-0.9702614789854286,13.0,True,0,nonempty_primary_group,195,-0.9702614789854286,13,0.0,True,True,True
1172,yR8,0.7725448488738955,103.0,True,0,nonempty_primary_group,198,0.7708204572557897,101,0.0017243916181057806,False,False,False
1173,yR8,0.6784085273031684,29.0,False,0,nonempty_primary_group,199,0.6784085273031681,29,2.220446049250313e-16,True,True,True
1174,yR8,0.8605590040841067,29.0,False,0,nonempty_primary_group,200,0.8605590040841067,29,0.0,True,True,True
1175,yR8,0.4112895303950354,45.0,True,0,nonempty_primary_group,201,0.4112895303950355,45,1.1102230246251565e-16,True,True,True
1176,yR8,0.470808245447783,29.0,False,0,nonempty_primary_group,202,0.47080824544778294,29,5.551115123125783e-17,True,True,True
1177,yR8,0.8430771158917715,9.0,True,0,nonempty_primary_group,203,0.8430771158917715,9,0.0,True,True,True
1178,yR8,0.9523669494244705,59.0,True,0,nonempty_primary_group,204,0.9358300820991081,55,0.016536867325362414,False,False,False
1179,yR8,0.8017270943115182,19.0,False,0,nonempty_primary_group,205,0.8017270943115181,19,1.1102230246251565e-16,True,True,True
1180,yR8,0.9709554014509623,27.0,True,0,nonempty_primary_group,206,0.9709554014509623,27,0.0,True,True,True
1181,yR8,1.2464205727074087,11.0,True,0,nonempty_primary_group,207,1.2464205727074087,11,0.0,True,True,True
1182,yR8,1.0237873692036776,198.0,False,0,nonempty_primary_group,208,1.0226983305893869,194,0.0010890386142907715,False,False,False
1183,yR8,1.2473279028455804,41.0,False,0,nonempty_primary_group,209,1.2473279028455804,41,0.0,True,True,True
1184,yR8,0.8930405445432897,17.0,False,0,nonempty_primary_group,210,0.89304054454329,17,2.220446049250313e-16,True,True,True
1185,yR8,0.9948563171905139,11.0,True,0,nonempty_primary_group,211,0.9926541319423049,9,0.002202185248209032,False,False,False
1186,yR8,1.1042424605796348,32.0,True,0,nonempty_primary_group,212,1.104242460579635,32,2.220446049250313e-16,True,True,True
1187,yR8,0.9402947030572424,24.0,False,0,nonempty_primary_group,213,0.9402947030572424,24,0.0,True,True,True
1188,yR8,0.8493755485913616,7.0,True,0,nonempty_primary_group,214,0.8493755485913616,7,0.0,True,True,True
1189,yR8,1.6468670446342768,2.0,True,0,nonempty_primary_group,215,1.6468670446342768,2,0.0,True,True,True
1190,yR8,1.2100125476362429,9.0,True,0,nonempty_primary_group,216,1.2100125476362427,9,2.220446049250313e-16,True,True,True
1191,yR8,1.3326789883661276,31.0,True,0,nonempty_primary_group,217,1.3326789883661272,31,4.440892098500626e-16,True,True,True
1192,yR8,0.9817111417704828,29.0,True,0,nonempty_primary_group,218,0.981711141770483,29,2.220446049250313e-16,True,True,True
1193,yR8,0.8354889799681516,29.0,True,0,nonempty_primary_group,219,0.8354889799681517,29,1.1102230246251565e-16,True,True,True
1194,yR8,0.8428033077419315,8.0,True,0,nonempty_primary_group,220,0.8428033077419314,8,1.1102230246251565e-16,True,True,True
1195,yR8,0.92087097234985,8.0,True,0,nonempty_primary_group,221,0.92087097234985,8,0.0,True,True,True
1196,yR8,0.9243051671892761,13.0,True,0,nonempty_primary_group,222,0.9243051671892759,13,2.220446049250313e-16,True,True,True
1197,yR8,0.5068458500198502,13.0,True,0,nonempty_primary_group,223,0.5068458500198502,13,0.0,True,True,True
1198,yR8,0.26392892696233244,48.0,True,0,nonempty_primary_group,224,0.26392892696233233,48,1.1102230246251565e-16,True,True,True
1199,yR8,1.2505163919326652,78.0,True,0,nonempty_primary_group,225,1.2449889571214445,75,0.005527434811220644,False,False,False
1200,yR8,0.9456281623740364,48.0,False,0,nonempty_primary_group,226,0.9456281623740365,48,1.1102230246251565e-16,True,True,True
1201,yR8,1.467059944748199,16.0,True,0,nonempty_primary_group,227,1.4670599447481987,16,2.220446049250313e-16,True,True,True
1202,yR8,0.7968241953381304,16.0,True,0,nonempty_primary_group,228,0.7968241953381303,16,1.1102230246251565e-16,True,True,True
1203,yR8,1.0512596735734883,16.0,True,0,nonempty_primary_group,229,1.0512596735734878,16,4.440892098500626e-16,True,True,True
1204,yR8,1.3546212938627105,3.0,True,0,nonempty_primary_group,230,1.3546212938627107,3,2.220446049250313e-16,True,True,True
1205,yR8,0.735483364567659,10.0,True,0,nonempty_primary_group,231,0.7354833645676588,10,1.1102230246251565e-16,True,True,True
1206,yR8,0.9434171495048399,24.0,True,0,nonempty_primary_group,232,0.9497609536274535,23,0.006343804122613594,False,False,False
1207,yR8,1.0239273619205165,34.0,True,0,nonempty_primary_group,233,1.031939272610259,33,0.008011910689742496,False,False,False
1208,yR8,0.38242210185346254,16.0,False,0,nonempty_primary_group,234,0.3824221018534625,16,5.551115123125783e-17,True,True,True
1209,yR8,1.0349887359728225,76.0,True,0,nonempty_primary_group,235,1.0345635250918628,74,0.0004252108809597033,False,False,False
1210,yR8,1.2821133829115499,14.0,True,0,nonempty_primary_group,236,1.2821133829115499,14,0.0,True,True,True
1211,yR8,1.2775025990988451,14.0,True,0,nonempty_primary_group,237,1.2761153278625497,13,0.001387271236295451,False,False,False
1212,yR8,0.832920286343252,59.0,True,0,nonempty_primary_group,238,0.8089011460216476,55,0.02401914032160435,False,False,False
1213,yR8,0.4614923328872105,13.0,True,0,nonempty_primary_group,239,0.4614923328872106,13,1.1102230246251565e-16,True,True,True
1214,yR8,0.6631675465601079,8.0,True,0,nonempty_primary_group,240,0.6631675465601078,8,1.1102230246251565e-16,True,True,True
1215,yR8,0.41537474604842206,67.0,False,0,nonempty_primary_group,241,0.4153747460484219,67,1.6653345369377348e-16,True,True,True
1216,yR8,0.9049003452859967,14.0,True,0,nonempty_primary_group,242,0.910376347545808,13,0.005476002259811263,False,False,False
1217,yR8,1.0365549497826423,71.0,True,0,nonempty_primary_group,243,1.0272798608748759,68,0.009275088907766404,False,False,False
1218,yR8,1.755489963674523,12.0,True,0,nonempty_primary_group,244,1.755489963674523,12,0.0,True,True,True
1219,yR8,1.111463395760032,16.0,True,0,nonempty_primary_group,245,1.1114633957600322,16,2.220446049250313e-16,True,True,True
1220,yR8,0.7444053276082233,27.0,True,0,nonempty_primary_group,246,0.7444053276082232,27,1.1102230246251565e-16,True,True,True
1221,yR8,0.8651705526988399,27.0,True,0,nonempty_primary_group,247,0.8651705526988399,27,0.0,True,True,True
1222,yR8,1.0803754969619561,37.0,False,0,nonempty_primary_group,248,1.0803754969619563,37,2.220446049250313e-16,True,True,True
1223,yR8,1.5995315826578203,3.0,True,0,nonempty_primary_group,249,1.5995315826578203,3,0.0,True,True,True
1224,yR8,1.625999568043982,61.0,True,0,nonempty_primary_group,250,1.6259995680439816,61,4.440892098500626e-16,True,True,True
1225,yR8,1.2050901829501346,18.0,True,0,nonempty_primary_group,251,1.2050901829501344,18,2.220446049250313e-16,True,True,True
1226,yR8,0.9551872418835591,29.0,False,0,nonempty_primary_group,252,0.9551872418835591,29,0.0,True,True,True
1227,yR8,0.8380521602783928,27.0,True,0,nonempty_primary_group,253,0.8380521602783929,27,1.1102230246251565e-16,True,True,True
1228,yR8,0.9015961856305255,11.0,True,0,nonempty_primary_group,254,0.9015961856305253,11,1.1102230246251565e-16,True,True,True
1229,yR8,1.1108059947267594,40.0,True,0,nonempty_primary_group,255,1.1160310538182021,38,0.005225059091442663,False,False,False
1230,yR8,0.9360135636334984,40.0,True,0,nonempty_primary_group,256,0.9264083003450952,38,0.009605263288403165,False,False,False
1231,yR8,1.2201475638181367,14.0,True,0,nonempty_primary_group,257,1.2201475638181367,14,0.0,True,True,True
1232,yR8,-0.8727891936507435,11.0,True,0,nonempty_primary_group,258,-0.8727891936507437,11,2.220446049250313e-16,True,True,True
1233,yR8,-0.7176190013554117,11.0,True,0,nonempty_primary_group,259,-0.7176190013554118,11,1.1102230246251565e-16,True,True,True
1234,yR8,0.7486617889711125,27.0,False,0,nonempty_primary_group,260,0.7486617889711127,27,2.220446049250313e-16,True,True,True
1235,yR8,1.1128768930434902,225.0,False,0,nonempty_primary_group,261,1.109045109850726,221,0.0038317831927643375,False,False,False
1236,yR8,0.9586916120626364,17.0,False,0,nonempty_primary_group,262,0.9586916120626363,17,1.1102230246251565e-16,True,True,True
1237,yR8,0.7173666751812152,29.0,False,0,nonempty_primary_group,263,0.7173666751812153,29,1.1102230246251565e-16,True,True,True
1238,yR8,1.0983884635863077,32.0,True,0,nonempty_primary_group,264,1.098388463586308,32,2.220446049250313e-16,True,True,True
1239,yR8,0.7348434416167425,52.0,True,0,nonempty_primary_group,265,0.7348434416167422,52,3.3306690738754696e-16,True,True,True
1240,yR8,0.9830587531842323,38.0,True,0,nonempty_primary_group,266,0.9830587531842323,38,0.0,True,True,True
1241,yR8,1.3666492900323008,14.0,True,0,nonempty_primary_group,267,1.3666492900323006,14,2.220446049250313e-16,True,True,True
1242,yR8,1.312501350262138,18.0,True,0,nonempty_primary_group,268,1.312501350262138,18,0.0,True,True,True
1243,yR8,0.6846950395553959,11.0,True,0,nonempty_primary_group,269,0.6533962504001816,9,0.031298789155214335,False,False,False
1244,yR8,1.2148978594074877,14.0,True,0,nonempty_primary_group,270,1.221608433712354,13,0.0067105743048663236,False,False,False
1245,yR8,-1.1420662773844907,16.0,True,0,nonempty_primary_group,271,-1.142066277384491,16,2.220446049250313e-16,True,True,True
1246,yR8,-1.1136947708174405,16.0,True,0,nonempty_primary_group,272,-1.1136947708174403,16,2.220446049250313e-16,True,True,True
1247,yR8,0.9596438392840041,24.0,True,0,nonempty_primary_group,273,0.9596438392840043,24,2.220446049250313e-16,True,True,True
1248,yR8,2.197518219003073,1.0,True,0,nonempty_primary_group,274,2.1975182190030735,1,4.440892098500626e-16,True,True,True
1249,yR8,1.4266236029673132,1.0,True,0,nonempty_primary_group,275,1.4266236029673136,1,4.440892098500626e-16,True,True,True
1250,yR8,0.9207580348780323,24.0,True,0,nonempty_primary_group,276,0.9207580348780323,24,0.0,True,True,True
1251,yR8,0.12888803969089993,6.0,True,0,nonempty_primary_group,277,0.12888803969089993,6,0.0,True,True,True
1252,yR8,-0.6448255041832445,34.0,True,0,nonempty_primary_group,278,-0.6448255041832445,34,0.0,True,True,True
1253,yR8,-0.6426282178619248,34.0,True,0,nonempty_primary_group,279,-0.6426282178619249,34,1.1102230246251565e-16,True,True,True
1254,yR8,-1.3467544302908017,56.0,False,0,nonempty_primary_group,280,-1.3467544302908014,56,2.220446049250313e-16,True,True,True
1255,yR8,-1.089136465806565,56.0,False,0,nonempty_primary_group,281,-1.0891364658065652,56,2.220446049250313e-16,True,True,True
1256,yR8,-0.8983599792427084,17.0,True,0,nonempty_primary_group,282,-0.8983599792427083,17,1.1102230246251565e-16,True,True,True
1257,yR8,-0.9819239862544686,17.0,True,0,nonempty_primary_group,283,-0.9819239862544684,17,2.220446049250313e-16,True,True,True
1258,yR8,-0.2791142379384356,36.0,True,0,nonempty_primary_group,284,-0.2791142379384355,36,1.1102230246251565e-16,True,True,True
1259,yR8,-0.2786468050731863,36.0,True,0,nonempty_primary_group,285,-0.2786468050731863,36,0.0,True,True,True
1260,yR8,0.5238972615754244,48.0,False,0,nonempty_primary_group,286,0.5238972615754244,48,0.0,True,True,True
1261,yR8,0.7174240313040213,9.0,True,0,nonempty_primary_group,287,0.7174240313040213,9,0.0,True,True,True
1262,yR8,0.9239091609150234,19.0,False,0,nonempty_primary_group,288,0.9239091609150233,19,1.1102230246251565e-16,True,True,True
1263,yR8,0.31550084605418427,45.0,True,0,nonempty_primary_group,289,0.31550084605418427,45,0.0,True,True,True
1264,yR8,1.5489898900105925,32.0,True,0,nonempty_primary_group,290,1.5489898900105927,32,2.220446049250313e-16,True,True,True
1265,yR8,0.8097551728304867,11.0,True,0,nonempty_primary_group,291,0.7474944586458159,9,0.06226071418467083,False,False,False
1266,yR8,1.1009707730473577,36.0,True,0,nonempty_primary_group,292,1.1045396530689697,35,0.003568880021612042,False,False,False
1267,yR8,0.9716389651268734,68.0,True,0,nonempty_primary_group,293,0.9663645404593723,66,0.005274424667501165,False,False,False
1268,yR8,1.0418129527561424,104.0,True,0,nonempty_primary_group,294,1.0388123084169458,101,0.0030006443391965565,False,False,False
1269,yR8,1.0515132293782268,67.0,False,0,nonempty_primary_group,295,1.051513229378227,67,2.220446049250313e-16,True,True,True
1270,yR8,1.1297777076632909,67.0,False,0,nonempty_primary_group,296,1.1297777076632909,67,0.0,True,True,True
1271,yR8,1.172300824815132,39.0,True,0,nonempty_primary_group,297,1.172300824815132,39,0.0,True,True,True
1272,yR8,0.9902652741398686,12.0,True,0,nonempty_primary_group,298,0.9902652741398684,12,2.220446049250313e-16,True,True,True
1273,yR8,0.9418263868687856,12.0,True,0,nonempty_primary_group,299,0.9418263868687856,12,0.0,True,True,True
1274,yR8,0.8534813308780196,39.0,True,0,nonempty_primary_group,300,0.8534813308780198,39,2.220446049250313e-16,True,True,True
1275,yR8,1.1538422847332892,24.0,True,0,nonempty_primary_group,301,1.1531208679497282,23,0.0007214167835609686,False,False,False
1276,yR8,1.0087689844038001,41.0,True,0,nonempty_primary_group,302,0.993342550557259,38,0.015426433846541188,False,False,False
1277,yR8,1.0665742344064515,40.0,True,0,nonempty_primary_group,303,1.064814193757992,39,0.001760040648459471,False,False,False
1278,yR8,-0.21816447323434152,9.0,True,0,nonempty_primary_group,304,-0.21816447323434154,9,2.7755575615628914e-17,True,True,True
1279,yR8,-0.14096734668040736,103.0,True,0,nonempty_primary_group,305,-0.15601334658044383,100,0.015045999900036466,False,False,False
1280,yR8,1.3866119868218774,9.0,True,0,nonempty_primary_group,306,1.3866119868218771,9,2.220446049250313e-16,True,True,True
1281,yR8,1.0573082400920415,9.0,True,0,nonempty_primary_group,307,1.0573082400920415,9,0.0,True,True,True
1282,yR8,0.9349018647189294,13.0,True,0,nonempty_primary_group,309,0.9349018647189292,13,2.220446049250313e-16,True,True,True
1283,yR8,1.1528358270746644,14.0,True,0,nonempty_primary_group,310,1.165520258561273,13,0.012684431486608583,False,False,False
1284,yR8,0.9679256207421021,14.0,True,0,nonempty_primary_group,311,0.9548206624102799,13,0.013104958331822236,False,False,False
1285,yR8,1.2267217470019538,2.0,True,0,nonempty_primary_group,312,1.2267217470019536,2,2.220446049250313e-16,True,True,True
1286,yR8,1.20916630614856,78.0,True,0,nonempty_primary_group,313,1.2004452861141686,75,0.008721020034391458,False,False,False
1287,yR8,0.8040409228079978,29.0,False,0,nonempty_primary_group,314,0.8040409228079979,29,1.1102230246251565e-16,True,True,True
1288,yR8,0.4681739676142769,30.0,False,0,nonempty_primary_group,319,0.4681739676142769,30,0.0,True,True,True
1289,yR8,0.8097310510350137,38.0,True,0,nonempty_primary_group,320,0.8097310510350136,38,1.1102230246251565e-16,True,True,True
1290,yR8,1.389819480387165,12.0,True,0,nonempty_primary_group,321,1.3898194803871649,12,2.220446049250313e-16,True,True,True
1291,yR8,0.9717919196267325,6.0,True,0,nonempty_primary_group,323,0.9717919196267323,6,2.220446049250313e-16,True,True,True
1292,yR8,0.42587774337880474,62.0,True,0,nonempty_primary_group,324,0.4258777433788048,62,5.551115123125783e-17,True,True,True
1293,yR8,0.957335984168582,19.0,False,0,nonempty_primary_group,325,0.9573359841685822,19,2.220446049250313e-16,True,True,True
1294,yR8,0.9582571928987037,59.0,False,0,nonempty_primary_group,326,0.9582571928987037,59,0.0,True,True,True
1295,yR8,0.7024602878590971,29.0,False,0,nonempty_primary_group,327,0.7024602878590972,29,1.1102230246251565e-16,True,True,True
1296,yR8,1.076072098335366,11.0,False,0,nonempty_primary_group,328,1.076072098335366,11,0.0,True,True,True
1297,yR8,0.6659094449171968,11.0,True,0,nonempty_primary_group,329,0.665909444917197,11,1.1102230246251565e-16,True,True,True
1298,yR8,0.9612477639315397,81.0,True,0,nonempty_primary_group,330,0.9501238561652786,77,0.011123907766261043,False,False,False
1299,yR8,0.24513971225432418,19.0,False,0,nonempty_primary_group,331,0.24513971225432418,19,0.0,True,True,True
1300,yR8,1.4504781543225655,2.0,True,0,nonempty_primary_group,332,1.4504781543225653,2,2.220446049250313e-16,True,True,True
1301,yR8,1.0787983377795285,2.0,True,0,nonempty_primary_group,333,1.0787983377795285,2,0.0,True,True,True
1302,yR8,0.669806639439044,36.0,True,0,nonempty_primary_group,334,0.6698066394390437,36,2.220446049250313e-16,True,True,True
1303,yR8,0.578412450153618,36.0,True,0,nonempty_primary_group,335,0.5784124501536179,36,1.1102230246251565e-16,True,True,True
1304,yR8,1.1317973946335083,193.0,False,0,nonempty_primary_group,336,1.1273064930623138,189,0.004490901571194472,False,False,False
1305,yR8,0.7858908349839714,19.0,False,0,nonempty_primary_group,337,0.7858908349839714,19,0.0,True,True,True
1306,yR8,1.1356028385664998,29.0,True,0,nonempty_primary_group,338,1.1356028385664998,29,0.0,True,True,True
1307,yR8,-0.32183244804312144,9.0,True,0,nonempty_primary_group,339,-0.32183244804312144,9,0.0,True,True,True
1308,yR8,0.8800127225280122,78.0,True,0,nonempty_primary_group,340,0.8800127225280124,78,2.220446049250313e-16,True,True,True
1309,yR8,-0.39645997957146883,19.0,False,0,nonempty_primary_group,341,-0.3964599795714689,19,5.551115123125783e-17,True,True,True
1310,yR8,0.0558899664025908,11.0,True,0,nonempty_primary_group,342,0.055889966402590786,11,1.3877787807814457e-17,True,True,True
1311,yR8,0.9857729723098986,78.0,True,0,nonempty_primary_group,343,0.985772972309899,78,4.440892098500626e-16,True,True,True
1312,yR8,0.7849927212861972,38.0,True,0,nonempty_primary_group,345,0.784992721286197,38,2.220446049250313e-16,True,True,True
1313,yR8,0.39917416013433554,62.0,True,0,nonempty_primary_group,346,0.39917416013433543,62,1.1102230246251565e-16,True,True,True
1314,yR8,0.6592522512217043,11.0,False,0,nonempty_primary_group,347,0.6592522512217042,11,1.1102230246251565e-16,True,True,True
1315,yR8,0.7774430580835447,18.0,True,0,nonempty_primary_group,348,0.7774430580835447,18,0.0,True,True,True
1316,yR8,0.8073152529877599,27.0,False,0,nonempty_primary_group,349,0.8073152529877599,27,0.0,True,True,True
1317,yR8,1.043994748921758,3.0,True,0,nonempty_primary_group,350,1.043994748921758,3,0.0,True,True,True
1318,yR8,0.7516323020495571,52.0,True,0,nonempty_primary_group,351,0.751632302049557,52,1.1102230246251565e-16,True,True,True
1319,yR8,0.262325176125994,16.0,True,0,nonempty_primary_group,352,0.262325176125994,16,0.0,True,True,True
1320,yR8,0.288817375234522,60.0,True,0,nonempty_primary_group,353,0.28357436316013157,59,0.00524301207439043,False,False,False
1321,yR8,0.5293014096857029,25.0,True,0,nonempty_primary_group,354,0.5001900116331943,22,0.02911139805250862,False,False,False
1322,yR8,1.1817244813972336,37.0,False,0,nonempty_primary_group,356,1.1817244813972332,37,4.440892098500626e-16,True,True,True
1323,yR8,1.6679516764265636,61.0,True,0,nonempty_primary_group,357,1.6679516764265632,61,4.440892098500626e-16,True,True,True
1324,yR8,-0.12491581137870598,103.0,True,0,nonempty_primary_group,358,-0.1395359764212175,100,0.014620165042511526,False,False,False
1325,yR8,0.5346027875027681,19.0,False,0,nonempty_primary_group,359,0.5346027875027681,19,0.0,True,True,True
1326,yR8,1.1223172799243266,11.0,True,0,nonempty_primary_group,360,1.1223172799243268,11,2.220446049250313e-16,True,True,True
1327,yR8,0.8754441173041446,24.0,False,0,nonempty_primary_group,361,0.8754441173041445,24,1.1102230246251565e-16,True,True,True
1328,yR8,1.0324259269887526,2.0,True,0,nonempty_primary_group,362,1.0324259269887524,2,2.220446049250313e-16,True,True,True
1329,yR8,0.8992751763624371,10.0,True,0,nonempty_primary_group,363,0.8992751763624371,10,0.0,True,True,True
1330,yR8,0.4688539213458612,13.0,True,0,nonempty_primary_group,364,0.46885392134586124,13,5.551115123125783e-17,True,True,True
1331,yR8,0.36224399792811796,24.0,True,0,nonempty_primary_group,365,0.33674056056632706,23,0.025503437361790893,False,False,False
1332,yR8,0.666831404088683,16.0,True,0,nonempty_primary_group,366,0.6668314040886832,16,2.220446049250313e-16,True,True,True
1333,yR8,0.754243033153947,16.0,True,0,nonempty_primary_group,367,0.754243033153947,16,0.0,True,True,True
1334,yR8,0.5230626598712264,14.0,True,0,nonempty_primary_group,368,0.5278741455202572,13,0.004811485649030889,False,False,False
1335,yR8,0.005186371942179879,6.0,True,0,nonempty_primary_group,369,0.005186371942179875,6,3.469446951953614e-18,True,True,True
1336,yR8,0.9461525377287313,30.0,True,0,nonempty_primary_group,370,0.9461525377287313,30,0.0,True,True,True
1337,yR8,1.1351204313564822,74.0,True,0,nonempty_primary_group,371,1.137391565839426,71,0.002271134482943804,False,False,False
1338,yR8,1.059870308396468,16.0,True,0,nonempty_primary_group,372,1.059870308396468,16,0.0,True,True,True
1339,yR8,0.9067918683482458,16.0,True,0,nonempty_primary_group,373,0.9067918683482459,16,1.1102230246251565e-16,True,True,True
1340,yR8,0.9093166367175849,34.0,True,0,nonempty_primary_group,374,0.9046775358913808,33,0.004639100826204112,False,False,False
1341,yR8,1.2584490849366674,12.0,True,0,nonempty_primary_group,375,1.2584490849366672,12,2.220446049250313e-16,True,True,True
1342,yR8,1.0559369519434956,30.0,True,0,nonempty_primary_group,376,1.0559369519434953,30,2.220446049250313e-16,True,True,True
1343,yR8,0.9674942820101491,29.0,False,0,nonempty_primary_group,377,0.9674942820101492,29,1.1102230246251565e-16,True,True,True
1344,yR8,1.065749241793037,29.0,True,0,nonempty_primary_group,378,1.065749241793037,29,0.0,True,True,True
1345,yR8,0.6960130032290953,8.0,True,0,nonempty_primary_group,379,0.6960130032290953,8,0.0,True,True,True
1346,yR8,-1.0452911704067198,29.0,True,0,nonempty_primary_group,380,-1.04529117040672,29,2.220446049250313e-16,True,True,True
1347,yR8,-0.9040083375632209,29.0,True,0,nonempty_primary_group,381,-0.9040083375632209,29,0.0,True,True,True
1348,yR8,0.07069361511618105,54.0,True,0,nonempty_primary_group,382,0.07069361511618102,54,2.7755575615628914e-17,True,True,True
1349,yR8,1.2604222030804417,42.0,True,0,nonempty_primary_group,383,1.2604222030804417,42,0.0,True,True,True
1350,yR8,1.087494854720598,54.0,True,0,nonempty_primary_group,384,1.0791815190569585,52,0.008313335663639565,False,False,False
1351,yR8,0.014044849907598005,25.0,False,0,nonempty_primary_group,385,0.014044849907598028,25,2.2551405187698492e-17,True,True,True
1352,yR8,1.0438315585092377,11.0,False,0,nonempty_primary_group,386,1.0438315585092375,11,2.220446049250313e-16,True,True,True
1353,yR8,-1.4427222087787668,8.0,False,0,nonempty_primary_group,387,-1.4427222087787668,8,0.0,True,True,True
1354,yR8,-1.5922859360112565,8.0,False,0,nonempty_primary_group,388,-1.5922859360112558,8,6.661338147750939e-16,True,True,True
1355,yR8,-0.6450098725797294,3.0,True,0,nonempty_primary_group,389,-0.6450098725797296,3,2.220446049250313e-16,True,True,True
1356,yR8,-0.9445966566025762,25.0,True,0,nonempty_primary_group,390,-0.944596656602576,25,2.220446049250313e-16,True,True,True
1357,yR8,-0.8481336191131701,25.0,True,0,nonempty_primary_group,391,-0.8481336191131703,25,2.220446049250313e-16,True,True,True
1358,yR8,1.0416221869835243,32.0,True,0,nonempty_primary_group,392,1.0416221869835243,32,0.0,True,True,True
1359,yR8,-0.7628929995385948,56.0,False,0,nonempty_primary_group,393,-0.7628929995385949,56,1.1102230246251565e-16,True,True,True
1360,yR8,-0.0896480847713219,49.0,True,0,nonempty_primary_group,394,-0.0896480847713219,49,0.0,True,True,True
1361,yR8,-0.06117577001682793,25.0,False,0,nonempty_primary_group,395,-0.06117577001682793,25,0.0,True,True,True
1362,yR8,0.15664223853161666,54.0,True,0,nonempty_primary_group,396,0.1566422385316166,54,5.551115123125783e-17,True,True,True
1363,yR8,0.924093441372724,30.0,True,0,nonempty_primary_group,397,0.924093441372724,30,0.0,True,True,True
1364,yR8,0.9035140556782871,27.0,True,0,nonempty_primary_group,398,0.903514055678287,27,1.1102230246251565e-16,True,True,True
1365,yR8,1.260708258336649,11.0,False,0,nonempty_primary_group,399,1.260708258336649,11,0.0,True,True,True
1366,yR8,0.5768180044204786,129.0,True,0,nonempty_primary_group,400,0.5734568793791016,127,0.0033611250413769778,False,False,False
1367,yR8,-0.13002610943609763,56.0,True,0,nonempty_primary_group,401,-0.13002610943609758,56,5.551115123125783e-17,True,True,True
1368,yR8,0.8085752132345126,7.0,True,0,nonempty_primary_group,402,0.8085752132345128,7,1.1102230246251565e-16,True,True,True
1369,yR8,0.5984133327749361,3.0,True,0,nonempty_primary_group,403,0.5984133327749361,3,0.0,True,True,True
1370,yR8,0.8214869372966557,24.0,True,0,nonempty_primary_group,404,0.8205983545329265,23,0.0008885827637291621,False,False,False
1371,yR8,0.8111932641272819,58.0,False,0,nonempty_primary_group,405,0.8111932641272818,58,1.1102230246251565e-16,True,True,True
1372,yR8,1.0758145078614223,67.0,False,0,nonempty_primary_group,406,1.0758145078614223,67,0.0,True,True,True
1373,yR8,1.2876466313102644,42.0,True,0,nonempty_primary_group,407,1.287646631310264,42,4.440892098500626e-16,True,True,True
1374,yR8,1.191989808790577,12.0,True,0,nonempty_primary_group,408,1.191989808790577,12,0.0,True,True,True
1375,yR8,-0.6249464684000847,29.0,False,0,nonempty_primary_group,409,-0.6249464684000847,29,0.0,True,True,True
1376,yR8,1.0710655711877046,28.0,True,0,nonempty_primary_group,410,1.0710655711877044,28,2.220446049250313e-16,True,True,True
1377,yR8,0.618768936624319,8.0,True,0,nonempty_primary_group,411,0.618768936624319,8,0.0,True,True,True
1378,yR8,1.2271146984129493,51.0,True,0,nonempty_primary_group,412,1.2271146984129495,51,2.220446049250313e-16,True,True,True
1379,yR8,0.06514962132788688,14.0,True,0,nonempty_primary_group,413,0.06514962132788689,14,1.3877787807814457e-17,True,True,True
1380,yR8,-1.023442190704992,3.0,True,0,nonempty_primary_group,414,-1.0234421907049922,3,2.220446049250313e-16,True,True,True
1381,yR8,-0.043284913684549994,49.0,True,0,nonempty_primary_group,415,-0.043284913684549994,49,0.0,True,True,True
1382,yR8,-0.6607163413209373,56.0,False,0,nonempty_primary_group,416,-0.6607163413209373,56,0.0,True,True,True
1383,yR8,0.7894992409875677,30.0,True,0,nonempty_primary_group,417,0.7894992409875677,30,0.0,True,True,True
1384,yR8,1.0366109774525685,30.0,True,0,nonempty_primary_group,418,1.0366109774525685,30,0.0,True,True,True
1385,yR8,-0.1626919405503977,34.0,True,0,nonempty_primary_group,419,-0.16269194055039765,34,5.551115123125783e-17,True,True,True
1386,yR8,-0.18903384635547546,34.0,True,0,nonempty_primary_group,420,-0.1890338463554755,34,2.7755575615628914e-17,True,True,True
1387,yR8,1.1060267096704652,32.0,True,0,nonempty_primary_group,421,1.106026709670465,32,2.220446049250313e-16,True,True,True
1388,yR8,0.20470717281241416,19.0,False,0,nonempty_primary_group,422,0.2047071728124142,19,5.551115123125783e-17,True,True,True
1389,yR8,1.1752921878004738,27.0,True,0,nonempty_primary_group,423,1.1752921878004736,27,2.220446049250313e-16,True,True,True
1390,yR8,1.248980663223003,7.0,True,0,nonempty_primary_group,424,1.248980663223003,7,0.0,True,True,True
1391,yR8,0.8663122155096612,34.0,True,0,nonempty_primary_group,425,0.8665562323268674,33,0.00024401681720620516,False,False,False
1392,yR8,-2.053925712290585,13.0,True,0,nonempty_primary_group,426,-2.053925712290585,13,0.0,True,True,True
1393,yR8,-0.4186072379554144,38.0,False,0,nonempty_primary_group,427,-0.41860723795541444,38,5.551115123125783e-17,True,True,True
1394,yR8,-0.2561640238389409,19.0,True,0,nonempty_primary_group,428,-0.2561640238389409,19,0.0,True,True,True
1395,yR8,-0.7073540093589624,16.0,True,0,nonempty_primary_group,429,-0.7073540093589624,16,0.0,True,True,True
1396,yR8,0.8312446024990735,24.0,True,0,nonempty_primary_group,430,0.8239210217942761,23,0.007323580704797439,False,False,False
1397,yR8,-1.0827649939990092,29.0,False,0,nonempty_primary_group,432,-1.0827649939990092,29,0.0,True,True,True
1398,yR8,-0.8885023980599565,30.0,False,0,nonempty_primary_group,433,-0.8885023980599568,30,3.3306690738754696e-16,True,True,True
1399,yR8,-1.3070838773933542,27.0,True,0,nonempty_primary_group,434,-1.3070838773933542,27,0.0,True,True,True
1400,yR8,-1.1303190051842742,13.0,True,0,nonempty_primary_group,435,-1.1303190051842742,13,0.0,True,True,True
1401,yR8,1.6524153439356002,2.0,True,0,nonempty_primary_group,436,1.6524153439356004,2,2.220446049250313e-16,True,True,True
1402,yR8,-0.15423560294320993,19.0,False,0,nonempty_primary_group,437,-0.15423560294320993,19,0.0,True,True,True
1403,yR8,-0.2355194123171916,18.0,True,0,nonempty_primary_group,438,-0.2355194123171916,18,0.0,True,True,True
1404,yR8,0.01753139524968035,101.0,True,0,nonempty_primary_group,439,-0.00724528337177334,97,0.02477667862145369,False,False,False
1405,yR8,-0.7114485485606442,29.0,False,0,nonempty_primary_group,440,-0.7114485485606441,29,1.1102230246251565e-16,True,True,True
1406,yR8,-0.22365204944943828,14.0,True,0,nonempty_primary_group,442,-0.22365204944943826,14,2.7755575615628914e-17,True,True,True
1407,yR8,-1.2482288179124728,76.0,True,0,nonempty_primary_group,443,-1.2669301843283127,75,0.01870136641583997,False,False,False
1408,yR8,-1.1923313427709543,10.0,True,0,nonempty_primary_group,444,-1.1923313427709545,10,2.220446049250313e-16,True,True,True
1409,yR8,-1.585164559043894,16.0,True,0,nonempty_primary_group,445,-1.5851645590438943,16,2.220446049250313e-16,True,True,True
1410,yR8,1.2837158660604686,51.0,True,0,nonempty_primary_group,446,1.2837158660604682,51,4.440892098500626e-16,True,True,True
1411,yR8,0.9196650639332452,28.0,True,0,nonempty_primary_group,447,0.919665063933245,28,2.220446049250313e-16,True,True,True
1412,yR8,1.2479049832123768,67.0,False,0,nonempty_primary_group,448,1.247904983212377,67,2.220446049250313e-16,True,True,True
1413,yR8,-1.1981317924547275,102.0,True,0,nonempty_primary_group,449,-1.2080353609597443,101,0.009903568505016835,False,False,False
1414,yR8,0.45549883124413343,65.0,True,0,nonempty_primary_group,450,0.4446513868715424,64,0.010847444372591053,False,False,False
1415,yR8,0.3652238083871118,11.0,True,0,nonempty_primary_group,451,0.2193098463371334,9,0.14591396204997842,False,False,False
1416,yR8,0.07429089143504035,129.0,True,0,nonempty_primary_group,452,0.06681086866871706,127,0.0074800227663232854,False,False,False
1417,yR8,-0.08477779402012844,11.0,False,0,nonempty_primary_group,453,-0.08477779402012846,11,1.3877787807814457e-17,True,True,True
1418,yR8,-0.2171373295236192,56.0,True,0,nonempty_primary_group,454,-0.21713732952361917,56,2.7755575615628914e-17,True,True,True
1419,yR8,-0.07093854199475395,24.0,True,0,nonempty_primary_group,455,-0.08861584607112545,23,0.017677304076371497,False,False,False
1420,yR8,0.6204978044502364,16.0,True,0,nonempty_primary_group,456,0.6204978044502363,16,1.1102230246251565e-16,True,True,True
1421,yR8,0.7655330030877157,10.0,True,0,nonempty_primary_group,457,0.7655330030877157,10,0.0,True,True,True
1422,yR8,-0.01572664697776779,19.0,True,0,nonempty_primary_group,458,-0.015726646977767794,19,3.469446951953614e-18,True,True,True
1423,yR8,1.0904040610881698,100.0,True,0,nonempty_primary_group,459,1.0935769165759626,97,0.0031728554877927806,False,False,False
1424,yR8,-1.3464441813490005,13.0,True,0,nonempty_primary_group,460,-1.346444181349001,13,4.440892098500626e-16,True,True,True
1425,yR8,0.16858287549861314,1.0,True,0,nonempty_primary_group,461,0.16858287549861328,1,1.3877787807814457e-16,True,True,True
1426,yR8,-0.30468506159636,3.0,True,0,nonempty_primary_group,462,-0.3046850615963599,3,1.1102230246251565e-16,True,True,True
1427,yR8,0.2548996748264855,3.0,True,0,nonempty_primary_group,463,0.2548996748264854,3,1.1102230246251565e-16,True,True,True
1428,yR8,-0.626968547813188,3.0,True,0,nonempty_primary_group,464,-0.626968547813188,3,0.0,True,True,True
1429,yR8,-0.6350555631128368,59.0,False,0,nonempty_primary_group,465,-0.6350555631128367,59,1.1102230246251565e-16,True,True,True
1430,yR8,-0.026740960298979516,25.0,True,0,nonempty_primary_group,466,-0.026740960298979523,25,6.938893903907228e-18,True,True,True
1431,yR8,-0.12427998518995498,17.0,True,0,nonempty_primary_group,467,-0.12427998518995498,17,0.0,True,True,True
1432,yR8,0.12200380671850573,25.0,True,0,nonempty_primary_group,468,0.12200380671850575,25,1.3877787807814457e-17,True,True,True
1433,yR8,-0.38745940016861163,17.0,True,0,nonempty_primary_group,469,-0.3874594001686116,17,5.551115123125783e-17,True,True,True
1434,yR8,-0.14366551155555315,14.0,True,0,nonempty_primary_group,470,-0.14366551155555315,14,0.0,True,True,True
1435,yR8,-0.24848103961334014,3.0,True,0,nonempty_primary_group,471,-0.24848103961334014,3,0.0,True,True,True
1436,yR8,1.0225934557928869,100.0,True,0,nonempty_primary_group,472,1.0222631266525388,97,0.00033032914034802907,False,False,False
1437,yR8,-0.4959348487225463,9.0,False,0,nonempty_primary_group,473,-0.4959348487225463,9,0.0,True,True,True
1438,yR8,0.6491986706515119,65.0,True,0,nonempty_primary_group,474,0.6408971249953704,64,0.008301545656141496,False,False,False
1439,yR8,-0.028093601758515892,140.0,True,0,nonempty_primary_group,475,-0.047263250124053045,136,0.019169648365537154,False,False,False
1440,yR8,-0.44393466166822204,11.0,False,0,nonempty_primary_group,476,-0.44393466166822204,11,0.0,True,True,True
1441,yR8,-0.09949016173832251,1.0,True,0,nonempty_primary_group,477,-0.09949016173832237,1,1.3877787807814457e-16,True,True,True
1442,yR8,0.19636566048014717,69.0,True,0,nonempty_primary_group,478,0.19114367993928094,68,0.005221980540866228,False,False,False
1443,yR8,-0.8842662345996152,13.0,True,0,nonempty_primary_group,480,-0.8842662345996152,13,0.0,True,True,True
1444,yR8,-1.03743783751477,86.0,False,0,nonempty_primary_group,481,-1.03743783751477,86,0.0,True,True,True
1445,yR8,-0.7774080053738531,66.0,False,0,nonempty_primary_group,482,-0.7774080053738531,66,0.0,True,True,True
1446,yR8,-0.45102885365526096,17.0,True,0,nonempty_primary_group,483,-0.451028853655261,17,5.551115123125783e-17,True,True,True
1447,yR8,-0.30025653777859185,17.0,True,0,nonempty_primary_group,484,-0.30025653777859185,17,0.0,True,True,True
1448,yR8,-0.8823955497841675,18.0,True,0,nonempty_primary_group,485,-0.8823955497841673,18,1.1102230246251565e-16,True,True,True
1449,yR8,-1.4614789600318419,29.0,False,0,nonempty_primary_group,486,-1.461478960031842,29,2.220446049250313e-16,True,True,True
1450,yR8,-1.4406535156913183,19.0,False,0,nonempty_primary_group,487,-1.4406535156913183,19,0.0,True,True,True
1451,yR8,-1.1718024233233126,16.0,True,0,nonempty_primary_group,488,-1.1718024233233129,16,2.220446049250313e-16,True,True,True
1452,yR8,-0.8901916078804606,17.0,True,0,nonempty_primary_group,489,-0.8901916078804608,17,2.220446049250313e-16,True,True,True
1453,yR8,-0.837850889344328,38.0,False,0,nonempty_primary_group,490,-0.8378508893443279,38,1.1102230246251565e-16,True,True,True
1454,yR8,-0.9384871203306088,16.0,True,0,nonempty_primary_group,491,-0.9384871203306088,16,0.0,True,True,True
1455,yR8,-0.1481077357213905,19.0,True,0,nonempty_primary_group,492,-0.14810773572139055,19,5.551115123125783e-17,True,True,True
1456,yR8,-0.2825227409417302,10.0,True,0,nonempty_primary_group,493,-0.2825227409417302,10,0.0,True,True,True
1457,yR8,-0.26094896470785106,6.0,True,0,nonempty_primary_group,494,-0.2609489647078511,6,5.551115123125783e-17,True,True,True
1458,yR8,0.24784370717994916,18.0,True,0,nonempty_primary_group,495,0.2478437071799492,18,2.7755575615628914e-17,True,True,True
1459,yR8,0.45476877422963347,11.0,True,0,nonempty_primary_group,496,0.40994839988780085,9,0.044820374341832614,False,False,False
1460,yR8,0.09431188429331652,22.0,True,0,nonempty_primary_group,497,0.09431188429331652,22,0.0,True,True,True
1461,yR8,-0.5683019676830254,30.0,True,0,nonempty_primary_group,498,-0.5683019676830257,30,2.220446049250313e-16,True,True,True
1462,yR8,-0.45738058985760494,43.0,True,0,nonempty_primary_group,499,-0.477697651471621,42,0.020317061614016085,False,False,False
1463,yR8,-0.3184847292049081,40.0,False,0,nonempty_primary_group,500,-0.3734806403517315,38,0.054995911146823395,False,False,False
1464,yR8,0.11586743775252853,11.0,True,0,nonempty_primary_group,501,0.11586743775252856,11,2.7755575615628914e-17,True,True,True
1465,yR8,-0.6440886225875663,43.0,False,0,nonempty_primary_group,502,-0.6647100113438905,42,0.020621388756324244,False,False,False
1466,yR8,-0.2335521602005733,10.0,True,0,nonempty_primary_group,503,-0.23355216020057332,10,2.7755575615628914e-17,True,True,True
1467,yR8,0.07525290424385275,9.0,True,0,nonempty_primary_group,504,0.07525290424385273,9,2.7755575615628914e-17,True,True,True
1468,yR8,0.15003629591535853,14.0,True,0,nonempty_primary_group,505,0.15003629591535855,14,2.7755575615628914e-17,True,True,True
1469,yR8,-0.5134551641207122,16.0,False,0,nonempty_primary_group,506,-0.5134551641207121,16,1.1102230246251565e-16,True,True,True
1470,yR8,0.603389521536544,30.0,True,0,nonempty_primary_group,507,0.5939842968719021,29,0.009405224664641887,False,False,False
1471,yR8,0.5432154371670703,16.0,True,0,nonempty_primary_group,508,0.5432154371670704,16,1.1102230246251565e-16,True,True,True
1472,yR8,0.5861934810132691,99.0,False,0,nonempty_primary_group,509,0.5755188972353988,96,0.010674583777870228,False,False,False
1473,yR8,0.036804872666452826,15.0,True,0,nonempty_primary_group,510,0.036804872666452805,15,2.0816681711721685e-17,True,True,True
1474,yR8,-0.2912219223596543,11.0,True,0,nonempty_primary_group,511,-0.2912219223596542,11,5.551115123125783e-17,True,True,True
1475,yR8,0.36194290093739717,36.0,True,0,nonempty_primary_group,512,0.3619429009373971,36,5.551115123125783e-17,True,True,True
1476,yR8,-0.32451217528856063,38.0,False,0,nonempty_primary_group,513,-0.3245121752885605,38,1.1102230246251565e-16,True,True,True
1477,yR8,-0.19281119041906852,18.0,True,0,nonempty_primary_group,514,-0.1928111904190685,18,2.7755575615628914e-17,True,True,True
1478,yR8,0.3764366208522357,11.0,True,0,nonempty_primary_group,515,0.35024548850790604,9,0.026191132344329682,False,False,False
1479,yR8,0.6450692318171268,145.0,False,0,nonempty_primary_group,516,0.639177079059598,141,0.005892152757528857,False,False,False
1480,yR8,0.4150910029758568,36.0,True,0,nonempty_primary_group,517,0.41509100297585694,36,1.1102230246251565e-16,True,True,True
1481,yR8,-0.48290338550371564,11.0,True,0,nonempty_primary_group,518,-0.48290338550371553,11,1.1102230246251565e-16,True,True,True
1482,yR8,-0.4360097934270314,33.0,False,0,nonempty_primary_group,519,-0.43600979342703144,33,5.551115123125783e-17,True,True,True
1483,yR8,0.20888928109713692,18.0,True,0,nonempty_primary_group,520,0.20888928109713692,18,0.0,True,True,True
1484,yR8,-0.059760093823817105,60.0,True,0,nonempty_primary_group,521,-0.05976009382381711,60,6.938893903907228e-18,True,True,True
1485,yR8,-0.08281331993550609,9.0,True,0,nonempty_primary_group,522,-0.08281331993550609,9,0.0,True,True,True
1486,yR8,0.06709637272155976,14.0,True,0,nonempty_primary_group,523,0.06709637272155976,14,0.0,True,True,True
1487,yR8,-0.13746747483294514,60.0,True,0,nonempty_primary_group,524,-0.13746747483294516,60,2.7755575615628914e-17,True,True,True
1488,yR8,-0.3909340135420914,33.0,False,0,nonempty_primary_group,525,-0.39093401354209134,33,5.551115123125783e-17,True,True,True
1489,yR8,-0.38805512786600366,56.0,False,0,nonempty_primary_group,526,-0.38805512786600366,56,0.0,True,True,True
1490,yR8,-0.2930558172058565,10.0,True,0,nonempty_primary_group,527,-0.2930558172058565,10,0.0,True,True,True
1491,yR8,0.08382946092024132,15.0,True,0,nonempty_primary_group,528,0.08382946092024134,15,1.3877787807814457e-17,True,True,True
1492,yR8,-0.9787587929031976,16.0,False,0,nonempty_primary_group,529,-0.9787587929031973,16,2.220446049250313e-16,True,True,True
1493,yR8,-0.4651061851765591,199.0,False,0,nonempty_primary_group,530,-0.48258465511195475,195,0.017478469935395646,False,False,False
1494,yR8,-0.7364652417123164,9.0,False,0,nonempty_primary_group,531,-0.7364652417123162,9,2.220446049250313e-16,True,True,True
1495,yR8,-0.7281954133894804,3.0,True,0,nonempty_primary_group,532,-0.7281954133894804,3,0.0,True,True,True
1496,yR8,-0.08923875551100627,14.0,True,0,nonempty_primary_group,533,-0.08923875551100627,14,0.0,True,True,True
1497,yR8,-0.9223618527371263,11.0,False,0,nonempty_primary_group,534,-0.9223618527371262,11,1.1102230246251565e-16,True,True,True
1498,yR8,-1.852598546307876,27.0,True,0,nonempty_primary_group,535,-1.8525985463078758,27,2.220446049250313e-16,True,True,True
1499,yR8,-1.5689562466919045,29.0,False,0,nonempty_primary_group,536,-1.568956246691905,29,4.440892098500626e-16,True,True,True
1500,yR8,-1.0496177175163088,29.0,True,0,nonempty_primary_group,537,-1.0496177175163088,29,0.0,True,True,True
1501,yR8,-1.3158655911738266,36.0,False,0,nonempty_primary_group,538,-1.3158655911738264,36,2.220446049250313e-16,True,True,True
1502,yR8,-0.6798884100837669,98.0,True,0,nonempty_primary_group,539,-0.6798884100837668,98,1.1102230246251565e-16,True,True,True
1503,yR8,-0.40565465810158047,6.0,True,0,nonempty_primary_group,540,-0.40565465810158047,6,0.0,True,True,True
1504,yR8,-0.9890191022881015,19.0,False,0,nonempty_primary_group,541,-0.9890191022881014,19,1.1102230246251565e-16,True,True,True
1505,yR8,-0.9862142459220645,19.0,False,0,nonempty_primary_group,542,-0.9862142459220646,19,1.1102230246251565e-16,True,True,True
1506,yR8,-1.139921076455925,30.0,True,0,nonempty_primary_group,543,-1.1658726406498685,29,0.0259515641939434,False,False,False
1507,yR8,-1.2358336297235528,83.0,True,0,nonempty_primary_group,544,-1.2518885360958758,82,0.016054906372322986,False,False,False
1508,yR8,-0.5655487552260204,11.0,True,0,nonempty_primary_group,545,-0.7092276473034423,9,0.1436788920774219,False,False,False
1509,yR8,-1.2192705873431182,16.0,True,0,nonempty_primary_group,546,-1.219270587343118,16,2.220446049250313e-16,True,True,True
1510,yR8,-1.4010036285759457,66.0,False,0,nonempty_primary_group,547,-1.4010036285759462,66,4.440892098500626e-16,True,True,True
1511,yR8,-0.966387620022834,17.0,True,0,nonempty_primary_group,548,-0.966387620022834,17,0.0,True,True,True
1512,yR8,-1.4196515550140816,96.0,False,0,nonempty_primary_group,549,-1.4196515550140811,96,4.440892098500626e-16,True,True,True
1513,yR8,-1.264864232678311,36.0,False,0,nonempty_primary_group,550,-1.264864232678311,36,0.0,True,True,True
1514,yR8,-0.6516238394947022,98.0,True,0,nonempty_primary_group,551,-0.6516238394947019,98,2.220446049250313e-16,True,True,True
1515,yR8,-1.1831879519145805,113.0,True,0,nonempty_primary_group,552,-1.2057618578900051,111,0.022573905975424635,False,False,False
1516,yR8,-0.9060708299210065,11.0,True,0,nonempty_primary_group,553,-1.1595350428305309,9,0.25346421290952437,False,False,False
1517,pDm8,0.7122653389546388,6.0,False,0,no_same_type_Figure3_data,,,,,False,False,False
1518,pDm8,0.3369781529921792,6.0,False,0,no_same_type_Figure3_data,,,,,False,False,False
1519,pDm8,0.699852461921967,3.0,False,0,no_same_type_Figure3_data,,,,,False,False,False
1520,pDm8,0.3856924309738891,10.0,False,0,no_same_type_Figure3_data,,,,,False,False,False
1521,pDm8,0.663426205979505,34.0,False,0,no_same_type_Figure3_data,,,,,False,False,False
1522,pDm8,0.42505000017018857,16.0,False,0,no_same_type_Figure3_data,,,,,False,False,False
1523,pDm8,1.2583690927364717,7.0,False,0,no_same_type_Figure3_data,,,,,False,False,False
1524,pDm8,1.3779870123696927,7.0,False,0,no_same_type_Figure3_data,,,,,False,False,False
1525,pDm8,1.994014003848704,20.0,False,0,no_same_type_Figure3_data,,,,,False,False,False
1526,pDm8,1.4473674839060153,36.0,False,0,no_same_type_Figure3_data,,,,,False,False,False
1527,pDm8,1.2690327410845563,12.0,False,0,no_same_type_Figure3_data,,,,,False,False,False
1528,pDm8,1.914555822109976,27.0,False,0,no_same_type_Figure3_data,,,,,False,False,False
1529,pDm8,2.198729124002754,17.0,False,0,no_same_type_Figure3_data,,,,,False,False,False
1530,pDm8,1.0901162436332046,23.0,False,0,no_same_type_Figure3_data,,,,,False,False,False
1531,pDm8,0.9390036757505372,31.0,False,0,no_same_type_Figure3_data,,,,,False,False,False
1532,pDm8,0.8941713793336848,16.0,False,0,no_same_type_Figure3_data,,,,,False,False,False
1533,pDm8,0.8379739595308727,33.0,False,0,no_same_type_Figure3_data,,,,,False,False,False
1534,pDm8,0.9943841385886701,10.0,False,0,no_same_type_Figure3_data,,,,,False,False,False
1535,pDm8,1.4956784661108333,153.0,False,0,no_same_type_Figure3_data,,,,,False,False,False
1536,pDm8,1.7243365680373661,11.0,False,0,no_same_type_Figure3_data,,,,,False,False,False
1537,pDm8,1.5177291643271222,17.0,False,0,no_same_type_Figure3_data,,,,,False,False,False
1538,pDm8,1.318936992999486,8.0,False,0,no_same_type_Figure3_data,,,,,False,False,False
1539,pDm8,1.0633111395503556,7.0,False,0,no_same_type_Figure3_data,,,,,False,False,False
1540,pDm8,0.7357291523127637,31.0,False,0,no_same_type_Figure3_data,,,,,False,False,False
1541,pDm8,0.9796730888821019,7.0,False,0,no_same_type_Figure3_data,,,,,False,False,False
1542,pDm8,1.0215962212639285,32.0,False,0,no_same_type_Figure3_data,,,,,False,False,False
1543,pDm8,0.2909727628261031,17.0,False,0,no_same_type_Figure3_data,,,,,False,False,False
1544,pDm8,0.3777139607362698,20.0,False,0,no_same_type_Figure3_data,,,,,False,False,False
1545,pDm8,0.8202100200615934,10.0,False,0,no_same_type_Figure3_data,,,,,False,False,False
1546,pDm8,1.612194134139688,10.0,False,0,no_same_type_Figure3_data,,,,,False,False,False
1547,pDm8,0.622247421864393,9.0,False,0,no_same_type_Figure3_data,,,,,False,False,False
1548,pDm8,1.0482639650113663,89.0,False,0,no_same_type_Figure3_data,,,,,False,False,False
1549,pDm8,0.215819483610534,10.0,False,0,no_same_type_Figure3_data,,,,,False,False,False
1550,pDm8,0.9301564358396798,13.0,False,0,no_same_type_Figure3_data,,,,,False,False,False
1551,pDm8,1.4320076415971195,113.0,False,0,no_same_type_Figure3_data,,,,,False,False,False
1552,pDm8,1.6483277831981835,11.0,False,0,no_same_type_Figure3_data,,,,,False,False,False
1553,pDm8,1.5577478537700518,75.0,False,0,no_same_type_Figure3_data,,,,,False,False,False
1554,pDm8,1.4911983664489317,4.0,False,0,no_same_type_Figure3_data,,,,,False,False,False
1555,pDm8,1.8272886868854035,26.0,False,0,no_same_type_Figure3_data,,,,,False,False,False
1556,pDm8,1.5674676402552048,56.0,False,0,no_same_type_Figure3_data,,,,,False,False,False
1557,pDm8,1.4153870632482375,50.0,False,0,no_same_type_Figure3_data,,,,,False,False,False
1558,pDm8,1.2845870255988896,75.0,False,0,no_same_type_Figure3_data,,,,,False,False,False
1559,pDm8,2.8560739634010623,10.0,False,0,no_same_type_Figure3_data,,,,,False,False,False
1560,pDm8,1.0282449720433995,6.0,False,0,no_same_type_Figure3_data,,,,,False,False,False
1561,pDm8,1.925056663003682,5.0,False,0,no_same_type_Figure3_data,,,,,False,False,False
1562,pDm8,0.9843340111035372,26.0,False,0,no_same_type_Figure3_data,,,,,False,False,False
1563,pDm8,0.8106592502679816,17.0,False,0,no_same_type_Figure3_data,,,,,False,False,False
1564,pDm8,1.9320220327856692,7.0,False,0,no_same_type_Figure3_data,,,,,False,False,False
1565,pDm8,2.1634674290573788,6.0,False,0,no_same_type_Figure3_data,,,,,False,False,False
1566,pDm8,2.4869315480037373,6.0,False,0,no_same_type_Figure3_data,,,,,False,False,False
1567,pDm8,1.0126078716015163,45.0,False,0,no_same_type_Figure3_data,,,,,False,False,False
1568,pDm8,1.5874506101745645,64.0,False,0,no_same_type_Figure3_data,,,,,False,False,False
1569,pDm8,1.3915648079604375,72.0,False,0,no_same_type_Figure3_data,,,,,False,False,False
1570,pDm8,1.6355309445686188,10.0,False,0,no_same_type_Figure3_data,,,,,False,False,False
1571,pDm8,0.8814303912365525,15.0,False,0,no_same_type_Figure3_data,,,,,False,False,False
1572,pDm8,1.0105580093918844,62.0,False,0,no_same_type_Figure3_data,,,,,False,False,False
1573,pDm8,1.49549101617403,12.0,False,0,no_same_type_Figure3_data,,,,,False,False,False
1574,pDm8,1.131589071533366,55.0,False,0,no_same_type_Figure3_data,,,,,False,False,False
1575,pDm8,1.0239667302793103,5.0,False,0,no_same_type_Figure3_data,,,,,False,False,False
1576,pDm8,1.466805330962463,31.0,False,0,no_same_type_Figure3_data,,,,,False,False,False
1577,pDm8,1.6050819427523428,30.0,False,0,no_same_type_Figure3_data,,,,,False,False,False
1578,pDm8,1.8733710246323967,5.0,False,0,no_same_type_Figure3_data,,,,,False,False,False
1579,pDm8,1.4701988715104466,25.0,False,0,no_same_type_Figure3_data,,,,,False,False,False
1580,pDm8,1.5632740742918174,23.0,False,0,no_same_type_Figure3_data,,,,,False,False,False
1581,pDm8,1.1172785161726624,4.0,False,0,no_same_type_Figure3_data,,,,,False,False,False
1582,pDm8,-0.020191347032549177,20.0,False,0,no_same_type_Figure3_data,,,,,False,False,False
1583,pDm8,0.6768001619223695,215.0,False,0,no_same_type_Figure3_data,,,,,False,False,False
1584,pDm8,0.4846486137626601,22.0,False,0,no_same_type_Figure3_data,,,,,False,False,False
1585,pDm8,-0.005365129346355911,37.0,False,0,no_same_type_Figure3_data,,,,,False,False,False
1586,pDm8,-0.4642542863759084,25.0,False,0,no_same_type_Figure3_data,,,,,False,False,False
1587,pDm8,1.0975379713064572,19.0,False,0,no_same_type_Figure3_data,,,,,False,False,False
1588,pDm8,0.5770145577561954,10.0,False,0,no_same_type_Figure3_data,,,,,False,False,False
1589,pDm8,0.5790921738383208,18.0,False,0,no_same_type_Figure3_data,,,,,False,False,False
1590,pDm8,0.5240707775521295,18.0,False,0,no_same_type_Figure3_data,,,,,False,False,False
1591,pDm8,0.40112049816597384,8.0,False,0,no_same_type_Figure3_data,,,,,False,False,False
1592,pDm8,0.44594465710001663,8.0,False,0,no_same_type_Figure3_data,,,,,False,False,False
1593,pDm8,1.2416158500512928,7.0,False,0,no_same_type_Figure3_data,,,,,False,False,False
1594,pDm8,0.2935254809247194,17.0,False,0,no_same_type_Figure3_data,,,,,False,False,False
1595,pDm8,0.34376785053925146,17.0,False,0,no_same_type_Figure3_data,,,,,False,False,False
1596,pDm8,0.6529604631234995,3.0,False,0,no_same_type_Figure3_data,,,,,False,False,False
1597,pDm8,0.49881973618788294,10.0,False,0,no_same_type_Figure3_data,,,,,False,False,False
1598,pDm8,1.339275420028034,7.0,False,0,no_same_type_Figure3_data,,,,,False,False,False
1599,pDm8,0.6579837370898642,34.0,False,0,no_same_type_Figure3_data,,,,,False,False,False
1600,pDm8,1.4488417933192914,56.0,False,0,no_same_type_Figure3_data,,,,,False,False,False
1601,pDm8,0.2791968426432126,16.0,False,0,no_same_type_Figure3_data,,,,,False,False,False
1602,pDm8,1.172299146516917,20.0,False,0,no_same_type_Figure3_data,,,,,False,False,False
1603,pDm8,1.3432769798601716,16.0,False,0,no_same_type_Figure3_data,,,,,False,False,False
1604,pDm8,1.436442808631206,36.0,False,0,no_same_type_Figure3_data,,,,,False,False,False
1605,pDm8,1.8213017458214662,27.0,False,0,no_same_type_Figure3_data,,,,,False,False,False
1606,pDm8,1.2684310266222982,29.0,False,0,no_same_type_Figure3_data,,,,,False,False,False
1607,pDm8,1.4541064209722012,18.0,False,0,no_same_type_Figure3_data,,,,,False,False,False
1608,pDm8,1.172679558852749,10.0,False,0,no_same_type_Figure3_data,,,,,False,False,False
1609,pDm8,1.2324045468408096,10.0,False,0,no_same_type_Figure3_data,,,,,False,False,False
1610,pDm8,1.3558135814889138,12.0,False,0,no_same_type_Figure3_data,,,,,False,False,False
1611,pDm8,0.6874266881631542,127.0,False,0,no_same_type_Figure3_data,,,,,False,False,False
1612,pDm8,0.37025087944114865,7.0,False,0,no_same_type_Figure3_data,,,,,False,False,False
1613,pDm8,0.5287968424684621,7.0,False,0,no_same_type_Figure3_data,,,,,False,False,False
1614,pDm8,0.24586498890257408,10.0,False,0,no_same_type_Figure3_data,,,,,False,False,False
1615,pDm8,0.20897473462447955,10.0,False,0,no_same_type_Figure3_data,,,,,False,False,False
1616,pDm8,0.5547015166147922,35.0,False,0,no_same_type_Figure3_data,,,,,False,False,False
1617,pDm8,0.17050558530339713,17.0,False,0,no_same_type_Figure3_data,,,,,False,False,False
1618,pDm8,1.3413049443087903,17.0,False,0,no_same_type_Figure3_data,,,,,False,False,False
1619,pDm8,1.0118540949145183,23.0,False,0,no_same_type_Figure3_data,,,,,False,False,False
1620,pDm8,1.039573247165205,31.0,False,0,no_same_type_Figure3_data,,,,,False,False,False
1621,pDm8,1.1504026573683162,16.0,False,0,no_same_type_Figure3_data,,,,,False,False,False
1622,pDm8,1.4946603312177476,216.0,False,0,no_same_type_Figure3_data,,,,,False,False,False
1623,pDm8,-0.4790859200933939,45.0,False,0,no_same_type_Figure3_data,,,,,False,False,False
1624,pDm8,1.17461557622963,33.0,False,0,no_same_type_Figure3_data,,,,,False,False,False
1625,pDm8,1.3351120617896606,125.0,False,0,no_same_type_Figure3_data,,,,,False,False,False
1626,pDm8,2.5195515158659854,10.0,False,0,no_same_type_Figure3_data,,,,,False,False,False
1627,pDm8,1.2422406813103386,20.0,False,0,no_same_type_Figure3_data,,,,,False,False,False
1628,pDm8,1.2466021631336999,20.0,False,0,no_same_type_Figure3_data,,,,,False,False,False
1629,pDm8,0.38894987245354457,8.0,False,0,no_same_type_Figure3_data,,,,,False,False,False
1630,pDm8,-0.13831377307336423,10.0,False,0,no_same_type_Figure3_data,,,,,False,False,False
1631,pDm8,1.5402922709978115,118.0,False,0,no_same_type_Figure3_data,,,,,False,False,False
1632,pDm8,1.3057676370186786,17.0,False,0,no_same_type_Figure3_data,,,,,False,False,False
1633,pDm8,2.0912115539381237,17.0,False,0,no_same_type_Figure3_data,,,,,False,False,False
1634,pDm8,1.8432127875649407,5.0,False,0,no_same_type_Figure3_data,,,,,False,False,False
1635,pDm8,1.0895197212263665,45.0,False,0,no_same_type_Figure3_data,,,,,False,False,False
1636,pDm8,0.8986174255818993,45.0,False,0,no_same_type_Figure3_data,,,,,False,False,False
1637,pDm8,1.280644458995588,163.0,False,0,no_same_type_Figure3_data,,,,,False,False,False
1638,pDm8,1.242564676764468,55.0,False,0,no_same_type_Figure3_data,,,,,False,False,False
1639,pDm8,0.8438787475991169,23.0,False,0,no_same_type_Figure3_data,,,,,False,False,False
1640,pDm8,1.2560362067814055,23.0,False,0,no_same_type_Figure3_data,,,,,False,False,False
1641,pDm8,1.0783410246264598,7.0,False,0,no_same_type_Figure3_data,,,,,False,False,False
1642,pDm8,1.610680766652526,36.0,False,0,no_same_type_Figure3_data,,,,,False,False,False
1643,pDm8,0.4308040599809734,12.0,False,0,no_same_type_Figure3_data,,,,,False,False,False
1644,pDm8,0.4882168316774657,11.0,False,0,no_same_type_Figure3_data,,,,,False,False,False
1645,pDm8,0.950068403809475,6.0,False,0,no_same_type_Figure3_data,,,,,False,False,False
1646,pDm8,0.7389381388042219,17.0,False,0,no_same_type_Figure3_data,,,,,False,False,False
1647,pDm8,1.374413508269401,17.0,False,0,no_same_type_Figure3_data,,,,,False,False,False
1648,pDm8,1.441612515496019,18.0,False,0,no_same_type_Figure3_data,,,,,False,False,False
1649,pDm8,1.218608222961256,18.0,False,0,no_same_type_Figure3_data,,,,,False,False,False
1650,pDm8,0.8765986926086143,31.0,False,0,no_same_type_Figure3_data,,,,,False,False,False
1651,pDm8,1.0025082484620955,39.0,False,0,no_same_type_Figure3_data,,,,,False,False,False
1652,pDm8,1.3700336045395716,7.0,False,0,no_same_type_Figure3_data,,,,,False,False,False
1653,pDm8,1.0785225616714307,3.0,False,0,no_same_type_Figure3_data,,,,,False,False,False
1654,pDm8,-0.010454374431658345,37.0,False,0,no_same_type_Figure3_data,,,,,False,False,False
1655,pDm8,0.577007424911697,17.0,False,0,no_same_type_Figure3_data,,,,,False,False,False
1656,pDm8,0.27319971787694775,20.0,False,0,no_same_type_Figure3_data,,,,,False,False,False
1657,pDm8,0.32687521795654584,10.0,False,0,no_same_type_Figure3_data,,,,,False,False,False
1658,pDm8,-0.2876467229881868,25.0,False,0,no_same_type_Figure3_data,,,,,False,False,False
1659,pDm8,1.7186628943279547,10.0,False,0,no_same_type_Figure3_data,,,,,False,False,False
1660,pDm8,0.6333862043557595,17.0,False,0,no_same_type_Figure3_data,,,,,False,False,False
1661,pDm8,0.9092078782946833,19.0,False,0,no_same_type_Figure3_data,,,,,False,False,False
1662,pDm8,1.2314618665047714,10.0,False,0,no_same_type_Figure3_data,,,,,False,False,False
1663,pDm8,1.0286050359854069,98.0,False,0,no_same_type_Figure3_data,,,,,False,False,False
1664,pDm8,-0.014372343679306374,96.0,False,0,no_same_type_Figure3_data,,,,,False,False,False
1665,pDm8,0.3797381506271318,10.0,False,0,no_same_type_Figure3_data,,,,,False,False,False
1666,pDm8,1.8532878017483452,17.0,False,0,no_same_type_Figure3_data,,,,,False,False,False
1667,pDm8,1.6439969567514459,10.0,False,0,no_same_type_Figure3_data,,,,,False,False,False
1668,pDm8,0.6771582252019085,318.0,False,0,no_same_type_Figure3_data,,,,,False,False,False
1669,pDm8,0.01102755446060009,10.0,False,0,no_same_type_Figure3_data,,,,,False,False,False
1670,pDm8,-0.01234336366610595,10.0,False,0,no_same_type_Figure3_data,,,,,False,False,False
1671,pDm8,2.241689065393434,26.0,False,0,no_same_type_Figure3_data,,,,,False,False,False
1672,pDm8,1.6820934050963872,56.0,False,0,no_same_type_Figure3_data,,,,,False,False,False
1673,pDm8,-0.09254402305043584,146.0,False,0,no_same_type_Figure3_data,,,,,False,False,False
1674,pDm8,-0.06427299593591065,225.0,False,0,no_same_type_Figure3_data,,,,,False,False,False
1675,pDm8,0.08073520777239954,79.0,False,0,no_same_type_Figure3_data,,,,,False,False,False
1676,pDm8,1.1243274313782208,31.0,False,0,no_same_type_Figure3_data,,,,,False,False,False
1677,pDm8,0.9683848176917599,28.0,False,0,no_same_type_Figure3_data,,,,,False,False,False
1678,pDm8,1.1719570473888126,3.0,False,0,no_same_type_Figure3_data,,,,,False,False,False
1679,pDm8,1.5132913243551485,136.0,False,0,no_same_type_Figure3_data,,,,,False,False,False
1680,pDm8,2.0461064522805668,10.0,False,0,no_same_type_Figure3_data,,,,,False,False,False
1681,pDm8,1.3572777177426496,15.0,False,0,no_same_type_Figure3_data,,,,,False,False,False
1682,pDm8,2.2361462852344816,6.0,False,0,no_same_type_Figure3_data,,,,,False,False,False
1683,pDm8,2.2810102334436424,10.0,False,0,no_same_type_Figure3_data,,,,,False,False,False
1684,pDm8,1.5384238089284799,26.0,False,0,no_same_type_Figure3_data,,,,,False,False,False
1685,pDm8,1.2319308925791668,8.0,False,0,no_same_type_Figure3_data,,,,,False,False,False
1686,pDm8,0.0459002046534197,73.0,False,0,no_same_type_Figure3_data,,,,,False,False,False
1687,pDm8,1.4307069822376506,14.0,False,0,no_same_type_Figure3_data,,,,,False,False,False
1688,pDm8,1.4474366697062135,7.0,False,0,no_same_type_Figure3_data,,,,,False,False,False
1689,pDm8,0.8499442084358187,7.0,False,0,no_same_type_Figure3_data,,,,,False,False,False
1690,pDm8,0.6539323494296535,34.0,False,0,no_same_type_Figure3_data,,,,,False,False,False
1691,pDm8,0.6522537498572606,8.0,False,0,no_same_type_Figure3_data,,,,,False,False,False
1692,pDm8,0.9938127383943025,173.0,False,0,no_same_type_Figure3_data,,,,,False,False,False
1693,pDm8,-0.41644141788893474,45.0,False,0,no_same_type_Figure3_data,,,,,False,False,False
1694,pDm8,1.3077856841619817,12.0,False,0,no_same_type_Figure3_data,,,,,False,False,False
1695,pDm8,0.2446071800525638,6.0,False,0,no_same_type_Figure3_data,,,,,False,False,False
1696,pDm8,1.1127428986309778,5.0,False,0,no_same_type_Figure3_data,,,,,False,False,False
1697,pDm8,2.210707345265532,17.0,False,0,no_same_type_Figure3_data,,,,,False,False,False
1698,pDm8,-0.2156066572562163,10.0,False,0,no_same_type_Figure3_data,,,,,False,False,False
1699,pDm8,0.9477463114064787,16.0,False,0,no_same_type_Figure3_data,,,,,False,False,False
1700,pDm8,0.7500762196317368,16.0,False,0,no_same_type_Figure3_data,,,,,False,False,False
1701,pDm8,2.0221609363765625,6.0,False,0,no_same_type_Figure3_data,,,,,False,False,False
1702,pDm8,0.8557345545578748,130.0,False,0,no_same_type_Figure3_data,,,,,False,False,False
1703,pDm8,1.238438371033911,6.0,False,0,no_same_type_Figure3_data,,,,,False,False,False
1704,pDm8,0.9719691472451404,12.0,False,0,no_same_type_Figure3_data,,,,,False,False,False
1705,pDm8,1.6486068334459776,12.0,False,0,no_same_type_Figure3_data,,,,,False,False,False
1706,pDm8,0.7959012003751973,18.0,False,0,no_same_type_Figure3_data,,,,,False,False,False
1707,pDm8,1.0736799631685854,26.0,False,0,no_same_type_Figure3_data,,,,,False,False,False
1708,pDm8,1.1558638541980315,19.0,False,0,no_same_type_Figure3_data,,,,,False,False,False
1709,pDm8,0.9699646238744377,19.0,False,0,no_same_type_Figure3_data,,,,,False,False,False
1710,pDm8,0.8178085505390952,36.0,False,0,no_same_type_Figure3_data,,,,,False,False,False
1711,pDm8,0.7895141498896917,18.0,False,0,no_same_type_Figure3_data,,,,,False,False,False
1712,pDm8,0.3696995695020101,5.0,False,0,no_same_type_Figure3_data,,,,,False,False,False
1713,pDm8,0.6770341671489277,23.0,False,0,no_same_type_Figure3_data,,,,,False,False,False
1714,pDm8,1.4495320226604336,29.0,False,0,no_same_type_Figure3_data,,,,,False,False,False
1715,pDm8,0.47324610737641837,17.0,False,0,no_same_type_Figure3_data,,,,,False,False,False
1716,pDm8,0.3487743575639364,96.0,False,0,no_same_type_Figure3_data,,,,,False,False,False
1717,pDm8,1.1650056903876067,17.0,False,0,no_same_type_Figure3_data,,,,,False,False,False
1718,pDm8,1.0809485063493323,22.0,False,0,no_same_type_Figure3_data,,,,,False,False,False
1719,pDm8,0.28375793708320546,73.0,False,0,no_same_type_Figure3_data,,,,,False,False,False
1720,pDm8,1.056767956054848,18.0,False,0,no_same_type_Figure3_data,,,,,False,False,False
1721,pDm8,0.6041647274107638,5.0,False,0,no_same_type_Figure3_data,,,,,False,False,False
1722,pDm8,0.5765452166621469,5.0,False,0,no_same_type_Figure3_data,,,,,False,False,False
1723,pDm8,1.6497946441040654,13.0,False,0,no_same_type_Figure3_data,,,,,False,False,False
1724,pDm8,1.7477139180434718,12.0,False,0,no_same_type_Figure3_data,,,,,False,False,False
1725,pDm8,0.6507024197732084,8.0,False,0,no_same_type_Figure3_data,,,,,False,False,False
1726,pDm8,0.9420444743706845,45.0,False,0,no_same_type_Figure3_data,,,,,False,False,False
1727,pDm8,1.212722482832616,8.0,False,0,no_same_type_Figure3_data,,,,,False,False,False
1728,pDm8,-0.02832692242467772,37.0,False,0,no_same_type_Figure3_data,,,,,False,False,False
1729,pDm8,1.4604005771543886,10.0,False,0,no_same_type_Figure3_data,,,,,False,False,False
1730,pDm8,1.2982867579023576,10.0,False,0,no_same_type_Figure3_data,,,,,False,False,False
1731,pDm8,0.2048593324191879,33.0,False,0,no_same_type_Figure3_data,,,,,False,False,False
1732,pDm8,1.03058120383203,5.0,False,0,no_same_type_Figure3_data,,,,,False,False,False
1733,pDm8,0.22129078174145492,3.0,False,0,no_same_type_Figure3_data,,,,,False,False,False
1734,pDm8,0.8503292393139014,29.0,False,0,no_same_type_Figure3_data,,,,,False,False,False
1735,pDm8,0.6678042729765855,29.0,False,0,no_same_type_Figure3_data,,,,,False,False,False
1736,pDm8,-0.7506274808247152,26.0,False,0,no_same_type_Figure3_data,,,,,False,False,False
1737,pDm8,-0.6907420587410498,26.0,False,0,no_same_type_Figure3_data,,,,,False,False,False
1738,pDm8,0.919514755663077,207.0,False,0,no_same_type_Figure3_data,,,,,False,False,False
1739,pDm8,0.9650002420169892,20.0,False,0,no_same_type_Figure3_data,,,,,False,False,False
1740,pDm8,0.42160254696385785,6.0,False,0,no_same_type_Figure3_data,,,,,False,False,False
1741,pDm8,1.0594881828017315,27.0,False,0,no_same_type_Figure3_data,,,,,False,False,False
1742,pDm8,0.7422093552309474,8.0,False,0,no_same_type_Figure3_data,,,,,False,False,False
1743,pDm8,1.0656148579605842,7.0,False,0,no_same_type_Figure3_data,,,,,False,False,False
1744,pDm8,0.8327275975311156,28.0,False,0,no_same_type_Figure3_data,,,,,False,False,False
1745,pDm8,0.7716446807044879,62.0,False,0,no_same_type_Figure3_data,,,,,False,False,False
1746,pDm8,0.4649434201710178,9.0,False,0,no_same_type_Figure3_data,,,,,False,False,False
1747,pDm8,0.4100977772944821,5.0,False,0,no_same_type_Figure3_data,,,,,False,False,False
1748,pDm8,0.5717543219113378,6.0,False,0,no_same_type_Figure3_data,,,,,False,False,False
1749,pDm8,0.5392448877052621,15.0,False,0,no_same_type_Figure3_data,,,,,False,False,False
1750,pDm8,1.0119149610313125,65.0,False,0,no_same_type_Figure3_data,,,,,False,False,False
1751,pDm8,1.0738528856600278,65.0,False,0,no_same_type_Figure3_data,,,,,False,False,False
1752,pDm8,0.8487266050437806,11.0,False,0,no_same_type_Figure3_data,,,,,False,False,False
1753,pDm8,0.47398071231997596,11.0,False,0,no_same_type_Figure3_data,,,,,False,False,False
1754,pDm8,-0.10143032255020124,16.0,False,0,no_same_type_Figure3_data,,,,,False,False,False
1755,pDm8,-0.07367830780245707,10.0,False,0,no_same_type_Figure3_data,,,,,False,False,False
1756,pDm8,-0.03597983465503344,6.0,False,0,no_same_type_Figure3_data,,,,,False,False,False
1757,pDm8,0.6929174872857548,5.0,False,0,no_same_type_Figure3_data,,,,,False,False,False
1758,pDm8,-0.19676826569424102,14.0,False,0,no_same_type_Figure3_data,,,,,False,False,False
1759,pDm8,-0.15770593498231383,14.0,False,0,no_same_type_Figure3_data,,,,,False,False,False
1760,pDm8,0.07879622495521042,33.0,False,0,no_same_type_Figure3_data,,,,,False,False,False
1761,pDm8,0.09001246201817793,33.0,False,0,no_same_type_Figure3_data,,,,,False,False,False
1762,pDm8,1.6781629561985376,55.0,False,0,no_same_type_Figure3_data,,,,,False,False,False
1763,pDm8,-0.6391190132835011,25.0,False,0,no_same_type_Figure3_data,,,,,False,False,False
1764,pDm8,-0.5673842429507149,25.0,False,0,no_same_type_Figure3_data,,,,,False,False,False
1765,pDm8,0.3687614601408887,35.0,False,0,no_same_type_Figure3_data,,,,,False,False,False
1766,pDm8,1.8759042502243393,16.0,False,0,no_same_type_Figure3_data,,,,,False,False,False
1767,pDm8,0.01412823830489752,6.0,False,0,no_same_type_Figure3_data,,,,,False,False,False
1768,pDm8,0.18862245800047525,17.0,False,0,no_same_type_Figure3_data,,,,,False,False,False
1769,pDm8,0.6904457362949108,18.0,False,0,no_same_type_Figure3_data,,,,,False,False,False
1770,pDm8,0.2095729635878038,7.0,False,0,no_same_type_Figure3_data,,,,,False,False,False
1771,pDm8,0.6386525227382805,28.0,False,0,no_same_type_Figure3_data,,,,,False,False,False
1772,pDm8,0.6127877513289751,106.0,False,0,no_same_type_Figure3_data,,,,,False,False,False
1773,pDm8,0.8344947837343643,120.0,False,0,no_same_type_Figure3_data,,,,,False,False,False
1774,pDm8,0.6762727069386327,226.0,False,0,no_same_type_Figure3_data,,,,,False,False,False
1775,pDm8,0.4108487511970596,45.0,False,0,no_same_type_Figure3_data,,,,,False,False,False
1776,pDm8,0.2477673330637731,45.0,False,0,no_same_type_Figure3_data,,,,,False,False,False
1777,pDm8,0.7576465039387008,16.0,False,0,no_same_type_Figure3_data,,,,,False,False,False
1778,pDm8,0.8942489529749494,16.0,False,0,no_same_type_Figure3_data,,,,,False,False,False
1779,pDm8,0.6468421838040425,33.0,False,0,no_same_type_Figure3_data,,,,,False,False,False
1780,pDm8,0.940253912586878,109.0,False,0,no_same_type_Figure3_data,,,,,False,False,False
1781,pDm8,0.1592544671144466,155.0,False,0,no_same_type_Figure3_data,,,,,False,False,False
1782,pDm8,0.9781924865700197,6.0,False,0,no_same_type_Figure3_data,,,,,False,False,False
1783,pDm8,0.9725829373270597,6.0,False,0,no_same_type_Figure3_data,,,,,False,False,False
1784,pDm8,0.634346959887047,12.0,False,0,no_same_type_Figure3_data,,,,,False,False,False
1785,pDm8,-0.15841966172656677,7.0,False,0,no_same_type_Figure3_data,,,,,False,False,False
1786,pDm8,0.5893292881150377,130.0,False,0,no_same_type_Figure3_data,,,,,False,False,False
1787,pDm8,-0.6886869543243135,42.0,False,0,no_same_type_Figure3_data,,,,,False,False,False
1788,pDm8,0.0028543427263572224,8.0,False,0,no_same_type_Figure3_data,,,,,False,False,False
1789,pDm8,0.39463467751590897,12.0,False,0,no_same_type_Figure3_data,,,,,False,False,False
1790,pDm8,0.8008687135925462,3.0,False,0,no_same_type_Figure3_data,,,,,False,False,False
1791,pDm8,-0.545642885534565,27.0,False,0,no_same_type_Figure3_data,,,,,False,False,False
1792,pDm8,-0.09395523619996182,27.0,False,0,no_same_type_Figure3_data,,,,,False,False,False
1793,pDm8,-0.5662965523142977,12.0,False,0,no_same_type_Figure3_data,,,,,False,False,False
1794,pDm8,-0.680946581091235,39.0,False,0,no_same_type_Figure3_data,,,,,False,False,False
1795,pDm8,1.2605388510666287,10.0,False,0,no_same_type_Figure3_data,,,,,False,False,False
1796,pDm8,-0.0277177684856255,4.0,False,0,no_same_type_Figure3_data,,,,,False,False,False
1797,pDm8,-0.8287377495796822,12.0,False,0,no_same_type_Figure3_data,,,,,False,False,False
1798,pDm8,0.6974067778351998,142.0,False,0,no_same_type_Figure3_data,,,,,False,False,False
1799,pDm8,-0.8481906227730699,20.0,False,0,no_same_type_Figure3_data,,,,,False,False,False
1800,pDm8,-0.8632257960407342,10.0,False,0,no_same_type_Figure3_data,,,,,False,False,False
1801,pDm8,0.2882268838755421,215.0,False,0,no_same_type_Figure3_data,,,,,False,False,False
1802,pDm8,0.1071419486209938,20.0,False,0,no_same_type_Figure3_data,,,,,False,False,False
1803,pDm8,0.7238606044994055,17.0,False,0,no_same_type_Figure3_data,,,,,False,False,False
1804,pDm8,-0.06374331400106183,17.0,False,0,no_same_type_Figure3_data,,,,,False,False,False
1805,pDm8,0.005319025358675782,10.0,False,0,no_same_type_Figure3_data,,,,,False,False,False
1806,pDm8,0.7970369945561272,19.0,False,0,no_same_type_Figure3_data,,,,,False,False,False
1807,pDm8,1.650627212119902,12.0,False,0,no_same_type_Figure3_data,,,,,False,False,False
1808,pDm8,1.3677500747795364,7.0,False,0,no_same_type_Figure3_data,,,,,False,False,False
1809,pDm8,0.019127742827852585,27.0,False,0,no_same_type_Figure3_data,,,,,False,False,False
1810,pDm8,0.009240905940276987,17.0,False,0,no_same_type_Figure3_data,,,,,False,False,False
1811,pDm8,-0.12619712334073901,10.0,False,0,no_same_type_Figure3_data,,,,,False,False,False
1812,pDm8,1.3549447046633056,20.0,False,0,no_same_type_Figure3_data,,,,,False,False,False
1813,pDm8,1.9793421075552717,27.0,False,0,no_same_type_Figure3_data,,,,,False,False,False
1814,pDm8,0.4686614436672821,13.0,False,0,no_same_type_Figure3_data,,,,,False,False,False
1815,pDm8,1.2224074369599018,6.0,False,0,no_same_type_Figure3_data,,,,,False,False,False
1816,pDm8,0.2753685169075904,23.0,False,0,no_same_type_Figure3_data,,,,,False,False,False
1817,pDm8,0.9663685009121693,59.0,False,0,no_same_type_Figure3_data,,,,,False,False,False
1818,pDm8,0.8505047280332191,67.0,False,0,no_same_type_Figure3_data,,,,,False,False,False
1819,pDm8,-0.4764743763639797,37.0,False,0,no_same_type_Figure3_data,,,,,False,False,False
1820,pDm8,-0.0029011282123188762,33.0,False,0,no_same_type_Figure3_data,,,,,False,False,False
1821,pDm8,1.5567612883955402,11.0,False,0,no_same_type_Figure3_data,,,,,False,False,False
1822,pDm8,0.27982630612196663,155.0,False,0,no_same_type_Figure3_data,,,,,False,False,False
1823,pDm8,0.1875461229673899,36.0,False,0,no_same_type_Figure3_data,,,,,False,False,False
1824,pDm8,-0.5723448785408454,8.0,False,0,no_same_type_Figure3_data,,,,,False,False,False
1825,pDm8,1.1411772391095711,21.0,False,0,no_same_type_Figure3_data,,,,,False,False,False
1826,pDm8,1.2024984381515114,20.0,False,0,no_same_type_Figure3_data,,,,,False,False,False
1827,pDm8,0.4394063204041642,14.0,False,0,no_same_type_Figure3_data,,,,,False,False,False
1828,pDm8,0.9829351295194418,28.0,False,0,no_same_type_Figure3_data,,,,,False,False,False
1829,pDm8,0.53682363756313,16.0,False,0,no_same_type_Figure3_data,,,,,False,False,False
1830,pDm8,0.12146950350320639,33.0,False,0,no_same_type_Figure3_data,,,,,False,False,False
1831,pDm8,0.2653396394307152,127.0,False,0,no_same_type_Figure3_data,,,,,False,False,False
1832,pDm8,1.0765647379252863,3.0,False,0,no_same_type_Figure3_data,,,,,False,False,False
1833,pDm8,0.3021537514875308,10.0,False,0,no_same_type_Figure3_data,,,,,False,False,False
1834,pDm8,0.46860398698231176,8.0,False,0,no_same_type_Figure3_data,,,,,False,False,False
1835,pDm8,1.7217029755681943,10.0,False,0,no_same_type_Figure3_data,,,,,False,False,False
1836,pDm8,2.762885709335315,10.0,False,0,no_same_type_Figure3_data,,,,,False,False,False
1837,pDm8,-0.5258366798306856,44.0,False,0,no_same_type_Figure3_data,,,,,False,False,False
1838,pDm8,-0.8121940480390223,29.0,False,0,no_same_type_Figure3_data,,,,,False,False,False
1839,pDm8,-0.7416060902012971,29.0,False,0,no_same_type_Figure3_data,,,,,False,False,False
1840,pDm8,-0.8610360314927102,4.0,False,0,no_same_type_Figure3_data,,,,,False,False,False
1841,pDm8,-0.14657586586505783,33.0,False,0,no_same_type_Figure3_data,,,,,False,False,False
1842,pDm8,0.09769577370448543,17.0,False,0,no_same_type_Figure3_data,,,,,False,False,False
1843,pDm8,0.12574874178103718,6.0,False,0,no_same_type_Figure3_data,,,,,False,False,False
1844,pDm8,0.192255982335569,10.0,False,0,no_same_type_Figure3_data,,,,,False,False,False
1845,pDm8,-0.7233207739399197,8.0,False,0,no_same_type_Figure3_data,,,,,False,False,False
1846,pDm8,-0.5712141332555338,8.0,False,0,no_same_type_Figure3_data,,,,,False,False,False
1847,pDm8,-0.21563710396524943,10.0,False,0,no_same_type_Figure3_data,,,,,False,False,False
1848,pDm8,-0.2794478733764872,10.0,False,0,no_same_type_Figure3_data,,,,,False,False,False
1849,pDm8,-0.0009365728782741375,33.0,False,0,no_same_type_Figure3_data,,,,,False,False,False
1850,pDm8,-0.8461487566952847,13.0,False,0,no_same_type_Figure3_data,,,,,False,False,False
1851,pDm8,-0.2185915495825857,5.0,False,0,no_same_type_Figure3_data,,,,,False,False,False
1852,pDm8,-0.09154230001838996,16.0,False,0,no_same_type_Figure3_data,,,,,False,False,False
1853,pDm8,0.21360809425472496,10.0,False,0,no_same_type_Figure3_data,,,,,False,False,False
1854,pDm8,0.07006720644324509,32.0,False,0,no_same_type_Figure3_data,,,,,False,False,False
1855,pDm8,0.04465680942970066,5.0,False,0,no_same_type_Figure3_data,,,,,False,False,False
1856,pDm8,0.5133445700702193,6.0,False,0,no_same_type_Figure3_data,,,,,False,False,False
1857,pDm8,0.47746208398336165,10.0,False,0,no_same_type_Figure3_data,,,,,False,False,False
1858,pDm8,0.4919320113203541,132.0,False,0,no_same_type_Figure3_data,,,,,False,False,False
1859,pDm8,0.155084490333985,22.0,False,0,no_same_type_Figure3_data,,,,,False,False,False
1860,pDm8,-0.41001236644922734,44.0,False,0,no_same_type_Figure3_data,,,,,False,False,False
1861,pDm8,-0.7059181947774629,43.0,False,0,no_same_type_Figure3_data,,,,,False,False,False
1862,pDm8,0.009950052101344694,33.0,False,0,no_same_type_Figure3_data,,,,,False,False,False
1863,pDm8,0.08448114624366461,6.0,False,0,no_same_type_Figure3_data,,,,,False,False,False
1864,pDm8,-0.11837227605033032,16.0,False,0,no_same_type_Figure3_data,,,,,False,False,False
1865,pDm8,-0.9714653978060331,13.0,False,0,no_same_type_Figure3_data,,,,,False,False,False
1866,pDm8,0.9013148904274846,9.0,False,0,no_same_type_Figure3_data,,,,,False,False,False
1867,pDm8,-0.5388476666023118,10.0,False,0,no_same_type_Figure3_data,,,,,False,False,False
1868,pDm8,-0.9975121738891264,13.0,False,0,no_same_type_Figure3_data,,,,,False,False,False
1869,pDm8,-0.74497365870959,10.0,False,0,no_same_type_Figure3_data,,,,,False,False,False
1870,pDm8,-1.4065216675771128,3.0,False,0,no_same_type_Figure3_data,,,,,False,False,False
1871,pDm8,0.5812806794502435,9.0,False,0,no_same_type_Figure3_data,,,,,False,False,False
1872,pDm8,-0.036942422020546484,33.0,False,0,no_same_type_Figure3_data,,,,,False,False,False
1873,pDm8,-0.28036788959522924,37.0,False,0,no_same_type_Figure3_data,,,,,False,False,False
1874,pDm8,0.676030624492074,3.0,False,0,no_same_type_Figure3_data,,,,,False,False,False
1875,pDm8,0.05738604266843118,18.0,False,0,no_same_type_Figure3_data,,,,,False,False,False
1876,pDm8,-0.7853603128339909,5.0,False,0,no_same_type_Figure3_data,,,,,False,False,False
1877,pDm8,-0.6472441589035473,12.0,False,0,no_same_type_Figure3_data,,,,,False,False,False
1878,pDm8,-0.0903303845247345,10.0,False,0,no_same_type_Figure3_data,,,,,False,False,False
1879,pDm8,-0.8095634275643271,10.0,False,0,no_same_type_Figure3_data,,,,,False,False,False
1880,pDm8,-0.8059474390087445,27.0,False,0,no_same_type_Figure3_data,,,,,False,False,False
1881,pDm8,-0.08304349463982705,27.0,False,0,no_same_type_Figure3_data,,,,,False,False,False
1882,pDm8,-0.04975183980966032,3.0,False,0,no_same_type_Figure3_data,,,,,False,False,False
1883,pDm8,0.012779204515519643,5.0,False,0,no_same_type_Figure3_data,,,,,False,False,False
1884,pDm8,0.5349315728464419,6.0,False,0,no_same_type_Figure3_data,,,,,False,False,False
1885,pDm8,-0.7945153973237771,10.0,False,0,no_same_type_Figure3_data,,,,,False,False,False
1886,pDm8,-0.008360626119126264,22.0,False,0,no_same_type_Figure3_data,,,,,False,False,False
1887,pDm8,-0.70620942173539,7.0,False,0,no_same_type_Figure3_data,,,,,False,False,False
1888,pDm8,-0.23599896676922846,10.0,False,0,no_same_type_Figure3_data,,,,,False,False,False
1889,pDm8,1.0833395177000915,6.0,False,0,no_same_type_Figure3_data,,,,,False,False,False
1890,pDm8,-0.43725740617925135,5.0,False,0,no_same_type_Figure3_data,,,,,False,False,False
1891,pDm8,-0.44364833578426166,6.0,False,0,no_same_type_Figure3_data,,,,,False,False,False
1892,pDm8,-0.4048836529457693,7.0,False,0,no_same_type_Figure3_data,,,,,False,False,False
1893,pDm8,0.35804513958383055,179.0,False,0,no_same_type_Figure3_data,,,,,False,False,False
1894,pDm8,-0.38239852467743607,8.0,False,0,no_same_type_Figure3_data,,,,,False,False,False
1895,pDm8,-0.3668351189195303,12.0,False,0,no_same_type_Figure3_data,,,,,False,False,False
1896,pDm8,-0.4659833878493233,86.0,False,0,no_same_type_Figure3_data,,,,,False,False,False
1897,pDm8,0.10641697694266498,6.0,False,0,no_same_type_Figure3_data,,,,,False,False,False
1898,pDm8,-0.49687434259897423,43.0,False,0,no_same_type_Figure3_data,,,,,False,False,False
1899,pDm8,-0.5700108418549134,86.0,False,0,no_same_type_Figure3_data,,,,,False,False,False
1900,pDm8,-0.4387018246684878,166.0,False,0,no_same_type_Figure3_data,,,,,False,False,False
1901,pDm8,-0.3968929599808497,11.0,False,0,no_same_type_Figure3_data,,,,,False,False,False
1902,pDm8,-0.33322118868677447,9.0,False,0,no_same_type_Figure3_data,,,,,False,False,False
1903,pDm8,-0.45190935828880835,87.0,False,0,no_same_type_Figure3_data,,,,,False,False,False
1904,pDm8,0.34341053168960867,10.0,False,0,no_same_type_Figure3_data,,,,,False,False,False
1905,pDm8,-0.31633271088413245,24.0,False,0,no_same_type_Figure3_data,,,,,False,False,False
1906,pDm8,-0.09099310860588279,11.0,False,0,no_same_type_Figure3_data,,,,,False,False,False
1907,pDm8,-0.9193060087318583,7.0,False,0,no_same_type_Figure3_data,,,,,False,False,False
1908,pDm8,-0.46868258363090265,35.0,False,0,no_same_type_Figure3_data,,,,,False,False,False
1909,pDm8,0.1612087912840778,33.0,False,0,no_same_type_Figure3_data,,,,,False,False,False
1910,pDm8,-0.27591346999228106,22.0,False,0,no_same_type_Figure3_data,,,,,False,False,False
1911,pDm8,-0.8109679148005905,8.0,False,0,no_same_type_Figure3_data,,,,,False,False,False
1912,pDm8,-0.42996696439639803,20.0,False,0,no_same_type_Figure3_data,,,,,False,False,False
1913,pDm8,-0.36912215307224344,14.0,False,0,no_same_type_Figure3_data,,,,,False,False,False
1914,pDm8,-0.2068440005581548,23.0,False,0,no_same_type_Figure3_data,,,,,False,False,False
1915,pDm8,-0.4493685800936231,46.0,False,0,no_same_type_Figure3_data,,,,,False,False,False
1916,pDm8,-0.4437575043144412,11.0,False,0,no_same_type_Figure3_data,,,,,False,False,False
1917,pDm8,-0.44759706292228907,182.0,False,0,no_same_type_Figure3_data,,,,,False,False,False
1918,pDm8,-0.4088013551576374,37.0,False,0,no_same_type_Figure3_data,,,,,False,False,False
1919,pDm8,0.043317964238601174,10.0,False,0,no_same_type_Figure3_data,,,,,False,False,False
1920,pDm8,0.3509231873388666,38.0,False,0,no_same_type_Figure3_data,,,,,False,False,False
1921,pDm8,-0.21317981017114243,6.0,False,0,no_same_type_Figure3_data,,,,,False,False,False
1922,pDm8,-0.7367872583168635,10.0,False,0,no_same_type_Figure3_data,,,,,False,False,False
1923,pDm8,-0.5381444203980292,7.0,False,0,no_same_type_Figure3_data,,,,,False,False,False
1924,pDm8,-0.836492976096426,12.0,False,0,no_same_type_Figure3_data,,,,,False,False,False
1925,pDm8,-0.7631093051301108,11.0,False,0,no_same_type_Figure3_data,,,,,False,False,False
1926,pDm8,-0.43701765821404076,182.0,False,0,no_same_type_Figure3_data,,,,,False,False,False
1927,pDm8,-0.4765837681797037,166.0,False,0,no_same_type_Figure3_data,,,,,False,False,False
1928,pDm8,-0.5253789913017688,107.0,False,0,no_same_type_Figure3_data,,,,,False,False,False
1929,pDm8,-0.7652217564388578,7.0,False,0,no_same_type_Figure3_data,,,,,False,False,False
1930,pDm8,-0.12269629257031303,10.0,False,0,no_same_type_Figure3_data,,,,,False,False,False
1931,pDm8,-0.5638541560985824,144.0,False,0,no_same_type_Figure3_data,,,,,False,False,False
1932,pDm8,-0.09869468293009864,10.0,False,0,no_same_type_Figure3_data,,,,,False,False,False
1933,pDm8,-0.33949959294021437,7.0,False,0,no_same_type_Figure3_data,,,,,False,False,False
1934,pDm8,-0.4009018819037705,48.0,False,0,no_same_type_Figure3_data,,,,,False,False,False
1935,pDm8,-0.023734738072404355,6.0,False,0,no_same_type_Figure3_data,,,,,False,False,False
1936,pDm8,-0.9056156406605026,11.0,False,0,no_same_type_Figure3_data,,,,,False,False,False
1937,pDm8,-0.06658360821951338,17.0,False,0,no_same_type_Figure3_data,,,,,False,False,False
1938,pDm8,-0.619881879926068,27.0,False,0,no_same_type_Figure3_data,,,,,False,False,False
1939,pDm8,-0.10190228590144779,27.0,False,0,no_same_type_Figure3_data,,,,,False,False,False
1940,pDm8,-0.7517964589812802,23.0,False,0,no_same_type_Figure3_data,,,,,False,False,False
1941,pDm8,-0.5441245005303846,34.0,False,0,no_same_type_Figure3_data,,,,,False,False,False
1942,pDm8,-0.7787256190223466,15.0,False,0,no_same_type_Figure3_data,,,,,False,False,False
1943,pDm8,-0.5926105385328667,17.0,False,0,no_same_type_Figure3_data,,,,,False,False,False
1944,pDm8,-0.5816194998658896,75.0,False,0,no_same_type_Figure3_data,,,,,False,False,False
1945,pDm8,-0.24010456570060804,17.0,False,0,no_same_type_Figure3_data,,,,,False,False,False
1946,pDm8,-0.8728703546365166,21.0,False,0,no_same_type_Figure3_data,,,,,False,False,False
1947,pDm8,-0.46072526620708715,27.0,False,0,no_same_type_Figure3_data,,,,,False,False,False
1948,pDm8,-0.44038573025148325,19.0,False,0,no_same_type_Figure3_data,,,,,False,False,False
1949,pDm8,-0.5991288012094593,7.0,False,0,no_same_type_Figure3_data,,,,,False,False,False
1950,pDm8,-0.04146258597606448,10.0,False,0,no_same_type_Figure3_data,,,,,False,False,False
1951,pDm8,-0.06043920210952003,17.0,False,0,no_same_type_Figure3_data,,,,,False,False,False
1952,pDm8,-0.5003182914126227,156.0,False,0,no_same_type_Figure3_data,,,,,False,False,False
1953,pDm8,-0.6974861151536889,8.0,False,0,no_same_type_Figure3_data,,,,,False,False,False
1954,pDm8,-0.7314953323780287,49.0,False,0,no_same_type_Figure3_data,,,,,False,False,False
1955,pDm8,-0.36523120504503476,6.0,False,0,no_same_type_Figure3_data,,,,,False,False,False
1956,pDm8,-0.030206726467990577,10.0,False,0,no_same_type_Figure3_data,,,,,False,False,False
1957,pDm8,-0.239885583951886,9.0,False,0,no_same_type_Figure3_data,,,,,False,False,False
1958,pDm8,-0.2301272458729907,12.0,False,0,no_same_type_Figure3_data,,,,,False,False,False
1959,pDm8,-0.30122337000651156,5.0,False,0,no_same_type_Figure3_data,,,,,False,False,False
1960,pDm8,-0.5548657028119909,17.0,False,0,no_same_type_Figure3_data,,,,,False,False,False
1961,pDm8,-0.5565385102302991,213.0,False,0,no_same_type_Figure3_data,,,,,False,False,False
1962,pDm8,-0.09598435182144074,10.0,False,0,no_same_type_Figure3_data,,,,,False,False,False
1963,pDm8,-0.7632868047564528,15.0,False,0,no_same_type_Figure3_data,,,,,False,False,False
1964,pDm8,-0.03872492789917737,10.0,False,0,no_same_type_Figure3_data,,,,,False,False,False
1965,pDm8,-0.21972959996957547,10.0,False,0,no_same_type_Figure3_data,,,,,False,False,False
1966,pDm8,0.046996039495953046,27.0,False,0,no_same_type_Figure3_data,,,,,False,False,False
1967,pDm8,-0.11632306563555084,20.0,False,0,no_same_type_Figure3_data,,,,,False,False,False
1968,pDm8,-0.48684674460317295,26.0,False,0,no_same_type_Figure3_data,,,,,False,False,False
1969,pDm8,-0.6481612177139613,23.0,False,0,no_same_type_Figure3_data,,,,,False,False,False
1970,pDm8,-0.08350539169314446,6.0,False,0,no_same_type_Figure3_data,,,,,False,False,False
1971,pDm8,-0.7525742522627583,166.0,False,0,no_same_type_Figure3_data,,,,,False,False,False
1972,pDm8,-0.8018710078481203,30.0,False,0,no_same_type_Figure3_data,,,,,False,False,False
1973,pDm8,-0.47854739658439144,6.0,False,0,no_same_type_Figure3_data,,,,,False,False,False
1974,pDm8,-1.612747859371547,3.0,False,0,no_same_type_Figure3_data,,,,,False,False,False
1975,pDm8,-0.9248780537249252,18.0,False,0,no_same_type_Figure3_data,,,,,False,False,False
1976,pDm8,-0.7163311772605004,36.0,False,0,no_same_type_Figure3_data,,,,,False,False,False
1977,pDm8,-0.6377218119508591,15.0,False,0,no_same_type_Figure3_data,,,,,False,False,False
1978,pDm8,-0.09885244758902091,10.0,False,0,no_same_type_Figure3_data,,,,,False,False,False
1979,pDm8,-0.013566673011917054,17.0,False,0,no_same_type_Figure3_data,,,,,False,False,False
1980,pDm8,0.050642439308354485,6.0,False,0,no_same_type_Figure3_data,,,,,False,False,False
1981,pDm8,-0.6680541295857843,34.0,False,0,no_same_type_Figure3_data,,,,,False,False,False
1982,pDm8,-0.6645281479784929,6.0,False,0,no_same_type_Figure3_data,,,,,False,False,False
1983,pDm8,-0.5639121214350885,6.0,False,0,no_same_type_Figure3_data,,,,,False,False,False
1984,pDm8,-0.6987756461878195,24.0,False,0,no_same_type_Figure3_data,,,,,False,False,False
1985,pDm8,-0.5747260275808711,24.0,False,0,no_same_type_Figure3_data,,,,,False,False,False
1986,pDm8,-0.6536533866891122,29.0,False,0,no_same_type_Figure3_data,,,,,False,False,False
1987,pDm8,-0.9733910142810771,34.0,False,0,no_same_type_Figure3_data,,,,,False,False,False
1988,pDm8,-0.6964207632513614,24.0,False,0,no_same_type_Figure3_data,,,,,False,False,False
1989,pDm8,-1.1305273105197826,17.0,False,0,no_same_type_Figure3_data,,,,,False,False,False
1990,pDm8,-1.1157816248065986,11.0,False,0,no_same_type_Figure3_data,,,,,False,False,False
1991,pDm8,-0.14590504030391058,17.0,False,0,no_same_type_Figure3_data,,,,,False,False,False
1992,pDm8,-0.7605122077443,78.0,False,0,no_same_type_Figure3_data,,,,,False,False,False
1993,pDm8,-0.12976201110334898,33.0,False,0,no_same_type_Figure3_data,,,,,False,False,False
1994,pDm8,-0.8511555908947859,63.0,False,0,no_same_type_Figure3_data,,,,,False,False,False
1995,pDm8,-0.6370745581820696,41.0,False,0,no_same_type_Figure3_data,,,,,False,False,False
1996,yDm8,-0.13131834081760277,7.0,False,0,no_same_type_Figure3_data,,,,,False,False,False
1997,yDm8,0.24064653261489935,25.0,False,0,no_same_type_Figure3_data,,,,,False,False,False
1998,yDm8,-0.9960407935808294,27.0,False,0,no_same_type_Figure3_data,,,,,False,False,False
1999,yDm8,0.028479722209064934,11.0,False,0,no_same_type_Figure3_data,,,,,False,False,False
2000,yDm8,-0.823648715507261,31.0,False,0,no_same_type_Figure3_data,,,,,False,False,False
2001,yDm8,-1.1442180978283596,22.0,False,0,no_same_type_Figure3_data,,,,,False,False,False
2002,yDm8,0.6604799924016549,11.0,False,0,no_same_type_Figure3_data,,,,,False,False,False
2003,yDm8,0.03656501607909777,20.0,False,0,no_same_type_Figure3_data,,,,,False,False,False
2004,yDm8,-0.18953916199575047,22.0,False,0,no_same_type_Figure3_data,,,,,False,False,False
2005,yDm8,-0.42308943567589763,65.0,False,0,no_same_type_Figure3_data,,,,,False,False,False
2006,yDm8,-0.7315899177336044,7.0,False,0,no_same_type_Figure3_data,,,,,False,False,False
2007,yDm8,0.6531071699662301,31.0,False,0,no_same_type_Figure3_data,,,,,False,False,False
2008,yDm8,-0.06423456503706178,14.0,False,0,no_same_type_Figure3_data,,,,,False,False,False
2009,yDm8,-1.2176334862462976,7.0,False,0,no_same_type_Figure3_data,,,,,False,False,False
2010,yDm8,0.7343716294222729,34.0,False,0,no_same_type_Figure3_data,,,,,False,False,False
2011,yDm8,-1.1521293926204201,51.0,False,0,no_same_type_Figure3_data,,,,,False,False,False
2012,yDm8,-0.743105143635845,8.0,False,0,no_same_type_Figure3_data,,,,,False,False,False
2013,yDm8,-1.0740336882553287,12.0,False,0,no_same_type_Figure3_data,,,,,False,False,False
2014,yDm8,-1.4040963920876628,15.0,False,0,no_same_type_Figure3_data,,,,,False,False,False
2015,yDm8,-0.7242275757855611,15.0,False,0,no_same_type_Figure3_data,,,,,False,False,False
2016,yDm8,-0.32967436606452555,38.0,False,0,no_same_type_Figure3_data,,,,,False,False,False
2017,yDm8,-0.816254192004804,48.0,False,0,no_same_type_Figure3_data,,,,,False,False,False
2018,yDm8,-1.695515127067209,9.0,False,0,no_same_type_Figure3_data,,,,,False,False,False
2019,yDm8,-0.9909870512608148,13.0,False,0,no_same_type_Figure3_data,,,,,False,False,False
2020,yDm8,-0.6683965294063835,26.0,False,0,no_same_type_Figure3_data,,,,,False,False,False
2021,yDm8,-0.9851521954872838,8.0,False,0,no_same_type_Figure3_data,,,,,False,False,False
2022,yDm8,-0.6249650917235291,11.0,False,0,no_same_type_Figure3_data,,,,,False,False,False
2023,yDm8,-0.6438953251222502,12.0,False,0,no_same_type_Figure3_data,,,,,False,False,False
2024,yDm8,0.16952690428279757,21.0,False,0,no_same_type_Figure3_data,,,,,False,False,False
2025,yDm8,-1.143545740684741,30.0,False,0,no_same_type_Figure3_data,,,,,False,False,False
2026,yDm8,-1.17268932603583,12.0,False,0,no_same_type_Figure3_data,,,,,False,False,False
2027,yDm8,-1.3479377128574017,21.0,False,0,no_same_type_Figure3_data,,,,,False,False,False
2028,yDm8,-1.1492087582115376,19.0,False,0,no_same_type_Figure3_data,,,,,False,False,False
2029,yDm8,0.2925038964697135,106.0,False,0,no_same_type_Figure3_data,,,,,False,False,False
2030,yDm8,0.6097822073074392,9.0,False,0,no_same_type_Figure3_data,,,,,False,False,False
2031,yDm8,-0.36967146146455815,11.0,False,0,no_same_type_Figure3_data,,,,,False,False,False
2032,yDm8,0.13568734495278553,9.0,False,0,no_same_type_Figure3_data,,,,,False,False,False
2033,yDm8,0.27039924586417396,22.0,False,0,no_same_type_Figure3_data,,,,,False,False,False
2034,yDm8,0.39397063892393724,22.0,False,0,no_same_type_Figure3_data,,,,,False,False,False
2035,yDm8,-1.034125803960206,27.0,False,0,no_same_type_Figure3_data,,,,,False,False,False
2036,yDm8,0.26655304604882274,7.0,False,0,no_same_type_Figure3_data,,,,,False,False,False
2037,yDm8,0.41392318822860125,25.0,False,0,no_same_type_Figure3_data,,,,,False,False,False
2038,yDm8,-0.3420295238192489,31.0,False,0,no_same_type_Figure3_data,,,,,False,False,False
2039,yDm8,0.207485611252306,11.0,False,0,no_same_type_Figure3_data,,,,,False,False,False
2040,yDm8,-0.8477221958604269,31.0,False,0,no_same_type_Figure3_data,,,,,False,False,False
2041,yDm8,0.07762823276318552,4.0,False,0,no_same_type_Figure3_data,,,,,False,False,False
2042,yDm8,0.26788789709008126,4.0,False,0,no_same_type_Figure3_data,,,,,False,False,False
2043,yDm8,-1.0325155286557757,22.0,False,0,no_same_type_Figure3_data,,,,,False,False,False
2044,yDm8,0.044300989280937626,37.0,False,0,no_same_type_Figure3_data,,,,,False,False,False
2045,yDm8,-0.8505667115007274,21.0,False,0,no_same_type_Figure3_data,,,,,False,False,False
2046,yDm8,0.31960802241525565,11.0,False,0,no_same_type_Figure3_data,,,,,False,False,False
2047,yDm8,0.24744944715455514,18.0,False,0,no_same_type_Figure3_data,,,,,False,False,False
2048,yDm8,-0.17792611251740417,20.0,False,0,no_same_type_Figure3_data,,,,,False,False,False
2049,yDm8,0.8947645798787427,8.0,False,0,no_same_type_Figure3_data,,,,,False,False,False
2050,yDm8,-0.03223911771706275,22.0,False,0,no_same_type_Figure3_data,,,,,False,False,False
2051,yDm8,-1.1247978446007953,86.0,False,0,no_same_type_Figure3_data,,,,,False,False,False
2052,yDm8,-0.3538807039727953,11.0,False,0,no_same_type_Figure3_data,,,,,False,False,False
2053,yDm8,-0.6266131678104108,86.0,False,0,no_same_type_Figure3_data,,,,,False,False,False
2054,yDm8,-0.21356222164903757,7.0,False,0,no_same_type_Figure3_data,,,,,False,False,False
2055,yDm8,-0.6392782673673288,7.0,False,0,no_same_type_Figure3_data,,,,,False,False,False
2056,yDm8,-1.2423405603051878,82.0,False,0,no_same_type_Figure3_data,,,,,False,False,False
2057,yDm8,0.017263650240425137,34.0,False,0,no_same_type_Figure3_data,,,,,False,False,False
2058,yDm8,-0.20390376406496347,34.0,False,0,no_same_type_Figure3_data,,,,,False,False,False
2059,yDm8,-0.3404825835851841,65.0,False,0,no_same_type_Figure3_data,,,,,False,False,False
2060,yDm8,-0.555533812485564,23.0,False,0,no_same_type_Figure3_data,,,,,False,False,False
2061,yDm8,-0.9595168469578351,7.0,False,0,no_same_type_Figure3_data,,,,,False,False,False
2062,yDm8,-0.039517929197854955,11.0,False,0,no_same_type_Figure3_data,,,,,False,False,False
2063,yDm8,0.38428912722191105,11.0,False,0,no_same_type_Figure3_data,,,,,False,False,False
2064,yDm8,0.14785138717227375,31.0,False,0,no_same_type_Figure3_data,,,,,False,False,False
2065,yDm8,0.07095140223886699,14.0,False,0,no_same_type_Figure3_data,,,,,False,False,False
2066,yDm8,-0.3754352812618859,14.0,False,0,no_same_type_Figure3_data,,,,,False,False,False
2067,yDm8,1.0167292878370486,9.0,False,0,no_same_type_Figure3_data,,,,,False,False,False
2068,yDm8,-0.9660562090640065,7.0,False,0,no_same_type_Figure3_data,,,,,False,False,False
2069,yDm8,0.30672981262597615,15.0,False,0,no_same_type_Figure3_data,,,,,False,False,False
2070,yDm8,0.34836406239633944,9.0,False,0,no_same_type_Figure3_data,,,,,False,False,False
2071,yDm8,-0.45423938218674387,14.0,False,0,no_same_type_Figure3_data,,,,,False,False,False
2072,yDm8,0.5835866667891457,34.0,False,0,no_same_type_Figure3_data,,,,,False,False,False
2073,yDm8,-0.4598677917841525,50.0,False,0,no_same_type_Figure3_data,,,,,False,False,False
2074,yDm8,1.154013567061401,8.0,False,0,no_same_type_Figure3_data,,,,,False,False,False
2075,yDm8,-1.4401725899311326,11.0,False,0,no_same_type_Figure3_data,,,,,False,False,False
2076,yDm8,-0.3937229814180983,133.0,False,0,no_same_type_Figure3_data,,,,,False,False,False
2077,yDm8,-1.026453567263967,15.0,False,0,no_same_type_Figure3_data,,,,,False,False,False
2078,yDm8,-1.2570394988743578,97.0,False,0,no_same_type_Figure3_data,,,,,False,False,False
2079,yDm8,-1.219213705677541,118.0,False,0,no_same_type_Figure3_data,,,,,False,False,False
2080,yDm8,-1.3103588285776993,21.0,False,0,no_same_type_Figure3_data,,,,,False,False,False
2081,yDm8,0.5240551892438482,29.0,False,0,no_same_type_Figure3_data,,,,,False,False,False
2082,yDm8,0.31910542357704086,21.0,False,0,no_same_type_Figure3_data,,,,,False,False,False
2083,yDm8,1.0532081536038504,8.0,False,0,no_same_type_Figure3_data,,,,,False,False,False
2084,yDm8,-0.8068577583062341,34.0,False,0,no_same_type_Figure3_data,,,,,False,False,False
2085,yDm8,-0.5429024806505023,11.0,False,0,no_same_type_Figure3_data,,,,,False,False,False
2086,yDm8,-0.9292891927787552,16.0,False,0,no_same_type_Figure3_data,,,,,False,False,False
2087,yDm8,-0.8461315249554036,18.0,False,0,no_same_type_Figure3_data,,,,,False,False,False
2088,yDm8,-0.7300008803745209,51.0,False,0,no_same_type_Figure3_data,,,,,False,False,False
2089,yDm8,-1.3854196043734863,13.0,False,0,no_same_type_Figure3_data,,,,,False,False,False
2090,yDm8,0.9860947994546467,16.0,False,0,no_same_type_Figure3_data,,,,,False,False,False
2091,yDm8,0.3234635619096404,51.0,False,0,no_same_type_Figure3_data,,,,,False,False,False
2092,yDm8,-1.0704048072872994,11.0,False,0,no_same_type_Figure3_data,,,,,False,False,False
2093,yDm8,0.4519232734548434,63.0,False,0,no_same_type_Figure3_data,,,,,False,False,False
2094,yDm8,0.3385882796700675,12.0,False,0,no_same_type_Figure3_data,,,,,False,False,False
2095,yDm8,0.3350161998426612,12.0,False,0,no_same_type_Figure3_data,,,,,False,False,False
2096,yDm8,-0.16315039268816214,50.0,False,0,no_same_type_Figure3_data,,,,,False,False,False
2097,yDm8,-0.8440775308148921,51.0,False,0,no_same_type_Figure3_data,,,,,False,False,False
2098,yDm8,-1.167652674188556,22.0,False,0,no_same_type_Figure3_data,,,,,False,False,False
2099,yDm8,-0.9116756783574215,31.0,False,0,no_same_type_Figure3_data,,,,,False,False,False
2100,yDm8,-0.98204769574871,21.0,False,0,no_same_type_Figure3_data,,,,,False,False,False
2101,yDm8,0.2489866190647044,7.0,False,0,no_same_type_Figure3_data,,,,,False,False,False
2102,yDm8,1.0204605332524654,9.0,False,0,no_same_type_Figure3_data,,,,,False,False,False
2103,yDm8,0.34189490860663035,9.0,False,0,no_same_type_Figure3_data,,,,,False,False,False
2104,yDm8,-1.473933698924459,14.0,False,0,no_same_type_Figure3_data,,,,,False,False,False
2105,yDm8,-1.4592551487184298,14.0,False,0,no_same_type_Figure3_data,,,,,False,False,False
2106,yDm8,0.3243247343228486,51.0,False,0,no_same_type_Figure3_data,,,,,False,False,False
2107,yDm8,-0.168207209156732,7.0,False,0,no_same_type_Figure3_data,,,,,False,False,False
2108,yDm8,0.3744430061997911,9.0,False,0,no_same_type_Figure3_data,,,,,False,False,False
2109,yDm8,0.34454170009889185,13.0,False,0,no_same_type_Figure3_data,,,,,False,False,False
2110,yDm8,0.36391441295800536,13.0,False,0,no_same_type_Figure3_data,,,,,False,False,False
2111,yDm8,-0.11255065340201134,12.0,False,0,no_same_type_Figure3_data,,,,,False,False,False
2112,yDm8,-0.3998503584987945,12.0,False,0,no_same_type_Figure3_data,,,,,False,False,False
2113,yDm8,0.5536513748759148,7.0,False,0,no_same_type_Figure3_data,,,,,False,False,False
2114,yDm8,0.5609154627247408,7.0,False,0,no_same_type_Figure3_data,,,,,False,False,False
2115,yDm8,-1.4680430341400006,24.0,False,0,no_same_type_Figure3_data,,,,,False,False,False
2116,yDm8,-1.0995804576446138,24.0,False,0,no_same_type_Figure3_data,,,,,False,False,False
2117,yDm8,-0.7612433929199788,47.0,False,0,no_same_type_Figure3_data,,,,,False,False,False
2118,yDm8,-0.9148030688516656,8.0,False,0,no_same_type_Figure3_data,,,,,False,False,False
2119,yDm8,0.15101471550780107,9.0,False,0,no_same_type_Figure3_data,,,,,False,False,False
2120,yDm8,-0.14429772158214835,18.0,False,0,no_same_type_Figure3_data,,,,,False,False,False
2121,yDm8,-0.20414792184520283,39.0,False,0,no_same_type_Figure3_data,,,,,False,False,False
2122,yDm8,-0.22988092410502947,45.0,False,0,no_same_type_Figure3_data,,,,,False,False,False
2123,yDm8,-0.13317830808435888,106.0,False,0,no_same_type_Figure3_data,,,,,False,False,False
2124,yDm8,0.15704326241440963,22.0,False,0,no_same_type_Figure3_data,,,,,False,False,False
2125,yDm8,-0.8523988144313065,8.0,False,0,no_same_type_Figure3_data,,,,,False,False,False
2126,yDm8,0.5068554708795221,22.0,False,0,no_same_type_Figure3_data,,,,,False,False,False
2127,yDm8,0.5735871457686761,22.0,False,0,no_same_type_Figure3_data,,,,,False,False,False
2128,yDm8,-0.01070200335482829,21.0,False,0,no_same_type_Figure3_data,,,,,False,False,False
2129,yDm8,-0.6704779940032032,19.0,False,0,no_same_type_Figure3_data,,,,,False,False,False
2130,yDm8,-0.08295315443012259,40.0,False,0,no_same_type_Figure3_data,,,,,False,False,False
2131,yDm8,0.3007798560013645,7.0,False,0,no_same_type_Figure3_data,,,,,False,False,False
2132,yDm8,-1.2521191056279093,86.0,False,0,no_same_type_Figure3_data,,,,,False,False,False
2133,yDm8,-0.6400345021276752,40.0,False,0,no_same_type_Figure3_data,,,,,False,False,False
2134,yDm8,-0.7725979217395178,40.0,False,0,no_same_type_Figure3_data,,,,,False,False,False
2135,yDm8,0.15159169060370786,11.0,False,0,no_same_type_Figure3_data,,,,,False,False,False
2136,yDm8,-0.03366029977267459,63.0,False,0,no_same_type_Figure3_data,,,,,False,False,False
2137,yDm8,-1.0917987834150051,18.0,False,0,no_same_type_Figure3_data,,,,,False,False,False
2138,yDm8,0.3443086789419594,7.0,False,0,no_same_type_Figure3_data,,,,,False,False,False
2139,yDm8,-0.9072852249875865,24.0,False,0,no_same_type_Figure3_data,,,,,False,False,False
2140,yDm8,-0.9372472131639887,13.0,False,0,no_same_type_Figure3_data,,,,,False,False,False
2141,yDm8,-0.5774529193702488,11.0,False,0,no_same_type_Figure3_data,,,,,False,False,False
2142,yDm8,-1.2799959987342526,18.0,False,0,no_same_type_Figure3_data,,,,,False,False,False
2143,yDm8,-0.3531988473497423,59.0,False,0,no_same_type_Figure3_data,,,,,False,False,False
2144,yDm8,-0.07459754739816413,106.0,False,0,no_same_type_Figure3_data,,,,,False,False,False
2145,yDm8,-1.1630853353801114,20.0,False,0,no_same_type_Figure3_data,,,,,False,False,False
2146,yDm8,-0.677502649316014,7.0,False,0,no_same_type_Figure3_data,,,,,False,False,False
2147,yDm8,-1.2909078207855078,19.0,False,0,no_same_type_Figure3_data,,,,,False,False,False
2148,yDm8,-1.2618549923225146,12.0,False,0,no_same_type_Figure3_data,,,,,False,False,False
2149,yDm8,-1.244658228572045,21.0,False,0,no_same_type_Figure3_data,,,,,False,False,False
2150,yDm8,-1.1499624719271888,34.0,False,0,no_same_type_Figure3_data,,,,,False,False,False
2151,yDm8,0.2644336593450353,9.0,False,0,no_same_type_Figure3_data,,,,,False,False,False
2152,yDm8,-1.1966051080093913,86.0,False,0,no_same_type_Figure3_data,,,,,False,False,False
2153,yDm8,-0.03859379050059503,16.0,False,0,no_same_type_Figure3_data,,,,,False,False,False
2154,yDm8,-0.6906686086203805,4.0,False,0,no_same_type_Figure3_data,,,,,False,False,False
2155,yDm8,-1.3847057359442274,19.0,False,0,no_same_type_Figure3_data,,,,,False,False,False
2156,yDm8,-0.5992570617082748,11.0,False,0,no_same_type_Figure3_data,,,,,False,False,False
2157,yDm8,-1.4170355045415612,21.0,False,0,no_same_type_Figure3_data,,,,,False,False,False
2158,yDm8,-0.8411087273141936,23.0,False,0,no_same_type_Figure3_data,,,,,False,False,False
2159,yDm8,-0.29599738411247417,37.0,False,0,no_same_type_Figure3_data,,,,,False,False,False
2160,yDm8,0.09552556608884263,20.0,False,0,no_same_type_Figure3_data,,,,,False,False,False
2161,yDm8,-0.16508570067917935,31.0,False,0,no_same_type_Figure3_data,,,,,False,False,False
2162,yDm8,-0.4278699137142225,4.0,False,0,no_same_type_Figure3_data,,,,,False,False,False
2163,yDm8,-0.6477621508510693,23.0,False,0,no_same_type_Figure3_data,,,,,False,False,False
2164,yDm8,-1.5004343447497492,20.0,False,0,no_same_type_Figure3_data,,,,,False,False,False
2165,yDm8,-1.5413131021395388,20.0,False,0,no_same_type_Figure3_data,,,,,False,False,False
2166,yDm8,-0.08078969508744015,15.0,False,0,no_same_type_Figure3_data,,,,,False,False,False
2167,yDm8,-0.5122055812949268,9.0,False,0,no_same_type_Figure3_data,,,,,False,False,False
2168,yDm8,-0.0368570925466679,11.0,False,0,no_same_type_Figure3_data,,,,,False,False,False
2169,yDm8,-1.5897986625089753,29.0,False,0,no_same_type_Figure3_data,,,,,False,False,False
2170,yDm8,-0.6567055854338387,4.0,False,0,no_same_type_Figure3_data,,,,,False,False,False
2171,yDm8,-0.8422678332062666,19.0,False,0,no_same_type_Figure3_data,,,,,False,False,False
2172,yDm8,-0.40736752253623315,11.0,False,0,no_same_type_Figure3_data,,,,,False,False,False
2173,yDm8,-1.1553358030616019,78.0,False,0,no_same_type_Figure3_data,,,,,False,False,False
2174,yDm8,-0.5547801976501427,23.0,False,0,no_same_type_Figure3_data,,,,,False,False,False
2175,yDm8,-0.6083764482272187,31.0,False,0,no_same_type_Figure3_data,,,,,False,False,False
2176,yDm8,-0.054268495356465794,20.0,False,0,no_same_type_Figure3_data,,,,,False,False,False
2177,yDm8,-1.3192806140727493,29.0,False,0,no_same_type_Figure3_data,,,,,False,False,False
2178,yDm8,-1.24113983151132,11.0,False,0,no_same_type_Figure3_data,,,,,False,False,False
2179,yDm8,-1.3614860789851932,11.0,False,0,no_same_type_Figure3_data,,,,,False,False,False
2180,yDm8,-0.969473871652852,11.0,False,0,no_same_type_Figure3_data,,,,,False,False,False
2181,yDm8,-0.8344272815884428,30.0,False,0,no_same_type_Figure3_data,,,,,False,False,False
2182,yDm8,-0.4199526314152826,31.0,False,0,no_same_type_Figure3_data,,,,,False,False,False
2183,yDm8,-1.2650753729455124,19.0,False,0,no_same_type_Figure3_data,,,,,False,False,False
2184,yDm8,-1.1883579002911915,11.0,False,0,no_same_type_Figure3_data,,,,,False,False,False
2185,yDm8,-1.7471604664174005,7.0,False,0,no_same_type_Figure3_data,,,,,False,False,False
2186,yDm8,-1.3094032239717301,16.0,False,0,no_same_type_Figure3_data,,,,,False,False,False
2187,yDm8,-0.19952347103762236,7.0,False,0,no_same_type_Figure3_data,,,,,False,False,False
2188,yDm8,-1.4491612286152633,11.0,False,0,no_same_type_Figure3_data,,,,,False,False,False
2189,yDm8,-1.0916757542235496,7.0,False,0,no_same_type_Figure3_data,,,,,False,False,False
2190,yDm8,-1.2425492866147025,86.0,False,0,no_same_type_Figure3_data,,,,,False,False,False
2191,yDm8,-1.2425743784869285,52.0,False,0,no_same_type_Figure3_data,,,,,False,False,False
2192,yDm8,-1.0458170424363402,31.0,False,0,no_same_type_Figure3_data,,,,,False,False,False
2193,yDm8,-1.25871600166664,52.0,False,0,no_same_type_Figure3_data,,,,,False,False,False
2194,yDm8,-0.8905356354672808,51.0,False,0,no_same_type_Figure3_data,,,,,False,False,False
2195,yDm8,-1.1902910516057617,56.0,False,0,no_same_type_Figure3_data,,,,,False,False,False
2196,yDm8,-1.2185890738388725,4.0,False,0,no_same_type_Figure3_data,,,,,False,False,False
2197,yDm8,-1.4827480710852015,11.0,False,0,no_same_type_Figure3_data,,,,,False,False,False
2198,yDm8,-1.0469360402382024,39.0,False,0,no_same_type_Figure3_data,,,,,False,False,False
2199,yDm8,-0.6036964328552886,49.0,False,0,no_same_type_Figure3_data,,,,,False,False,False
2200,yDm8,-1.1803854514721377,30.0,False,0,no_same_type_Figure3_data,,,,,False,False,False
2201,yDm8,-1.3783533611278702,20.0,False,0,no_same_type_Figure3_data,,,,,False,False,False
2202,yDm8,-1.184092002438576,9.0,False,0,no_same_type_Figure3_data,,,,,False,False,False
2203,yDm8,-1.6121552287580538,11.0,False,0,no_same_type_Figure3_data,,,,,False,False,False
2204,yDm8,-1.3482360642517555,13.0,False,0,no_same_type_Figure3_data,,,,,False,False,False
2205,yDm8,-0.7345470287146242,49.0,False,0,no_same_type_Figure3_data,,,,,False,False,False
2206,yDm8,-1.1004409468598635,51.0,False,0,no_same_type_Figure3_data,,,,,False,False,False
2207,yDm8,-1.441953310889138,56.0,False,0,no_same_type_Figure3_data,,,,,False,False,False
2208,yDm8,-1.3291439889816292,54.0,False,0,no_same_type_Figure3_data,,,,,False,False,False
2209,yDm8,-1.42092917094141,16.0,False,0,no_same_type_Figure3_data,,,,,False,False,False
2210,yDm8,-1.2847787344762105,18.0,False,0,no_same_type_Figure3_data,,,,,False,False,False
2211,yDm8,-1.1215954514818187,22.0,False,0,no_same_type_Figure3_data,,,,,False,False,False
2212,yDm8,-1.4961943579130224,11.0,False,0,no_same_type_Figure3_data,,,,,False,False,False
2213,yDm8,-1.3242973855497626,7.0,False,0,no_same_type_Figure3_data,,,,,False,False,False
2214,yDm8,-1.1755917044118047,23.0,False,0,no_same_type_Figure3_data,,,,,False,False,False
2215,yDm8,-1.0280070235468384,13.0,False,0,no_same_type_Figure3_data,,,,,False,False,False
2216,yDm8,-1.3383720647555806,63.0,False,0,no_same_type_Figure3_data,,,,,False,False,False
2217,yDm8,-0.6495854164417949,7.0,False,0,no_same_type_Figure3_data,,,,,False,False,False
2218,yDm8,-1.6133509459040456,4.0,False,0,no_same_type_Figure3_data,,,,,False,False,False
2219,yDm8,-1.5152024863916567,9.0,False,0,no_same_type_Figure3_data,,,,,False,False,False
2220,yDm8,-2.0306424850794498,11.0,False,0,no_same_type_Figure3_data,,,,,False,False,False
2221,yDm8,-1.109769429274502,70.0,False,0,no_same_type_Figure3_data,,,,,False,False,False
2222,yDm8,-1.1542851885963128,4.0,False,0,no_same_type_Figure3_data,,,,,False,False,False
2223,yDm8,-1.1038583290728017,20.0,False,0,no_same_type_Figure3_data,,,,,False,False,False
2224,yDm8,-1.5632759338049582,7.0,False,0,no_same_type_Figure3_data,,,,,False,False,False
2225,yDm8,-1.1935726387442187,74.0,False,0,no_same_type_Figure3_data,,,,,False,False,False
2226,yDm8,-1.274174630551741,13.0,False,0,no_same_type_Figure3_data,,,,,False,False,False
2227,yDm8,-0.9437078598584087,27.0,False,0,no_same_type_Figure3_data,,,,,False,False,False
2228,yDm8,-1.2998684712041668,94.0,False,0,no_same_type_Figure3_data,,,,,False,False,False
2229,yDm8,-1.4306009569536953,24.0,False,0,no_same_type_Figure3_data,,,,,False,False,False
2230,yDm8,-0.9011578055150851,9.0,False,0,no_same_type_Figure3_data,,,,,False,False,False
2231,yDm8,-1.8549486368657815,7.0,False,0,no_same_type_Figure3_data,,,,,False,False,False
2232,yDm8,-1.5867110039982852,7.0,False,0,no_same_type_Figure3_data,,,,,False,False,False
2233,yDm8,-1.4612570143780317,23.0,False,0,no_same_type_Figure3_data,,,,,False,False,False
2234,yDm8,-1.6232929048492744,15.0,False,0,no_same_type_Figure3_data,,,,,False,False,False
2235,yDm8,-1.0177450519195288,21.0,False,0,no_same_type_Figure3_data,,,,,False,False,False
2236,yDm8,-1.628932491226989,8.0,False,0,no_same_type_Figure3_data,,,,,False,False,False
2237,yDm8,-1.6217284779829881,33.0,False,0,no_same_type_Figure3_data,,,,,False,False,False
2238,yDm8,-1.4939598017845308,14.0,False,0,no_same_type_Figure3_data,,,,,False,False,False
2239,yDm8,-1.250013289637764,15.0,False,0,no_same_type_Figure3_data,,,,,False,False,False
2240,yDm8,-1.083852745711798,29.0,False,0,no_same_type_Figure3_data,,,,,False,False,False
2241,Tm5a,0.21716003923825097,2.0,True,0,nonempty_primary_group,1,0.21716003923825095,2,2.7755575615628914e-17,True,True,True
2242,Tm5a,0.1300082446408425,60.0,False,0,nonempty_primary_group,3,0.14409529692330791,60,0.014087052282465401,False,True,False
2243,Tm5a,-0.014373819567272433,4.0,True,0,nonempty_primary_group,4,-0.5163833446365828,2,0.5020095250693103,False,False,False
2244,Tm5a,0.13272872912331413,31.0,True,0,nonempty_primary_group,5,0.13272872912331415,31,2.7755575615628914e-17,True,True,True
2245,Tm5a,0.10344433633916153,12.0,False,0,nonempty_primary_group,6,0.353541615191262,9,0.2500972788521004,False,False,False
2246,Tm5a,0.14181406131827137,4.0,True,0,nonempty_primary_group,7,0.14181406131827143,4,5.551115123125783e-17,True,True,True
2247,Tm5a,0.3076108656391354,2.0,True,0,nonempty_primary_group,8,0.3076108656391353,2,1.1102230246251565e-16,True,True,True
2248,Tm5a,-0.028214381229192613,10.0,False,0,nonempty_primary_group,9,-0.02821438122919261,10,3.469446951953614e-18,True,True,True
2249,Tm5a,-0.07573298224784954,9.0,True,0,nonempty_primary_group,10,-0.16394862703986082,8,0.08821564479201129,False,False,False
2250,Tm5a,0.2659382509469928,9.0,False,0,nonempty_primary_group,11,0.10937332467919658,10,0.15656492626779622,False,False,False
2251,Tm5a,-0.2548487937707809,8.0,True,0,nonempty_primary_group,12,-0.254848793770781,8,1.1102230246251565e-16,True,True,True
2252,Tm5a,0.5115578088236302,12.0,False,0,nonempty_primary_group,13,0.5115578088236301,12,1.1102230246251565e-16,True,True,True
2253,Tm5a,0.34311541058731393,31.0,False,0,nonempty_primary_group,15,0.3587174232032529,30,0.015602012615938965,False,False,False
2254,Tm5a,0.4834964458425965,26.0,False,0,nonempty_primary_group,16,0.4397338742330415,27,0.04376257160955499,False,False,False
2255,Tm5a,0.1256483204599776,13.0,False,0,nonempty_primary_group,17,0.11653781204452396,12,0.009110508415453633,False,False,False
2256,Tm5a,1.3136519213507858,2.0,True,0,nonempty_primary_group,18,1.313651921350786,2,2.220446049250313e-16,True,True,True
2257,Tm5a,0.10625828926482266,12.0,False,0,nonempty_primary_group,19,0.10625828926482267,12,1.3877787807814457e-17,True,True,True
2258,Tm5a,0.42211109867222696,24.0,False,0,nonempty_primary_group,21,0.422111098672227,24,5.551115123125783e-17,True,True,True
2259,Tm5a,0.24659419000213548,11.0,False,0,nonempty_primary_group,22,0.15014724169942026,11,0.09644694830271522,False,True,False
2260,Tm5a,0.34903795696735934,11.0,True,0,nonempty_primary_group,23,0.3490379569673594,11,5.551115123125783e-17,True,True,True
2261,Tm5a,0.05238017148349737,13.0,False,0,nonempty_primary_group,24,0.11002257791944271,12,0.05764240643594534,False,False,False
2262,Tm5a,-0.09273411075610075,5.0,True,0,nonempty_primary_group,25,-0.09273411075610069,5,5.551115123125783e-17,True,True,True
2263,Tm5a,-0.02591233484314417,51.0,True,0,nonempty_primary_group,27,-0.02591233484314416,51,1.0408340855860843e-17,True,True,True
2264,Tm5a,-0.1487592386698199,9.0,True,0,nonempty_primary_group,28,-0.14875923866981988,9,2.7755575615628914e-17,True,True,True
2265,Tm5a,0.2298439029368208,22.0,False,0,nonempty_primary_group,30,0.19923826573074274,22,0.030605637206078062,False,True,False
2266,Tm5a,-0.07456483007745983,11.0,True,0,nonempty_primary_group,31,-0.07456483007745984,11,1.3877787807814457e-17,True,True,True
2267,Tm5a,-0.32500883844436673,4.0,True,0,nonempty_primary_group,32,-0.9026892045228863,2,0.5776803660785195,False,False,False
2268,Tm5a,-0.3866504694342793,45.0,False,0,nonempty_primary_group,33,-0.4384674244609179,43,0.051816955026638634,False,False,False
2269,Tm5a,0.04902873410220824,17.0,False,0,nonempty_primary_group,34,0.01953222180813027,16,0.02949651229407797,False,False,False
2270,Tm5a,0.2724769559923257,5.0,True,0,nonempty_primary_group,35,0.27247695599232563,5,5.551115123125783e-17,True,True,True
2271,Tm5a,0.42419669081027844,18.0,True,0,nonempty_primary_group,36,0.42419669081027844,18,0.0,True,True,True
2272,Tm5a,-0.16997332866804665,17.0,False,0,nonempty_primary_group,38,-0.16997332866804662,17,2.7755575615628914e-17,True,True,True
2273,Tm5a,0.018799240796713617,20.0,False,0,nonempty_primary_group,39,0.01879924079671374,20,1.214306433183765e-16,True,True,True
2274,Tm5a,0.06324195088259127,41.0,False,0,nonempty_primary_group,40,0.06324195088259127,41,0.0,True,True,True
2275,Tm5a,0.02210334458708998,14.0,False,0,nonempty_primary_group,41,0.08228333513524003,15,0.06017999054815004,False,False,False
2276,Tm5a,-0.0019722917707736144,14.0,True,0,nonempty_primary_group,42,-0.0019722917707736343,14,1.9949319973733282e-17,True,True,True
2277,Tm5a,0.21165797488842145,16.0,False,0,nonempty_primary_group,43,0.197967088553971,14,0.013690886334450453,False,False,False
2278,Tm5a,0.024691366241315262,3.0,False,0,nonempty_primary_group,44,0.02469136624131533,3,6.938893903907228e-17,True,True,True
2279,Tm5a,0.10189611383019957,4.0,True,0,nonempty_primary_group,45,0.10189611383019959,4,1.3877787807814457e-17,True,True,True
2280,Tm5a,0.3660369597627668,21.0,True,0,nonempty_primary_group,46,0.3660369597627668,21,0.0,True,True,True
2281,Tm5a,0.0037535325738443817,21.0,True,0,nonempty_primary_group,47,0.003753532573844381,21,8.673617379884035e-19,True,True,True
2282,Tm5a,0.21103701367933253,23.0,True,0,nonempty_primary_group,48,0.21103701367933264,23,1.1102230246251565e-16,True,True,True
2283,Tm5a,0.23400167889955667,3.0,True,0,nonempty_primary_group,49,0.2340016788995567,3,2.7755575615628914e-17,True,True,True
2284,Tm5a,-0.14171183616039423,3.0,False,0,nonempty_primary_group,50,-0.1417118361603942,3,2.7755575615628914e-17,True,True,True
2285,Tm5a,0.03356440422814415,4.0,True,0,nonempty_primary_group,51,0.0487697070487621,2,0.015205302820617952,False,False,False
2286,Tm5a,0.32888295465463635,22.0,True,0,nonempty_primary_group,52,0.3288829546546364,22,5.551115123125783e-17,True,True,True
2287,Tm5a,0.460746683064459,1.0,False,0,nonempty_primary_group,53,0.5092645138762335,2,0.04851783081177452,False,False,False
2288,Tm5a,0.6398645770078979,45.0,False,0,nonempty_primary_group,54,0.7288685865725009,42,0.08900400956460297,False,False,False
2289,Tm5a,0.3908448856248267,5.0,True,0,nonempty_primary_group,55,0.39084488562482667,5,5.551115123125783e-17,True,True,True
2290,Tm5a,0.2933897841413695,2.0,True,0,nonempty_primary_group,56,0.29338978414136974,2,2.220446049250313e-16,True,True,True
2291,Tm5a,0.19148487180526355,11.0,True,0,nonempty_primary_group,57,0.19148487180526352,11,2.7755575615628914e-17,True,True,True
2292,Tm5a,0.6744842009062783,43.0,False,0,nonempty_primary_group,58,0.6552243071687763,43,0.01925989373750192,False,True,False
2293,Tm5a,-0.046046099228051314,53.0,False,0,nonempty_primary_group,59,-0.01658065958629064,50,0.029465439641760675,False,False,False
2294,Tm5a,0.31992034308557354,7.0,True,0,nonempty_primary_group,60,0.3199203430855735,7,5.551115123125783e-17,True,True,True
2295,Tm5a,0.19921552184513763,21.0,True,0,nonempty_primary_group,61,0.17081792409524044,20,0.028397597749897197,False,False,False
2296,Tm5a,-0.9286493001355647,7.0,False,0,nonempty_primary_group,62,-1.081038587693829,5,0.15238928755826442,False,False,False
2297,Tm5a,0.12630072173862045,12.0,False,0,nonempty_primary_group,64,0.12630072173862042,12,2.7755575615628914e-17,True,True,True
2298,Tm5a,0.2635591722114071,9.0,False,0,nonempty_primary_group,65,0.27573770984889495,10,0.01217853763748783,False,False,False
2299,Tm5a,0.1167117102679958,19.0,True,0,nonempty_primary_group,67,0.11671171026799584,19,4.163336342344337e-17,True,True,True
2300,Tm5a,0.6902676452091887,1.0,True,0,empty_primary_group,68,,0,,False,False,False
2301,Tm5a,-2.8345700988144493,1.0,True,0,empty_primary_group,69,,0,,False,False,False
2302,Tm5a,1.1209447277307276,2.0,True,0,nonempty_primary_group,70,1.1209447277307278,2,2.220446049250313e-16,True,True,True
2303,Tm5a,0.7139249077519275,15.0,False,0,nonempty_primary_group,71,0.7139249077519276,15,1.1102230246251565e-16,True,True,True
2304,Tm5a,0.32612203006876667,8.0,True,0,nonempty_primary_group,72,0.32612203006876656,8,1.1102230246251565e-16,True,True,True
2305,Tm5a,0.8428176492324148,23.0,True,0,nonempty_primary_group,73,0.8428176492324148,23,0.0,True,True,True
2306,Tm5a,0.3444191241752323,9.0,True,0,nonempty_primary_group,74,0.3444191241752323,9,0.0,True,True,True
2307,Tm5a,-0.10051478804567811,17.0,False,0,nonempty_primary_group,75,-0.08856412890442734,18,0.011950659141250763,False,False,False
2308,Tm5a,-0.16211849610129797,4.0,True,0,nonempty_primary_group,76,-0.16211849610129797,4,0.0,True,True,True
2309,Tm5a,0.3178420761357903,41.0,True,0,nonempty_primary_group,77,0.31784207613579035,41,5.551115123125783e-17,True,True,True
2310,Tm5a,0.5242013950678185,12.0,False,0,nonempty_primary_group,78,0.5242013950678185,12,0.0,True,True,True
2311,Tm5a,0.19030606470012093,7.0,True,0,nonempty_primary_group,79,0.19030606470012093,7,0.0,True,True,True
2312,Tm5a,0.2978052458521224,9.0,False,0,nonempty_primary_group,80,0.3111643382047057,8,0.013359092352583257,False,False,False
2313,Tm5a,0.017116510197780342,7.0,True,0,nonempty_primary_group,81,0.017116510197780356,7,1.3877787807814457e-17,True,True,True
2314,Tm5a,-0.2762020601311886,7.0,True,0,nonempty_primary_group,82,-0.2762020601311886,7,0.0,True,True,True
2315,Tm5a,-0.12686170906954108,5.0,True,0,nonempty_primary_group,84,-0.1268617090695411,5,2.7755575615628914e-17,True,True,True
2316,Tm5a,0.1552337472536318,17.0,False,0,nonempty_primary_group,85,0.4648290324513756,14,0.3095952851977438,False,False,False
2317,Tm5a,0.24640267001842503,2.0,True,0,nonempty_primary_group,86,0.24640267001842506,2,2.7755575615628914e-17,True,True,True
2318,Tm5a,0.5198463277395096,5.0,True,0,nonempty_primary_group,87,0.772815144641122,4,0.25296881690161244,False,False,False
2319,Tm5a,-0.24958215435292558,18.0,False,0,nonempty_primary_group,88,-0.09485632575731234,16,0.15472582859561324,False,False,False
2320,Tm5a,-0.3098512629389046,5.0,True,0,nonempty_primary_group,89,-0.30985126293890464,5,5.551115123125783e-17,True,True,True
2321,Tm5a,0.8690842036446451,1.0,False,0,nonempty_primary_group,91,0.3796145695046507,2,0.4894696341399944,False,False,False
2322,Tm5a,0.1894665018600839,12.0,False,0,nonempty_primary_group,92,0.39155463394628715,9,0.20208813208620324,False,False,False
2323,Tm5a,0.38923448636515806,21.0,False,0,nonempty_primary_group,93,0.389234486365158,21,5.551115123125783e-17,True,True,True
2324,Tm5a,1.5082761332050085,5.0,True,0,nonempty_primary_group,94,1.5082761332050083,5,2.220446049250313e-16,True,True,True
2325,Tm5a,1.0838662844991074,5.0,True,0,nonempty_primary_group,95,1.0838662844991072,5,2.220446049250313e-16,True,True,True
2326,Tm5a,0.15637129820874818,4.0,True,0,nonempty_primary_group,96,0.15637129820874815,4,2.7755575615628914e-17,True,True,True
2327,Tm5a,0.649112559858063,2.0,True,0,nonempty_primary_group,97,0.6491125598580633,2,2.220446049250313e-16,True,True,True
2328,Tm5a,-0.14667632028034544,5.0,True,0,nonempty_primary_group,98,-0.06410523790491085,4,0.08257108237543459,False,False,False
2329,Tm5a,-0.7401203221696068,7.0,False,0,nonempty_primary_group,100,-0.940395607133722,5,0.20027528496411517,False,False,False
2330,Tm5a,-0.08925196141534299,71.0,False,0,nonempty_primary_group,101,-0.07368689186114251,69,0.015565069554200478,False,False,False
2331,Tm5a,-0.06660381065881958,20.0,False,0,nonempty_primary_group,102,-0.07422570491249138,21,0.007621894253671796,False,False,False
2332,Tm5a,0.09652510455472427,59.0,False,0,nonempty_primary_group,103,0.092477346149972,58,0.004047758404752272,False,False,False
2333,Tm5a,-0.4796623193429205,1.0,True,0,empty_primary_group,104,,0,,False,False,False
2334,Tm5a,0.13865645433919083,17.0,False,0,nonempty_primary_group,105,0.13865645433919083,17,0.0,True,True,True
2335,Tm5a,0.11989248948550682,55.0,False,0,nonempty_primary_group,106,0.15042029662749412,57,0.0305278071419873,False,False,False
2336,Tm5a,-0.8543447076976654,4.0,True,0,nonempty_primary_group,107,-0.5872093554794198,2,0.2671353522182456,False,False,False
2337,Tm5a,0.16709038061440898,5.0,True,0,nonempty_primary_group,108,0.3196190453496377,4,0.15252866473522872,False,False,False
2338,Tm5a,-0.2425106022882076,14.0,False,0,nonempty_primary_group,109,-0.24251060228820753,14,5.551115123125783e-17,True,True,True
2339,Tm5a,-0.2621481977437981,12.0,False,0,nonempty_primary_group,112,-0.2621481977437982,12,1.1102230246251565e-16,True,True,True
2340,Tm5a,0.14493884292294879,12.0,False,0,nonempty_primary_group,113,0.1449388429229487,12,8.326672684688674e-17,True,True,True
2341,Tm5a,-0.0213716666310589,47.0,False,0,nonempty_primary_group,114,-0.04191484474331266,46,0.02054317811225376,False,False,False
2342,Tm5a,0.008429056540352881,47.0,False,0,nonempty_primary_group,115,0.007911793658080278,46,0.0005172628822726032,False,False,False
2343,Tm5a,-1.6341794694785072,4.0,False,0,nonempty_primary_group,117,-2.6267422084856333,3,0.9925627390071261,False,False,False
2344,Tm5a,-0.23471399069351512,4.0,False,0,nonempty_primary_group,118,-0.7703895848856455,3,0.5356755941921303,False,False,False
2345,Tm5a,0.09686179574968232,43.0,False,0,nonempty_primary_group,119,0.10388853794414483,40,0.007026742194462518,False,False,False
2346,Tm5a,0.39554320489944544,6.0,True,0,nonempty_primary_group,120,0.3955432048994454,6,5.551115123125783e-17,True,True,True
2347,Tm5a,-0.08351414081290871,9.0,True,0,nonempty_primary_group,121,-0.08351414081290873,9,1.3877787807814457e-17,True,True,True
2348,Tm5a,-0.09569044484854088,9.0,False,0,nonempty_primary_group,122,-0.19071820870713882,10,0.09502776385859794,False,False,False
2349,Tm5a,0.1502407167173136,2.0,True,0,nonempty_primary_group,123,0.15024071671731365,2,5.551115123125783e-17,True,True,True
2350,Tm5a,-0.08396464002664308,60.0,False,0,nonempty_primary_group,125,-0.05520020227440943,60,0.028764437752233654,False,True,False
2351,Tm5a,0.20947378082443646,4.0,True,0,nonempty_primary_group,126,0.31644687873363836,2,0.1069730979092019,False,False,False
2352,Tm5a,0.1875414747569944,20.0,False,0,nonempty_primary_group,128,0.18754147475699443,20,2.7755575615628914e-17,True,True,True
2353,Tm5a,0.23531000225184134,57.0,False,0,nonempty_primary_group,129,0.21832132122808548,57,0.016988681023755864,False,True,False
2354,Tm5a,-0.818045206928704,13.0,False,0,nonempty_primary_group,130,-0.8437550275801925,12,0.025709820651488524,False,False,False
2355,Tm5a,0.39489129794578204,5.0,True,0,nonempty_primary_group,131,0.4692693973354561,4,0.07437809938967405,False,False,False
2356,Tm5a,0.128251765416929,10.0,False,0,nonempty_primary_group,132,0.128251765416929,10,0.0,True,True,True
2357,Tm5a,0.42350002594859354,9.0,True,0,nonempty_primary_group,133,0.3040312061757784,8,0.11946881977281515,False,False,False
2358,Tm5a,0.03936973169753551,5.0,True,0,nonempty_primary_group,134,0.03936973169753553,5,2.0816681711721685e-17,True,True,True
2359,Tm5a,0.3377910073183538,6.0,False,0,nonempty_primary_group,135,0.3311058762540457,7,0.006685131064308125,False,False,False
2360,Tm5a,0.07107874934035667,6.0,False,0,nonempty_primary_group,136,-0.2527927129850446,7,0.32387146232540126,False,False,False
2361,Tm5a,-0.03871580825389455,15.0,False,0,nonempty_primary_group,137,-0.038715808253894576,15,2.7755575615628914e-17,True,True,True
2362,Tm5a,0.5266889665622163,14.0,False,0,nonempty_primary_group,139,0.5266889665622163,14,0.0,True,True,True
2363,Tm5a,0.6687159115929658,46.0,False,0,nonempty_primary_group,140,0.5453218496707835,46,0.12339406192218239,False,True,False
2364,Tm5a,0.07037075577194338,35.0,False,0,nonempty_primary_group,141,0.11863574982517862,33,0.04826499405323524,False,False,False
2365,Tm5a,-0.12089622762591261,16.0,False,0,nonempty_primary_group,142,-0.20893425650752426,17,0.08803802888161165,False,False,False
2366,Tm5a,-0.637504010746564,13.0,False,0,nonempty_primary_group,143,-0.661528613446733,14,0.02402460270016893,False,False,False
2367,Tm5a,-0.35940500360928146,2.0,False,0,nonempty_primary_group,144,-0.35940500360928146,2,0.0,True,True,True
2368,Tm5a,1.0968459580539112,1.0,True,0,nonempty_primary_group,145,1.0968459580539114,1,2.220446049250313e-16,True,True,True
2369,Tm5a,0.09681767747908772,44.0,False,0,nonempty_primary_group,146,0.08952693828663251,44,0.007290739192455209,False,True,False
2370,Tm5a,0.9235810055832239,11.0,False,0,nonempty_primary_group,147,0.9068177933416866,10,0.016763212241537317,False,False,False
2371,Tm5a,0.25486670769644343,4.0,True,0,nonempty_primary_group,148,-0.3486638539860958,2,0.6035305616825393,False,False,False
2372,Tm5a,0.3336805983021434,4.0,True,0,nonempty_primary_group,149,0.5384828390033474,2,0.20480224070120395,False,False,False
2373,Tm5a,0.17519319676172604,12.0,False,0,nonempty_primary_group,150,0.17519319676172604,12,0.0,True,True,True
2374,Tm5a,0.09854272534266048,13.0,False,0,nonempty_primary_group,151,0.24038776195398204,12,0.14184503661132156,False,False,False
2375,Tm5a,-0.21492251515214686,12.0,False,0,nonempty_primary_group,152,-0.2149225151521469,12,2.7755575615628914e-17,True,True,True
2376,Tm5a,-0.45129569218699256,5.0,True,0,nonempty_primary_group,154,-0.4512956921869925,5,5.551115123125783e-17,True,True,True
2377,Tm5a,0.07689806423332864,51.0,True,0,nonempty_primary_group,156,0.07689806423332864,51,0.0,True,True,True
2378,Tm5a,0.23006746386503849,5.0,True,0,nonempty_primary_group,158,0.11740796129601079,4,0.1126595025690277,False,False,False
2379,Tm5a,0.01589763567200268,22.0,True,0,nonempty_primary_group,159,0.015897635672002672,22,6.938893903907228e-18,True,True,True
2380,Tm5a,0.12843221082207273,33.0,False,0,nonempty_primary_group,160,0.11386445231340059,33,0.014567758508672146,False,True,False
2381,Tm5a,0.40192467439498974,9.0,True,0,nonempty_primary_group,161,0.40192467439498974,9,0.0,True,True,True
2382,Tm5a,0.4270528988107481,56.0,False,0,nonempty_primary_group,162,0.3809855105689662,56,0.046067388241781915,False,True,False
2383,Tm5a,0.291530914823173,14.0,True,0,nonempty_primary_group,163,0.291530914823173,14,0.0,True,True,True
2384,Tm5a,0.5992873670979064,4.0,True,0,nonempty_primary_group,164,1.112128237322645,2,0.5128408702247387,False,False,False
2385,Tm5a,0.11063214215849888,5.0,True,0,nonempty_primary_group,165,0.11063214215849888,5,0.0,True,True,True
2386,Tm5a,0.37517820307044003,73.0,False,0,nonempty_primary_group,166,0.4332090238742972,71,0.058030820803857186,False,False,False
2387,Tm5a,0.13991823765404626,28.0,True,0,nonempty_primary_group,167,0.08697667423136958,27,0.05294156342267668,False,False,False
2388,Tm5a,-0.04897820238562079,12.0,False,0,nonempty_primary_group,168,-0.048978202385620784,12,6.938893903907228e-18,True,True,True
2389,Tm5a,0.18116700333302868,7.0,True,0,nonempty_primary_group,169,0.18116700333302868,7,0.0,True,True,True
2390,Tm5a,-0.10651644788179405,53.0,False,0,nonempty_primary_group,170,-0.1166782492985436,50,0.01016180141674955,False,False,False
2391,Tm5a,-0.11888536626178199,7.0,False,0,nonempty_primary_group,171,-0.14197391834433623,5,0.02308855208255424,False,False,False
2392,Tm5a,0.14070741726549893,56.0,False,0,nonempty_primary_group,172,0.11124984178140536,57,0.02945757548409357,False,False,False
2393,Tm5a,0.17390573455865002,56.0,False,0,nonempty_primary_group,173,0.1668915314982267,57,0.00701420306042333,False,False,False
2394,Tm5a,0.39863901194427187,22.0,False,0,nonempty_primary_group,174,0.39863901194427176,22,1.1102230246251565e-16,True,True,True
2395,Tm5a,-0.0373184404285481,22.0,False,0,nonempty_primary_group,175,-0.0373184404285481,22,0.0,True,True,True
2396,Tm5a,0.018667219358758116,13.0,False,0,nonempty_primary_group,176,0.12169779607217539,14,0.10303057671341727,False,False,False
2397,Tm5a,0.014049078934648473,26.0,True,0,nonempty_primary_group,177,0.014049078934648471,26,1.734723475976807e-18,True,True,True
2398,Tm5a,0.026100300799022567,44.0,False,0,nonempty_primary_group,179,0.07036070747261226,42,0.0442604066735897,False,False,False
2399,Tm5a,0.20182224346823222,15.0,True,0,nonempty_primary_group,180,0.20182224346823222,15,0.0,True,True,True
2400,Tm5a,0.048853031430554764,38.0,False,0,nonempty_primary_group,181,0.006970466811540532,39,0.04188256461901423,False,False,False
2401,Tm5a,-0.03518623910918427,38.0,False,0,nonempty_primary_group,182,-0.05383288075973601,39,0.018646641650551743,False,False,False
2402,Tm5a,-2.4148845100767686,3.0,True,0,nonempty_primary_group,183,-2.414884510076769,3,4.440892098500626e-16,True,True,True
2403,Tm5a,-0.9423168172764967,3.0,True,0,nonempty_primary_group,184,-0.9423168172764967,3,0.0,True,True,True
2404,Tm5a,-0.09640668359659002,45.0,False,0,nonempty_primary_group,185,-0.07455341919179284,43,0.02185326440479718,False,False,False
2405,Tm5a,0.07472349770164599,17.0,False,0,nonempty_primary_group,186,0.07797110031930524,16,0.0032476026176592454,False,False,False
2406,Tm5a,0.4110290057940035,18.0,True,0,nonempty_primary_group,187,0.41102900579400337,18,1.1102230246251565e-16,True,True,True
2407,Tm5a,-0.13261476290996202,23.0,False,0,nonempty_primary_group,188,-0.12835595720882478,21,0.004258805701137236,False,False,False
2408,Tm5a,-0.40854094287897047,4.0,True,0,nonempty_primary_group,189,-0.40854094287897047,4,0.0,True,True,True
2409,Tm5a,0.004448387585156794,4.0,True,0,nonempty_primary_group,190,0.0044483875851567805,4,1.3877787807814457e-17,True,True,True
2410,Tm5a,-0.010956876798182451,16.0,False,0,nonempty_primary_group,191,0.044459761657010474,14,0.05541663845519293,False,False,False
2411,Tm5a,0.47014470708011097,16.0,False,0,nonempty_primary_group,192,-0.22541150529283493,14,0.695556212372946,False,False,False
2412,Tm5a,-0.40571124312818985,5.0,True,0,nonempty_primary_group,193,-0.4057112431281899,5,5.551115123125783e-17,True,True,True
2413,Tm5a,0.15120303220719952,38.0,True,0,nonempty_primary_group,194,0.15120303220719955,38,2.7755575615628914e-17,True,True,True
2414,Tm5a,0.5852137073745085,9.0,True,0,nonempty_primary_group,195,0.5852137073745084,9,1.1102230246251565e-16,True,True,True
2415,Tm5a,0.07830417212001553,55.0,False,0,nonempty_primary_group,196,0.08401758014264497,57,0.005713408022629443,False,False,False
2416,Tm5a,0.2451237708678084,4.0,False,0,nonempty_primary_group,197,0.24512377086780834,4,5.551115123125783e-17,True,True,True
2417,Tm5a,0.2819801576709407,4.0,True,0,nonempty_primary_group,199,0.28198015767094065,4,5.551115123125783e-17,True,True,True
2418,Tm5a,-1.4709140200430042,9.0,True,0,nonempty_primary_group,200,-1.4709140200430042,9,0.0,True,True,True
2419,Tm5a,-0.05333584893959458,9.0,True,0,nonempty_primary_group,201,-0.05333584893959456,9,2.0816681711721685e-17,True,True,True
2420,Tm5a,0.05502770901431258,28.0,False,0,nonempty_primary_group,202,0.040019494600990274,29,0.015008214413322306,False,False,False
2421,Tm5a,0.033464244463885726,41.0,False,0,nonempty_primary_group,204,0.033464244463885746,41,2.0816681711721685e-17,True,True,True
2422,Tm5a,-0.1738862463984437,17.0,False,0,nonempty_primary_group,205,-0.1738862463984437,17,0.0,True,True,True
2423,Tm5a,0.09540699138074231,20.0,False,0,nonempty_primary_group,206,0.09540699138074235,20,4.163336342344337e-17,True,True,True
2424,Tm5a,0.0046739452278478245,1.0,True,0,empty_primary_group,207,,0,,False,False,False
2425,Tm5a,0.2848271877676314,15.0,False,0,nonempty_primary_group,208,0.28441775082391324,14,0.00040943694371814443,False,False,False
2426,Tm5a,-0.12968393060717381,3.0,False,0,nonempty_primary_group,209,-0.12968393060717384,3,2.7755575615628914e-17,True,True,True
2427,Tm5a,0.10742518050388457,16.0,False,0,nonempty_primary_group,210,0.046303547972976665,14,0.0611216325309079,False,False,False
2428,Tm5a,0.10233851141885679,17.0,False,0,nonempty_primary_group,211,0.10233851141885683,17,4.163336342344337e-17,True,True,True
2429,Tm5a,0.21911849429541083,25.0,True,0,nonempty_primary_group,212,0.2191184942954109,25,5.551115123125783e-17,True,True,True
2430,Tm5a,0.3112692539141098,47.0,True,0,nonempty_primary_group,213,0.3112692539141099,47,1.1102230246251565e-16,True,True,True
2431,Tm5a,-0.26533183588468023,12.0,True,0,nonempty_primary_group,214,-0.2653318358846803,12,5.551115123125783e-17,True,True,True
2432,Tm5a,0.3867004255719722,9.0,True,0,nonempty_primary_group,215,0.38670042557197215,9,5.551115123125783e-17,True,True,True
2433,Tm5a,0.11701508285272774,14.0,True,0,nonempty_primary_group,216,0.11701508285272774,14,0.0,True,True,True
2434,Tm5a,0.08915513009129658,14.0,True,0,nonempty_primary_group,217,0.08915513009129657,14,1.3877787807814457e-17,True,True,True
2435,Tm5a,-0.0022041098981179946,14.0,False,0,nonempty_primary_group,218,-0.0022041098981179508,14,4.380176776841438e-17,True,True,True
2436,Tm5a,0.053760132613898545,23.0,True,0,nonempty_primary_group,219,0.05376013261389856,23,1.3877787807814457e-17,True,True,True
2437,Tm5a,-0.17807216698629302,21.0,True,0,nonempty_primary_group,220,-0.178072166986293,21,2.7755575615628914e-17,True,True,True
2438,Tm5a,0.14820676851325185,29.0,False,0,nonempty_primary_group,221,0.1604688836565226,30,0.012262115143270746,False,False,False
2439,Tm5a,1.5822089918777067,56.0,False,0,nonempty_primary_group,222,1.5822089918777063,56,4.440892098500626e-16,True,True,True
2440,Tm5a,1.6171755262164969,56.0,False,0,nonempty_primary_group,223,1.6171755262164969,56,0.0,True,True,True
2441,Tm5a,-0.6412113393633677,3.0,True,0,nonempty_primary_group,224,-0.6412113393633675,3,2.220446049250313e-16,True,True,True
2442,Tm5a,0.3453431457662654,3.0,False,0,nonempty_primary_group,225,0.34534314576626546,3,5.551115123125783e-17,True,True,True
2443,Tm5a,0.4490461463619902,3.0,True,0,nonempty_primary_group,226,0.4490461463619903,3,1.1102230246251565e-16,True,True,True
2444,Tm5a,0.10910241533683006,11.0,False,0,nonempty_primary_group,227,0.021803267381202054,11,0.087299147955628,False,True,False
2445,Tm5a,-0.108506853202609,5.0,True,0,nonempty_primary_group,228,-0.047854252705702656,4,0.06065260049690634,False,False,False
2446,Tm5a,-0.1430706455103404,5.0,True,0,nonempty_primary_group,229,-0.1430706455103404,5,0.0,True,True,True
2447,Tm5a,0.8624850926236822,4.0,True,0,nonempty_primary_group,230,0.9846534161784479,2,0.1221683235547657,False,False,False
2448,Tm5a,0.02033921312722645,9.0,False,0,nonempty_primary_group,231,-0.025753421057702335,10,0.04609263418492879,False,False,False
2449,Tm5a,0.6735758686953819,9.0,True,0,nonempty_primary_group,232,0.6735758686953817,9,2.220446049250313e-16,True,True,True
2450,Tm5a,0.020104896009957688,22.0,True,0,nonempty_primary_group,233,0.020104896009957688,22,0.0,True,True,True
2451,Tm5a,0.48791430201998864,7.0,True,0,nonempty_primary_group,234,0.4879143020199888,7,1.6653345369377348e-16,True,True,True
2452,Tm5a,0.17020623997444786,235.0,False,0,nonempty_primary_group,235,0.19182492541717377,230,0.02161868544272591,False,False,False
2453,Tm5a,-1.9676557359897866,3.0,False,0,nonempty_primary_group,236,-1.9676557359897868,3,2.220446049250313e-16,True,True,True
2454,Tm5a,1.0658315433758954,3.0,False,0,nonempty_primary_group,237,1.0658315433758951,3,2.220446049250313e-16,True,True,True
2455,Tm5a,0.023951103958821073,4.0,True,0,nonempty_primary_group,240,0.02395110395882108,4,6.938893903907228e-18,True,True,True
2456,Tm5a,-0.42172135388637827,4.0,True,0,nonempty_primary_group,241,-0.4217213538863782,4,5.551115123125783e-17,True,True,True
2457,Tm5a,0.38634803400267764,16.0,False,0,nonempty_primary_group,243,0.4169392451923457,15,0.030591211189668066,False,False,False
2458,Tm5a,0.7792035262644436,47.0,False,0,nonempty_primary_group,244,0.7604379817072745,48,0.018765544557169056,False,False,False
2459,Tm5a,0.8501489871274478,76.0,False,0,nonempty_primary_group,245,0.8430687991280361,77,0.00708018799941168,False,False,False
2460,Tm5a,0.7899836121000955,29.0,False,0,nonempty_primary_group,246,0.7899836121000956,29,1.1102230246251565e-16,True,True,True
2461,Tm5a,-0.18036327419819445,1.0,False,0,nonempty_primary_group,249,-0.5902126922358516,2,0.4098494180376572,False,False,False
2462,Tm5a,-0.03429889115497799,1.0,False,0,nonempty_primary_group,250,0.30802389423455245,2,0.3423227853895304,False,False,False
2463,Tm5a,0.1806977762145474,53.0,False,0,nonempty_primary_group,251,0.1806977762145474,53,0.0,True,True,True
2464,Tm5a,0.01678087108878116,4.0,True,0,nonempty_primary_group,254,0.01678087108878117,4,1.0408340855860843e-17,True,True,True
2465,Tm5a,0.5884755939590011,14.0,True,0,nonempty_primary_group,255,0.5903020069390096,13,0.0018264129800085183,False,False,False
2466,Tm5a,0.11818553646713048,8.0,True,0,nonempty_primary_group,256,0.1181855364671305,8,1.3877787807814457e-17,True,True,True
2467,Tm5a,0.2553429872774688,8.0,True,0,nonempty_primary_group,257,0.2553429872774688,8,0.0,True,True,True
2468,Tm5a,-0.25893594156057714,9.0,False,0,nonempty_primary_group,258,-0.1410892158528439,10,0.11784672570773325,False,False,False
2469,Tm5a,0.26709712700962485,9.0,True,0,nonempty_primary_group,259,0.26709712700962485,9,0.0,True,True,True
2470,Tm5a,-0.15639593410150063,1.0,True,0,nonempty_primary_group,260,-0.1563959341015006,1,2.7755575615628914e-17,True,True,True
2471,Tm5a,0.02495436738801195,23.0,False,0,nonempty_primary_group,261,-0.00551876452634271,25,0.030473131914354662,False,False,False
2472,Tm5a,0.3754894849942268,8.0,True,0,nonempty_primary_group,262,0.37548948499422674,8,5.551115123125783e-17,True,True,True
2473,Tm5a,-0.10749257109118829,2.0,False,0,nonempty_primary_group,263,-0.10749257109118826,2,2.7755575615628914e-17,True,True,True
2474,Tm5a,0.07811571286530736,9.0,True,0,nonempty_primary_group,264,0.07811571286530737,9,1.3877787807814457e-17,True,True,True
2475,Tm5a,0.2610991199461387,22.0,True,0,nonempty_primary_group,265,0.26109911994613877,22,5.551115123125783e-17,True,True,True
2476,Tm5a,0.07689581399453829,14.0,True,0,nonempty_primary_group,266,0.07689581399453828,14,1.3877787807814457e-17,True,True,True
2477,Tm5a,-0.3286506477979218,12.0,False,0,nonempty_primary_group,267,-0.32865064779792186,12,5.551115123125783e-17,True,True,True
2478,Tm5a,0.5032396590357685,2.0,True,0,nonempty_primary_group,268,0.5032396590357685,2,0.0,True,True,True
2479,Tm5a,0.6114503978459093,16.0,False,0,nonempty_primary_group,270,0.6103524549746401,14,0.0010979428712691863,False,False,False
2480,Tm5a,0.21137884448015196,36.0,True,0,nonempty_primary_group,271,0.21137884448015204,36,8.326672684688674e-17,True,True,True
2481,Tm5a,1.1031900252932456,3.0,True,0,nonempty_primary_group,272,1.1031900252932454,3,2.220446049250313e-16,True,True,True
2482,Tm5a,0.48779630098762494,17.0,False,0,nonempty_primary_group,273,0.48779630098762494,17,0.0,True,True,True
2483,Tm5a,0.011884496208886399,28.0,False,0,nonempty_primary_group,274,0.16376890912334777,25,0.15188441291446136,False,False,False
2484,Tm5a,-0.07081468925547958,36.0,False,0,nonempty_primary_group,275,-0.10483401055727717,36,0.03401932130179759,False,True,False
2485,Tm5a,-0.11419873618751572,51.0,False,0,nonempty_primary_group,276,-0.09925546747665348,52,0.01494326871086224,False,False,False
2486,Tm5a,-0.18121808493641714,12.0,False,0,nonempty_primary_group,277,-0.18121808493641714,12,0.0,True,True,True
2487,Tm5a,-0.016352937239456238,5.0,True,0,nonempty_primary_group,278,-0.5394039316875618,2,0.5230509944481057,False,False,False
2488,Tm5a,0.017707678153914726,18.0,True,0,nonempty_primary_group,279,0.017707678153914715,18,1.0408340855860843e-17,True,True,True
2489,Tm5a,0.1112977624285387,39.0,False,0,nonempty_primary_group,280,0.13614181485448024,40,0.024844052425941537,False,False,False
2490,Tm5a,0.08751808010692144,21.0,True,0,nonempty_primary_group,281,0.08751808010692144,21,0.0,True,True,True
2491,Tm5a,-0.022451794101446477,21.0,True,0,nonempty_primary_group,282,-0.02245179410144648,21,3.469446951953614e-18,True,True,True
2492,Tm5a,-0.13014979134820984,2.0,True,0,nonempty_primary_group,283,-0.13014979134820984,2,0.0,True,True,True
2493,Tm5a,0.06352424626622347,2.0,True,0,nonempty_primary_group,284,0.0635242462662235,2,2.7755575615628914e-17,True,True,True
2494,Tm5a,0.4764564404485506,2.0,True,0,nonempty_primary_group,285,0.47645644044855073,2,1.1102230246251565e-16,True,True,True
2495,Tm5a,-0.06638152315883743,9.0,False,0,nonempty_primary_group,286,-0.07958468207806821,8,0.013203158919230781,False,False,False
2496,Tm5a,0.23262713076919087,10.0,True,0,nonempty_primary_group,287,0.27220070287961384,9,0.03957357211042298,False,False,False
2497,Tm5a,0.1387540889126744,10.0,True,0,nonempty_primary_group,288,-0.06397494558898584,9,0.20272903450166024,False,False,False
2498,Tm5a,-0.11630642333493876,19.0,True,0,nonempty_primary_group,289,-0.11630642333493876,19,0.0,True,True,True
2499,Tm5a,-0.19320779310379282,61.0,False,0,nonempty_primary_group,290,-0.18071922192274978,59,0.012488571181043046,False,False,False
2500,Tm5a,0.2943777963086139,4.0,True,0,nonempty_primary_group,291,0.2943777963086138,4,5.551115123125783e-17,True,True,True
2501,Tm5a,-0.6770262264864487,1.0,True,0,empty_primary_group,292,,0,,False,False,False
2502,Tm5a,0.47493510647153814,5.0,True,0,nonempty_primary_group,293,0.47493510647153814,5,0.0,True,True,True
2503,Tm5a,0.01070793233476403,15.0,True,0,nonempty_primary_group,294,0.010707932334764029,15,1.734723475976807e-18,True,True,True
2504,Tm5a,0.20821283259768492,7.0,True,0,nonempty_primary_group,295,0.2082128325976849,7,2.7755575615628914e-17,True,True,True
2505,Tm5a,0.22834186888327265,15.0,False,0,nonempty_primary_group,296,0.2198215383658318,14,0.00852033051744086,False,False,False
2506,Tm5a,0.5399983729467345,10.0,True,0,nonempty_primary_group,297,0.5745128403575226,9,0.03451446741078812,False,False,False
2507,Tm5a,0.28759954672230154,4.0,True,0,nonempty_primary_group,298,0.2875995467223016,4,5.551115123125783e-17,True,True,True
2508,Tm5a,-0.2873290813778309,5.0,True,0,nonempty_primary_group,299,-0.2102893070233307,4,0.07703977435450021,False,False,False
2509,Tm5a,0.22864633333868403,4.0,True,0,nonempty_primary_group,300,0.22864633333868406,4,2.7755575615628914e-17,True,True,True
2510,Tm5a,0.4096517838357811,9.0,True,0,nonempty_primary_group,301,0.3706529285204673,8,0.03899885531531383,False,False,False
2511,Tm5a,0.06401466146629783,5.0,False,0,nonempty_primary_group,302,0.0640146614662978,5,2.7755575615628914e-17,True,True,True
2512,Tm5a,0.46471407708228973,5.0,True,0,nonempty_primary_group,303,0.5096166574690615,4,0.04490258038677175,False,False,False
2513,Tm5a,-0.41637186592679104,1.0,False,0,nonempty_primary_group,304,-0.9024111600029948,2,0.4860392940762038,False,False,False
2514,Tm5a,-3.638465671907866,1.0,False,0,nonempty_primary_group,305,-3.041298168444791,2,0.597167503463075,False,False,False
2515,Tm5a,0.5840578800462375,9.0,True,0,nonempty_primary_group,307,0.5840578800462376,9,1.1102230246251565e-16,True,True,True
2516,Tm5a,-0.04477918408148328,29.0,False,0,nonempty_primary_group,308,-0.050104068473073755,30,0.005324884391590477,False,False,False
2517,Tm5a,-0.013789146104996331,15.0,True,0,nonempty_primary_group,309,-0.013789146104996338,15,6.938893903907228e-18,True,True,True
2518,Tm5a,-0.05712720685438723,1.0,True,0,empty_primary_group,310,,0,,False,False,False
2519,Tm5a,-0.18079868023298087,5.0,False,0,nonempty_primary_group,311,-0.1807986802329809,5,2.7755575615628914e-17,True,True,True
2520,Tm5a,0.20754332476902387,36.0,True,0,nonempty_primary_group,312,0.20754332476902382,36,5.551115123125783e-17,True,True,True
2521,Tm5a,0.4700702200656663,5.0,True,0,nonempty_primary_group,313,0.47007022006566634,5,5.551115123125783e-17,True,True,True
2522,Tm5a,0.09136707086371011,5.0,False,0,nonempty_primary_group,314,0.09136707086371013,5,1.3877787807814457e-17,True,True,True
2523,Tm5a,-0.08481684067699423,5.0,False,0,nonempty_primary_group,315,-0.08481684067699422,5,1.3877787807814457e-17,True,True,True
2524,Tm5a,-0.2086674707607874,5.0,True,0,nonempty_primary_group,316,-0.2500804551347313,4,0.04141298437394392,False,False,False
2525,Tm5a,0.5304859174704515,17.0,False,0,nonempty_primary_group,317,0.5304859174704516,17,1.1102230246251565e-16,True,True,True
2526,Tm5a,0.1213461989321063,8.0,True,0,nonempty_primary_group,318,0.12134619893210633,8,2.7755575615628914e-17,True,True,True
2527,Tm5a,-0.39476905673182755,4.0,True,0,nonempty_primary_group,319,-0.3947690567318276,4,5.551115123125783e-17,True,True,True
2528,Tm5a,0.6002281953736498,10.0,False,0,nonempty_primary_group,320,0.6002281953736499,10,1.1102230246251565e-16,True,True,True
2529,Tm5a,-0.41724565762904314,5.0,True,0,nonempty_primary_group,321,-0.4172456576290432,5,5.551115123125783e-17,True,True,True
2530,Tm5a,-0.033666251113650424,17.0,False,0,nonempty_primary_group,322,-0.10538141036234393,18,0.07171515924869351,False,False,False
2531,Tm5a,0.108528786234818,7.0,True,0,nonempty_primary_group,323,0.108528786234818,7,0.0,True,True,True
2532,Tm5a,0.09537722550316578,59.0,False,0,nonempty_primary_group,324,0.08653682333806735,60,0.008840402165098432,False,False,False
2533,Tm5a,0.10951771977632593,10.0,True,0,nonempty_primary_group,326,0.10951771977632603,10,9.71445146547012e-17,True,True,True
2534,Tm5a,-0.07425343464921452,25.0,True,0,nonempty_primary_group,327,-0.07125450839343443,24,0.0029989262557800905,False,False,False
2535,Tm5a,0.6521194118987672,4.0,False,0,nonempty_primary_group,328,0.7190047416432773,3,0.06688532974451011,False,False,False
2536,Tm5a,0.06078460730363231,2.0,True,0,nonempty_primary_group,329,0.06078460730363233,2,2.0816681711721685e-17,True,True,True
2537,Tm5a,-0.020011111372043842,7.0,True,0,nonempty_primary_group,330,-0.020011111372043866,7,2.42861286636753e-17,True,True,True
2538,Tm5a,0.3454534793370298,4.0,True,0,nonempty_primary_group,332,0.3454534793370299,4,1.1102230246251565e-16,True,True,True
2539,Tm5a,-0.01526403665021066,8.0,True,0,nonempty_primary_group,333,-0.015264036650210672,8,1.214306433183765e-17,True,True,True
2540,Tm5a,-0.08346083551858073,42.0,True,0,nonempty_primary_group,334,-0.1011086767725923,41,0.017647841254011573,False,False,False
2541,Tm5a,-0.3728635679240041,3.0,True,0,nonempty_primary_group,335,-0.3728635679240053,3,1.2212453270876722e-15,True,True,True
2542,Tm5a,0.04071221472311418,24.0,False,0,nonempty_primary_group,336,0.042286762721052626,25,0.0015745479979384427,False,False,False
2543,Tm5a,0.09976632438884,36.0,False,0,nonempty_primary_group,337,0.052948281963432015,36,0.04681804242540799,False,True,False
2544,Tm5a,0.012040502111402108,50.0,True,0,nonempty_primary_group,338,0.01297670846989259,49,0.0009362063584904823,False,False,False
2545,Tm5a,0.8500499893412681,5.0,True,0,nonempty_primary_group,339,0.08889051828547923,2,0.7611594710557888,False,False,False
2546,Tm5a,-0.2615437358826709,25.0,True,0,nonempty_primary_group,340,-0.2658172375643735,24,0.004273501681702596,False,False,False
2547,Tm5a,0.06485216441195987,51.0,False,0,nonempty_primary_group,341,0.06819661737414927,52,0.0033444529621893954,False,False,False
2548,Tm5a,-0.6973860610675928,5.0,True,0,nonempty_primary_group,342,-0.9117683668809936,2,0.2143823058134008,False,False,False
2549,Tm5a,0.4892586298838802,5.0,True,0,nonempty_primary_group,343,0.48925862988388014,5,5.551115123125783e-17,True,True,True
2550,Tm5a,0.5032011643898785,3.0,False,0,nonempty_primary_group,345,0.5032011643898787,3,2.220446049250313e-16,True,True,True
2551,Tm5a,0.6128596687968769,3.0,False,0,nonempty_primary_group,346,0.6128596687968769,3,0.0,True,True,True
2552,Tm5a,-0.17522717858101203,3.0,True,0,nonempty_primary_group,347,-0.17522717858101178,3,2.498001805406602e-16,True,True,True
2553,Tm5a,-0.3240300659482881,5.0,False,0,nonempty_primary_group,348,-0.3240300659482881,5,0.0,True,True,True
2554,Tm5a,0.14074934161908556,28.0,False,0,nonempty_primary_group,349,0.22199965683566267,25,0.08125031521657711,False,False,False
2555,Tm5a,2.6444515125431183,14.0,True,0,nonempty_primary_group,350,2.6444515125431183,14,0.0,True,True,True
2556,Tm5a,1.4725951133955424,14.0,True,0,nonempty_primary_group,351,1.4725951133955424,14,0.0,True,True,True
2557,Tm5a,-0.012043603463139827,17.0,False,0,nonempty_primary_group,352,-0.02148269577379635,14,0.009439092310656523,False,False,False
2558,Tm5a,0.07483478943738762,8.0,True,0,nonempty_primary_group,353,0.07483478943738767,8,4.163336342344337e-17,True,True,True
2559,Tm5a,0.06712055330667062,12.0,False,0,nonempty_primary_group,354,0.06712055330667059,12,2.7755575615628914e-17,True,True,True
2560,Tm5a,0.04299674131401458,4.0,True,0,nonempty_primary_group,355,0.0460018627041926,2,0.0030051213901780144,False,False,False
2561,Tm5a,0.7449602413396084,4.0,True,0,nonempty_primary_group,356,1.4818920789669494,2,0.736931837627341,False,False,False
2562,Tm5a,-0.3972456615775549,8.0,True,0,nonempty_primary_group,357,-0.397245661577555,8,5.551115123125783e-17,True,True,True
2563,Tm5a,0.16879696934667526,9.0,True,0,nonempty_primary_group,358,0.1687969693466752,9,5.551115123125783e-17,True,True,True
2564,Tm5a,1.0438242866250518,49.0,False,0,nonempty_primary_group,359,1.0438242866250518,49,0.0,True,True,True
2565,Tm5a,1.1786076089167437,49.0,False,0,nonempty_primary_group,360,1.1786076089167439,49,2.220446049250313e-16,True,True,True
2566,Tm5a,-0.11720251915614113,9.0,True,0,nonempty_primary_group,361,-0.11720251915614106,9,6.938893903907228e-17,True,True,True
2567,Tm5a,0.08357486563923684,21.0,True,0,nonempty_primary_group,362,0.08357486563923684,21,0.0,True,True,True
2568,Tm5a,0.10745989422535922,21.0,True,0,nonempty_primary_group,363,0.10745989422535919,21,2.7755575615628914e-17,True,True,True
2569,Tm5a,0.0567319626544722,12.0,False,0,nonempty_primary_group,365,0.0567319626544722,12,0.0,True,True,True
2570,Tm5a,0.28110043872329465,74.0,False,0,nonempty_primary_group,367,0.2806219429554396,76,0.0004784957678550805,False,False,False
2571,Tm5a,0.7347799805865641,14.0,False,0,nonempty_primary_group,368,0.7347799805865639,14,2.220446049250313e-16,True,True,True
2572,Tm5a,1.4754280535451978,14.0,False,0,nonempty_primary_group,369,1.475428053545198,14,2.220446049250313e-16,True,True,True
2573,Tm5a,0.2672190148836119,4.0,True,0,nonempty_primary_group,370,1.0266084468652599,2,0.759389431981648,False,False,False
2574,Tm5a,0.27375842015949625,4.0,True,0,nonempty_primary_group,371,-0.3096190340025906,2,0.5833774541620869,False,False,False
2575,Tm5a,0.03563007788973408,44.0,False,0,nonempty_primary_group,372,0.01216413590182955,44,0.023465941987904533,False,True,False
2576,Tm5a,0.6563024667996837,22.0,False,0,nonempty_primary_group,373,0.656302466799684,22,2.220446049250313e-16,True,True,True
2577,Tm5a,-0.29032159251703493,4.0,True,0,nonempty_primary_group,375,-0.29032159251703493,4,0.0,True,True,True
2578,Tm5a,2.7235960544708595,12.0,True,0,nonempty_primary_group,376,2.723596054470859,12,4.440892098500626e-16,True,True,True
2579,Tm5a,2.230570790641796,12.0,True,0,nonempty_primary_group,377,2.2305707906417958,12,4.440892098500626e-16,True,True,True
2580,Tm5a,0.6112360855130241,16.0,False,0,nonempty_primary_group,378,0.5437501844604411,14,0.06748590105258301,False,False,False
2581,Tm5a,0.514807551049473,12.0,False,0,nonempty_primary_group,379,0.5148075510494728,12,1.1102230246251565e-16,True,True,True
2582,Tm5a,0.183422829637331,12.0,False,0,nonempty_primary_group,380,0.18342282963733106,12,5.551115123125783e-17,True,True,True
2583,Tm5a,0.018842170220097522,15.0,True,0,nonempty_primary_group,381,0.018842170220097525,15,3.469446951953614e-18,True,True,True
2584,Tm5a,1.453970077263179,7.0,True,0,nonempty_primary_group,382,1.4539700772631787,7,2.220446049250313e-16,True,True,True
2585,Tm5a,1.3649951468061763,7.0,True,0,nonempty_primary_group,383,1.364995146806176,7,2.220446049250313e-16,True,True,True
2586,Tm5a,0.09075390858950358,43.0,False,0,nonempty_primary_group,384,0.07402769905413532,44,0.016726209535368255,False,False,False
2587,Tm5a,0.13513848225079453,43.0,False,0,nonempty_primary_group,385,0.14401545312876823,44,0.008876970877973706,False,False,False
2588,Tm5a,0.13640785546636175,30.0,False,0,nonempty_primary_group,386,0.13640785546636175,30,0.0,True,True,True
2589,Tm5a,0.1549669342078939,22.0,False,0,nonempty_primary_group,387,0.10814897398691044,21,0.04681796022098346,False,False,False
2590,Tm5a,-0.020046540511791233,52.0,False,0,nonempty_primary_group,388,-0.038494506280506095,51,0.018447965768714863,False,False,False
2591,Tm5a,-0.12677813286446132,6.0,False,0,nonempty_primary_group,389,-0.01085870228223118,7,0.11591943058223014,False,False,False
2592,Tm5a,0.19013524163354142,44.0,False,0,nonempty_primary_group,390,0.2559707497201458,41,0.06583550808660435,False,False,False
2593,Tm5a,0.6547096214959696,5.0,True,0,nonempty_primary_group,391,0.6547096214959693,5,2.220446049250313e-16,True,True,True
2594,Tm5a,0.05059916290292157,55.0,False,0,nonempty_primary_group,392,0.002752239250765616,53,0.047846923652155954,False,False,False
2595,Tm5a,-0.14838271210676193,10.0,True,0,nonempty_primary_group,393,-0.14838271210676185,10,8.326672684688674e-17,True,True,True
2596,Tm5a,-0.03585697192851639,10.0,True,0,nonempty_primary_group,394,-0.03585697192851641,10,2.0816681711721685e-17,True,True,True
2597,Tm5a,0.2321049778893825,13.0,False,0,nonempty_primary_group,395,0.24858521561200228,12,0.016480237722619778,False,False,False
2598,Tm5a,-0.3571574864798256,13.0,False,0,nonempty_primary_group,396,-0.4307424107506576,12,0.07358492427083202,False,False,False
2599,Tm5a,-0.0527228165380968,18.0,False,0,nonempty_primary_group,397,-0.09504552736926752,17,0.04232271083117072,False,False,False
2600,Tm5a,-0.033980042004721524,9.0,True,0,nonempty_primary_group,398,-0.03398004200472152,9,6.938893903907228e-18,True,True,True
2601,Tm5a,1.8737364340359306,13.0,True,0,nonempty_primary_group,399,1.8737364340359304,13,2.220446049250313e-16,True,True,True
2602,Tm5a,0.1922708726960108,2.0,True,0,nonempty_primary_group,400,0.19227087269601084,2,2.7755575615628914e-17,True,True,True
2603,Tm5a,-0.01703146933875207,17.0,False,0,nonempty_primary_group,401,-0.0288484077239854,18,0.01181693838523333,False,False,False
2604,Tm5a,-0.23617045116397542,27.0,False,0,nonempty_primary_group,402,-0.32510434083408485,24,0.08893388967010943,False,False,False
2605,Tm5a,-0.35550680539689605,5.0,True,0,nonempty_primary_group,403,-0.32272352689776707,4,0.03278327849912899,False,False,False
2606,Tm5a,0.8011191266709439,39.0,False,0,nonempty_primary_group,404,0.8948812469743825,36,0.09376212030343867,False,False,False
2607,Tm5a,-1.0094572838911824,4.0,True,0,nonempty_primary_group,405,-1.249797059268921,2,0.24033977537773854,False,False,False
2608,Tm5a,0.3048745751223369,5.0,True,0,nonempty_primary_group,406,0.3048745751223369,5,0.0,True,True,True
2609,Tm5a,0.18162217737911332,5.0,True,0,nonempty_primary_group,407,0.18162217737911335,5,2.7755575615628914e-17,True,True,True
2610,Tm5a,0.03291349271765891,11.0,False,0,nonempty_primary_group,408,0.032129469442037914,10,0.0007840232756209931,False,False,False
2611,Tm5a,-0.0883088494638885,61.0,False,0,nonempty_primary_group,411,-0.09869196767459609,59,0.010383118210707587,False,False,False
2612,Tm5a,0.7386526902097078,3.0,True,0,nonempty_primary_group,412,0.7386526902097078,3,0.0,True,True,True
2613,Tm5a,0.019341156911150875,8.0,True,0,nonempty_primary_group,413,0.019341156911150875,8,0.0,True,True,True
2614,Tm5a,0.524907860868537,5.0,True,0,nonempty_primary_group,416,0.5249078608685369,5,1.1102230246251565e-16,True,True,True
2615,Tm5a,0.013037826922661474,5.0,True,0,nonempty_primary_group,417,0.013037826922661472,5,1.734723475976807e-18,True,True,True
2616,Tm5a,1.192384942551188,85.0,False,0,nonempty_primary_group,418,1.1823806598003455,86,0.010004282750842641,False,False,False
2617,Tm5a,0.5551956830128743,4.0,True,0,nonempty_primary_group,419,0.7945237358356323,2,0.23932805282275804,False,False,False
2618,Tm5a,-4.5938574586270754e-05,27.0,False,0,nonempty_primary_group,421,-0.029018919555441496,26,0.028972980980855226,False,False,False
2619,Tm5a,0.5933870853661286,5.0,True,0,nonempty_primary_group,423,0.5933870853661285,5,1.1102230246251565e-16,True,True,True
2620,Tm5a,0.640899961730362,5.0,True,0,nonempty_primary_group,424,0.640899961730362,5,0.0,True,True,True
2621,Tm5a,1.3439810109061585,5.0,True,0,nonempty_primary_group,425,1.3439810109061583,5,2.220446049250313e-16,True,True,True
2622,Tm5a,0.07459366160515991,44.0,False,0,nonempty_primary_group,426,0.02376181982870927,42,0.05083184177645064,False,False,False
2623,Tm5a,-0.5060819587347634,9.0,True,0,nonempty_primary_group,427,-0.5060819587347634,9,0.0,True,True,True
2624,Tm5a,0.9710141375024129,32.0,True,0,nonempty_primary_group,428,0.9710141375024132,32,2.220446049250313e-16,True,True,True
2625,Tm5a,1.1613588579485594,32.0,True,0,nonempty_primary_group,429,1.1613588579485592,32,2.220446049250313e-16,True,True,True
2626,Tm5a,0.03183236948627498,79.0,False,0,nonempty_primary_group,430,0.03147644135694995,79,0.00035592812932502826,False,True,False
2627,Tm5a,1.0681395054765521,15.0,True,0,nonempty_primary_group,431,1.0681395054765523,15,2.220446049250313e-16,True,True,True
2628,Tm5a,1.169114267695434,59.0,False,0,nonempty_primary_group,432,1.1816769567557255,59,0.012562689060291454,False,True,False
2629,Tm5a,-0.09565094227060589,9.0,False,0,nonempty_primary_group,433,0.1108475906124583,10,0.2064985328830642,False,False,False
2630,Tm5a,1.33974731291045,17.0,True,0,nonempty_primary_group,434,1.3397473129104498,17,2.220446049250313e-16,True,True,True
2631,Tm5a,0.12943216947093675,9.0,True,0,nonempty_primary_group,435,0.12943216947093675,9,0.0,True,True,True
2632,Tm5a,0.367838440436392,8.0,True,0,nonempty_primary_group,436,0.367838440436392,8,0.0,True,True,True
2633,Tm5a,0.6700114239588528,7.0,True,0,nonempty_primary_group,437,0.6700114239588528,7,0.0,True,True,True
2634,Tm5a,0.3454188129988083,8.0,True,0,nonempty_primary_group,438,0.3454188129988083,8,0.0,True,True,True
2635,Tm5a,1.8042247490734922,5.0,True,0,nonempty_primary_group,439,2.319764105148899,4,0.5155393560754069,False,False,False
2636,Tm5a,0.5771542220090119,13.0,False,0,nonempty_primary_group,440,0.62985161897461,14,0.05269739696559805,False,False,False
2637,Tm5a,-0.0049654491202467356,8.0,False,0,nonempty_primary_group,441,0.1284747960828425,5,0.13344024520308925,False,False,False
2638,Tm5a,0.3935215640251307,2.0,False,0,nonempty_primary_group,442,0.39352156402513067,2,5.551115123125783e-17,True,True,True
2639,Tm5a,-0.267373228323097,8.0,False,0,nonempty_primary_group,443,-0.341997505523655,5,0.07462427720055798,False,False,False
2640,Tm5a,0.0020563062269025973,71.0,False,0,nonempty_primary_group,444,-0.02933393191466006,69,0.03139023814156266,False,False,False
2641,Tm5a,-0.600345088569798,7.0,False,0,nonempty_primary_group,445,-0.6084183609231196,5,0.00807327235332167,False,False,False
2642,Tm5a,-0.022895446044578303,1.0,True,0,empty_primary_group,446,,0,,False,False,False
2643,Tm5a,0.34112246317106215,14.0,True,0,nonempty_primary_group,447,0.34112246317106215,14,0.0,True,True,True
2644,Tm5a,0.7332212554971561,3.0,True,0,nonempty_primary_group,448,0.7332212554971562,3,1.1102230246251565e-16,True,True,True
2645,Tm5a,0.6889836470687042,4.0,True,0,nonempty_primary_group,449,0.7913684324955276,2,0.10238478542682339,False,False,False
2646,Tm5a,0.0687745059318659,4.0,True,0,nonempty_primary_group,450,0.0687745059318659,4,0.0,True,True,True
2647,Tm5a,0.5280246605030262,20.0,False,0,nonempty_primary_group,451,0.45452938644648394,21,0.07349527405654227,False,False,False
2648,Tm5a,0.08599899988672717,59.0,False,0,nonempty_primary_group,452,0.07338241108346043,60,0.012616588803266743,False,False,False
2649,Tm5a,0.3309885082045022,4.0,True,0,nonempty_primary_group,453,0.3309885082045022,4,0.0,True,True,True
2650,Tm5a,0.40529149283137456,14.0,True,0,nonempty_primary_group,455,0.37964067239489757,13,0.025650820436476984,False,False,False
2651,Tm5a,-0.03940969646853617,5.0,True,0,nonempty_primary_group,457,-0.039409696468536135,5,3.469446951953614e-17,True,True,True
2652,Tm5a,0.502234717782097,5.0,True,0,nonempty_primary_group,458,0.9436181702587312,2,0.44138345247663413,False,False,False
2653,Tm5a,0.16043136706677358,4.0,False,0,nonempty_primary_group,459,0.29341395046574675,3,0.13298258339897318,False,False,False
2654,Tm5a,0.14314944238778865,12.0,False,0,nonempty_primary_group,460,0.39856943015623547,9,0.2554199877684468,False,False,False
2655,Tm5a,0.7193318520575088,5.0,False,0,nonempty_primary_group,461,0.719331852057509,5,2.220446049250313e-16,True,True,True
2656,Tm5a,-0.06786203861550874,6.0,False,0,nonempty_primary_group,462,-0.19246671005213717,7,0.12460467143662843,False,False,False
2657,Tm5a,0.25407728891186604,28.0,True,0,nonempty_primary_group,463,0.254077288911866,28,5.551115123125783e-17,True,True,True
2658,Tm5a,-0.43498291034482245,10.0,True,0,nonempty_primary_group,464,-0.4349829103448224,10,5.551115123125783e-17,True,True,True
2659,Tm5a,0.0609269467955451,7.0,True,0,nonempty_primary_group,465,0.06092694679554509,7,6.938893903907228e-18,True,True,True
2660,Tm5a,1.075754054952651,39.0,False,0,nonempty_primary_group,466,1.3136118877273255,36,0.23785783277467454,False,False,False
2661,Tm5a,0.17492080431533127,5.0,False,0,nonempty_primary_group,467,0.17492080431533127,5,0.0,True,True,True
2662,Tm5a,0.2662875548236873,18.0,True,0,nonempty_primary_group,468,0.2662875548236873,18,0.0,True,True,True
2663,Tm5a,0.10655934896771678,15.0,False,0,nonempty_primary_group,469,0.1065593489677168,15,1.3877787807814457e-17,True,True,True
2664,Tm5a,0.33452890080641245,5.0,True,0,nonempty_primary_group,470,0.33452890080641245,5,0.0,True,True,True
2665,Tm5a,0.2773602179855089,4.0,True,0,nonempty_primary_group,471,0.2773602179855089,4,0.0,True,True,True
2666,Tm5a,0.5705372325035177,4.0,True,0,nonempty_primary_group,472,0.5705372325035177,4,0.0,True,True,True
2667,Tm5a,-0.9826049559750831,1.0,False,0,nonempty_primary_group,473,-1.1367817412560401,2,0.15417678528095702,False,False,False
2668,Tm5a,-1.000568871380483,12.0,False,0,nonempty_primary_group,474,-1.6925622990324511,9,0.6919934276519681,False,False,False
2669,Tm5a,0.3002484499506043,16.0,True,0,nonempty_primary_group,475,0.3002484499506043,16,0.0,True,True,True
2670,Tm5a,-0.03930629731244838,35.0,False,0,nonempty_primary_group,476,-0.11034658624689625,33,0.07104028893444787,False,False,False
2671,Tm5a,-0.010429125187283358,9.0,False,0,nonempty_primary_group,477,0.003032806347031869,10,0.013461931534315227,False,False,False
2672,Tm5a,0.0088253322923995,16.0,True,0,nonempty_primary_group,480,0.008825332292399481,16,1.9081958235744878e-17,True,True,True
2673,Tm5a,0.13439160022024513,5.0,True,0,nonempty_primary_group,481,0.13439160022024507,5,5.551115123125783e-17,True,True,True
2674,Tm5a,0.18819359264676647,38.0,False,0,nonempty_primary_group,482,0.17895392644735658,38,0.009239666199409885,False,True,False
2675,Tm5a,0.4453193743572707,11.0,True,0,nonempty_primary_group,483,0.4453193743572708,11,1.1102230246251565e-16,True,True,True
2676,Tm5a,0.32548218067645884,8.0,True,0,nonempty_primary_group,484,0.32548218067645884,8,0.0,True,True,True
2677,Tm5a,-0.051705708152793205,14.0,True,0,nonempty_primary_group,485,-0.15412122673604897,11,0.10241551858325576,False,False,False
2678,Tm5a,1.5868181906783467,10.0,True,0,nonempty_primary_group,486,1.5868181906783463,10,4.440892098500626e-16,True,True,True
2679,Tm5a,0.6701087914535836,10.0,True,0,nonempty_primary_group,487,0.6701087914535837,10,1.1102230246251565e-16,True,True,True
2680,Tm5a,1.5687133595249425,50.0,False,0,nonempty_primary_group,488,1.508932423342925,52,0.05978093618201741,False,False,False
2681,Tm5a,1.6277565222393287,50.0,False,0,nonempty_primary_group,489,1.597503802594102,52,0.03025271964522669,False,False,False
2682,Tm5a,0.36558450257152525,12.0,True,0,nonempty_primary_group,490,0.3655845025715252,12,5.551115123125783e-17,True,True,True
2683,Tm5a,0.14605774221921872,14.0,True,0,nonempty_primary_group,491,0.182867971404929,11,0.03681022918571028,False,False,False
2684,Tm5a,0.06801410817213589,5.0,True,0,nonempty_primary_group,492,0.8544127900175114,2,0.7863986818453754,False,False,False
2685,Tm5a,-0.7862892383143328,5.0,True,0,nonempty_primary_group,493,-0.008651993457164942,2,0.7776372448571679,False,False,False
2686,Tm5a,0.3407389484335188,4.0,True,0,nonempty_primary_group,494,0.34073894843351876,4,5.551115123125783e-17,True,True,True
2687,Tm5a,0.6272595611186347,13.0,False,0,nonempty_primary_group,495,0.6424651871935187,12,0.015205626074884071,False,False,False
2688,Tm5a,1.3329168728629912,48.0,True,0,nonempty_primary_group,496,1.354163218747338,47,0.021246345884346818,False,False,False
2689,Tm5a,0.01988059812823154,5.0,True,0,nonempty_primary_group,497,0.019880598128231508,5,3.122502256758253e-17,True,True,True
2690,Tm5a,0.6824209696377536,60.0,False,0,nonempty_primary_group,499,0.6549677276403088,61,0.02745324199744481,False,False,False
2691,Tm5a,0.963595627455858,5.0,True,0,nonempty_primary_group,500,0.963595627455858,5,0.0,True,True,True
2692,Tm5a,-0.2069845876834552,14.0,True,0,nonempty_primary_group,501,-0.36036390870058477,11,0.15337932101712956,False,False,False
2693,Tm5a,0.24494854917114367,4.0,False,0,nonempty_primary_group,503,0.24494854917114378,4,1.1102230246251565e-16,True,True,True
2694,Tm5a,0.40862673208816963,13.0,True,0,nonempty_primary_group,504,0.4086267320881696,13,5.551115123125783e-17,True,True,True
2695,Tm5a,0.9467513532313002,5.0,True,0,nonempty_primary_group,505,0.9467513532313001,5,1.1102230246251565e-16,True,True,True
2696,Tm5a,1.8674304990996349,3.0,True,0,nonempty_primary_group,506,1.8674304990996344,3,4.440892098500626e-16,True,True,True
2697,Tm5a,0.1559021812453175,6.0,False,0,nonempty_primary_group,507,0.15339889317813024,7,0.002503288067187248,False,False,False
2698,Tm5a,-0.34380109526172076,1.0,True,0,nonempty_primary_group,508,-0.34380109526172065,1,1.1102230246251565e-16,True,True,True
2699,Tm5a,0.731510657447446,29.0,False,0,nonempty_primary_group,509,0.8132041677973723,27,0.08169351034992622,False,False,False
2700,Tm5a,0.22147486834697408,38.0,False,0,nonempty_primary_group,510,0.1767940187136509,38,0.044680849633323166,False,True,False
2701,Tm5a,0.19535797153045115,62.0,False,0,nonempty_primary_group,511,0.18465531587152326,62,0.01070265565892789,False,True,False
2702,Tm5a,-0.11816095269996758,9.0,False,0,nonempty_primary_group,513,0.020881422786816716,10,0.1390423754867843,False,False,False
2703,Tm5a,-0.09652368637785168,20.0,False,0,nonempty_primary_group,514,-0.09652368637785173,20,5.551115123125783e-17,True,True,True
2704,Tm5a,-0.13840213781335878,7.0,False,0,nonempty_primary_group,515,0.10801236652496753,5,0.2464145043383263,False,False,False
2705,Tm5a,-0.3020311736152124,14.0,True,0,nonempty_primary_group,516,-0.28479503494055486,11,0.017236138674657564,False,False,False
2706,Tm5a,0.7364572243724988,9.0,True,0,nonempty_primary_group,517,0.7364572243724986,9,2.220446049250313e-16,True,True,True
2707,Tm5a,1.474636997354385,16.0,True,0,nonempty_primary_group,518,1.4746369973543851,16,2.220446049250313e-16,True,True,True
2708,Tm5a,1.0185204761821602,23.0,True,0,nonempty_primary_group,519,1.067603242693141,22,0.04908276651098076,False,False,False
2709,Tm5a,1.51388097297051,9.0,True,0,nonempty_primary_group,520,1.5138809729705103,9,2.220446049250313e-16,True,True,True
2710,Tm5a,0.2503477806784578,13.0,False,0,nonempty_primary_group,522,0.31861553078147115,12,0.06826775010301334,False,False,False
2711,Tm5a,0.5408662444331869,5.0,True,0,nonempty_primary_group,523,0.5408662444331871,5,2.220446049250313e-16,True,True,True
2712,Tm5a,1.407494988132262,16.0,True,0,nonempty_primary_group,524,1.5046865303076553,15,0.09719154217539328,False,False,False
2713,Tm5a,1.5137196168939788,16.0,True,0,nonempty_primary_group,525,1.5926923792070147,15,0.07897276231303585,False,False,False
2714,Tm5a,0.04209568183421446,3.0,True,0,nonempty_primary_group,526,0.04209568183421445,3,6.938893903907228e-18,True,True,True
2715,Tm5a,0.45222775745323907,9.0,True,0,nonempty_primary_group,527,0.4522277574532391,9,5.551115123125783e-17,True,True,True
2716,Tm5a,0.4329581157941543,3.0,True,0,nonempty_primary_group,528,0.43295811579415416,3,1.1102230246251565e-16,True,True,True
2717,Tm5a,0.1442246647846377,5.0,True,0,nonempty_primary_group,529,0.14422466478463775,5,5.551115123125783e-17,True,True,True
2718,Tm5a,-0.6750851789675906,1.0,True,0,empty_primary_group,530,,0,,False,False,False
2719,Tm5a,-0.7947899227436304,1.0,True,0,empty_primary_group,531,,0,,False,False,False
2720,Tm5a,-1.0418983862279316,1.0,True,0,empty_primary_group,532,,0,,False,False,False
2721,Tm5a,0.22289605944196583,4.0,True,0,nonempty_primary_group,533,0.22289605944196586,4,2.7755575615628914e-17,True,True,True
2722,Tm5a,0.46327539658488853,4.0,False,0,nonempty_primary_group,534,0.4632753965848885,4,5.551115123125783e-17,True,True,True
2723,Tm5a,0.5735005661221871,5.0,True,0,nonempty_primary_group,535,0.5735005661221871,5,0.0,True,True,True
2724,Tm5a,-0.4064261261193948,3.0,True,0,nonempty_primary_group,537,-0.40642612611939494,3,1.1102230246251565e-16,True,True,True
2725,Tm5a,0.3861332482578548,16.0,True,0,nonempty_primary_group,538,0.38613324825785483,16,5.551115123125783e-17,True,True,True
2726,Tm5a,1.621070069764301,3.0,True,0,nonempty_primary_group,540,1.6210700697643012,3,2.220446049250313e-16,True,True,True
2727,Tm5a,0.1943999542306016,11.0,True,0,nonempty_primary_group,541,0.19439995423060158,11,2.7755575615628914e-17,True,True,True
2728,Tm5a,0.6459743317469574,5.0,True,0,nonempty_primary_group,542,0.6459743317469573,5,1.1102230246251565e-16,True,True,True
2729,Tm5a,1.1698375024664807,9.0,True,0,nonempty_primary_group,543,1.1698375024664807,9,0.0,True,True,True
2730,Tm5a,2.0361863453353983,1.0,True,0,nonempty_primary_group,544,2.0361863453353983,1,0.0,True,True,True
2731,Tm5a,1.085786879625689,17.0,True,0,nonempty_primary_group,545,1.085786879625689,17,0.0,True,True,True
2732,Tm5a,0.798979339759892,9.0,True,0,nonempty_primary_group,546,0.7989793397598919,9,1.1102230246251565e-16,True,True,True
2733,Tm5a,1.1338834654555832,3.0,False,0,nonempty_primary_group,547,1.1338834654555832,3,0.0,True,True,True
2734,Tm5a,1.0747584085482391,2.0,True,0,nonempty_primary_group,548,1.0747584085482391,2,0.0,True,True,True
2735,Tm5a,1.0638325593769193,11.0,True,0,nonempty_primary_group,549,1.0638325593769193,11,0.0,True,True,True
2736,Tm5a,1.406688201419233,9.0,True,0,nonempty_primary_group,550,1.4066882014192332,9,2.220446049250313e-16,True,True,True
2737,Tm5a,0.84816958634409,18.0,False,0,nonempty_primary_group,551,0.8601443400218072,17,0.011974753677717165,False,False,False
2738,Tm5a,0.316511261505667,5.0,True,0,nonempty_primary_group,552,0.26020552670836655,4,0.056305734797300444,False,False,False
2739,Tm5a,1.2147057541764543,3.0,True,0,nonempty_primary_group,553,1.214705754176454,3,2.220446049250313e-16,True,True,True
2740,Tm5a,0.9478950828288272,9.0,True,0,nonempty_primary_group,554,0.9478950828288273,9,1.1102230246251565e-16,True,True,True
2741,Tm5a,0.7078481719082922,4.0,True,0,nonempty_primary_group,555,0.7078481719082922,4,0.0,True,True,True
2742,Tm5a,0.4290324160499874,51.0,False,0,nonempty_primary_group,556,0.41653166348091253,49,0.012500752569074847,False,False,False
2743,Tm5a,1.0052611844824175,2.0,True,0,nonempty_primary_group,557,1.0052611844824177,2,2.220446049250313e-16,True,True,True
2744,Tm5a,1.6817177604872833,4.0,False,0,nonempty_primary_group,558,1.6817177604872833,4,0.0,True,True,True
2745,Tm5a,0.2677794673143636,62.0,False,0,nonempty_primary_group,559,0.28471724352905364,62,0.01693777621469006,False,True,False
2746,Tm5a,0.6381300122547594,21.0,False,0,nonempty_primary_group,560,0.5642070614573026,22,0.07392295079745681,False,False,False
2747,Tm5a,1.5993777367735167,12.0,False,0,nonempty_primary_group,561,2.37721120144455,9,0.7778334646710332,False,False,False
2748,Tm5a,0.6230887419694974,4.0,False,0,nonempty_primary_group,563,0.6230887419694973,4,1.1102230246251565e-16,True,True,True
2749,Tm5a,-0.7723199464015629,7.0,False,0,nonempty_primary_group,564,-1.0867723473726034,5,0.31445240097104055,False,False,False
2750,Tm5a,0.33224709782771994,20.0,False,0,nonempty_primary_group,565,0.33224709782772,20,5.551115123125783e-17,True,True,True
2751,Tm5a,0.1038247743868586,2.0,True,0,nonempty_primary_group,566,0.10382477438685844,2,1.5265566588595902e-16,True,True,True
2752,Tm5a,0.7546237044420209,33.0,False,0,nonempty_primary_group,567,0.9527679684946962,31,0.19814426405267538,False,False,False
2753,Tm5a,2.261683629380151,5.0,True,0,nonempty_primary_group,568,2.261683629380151,5,0.0,True,True,True
2754,Tm5a,1.4233663340942686,15.0,True,0,nonempty_primary_group,569,1.3866245082037856,14,0.036741825890483026,False,False,False
2755,Tm5a,0.7569585403952599,1.0,False,0,nonempty_primary_group,570,0.7002700243473532,2,0.0566885160479067,False,False,False
2756,Tm5a,0.8407169272330748,30.0,False,0,nonempty_primary_group,571,0.8407169272330749,30,1.1102230246251565e-16,True,True,True
2757,Tm5a,0.9102228755586784,61.0,False,0,nonempty_primary_group,572,0.9895657568978322,59,0.07934288133915379,False,False,False
2758,Tm5a,0.6280599432914086,4.0,True,0,nonempty_primary_group,573,0.6280599432914085,4,1.1102230246251565e-16,True,True,True
2759,Tm5a,0.8040868658929511,13.0,True,0,nonempty_primary_group,574,0.8040868658929512,13,1.1102230246251565e-16,True,True,True
2760,Tm5a,0.15276832677871544,3.0,False,0,nonempty_primary_group,575,0.15276832677871552,3,8.326672684688674e-17,True,True,True
2761,Tm5a,2.022507349874046,3.0,True,0,nonempty_primary_group,576,2.0225073498740453,3,4.440892098500626e-16,True,True,True
2762,Tm5a,0.45633021818799985,13.0,True,0,nonempty_primary_group,577,0.45633021818799985,13,0.0,True,True,True
2763,Tm5a,1.802441131358069,10.0,True,0,nonempty_primary_group,578,1.8024411313580693,10,2.220446049250313e-16,True,True,True
2764,Tm5a,0.9544505860779962,64.0,False,0,nonempty_primary_group,579,0.9400000148127018,65,0.014450571265294365,False,False,False
2765,Tm5a,1.7442243099736963,11.0,True,0,nonempty_primary_group,580,1.7442243099736965,11,2.220446049250313e-16,True,True,True
2766,Tm5a,1.3431948732720744,33.0,True,0,nonempty_primary_group,581,1.343194873272074,33,4.440892098500626e-16,True,True,True
2767,Tm5a,1.4580205196454636,4.0,True,0,nonempty_primary_group,582,1.4580205196454636,4,0.0,True,True,True
2768,Tm5a,2.2330119082177577,8.0,True,0,nonempty_primary_group,583,2.2330119082177577,8,0.0,True,True,True
2769,Tm5a,0.6532207827311878,5.0,False,0,nonempty_primary_group,584,0.5673153081126726,4,0.08590547461851517,False,False,False
2770,Tm5a,0.761357968481762,19.0,False,0,nonempty_primary_group,585,0.6513122529567676,20,0.11004571552499431,False,False,False
2771,Tm5a,0.6507538563657178,5.0,True,0,nonempty_primary_group,586,0.7659861826880212,4,0.1152323263223034,False,False,False
2772,Tm5a,0.6595309986751045,11.0,True,0,nonempty_primary_group,587,0.6595309986751046,11,1.1102230246251565e-16,True,True,True
2773,Tm5a,0.47130515687407215,5.0,True,0,nonempty_primary_group,589,0.47130515687407215,5,0.0,True,True,True
2774,Tm5a,0.857674254723305,22.0,True,0,nonempty_primary_group,590,0.857674254723305,22,0.0,True,True,True
2775,Tm5a,1.2089454050323953,16.0,True,0,nonempty_primary_group,591,1.2089454050323953,16,0.0,True,True,True
2776,Tm5a,1.1191701937160565,1.0,False,0,nonempty_primary_group,592,0.4299215388205385,2,0.689248654895518,False,False,False
2777,Tm5a,-0.016996220233724345,12.0,False,0,nonempty_primary_group,593,-0.26652842516317765,9,0.2495322049294533,False,False,False
2778,Tm5a,1.8316927174659683,3.0,False,0,nonempty_primary_group,594,1.8316927174659678,3,4.440892098500626e-16,True,True,True
2779,Tm5a,0.3028345407844285,61.0,False,0,nonempty_primary_group,596,0.30015226918349547,58,0.0026822716009330394,False,False,False
2780,Tm5a,-0.2616411595576581,3.0,True,0,nonempty_primary_group,597,-0.26164115955765804,3,5.551115123125783e-17,True,True,True
2781,Tm5a,0.7995158037874717,9.0,True,0,nonempty_primary_group,598,0.7995158037874716,9,1.1102230246251565e-16,True,True,True
2782,Tm5a,0.6214151067075467,24.0,False,0,nonempty_primary_group,599,0.5422287398948799,24,0.07918636681266689,False,True,False
2783,Tm5a,-0.9676393375162349,1.0,True,0,empty_primary_group,600,,0,,False,False,False
2784,Tm5a,1.2869279294172498,9.0,True,0,nonempty_primary_group,601,1.2869279294172498,9,0.0,True,True,True
2785,Tm5a,1.0192060524238165,9.0,True,0,nonempty_primary_group,602,1.0192060524238162,9,2.220446049250313e-16,True,True,True
2786,Tm5a,1.4875069670655154,9.0,True,0,nonempty_primary_group,603,1.4875069670655148,9,6.661338147750939e-16,True,True,True
2787,Tm5a,0.5297353175457855,61.0,False,0,nonempty_primary_group,604,0.5046078211153079,58,0.025127496430477625,False,False,False
2788,Tm5a,0.9111437518149594,4.0,True,0,nonempty_primary_group,605,0.9111437518149594,4,0.0,True,True,True
2789,Tm5a,1.353410878365711,1.0,True,0,empty_primary_group,606,,0,,False,False,False
2790,Tm5a,1.167498199770096,2.0,True,0,nonempty_primary_group,608,1.1674981997700962,2,2.220446049250313e-16,True,True,True
2791,Tm5a,1.7941377799910467,20.0,True,0,nonempty_primary_group,609,1.8014494761314261,19,0.007311696140379409,False,False,False
2792,Tm5a,0.894267750695587,31.0,False,0,nonempty_primary_group,610,0.886572803245982,32,0.007694947449604972,False,False,False
2793,Tm5a,1.4770805848640711,61.0,False,0,nonempty_primary_group,611,1.462644072558376,59,0.014436512305695093,False,False,False
2794,Tm5a,1.2679567477519618,3.0,True,0,nonempty_primary_group,612,1.2679567477519618,3,0.0,True,True,True
2795,Tm5a,1.6436371056314367,16.0,False,0,nonempty_primary_group,613,1.6623092204967318,15,0.018672114865295075,False,False,False
2796,Tm5a,0.8931399020135221,10.0,True,0,nonempty_primary_group,614,0.893139902013522,10,1.1102230246251565e-16,True,True,True
2797,Tm5a,1.2788819352769027,56.0,False,0,nonempty_primary_group,615,1.2851674526326233,54,0.006285517355720582,False,False,False
2798,Tm5a,0.3932572576022143,3.0,False,0,nonempty_primary_group,616,0.39325725760221436,3,5.551115123125783e-17,True,True,True
2799,Tm5a,0.3540155351308249,2.0,True,0,nonempty_primary_group,617,0.35401553513082495,2,5.551115123125783e-17,True,True,True
2800,Tm5a,1.1978575765479442,30.0,True,0,nonempty_primary_group,618,1.2449530340072548,29,0.04709545745931054,False,False,False
2801,Tm5a,1.2638124654733838,15.0,True,0,nonempty_primary_group,619,1.3359427659929903,14,0.07213030051960656,False,False,False
2802,Tm5a,2.235205604788095,17.0,False,0,nonempty_primary_group,620,2.156702205614738,18,0.07850339917335702,False,False,False
2803,Tm5a,1.009599294370252,11.0,False,0,nonempty_primary_group,621,1.009599294370252,11,0.0,True,True,True
2804,Tm5a,-0.08739736351949799,5.0,True,0,nonempty_primary_group,623,-0.08739736351949831,5,3.191891195797325e-16,True,True,True
2805,Tm5a,0.03665168528468511,1.0,True,0,empty_primary_group,624,,0,,False,False,False
2806,Tm5a,1.2700580827712942,12.0,False,0,nonempty_primary_group,625,1.2700580827712937,12,4.440892098500626e-16,True,True,True
2807,Tm5a,0.6270110611499445,2.0,True,0,nonempty_primary_group,626,0.6270110611499446,2,1.1102230246251565e-16,True,True,True
2808,Tm5a,1.5650266913179023,9.0,True,0,nonempty_primary_group,627,1.5650266913179018,9,4.440892098500626e-16,True,True,True
2809,Tm5a,1.8777000235824777,17.0,True,0,nonempty_primary_group,628,1.8777000235824777,17,0.0,True,True,True
2810,Tm5a,1.7868622195189692,9.0,True,0,nonempty_primary_group,629,1.7903553415272377,8,0.0034931220082685677,False,False,False
2811,Tm5a,1.3236518837797746,4.0,True,0,nonempty_primary_group,630,1.3236518837797746,4,0.0,True,True,True
2812,Tm5a,0.949329532806545,3.0,True,0,nonempty_primary_group,631,0.9493295328065448,3,2.220446049250313e-16,True,True,True
2813,Tm5a,1.054869772620519,9.0,True,0,nonempty_primary_group,632,1.0548697726205192,9,2.220446049250313e-16,True,True,True
2814,Tm5a,1.610484828223665,18.0,False,0,nonempty_primary_group,633,1.6285729418249784,19,0.01808811360131335,False,False,False
2815,Tm5a,1.9991909703634263,21.0,True,0,nonempty_primary_group,634,1.9991909703634267,21,4.440892098500626e-16,True,True,True
2816,Tm5a,1.628235350289319,17.0,False,0,nonempty_primary_group,635,1.6483803412728857,18,0.020144990983566702,False,False,False
2817,Tm5a,1.9527018929020554,3.0,True,0,nonempty_primary_group,636,1.952701892902055,3,4.440892098500626e-16,True,True,True
2818,Tm5a,1.7769524231070826,18.0,True,0,nonempty_primary_group,637,1.7725507295280363,17,0.004401693579046295,False,False,False
2819,Tm5a,0.9188096385618116,2.0,False,0,nonempty_primary_group,638,0.9188096385618117,2,1.1102230246251565e-16,True,True,True
2820,Tm5a,1.8905483272753831,5.0,True,0,nonempty_primary_group,639,1.8905483272753834,5,2.220446049250313e-16,True,True,True
2821,Tm5a,1.496737181972632,14.0,True,0,nonempty_primary_group,640,1.4967371819726318,14,2.220446049250313e-16,True,True,True
2822,Tm5a,1.658540281234718,5.0,True,0,nonempty_primary_group,641,1.6585402812347183,5,2.220446049250313e-16,True,True,True
2823,Tm5a,1.788576045520729,5.0,True,0,nonempty_primary_group,643,1.788576045520729,5,0.0,True,True,True
2824,Tm5a,1.9405949356455265,19.0,False,0,nonempty_primary_group,644,1.940594935645527,19,4.440892098500626e-16,True,True,True
2825,Tm5a,1.8160604846491175,32.0,False,0,nonempty_primary_group,645,1.7664466213761794,33,0.04961386327293815,False,False,False
2826,Tm5a,1.581196044583978,34.0,False,0,nonempty_primary_group,646,1.5692971339743815,33,0.01189891060959658,False,False,False
2827,Tm5a,1.221004333674682,13.0,True,0,nonempty_primary_group,647,1.2210043336746823,13,2.220446049250313e-16,True,True,True
2828,Tm5a,1.8711264527575777,6.0,False,0,nonempty_primary_group,648,1.8711264527575777,6,0.0,True,True,True
2829,Tm5a,2.259023275338973,22.0,False,0,nonempty_primary_group,649,2.1600924334321827,23,0.09893084190679025,False,False,False
2830,Tm5a,1.5216784248790094,22.0,False,0,nonempty_primary_group,650,1.5216784248790092,22,2.220446049250313e-16,True,True,True
2831,Tm5a,1.0777090704708316,24.0,False,0,nonempty_primary_group,651,1.1124082852066937,21,0.034699214735862016,False,False,False
2832,Tm5a,1.7847278987110295,15.0,True,0,nonempty_primary_group,652,1.78472789871103,15,4.440892098500626e-16,True,True,True
2833,Tm5a,0.18842795561034661,1.0,True,0,empty_primary_group,654,,0,,False,False,False
2834,Tm5a,0.4928085025631092,4.0,True,0,nonempty_primary_group,655,0.8458528676542787,2,0.3530443650911695,False,False,False
2835,Tm5a,1.6471667814815643,6.0,False,0,nonempty_primary_group,656,1.2249324844488212,7,0.42223429703274307,False,False,False
2836,Tm5a,1.5487289173046153,21.0,False,0,nonempty_primary_group,657,1.489586677725685,22,0.05914223957893028,False,False,False
2837,Tm5a,1.2823680902296597,8.0,True,0,nonempty_primary_group,658,1.2823680902296595,8,2.220446049250313e-16,True,True,True
2838,Tm5a,0.5918539472395309,9.0,True,0,nonempty_primary_group,659,0.591853947239531,9,1.1102230246251565e-16,True,True,True
2839,Tm5a,1.545890822160578,2.0,False,0,nonempty_primary_group,660,1.5458908221605778,2,2.220446049250313e-16,True,True,True
2840,Tm5a,1.9451491883633938,51.0,False,0,nonempty_primary_group,661,1.9451491883633933,51,4.440892098500626e-16,True,True,True
2841,Tm5a,0.4511923107673833,3.0,False,0,nonempty_primary_group,662,0.20411234046138416,4,0.24707997030599915,False,False,False
2842,Tm5a,-0.3291693397208991,12.0,False,0,nonempty_primary_group,663,-0.9875510404589439,9,0.6583817007380448,False,False,False
2843,Tm5a,1.3488160455953453,53.0,False,0,nonempty_primary_group,664,1.3378526529825434,52,0.010963392612801881,False,False,False
2844,Tm5a,0.18995636342480657,16.0,False,0,nonempty_primary_group,666,0.2368565325455038,14,0.04690016912069722,False,False,False
2845,Tm5a,1.366281617552706,59.0,False,0,nonempty_primary_group,668,1.341652531462115,61,0.02462908609059089,False,False,False
2846,Tm5a,2.2149838192931455,2.0,True,0,nonempty_primary_group,669,2.2149838192931455,2,0.0,True,True,True
2847,Tm5a,2.3090686056175604,32.0,False,0,nonempty_primary_group,671,2.2302570453935657,33,0.07881156022399471,False,False,False
2848,Tm5a,1.2814022999719588,66.0,False,0,nonempty_primary_group,672,1.3030937169088255,64,0.021691416936866714,False,False,False
2849,Tm5a,1.0139771489894545,16.0,False,0,nonempty_primary_group,673,1.1131759949133853,14,0.0991988459239308,False,False,False
2850,Tm5a,1.5647748707459286,9.0,True,0,nonempty_primary_group,674,1.5647748707459286,9,0.0,True,True,True
2851,Tm5a,1.5209557154939366,46.0,False,0,nonempty_primary_group,675,1.4238535864477448,48,0.09710212904619175,False,False,False
2852,Tm5a,1.4889123312025245,19.0,False,0,nonempty_primary_group,676,1.4889123312025248,19,2.220446049250313e-16,True,True,True
2853,Tm5a,-0.3748305592452565,1.0,True,0,empty_primary_group,677,,0,,False,False,False
2854,Tm5a,0.08313982299619253,9.0,True,0,nonempty_primary_group,679,0.08313982299619255,9,1.3877787807814457e-17,True,True,True
2855,Tm5a,0.33599882299147205,2.0,True,0,nonempty_primary_group,680,0.33599882299147205,2,0.0,True,True,True
2856,Tm5a,2.004554431785984,44.0,False,0,nonempty_primary_group,681,2.029899889100468,43,0.025345457314483788,False,False,False
2857,Tm5a,1.3389304992001034,4.0,True,0,nonempty_primary_group,682,2.5136193873913557,2,1.1746888881912523,False,False,False
2858,Tm5a,1.9612495117437174,83.0,False,0,nonempty_primary_group,683,2.016719148400114,81,0.055469636656396704,False,False,False
2859,Tm5a,1.5267440333051947,18.0,True,0,nonempty_primary_group,684,1.526744033305195,18,2.220446049250313e-16,True,True,True
2860,Tm5a,2.3020353119885373,22.0,False,0,nonempty_primary_group,685,2.2334894283123967,23,0.06854588367614056,False,False,False
2861,Tm5a,1.4342547603107505,23.0,False,0,nonempty_primary_group,686,1.4245326778530913,24,0.009722082457659154,False,False,False
2862,Tm5a,1.876691931839367,36.0,True,0,nonempty_primary_group,687,1.9375790062854663,35,0.06088707444609942,False,False,False
2863,Tm5a,0.881613708119348,1.0,True,0,empty_primary_group,688,,0,,False,False,False
2864,Tm5a,1.7810952460637548,9.0,True,0,nonempty_primary_group,691,1.7810952460637546,9,2.220446049250313e-16,True,True,True
2865,Tm5a,1.5141854333926992,12.0,False,0,nonempty_primary_group,692,1.514185433392699,12,2.220446049250313e-16,True,True,True
2866,Tm5a,1.174835907539963,3.0,True,0,nonempty_primary_group,693,1.1748359075399633,3,2.220446049250313e-16,True,True,True
2867,Tm5a,2.126888688658834,5.0,True,0,nonempty_primary_group,694,2.126888688658833,5,8.881784197001252e-16,True,True,True
2868,Tm5a,1.5282028182251557,13.0,True,0,nonempty_primary_group,695,1.605274001741085,12,0.07707118351592923,False,False,False
2869,Tm5a,1.409431401727639,13.0,False,0,nonempty_primary_group,696,1.4724749656385734,12,0.06304356391093435,False,False,False
2870,Tm5a,1.5266785291263882,5.0,True,0,nonempty_primary_group,697,1.526678529126388,5,2.220446049250313e-16,True,True,True
2871,Tm5a,1.70944488119258,8.0,True,0,nonempty_primary_group,698,1.7094448811925802,8,2.220446049250313e-16,True,True,True
2872,Tm5a,3.059516144995064,8.0,True,0,nonempty_primary_group,699,3.059516144995064,8,0.0,True,True,True
2873,Tm5a,1.846733261211846,5.0,True,0,nonempty_primary_group,700,1.8467332612118466,5,6.661338147750939e-16,True,True,True
2874,Tm5a,1.8725297769248483,9.0,True,0,nonempty_primary_group,701,1.9387486827597742,8,0.06621890583492585,False,False,False
2875,Tm5a,1.9640234339382758,7.0,False,0,nonempty_primary_group,702,1.9640234339382758,7,0.0,True,True,True
2876,Tm5a,3.122637084597275,5.0,True,0,nonempty_primary_group,703,3.122637084597275,5,0.0,True,True,True
2877,Tm5a,1.898164489300241,43.0,False,0,nonempty_primary_group,704,1.8958864145894432,43,0.002278074710797773,False,True,False
2878,Tm5a,1.3898442907794781,24.0,False,0,nonempty_primary_group,706,1.4735070835066209,21,0.08366279272714272,False,False,False
2879,Tm5a,2.5351935449109475,5.0,False,0,nonempty_primary_group,707,2.5351935449109475,5,0.0,True,True,True
2880,Tm5a,1.8485300666153937,81.0,False,0,nonempty_primary_group,708,1.8263498327280585,82,0.022180233887335143,False,False,False
2881,Tm5a,1.4034700630811554,9.0,True,0,nonempty_primary_group,709,1.4034700630811554,9,0.0,True,True,True
2882,Tm5a,2.16096908833472,14.0,False,0,nonempty_primary_group,710,2.16096908833472,14,0.0,True,True,True
2883,Tm5a,1.2265603107294767,20.0,False,0,nonempty_primary_group,712,1.2265603107294762,20,4.440892098500626e-16,True,True,True
2884,Tm5a,0.9855618141968394,13.0,False,0,nonempty_primary_group,713,0.9531831806845287,12,0.03237863351231074,False,False,False
2885,Tm5a,2.272324468094831,16.0,False,0,nonempty_primary_group,714,2.264763526917802,15,0.00756094117702899,False,False,False
2886,Tm5a,1.7325194368149253,29.0,False,0,nonempty_primary_group,715,1.893392789336251,26,0.16087335252132573,False,False,False
2887,Tm5b,0.051732237675342,19.0,True,0,nonempty_primary_group,0,0.05173223767534198,19,2.0816681711721685e-17,True,True,True
2888,Tm5b,0.24307780030858034,4.0,False,0,nonempty_primary_group,1,0.24307780030858026,4,8.326672684688674e-17,True,True,True
2889,Tm5b,0.5940583216528647,2.0,True,0,nonempty_primary_group,2,0.594058321652865,2,3.3306690738754696e-16,True,True,True
2890,Tm5b,0.20879501798633843,50.0,True,0,nonempty_primary_group,3,0.2087950179863384,50,2.7755575615628914e-17,True,True,True
2891,Tm5b,-0.013029268482044434,8.0,False,0,nonempty_primary_group,4,0.16580459426147953,9,0.17883386274352397,False,False,False
2892,Tm5b,0.472060997690653,34.0,False,0,nonempty_primary_group,5,0.4774207766512067,34,0.005359778960553674,False,True,False
2893,Tm5b,0.16951867440250498,13.0,False,0,nonempty_primary_group,6,0.4762952912769498,18,0.3067766168744448,False,False,False
2894,Tm5b,1.0017978219064958,17.0,True,0,nonempty_primary_group,7,1.0017978219064958,17,0.0,True,True,True
2895,Tm5b,-0.31265451455662063,7.0,False,0,nonempty_primary_group,8,-0.1009262447115189,2,0.21172826984510174,False,False,False
2896,Tm5b,2.38114760212634,4.0,False,0,nonempty_primary_group,9,2.3811476021263402,4,4.440892098500626e-16,True,True,True
2897,Tm5b,2.197329729416188,19.0,True,0,nonempty_primary_group,10,2.1973297294161886,19,4.440892098500626e-16,True,True,True
2898,Tm5b,0.16656187052457963,8.0,False,0,nonempty_primary_group,11,0.2428431108751058,9,0.07628124035052616,False,False,False
2899,Tm5b,1.2714563822604086,13.0,False,0,nonempty_primary_group,12,1.1673885750382615,9,0.10406780722214704,False,False,False
2900,Tm5b,-2.3101720209146386,1.0,False,0,nonempty_primary_group,13,-2.3101720209146386,1,0.0,True,True,True
2901,Tm5b,1.2810151478976908,13.0,False,0,nonempty_primary_group,14,1.4741723738176526,18,0.19315722591996187,False,False,False
2902,Tm5b,-0.2078086699358919,1.0,True,0,nonempty_primary_group,15,-0.2078086699358921,1,1.942890293094024e-16,True,True,True
2903,Tm5b,0.6487022711597892,9.0,False,0,nonempty_primary_group,16,0.7785361018437731,8,0.1298338306839839,False,False,False
2904,Tm5b,2.163431613150336,3.0,False,0,nonempty_primary_group,17,2.1634316131503364,3,4.440892098500626e-16,True,True,True
2905,Tm5b,1.6324584211214594,2.0,False,0,nonempty_primary_group,18,2.1331471200983168,1,0.5006886989768573,False,False,False
2906,Tm5b,-1.533753047797255,7.0,False,0,nonempty_primary_group,19,-0.7958072974052735,2,0.7379457503919815,False,False,False
2907,Tm5b,2.114919659811627,5.0,True,0,nonempty_primary_group,20,2.114919659811626,5,8.881784197001252e-16,True,True,True
2908,Tm5b,0.43824883596788383,69.0,True,0,nonempty_primary_group,21,0.43824883596788383,69,0.0,True,True,True
2909,Tm5b,0.8867783823108292,8.0,False,0,nonempty_primary_group,22,0.6467436448013135,9,0.24003473750951565,False,False,False
2910,Tm5b,0.7492795401545214,1.0,True,0,nonempty_primary_group,23,0.7492795401545211,1,2.220446049250313e-16,True,True,True
2911,Tm5b,0.41892224251692217,35.0,False,0,nonempty_primary_group,24,0.5103070710880834,34,0.0913848285711612,False,False,False
2912,Tm5b,0.5606678575409949,10.0,True,0,nonempty_primary_group,25,0.560667857540995,10,1.1102230246251565e-16,True,True,True
2913,Tm5b,0.9753734191473598,32.0,False,0,nonempty_primary_group,26,1.0270999652528323,31,0.05172654610547256,False,False,False
2914,Tm5b,-0.564149745912671,9.0,False,0,nonempty_primary_group,27,-0.179904930103165,4,0.384244815809506,False,False,False
2915,Tm5b,0.41396832743264167,9.0,False,0,nonempty_primary_group,28,0.38446107846451727,8,0.0295072489681244,False,False,False
2916,Tm5b,0.756455000779954,16.0,False,0,nonempty_primary_group,29,0.7344385023534326,21,0.022016498426521425,False,False,False
2917,Tm5b,0.6065601296113167,9.0,False,0,nonempty_primary_group,30,0.6797423499788979,8,0.07318222036758126,False,False,False
2918,Tm5b,0.19072757041939994,33.0,True,0,nonempty_primary_group,31,0.19072757041939997,33,2.7755575615628914e-17,True,True,True
2919,Tm5b,0.3076931057983785,49.0,True,0,nonempty_primary_group,32,0.30769310579837855,49,5.551115123125783e-17,True,True,True
2920,Tm5b,0.6585415614457074,2.0,False,0,nonempty_primary_group,33,0.46221830615323684,3,0.19632325529247058,False,False,False
2921,Tm5b,0.49253752227264896,58.0,False,0,nonempty_primary_group,34,0.502817194159756,58,0.010279671887107045,False,True,False
2922,Tm5b,2.1160393248727334,41.0,True,0,nonempty_primary_group,35,2.1160393248727334,41,0.0,True,True,True
2923,Tm5b,1.3460154264686663,1.0,True,0,nonempty_primary_group,36,1.3460154264686666,1,2.220446049250313e-16,True,True,True
2924,Tm5b,-0.38825197199439404,2.0,False,0,nonempty_primary_group,37,-0.3882519719943938,2,2.220446049250313e-16,True,True,True
2925,Tm5b,1.0065963564256233,1.0,True,0,nonempty_primary_group,38,1.0065963564256228,1,4.440892098500626e-16,True,True,True
2926,Tm5b,0.31001735182575846,9.0,True,0,nonempty_primary_group,39,0.31001735182575857,9,1.1102230246251565e-16,True,True,True
2927,Tm5b,-0.02644674669153285,19.0,True,0,nonempty_primary_group,40,-0.02644674669153285,19,0.0,True,True,True
2928,Tm5b,-0.21678838541575293,3.0,False,0,nonempty_primary_group,41,0.467343849056437,2,0.68413223447219,False,False,False
2929,Tm5b,2.563750279701164,7.0,True,0,nonempty_primary_group,42,2.5637502797011638,7,4.440892098500626e-16,True,True,True
2930,Tm5b,0.2050017571199955,1.0,False,0,nonempty_primary_group,43,-0.17286507133918416,3,0.3778668284591796,False,False,False
2931,Tm5b,0.8080124988541557,32.0,False,0,nonempty_primary_group,44,0.7960604184437136,31,0.011952080410442156,False,False,False
2932,Tm5b,0.33190095128434177,3.0,True,0,nonempty_primary_group,45,0.3319009512843418,3,5.551115123125783e-17,True,True,True
2933,Tm5b,0.03764573832292662,14.0,False,0,nonempty_primary_group,46,0.03764573832292662,14,0.0,True,True,True
2934,Tm5b,0.14569703492987587,4.0,True,0,nonempty_primary_group,47,0.14569703492987585,4,2.7755575615628914e-17,True,True,True
2935,Tm5b,-0.008469696297932561,9.0,False,0,nonempty_primary_group,48,0.12618290687457046,8,0.13465260317250302,False,False,False
2936,Tm5b,0.6144436389645627,14.0,False,0,nonempty_primary_group,49,0.6144436389645626,14,1.1102230246251565e-16,True,True,True
2937,Tm5b,2.902144078507622,9.0,False,0,nonempty_primary_group,50,3.1536594209725677,8,0.25151534246494567,False,False,False
2938,Tm5b,3.215570931510649,9.0,True,0,nonempty_primary_group,51,3.2155709315106495,9,4.440892098500626e-16,True,True,True
2939,Tm5b,1.36544054620518,41.0,False,0,nonempty_primary_group,53,1.3821431466627845,41,0.01670260045760452,False,True,False
2940,Tm5b,0.062380305173154356,59.0,True,0,nonempty_primary_group,54,0.062380305173154356,59,0.0,True,True,True
2941,Tm5b,1.7879562634040387,1.0,True,0,nonempty_primary_group,55,1.7879562634040385,1,2.220446049250313e-16,True,True,True
2942,Tm5b,1.1136233783261167,32.0,False,0,nonempty_primary_group,56,1.0935585615572319,33,0.02006481676888483,False,False,False
2943,Tm5b,1.0451830999968248,15.0,False,0,nonempty_primary_group,57,1.045183099996825,15,2.220446049250313e-16,True,True,True
2944,Tm5b,0.6287241478469532,12.0,False,0,nonempty_primary_group,58,0.40386569259591576,17,0.22485845525103743,False,False,False
2945,Tm5b,3.060739379441467,33.0,True,0,nonempty_primary_group,59,3.060739379441467,33,0.0,True,True,True
2946,Tm5b,2.8577923130213567,9.0,True,0,nonempty_primary_group,60,2.8577923130213567,9,0.0,True,True,True
2947,Tm5b,2.5999424282911545,26.0,True,0,nonempty_primary_group,61,2.5999424282911545,26,0.0,True,True,True
2948,Tm5b,1.4456174347948056,1.0,True,0,nonempty_primary_group,62,1.4456174347948052,1,4.440892098500626e-16,True,True,True
2949,Tm5b,1.7829063304005126,28.0,False,0,nonempty_primary_group,63,1.6207732678324562,29,0.16213306256805637,False,False,False
2950,Tm5b,2.36939738027045,40.0,False,0,nonempty_primary_group,64,2.432656958365267,39,0.06325957809481686,False,False,False
2951,Tm5b,1.97308474164632,5.0,False,0,nonempty_primary_group,65,1.7524366411222543,6,0.2206481005240657,False,False,False
2952,Tm5b,0.9917586472648791,5.0,True,0,nonempty_primary_group,66,0.991758647264879,5,1.1102230246251565e-16,True,True,True
2953,Tm5b,3.98876355067943,23.0,True,0,nonempty_primary_group,67,3.98876355067943,23,0.0,True,True,True
2954,Tm5b,0.8428237133072434,49.0,True,0,nonempty_primary_group,68,0.8428237133072433,49,1.1102230246251565e-16,True,True,True
2955,Tm5b,0.8093942586219732,2.0,False,0,nonempty_primary_group,69,0.5959254516330773,3,0.21346880698889592,False,False,False
2956,Tm5b,0.5707702370741418,1.0,True,0,nonempty_primary_group,70,0.5707702370741415,1,2.220446049250313e-16,True,True,True
2957,Tm5b,2.7977743984477934,17.0,True,0,nonempty_primary_group,71,2.797774398447794,17,4.440892098500626e-16,True,True,True
2958,Tm5b,1.5657647893874727,26.0,False,0,nonempty_primary_group,72,1.743826226512038,24,0.17806143712456524,False,False,False
2959,Tm5b,0.23945142381249718,4.0,False,0,nonempty_primary_group,73,0.23945142381249718,4,0.0,True,True,True
2960,Tm5b,1.0530691186898313,1.0,True,0,nonempty_primary_group,76,1.0530691186898316,1,2.220446049250313e-16,True,True,True
2961,Tm5b,0.6487280697847216,6.0,False,0,nonempty_primary_group,77,0.7737961858410403,7,0.12506811605631862,False,False,False
2962,Tm5b,0.19869559070713877,4.0,True,0,nonempty_primary_group,78,0.19869559070713871,4,5.551115123125783e-17,True,True,True
2963,Tm5b,0.301615103980074,9.0,False,0,nonempty_primary_group,79,0.23572218150852928,8,0.06589292247154474,False,False,False
2964,Tm5b,0.006442774367218589,23.0,True,0,nonempty_primary_group,80,0.006442774367218574,23,1.474514954580286e-17,True,True,True
2965,Tm5b,2.1712801196114233,19.0,True,0,nonempty_primary_group,81,2.1712801196114233,19,0.0,True,True,True
2966,Tm5b,2.404991087023316,41.0,True,0,nonempty_primary_group,82,2.404991087023316,41,0.0,True,True,True
2967,Tm5b,1.3239420451352153,8.0,False,0,nonempty_primary_group,83,1.0793096698890272,9,0.24463237524618808,False,False,False
2968,Tm5b,0.6141799249418048,1.0,True,0,nonempty_primary_group,84,0.614179924941805,1,1.1102230246251565e-16,True,True,True
2969,Tm5b,1.1574347146669055,32.0,False,0,nonempty_primary_group,85,1.188026308602621,31,0.030591593935715533,False,False,False
2970,Tm5b,1.7007687767650204,7.0,False,0,nonempty_primary_group,87,1.8576611122759057,2,0.15689233551088533,False,False,False
2971,Tm5b,1.2495524264383866,12.0,False,0,nonempty_primary_group,88,0.8720222838221006,17,0.37753014261628604,False,False,False
2972,Tm5b,-0.05707115578517141,26.0,True,0,nonempty_primary_group,89,-0.057071155785171426,26,1.3877787807814457e-17,True,True,True
2973,Tm5b,0.07291131147070774,15.0,True,0,nonempty_primary_group,90,0.07291131147070776,15,1.3877787807814457e-17,True,True,True
2974,Tm5b,0.9453304896753443,1.0,True,0,nonempty_primary_group,91,0.9453304896753442,1,1.1102230246251565e-16,True,True,True
2975,Tm5b,1.4972505820807782,33.0,True,0,nonempty_primary_group,92,1.497250582080778,33,2.220446049250313e-16,True,True,True
2976,Tm5b,2.3282353350083747,49.0,True,0,nonempty_primary_group,93,2.328235335008374,49,4.440892098500626e-16,True,True,True
2977,Tm5b,1.3779738619230038,64.0,False,0,nonempty_primary_group,94,1.3089119507502158,63,0.06906191117278793,False,False,False
2978,Tm5b,0.5344061853909907,1.0,True,0,nonempty_primary_group,95,0.5344061853909907,1,0.0,True,True,True
2979,Tm5b,0.49825182835169884,3.0,True,0,nonempty_primary_group,96,0.49825182835169873,3,1.1102230246251565e-16,True,True,True
2980,Tm5b,0.45039301022679645,46.0,False,0,nonempty_primary_group,97,0.4278431191548344,45,0.022549891071962036,False,False,False
2981,Tm5b,-0.5730474454372567,4.0,True,0,nonempty_primary_group,98,-0.5730474454372566,4,1.1102230246251565e-16,True,True,True
2982,Tm5b,0.3024268230921299,49.0,True,0,nonempty_primary_group,99,0.3024268230921299,49,0.0,True,True,True
2983,Tm5b,0.49570144871313465,30.0,False,0,nonempty_primary_group,100,0.4540400343387154,28,0.041661414374419226,False,False,False
2984,Tm5b,-1.5191840374794483,1.0,True,0,nonempty_primary_group,101,-1.519184037479448,1,2.220446049250313e-16,True,True,True
2985,Tm5b,0.003609062788446124,3.0,True,0,nonempty_primary_group,102,0.0036090627884461934,3,6.938893903907228e-17,True,True,True
2986,Tm5b,2.30034700939736,26.0,True,0,nonempty_primary_group,103,2.30034700939736,26,0.0,True,True,True
2987,Tm5b,2.292425763294149,33.0,True,0,nonempty_primary_group,104,2.2924257632941494,33,4.440892098500626e-16,True,True,True
2988,Tm5b,2.0686524750179704,5.0,False,0,nonempty_primary_group,105,2.157571347358634,6,0.08891887234066376,False,False,False
2989,Tm5b,2.165014887129576,15.0,True,0,nonempty_primary_group,106,2.1650148871295767,15,8.881784197001252e-16,True,True,True
2990,Tm5b,0.6703399576954636,1.0,True,0,nonempty_primary_group,107,0.6703399576954638,1,2.220446049250313e-16,True,True,True
2991,Tm5b,2.8260694683021095,3.0,True,0,nonempty_primary_group,108,2.82606946830211,3,4.440892098500626e-16,True,True,True
2992,Tm5b,1.5955512453961376,17.0,True,0,nonempty_primary_group,109,1.595551245396138,17,4.440892098500626e-16,True,True,True
2993,Tm5b,-0.25145216736801734,12.0,False,0,nonempty_primary_group,110,-0.25145216736801734,12,0.0,True,True,True
2994,Tm5b,0.020118618199426792,75.0,True,0,nonempty_primary_group,111,0.020118618199426796,75,3.469446951953614e-18,True,True,True
2995,Tm5b,0.4185867009433684,27.0,False,0,nonempty_primary_group,112,0.24052679663022064,23,0.17805990431314778,False,False,False
2996,Tm5b,0.23142475204342294,46.0,False,0,nonempty_primary_group,113,0.24275697915412564,43,0.011332227110702697,False,False,False
2997,Tm5b,1.3266385528274613,8.0,False,0,nonempty_primary_group,114,0.9736737879497933,9,0.35296476487766804,False,False,False
2998,Tm5b,0.0884250221651451,2.0,False,0,nonempty_primary_group,115,-0.05099792265087213,3,0.13942294481601722,False,False,False
2999,Tm5b,0.2673842872026661,16.0,False,0,nonempty_primary_group,116,0.07800215724307001,21,0.18938212995959608,False,False,False
3000,Tm5b,0.2856585488742001,9.0,False,0,nonempty_primary_group,117,0.25923400094845056,8,0.026424547925749553,False,False,False
3001,Tm5b,0.07387309173095628,28.0,True,0,nonempty_primary_group,118,0.07387309173095631,28,2.7755575615628914e-17,True,True,True
3002,Tm5b,0.1750790080274624,1.0,True,0,nonempty_primary_group,119,0.17507900802746224,1,1.6653345369377348e-16,True,True,True
3003,Tm5b,0.25247755729672977,39.0,False,0,nonempty_primary_group,120,0.23205555292085384,40,0.020422004375875935,False,False,False
3004,Tm5b,-0.08551177395397945,8.0,False,0,nonempty_primary_group,121,-0.08551177395397944,8,1.3877787807814457e-17,True,True,True
3005,Tm5b,-0.2082544949572546,41.0,True,0,nonempty_primary_group,122,-0.20825449495725454,41,5.551115123125783e-17,True,True,True
3006,Tm5b,1.2603361379771651,1.0,True,0,nonempty_primary_group,123,1.260336137977165,1,2.220446049250313e-16,True,True,True
3007,Tm5b,0.6239006277023594,9.0,True,0,nonempty_primary_group,124,0.6239006277023594,9,0.0,True,True,True
3008,Tm5b,0.26129126622525467,50.0,True,0,nonempty_primary_group,125,0.26129126622525467,50,0.0,True,True,True
3009,Tm5b,0.6090065999933498,41.0,True,0,nonempty_primary_group,126,0.6090065999933498,41,0.0,True,True,True
3010,Tm5b,0.09592275795930996,9.0,True,0,nonempty_primary_group,127,0.09592275795931002,9,5.551115123125783e-17,True,True,True
3011,Tm5b,-0.1187720320917641,1.0,True,0,nonempty_primary_group,128,-0.11877203209176401,1,8.326672684688674e-17,True,True,True
3012,Tm5b,0.16866374995511232,1.0,True,0,nonempty_primary_group,129,0.16866374995511224,1,8.326672684688674e-17,True,True,True
3013,Tm5b,0.019950219531533937,7.0,False,0,nonempty_primary_group,130,0.3047318473670758,8,0.2847816278355419,False,False,False
3014,Tm5b,-0.18217411568201922,7.0,False,0,nonempty_primary_group,131,-0.004036972109363317,8,0.1781371435726559,False,False,False
3015,Tm5b,0.709277770437109,4.0,True,0,nonempty_primary_group,132,0.7092777704371092,4,1.1102230246251565e-16,True,True,True
3016,Tm5b,0.4493270048963896,4.0,True,0,nonempty_primary_group,133,0.44932700489638966,4,5.551115123125783e-17,True,True,True
3017,Tm5b,1.2988731741804063,1.0,True,0,nonempty_primary_group,134,1.2988731741804067,1,4.440892098500626e-16,True,True,True
3018,Tm5b,1.0104507400589695,1.0,True,0,nonempty_primary_group,135,1.0104507400589695,1,0.0,True,True,True
3019,Tm5b,0.49191460393559494,5.0,False,0,nonempty_primary_group,136,0.4629836656187041,6,0.028930938316890864,False,False,False
3020,Tm5b,0.14890818767579952,5.0,False,0,nonempty_primary_group,137,-0.07214852811372709,6,0.22105671578952663,False,False,False
3021,Tm5b,-0.16670422609833296,4.0,False,0,nonempty_primary_group,138,-0.1667042260983329,4,5.551115123125783e-17,True,True,True
3022,Tm5b,0.2519390448847813,9.0,False,0,nonempty_primary_group,139,0.4638981777498857,8,0.21195913286510437,False,False,False
3023,Tm5b,0.28394769829026434,9.0,False,0,nonempty_primary_group,140,0.38610963606944965,8,0.10216193777918531,False,False,False
3024,Tm5b,0.6515279689696768,14.0,False,0,nonempty_primary_group,141,0.8295218282102227,19,0.1779938592405459,False,False,False
3025,Tm5b,0.6744298013307574,14.0,False,0,nonempty_primary_group,142,0.6190014093036733,19,0.05542839202708405,False,False,False
3026,Tm5b,-0.021094914036421157,19.0,True,0,nonempty_primary_group,143,-0.021094914036421174,19,1.734723475976807e-17,True,True,True
3027,Tm5b,-0.855388013569972,2.0,True,0,nonempty_primary_group,144,-0.8553880135699719,2,1.1102230246251565e-16,True,True,True
3028,Tm5b,0.07833350108706691,11.0,False,0,nonempty_primary_group,145,0.5593276530942016,6,0.4809941520071347,False,False,False
3029,Tm5b,0.34415830235252365,50.0,True,0,nonempty_primary_group,146,0.3441583023525236,50,5.551115123125783e-17,True,True,True
3030,Tm5b,1.7445148719508439,8.0,False,0,nonempty_primary_group,147,1.6215973519008018,9,0.12291752005004208,False,False,False
3031,Tm5b,-0.15267200033241118,34.0,False,0,nonempty_primary_group,148,0.010063302508333835,34,0.16273530284074503,False,True,False
3032,Tm5b,0.13808167245987565,13.0,False,0,nonempty_primary_group,149,0.4515250074158449,18,0.3134433349559692,False,False,False
3033,Tm5b,1.1446378793934784,8.0,False,0,nonempty_primary_group,150,1.0519069353044128,9,0.09273094408906557,False,False,False
3034,Tm5b,2.1928598039464484,19.0,True,0,nonempty_primary_group,151,2.192859803946449,19,4.440892098500626e-16,True,True,True
3035,Tm5b,0.06140383034976652,14.0,False,0,nonempty_primary_group,152,0.34258628249393824,10,0.2811824521441717,False,False,False
3036,Tm5b,0.8887949375063882,4.0,True,0,nonempty_primary_group,153,0.8887949375063882,4,0.0,True,True,True
3037,Tm5b,0.7389886282845218,15.0,True,0,nonempty_primary_group,154,0.7389886282845218,15,0.0,True,True,True
3038,Tm5b,0.7558253601869499,19.0,True,0,nonempty_primary_group,155,0.7558253601869498,19,1.1102230246251565e-16,True,True,True
3039,Tm5b,1.2332573860853846,13.0,False,0,nonempty_primary_group,156,0.8722205070956961,18,0.3610368789896885,False,False,False
3040,Tm5b,1.6401592980588824,3.0,True,0,nonempty_primary_group,157,1.6401592980588822,3,2.220446049250313e-16,True,True,True
3041,Tm5b,0.9552497060736148,9.0,False,0,nonempty_primary_group,158,1.1495527433231076,8,0.19430303724949283,False,False,False
3042,Tm5b,0.7779459919895299,26.0,False,0,nonempty_primary_group,159,0.8969382896580438,24,0.11899229766851394,False,False,False
3043,Tm5b,0.761868778497781,17.0,True,0,nonempty_primary_group,160,0.7618687784977809,17,1.1102230246251565e-16,True,True,True
3044,Tm5b,0.5258663592117371,33.0,True,0,nonempty_primary_group,161,0.5258663592117371,33,0.0,True,True,True
3045,Tm5b,-0.2306507312150216,1.0,True,0,nonempty_primary_group,162,-0.23065073121502155,1,5.551115123125783e-17,True,True,True
3046,Tm5b,-0.02147741933579908,62.0,False,0,nonempty_primary_group,163,-0.1416733903470094,60,0.12019597101121032,False,False,False
3047,Tm5b,0.7141677225376576,6.0,True,0,nonempty_primary_group,164,0.7141677225376574,6,2.220446049250313e-16,True,True,True
3048,Tm5b,1.0294696393930687,6.0,True,0,nonempty_primary_group,165,1.0294696393930691,6,4.440892098500626e-16,True,True,True
3049,Tm5b,0.17390505607587844,1.0,True,0,nonempty_primary_group,166,0.1739050560758788,1,3.608224830031759e-16,True,True,True
3050,Tm5b,1.8045049682302126,5.0,False,0,nonempty_primary_group,167,1.6968747537030628,4,0.10763021452714971,False,False,False
3051,Tm5b,0.08550282203421476,59.0,True,0,nonempty_primary_group,168,0.08550282203421476,59,0.0,True,True,True
3052,Tm5b,0.1573193625096037,11.0,False,0,nonempty_primary_group,169,-0.008894206798268689,14,0.1662135693078724,False,False,False
3053,Tm5b,1.6909075286230768,41.0,False,0,nonempty_primary_group,170,1.6644397195253495,42,0.02646780909772728,False,False,False
3054,Tm5b,0.10007554572121682,7.0,False,0,nonempty_primary_group,171,0.1325915398579427,2,0.03251599413672587,False,False,False
3055,Tm5b,0.05118788520932178,11.0,False,0,nonempty_primary_group,172,0.11560543980379262,16,0.06441755459447085,False,False,False
3056,Tm5b,2.167216940330653,5.0,True,0,nonempty_primary_group,173,2.167216940330653,5,0.0,True,True,True
3057,Tm5b,0.010900902744086729,41.0,True,0,nonempty_primary_group,174,0.010900902744086735,41,6.938893903907228e-18,True,True,True
3058,Tm5b,0.9351752900408025,5.0,True,0,nonempty_primary_group,175,0.9351752900408024,5,1.1102230246251565e-16,True,True,True
3059,Tm5b,0.36305292632287306,69.0,True,0,nonempty_primary_group,177,0.3630529263228731,69,5.551115123125783e-17,True,True,True
3060,Tm5b,0.2930046752368661,8.0,False,0,nonempty_primary_group,178,0.28683181099611854,9,0.006172864240747533,False,False,False
3061,Tm5b,0.10716419572900503,1.0,True,0,nonempty_primary_group,179,0.10716419572900504,1,1.3877787807814457e-17,True,True,True
3062,Tm5b,1.4819942791006242,35.0,False,0,nonempty_primary_group,180,1.5244865056694763,34,0.0424922265688521,False,False,False
3063,Tm5b,-0.1942070524508853,26.0,False,0,nonempty_primary_group,182,-0.27980307696664375,24,0.08559602451575846,False,False,False
3064,Tm5b,0.993811913103821,41.0,False,0,nonempty_primary_group,183,1.006076321399347,35,0.012264408295526108,False,False,False
3065,Tm5b,0.1709659656379199,10.0,True,0,nonempty_primary_group,184,0.1709659656379199,10,0.0,True,True,True
3066,Tm5b,3.477795141805936,1.0,True,0,nonempty_primary_group,185,3.4777951418059363,1,4.440892098500626e-16,True,True,True
3067,Tm5b,1.664840835752693,73.0,False,0,nonempty_primary_group,186,1.6168013656211138,74,0.048039470131579165,False,False,False
3068,Tm5b,0.5223808485324116,16.0,False,0,nonempty_primary_group,187,0.2329259173192816,21,0.28945493121313004,False,False,False
3069,Tm5b,0.2638016795288719,9.0,False,0,nonempty_primary_group,188,0.37963546185896546,8,0.11583378233009356,False,False,False
3070,Tm5b,1.1387671057191293,17.0,True,0,nonempty_primary_group,189,1.1387671057191295,17,2.220446049250313e-16,True,True,True
3071,Tm5b,2.4456073448993902,68.0,True,0,nonempty_primary_group,190,2.445607344899391,68,8.881784197001252e-16,True,True,True
3072,Tm5b,0.6728119346582352,3.0,False,0,nonempty_primary_group,191,0.7427463670323761,4,0.06993443237414088,False,False,False
3073,Tm5b,-0.5134323515369554,4.0,False,0,nonempty_primary_group,192,-0.5134323515369557,4,2.220446049250313e-16,True,True,True
3074,Tm5b,0.18413165433922957,41.0,True,0,nonempty_primary_group,193,0.1841316543392296,41,2.7755575615628914e-17,True,True,True
3075,Tm5b,0.2810390056354173,9.0,False,0,nonempty_primary_group,194,0.44442747914951264,8,0.16338847351409536,False,False,False
3076,Tm5b,0.9561108853749593,49.0,True,0,nonempty_primary_group,195,0.9561108853749593,49,0.0,True,True,True
3077,Tm5b,1.7306683022305087,17.0,True,0,nonempty_primary_group,196,1.7306683022305092,17,4.440892098500626e-16,True,True,True
3078,Tm5b,-0.060813137894223,8.0,False,0,nonempty_primary_group,197,-0.10324502349392034,9,0.04243188559969734,False,False,False
3079,Tm5b,-0.07788040035194911,2.0,False,0,nonempty_primary_group,198,-0.07788040035194921,2,9.71445146547012e-17,True,True,True
3080,Tm5b,0.7911773317253319,2.0,False,0,nonempty_primary_group,199,0.7911773317253308,2,1.1102230246251565e-15,True,True,True
3081,Tm5b,1.9393386810543927,41.0,True,0,nonempty_primary_group,200,1.9393386810543927,41,0.0,True,True,True
3082,Tm5b,2.2118024826640617,41.0,True,0,nonempty_primary_group,201,2.2118024826640617,41,0.0,True,True,True
3083,Tm5b,0.19102844867150934,1.0,True,0,nonempty_primary_group,202,0.1910284486715096,1,2.498001805406602e-16,True,True,True
3084,Tm5b,1.9695032753739945,8.0,False,0,nonempty_primary_group,203,1.1243146312363648,13,0.8451886441376297,False,False,False
3085,Tm5b,0.5945439743836207,8.0,False,0,nonempty_primary_group,204,0.7221579060186989,13,0.12761393163507817,False,False,False
3086,Tm5b,-0.08794908015623525,16.0,True,0,nonempty_primary_group,205,-0.08794908015623525,16,0.0,True,True,True
3087,Tm5b,-1.5060184582728688,1.0,False,0,nonempty_primary_group,207,-1.5060184582728686,1,2.220446049250313e-16,True,True,True
3088,Tm5b,1.4802789071027596,9.0,False,0,nonempty_primary_group,208,1.601730082722265,8,0.12145117561950536,False,False,False
3089,Tm5b,1.063739080203344,9.0,False,0,nonempty_primary_group,209,1.2697538051527943,8,0.2060147249494504,False,False,False
3090,Tm5b,-0.4470526785045788,9.0,False,0,nonempty_primary_group,210,-0.45214568053428017,8,0.005093002029701366,False,False,False
3091,Tm5b,0.7231934917908838,30.0,False,0,nonempty_primary_group,211,0.8517719118595106,28,0.12857842006862685,False,False,False
3092,Tm5b,2.4221071892892065,59.0,True,0,nonempty_primary_group,212,2.422107189289206,59,4.440892098500626e-16,True,True,True
3093,Tm5b,1.0044964708803856,4.0,True,0,nonempty_primary_group,213,1.0044964708803856,4,0.0,True,True,True
3094,Tm5b,-0.17836444201330753,33.0,True,0,nonempty_primary_group,214,-0.1783644420133075,33,2.7755575615628914e-17,True,True,True
3095,Tm5b,0.29790892094545857,12.0,False,0,nonempty_primary_group,215,0.1807897827885267,7,0.11711913815693187,False,False,False
3096,Tm5b,0.7930254585730621,12.0,False,0,nonempty_primary_group,216,0.6114832222597207,7,0.18154223631334132,False,False,False
3097,Tm5b,0.6244555056385499,8.0,False,0,nonempty_primary_group,217,0.613555140276766,9,0.010900365361783848,False,False,False
3098,Tm5b,-0.3115629890904585,8.0,False,0,nonempty_primary_group,218,-0.09231422783146115,9,0.21924876125899734,False,False,False
3099,Tm5b,0.12623876049871804,60.0,True,0,nonempty_primary_group,219,0.12623876049871802,60,2.7755575615628914e-17,True,True,True
3100,Tm5b,0.3233714666757031,60.0,True,0,nonempty_primary_group,220,0.3233714666757031,60,0.0,True,True,True
3101,Tm5b,0.3581816609890378,82.0,True,0,nonempty_primary_group,221,0.35818166098903775,82,5.551115123125783e-17,True,True,True
3102,Tm5b,0.8643082909709535,60.0,False,0,nonempty_primary_group,222,0.920634514658689,61,0.05632622368773543,False,False,False
3103,Tm5b,2.085737870647392,1.0,True,0,nonempty_primary_group,223,2.0857378706473924,1,4.440892098500626e-16,True,True,True
3104,Tm5b,0.881856700112726,1.0,True,0,nonempty_primary_group,224,0.8818567001127251,1,8.881784197001252e-16,True,True,True
3105,Tm5b,0.1452043347175667,49.0,True,0,nonempty_primary_group,225,0.1452043347175667,49,0.0,True,True,True
3106,Tm5b,0.964287544257943,46.0,False,0,nonempty_primary_group,226,1.0859021321695956,41,0.12161458791165258,False,False,False
3107,Tm5b,0.5630532593769514,46.0,False,0,nonempty_primary_group,227,0.6276520584409568,41,0.06459879906400545,False,False,False
3108,Tm5b,0.21129814190577115,19.0,True,0,nonempty_primary_group,228,0.2112981419057711,19,5.551115123125783e-17,True,True,True
3109,Tm5b,0.4416570039779774,19.0,True,0,nonempty_primary_group,229,0.44165700397797747,19,5.551115123125783e-17,True,True,True
3110,Tm5b,0.7838749342632635,2.0,False,0,nonempty_primary_group,230,0.7838749342632636,2,1.1102230246251565e-16,True,True,True
3111,Tm5b,3.0110421070754576,41.0,True,0,nonempty_primary_group,231,3.0110421070754576,41,0.0,True,True,True
3112,Tm5b,-0.0005231481184286528,1.0,False,0,nonempty_primary_group,232,-0.5092837473378229,2,0.5087605992193942,False,False,False
3113,Tm5b,0.3023740390347635,39.0,False,0,nonempty_primary_group,233,0.24663376258995623,40,0.05574027644480728,False,False,False
3114,Tm5b,0.7325932038547235,35.0,False,0,nonempty_primary_group,234,0.7337499337829358,34,0.0011567299282123633,False,False,False
3115,Tm5b,-0.11075399419069562,3.0,False,0,nonempty_primary_group,235,-0.06614000210393381,2,0.04461399208676181,False,False,False
3116,Tm5b,1.21800771754443,8.0,True,0,nonempty_primary_group,236,1.21800771754443,8,0.0,True,True,True
3117,Tm5b,-0.08548525662350946,1.0,True,0,nonempty_primary_group,237,-0.08548525662350942,1,4.163336342344337e-17,True,True,True
3118,Tm5b,0.7689425198832736,1.0,False,0,nonempty_primary_group,238,0.3107597097553105,3,0.4581828101279631,False,False,False
3119,Tm5b,0.5003731401706357,9.0,True,0,nonempty_primary_group,239,0.5003731401706357,9,0.0,True,True,True
3120,Tm5b,0.14652090347411365,19.0,True,0,nonempty_primary_group,240,0.1465209034741136,19,5.551115123125783e-17,True,True,True
3121,Tm5b,2.0066646915134574,7.0,True,0,nonempty_primary_group,241,2.0066646915134574,7,0.0,True,True,True
3122,Tm5b,-0.3470486356309018,16.0,False,0,nonempty_primary_group,242,-0.2336618194823145,21,0.11338681614858734,False,False,False
3123,Tm5b,-0.33497159445376246,9.0,False,0,nonempty_primary_group,243,-0.3602944439284105,8,0.025322849474648024,False,False,False
3124,Tm5b,0.10965228487471246,58.0,False,0,nonempty_primary_group,244,0.08459569235078421,56,0.02505659252392825,False,False,False
3125,Tm5b,0.19852804280188302,4.0,True,0,nonempty_primary_group,245,0.19852804280188308,4,5.551115123125783e-17,True,True,True
3126,Tm5b,0.23185517856026863,14.0,False,0,nonempty_primary_group,246,0.23185517856026866,14,2.7755575615628914e-17,True,True,True
3127,Tm5b,-0.19713665636667752,14.0,False,0,nonempty_primary_group,247,-0.1971366563666775,14,2.7755575615628914e-17,True,True,True
3128,Tm5b,0.4760786505341395,3.0,True,0,nonempty_primary_group,248,0.4760786505341393,3,2.220446049250313e-16,True,True,True
3129,Tm5b,-0.0626404176683433,9.0,False,0,nonempty_primary_group,249,0.01995505476539118,8,0.08259547243373448,False,False,False
3130,Tm5b,1.7748885752419647,9.0,False,0,nonempty_primary_group,250,1.7096217791134576,8,0.06526679612850717,False,False,False
3131,Tm5b,-0.055754904187972576,28.0,True,0,nonempty_primary_group,251,-0.055754904187972576,28,0.0,True,True,True
3132,Tm5b,3.0866827082645854,9.0,True,0,nonempty_primary_group,252,3.0866827082645854,9,0.0,True,True,True
3133,Tm5b,1.5967995131255481,41.0,False,0,nonempty_primary_group,253,1.5465552818618726,43,0.0502442312636755,False,False,False
3134,Tm5b,-0.6492213116728551,1.0,False,0,nonempty_primary_group,254,0.39831771353871614,2,1.0475390252115713,False,False,False
3135,Tm5b,1.4246288630384447,9.0,True,0,nonempty_primary_group,255,1.4246288630384445,9,2.220446049250313e-16,True,True,True
3136,Tm5b,0.3855995689372869,1.0,True,0,nonempty_primary_group,256,0.38559956893728664,1,2.7755575615628914e-16,True,True,True
3137,Tm5b,0.6544594685413789,32.0,False,0,nonempty_primary_group,257,0.5712087217528481,33,0.08325074678853084,False,False,False
3138,Tm5b,1.512776943038288,8.0,True,0,nonempty_primary_group,258,1.5127769430382882,8,2.220446049250313e-16,True,True,True
3139,Tm5b,0.03476404270912208,59.0,True,0,nonempty_primary_group,259,0.03476404270912209,59,6.938893903907228e-18,True,True,True
3140,Tm5b,0.05453275255677538,80.0,False,0,nonempty_primary_group,260,-0.10425848311879117,75,0.15879123567556655,False,False,False
3141,Tm5b,0.12565868332205538,80.0,False,0,nonempty_primary_group,261,0.14131828351459952,75,0.015659600192544143,False,False,False
3142,Tm5b,0.8389639320464936,15.0,False,0,nonempty_primary_group,262,0.8389639320464934,15,1.1102230246251565e-16,True,True,True
3143,Tm5b,0.28494515376305796,26.0,False,0,nonempty_primary_group,263,0.4518697031270427,24,0.16692454936398476,False,False,False
3144,Tm5b,1.8362871204938662,17.0,True,0,nonempty_primary_group,264,1.8362871204938662,17,0.0,True,True,True
3145,Tm5b,2.0183742258319346,12.0,False,0,nonempty_primary_group,265,1.8794188915788073,17,0.13895533425312734,False,False,False
3146,Tm5b,1.9173395029827363,1.0,True,0,nonempty_primary_group,266,1.9173395029827365,1,2.220446049250313e-16,True,True,True
3147,Tm5b,0.4019085940821591,32.0,False,0,nonempty_primary_group,267,0.4374092153829067,31,0.035500621300747603,False,False,False
3148,Tm5b,0.1400852064158764,316.0,False,0,nonempty_primary_group,268,0.15680622929137694,316,0.016721022875500535,False,True,False
3149,Tm5b,-0.1490730308714712,9.0,True,0,nonempty_primary_group,269,-0.14907303087147122,9,2.7755575615628914e-17,True,True,True
3150,Tm5b,-0.4994105664891061,9.0,True,0,nonempty_primary_group,270,-0.4994105664891062,9,1.1102230246251565e-16,True,True,True
3151,Tm5b,3.953696942791175,23.0,True,0,nonempty_primary_group,273,3.9536969427911743,23,4.440892098500626e-16,True,True,True
3152,Tm5b,1.7344331575369927,26.0,False,0,nonempty_primary_group,274,1.7344254782872761,24,7.679249716563419e-06,False,False,False
3153,Tm5b,1.9056127248839256,64.0,False,0,nonempty_primary_group,275,1.89155264071239,63,0.014060084171535703,False,False,False
3154,Tm5b,-0.8708050103334142,2.0,True,0,nonempty_primary_group,276,-0.8708050103334143,2,1.1102230246251565e-16,True,True,True
3155,Tm5b,-0.06954143098725839,78.0,True,0,nonempty_primary_group,277,-0.06954143098725837,78,1.3877787807814457e-17,True,True,True
3156,Tm5b,0.039263976215216774,101.0,True,0,nonempty_primary_group,278,0.039263976215216774,101,0.0,True,True,True
3157,Tm5b,0.045720324064863295,23.0,True,0,nonempty_primary_group,279,0.04572032406486328,23,1.3877787807814457e-17,True,True,True
3158,Tm5b,2.5158783503623035,82.0,True,0,nonempty_primary_group,282,2.5158783503623035,82,0.0,True,True,True
3159,Tm5b,-0.7079980533950915,8.0,False,0,nonempty_primary_group,283,-0.6156424672425512,9,0.09235558615254025,False,False,False
3160,Tm5b,-0.28772342888588065,8.0,False,0,nonempty_primary_group,284,-0.3562369184782303,9,0.06851348959234965,False,False,False
3161,Tm5b,0.46173250823171835,3.0,True,0,nonempty_primary_group,285,0.46173250823171835,3,0.0,True,True,True
3162,Tm5b,0.018722195106040396,2.0,False,0,nonempty_primary_group,286,0.015067960735147878,3,0.0036542343708925173,False,False,False
3163,Tm5b,-0.5692004553928981,1.0,True,0,nonempty_primary_group,287,-0.5692004553928982,1,1.1102230246251565e-16,True,True,True
3164,Tm5b,0.3592888141816406,1.0,True,0,nonempty_primary_group,288,0.35928881418164094,1,3.3306690738754696e-16,True,True,True
3165,Tm5b,0.556458571329168,7.0,False,0,nonempty_primary_group,289,0.7096520611836236,2,0.15319348985445558,False,False,False
3166,Tm5b,1.4538907582398626,1.0,False,0,nonempty_primary_group,290,1.4538907582398628,1,2.220446049250313e-16,True,True,True
3167,Tm5b,0.5859220348103428,5.0,False,0,nonempty_primary_group,291,0.2059563655053834,6,0.37996566930495934,False,False,False
3168,Tm5b,1.586270172321046,4.0,False,0,nonempty_primary_group,292,1.5862701723210462,4,2.220446049250313e-16,True,True,True
3169,Tm5b,2.2042505127823735,1.0,True,0,nonempty_primary_group,293,2.2042505127823735,1,0.0,True,True,True
3170,Tm5b,1.6670839532054647,9.0,False,0,nonempty_primary_group,294,1.7780139634611194,8,0.11093001025565474,False,False,False
3171,Tm5b,-0.3380147840694123,4.0,False,0,nonempty_primary_group,295,-0.33801478406941243,4,1.1102230246251565e-16,True,True,True
3172,Tm5b,0.8911514071536667,8.0,False,0,nonempty_primary_group,296,0.8911514071536666,8,1.1102230246251565e-16,True,True,True
3173,Tm5b,0.007640296641774005,82.0,True,0,nonempty_primary_group,297,0.007640296641774035,82,3.0357660829594124e-17,True,True,True
3174,Tm5b,2.010759629842456,41.0,True,0,nonempty_primary_group,298,2.010759629842456,41,0.0,True,True,True
3175,Tm5b,-0.06401460269934613,33.0,True,0,nonempty_primary_group,299,-0.0640146026993461,33,2.7755575615628914e-17,True,True,True
3176,Tm5b,0.23909948712820905,75.0,False,0,nonempty_primary_group,300,0.3746255489499597,68,0.13552606182175064,False,False,False
3177,Tm5b,0.04361102019231868,9.0,True,0,nonempty_primary_group,301,0.043611020192318696,9,1.3877787807814457e-17,True,True,True
3178,Tm5b,0.1265729233531663,58.0,True,0,nonempty_primary_group,302,0.12657292335316633,58,2.7755575615628914e-17,True,True,True
3179,Tm5b,-0.22221308714821417,8.0,False,0,nonempty_primary_group,303,-0.2003242671553844,9,0.021888819992829767,False,False,False
3180,Tm5b,0.21470195160812278,41.0,True,0,nonempty_primary_group,304,0.2147019516081228,41,2.7755575615628914e-17,True,True,True
3181,Tm5b,0.053276409276658686,6.0,True,0,nonempty_primary_group,305,0.05327640927665872,6,3.469446951953614e-17,True,True,True
3182,Tm5b,-0.27713711045040823,5.0,False,0,nonempty_primary_group,306,-0.2771371104504083,5,5.551115123125783e-17,True,True,True
3183,Tm5b,0.19344611693953176,1.0,False,0,nonempty_primary_group,307,-0.1871561362376121,3,0.38060225317714386,False,False,False
3184,Tm5b,0.3778363050138207,1.0,True,0,nonempty_primary_group,308,0.3778363050138205,1,2.220446049250313e-16,True,True,True
3185,Tm5b,-0.021928059727462267,9.0,False,0,nonempty_primary_group,309,0.16741217761355084,8,0.1893402373410131,False,False,False
3186,Tm5b,1.293771381674531,4.0,True,0,nonempty_primary_group,310,1.2937713816745315,4,4.440892098500626e-16,True,True,True
3187,Tm5b,0.08078999237450055,16.0,True,0,nonempty_primary_group,311,0.08078999237450052,16,2.7755575615628914e-17,True,True,True
3188,Tm5b,0.5058142905872104,9.0,False,0,nonempty_primary_group,312,0.33320912574721295,8,0.17260516483999744,False,False,False
3189,Tm5b,0.7170951006108854,1.0,True,0,nonempty_primary_group,313,0.7170951006108857,1,2.220446049250313e-16,True,True,True
3190,Tm5b,0.18993302554457103,1.0,True,0,nonempty_primary_group,314,0.18993302554457103,1,0.0,True,True,True
3191,Tm5b,1.18566671050849,9.0,True,0,nonempty_primary_group,315,1.1856667105084897,9,2.220446049250313e-16,True,True,True
3192,Tm5b,0.3805292613700851,9.0,True,0,nonempty_primary_group,316,0.380529261370085,9,5.551115123125783e-17,True,True,True
3193,Tm5b,0.35852282107428063,38.0,False,0,nonempty_primary_group,317,0.356451285379633,39,0.0020715356946476304,False,False,False
3194,Tm5b,0.7242872324375657,7.0,True,0,nonempty_primary_group,318,0.7242872324375657,7,0.0,True,True,True
3195,Tm5b,0.19460112437457372,7.0,True,0,nonempty_primary_group,319,0.19460112437457364,7,8.326672684688674e-17,True,True,True
3196,Tm5b,0.12424654006464245,6.0,False,0,nonempty_primary_group,320,0.36010875916468105,7,0.2358622191000386,False,False,False
3197,Tm5b,0.02571571913051254,82.0,True,0,nonempty_primary_group,321,0.025715719130512547,82,6.938893903907228e-18,True,True,True
3198,Tm5b,-0.5927900180367537,1.0,True,0,nonempty_primary_group,322,-0.5927900180367538,1,1.1102230246251565e-16,True,True,True
3199,Tm5b,-1.0613118285803262,1.0,False,0,nonempty_primary_group,323,-1.0613118285803262,1,0.0,True,True,True
3200,Tm5b,-0.2519060456668744,4.0,True,0,nonempty_primary_group,324,-0.25190604566687447,4,5.551115123125783e-17,True,True,True
3201,Tm5b,0.26655383499020546,9.0,False,0,nonempty_primary_group,325,0.3251460612841742,8,0.05859222629396876,False,False,False
3202,Tm5b,2.966399584457846,33.0,True,0,nonempty_primary_group,326,2.9663995844578452,33,8.881784197001252e-16,True,True,True
3203,Tm5b,0.05881602350725464,23.0,True,0,nonempty_primary_group,327,0.05881602350725464,23,0.0,True,True,True
3204,Tm5b,0.15870200445695487,58.0,False,0,nonempty_primary_group,328,0.25765940354766864,56,0.09895739909071377,False,False,False
3205,Tm5b,0.8379645835252008,26.0,False,0,nonempty_primary_group,329,1.1114529017923196,24,0.27348831826711884,False,False,False
3206,Tm5b,-0.23775873235783426,2.0,False,0,nonempty_primary_group,330,-0.3211320070012604,3,0.08337327464342612,False,False,False
3207,Tm5b,-0.026629417214864066,2.0,False,0,nonempty_primary_group,331,-0.40362976613268237,3,0.3770003489178183,False,False,False
3208,Tm5b,1.3442692250602164,3.0,True,0,nonempty_primary_group,332,1.3442692250602164,3,0.0,True,True,True
3209,Tm5b,0.9976179665259012,12.0,False,0,nonempty_primary_group,334,0.7941515535412838,17,0.20346641298461743,False,False,False
3210,Tm5b,0.11502972964954876,33.0,True,0,nonempty_primary_group,335,0.11502972964954875,33,1.3877787807814457e-17,True,True,True
3211,Tm5b,-0.1650153504931309,2.0,False,0,nonempty_primary_group,336,-0.10172004846531786,3,0.06329530202781304,False,False,False
3212,Tm5b,-0.7515335976160176,1.0,True,0,nonempty_primary_group,337,-0.7515335976160176,1,0.0,True,True,True
3213,Tm5b,0.02446719125351985,82.0,True,0,nonempty_primary_group,338,0.024467191253519847,82,3.469446951953614e-18,True,True,True
3214,Tm5b,-0.3784494404262954,8.0,False,0,nonempty_primary_group,340,-0.39393464117956956,9,0.015485200753274142,False,False,False
3215,Tm5b,0.1327382670226,4.0,True,0,nonempty_primary_group,341,0.13273826702260003,4,2.7755575615628914e-17,True,True,True
3216,Tm5b,2.265183170654167,60.0,True,0,nonempty_primary_group,342,2.265183170654167,60,0.0,True,True,True
3217,Tm5b,0.47889830311473774,33.0,True,0,nonempty_primary_group,343,0.47889830311473774,33,0.0,True,True,True
3218,Tm5b,-0.09594229209108315,15.0,True,0,nonempty_primary_group,344,-0.09594229209108315,15,0.0,True,True,True
3219,Tm5b,1.573928784944745,33.0,True,0,nonempty_primary_group,345,1.5739287849447452,33,2.220446049250313e-16,True,True,True
3220,Tm5b,-0.08563388853062645,26.0,True,0,nonempty_primary_group,346,-0.08563388853062645,26,0.0,True,True,True
3221,Tm5b,-0.15986293396691595,1.0,True,0,nonempty_primary_group,347,-0.15986293396691575,1,1.942890293094024e-16,True,True,True
3222,Tm5b,-0.2377086762775194,3.0,True,0,nonempty_primary_group,348,-0.23770867627751938,3,2.7755575615628914e-17,True,True,True
3223,Tm5b,-0.14015041468655984,15.0,False,0,nonempty_primary_group,349,-0.16805342468952697,10,0.027903010002967132,False,False,False
3224,Tm5b,0.10428805677546425,60.0,True,0,nonempty_primary_group,350,0.10428805677546428,60,2.7755575615628914e-17,True,True,True
3225,Tm5b,2.0742845471585407,1.0,True,0,nonempty_primary_group,351,2.074284547158541,1,4.440892098500626e-16,True,True,True
3226,Tm5b,0.6457512144026172,5.0,False,0,nonempty_primary_group,352,0.5454284628034606,10,0.1003227515991566,False,False,False
3227,Tm5b,0.5378524757442735,8.0,False,0,nonempty_primary_group,353,0.5300647154060708,9,0.0077877603382027205,False,False,False
3228,Tm5b,-0.03015292123447631,1.0,True,0,nonempty_primary_group,354,-0.030152921234476215,1,9.367506770274758e-17,True,True,True
3229,Tm5b,0.15401389645249058,5.0,False,0,nonempty_primary_group,356,0.0800411023287177,4,0.07397279412377289,False,False,False
3230,Tm5b,0.12074585196406838,41.0,True,0,nonempty_primary_group,357,0.12074585196406838,41,0.0,True,True,True
3231,Tm5b,0.14082688511039496,19.0,True,0,nonempty_primary_group,358,0.14082688511039493,19,2.7755575615628914e-17,True,True,True
3232,Tm5b,-0.15326441559920784,23.0,True,0,nonempty_primary_group,359,-0.15326441559920786,23,2.7755575615628914e-17,True,True,True
3233,Tm5b,0.038239302265335944,23.0,True,0,nonempty_primary_group,360,0.038239302265335944,23,0.0,True,True,True
3234,Tm5b,0.35257001657075204,9.0,False,0,nonempty_primary_group,361,0.4066510882204958,14,0.05408107164974374,False,False,False
3235,Tm5b,0.37359334423448054,9.0,False,0,nonempty_primary_group,362,0.3527474146233629,9,0.020845929611117642,False,True,False
3236,Tm5b,0.31531355999850863,75.0,False,0,nonempty_primary_group,363,0.3383401476730614,68,0.02302658767455279,False,False,False
3237,Tm5b,0.5679094963394687,1.0,True,0,nonempty_primary_group,364,0.5679094963394691,1,3.3306690738754696e-16,True,True,True
3238,Tm5b,0.025893382552708007,5.0,False,0,nonempty_primary_group,365,0.2684151002355836,6,0.24252171768287561,False,False,False
3239,Tm5b,0.912032530163067,4.0,False,0,nonempty_primary_group,366,0.9120325301630667,4,2.220446049250313e-16,True,True,True
3240,Tm5b,0.052205557169882844,91.0,True,0,nonempty_primary_group,367,0.05220555716988282,91,2.0816681711721685e-17,True,True,True
3241,Tm5b,-0.520945349017375,1.0,True,0,nonempty_primary_group,368,-0.520945349017375,1,0.0,True,True,True
3242,Tm5b,-0.005696568017247701,6.0,True,0,nonempty_primary_group,369,-0.005696568017247661,6,3.9898639947466563e-17,True,True,True
3243,Tm5b,0.4754220155497538,69.0,True,0,nonempty_primary_group,370,0.4754220155497536,69,1.6653345369377348e-16,True,True,True
3244,Tm5b,0.40338480889780326,8.0,False,0,nonempty_primary_group,371,0.3744200639823388,9,0.02896474491546447,False,False,False
3245,Tm5b,-0.40966070624733614,9.0,False,0,nonempty_primary_group,372,-0.2564648559384859,8,0.15319585030885025,False,False,False
3246,Tm5b,-0.1093278392388716,8.0,False,0,nonempty_primary_group,373,-0.2550442401582276,9,0.14571640091935598,False,False,False
3247,Tm5b,0.8190732720648358,9.0,False,0,nonempty_primary_group,374,0.7362215808441777,8,0.08285169122065816,False,False,False
3248,Tm5b,0.06555462852562598,60.0,True,0,nonempty_primary_group,375,0.06555462852562595,60,2.7755575615628914e-17,True,True,True
3249,Tm5b,0.4308887039946348,9.0,False,0,nonempty_primary_group,376,0.753765129927653,14,0.3228764259330182,False,False,False
3250,Tm5b,0.12536398141216615,46.0,False,0,nonempty_primary_group,377,0.2025221283749509,45,0.07715814696278475,False,False,False
3251,Tm5b,0.1204179058477602,1.0,True,0,empty_primary_group,378,,0,,False,False,False
3252,Tm5b,2.5091812972721286,1.0,True,0,empty_primary_group,379,,0,,False,False,False
3253,Tm5b,0.38207886821106396,1.0,True,0,empty_primary_group,380,,0,,False,False,False
3254,Tm5b,0.01579612864308894,23.0,True,0,nonempty_primary_group,381,0.015796128643088915,23,2.42861286636753e-17,True,True,True
3255,Tm5b,0.49573194415747796,3.0,True,0,nonempty_primary_group,382,0.49573194415747784,3,1.1102230246251565e-16,True,True,True
3256,Tm5b,0.22660321018699933,20.0,False,0,nonempty_primary_group,383,0.26173064792291223,21,0.0351274377359129,False,False,False
3257,Tm5b,0.2246466848730684,17.0,False,0,nonempty_primary_group,384,0.32908223034061407,18,0.10443554546754566,False,False,False
3258,Tm5b,-0.26981325884668694,26.0,False,0,nonempty_primary_group,385,-0.3787710202659163,31,0.10895776141922936,False,False,False
3259,Tm5b,-0.265616504787462,26.0,False,0,nonempty_primary_group,386,-0.19232308912823837,31,0.07329341565922365,False,False,False
3260,Tm5b,0.5435787009751465,1.0,True,0,empty_primary_group,387,,0,,False,False,False
3261,Tm5b,0.10056234129818009,11.0,False,0,nonempty_primary_group,388,0.5704234604370942,16,0.46986111913891415,False,False,False
3262,Tm5b,0.24045245762994896,39.0,False,0,nonempty_primary_group,389,0.13241073826596428,33,0.10804171936398468,False,False,False
3263,Tm5b,0.5840951694199756,39.0,False,0,nonempty_primary_group,390,0.2527794991544062,33,0.33131567026556946,False,False,False
3264,Tm5b,0.3544625592053637,11.0,False,0,nonempty_primary_group,391,0.32019519877623953,16,0.03426736042912415,False,False,False
3265,Tm5b,1.92424278002402,1.0,True,0,nonempty_primary_group,392,1.9242427800240203,1,2.220446049250313e-16,True,True,True
3266,Tm5b,1.4607943510988477,18.0,False,0,nonempty_primary_group,393,1.427103986697706,14,0.033690364401141704,False,False,False
3267,Tm5b,-0.027256697968012795,19.0,True,0,nonempty_primary_group,394,-0.027256697968012788,19,6.938893903907228e-18,True,True,True
3268,Tm5b,0.05550721930613967,19.0,True,0,nonempty_primary_group,395,0.055507219306139645,19,2.7755575615628914e-17,True,True,True
3269,Tm5b,-0.049946519164505994,4.0,True,0,nonempty_primary_group,396,-0.049946519164506,4,6.938893903907228e-18,True,True,True
3270,Tm5b,0.35110489533510963,4.0,True,0,nonempty_primary_group,397,0.3511048953351097,4,5.551115123125783e-17,True,True,True
3271,Tm5b,0.24550686957240764,11.0,False,0,nonempty_primary_group,398,0.19607708519855804,14,0.049429784373849595,False,False,False
3272,Tm5b,2.273367910739848,41.0,True,0,nonempty_primary_group,399,2.2733679107398483,41,4.440892098500626e-16,True,True,True
3273,Tm5b,0.023420940882221655,2.0,False,0,nonempty_primary_group,400,-0.11388324509138219,3,0.13730418597360383,False,False,False
3274,Tm5b,0.09791545443749984,33.0,True,0,nonempty_primary_group,401,0.09791545443749987,33,2.7755575615628914e-17,True,True,True
3275,Tm5b,0.04364256865562961,26.0,True,0,nonempty_primary_group,402,0.043642568655629606,26,6.938893903907228e-18,True,True,True
3276,Tm5b,-0.11068527647818661,26.0,True,0,nonempty_primary_group,403,-0.11068527647818664,26,2.7755575615628914e-17,True,True,True
3277,Tm5b,2.0221526279027073,8.0,False,0,nonempty_primary_group,404,2.022152627902707,8,4.440892098500626e-16,True,True,True
3278,Tm5b,0.09607198294560622,41.0,True,0,nonempty_primary_group,405,0.09607198294560622,41,0.0,True,True,True
3279,Tm5b,0.03187069729393424,11.0,False,0,nonempty_primary_group,406,0.24685358398331114,16,0.2149828866893769,False,False,False
3280,Tm5b,1.2525725584543514,9.0,False,0,nonempty_primary_group,407,1.352654186921673,8,0.1000816284673216,False,False,False
3281,Tm5b,0.40389906552172733,33.0,False,0,nonempty_primary_group,408,0.40716017715059927,32,0.0032611116288719377,False,False,False
3282,Tm5b,0.026132277949933436,33.0,False,0,nonempty_primary_group,409,0.041895473036731745,32,0.01576319508679831,False,False,False
3283,Tm5b,0.5992906735544755,85.0,False,0,nonempty_primary_group,410,0.6638540041468154,83,0.06456333059233987,False,False,False
3284,Tm5b,-0.30675228924381903,13.0,False,0,nonempty_primary_group,411,0.3389874734622962,9,0.6457397627061152,False,False,False
3285,Tm5b,0.4323875750994815,98.0,False,0,nonempty_primary_group,412,0.5961057270245014,92,0.16371815192501987,False,False,False
3286,Tm5b,0.23304421522618868,8.0,False,0,nonempty_primary_group,413,0.25003574988449134,9,0.016991534658302665,False,False,False
3287,Tm5b,0.08531242434214693,8.0,False,0,nonempty_primary_group,414,0.12342651401450401,9,0.03811408967235708,False,False,False
3288,Tm5b,0.12616530908268664,26.0,True,0,nonempty_primary_group,415,0.12616530908268667,26,2.7755575615628914e-17,True,True,True
3289,Tm5b,0.09002386454827185,56.0,True,0,nonempty_primary_group,416,0.09002386454827185,56,0.0,True,True,True
3290,Tm5b,0.1381671772679953,82.0,True,0,nonempty_primary_group,417,0.13816717726799532,82,2.7755575615628914e-17,True,True,True
3291,Tm5b,0.49811343212179265,3.0,True,0,nonempty_primary_group,418,0.49811343212179277,3,1.1102230246251565e-16,True,True,True
3292,Tm5b,0.07524538050876602,33.0,True,0,nonempty_primary_group,419,0.07524538050876599,33,2.7755575615628914e-17,True,True,True
3293,Tm5b,0.16642873627978494,19.0,True,0,nonempty_primary_group,420,0.16642873627978494,19,0.0,True,True,True
3294,Tm5b,-0.12787092892266075,19.0,True,0,nonempty_primary_group,421,-0.12787092892266072,19,2.7755575615628914e-17,True,True,True
3295,Tm5b,0.13376344321720957,11.0,False,0,nonempty_primary_group,422,0.10954485901101037,16,0.024218584206199198,False,False,False
3296,Tm5b,0.5955241996460339,11.0,False,0,nonempty_primary_group,423,0.7503687779895926,16,0.1548445783435587,False,False,False
3297,Tm5b,0.09641735974454882,43.0,False,0,nonempty_primary_group,424,0.11452311278272871,42,0.018105753038179892,False,False,False
3298,Tm5b,-0.09106943676129133,49.0,False,0,nonempty_primary_group,425,-0.1588478085668788,48,0.06777837180558748,False,False,False
3299,Tm5b,0.1588708621302442,15.0,True,0,nonempty_primary_group,426,0.15887086213024423,15,2.7755575615628914e-17,True,True,True
3300,Tm5b,-0.0021325059647154527,33.0,True,0,nonempty_primary_group,427,-0.0021325059647154506,33,2.168404344971009e-18,True,True,True
3301,Tm5b,0.16615085489691037,26.0,True,0,nonempty_primary_group,428,0.16615085489691037,26,0.0,True,True,True
3302,Tm5b,-1.2464099257606869,1.0,True,0,nonempty_primary_group,429,-1.2464099257606867,1,2.220446049250313e-16,True,True,True
3303,Tm5b,0.43975086284326564,1.0,False,0,nonempty_primary_group,430,0.4397508628432658,1,1.6653345369377348e-16,True,True,True
3304,Tm5b,0.3513143075597638,15.0,True,0,nonempty_primary_group,431,0.35131430755976384,15,5.551115123125783e-17,True,True,True
3305,Tm5b,-0.017267384729371595,23.0,True,0,nonempty_primary_group,432,-0.017267384729371598,23,3.469446951953614e-18,True,True,True
3306,Tm5b,-0.42191123256808993,8.0,False,0,nonempty_primary_group,433,-0.42191123256808993,8,0.0,True,True,True
3307,Tm5b,0.3358586433014028,38.0,False,0,nonempty_primary_group,434,0.3637191254685091,39,0.027860482167106293,False,False,False
3308,Tm5b,0.23458303046658827,41.0,True,0,nonempty_primary_group,435,0.23458303046658818,41,8.326672684688674e-17,True,True,True
3309,Tm5b,0.15494295413732512,82.0,True,0,nonempty_primary_group,438,0.15494295413732517,82,5.551115123125783e-17,True,True,True
3310,Tm5b,0.15261337419371385,26.0,True,0,nonempty_primary_group,441,0.1526133741937138,26,5.551115123125783e-17,True,True,True
3311,Tm5b,-0.11815126301008118,19.0,True,0,nonempty_primary_group,444,-0.11815126301008115,19,2.7755575615628914e-17,True,True,True
3312,Tm5b,0.17798299594444136,23.0,True,0,nonempty_primary_group,445,0.17798299594444136,23,0.0,True,True,True
3313,Tm5b,-0.05525043698596488,43.0,False,0,nonempty_primary_group,446,-0.07345709896540312,43,0.018206661979438238,False,True,False
3314,Tm5b,0.6734758194256748,26.0,False,0,nonempty_primary_group,447,1.059166700566721,24,0.3856908811410461,False,False,False
3315,Tm5b,-0.21680430028160802,13.0,False,0,nonempty_primary_group,448,-0.1621295610125014,18,0.054674739269106626,False,False,False
3316,Tm5b,0.9073184112737487,15.0,True,0,nonempty_primary_group,449,0.9073184112737488,15,1.1102230246251565e-16,True,True,True
3317,Tm5b,-0.03630479274822155,19.0,True,0,nonempty_primary_group,450,-0.03630479274822154,19,6.938893903907228e-18,True,True,True
3318,Tm5b,0.0623341360886293,43.0,False,0,nonempty_primary_group,451,0.18217257591505384,42,0.11983843982642454,False,False,False
3319,Tm5b,-0.010849096938445157,19.0,True,0,nonempty_primary_group,452,-0.010849096938445163,19,5.204170427930421e-18,True,True,True
3320,Tm5b,1.1921798105481354,32.0,False,0,nonempty_primary_group,453,1.2778211324333244,31,0.08564132188518903,False,False,False
3321,Tm5b,1.501691443062208,32.0,False,0,nonempty_primary_group,454,1.6426268122918268,31,0.1409353692296189,False,False,False
3322,Tm5b,0.5577992866152501,1.0,True,0,nonempty_primary_group,455,0.5577992866152502,1,1.1102230246251565e-16,True,True,True
3323,Tm5b,0.7841724866789607,1.0,True,0,nonempty_primary_group,456,0.7841724866789604,1,2.220446049250313e-16,True,True,True
3324,Tm5b,0.06229191576955668,19.0,True,0,nonempty_primary_group,457,0.06229191576955668,19,0.0,True,True,True
3325,Tm5b,0.0659705881958825,59.0,True,0,nonempty_primary_group,458,0.0659705881958825,59,0.0,True,True,True
3326,Tm5b,-0.2764902022827739,4.0,False,0,nonempty_primary_group,459,-0.27649020228277393,4,5.551115123125783e-17,True,True,True
3327,Tm5b,-0.6217904155077889,12.0,False,0,nonempty_primary_group,460,-0.5294903231146777,6,0.09230009239311121,False,False,False
3328,Tm5b,-0.07371476471031553,16.0,False,0,nonempty_primary_group,461,-0.3926610188472559,10,0.3189462541369404,False,False,False
3329,Tm5b,0.3023360737168848,73.0,False,0,nonempty_primary_group,462,0.2777667271883473,66,0.02456934652853754,False,False,False
3330,Tm5b,0.16704058314792042,64.0,False,0,nonempty_primary_group,463,0.17686612403585233,63,0.009825540887931916,False,False,False
3331,Tm5b,0.23973577128482923,7.0,False,0,nonempty_primary_group,464,0.0820837441271968,8,0.15765202715763244,False,False,False
3332,Tm5b,-0.14731038618369557,32.0,False,0,nonempty_primary_group,465,-0.15255003887759322,31,0.005239652693897645,False,False,False
3333,Tm5b,0.36636133419282874,2.0,True,0,nonempty_primary_group,466,0.3663613341928287,2,5.551115123125783e-17,True,True,True
3334,Tm5b,0.02906063026618875,32.0,False,0,nonempty_primary_group,467,0.027049244005135045,31,0.0020113862610537034,False,False,False
3335,Tm5b,0.5282993397882891,5.0,False,0,nonempty_primary_group,468,0.6522373311256843,6,0.12393799133739514,False,False,False
3336,Tm5b,-0.1083401641365436,4.0,False,0,nonempty_primary_group,469,-0.10834016413654354,4,5.551115123125783e-17,True,True,True
3337,Tm5b,0.9504656630029257,4.0,False,0,nonempty_primary_group,470,0.9504656630029253,4,3.3306690738754696e-16,True,True,True
3338,Tm5b,1.1875535625291405,8.0,False,0,nonempty_primary_group,471,1.0206538738045299,9,0.16689968872461058,False,False,False
3339,Tm5b,-0.882459140071325,8.0,False,0,nonempty_primary_group,472,-0.6239138795568854,9,0.2585452605144396,False,False,False
3340,Tm5b,0.39449145257220825,1.0,False,0,nonempty_primary_group,473,0.3944914525722094,1,1.1657341758564144e-15,True,True,True
3341,Tm5b,-0.8282534110293518,9.0,True,0,nonempty_primary_group,474,-0.8282534110293519,9,1.1102230246251565e-16,True,True,True
3342,Tm5b,-0.13446080470934635,9.0,True,0,nonempty_primary_group,475,-0.1344608047093464,9,5.551115123125783e-17,True,True,True
3343,Tm5b,-0.009188499193313309,75.0,True,0,nonempty_primary_group,476,-0.0091884991933133,75,8.673617379884035e-18,True,True,True
3344,Tm5b,0.12056112269878747,12.0,False,0,nonempty_primary_group,477,0.12056112269878744,12,2.7755575615628914e-17,True,True,True
3345,Tm5b,0.2057433792753922,9.0,False,0,nonempty_primary_group,478,0.12532445653812835,8,0.08041892273726386,False,False,False
3346,Tm5b,0.09791631757880215,9.0,True,0,nonempty_primary_group,479,0.09791631757880216,9,1.3877787807814457e-17,True,True,True
3347,Tm5b,-0.3439213349389601,9.0,False,0,nonempty_primary_group,480,-0.34081533472914216,8,0.0031060002098179385,False,False,False
3348,Tm5b,-0.02840724548899058,13.0,False,0,nonempty_primary_group,481,-0.19042419133962132,18,0.16201694585063076,False,False,False
3349,Tm5b,-0.2929907016256866,1.0,True,0,nonempty_primary_group,482,-0.29299070162568674,1,1.6653345369377348e-16,True,True,True
3350,Tm5b,0.7917721663836998,9.0,False,0,nonempty_primary_group,483,0.783156010614333,9,0.008616155769366807,False,True,False
3351,Tm5b,0.8918031168407682,15.0,False,0,nonempty_primary_group,484,0.8964774381635957,10,0.004674321322827524,False,False,False
3352,Tm5b,0.40534330642437666,8.0,False,0,nonempty_primary_group,485,0.3679841697678049,9,0.037359136656571756,False,False,False
3353,Tm5b,0.7492286645754334,15.0,True,0,nonempty_primary_group,486,0.7492286645754332,15,1.1102230246251565e-16,True,True,True
3354,Tm5b,1.5363875015138917,1.0,True,0,nonempty_primary_group,487,1.5363875015138917,1,0.0,True,True,True
3355,Tm5b,0.9866054389870078,3.0,True,0,nonempty_primary_group,488,0.9866054389870081,3,3.3306690738754696e-16,True,True,True
3356,Tm5b,0.5415584425174171,19.0,True,0,nonempty_primary_group,489,0.541558442517417,19,1.1102230246251565e-16,True,True,True
3357,Tm5b,0.8422808545430295,41.0,True,0,nonempty_primary_group,490,0.8422808545430296,41,1.1102230246251565e-16,True,True,True
3358,Tm5b,1.04796327586743,9.0,True,0,nonempty_primary_group,491,1.04796327586743,9,0.0,True,True,True
3359,Tm5b,2.9715851765775674,4.0,False,0,nonempty_primary_group,492,2.971585176577568,4,4.440892098500626e-16,True,True,True
3360,Tm5b,1.1231519691351146,5.0,False,0,nonempty_primary_group,493,1.2333349940648841,10,0.1101830249297695,False,False,False
3361,Tm5b,0.3899467037420539,9.0,False,0,nonempty_primary_group,494,0.45852684018072576,8,0.06858013643867183,False,False,False
3362,Tm5b,0.21355043782407224,23.0,True,0,nonempty_primary_group,495,0.2135504378240722,23,2.7755575615628914e-17,True,True,True
3363,Tm5b,-0.07663649695032805,60.0,True,0,nonempty_primary_group,496,-0.07663649695032808,60,2.7755575615628914e-17,True,True,True
3364,Tm5b,-0.10262436473011764,23.0,True,0,nonempty_primary_group,497,-0.1026243647301177,23,5.551115123125783e-17,True,True,True
3365,Tm5b,-0.3906555692988305,4.0,False,0,nonempty_primary_group,498,-0.3906555692988305,4,0.0,True,True,True
3366,Tm5b,0.2118166992169765,26.0,False,0,nonempty_primary_group,499,0.07757060194127617,24,0.1342460972757003,False,False,False
3367,Tm5b,0.5577085258460827,4.0,False,0,nonempty_primary_group,500,0.5577085258460825,4,1.1102230246251565e-16,True,True,True
3368,Tm5b,0.07693677794796781,5.0,False,0,nonempty_primary_group,501,0.0769367779479678,5,1.3877787807814457e-17,True,True,True
3369,Tm5b,0.22083897316465442,62.0,False,0,nonempty_primary_group,502,0.24373518210063372,60,0.022896208935979295,False,False,False
3370,Tm5b,1.6564036362549206,17.0,True,0,nonempty_primary_group,503,1.6564036362549206,17,0.0,True,True,True
3371,Tm5b,0.11852313009457591,1.0,True,0,nonempty_primary_group,504,0.11852313009457571,1,1.942890293094024e-16,True,True,True
3372,Tm5b,0.10004277780466408,9.0,True,0,nonempty_primary_group,505,0.10004277780466413,9,4.163336342344337e-17,True,True,True
3373,Tm5b,0.530889113377944,33.0,True,0,nonempty_primary_group,506,0.530889113377944,33,0.0,True,True,True
3374,Tm5b,0.5126148081917387,23.0,True,0,nonempty_primary_group,507,0.5126148081917388,23,1.1102230246251565e-16,True,True,True
3375,Tm5b,0.19790326794565613,26.0,True,0,nonempty_primary_group,508,0.1979032679456561,26,2.7755575615628914e-17,True,True,True
3376,Tm5b,0.024358357407900457,59.0,True,0,nonempty_primary_group,509,0.024358357407900478,59,2.0816681711721685e-17,True,True,True
3377,Tm5b,0.6535581684975541,6.0,True,0,nonempty_primary_group,510,0.653558168497554,6,1.1102230246251565e-16,True,True,True
3378,Tm5b,0.8308921846164773,7.0,False,0,nonempty_primary_group,511,0.907443614004964,8,0.07655142938848669,False,False,False
3379,Tm5b,0.7258407715494773,7.0,False,0,nonempty_primary_group,512,0.6625149099561259,8,0.0633258615933514,False,False,False
3380,Tm5b,0.07318385845268756,2.0,False,0,nonempty_primary_group,513,0.19469854838665154,3,0.12151468993396398,False,False,False
3381,Tm5b,-0.12619009993495253,4.0,False,0,nonempty_primary_group,514,-0.1261900999349526,4,5.551115123125783e-17,True,True,True
3382,Tm5b,-0.04018700816265464,26.0,True,0,nonempty_primary_group,515,-0.04018700816265465,26,6.938893903907228e-18,True,True,True
3383,Tm5b,0.203288235629338,17.0,True,0,nonempty_primary_group,516,0.20328823562933807,17,5.551115123125783e-17,True,True,True
3384,Tm5b,0.17128342984939232,19.0,True,0,nonempty_primary_group,517,0.17128342984939232,19,0.0,True,True,True
3385,Tm5b,0.11044351045607827,19.0,True,0,nonempty_primary_group,518,0.1104435104560783,19,2.7755575615628914e-17,True,True,True
3386,Tm5b,-0.6835497626876939,8.0,False,0,nonempty_primary_group,519,-0.4740914585880731,9,0.20945830409962074,False,False,False
3387,Tm5b,0.20203531248175008,19.0,False,0,nonempty_primary_group,520,-0.10599376254733764,16,0.3080290750290877,False,False,False
3388,Tm5b,0.004120411387183923,50.0,True,0,nonempty_primary_group,521,0.004120411387183949,50,2.6020852139652106e-17,True,True,True
3389,Tm5b,0.18112959148450772,3.0,False,0,nonempty_primary_group,522,0.1811295914845077,3,2.7755575615628914e-17,True,True,True
3390,Tm5b,-0.7679643242825434,8.0,False,0,nonempty_primary_group,523,-0.7723774507751664,9,0.004413126492623043,False,False,False
3391,Tm5b,-3.093794653824703,8.0,False,0,nonempty_primary_group,524,-2.520469223313405,9,0.5733254305112983,False,False,False
3392,Tm5b,0.16947518772341003,2.0,True,0,nonempty_primary_group,525,0.16947518772341008,2,5.551115123125783e-17,True,True,True
3393,Tm5b,-0.20771515189420378,11.0,True,0,nonempty_primary_group,526,-0.20771515189420378,11,0.0,True,True,True
3394,Tm5b,0.04522152112183988,28.0,True,0,nonempty_primary_group,527,0.0452215211218399,28,2.0816681711721685e-17,True,True,True
3395,Tm5b,-0.11656634363195306,28.0,True,0,nonempty_primary_group,528,-0.11656634363195306,28,0.0,True,True,True
3396,Tm5b,2.3993913291358924,9.0,False,0,nonempty_primary_group,529,2.583344570621522,8,0.18395324148562953,False,False,False
3397,Tm5b,-0.054392073016168184,44.0,False,0,nonempty_primary_group,530,-0.2059651009716513,39,0.1515730279554831,False,False,False
3398,Tm5b,-0.1697828825492293,44.0,False,0,nonempty_primary_group,531,-0.15254848898707285,39,0.017234393562156447,False,False,False
3399,Tm5b,1.4726945131153761,10.0,False,0,nonempty_primary_group,532,1.062975882280731,15,0.4097186308346452,False,False,False
3400,Tm5b,0.14031926035302963,7.0,False,0,nonempty_primary_group,533,-0.2741853447128625,12,0.41450460506589215,False,False,False
3401,Tm5b,-0.5322630084173131,7.0,False,0,nonempty_primary_group,534,-0.2229191114167219,12,0.3093438970005912,False,False,False
3402,Tm5b,-0.015609207522687019,1.0,True,0,nonempty_primary_group,535,-0.015609207522686908,1,1.1102230246251565e-16,True,True,True
3403,Tm5b,-0.009814173859445477,11.0,True,0,nonempty_primary_group,536,-0.00981417385944544,11,3.642919299551295e-17,True,True,True
3404,Tm5b,0.03442606030529722,38.0,False,0,nonempty_primary_group,537,0.04200129871434503,38,0.0075752384090478075,False,True,False
3405,Tm5b,0.1196648719861678,9.0,False,0,nonempty_primary_group,538,-0.13080578051487363,8,0.25047065250104145,False,False,False
3406,Tm5b,-0.2659444114675814,9.0,False,0,nonempty_primary_group,539,-0.3676144020891121,8,0.1016699906215307,False,False,False
3407,Tm5b,0.1822199028473705,41.0,True,0,nonempty_primary_group,540,0.18221990284737044,41,5.551115123125783e-17,True,True,True
3408,Tm5b,0.3029276285554288,36.0,False,0,nonempty_primary_group,541,0.32891543536398476,35,0.025987806808555947,False,False,False
3409,Tm5b,0.128598122918711,4.0,False,0,nonempty_primary_group,542,0.12859812291871098,4,2.7755575615628914e-17,True,True,True
3410,Tm5b,0.8098487451593368,2.0,True,0,nonempty_primary_group,543,0.8098487451593368,2,0.0,True,True,True
3411,Tm5b,0.10846598074754076,17.0,True,0,nonempty_primary_group,544,0.10846598074754074,17,1.3877787807814457e-17,True,True,True
3412,Tm5b,0.8413203350915383,10.0,False,0,nonempty_primary_group,545,0.9592253586449991,15,0.11790502355346089,False,False,False
3413,Tm5b,-1.095116638810448,7.0,False,0,nonempty_primary_group,546,-1.040370712082332,2,0.05474592672811607,False,False,False
3414,Tm5b,0.7589912881281157,18.0,True,0,nonempty_primary_group,547,0.7589912881281156,18,1.1102230246251565e-16,True,True,True
3415,Tm5b,2.5123449128093784,9.0,False,0,nonempty_primary_group,548,2.602180184601232,8,0.08983527179185335,False,False,False
3416,Tm5b,0.05013996121180859,82.0,True,0,nonempty_primary_group,549,0.05013996121180859,82,0.0,True,True,True
3417,Tm5b,0.2912190706372648,6.0,True,0,nonempty_primary_group,550,0.2912190706372648,6,0.0,True,True,True
3418,Tm5b,-0.5204182649256893,1.0,True,0,nonempty_primary_group,551,-0.5204182649256892,1,1.1102230246251565e-16,True,True,True
3419,Tm5b,0.07731876514495377,19.0,False,0,nonempty_primary_group,552,-0.3395226757796566,16,0.4168414409246104,False,False,False
3420,Tm5b,0.043739215721714464,16.0,False,0,nonempty_primary_group,553,0.43093673646286945,21,0.387197520741155,False,False,False
3421,Tm5b,-0.7134022282108798,8.0,False,0,nonempty_primary_group,554,-0.5250611765844401,9,0.18834105162643977,False,False,False
3422,Tm5b,-0.4629559211021758,1.0,True,0,nonempty_primary_group,555,-0.46295592110217587,1,5.551115123125783e-17,True,True,True
3423,Tm5b,-0.25129150189853616,39.0,False,0,nonempty_primary_group,556,-0.21763668339416078,39,0.03365481850437538,False,True,False
3424,Tm5b,0.1542704285370238,50.0,True,0,nonempty_primary_group,557,0.15427042853702383,50,2.7755575615628914e-17,True,True,True
3425,Tm5b,0.03976293629300276,50.0,True,0,nonempty_primary_group,558,0.03976293629300277,50,6.938893903907228e-18,True,True,True
3426,Tm5b,0.0239830608150875,41.0,True,0,nonempty_primary_group,559,0.023983060815087498,41,3.469446951953614e-18,True,True,True
3427,Tm5b,0.26753192805649206,28.0,False,0,nonempty_primary_group,560,0.29398183584010196,33,0.026449907783609894,False,False,False
3428,Tm5b,0.019426851239969435,11.0,True,0,nonempty_primary_group,561,0.019426851239969446,11,1.0408340855860843e-17,True,True,True
3429,Tm5b,-0.05335503701279248,5.0,False,0,nonempty_primary_group,562,-0.2686201056621791,6,0.2152650686493866,False,False,False
3430,Tm5b,-0.04309075138590278,33.0,False,0,nonempty_primary_group,563,-0.04045795040062159,32,0.0026328009852811876,False,False,False
3431,Tm5b,-0.09423462551402165,9.0,False,0,nonempty_primary_group,564,-0.07493782995541232,8,0.01929679555860933,False,False,False
3432,Tm5b,-0.25115530886461057,1.0,True,0,nonempty_primary_group,565,-0.25115530886461057,1,0.0,True,True,True
3433,Tm5b,-0.534934273359646,8.0,False,0,nonempty_primary_group,566,-0.2969847433816497,9,0.23794952997799634,False,False,False
3434,Tm5b,-0.037594634366276185,11.0,True,0,nonempty_primary_group,567,-0.037594634366276206,11,2.0816681711721685e-17,True,True,True
3435,Tm5b,-0.22854621905692443,15.0,True,0,nonempty_primary_group,568,-0.22854621905692443,15,0.0,True,True,True
3436,Tm5b,0.013874208742436943,41.0,True,0,nonempty_primary_group,569,0.01387420874243693,41,1.214306433183765e-17,True,True,True
3437,Tm5b,-0.35321425954868346,15.0,True,0,nonempty_primary_group,570,-0.3532142595486835,15,5.551115123125783e-17,True,True,True
3438,Tm5b,0.41445428533804624,5.0,False,0,nonempty_primary_group,571,0.41445428533804646,5,2.220446049250313e-16,True,True,True
3439,Tm5b,-1.0281615822795078,1.0,False,0,nonempty_primary_group,572,-1.0281615822795078,1,0.0,True,True,True
3440,Tm5b,-0.2309785315824928,4.0,False,0,nonempty_primary_group,573,-0.2309785315824928,4,0.0,True,True,True
3441,Tm5b,1.5177585207381241,1.0,True,0,empty_primary_group,574,,0,,False,False,False
3442,Tm5b,0.695806507210686,8.0,False,0,nonempty_primary_group,575,0.6195792620645105,9,0.07622724514617552,False,False,False
3443,Tm5b,-0.01617859779909486,9.0,False,0,nonempty_primary_group,576,-0.1072587649104943,8,0.09108016711139943,False,False,False
3444,Tm5b,-0.20428118376246793,9.0,False,0,nonempty_primary_group,577,-0.24465825547060882,8,0.040377071708140894,False,False,False
3445,Tm5b,-0.43209614548374814,4.0,False,0,nonempty_primary_group,578,-0.43209614548374814,4,0.0,True,True,True
3446,Tm5b,0.9696967745408954,7.0,False,0,nonempty_primary_group,579,0.963615289956214,2,0.006081484584681385,False,False,False
3447,Tm5b,-0.2569677361502813,2.0,False,0,nonempty_primary_group,580,0.03449094624098894,3,0.2914586823912702,False,False,False
3448,Tm5b,-0.9733505394762884,1.0,True,0,nonempty_primary_group,581,-0.9733505394762885,1,1.1102230246251565e-16,True,True,True
3449,Tm5b,-0.33460299567542146,2.0,False,0,nonempty_primary_group,582,-0.8923926107044625,3,0.5577896150290411,False,False,False
3450,Tm5b,-0.10262854445812133,9.0,True,0,nonempty_primary_group,583,-0.10262854445812139,9,5.551115123125783e-17,True,True,True
3451,Tm5b,-0.4574958331900446,1.0,True,0,nonempty_primary_group,584,-0.45749583319004455,1,5.551115123125783e-17,True,True,True
3452,Tm5b,-0.9131206674463027,9.0,False,0,nonempty_primary_group,585,-0.7934905431242233,8,0.11963012432207942,False,False,False
3453,Tm5b,0.36069259939276727,2.0,False,0,nonempty_primary_group,586,-1.012802761407625,3,1.3734953608003921,False,False,False
3454,Tm5b,-0.4898547314445961,8.0,False,0,nonempty_primary_group,587,-0.29121036889395846,9,0.19864436255063767,False,False,False
3455,Tm5b,0.1415286593964465,9.0,False,0,nonempty_primary_group,588,0.1415286593964465,9,0.0,True,True,True
3456,Tm5b,0.10923592942014516,10.0,False,0,nonempty_primary_group,589,0.10923592942014515,10,1.3877787807814457e-17,True,True,True
3457,Tm5b,-0.4596100683529531,9.0,False,0,nonempty_primary_group,590,-0.3781883776273348,8,0.08142169072561828,False,False,False
3458,Tm5b,0.1432788413222162,19.0,True,0,nonempty_primary_group,591,0.14327884132221613,19,5.551115123125783e-17,True,True,True
3459,Tm5b,0.0037424985582853137,1.0,True,0,nonempty_primary_group,592,0.00374249855828529,1,2.3852447794681098e-17,True,True,True
3460,Tm5b,-0.15751376027142278,2.0,True,0,nonempty_primary_group,593,-0.15751376027142278,2,0.0,True,True,True
3461,Tm5b,0.09510910497914103,23.0,True,0,nonempty_primary_group,594,0.09510910497914102,23,1.3877787807814457e-17,True,True,True
3462,Tm5b,-0.08389330908698542,19.0,True,0,nonempty_primary_group,595,-0.08389330908698538,19,4.163336342344337e-17,True,True,True
3463,Tm5b,-0.05805880046449315,30.0,False,0,nonempty_primary_group,596,-0.3217425717700584,28,0.26368377130556525,False,False,False
3464,Tm5b,0.14331523597536688,41.0,True,0,nonempty_primary_group,597,0.14331523597536686,41,2.7755575615628914e-17,True,True,True
3465,Tm5b,0.04459001983283017,39.0,False,0,nonempty_primary_group,598,0.06304682087659387,39,0.018456801043763703,False,True,False
3466,Tm5b,-0.38387187870317546,1.0,True,0,nonempty_primary_group,599,-0.38387187870317563,1,1.6653345369377348e-16,True,True,True
3467,Tm5b,-0.17123089924823187,33.0,True,0,nonempty_primary_group,600,-0.17123089924823182,33,5.551115123125783e-17,True,True,True
3468,Tm5b,-0.15743594881986503,30.0,False,0,nonempty_primary_group,601,-0.27349933602315185,28,0.11606338720328682,False,False,False
3469,Tm5b,-0.07612357756879536,9.0,False,0,nonempty_primary_group,602,0.0334686403188411,8,0.10959221788763646,False,False,False
3470,Tm5b,-0.019822681036905664,28.0,False,0,nonempty_primary_group,603,0.1067444441707037,33,0.12656712520760935,False,False,False
3471,Tm5b,0.2289366186745552,50.0,True,0,nonempty_primary_group,604,0.2289366186745552,50,0.0,True,True,True
3472,Tm5b,0.013604621647910781,35.0,False,0,nonempty_primary_group,605,-0.027547183052410034,36,0.041151804700320815,False,False,False
3473,Tm5b,0.13071394944624565,29.0,False,0,nonempty_primary_group,606,0.21371473357804208,27,0.08300078413179643,False,False,False
3474,Tm5b,0.011820808791835322,33.0,True,0,nonempty_primary_group,607,0.011820808791835325,33,3.469446951953614e-18,True,True,True
3475,Tm5b,-0.19525627479286548,20.0,True,0,nonempty_primary_group,608,-0.1952562747928655,20,2.7755575615628914e-17,True,True,True
3476,Tm5b,-0.041342860710224326,49.0,True,0,nonempty_primary_group,609,-0.04134286071022433,49,6.938893903907228e-18,True,True,True
3477,Tm5b,-0.02500787253765153,33.0,True,0,nonempty_primary_group,610,-0.025007872537651545,33,1.3877787807814457e-17,True,True,True
3478,Tm5b,-0.40793460771869966,7.0,False,0,nonempty_primary_group,611,-0.3331952809892309,2,0.07473932672946876,False,False,False
3479,Tm5b,0.12584140710947808,1.0,True,0,nonempty_primary_group,612,0.1258414071094781,1,2.7755575615628914e-17,True,True,True
3480,Tm5b,-0.29773317229588947,4.0,True,0,nonempty_primary_group,613,-0.29773317229588947,4,0.0,True,True,True
3481,Tm5b,-0.13242545594929128,2.0,False,0,nonempty_primary_group,614,0.10987620350346616,3,0.24230165945275745,False,False,False
3482,Tm5b,-0.9544533684828727,2.0,True,0,nonempty_primary_group,615,-0.9544533684828727,2,0.0,True,True,True
3483,Tm5b,-0.10812159399160261,9.0,True,0,nonempty_primary_group,616,-0.10812159399160265,9,4.163336342344337e-17,True,True,True
3484,Tm5b,-0.5956935704062377,8.0,False,0,nonempty_primary_group,617,-0.706841948726734,9,0.11114837832049629,False,False,False
3485,Tm5b,-0.7595477959355296,8.0,False,0,nonempty_primary_group,618,-0.7547126090178491,9,0.0048351869176804785,False,False,False
3486,Tm5b,0.09405314877516371,42.0,False,0,nonempty_primary_group,619,0.1368423460577047,42,0.04278919728254099,False,True,False
3487,Tm5b,-0.4653800373707308,5.0,False,0,nonempty_primary_group,620,-0.6491975431302383,6,0.18381750575950745,False,False,False
3488,Tm5b,0.19145012886815382,5.0,False,0,nonempty_primary_group,621,-0.05049360749774893,6,0.24194373636590275,False,False,False
3489,Tm5b,-0.1409005343131025,26.0,False,0,nonempty_primary_group,622,-0.2347090521116408,24,0.0938085177985383,False,False,False
3490,Tm5b,-0.027881257208093934,35.0,False,0,nonempty_primary_group,623,-0.009247223926023122,36,0.018634033282070812,False,False,False
3491,Tm5b,-0.5694514595269515,1.0,False,0,nonempty_primary_group,624,-0.5694514595269515,1,0.0,True,True,True
3492,Tm5b,-0.21935233626703213,5.0,False,0,nonempty_primary_group,625,0.055033391912340655,6,0.2743857281793728,False,False,False
3493,Tm5b,0.03245974170996512,43.0,False,0,nonempty_primary_group,626,0.012562632344729603,41,0.01989710936523552,False,False,False
3494,Tm5b,0.7774950707565759,1.0,True,0,nonempty_primary_group,627,0.777495070756576,1,1.1102230246251565e-16,True,True,True
3495,Tm5b,-0.36368373403946697,28.0,True,0,nonempty_primary_group,628,-0.36368373403946697,28,0.0,True,True,True
3496,Tm5b,-0.050801366733371205,23.0,True,0,nonempty_primary_group,629,-0.05080136673337119,23,1.3877787807814457e-17,True,True,True
3497,Tm5b,-0.08349535576693899,26.0,True,0,nonempty_primary_group,630,-0.08349535576693895,26,4.163336342344337e-17,True,True,True
3498,Tm5b,-0.007281709758702769,28.0,True,0,nonempty_primary_group,631,-0.007281709758702777,28,7.806255641895632e-18,True,True,True
3499,Tm5b,0.18815746735234182,4.0,False,0,nonempty_primary_group,632,0.28270240226909416,9,0.09454493491675234,False,False,False
3500,Tm5b,-0.4969159633399152,8.0,False,0,nonempty_primary_group,633,-0.33828035802336376,9,0.15863560531655146,False,False,False
3501,Tm5b,0.003589628779656588,56.0,True,0,nonempty_primary_group,634,0.003589628779656583,56,5.204170427930421e-18,True,True,True
3502,Tm5b,-0.4220619380134324,4.0,True,0,nonempty_primary_group,635,-0.42206193801343234,4,5.551115123125783e-17,True,True,True
3503,Tm5b,0.0756196002410945,16.0,False,0,nonempty_primary_group,636,0.23331483029424632,21,0.15769523005315184,False,False,False
3504,Tm5b,0.5613539620225104,4.0,True,0,nonempty_primary_group,637,0.5613539620225103,4,1.1102230246251565e-16,True,True,True
3505,Tm5b,0.28995189975112334,50.0,True,0,nonempty_primary_group,638,0.2899518997511234,50,5.551115123125783e-17,True,True,True
3506,Tm5b,0.004250296916302074,41.0,True,0,nonempty_primary_group,639,0.004250296916302069,41,5.204170427930421e-18,True,True,True
3507,Tm5b,0.05092816001585463,9.0,False,0,nonempty_primary_group,640,0.09943414806811296,8,0.04850598805225833,False,False,False
3508,Tm5b,0.2642662639614036,8.0,False,0,nonempty_primary_group,641,0.26564937050205234,9,0.0013831065406487153,False,False,False
3509,Tm5b,2.24009311372057,7.0,False,0,nonempty_primary_group,642,1.5038676301225888,2,0.7362254835979813,False,False,False
3510,Tm5b,-0.06835578272486158,61.0,False,0,nonempty_primary_group,643,-0.026655195864334544,60,0.041700586860527036,False,False,False
3511,Tm5b,0.1860206375253133,18.0,False,0,nonempty_primary_group,644,0.48561190798297227,23,0.299591270457659,False,False,False
3512,Tm5b,0.24453540594154793,6.0,False,0,nonempty_primary_group,645,0.26758782604700937,7,0.023052420105461435,False,False,False
3513,Tm5b,-0.0818859437047172,56.0,True,0,nonempty_primary_group,646,-0.08188594370471718,56,2.7755575615628914e-17,True,True,True
3514,Tm5b,-0.09779913164839128,7.0,False,0,nonempty_primary_group,647,-0.27234012970119614,2,0.17454099805280487,False,False,False
3515,Tm5b,-0.44766052568538484,4.0,True,0,nonempty_primary_group,648,-0.4476605256853847,4,1.1102230246251565e-16,True,True,True
3516,Tm5b,-0.25408498289934045,64.0,False,0,nonempty_primary_group,649,-0.2027825056702461,63,0.05130247722909434,False,False,False
3517,Tm5b,-0.2026495878525363,20.0,True,0,nonempty_primary_group,650,-0.20264958785253628,20,2.7755575615628914e-17,True,True,True
3518,Tm5b,0.02427740287638518,49.0,True,0,nonempty_primary_group,651,0.024277402876385155,49,2.42861286636753e-17,True,True,True
3519,Tm5b,-0.1303399618849009,33.0,True,0,nonempty_primary_group,652,-0.1303399618849009,33,0.0,True,True,True
3520,Tm5b,0.42266454885524457,1.0,True,0,empty_primary_group,653,,0,,False,False,False
3521,Tm5b,0.2685686097908036,1.0,True,0,nonempty_primary_group,654,0.26856860979080355,1,5.551115123125783e-17,True,True,True
3522,Tm5b,-1.4970171975741855,2.0,True,0,nonempty_primary_group,655,-1.4970171975741855,2,0.0,True,True,True
3523,Tm5b,-0.09873309298348938,9.0,True,0,nonempty_primary_group,656,-0.0987330929834894,9,1.3877787807814457e-17,True,True,True
3524,Tm5b,-0.014300276853996775,50.0,False,0,nonempty_primary_group,657,0.1482711467546531,49,0.16257142360864987,False,False,False
3525,Tm5b,-1.2249520660349345,4.0,False,0,nonempty_primary_group,658,-0.7307339697389316,9,0.4942180962960029,False,False,False
3526,Tm5b,-0.05251028956170293,49.0,True,0,nonempty_primary_group,659,-0.05251028956170294,49,1.3877787807814457e-17,True,True,True
3527,Tm5b,0.29404046617266016,10.0,False,0,nonempty_primary_group,660,0.29404046617266,10,1.6653345369377348e-16,True,True,True
3528,Tm5b,-0.08596804326695244,9.0,False,0,nonempty_primary_group,661,-0.01731512650957167,8,0.06865291675738078,False,False,False
3529,Tm5b,0.3961681377919358,8.0,False,0,nonempty_primary_group,662,0.33778910904949705,9,0.05837902874243878,False,False,False
3530,Tm5b,-0.3267671644585014,4.0,True,0,nonempty_primary_group,663,-0.32676716445850146,4,5.551115123125783e-17,True,True,True
3531,Tm5b,0.8390480737119587,10.0,False,0,nonempty_primary_group,664,1.6272295325934145,5,0.7881814588814559,False,False,False
3532,Tm5b,0.8137284991022389,8.0,False,0,nonempty_primary_group,665,0.7859772437615438,9,0.027751255340695113,False,False,False
3533,Tm5b,-0.2733767305495292,6.0,False,0,nonempty_primary_group,666,-0.45159206928883205,7,0.17821533873930284,False,False,False
3534,Tm5b,-2.053696429928233,1.0,True,0,nonempty_primary_group,667,-2.053696429928233,1,0.0,True,True,True
3535,Tm5b,0.14745409138451113,60.0,True,0,nonempty_primary_group,668,0.14745409138451113,60,0.0,True,True,True
3536,Tm5b,0.4345984661143216,18.0,False,0,nonempty_primary_group,669,0.7146818730770945,23,0.2800834069627729,False,False,False
3537,Tm5b,0.0943439825899766,9.0,False,0,nonempty_primary_group,670,0.18995874087233128,8,0.09561475828235468,False,False,False
3538,Tm5b,-0.5257402082710699,4.0,True,0,nonempty_primary_group,671,-0.52574020827107,4,1.1102230246251565e-16,True,True,True
3539,Tm5b,0.8558383259503578,2.0,False,0,nonempty_primary_group,672,0.14363756382840775,3,0.71220076212195,False,False,False
3540,Tm5b,-0.05671991297555563,1.0,True,0,nonempty_primary_group,673,-0.056719912975555564,1,6.245004513516506e-17,True,True,True
3541,Tm5b,-0.0023628843652227713,15.0,True,0,nonempty_primary_group,674,-0.0023628843652228207,15,4.9439619065339e-17,True,True,True
3542,Tm5b,0.10220157061979207,26.0,False,0,nonempty_primary_group,675,0.16477143150309428,24,0.06256986088330221,False,False,False
3543,Tm5b,0.14729699001439145,9.0,True,0,nonempty_primary_group,676,0.1472969900143914,9,5.551115123125783e-17,True,True,True
3544,Tm5b,-0.02731045849913277,9.0,False,0,nonempty_primary_group,677,-0.02731045849913277,9,0.0,True,True,True
3545,Tm5b,0.4131284669536721,6.0,False,0,nonempty_primary_group,678,0.41312846695367206,6,5.551115123125783e-17,True,True,True
3546,Tm5b,0.18765813236146603,9.0,False,0,nonempty_primary_group,679,0.24986694694143285,8,0.062208814579966826,False,False,False
3547,Tm5b,0.4496069524820595,1.0,True,0,nonempty_primary_group,680,0.4496069524820595,1,0.0,True,True,True
3548,Tm5b,-0.15881807422305957,29.0,False,0,nonempty_primary_group,681,-0.16270600816867906,27,0.0038879339456194817,False,False,False
3549,Tm5b,-0.4139214307894591,4.0,False,0,nonempty_primary_group,682,-0.3563742358989455,5,0.057547194890513576,False,False,False
3550,Tm5b,-0.10255565263460535,48.0,False,0,nonempty_primary_group,683,-0.09079501676091696,47,0.011760635873688391,False,False,False
3551,Tm5b,0.03785532873438592,5.0,False,0,nonempty_primary_group,684,-0.24163309382995596,8,0.27948842256434187,False,False,False
3552,Tm5b,0.7498803472691612,1.0,True,0,nonempty_primary_group,685,0.7498803472691612,1,0.0,True,True,True
3553,Tm5b,0.057295129330741365,9.0,True,0,nonempty_primary_group,686,0.05729512933074137,9,6.938893903907228e-18,True,True,True
3554,Tm5b,0.061087450262763555,33.0,True,0,nonempty_primary_group,687,0.06108745026276355,33,6.938893903907228e-18,True,True,True
3555,Tm5b,-0.16749187534192103,48.0,False,0,nonempty_primary_group,688,-0.18765950411480228,49,0.020167628772881252,False,False,False
3556,Tm5b,0.42256333173757693,3.0,True,0,nonempty_primary_group,689,0.422563331737577,3,5.551115123125783e-17,True,True,True
3557,Tm5b,0.19073876274809437,15.0,True,0,nonempty_primary_group,690,0.1907387627480944,15,2.7755575615628914e-17,True,True,True
3558,Tm5b,-0.05336193979444787,33.0,True,0,nonempty_primary_group,691,-0.05336193979444785,33,2.0816681711721685e-17,True,True,True
3559,Tm5b,0.003643117831848556,49.0,True,0,nonempty_primary_group,692,0.0036431178318485444,49,1.1709383462843448e-17,True,True,True
3560,Tm5b,0.09714080657107635,41.0,True,0,nonempty_primary_group,693,0.09714080657107632,41,2.7755575615628914e-17,True,True,True
3561,Tm5b,-0.014219102574779858,8.0,False,0,nonempty_primary_group,694,-0.10381810479471285,9,0.08959900221993299,False,False,False
3562,Tm5b,0.5014092575340799,5.0,False,0,nonempty_primary_group,695,0.5014092575340798,5,1.1102230246251565e-16,True,True,True
3563,Tm5b,0.21061328515933758,6.0,True,0,nonempty_primary_group,696,0.21061328515933753,6,5.551115123125783e-17,True,True,True
3564,Tm5b,0.07268349416165076,39.0,False,0,nonempty_primary_group,697,0.06899903297879215,33,0.003684461182858617,False,False,False
3565,Tm5b,0.31822540702877433,1.0,True,0,empty_primary_group,698,,0,,False,False,False
3566,Tm5b,0.6113940042679652,2.0,True,0,nonempty_primary_group,699,0.6113940042679653,2,1.1102230246251565e-16,True,True,True
3567,Tm5b,0.01629717689580031,32.0,True,0,nonempty_primary_group,700,0.016297176895800312,32,3.469446951953614e-18,True,True,True
3568,Tm5b,-0.04265844204765542,59.0,True,0,nonempty_primary_group,701,-0.04265844204765542,59,0.0,True,True,True
3569,Tm5b,-0.09827514661314805,66.0,False,0,nonempty_primary_group,702,-0.11135877239853738,67,0.013083625785389325,False,False,False
3570,Tm5b,-0.26012167824583005,8.0,False,0,nonempty_primary_group,703,-0.23180612420048907,9,0.028315554045340974,False,False,False
3571,Tm5b,0.5948594768171132,9.0,False,0,nonempty_primary_group,704,0.5718315974508478,14,0.02302787936626538,False,False,False
3572,Tm5b,0.7653396140430491,8.0,False,0,nonempty_primary_group,705,0.5780502344039953,9,0.1872893796390538,False,False,False
3573,Tm5b,0.35509197239861245,9.0,False,0,nonempty_primary_group,706,0.3012489662594624,8,0.05384300613915005,False,False,False
3574,Tm5b,-0.28331876131365685,6.0,False,0,nonempty_primary_group,707,-0.28331876131365685,6,0.0,True,True,True
3575,Tm5b,-0.07891237369458899,19.0,True,0,nonempty_primary_group,708,-0.07891237369458896,19,2.7755575615628914e-17,True,True,True
3576,Tm5b,0.005467048516910843,50.0,True,0,nonempty_primary_group,709,0.005467048516910844,50,1.734723475976807e-18,True,True,True
3577,Tm5b,-0.1834492412779337,33.0,True,0,nonempty_primary_group,710,-0.18344924127793366,33,2.7755575615628914e-17,True,True,True
3578,Tm5b,0.03698486282982362,91.0,True,0,nonempty_primary_group,711,0.036984862829823634,91,1.3877787807814457e-17,True,True,True
3579,Tm5b,-0.459620808023248,9.0,False,0,nonempty_primary_group,712,-0.5250168452634465,8,0.06539603724019849,False,False,False
3580,Tm5b,0.1406727391696791,9.0,False,0,nonempty_primary_group,713,-0.006600011072551061,14,0.14727275024223016,False,False,False
3581,Tm5b,-0.47803303418918575,17.0,True,0,nonempty_primary_group,714,-0.4780330341891858,17,5.551115123125783e-17,True,True,True
3582,Tm5b,-0.026825916958625944,42.0,False,0,nonempty_primary_group,715,0.08276623001725004,35,0.10959214697587599,False,False,False
3583,Tm5b,-0.22061009561567888,9.0,True,0,nonempty_primary_group,716,-0.22061009561567893,9,5.551115123125783e-17,True,True,True
3584,Tm5b,-0.11358326168247393,5.0,False,0,nonempty_primary_group,717,-0.11358326168247394,5,1.3877787807814457e-17,True,True,True
3585,Tm5b,0.35312380651544917,8.0,False,0,nonempty_primary_group,718,0.11771851734071699,9,0.2354052891747322,False,False,False
3586,Tm5b,0.18776815949810918,17.0,True,0,nonempty_primary_group,719,0.18776815949810918,17,0.0,True,True,True
3587,Tm5b,-0.17118945016192216,69.0,True,0,nonempty_primary_group,720,-0.17118945016192216,69,0.0,True,True,True
3588,Tm5b,-0.1378669335936423,15.0,True,0,nonempty_primary_group,721,-0.13786693359364235,15,5.551115123125783e-17,True,True,True
3589,Tm5b,-0.025890471693691332,87.0,False,0,nonempty_primary_group,722,-0.09982372538037766,88,0.07393325368668632,False,False,False
3590,Tm5b,-0.48935147829726683,1.0,True,0,nonempty_primary_group,723,-0.4893514782972669,1,5.551115123125783e-17,True,True,True
3591,Tm5b,0.23210812151463603,6.0,True,0,nonempty_primary_group,724,0.23210812151463603,6,0.0,True,True,True
3592,Tm5b,0.04259679134087728,123.0,True,0,nonempty_primary_group,725,0.04259679134087728,123,0.0,True,True,True
3593,Tm5b,0.2412175034809977,6.0,False,0,nonempty_primary_group,726,0.07823063516243549,7,0.16298686831856224,False,False,False
3594,Tm5b,-0.1531471381911696,34.0,False,0,nonempty_primary_group,727,-0.17046401227070893,32,0.01731687407953933,False,False,False
3595,Tm5b,-0.13727006012367077,15.0,False,0,nonempty_primary_group,728,-0.43480374798239163,12,0.29753368785872086,False,False,False
3596,Tm5b,-0.05725540581974527,1.0,True,0,nonempty_primary_group,729,-0.05725540581974525,1,1.3877787807814457e-17,True,True,True
3597,Tm5b,0.4813068327931127,4.0,True,0,nonempty_primary_group,730,0.4813068327931127,4,0.0,True,True,True
3598,Tm5b,-0.07379193468726876,41.0,True,0,nonempty_primary_group,731,-0.07379193468726875,41,1.3877787807814457e-17,True,True,True
3599,Tm5b,0.03386402447139314,50.0,True,0,nonempty_primary_group,732,0.03386402447139312,50,2.0816681711721685e-17,True,True,True
3600,Tm5b,-0.08608346117870239,19.0,True,0,nonempty_primary_group,733,-0.08608346117870236,19,2.7755575615628914e-17,True,True,True
3601,Tm5b,-0.5804528874244301,26.0,False,0,nonempty_primary_group,734,-0.783813966605153,24,0.20336107918072288,False,False,False
3602,Tm5b,0.017730004978863075,17.0,False,0,nonempty_primary_group,735,0.01773000497886316,17,8.673617379884035e-17,True,True,True
3603,Tm5b,-0.00209114098498426,1.0,False,0,nonempty_primary_group,737,-0.0020911409849841966,1,6.331740687315346e-17,True,True,True
3604,Tm5b,-2.0256629697559645,1.0,False,0,nonempty_primary_group,739,-2.025662969755965,1,4.440892098500626e-16,True,True,True
3605,Tm5b,0.37828624845056036,8.0,False,0,nonempty_primary_group,740,0.30021888741665276,9,0.0780673610339076,False,False,False
3606,Tm5b,-0.49068204943573096,8.0,False,0,nonempty_primary_group,741,-0.6261906025743524,9,0.13550855313862148,False,False,False
3607,Tm5b,-0.07191311811257518,36.0,True,0,nonempty_primary_group,742,-0.0719131181125752,36,1.3877787807814457e-17,True,True,True
3608,Tm5b,0.06789360415094081,6.0,False,0,nonempty_primary_group,743,0.011625828429258874,7,0.056267775721681935,False,False,False
3609,Tm5b,0.23008353897650924,1.0,True,0,nonempty_primary_group,744,0.23008353897650924,1,0.0,True,True,True
3610,Tm5b,-0.1549107672412846,23.0,True,0,nonempty_primary_group,745,-0.1549107672412846,23,0.0,True,True,True
3611,Tm5b,-1.6925617166291262e-06,49.0,False,0,nonempty_primary_group,746,-0.10225284511248751,44,0.10225115255077089,False,False,False
3612,Tm5b,-0.0076091074566298,49.0,True,0,nonempty_primary_group,747,-0.007609107456629778,49,2.2551405187698492e-17,True,True,True
3613,Tm5b,0.16092200650333127,1.0,True,0,nonempty_primary_group,748,0.16092200650333144,1,1.6653345369377348e-16,True,True,True
3614,Tm5b,0.009041878942704444,4.0,True,0,nonempty_primary_group,749,0.009041878942704473,4,2.949029909160572e-17,True,True,True
3615,Tm5b,-0.019777613622252648,69.0,True,0,nonempty_primary_group,750,-0.01977761362225262,69,2.7755575615628914e-17,True,True,True
3616,Tm5b,0.0037387904094169666,17.0,False,0,nonempty_primary_group,751,0.003738790409416943,17,2.3418766925686896e-17,True,True,True
3617,Tm5b,0.061671110913850205,36.0,True,0,nonempty_primary_group,752,0.06167111091385021,36,6.938893903907228e-18,True,True,True
3618,Tm5b,-0.10934174861049901,23.0,True,0,nonempty_primary_group,753,-0.10934174861049896,23,5.551115123125783e-17,True,True,True
3619,Tm5b,-0.09042912190111961,49.0,True,0,nonempty_primary_group,754,-0.09042912190111962,49,1.3877787807814457e-17,True,True,True
3620,Tm5c,1.080435527038786,25.0,False,0,nonempty_primary_group,1,1.080435527038786,25,0.0,True,True,True
3621,Tm5c,1.7285250556894438,47.0,False,0,nonempty_primary_group,2,1.680379462668456,48,0.048145593020987754,False,False,False
3622,Tm5c,1.2080766990211083,42.0,True,0,nonempty_primary_group,3,1.2080766990211085,42,2.220446049250313e-16,True,True,True
3623,Tm5c,0.7287047688526668,49.0,False,0,nonempty_primary_group,4,0.726688512151736,48,0.002016256700930752,False,False,False
3624,Tm5c,1.0593057991974557,73.0,False,0,nonempty_primary_group,5,1.0898327718140253,72,0.03052697261656956,False,False,False
3625,Tm5c,0.8326269343296501,24.0,False,0,nonempty_primary_group,6,0.83262693432965,24,1.1102230246251565e-16,True,True,True
3626,Tm5c,0.8277228924369252,44.0,True,0,nonempty_primary_group,7,0.8277228924369253,44,1.1102230246251565e-16,True,True,True
3627,Tm5c,-0.202055501111811,6.0,False,0,nonempty_primary_group,8,-0.2263108218464391,7,0.024255320734628105,False,False,False
3628,Tm5c,0.46670888598220184,44.0,True,0,nonempty_primary_group,9,0.4667088859822017,44,1.1102230246251565e-16,True,True,True
3629,Tm5c,0.5980715176036943,32.0,False,0,nonempty_primary_group,10,0.6949184884353479,29,0.09684697083165361,False,False,False
3630,Tm5c,2.229267199362496,2.0,True,0,nonempty_primary_group,11,2.2292671993624964,2,4.440892098500626e-16,True,True,True
3631,Tm5c,1.078667075415518,44.0,True,0,nonempty_primary_group,12,1.0786670754155183,44,2.220446049250313e-16,True,True,True
3632,Tm5c,0.4193071163663795,12.0,True,0,nonempty_primary_group,13,0.4193071163663795,12,0.0,True,True,True
3633,Tm5c,0.6190520466884303,15.0,False,0,nonempty_primary_group,14,0.9779734622710108,12,0.3589214155825805,False,False,False
3634,Tm5c,1.3470482765913292,25.0,False,0,nonempty_primary_group,15,1.3470482765913296,25,4.440892098500626e-16,True,True,True
3635,Tm5c,1.252553516313472,17.0,False,0,nonempty_primary_group,16,1.142133161070618,18,0.11042035524285398,False,False,False
3636,Tm5c,1.0722771207026527,68.0,False,0,nonempty_primary_group,17,1.072277120702653,68,2.220446049250313e-16,True,True,True
3637,Tm5c,1.1082552416998535,73.0,False,0,nonempty_primary_group,18,1.109348601729011,74,0.0010933600291576084,False,False,False
3638,Tm5c,1.0086455214965346,14.0,True,0,nonempty_primary_group,19,1.0086455214965346,14,0.0,True,True,True
3639,Tm5c,1.456328218934409,22.0,False,0,nonempty_primary_group,20,1.8321786109953144,20,0.37585039206090554,False,False,False
3640,Tm5c,0.9148078460975777,46.0,True,0,nonempty_primary_group,21,0.9148078460975778,46,1.1102230246251565e-16,True,True,True
3641,Tm5c,1.1355211090915365,157.0,False,0,nonempty_primary_group,22,1.1375176399767384,157,0.001996530885201908,False,True,False
3642,Tm5c,0.5247676518634573,16.0,True,0,nonempty_primary_group,23,0.5247676518634573,16,0.0,True,True,True
3643,Tm5c,1.4125249364094645,28.0,True,0,nonempty_primary_group,24,1.4125249364094639,28,6.661338147750939e-16,True,True,True
3644,Tm5c,1.3440021161691054,15.0,True,0,nonempty_primary_group,25,1.3440021161691051,15,2.220446049250313e-16,True,True,True
3645,Tm5c,1.1977861399358525,84.0,False,0,nonempty_primary_group,26,1.3010430222683285,82,0.10325688233247599,False,False,False
3646,Tm5c,1.5481199513315373,30.0,True,0,nonempty_primary_group,27,1.5481199513315373,30,0.0,True,True,True
3647,Tm5c,0.49383491822389974,49.0,False,0,nonempty_primary_group,28,0.5068182818022167,49,0.01298336357831692,False,True,False
3648,Tm5c,0.9719997946101314,21.0,False,0,nonempty_primary_group,29,1.117851209461286,18,0.1458514148511546,False,False,False
3649,Tm5c,1.4638883728866077,109.0,False,0,nonempty_primary_group,30,1.4873127019668098,107,0.02342432908020209,False,False,False
3650,Tm5c,0.8240352090971014,27.0,True,0,nonempty_primary_group,31,0.8240352090971014,27,0.0,True,True,True
3651,Tm5c,0.3287597821741374,14.0,False,0,nonempty_primary_group,32,0.32875978217413737,14,5.551115123125783e-17,True,True,True
3652,Tm5c,0.5947878482896627,86.0,False,0,nonempty_primary_group,33,0.6029895650363525,87,0.008201716746689791,False,False,False
3653,Tm5c,0.5616551325846342,167.0,False,0,nonempty_primary_group,34,0.5732199739956625,165,0.011564841411028315,False,False,False
3654,Tm5c,0.45932096327027633,34.0,True,0,nonempty_primary_group,35,0.45932096327027633,34,0.0,True,True,True
3655,Tm5c,0.8708187855659635,32.0,True,0,nonempty_primary_group,36,0.8708187855659638,32,3.3306690738754696e-16,True,True,True
3656,Tm5c,0.8099212861955644,1.0,True,0,nonempty_primary_group,37,0.8099212861955642,1,1.1102230246251565e-16,True,True,True
3657,Tm5c,1.2238431051881906,52.0,False,0,nonempty_primary_group,38,1.2238431051881904,52,2.220446049250313e-16,True,True,True
3658,Tm5c,1.038530028550611,177.0,False,0,nonempty_primary_group,39,1.0414170313172988,175,0.0028870027666878517,False,False,False
3659,Tm5c,0.49829063384846556,69.0,True,0,nonempty_primary_group,40,0.4982906338484653,69,2.7755575615628914e-16,True,True,True
3660,Tm5c,1.4305103565446744,24.0,False,0,nonempty_primary_group,42,1.430510356544674,24,4.440892098500626e-16,True,True,True
3661,Tm5c,1.3490684528635193,26.0,True,0,nonempty_primary_group,43,1.349068452863519,26,2.220446049250313e-16,True,True,True
3662,Tm5c,1.5061581032733378,17.0,False,0,nonempty_primary_group,44,1.8326452722635298,15,0.32648716899019203,False,False,False
3663,Tm5c,1.3560388688898464,27.0,False,0,nonempty_primary_group,45,1.3560388688898461,27,2.220446049250313e-16,True,True,True
3664,Tm5c,0.7902233642142107,15.0,True,0,nonempty_primary_group,46,0.7902233642142106,15,1.1102230246251565e-16,True,True,True
3665,Tm5c,1.5108876052423725,12.0,True,0,nonempty_primary_group,47,1.510887605242373,12,4.440892098500626e-16,True,True,True
3666,Tm5c,0.2116540764119717,20.0,False,0,nonempty_primary_group,48,0.2354037301570972,21,0.0237496537451255,False,False,False
3667,Tm5c,0.5730464380877719,53.0,True,0,nonempty_primary_group,49,0.5742670129363149,52,0.001220574848542988,False,False,False
3668,Tm5c,1.7568969889557273,46.0,True,0,nonempty_primary_group,50,1.756896988955727,46,2.220446049250313e-16,True,True,True
3669,Tm5c,0.6982522299210395,78.0,False,0,nonempty_primary_group,51,0.7064750960610718,78,0.008222866140032314,False,True,False
3670,Tm5c,0.47676909751706714,161.0,False,0,nonempty_primary_group,52,0.49392961022626336,159,0.01716051270919622,False,False,False
3671,Tm5c,0.6611031996758309,1.0,True,0,nonempty_primary_group,53,0.6611031996758308,1,1.1102230246251565e-16,True,True,True
3672,Tm5c,1.617634917222306,10.0,True,0,nonempty_primary_group,54,1.6184925839719542,9,0.0008576667496482671,False,False,False
3673,Tm5c,1.0436929962353136,34.0,True,0,nonempty_primary_group,55,1.0436929962353139,34,2.220446049250313e-16,True,True,True
3674,Tm5c,0.6683651194940267,31.0,False,0,nonempty_primary_group,56,0.6892362993592017,32,0.02087117986517506,False,False,False
3675,Tm5c,1.6230113658710639,46.0,True,0,nonempty_primary_group,58,1.6230113658710634,46,4.440892098500626e-16,True,True,True
3676,Tm5c,0.41097868318664416,1.0,True,0,nonempty_primary_group,59,0.41097868318664427,1,1.1102230246251565e-16,True,True,True
3677,Tm5c,0.025822356524888422,80.0,True,0,nonempty_primary_group,60,0.02582235652488842,80,3.469446951953614e-18,True,True,True
3678,Tm5c,0.8447637709459755,23.0,False,0,nonempty_primary_group,61,0.8454206396617685,22,0.0006568687157929576,False,False,False
3679,Tm5c,0.1419075198805499,17.0,True,0,nonempty_primary_group,62,0.14190751988054995,17,5.551115123125783e-17,True,True,True
3680,Tm5c,-0.06351891715147362,22.0,False,0,nonempty_primary_group,63,-0.015025538932589809,21,0.04849337821888381,False,False,False
3681,Tm5c,0.3595319623037458,39.0,True,0,nonempty_primary_group,64,0.35953196230374584,39,5.551115123125783e-17,True,True,True
3682,Tm5c,0.3324595026277598,15.0,False,0,nonempty_primary_group,65,0.35469874742848323,15,0.022239244800723423,False,True,False
3683,Tm5c,0.06484598946155105,25.0,True,0,nonempty_primary_group,66,0.06484598946155104,25,1.3877787807814457e-17,True,True,True
3684,Tm5c,1.2322751138213814,48.0,False,0,nonempty_primary_group,67,1.2633094022319982,44,0.03103428841061673,False,False,False
3685,Tm5c,1.3300991937080973,60.0,False,0,nonempty_primary_group,68,1.3321853587424468,61,0.002086165034349552,False,False,False
3686,Tm5c,1.295737042657969,255.0,False,0,nonempty_primary_group,69,1.305725563571172,253,0.009988520913202903,False,False,False
3687,Tm5c,1.3474210718130148,23.0,False,0,nonempty_primary_group,70,1.407855864205551,22,0.06043479239253613,False,False,False
3688,Tm5c,1.3801748515806302,56.0,False,0,nonempty_primary_group,71,1.3801748515806296,56,6.661338147750939e-16,True,True,True
3689,Tm5c,1.0389516713216482,86.0,False,0,nonempty_primary_group,72,1.1035161624206684,84,0.06456449109902018,False,False,False
3690,Tm5c,1.4769737256768387,44.0,True,0,nonempty_primary_group,73,1.4769737256768387,44,0.0,True,True,True
3691,Tm5c,1.4209304171647132,14.0,True,0,nonempty_primary_group,74,1.4209304171647132,14,0.0,True,True,True
3692,Tm5c,0.9373402659902491,44.0,True,0,nonempty_primary_group,75,0.9373402659902491,44,0.0,True,True,True
3693,Tm5c,0.6801516371357235,36.0,True,0,nonempty_primary_group,76,0.6801516371357236,36,1.1102230246251565e-16,True,True,True
3694,Tm5c,1.5044324477088682,44.0,True,0,nonempty_primary_group,77,1.5044324477088684,44,2.220446049250313e-16,True,True,True
3695,Tm5c,0.898825090728449,44.0,True,0,nonempty_primary_group,78,0.8988250907284489,44,1.1102230246251565e-16,True,True,True
3696,Tm5c,0.8541099627348271,39.0,False,0,nonempty_primary_group,79,0.9436488817697695,36,0.08953891903494238,False,False,False
3697,Tm5c,1.1544376992279781,39.0,False,0,nonempty_primary_group,80,1.2366582587226627,36,0.08222055949468454,False,False,False
3698,Tm5c,1.481335128040352,20.0,False,0,nonempty_primary_group,81,1.5185976044772365,21,0.03726247643688452,False,False,False
3699,Tm5c,0.8189419045536754,20.0,False,0,nonempty_primary_group,82,0.7980425962324599,21,0.02089930832121556,False,False,False
3700,Tm5c,0.7860440281357605,49.0,False,0,nonempty_primary_group,83,0.7922677109519758,48,0.006223682816215326,False,False,False
3701,Tm5c,0.7860021934566624,10.0,False,0,nonempty_primary_group,84,0.7932020126563408,11,0.007199819199678381,False,False,False
3702,Tm5c,1.148183024885996,10.0,False,0,nonempty_primary_group,85,1.159060573091196,11,0.010877548205199927,False,False,False
3703,Tm5c,1.0243881316373857,24.0,False,0,nonempty_primary_group,87,1.0243881316373855,24,2.220446049250313e-16,True,True,True
3704,Tm5c,1.586156941971608,25.0,False,0,nonempty_primary_group,88,1.586156941971608,25,0.0,True,True,True
3705,Tm5c,1.441879680147718,47.0,False,0,nonempty_primary_group,89,1.435117179994519,48,0.006762500153199014,False,False,False
3706,Tm5c,0.7069638719906958,44.0,True,0,nonempty_primary_group,90,0.7069638719906958,44,0.0,True,True,True
3707,Tm5c,1.5615304127575624,42.0,True,0,nonempty_primary_group,91,1.5615304127575627,42,2.220446049250313e-16,True,True,True
3708,Tm5c,1.331931012807022,80.0,True,0,nonempty_primary_group,92,1.3319310128070219,80,2.220446049250313e-16,True,True,True
3709,Tm5c,1.074996974764476,53.0,False,0,nonempty_primary_group,93,1.0913270102584869,54,0.016330035494010797,False,False,False
3710,Tm5c,1.1077680726032977,133.0,False,0,nonempty_primary_group,94,1.1000771304558625,134,0.007690942147435154,False,False,False
3711,Tm5c,-0.25919917304147505,6.0,False,0,nonempty_primary_group,95,-0.36074720754437717,7,0.10154803450290212,False,False,False
3712,Tm5c,0.5909008193787065,32.0,False,0,nonempty_primary_group,96,0.6400027519003981,29,0.049101932521691594,False,False,False
3713,Tm5c,1.3895977209502293,73.0,False,0,nonempty_primary_group,97,1.3867617047514116,72,0.0028360161988176813,False,False,False
3714,Tm5c,0.4771441105932288,69.0,False,0,nonempty_primary_group,98,0.4799532639579629,68,0.002809153364734085,False,False,False
3715,Tm5c,0.5412805678500091,57.0,False,0,nonempty_primary_group,99,0.5412805678500091,57,0.0,True,True,True
3716,Tm5c,1.3348375559531203,15.0,False,0,nonempty_primary_group,100,1.3158952010083893,15,0.018942354944730955,False,True,False
3717,Tm5c,0.9523809710624083,15.0,False,0,nonempty_primary_group,101,0.9379591802480203,15,0.014421790814387991,False,True,False
3718,Tm5c,0.3292181474309292,44.0,True,0,nonempty_primary_group,102,0.3292181474309292,44,0.0,True,True,True
3719,Tm5c,1.1048336142286803,239.0,False,0,nonempty_primary_group,103,1.108535166465424,237,0.0037015522367436215,False,False,False
3720,Tm5c,0.94536495698523,2.0,True,0,nonempty_primary_group,104,0.9453649569852303,2,2.220446049250313e-16,True,True,True
3721,Tm5c,1.2059155613770025,19.0,False,0,nonempty_primary_group,105,1.242223529538777,20,0.036307968161774395,False,False,False
3722,Tm5c,1.2240739315972031,19.0,False,0,nonempty_primary_group,106,1.2205028589136306,20,0.003571072683572485,False,False,False
3723,Tm5c,0.9873419843587399,29.0,True,0,nonempty_primary_group,107,0.9873419843587395,29,3.3306690738754696e-16,True,True,True
3724,Tm5c,0.9934098622289828,29.0,True,0,nonempty_primary_group,108,0.9934098622289829,29,1.1102230246251565e-16,True,True,True
3725,Tm5c,1.284927747081261,21.0,False,0,nonempty_primary_group,109,1.2957383729582235,22,0.010810625876962465,False,False,False
3726,Tm5c,1.3314680519451412,44.0,True,0,nonempty_primary_group,110,1.3314680519451414,44,2.220446049250313e-16,True,True,True
3727,Tm5c,0.2730346916917992,12.0,True,0,nonempty_primary_group,111,0.2730346916917993,12,5.551115123125783e-17,True,True,True
3728,Tm5c,0.9933896679720282,69.0,False,0,nonempty_primary_group,112,0.9933896679720282,69,0.0,True,True,True
3729,Tm5c,0.8609026655208234,1.0,True,0,nonempty_primary_group,113,0.8609026655208234,1,0.0,True,True,True
3730,Tm5c,0.8254012381574957,29.0,False,0,nonempty_primary_group,115,0.8255891791187369,29,0.0001879409612411953,False,True,False
3731,Tm5c,0.36563165972755673,15.0,False,0,nonempty_primary_group,116,0.4901716785583647,12,0.12454001883080795,False,False,False
3732,Tm5c,1.0479942040962875,25.0,False,0,nonempty_primary_group,117,1.0479942040962877,25,2.220446049250313e-16,True,True,True
3733,Tm5c,1.2951095396037453,32.0,False,0,nonempty_primary_group,118,1.308270482971725,32,0.013160943367979794,False,True,False
3734,Tm5c,1.127973967595628,68.0,False,0,nonempty_primary_group,119,1.127973967595628,68,0.0,True,True,True
3735,Tm5c,1.0495866129606675,17.0,False,0,nonempty_primary_group,120,0.9485160812802137,18,0.10107053168045377,False,False,False
3736,Tm5c,1.444594586606882,14.0,True,0,nonempty_primary_group,121,1.4445945866068814,14,4.440892098500626e-16,True,True,True
3737,Tm5c,1.356926735133825,73.0,False,0,nonempty_primary_group,122,1.3473631973741922,74,0.009563537759632812,False,False,False
3738,Tm5c,0.5481670872426057,287.0,False,0,nonempty_primary_group,123,0.5567636084712981,286,0.008596521228692477,False,False,False
3739,Tm5c,0.5445275960822705,22.0,False,0,nonempty_primary_group,124,0.7084367597030627,20,0.16390916362079222,False,False,False
3740,Tm5c,0.9795776289011924,25.0,True,0,nonempty_primary_group,125,0.9795776289011923,25,1.1102230246251565e-16,True,True,True
3741,Tm5c,1.1588510715019298,229.0,False,0,nonempty_primary_group,126,1.1638932774080606,227,0.005042205906130803,False,False,False
3742,Tm5c,0.5368529125843776,69.0,True,0,nonempty_primary_group,127,0.5368529125843778,69,2.220446049250313e-16,True,True,True
3743,Tm5c,0.540100859249905,19.0,False,0,nonempty_primary_group,128,0.5323593123526174,20,0.007741546897287677,False,False,False
3744,Tm5c,0.6271925782789933,19.0,False,0,nonempty_primary_group,129,0.6347595237153774,20,0.007566945436384032,False,False,False
3745,Tm5c,0.9740863797022987,22.0,False,0,nonempty_primary_group,130,0.9620309295036332,23,0.012055450198665496,False,False,False
3746,Tm5c,0.8171574433799149,22.0,False,0,nonempty_primary_group,131,0.7860927947941659,23,0.031064648585748977,False,False,False
3747,Tm5c,1.5920858644498683,40.0,True,0,nonempty_primary_group,132,1.567222312750935,39,0.024863551698933284,False,False,False
3748,Tm5c,0.14529377637463167,222.0,False,0,nonempty_primary_group,133,0.15497624299562665,220,0.009682466620994978,False,False,False
3749,Tm5c,0.7541933905440361,15.0,True,0,nonempty_primary_group,134,0.7541933905440359,15,2.220446049250313e-16,True,True,True
3750,Tm5c,1.0783693023034568,68.0,False,0,nonempty_primary_group,135,1.0783693023034566,68,2.220446049250313e-16,True,True,True
3751,Tm5c,1.1414339469054515,68.0,False,0,nonempty_primary_group,136,1.1414339469054515,68,0.0,True,True,True
3752,Tm5c,1.0332356376913947,203.0,False,0,nonempty_primary_group,137,1.0418268711610903,203,0.008591233469695592,False,True,False
3753,Tm5c,1.0554768048748144,31.0,False,0,nonempty_primary_group,138,1.0567821387534209,32,0.0013053338786064295,False,False,False
3754,Tm5c,0.7098549619108222,42.0,True,0,nonempty_primary_group,139,0.7098549619108222,42,0.0,True,True,True
3755,Tm5c,0.6853190047088601,42.0,True,0,nonempty_primary_group,140,0.6853190047088602,42,1.1102230246251565e-16,True,True,True
3756,Tm5c,1.146308426690079,57.0,False,0,nonempty_primary_group,141,1.1806483286676706,53,0.034339901977591625,False,False,False
3757,Tm5c,1.2452626047188073,57.0,False,0,nonempty_primary_group,142,1.3211139532267329,53,0.07585134850792552,False,False,False
3758,Tm5c,0.6377933650435809,45.0,False,0,nonempty_primary_group,143,0.6502196506424571,46,0.012426285598876263,False,False,False
3759,Tm5c,0.631354028885427,41.0,False,0,nonempty_primary_group,144,0.5850197240295034,38,0.0463343048559236,False,False,False
3760,Tm5c,1.7730784559579535,46.0,True,0,nonempty_primary_group,145,1.7730784559579533,46,2.220446049250313e-16,True,True,True
3761,Tm5c,1.363604472223958,46.0,True,0,nonempty_primary_group,146,1.3636044722239578,46,2.220446049250313e-16,True,True,True
3762,Tm5c,1.4124528874237505,44.0,True,0,nonempty_primary_group,147,1.4290758285509295,43,0.016622941127178992,False,False,False
3763,Tm5c,1.3889469434402932,44.0,True,0,nonempty_primary_group,148,1.3927221520865047,43,0.003775208646211503,False,False,False
3764,Tm5c,0.5938530292861578,16.0,True,0,nonempty_primary_group,149,0.5938530292861579,16,1.1102230246251565e-16,True,True,True
3765,Tm5c,0.7801606356473209,24.0,False,0,nonempty_primary_group,150,0.7801606356473209,24,0.0,True,True,True
3766,Tm5c,2.429198361805313,1.0,True,0,nonempty_primary_group,151,2.429198361805312,1,8.881784197001252e-16,True,True,True
3767,Tm5c,1.3062019441763286,56.0,False,0,nonempty_primary_group,152,1.3062019441763286,56,0.0,True,True,True
3768,Tm5c,1.1747537349162127,86.0,False,0,nonempty_primary_group,153,1.256483721443445,84,0.08172998652723229,False,False,False
3769,Tm5c,1.896286919282517,15.0,True,0,nonempty_primary_group,154,1.896286919282517,15,0.0,True,True,True
3770,Tm5c,1.5945143375017152,28.0,True,0,nonempty_primary_group,155,1.5945143375017143,28,8.881784197001252e-16,True,True,True
3771,Tm5c,1.4480395335057126,30.0,True,0,nonempty_primary_group,156,1.4480395335057128,30,2.220446049250313e-16,True,True,True
3772,Tm5c,1.2782020081137322,84.0,False,0,nonempty_primary_group,157,1.3166682376763603,82,0.03846622956262813,False,False,False
3773,Tm5c,0.7554059355275824,21.0,False,0,nonempty_primary_group,158,1.0849677438273764,18,0.329561808299794,False,False,False
3774,Tm5c,0.588315328657272,49.0,False,0,nonempty_primary_group,159,0.5788484286917519,49,0.009466899965520081,False,True,False
3775,Tm5c,0.9382246817470785,44.0,True,0,nonempty_primary_group,160,0.9382246817470791,44,5.551115123125783e-16,True,True,True
3776,Tm5c,0.8623202752318649,32.0,False,0,nonempty_primary_group,161,0.8871541336845948,32,0.024833858452729896,False,True,False
3777,Tm5c,0.9875681482755052,44.0,True,0,nonempty_primary_group,162,0.9875681482755053,44,1.1102230246251565e-16,True,True,True
3778,Tm5c,1.0315018288674955,25.0,False,0,nonempty_primary_group,163,1.031501828867495,25,4.440892098500626e-16,True,True,True
3779,Tm5c,0.40151179592221925,45.0,False,0,nonempty_primary_group,164,0.3913366215721258,46,0.010175174350093463,False,False,False
3780,Tm5c,1.598680729143091,109.0,False,0,nonempty_primary_group,165,1.6080709292032505,107,0.00939020006015956,False,False,False
3781,Tm5c,0.8372114732851635,169.0,False,0,nonempty_primary_group,166,0.8413623222748381,169,0.004150848989674549,False,True,False
3782,Tm5c,0.9944676222817417,27.0,True,0,nonempty_primary_group,167,0.9944676222817416,27,1.1102230246251565e-16,True,True,True
3783,Tm5c,0.8326565481717358,41.0,False,0,nonempty_primary_group,168,0.9245293007924063,38,0.0918727526206704,False,False,False
3784,Tm5c,0.9105386536005334,36.0,True,0,nonempty_primary_group,169,0.9105386536005334,36,0.0,True,True,True
3785,Tm5c,0.2816494188283481,14.0,False,0,nonempty_primary_group,170,0.2816494188283481,14,0.0,True,True,True
3786,Tm5c,1.52528010898461,32.0,False,0,nonempty_primary_group,171,1.549798530413486,32,0.024518421428876058,False,True,False
3787,Tm5c,1.0254049127502145,25.0,True,0,nonempty_primary_group,172,1.0254049127502145,25,0.0,True,True,True
3788,Tm5c,0.7205305799021013,510.0,False,0,nonempty_primary_group,173,0.7350096786038781,506,0.014479098701776771,False,False,False
3789,Tm5c,0.09506631504539031,26.0,True,0,nonempty_primary_group,174,0.09506631504539031,26,0.0,True,True,True
3790,Tm5c,0.06834802906513714,26.0,True,0,nonempty_primary_group,175,0.06834802906513711,26,2.7755575615628914e-17,True,True,True
3791,Tm5c,0.053620990697785795,64.0,False,0,nonempty_primary_group,176,0.08738618927788294,61,0.03376519858009715,False,False,False
3792,Tm5c,0.26196795058424366,64.0,False,0,nonempty_primary_group,177,0.3094573139393647,61,0.04748936335512105,False,False,False
3793,Tm5c,0.8554568616080489,32.0,True,0,nonempty_primary_group,178,0.8554568616080488,32,1.1102230246251565e-16,True,True,True
3794,Tm5c,-0.10329889554072873,201.0,False,0,nonempty_primary_group,179,-0.09362058708484693,200,0.009678308455881801,False,False,False
3795,Tm5c,-0.12388210793219757,266.0,False,0,nonempty_primary_group,180,-0.11016135275146026,264,0.013720755180737315,False,False,False
3796,Tm5c,-0.09401610853292522,65.0,True,0,nonempty_primary_group,181,-0.06812723748067694,64,0.025888871052248283,False,False,False
3797,Tm5c,0.6150850738769212,239.0,False,0,nonempty_primary_group,184,0.6274110932242226,237,0.012326019347301376,False,False,False
3798,Tm5c,0.8097198413315841,34.0,True,0,nonempty_primary_group,185,0.8097198413315841,34,0.0,True,True,True
3799,Tm5c,1.4289465786908586,1.0,True,0,nonempty_primary_group,187,1.4289465786908588,1,2.220446049250313e-16,True,True,True
3800,Tm5c,1.133283200224185,1.0,True,0,nonempty_primary_group,188,1.133283200224185,1,0.0,True,True,True
3801,Tm5c,0.7562114805465853,58.0,False,0,nonempty_primary_group,189,0.7654532927751607,58,0.009241812228575452,False,True,False
3802,Tm5c,0.5701092964220952,30.0,True,0,nonempty_primary_group,190,0.5701092964220952,30,0.0,True,True,True
3803,Tm5c,0.39741267150308585,167.0,False,0,nonempty_primary_group,191,0.3974126715030859,167,5.551115123125783e-17,True,True,True
3804,Tm5c,0.3885812652729977,24.0,False,0,nonempty_primary_group,192,0.3885812652729977,24,0.0,True,True,True
3805,Tm5c,1.1001338877094715,44.0,True,0,nonempty_primary_group,193,1.1001338877094717,44,2.220446049250313e-16,True,True,True
3806,Tm5c,1.5179003858907774,44.0,True,0,nonempty_primary_group,194,1.5179003858907778,44,4.440892098500626e-16,True,True,True
3807,Tm5c,1.4632729578185868,262.0,False,0,nonempty_primary_group,195,1.4733569444731482,260,0.01008398665456145,False,False,False
3808,Tm5c,1.2437034413704962,33.0,True,0,nonempty_primary_group,196,1.2437034413704962,33,0.0,True,True,True
3809,Tm5c,1.0759193233546716,1.0,True,0,nonempty_primary_group,197,1.0759193233546713,1,2.220446049250313e-16,True,True,True
3810,Tm5c,0.1594886386300371,10.0,True,0,nonempty_primary_group,198,0.14387282632634163,9,0.015615812303695464,False,False,False
3811,Tm5c,1.4309686770349583,40.0,True,0,nonempty_primary_group,199,1.4114363080244634,39,0.019532369010494932,False,False,False
3812,Tm5c,0.25642341026046384,14.0,True,0,nonempty_primary_group,200,0.25642341026046384,14,0.0,True,True,True
3813,Tm5c,1.6548513228360284,1.0,True,0,nonempty_primary_group,201,1.6548513228360284,1,0.0,True,True,True
3814,Tm5c,1.9879544991202724,1.0,True,0,nonempty_primary_group,202,1.9879544991202727,1,2.220446049250313e-16,True,True,True
3815,Tm5c,0.5393010295785164,12.0,False,0,nonempty_primary_group,203,0.5393010295785164,12,0.0,True,True,True
3816,Tm5c,0.5174207628813323,12.0,False,0,nonempty_primary_group,204,0.5174207628813323,12,0.0,True,True,True
3817,Tm5c,1.3765108618871964,5.0,True,0,nonempty_primary_group,205,1.3765108618871964,5,0.0,True,True,True
3818,Tm5c,1.605777782566168,5.0,True,0,nonempty_primary_group,206,1.605777782566168,5,0.0,True,True,True
3819,Tm5c,0.6044318628338748,53.0,True,0,nonempty_primary_group,207,0.6055413003210002,52,0.001109437487125331,False,False,False
3820,Tm5c,1.3084142896152433,187.0,False,0,nonempty_primary_group,208,1.3195033855977516,184,0.01108909598250829,False,False,False
3821,Tm5c,1.3413969613186982,24.0,False,0,nonempty_primary_group,209,1.341396961318698,24,2.220446049250313e-16,True,True,True
3822,Tm5c,1.6151403117520189,26.0,True,0,nonempty_primary_group,210,1.6151403117520187,26,2.220446049250313e-16,True,True,True
3823,Tm5c,1.151671192902364,17.0,False,0,nonempty_primary_group,211,1.5546174576165785,15,0.4029462647142146,False,False,False
3824,Tm5c,1.1088806845037444,6.0,True,0,nonempty_primary_group,212,1.1088806845037444,6,0.0,True,True,True
3825,Tm5c,1.0124934586135113,39.0,True,0,nonempty_primary_group,213,1.0124934586135115,39,2.220446049250313e-16,True,True,True
3826,Tm5c,1.7152584838243128,27.0,False,0,nonempty_primary_group,214,1.715258483824313,27,2.220446049250313e-16,True,True,True
3827,Tm5c,1.2529375588311271,30.0,True,0,nonempty_primary_group,215,1.2529375588311271,30,0.0,True,True,True
3828,Tm5c,1.31927842620853,30.0,True,0,nonempty_primary_group,216,1.31927842620853,30,0.0,True,True,True
3829,Tm5c,1.2947640548943091,1.0,True,0,nonempty_primary_group,217,1.2947640548943093,1,2.220446049250313e-16,True,True,True
3830,Tm5c,1.0491372671684058,1.0,True,0,nonempty_primary_group,218,1.049137267168406,1,2.220446049250313e-16,True,True,True
3831,Tm5c,2.2015963225232618,12.0,True,0,nonempty_primary_group,219,2.2015963225232613,12,4.440892098500626e-16,True,True,True
3832,Tm5c,1.6484587576827905,34.0,True,0,nonempty_primary_group,220,1.648458757682791,34,4.440892098500626e-16,True,True,True
3833,Tm5c,1.9103873128144504,34.0,True,0,nonempty_primary_group,221,1.9103873128144504,34,0.0,True,True,True
3834,Tm5c,0.5349738748434673,20.0,False,0,nonempty_primary_group,222,0.5590178254794649,21,0.024043950635997624,False,False,False
3835,Tm5c,0.8300114913242603,169.0,False,0,nonempty_primary_group,223,0.8165416155949304,169,0.013469875729329894,False,True,False
3836,Tm5c,0.6886757464792262,23.0,False,0,nonempty_primary_group,224,0.7347938939403899,22,0.046118147461163606,False,False,False
3837,Tm5c,0.32833839261723446,167.0,False,0,nonempty_primary_group,225,0.3283383926172344,167,5.551115123125783e-17,True,True,True
3838,Tm5c,0.41772907535150516,57.0,False,0,nonempty_primary_group,226,0.4177290753515052,57,5.551115123125783e-17,True,True,True
3839,Tm5c,0.9211699521935851,69.0,False,0,nonempty_primary_group,227,0.9272486860843011,68,0.006078733890716004,False,False,False
3840,Tm5c,0.8268192805246252,39.0,True,0,nonempty_primary_group,228,0.8268192805246252,39,0.0,True,True,True
3841,Tm5c,0.8724927667759369,1.0,True,0,nonempty_primary_group,229,0.8724927667759369,1,0.0,True,True,True
3842,Tm5c,1.281558260401884,6.0,True,0,nonempty_primary_group,230,1.2815582604018845,6,4.440892098500626e-16,True,True,True
3843,Tm5c,1.456356295890474,46.0,True,0,nonempty_primary_group,231,1.4563562958904739,46,2.220446049250313e-16,True,True,True
3844,Tm5c,0.3931433717873644,5.0,False,0,nonempty_primary_group,232,0.39849694259463114,6,0.005353570807266728,False,False,False
3845,Tm5c,1.1129103226625527,69.0,False,0,nonempty_primary_group,233,1.1129103226625527,69,0.0,True,True,True
3846,Tm5c,0.5973372751121728,29.0,True,0,nonempty_primary_group,234,0.5973372751121729,29,1.1102230246251565e-16,True,True,True
3847,Tm5c,0.9395435207140543,29.0,True,0,nonempty_primary_group,235,0.9395435207140546,29,2.220446049250313e-16,True,True,True
3848,Tm5c,0.8208796591455844,1.0,True,0,nonempty_primary_group,236,0.8208796591455845,1,1.1102230246251565e-16,True,True,True
3849,Tm5c,1.5430124219756232,29.0,True,0,nonempty_primary_group,237,1.543012421975623,29,2.220446049250313e-16,True,True,True
3850,Tm5c,1.8203482643351998,10.0,True,0,nonempty_primary_group,238,1.8528520283673942,9,0.03250376403219435,False,False,False
3851,Tm5c,1.2450772406584691,53.0,True,0,nonempty_primary_group,239,1.2495386469612901,52,0.004461406302820992,False,False,False
3852,Tm5c,0.9236493247668592,34.0,False,0,nonempty_primary_group,240,0.8954450771646771,35,0.028204247602182098,False,False,False
3853,Tm5c,1.360977343280409,71.0,True,0,nonempty_primary_group,241,1.3643992899659456,70,0.0034219466855365255,False,False,False
3854,Tm5c,-0.39400700389121457,68.0,False,0,nonempty_primary_group,242,-0.3940070038912145,68,5.551115123125783e-17,True,True,True
3855,Tm5c,-0.256372549755389,68.0,False,0,nonempty_primary_group,243,-0.25637254975538903,68,5.551115123125783e-17,True,True,True
3856,Tm5c,1.1940953512117556,306.0,False,0,nonempty_primary_group,245,1.2023563904514958,304,0.008261039239740198,False,False,False
3857,Tm5c,1.4971126043096663,1.0,True,0,nonempty_primary_group,246,1.4971126043096663,1,0.0,True,True,True
3858,Tm5c,1.5385295104709589,33.0,True,0,nonempty_primary_group,247,1.5385295104709587,33,2.220446049250313e-16,True,True,True
3859,Tm5c,0.5597122338725181,18.0,False,0,nonempty_primary_group,248,0.7389673610219786,14,0.17925512714946046,False,False,False
3860,Tm5c,1.2598621575683382,71.0,True,0,nonempty_primary_group,249,1.2620600232759884,70,0.0021978657076502373,False,False,False
3861,Tm5c,1.0796280434441035,34.0,False,0,nonempty_primary_group,250,1.0588354770087702,35,0.020792566435333226,False,False,False
3862,Tm5c,1.1061639305442592,18.0,False,0,nonempty_primary_group,251,1.0946470329478553,16,0.011516897596403952,False,False,False
3863,Tm5c,1.0077053682409927,18.0,False,0,nonempty_primary_group,252,1.2933753291822683,16,0.2856699609412756,False,False,False
3864,Tm5c,1.4654764947957741,53.0,False,0,nonempty_primary_group,253,1.4580234152849552,52,0.007453079510818972,False,False,False
3865,Tm5c,1.2234726007594738,53.0,False,0,nonempty_primary_group,254,1.2271570923108326,52,0.0036844915513587484,False,False,False
3866,Tm5c,-0.6634840275056223,7.0,False,0,nonempty_primary_group,255,-0.4839416362564978,4,0.17954239124912452,False,False,False
3867,Tm5c,-0.39307699398080415,7.0,False,0,nonempty_primary_group,256,-0.4330997792971574,4,0.04002278531635323,False,False,False
3868,Tm5c,0.0019522621294942965,20.0,False,0,nonempty_primary_group,257,-0.015798406392197796,21,0.017750668521692093,False,False,False
3869,Tm5c,-0.09165824104117222,20.0,False,0,nonempty_primary_group,258,-0.14377801905092344,21,0.05211977800975122,False,False,False
3870,Tm5c,0.47647426907261275,5.0,True,0,nonempty_primary_group,259,0.47647426907261287,5,1.1102230246251565e-16,True,True,True
3871,Tm5c,-0.1621639365577381,5.0,True,0,nonempty_primary_group,260,-0.16216393655773803,5,5.551115123125783e-17,True,True,True
3872,Tm5c,0.6898422142379401,24.0,False,0,nonempty_primary_group,261,0.68984221423794,24,1.1102230246251565e-16,True,True,True
3873,Tm5c,-0.19412420674192155,23.0,False,0,nonempty_primary_group,262,-0.14283266262621358,22,0.051291544115707965,False,False,False
3874,Tm5c,-0.43112704673163826,50.0,False,0,nonempty_primary_group,263,-0.4057572046492275,49,0.025369842082410776,False,False,False
3875,Tm5c,-0.40128196939388083,50.0,False,0,nonempty_primary_group,264,-0.37798730428598143,49,0.023294665107899404,False,False,False
3876,Tm5c,0.37848486918582075,30.0,True,0,nonempty_primary_group,265,0.3784848691858207,30,5.551115123125783e-17,True,True,True
3877,Tm5c,1.413561983796157,69.0,False,0,nonempty_primary_group,266,1.4135619837961573,69,2.220446049250313e-16,True,True,True
3878,Tm5c,1.3280213041319762,21.0,False,0,nonempty_primary_group,267,1.3191650531688621,22,0.008856250963114043,False,False,False
3879,Tm5c,0.8005248860739413,58.0,False,0,nonempty_primary_group,268,0.8083716815427973,58,0.007846795468855916,False,True,False
3880,Tm5c,1.2146363327525573,29.0,False,0,nonempty_primary_group,269,1.177378574891291,29,0.03725775786126628,False,True,False
3881,Tm5c,1.261748380156155,86.0,False,0,nonempty_primary_group,270,1.2668589352709254,85,0.005110555114770321,False,False,False
3882,Tm5c,1.2636741954698663,147.0,False,0,nonempty_primary_group,271,1.2658397510563273,147,0.002165555586461032,False,True,False
3883,Tm5c,1.390518204985509,233.0,False,0,nonempty_primary_group,272,1.3870547909673374,232,0.003463414018171518,False,False,False
3884,Tm5c,0.08515016293330571,23.0,False,0,nonempty_primary_group,273,0.14756137791226603,22,0.06241121497896032,False,False,False
3885,Tm5c,0.9769703882841088,18.0,False,0,nonempty_primary_group,274,0.9726196498995924,19,0.004350738384516384,False,False,False
3886,Tm5c,0.875862206151311,41.0,True,0,nonempty_primary_group,275,0.875862206151311,41,0.0,True,True,True
3887,Tm5c,1.0502758493562978,41.0,True,0,nonempty_primary_group,276,1.0502758493562976,41,2.220446049250313e-16,True,True,True
3888,Tm5c,1.1830917615396237,18.0,False,0,nonempty_primary_group,277,1.1921247034631641,19,0.009032941923540427,False,False,False
3889,Tm5c,1.450646034141173,46.0,True,0,nonempty_primary_group,278,1.450646034141173,46,0.0,True,True,True
3890,Tm5c,1.129160894795947,60.0,True,0,nonempty_primary_group,279,1.1355693522938723,59,0.006408457497925291,False,False,False
3891,Tm5c,1.0494756380507602,128.0,False,0,nonempty_primary_group,280,1.061901104441954,126,0.012425466391193796,False,False,False
3892,Tm5c,-0.051890566487449066,207.0,False,0,nonempty_primary_group,281,-0.024498535157652695,205,0.02739203132979637,False,False,False
3893,Tm5c,1.5528893234623058,14.0,True,0,nonempty_primary_group,282,1.5528893234623058,14,0.0,True,True,True
3894,Tm5c,0.6719904134000304,39.0,True,0,nonempty_primary_group,283,0.6719904134000304,39,0.0,True,True,True
3895,Tm5c,1.313985428519046,187.0,False,0,nonempty_primary_group,284,1.3313988414208986,184,0.01741341290185261,False,False,False
3896,Tm5c,-0.8893789707320272,5.0,False,0,nonempty_primary_group,289,-0.8696336630801338,6,0.019745307651893418,False,False,False
3897,Tm5c,-0.09805986818791428,24.0,False,0,nonempty_primary_group,290,-0.0980598681879143,24,2.7755575615628914e-17,True,True,True
3898,Tm5c,0.5295478218604786,1.0,True,0,nonempty_primary_group,291,0.5295478218604784,1,1.1102230246251565e-16,True,True,True
3899,Tm5c,0.9745007411436958,5.0,False,0,nonempty_primary_group,292,1.0363636722358234,6,0.06186293109212759,False,False,False
3900,Tm5c,0.2214863720883224,5.0,False,0,nonempty_primary_group,293,0.233984632395402,6,0.012498260307079595,False,False,False
3901,Tm5c,0.39621603399422717,58.0,False,0,nonempty_primary_group,294,0.48704677776457866,56,0.0908307437703515,False,False,False
3902,Tm5c,0.6431527799150308,39.0,True,0,nonempty_primary_group,295,0.643152779915031,39,1.1102230246251565e-16,True,True,True
3903,Tm5c,0.3040321461299425,14.0,True,0,nonempty_primary_group,296,0.36851931963977036,13,0.06448717350982786,False,False,False
3904,Tm5c,0.6642117033415647,24.0,False,0,nonempty_primary_group,297,0.6642117033415648,24,1.1102230246251565e-16,True,True,True
3905,Tm5c,0.610467227980819,24.0,False,0,nonempty_primary_group,298,0.6104672279808191,24,1.1102230246251565e-16,True,True,True
3906,Tm5c,-0.1627993629726681,24.0,False,0,nonempty_primary_group,299,-0.1627993629726681,24,0.0,True,True,True
3907,Tm5c,1.2713012224568259,188.0,False,0,nonempty_primary_group,300,1.2867699649430717,185,0.015468742486245857,False,False,False
3908,Tm5c,0.918045738366577,14.0,True,0,nonempty_primary_group,301,0.918045738366577,14,0.0,True,True,True
3909,Tm5c,0.9393580214446647,14.0,True,0,nonempty_primary_group,302,0.9393580214446644,14,3.3306690738754696e-16,True,True,True
3910,Tm5c,0.8408590222327383,47.0,False,0,nonempty_primary_group,303,0.824033599729402,48,0.016825422503336296,False,False,False
3911,Tm5c,0.9570701695273162,47.0,False,0,nonempty_primary_group,304,0.9296762242729978,48,0.027393945254318375,False,False,False
3912,Tm5c,1.1814000593011957,255.0,False,0,nonempty_primary_group,305,1.185548507380598,253,0.004148448079402289,False,False,False
3913,Tm5c,1.1544483992551589,60.0,False,0,nonempty_primary_group,306,1.1417847231860578,61,0.012663676069101015,False,False,False
3914,Tm5c,1.2561364391030012,48.0,False,0,nonempty_primary_group,307,1.205868772632909,44,0.05026766647009229,False,False,False
3915,Tm5c,0.49655766338096485,55.0,False,0,nonempty_primary_group,308,0.5884873343262719,51,0.09192967094530702,False,False,False
3916,Tm5c,0.6387488611439206,55.0,False,0,nonempty_primary_group,309,0.6635884686982131,51,0.024839607554292487,False,False,False
3917,Tm5c,-0.17551217335602787,5.0,False,0,nonempty_primary_group,310,-0.2024293067614995,6,0.026917133405471638,False,False,False
3918,Tm5c,0.1632480720684534,58.0,False,0,nonempty_primary_group,311,0.1992823603835108,56,0.036034288315057394,False,False,False
3919,Tm5c,1.8806849765479388,1.0,True,0,nonempty_primary_group,312,1.8806849765479388,1,0.0,True,True,True
3920,Tm5c,1.6427843182664303,29.0,True,0,nonempty_primary_group,314,1.6427843182664306,29,2.220446049250313e-16,True,True,True
3921,Tm5c,0.7690862122426504,18.0,False,0,nonempty_primary_group,315,0.9081316900327601,14,0.13904547779010967,False,False,False
3922,Tm5c,0.8278567516178177,39.0,True,0,nonempty_primary_group,316,0.8278567516178179,39,2.220446049250313e-16,True,True,True
3923,Tm5c,0.6620966963579252,57.0,False,0,nonempty_primary_group,317,0.6708556892939889,57,0.008758992936063636,False,True,False
3924,Tm5c,0.6831388429480142,73.0,False,0,nonempty_primary_group,318,0.6831388429480143,73,1.1102230246251565e-16,True,True,True
3925,Tm5c,1.9844507958305342,69.0,False,0,nonempty_primary_group,319,1.9844507958305335,69,6.661338147750939e-16,True,True,True
3926,Tm5c,1.2237968928936258,53.0,True,0,nonempty_primary_group,320,1.2235550520745893,52,0.00024184081903655397,False,False,False
3927,Tm5c,-0.14318782029873622,207.0,False,0,nonempty_primary_group,321,-0.12061525744751894,205,0.02257256285121728,False,False,False
3928,Tm5c,-0.296532350886941,5.0,False,0,nonempty_primary_group,322,-0.39265178680976015,6,0.09611943592281913,False,False,False
3929,Tm5c,1.4774634429673763,44.0,True,0,nonempty_primary_group,323,1.4774634429673765,44,2.220446049250313e-16,True,True,True
3930,Tm5c,1.3882879853629322,1.0,True,0,nonempty_primary_group,324,1.3882879853629322,1,0.0,True,True,True
3931,Tm5c,0.4148162677152782,14.0,True,0,nonempty_primary_group,325,0.43357490670664023,13,0.018758638991362042,False,False,False
3932,Tm5c,1.1085333662406056,17.0,True,0,nonempty_primary_group,326,1.1085333662406054,17,2.220446049250313e-16,True,True,True
3933,Tm5c,0.8869949997024076,57.0,False,0,nonempty_primary_group,327,0.8869949997024079,57,3.3306690738754696e-16,True,True,True
3934,Tm5c,0.8932366524949307,48.0,False,0,nonempty_primary_group,328,0.8709092135086794,47,0.022327438986251225,False,False,False
3935,Tm5c,0.736880055046705,46.0,True,0,nonempty_primary_group,329,0.736880055046705,46,0.0,True,True,True
3936,Tm5c,1.157698756515915,1.0,False,0,nonempty_primary_group,330,0.9703502383815641,2,0.18734851813435083,False,False,False
3937,Tm5c,1.2435168446479603,239.0,False,0,nonempty_primary_group,331,1.2430938352681604,237,0.00042300937979988795,False,False,False
3938,Tm5c,0.36337630630687406,14.0,True,0,nonempty_primary_group,332,0.4056320089422224,13,0.042255702635348336,False,False,False
3939,Tm5c,0.7588403442168208,15.0,True,0,nonempty_primary_group,333,0.7588403442168208,15,0.0,True,True,True
3940,Tm5c,0.9429506783270772,15.0,True,0,nonempty_primary_group,334,0.9429506783270775,15,2.220446049250313e-16,True,True,True
3941,Tm5c,0.8176587922371858,87.0,False,0,nonempty_primary_group,335,0.8258196372158385,85,0.00816084497865266,False,False,False
3942,Tm5c,1.1230133558502045,6.0,True,0,nonempty_primary_group,336,1.1230133558502045,6,0.0,True,True,True
3943,Tm5c,0.8755346139855623,6.0,True,0,nonempty_primary_group,337,0.8755346139855623,6,0.0,True,True,True
3944,Tm5c,0.41601949868105503,10.0,False,0,nonempty_primary_group,338,0.3520395769308828,11,0.06397992175017225,False,False,False
3945,Tm5c,0.9545132371127608,34.0,True,0,nonempty_primary_group,339,0.954513237112761,34,2.220446049250313e-16,True,True,True
3946,Tm5c,0.9316027951867191,68.0,False,0,nonempty_primary_group,340,0.9316027951867193,68,2.220446049250313e-16,True,True,True
3947,Tm5c,1.2050519052844624,14.0,True,0,nonempty_primary_group,341,1.2050519052844628,14,4.440892098500626e-16,True,True,True
3948,Tm5c,0.21558581602176405,49.0,False,0,nonempty_primary_group,342,0.19012523687100868,47,0.025460579150755364,False,False,False
3949,Tm5c,1.0341038316053022,40.0,True,0,nonempty_primary_group,343,1.0341038316053022,40,0.0,True,True,True
3950,Tm5c,1.4051357419077255,32.0,False,0,nonempty_primary_group,344,1.4311208023380182,32,0.025985060430292695,False,True,False
3951,Tm5c,0.23386874167177268,45.0,False,0,nonempty_primary_group,345,0.25572815298488566,46,0.021859411313112975,False,False,False
3952,Tm5c,0.36062721261591857,46.0,False,0,nonempty_primary_group,346,0.33047194934749136,47,0.030155263268427213,False,False,False
3953,Tm5c,0.21259129729365558,46.0,False,0,nonempty_primary_group,347,0.2324508587965881,47,0.019859561502932527,False,False,False
3954,Tm5c,1.1900186188056112,14.0,True,0,nonempty_primary_group,348,1.190018618805611,14,2.220446049250313e-16,True,True,True
3955,Tm5c,0.13591117278486825,34.0,False,0,nonempty_primary_group,349,0.13158874044468108,35,0.004322432340187171,False,False,False
3956,Tm5c,0.37752965939515815,44.0,True,0,nonempty_primary_group,350,0.37629221129319607,43,0.0012374481019620798,False,False,False
3957,Tm5c,0.18105296349559602,44.0,True,0,nonempty_primary_group,351,0.17211438635532772,43,0.0089385771402683,False,False,False
3958,Tm5c,1.3679893552543614,22.0,False,0,nonempty_primary_group,352,1.4514220349053695,21,0.08343267965100809,False,False,False
3959,Tm5c,-0.47571693802447396,25.0,False,0,nonempty_primary_group,353,-0.4757169380244739,25,5.551115123125783e-17,True,True,True
3960,Tm5c,-0.022066889113965284,1.0,False,0,nonempty_primary_group,354,0.3203787022123946,2,0.3424455913263599,False,False,False
3961,Tm5c,-1.0358721030120335,1.0,True,0,nonempty_primary_group,355,-1.0358721030120337,1,2.220446049250313e-16,True,True,True
3962,Tm5c,0.4337070980223867,45.0,False,0,nonempty_primary_group,356,0.46874213777915996,46,0.035035039756773245,False,False,False
3963,Tm5c,0.11328973553089434,49.0,False,0,nonempty_primary_group,357,0.0842633649164027,47,0.029026370614491648,False,False,False
3964,Tm5c,0.9987509633377358,34.0,True,0,nonempty_primary_group,358,0.9987509633377359,34,1.1102230246251565e-16,True,True,True
3965,Tm5c,1.0898292562174796,70.0,False,0,nonempty_primary_group,359,1.0760300032405248,71,0.013799252976954834,False,False,False
3966,Tm5c,1.2972118982426246,39.0,True,0,nonempty_primary_group,360,1.3249411786484544,38,0.02772928040582978,False,False,False
3967,Tm5c,1.0643627291676794,14.0,True,0,nonempty_primary_group,361,1.0643627291676794,14,0.0,True,True,True
3968,Tm5c,0.7128508748758885,183.0,False,0,nonempty_primary_group,362,0.7200190479157943,182,0.007168173039905801,False,False,False
3969,Tm5c,0.34479067005604913,14.0,True,0,nonempty_primary_group,363,0.3447906700560491,14,5.551115123125783e-17,True,True,True
3970,Tm5c,-0.23075885234559948,6.0,False,0,nonempty_primary_group,364,-0.28376631439811295,7,0.05300746205251347,False,False,False
3971,Tm5c,0.5974260657686505,38.0,True,0,nonempty_primary_group,365,0.5974260657686506,38,1.1102230246251565e-16,True,True,True
3972,Tm5c,0.1832454235090199,10.0,True,0,nonempty_primary_group,366,0.17419023547268625,9,0.00905518803633365,False,False,False
3973,Tm5c,0.8505257963498628,32.0,True,0,nonempty_primary_group,367,0.8505257963498629,32,1.1102230246251565e-16,True,True,True
3974,Tm5c,0.3211654561589051,15.0,False,0,nonempty_primary_group,368,0.3211654561589052,15,5.551115123125783e-17,True,True,True
3975,Tm5c,1.0023876715541735,68.0,False,0,nonempty_primary_group,369,1.0023876715541742,68,6.661338147750939e-16,True,True,True
3976,Tm5c,1.3658703948003583,45.0,True,0,nonempty_primary_group,370,1.3658703948003585,45,2.220446049250313e-16,True,True,True
3977,Tm5c,1.251650812194508,40.0,True,0,nonempty_primary_group,371,1.2516508121945076,40,4.440892098500626e-16,True,True,True
3978,Tm5c,0.8336080277804253,10.0,False,0,nonempty_primary_group,372,0.8201433762526836,11,0.013464651527741678,False,False,False
3979,Tm5c,1.4078312253739569,26.0,False,0,nonempty_primary_group,373,1.407831225373957,26,2.220446049250313e-16,True,True,True
3980,Tm5c,1.4822973819215768,14.0,True,0,nonempty_primary_group,374,1.4822973819215772,14,4.440892098500626e-16,True,True,True
3981,Tm5c,1.142964249654675,16.0,True,0,nonempty_primary_group,375,1.1228701011361932,15,0.02009414851848179,False,False,False
3982,Tm5c,0.10452885786220271,34.0,False,0,nonempty_primary_group,376,0.08502849241911059,35,0.019500365443092124,False,False,False
3983,Tm5c,-0.1624579631163654,1.0,True,0,nonempty_primary_group,377,-0.16245796311636546,1,5.551115123125783e-17,True,True,True
3984,Tm5c,-0.5222310618053747,25.0,False,0,nonempty_primary_group,378,-0.5222310618053746,25,1.1102230246251565e-16,True,True,True
3985,Tm5c,-0.039390002933769534,15.0,False,0,nonempty_primary_group,379,-0.03939000293376953,15,6.938893903907228e-18,True,True,True
3986,Tm5c,0.21879245176319204,15.0,False,0,nonempty_primary_group,380,0.2187924517631921,15,5.551115123125783e-17,True,True,True
3987,Tm5c,0.15148916688104785,44.0,False,0,nonempty_primary_group,381,0.1539239277624289,45,0.0024347608813810595,False,False,False
3988,Tm5c,0.07083309772983888,44.0,False,0,nonempty_primary_group,382,0.060972909437093784,45,0.009860188292745098,False,False,False
3989,Tm5c,1.5294352688461603,27.0,False,0,nonempty_primary_group,383,1.5294352688461603,27,0.0,True,True,True
3990,Tm5c,1.354195523337919,22.0,False,0,nonempty_primary_group,384,1.3964105747691833,21,0.04221505143126425,False,False,False
3991,Tm5c,1.2015468082858634,109.0,False,0,nonempty_primary_group,385,1.2114266867859014,109,0.00987987850003802,False,True,False
3992,Tm5c,1.0221627872032732,6.0,False,0,nonempty_primary_group,386,1.0007097623382213,7,0.02145302486505196,False,False,False
3993,Tm5c,0.8316313703754784,32.0,True,0,nonempty_primary_group,387,0.8316313703754782,32,2.220446049250313e-16,True,True,True
3994,Tm5c,0.7424679491283841,87.0,False,0,nonempty_primary_group,388,0.7496020676929814,85,0.007134118564597336,False,False,False
3995,Tm5c,-0.023174424715367698,34.0,True,0,nonempty_primary_group,389,-0.023174424715367688,34,1.0408340855860843e-17,True,True,True
3996,Tm5c,0.21323144688662118,68.0,False,0,nonempty_primary_group,390,0.21323144688662113,68,5.551115123125783e-17,True,True,True
3997,Tm5c,1.164879336427466,27.0,False,0,nonempty_primary_group,391,1.164879336427466,27,0.0,True,True,True
3998,Tm5c,-0.9345132394436128,1.0,False,0,nonempty_primary_group,392,0.3054445494548979,2,1.2399577888985107,False,False,False
3999,Tm5c,0.311644675389608,84.0,True,0,nonempty_primary_group,393,0.31062379585790845,83,0.0010208795316995478,False,False,False
4000,Tm5c,0.5793506158233922,15.0,True,0,nonempty_primary_group,394,0.5793506158233921,15,1.1102230246251565e-16,True,True,True
4001,Tm5c,0.3645373059008098,44.0,True,0,nonempty_primary_group,395,0.3645373059008099,44,1.1102230246251565e-16,True,True,True
4002,Tm5c,-0.02575311481492451,45.0,False,0,nonempty_primary_group,396,-0.031400605226699387,46,0.005647490411774876,False,False,False
4003,Tm5c,0.7202419854343841,169.0,False,0,nonempty_primary_group,397,0.7288367279171424,169,0.008594742482758266,False,True,False
4004,Tm5c,0.19863319441074387,129.0,False,0,nonempty_primary_group,398,0.2145903279041881,127,0.015957133493444242,False,False,False
4005,Tm5c,1.175156175482911,16.0,True,0,nonempty_primary_group,399,1.182224547901079,15,0.007068372418167934,False,False,False
4006,Tm5c,1.0803511417709049,26.0,False,0,nonempty_primary_group,400,1.0803511417709049,26,0.0,True,True,True
4007,Tm5c,1.707618087083797,45.0,True,0,nonempty_primary_group,401,1.707618087083798,45,1.1102230246251565e-15,True,True,True
4008,Tm5c,0.2599555131193224,129.0,False,0,nonempty_primary_group,402,0.2622628569115952,127,0.0023073437922727646,False,False,False
4009,Tm5c,0.47372915198399174,254.0,False,0,nonempty_primary_group,403,0.4899854776325723,252,0.01625632564858054,False,False,False
4010,Tm5c,0.4807224125983805,14.0,True,0,nonempty_primary_group,404,0.4764593088763247,13,0.004263103722055794,False,False,False
4011,Tm5c,0.32360286724123605,74.0,False,0,nonempty_primary_group,405,0.3127430309558372,74,0.010859836285398827,False,True,False
4012,Tm5c,0.2360332549050784,76.0,True,0,nonempty_primary_group,406,0.23603325490507854,76,1.3877787807814457e-16,True,True,True
4013,Tm5c,1.0095333290512873,46.0,True,0,nonempty_primary_group,407,1.0095333290512871,46,2.220446049250313e-16,True,True,True
4014,Tm5c,-0.3050664983820561,7.0,False,0,nonempty_primary_group,408,0.2466671826614737,4,0.5517336810435298,False,False,False
4015,Tm5c,0.8010300986757687,46.0,True,0,nonempty_primary_group,409,0.8010300986757685,46,2.220446049250313e-16,True,True,True
4016,Tm5c,-0.532726261383855,1.0,True,0,nonempty_primary_group,410,-0.532726261383855,1,0.0,True,True,True
4017,Tm5c,0.6601762142052852,38.0,True,0,nonempty_primary_group,411,0.6601762142052853,38,1.1102230246251565e-16,True,True,True
4018,Tm5c,2.4590656378329183,1.0,False,0,nonempty_primary_group,412,1.0432081894614993,2,1.415857448371419,False,False,False
4019,Tm5c,0.5337990137917111,22.0,False,0,nonempty_primary_group,413,0.6033567422412806,21,0.06955772844956942,False,False,False
4020,Tm5c,0.7682921147864034,100.0,True,0,nonempty_primary_group,414,0.7810159244981967,99,0.012723809711793321,False,False,False
4021,Tm5c,0.4435967145263919,52.0,False,0,nonempty_primary_group,415,0.44359671452639193,52,5.551115123125783e-17,True,True,True
4022,Tm5c,0.7953776603391436,34.0,True,0,nonempty_primary_group,416,0.7953776603391438,34,2.220446049250313e-16,True,True,True
4023,Tm5c,-0.13545387001070827,1.0,True,0,nonempty_primary_group,417,-0.1354538700107083,1,2.7755575615628914e-17,True,True,True
4024,Tm5c,1.1242371638306998,128.0,False,0,nonempty_primary_group,418,1.1383221585162482,126,0.014084994685548358,False,False,False
4025,Tm5c,0.07769366389322412,34.0,True,0,nonempty_primary_group,419,0.07769366389322409,34,2.7755575615628914e-17,True,True,True
4026,Tm5c,0.2402621709350687,5.0,True,0,nonempty_primary_group,420,0.24026217093506866,5,2.7755575615628914e-17,True,True,True
4027,Tm5c,0.20015859208946743,26.0,False,0,nonempty_primary_group,421,0.20015859208946743,26,0.0,True,True,True
4028,Tm5c,0.4914946739041795,15.0,False,0,nonempty_primary_group,422,0.49149467390417956,15,5.551115123125783e-17,True,True,True
4029,Tm5c,0.2660734690462669,26.0,False,0,nonempty_primary_group,423,0.26607346904626694,26,5.551115123125783e-17,True,True,True
4030,Tm5c,0.27188161571046054,26.0,False,0,nonempty_primary_group,424,0.3426812301052198,22,0.07079961439475924,False,False,False
4031,Tm5c,-0.1931677240527705,1.0,True,0,nonempty_primary_group,425,-0.1931677240527705,1,0.0,True,True,True
4032,Tm5c,1.0955517697534574,32.0,True,0,nonempty_primary_group,426,1.0955517697534574,32,0.0,True,True,True
4033,Tm5c,-0.4940769134246297,1.0,True,0,nonempty_primary_group,427,-0.49407691342462945,1,2.7755575615628914e-16,True,True,True
4034,Tm5c,0.01875846321032129,26.0,False,0,nonempty_primary_group,428,0.15322463528110145,22,0.13446617207078015,False,False,False
4035,Tm5c,0.08794014863296551,18.0,False,0,nonempty_primary_group,429,0.031191014583771926,19,0.056749134049193586,False,False,False
4036,Tm5c,0.4822691862645262,24.0,False,0,nonempty_primary_group,430,0.48226918626452614,24,5.551115123125783e-17,True,True,True
4037,Tm5c,1.1393917027279512,32.0,True,0,nonempty_primary_group,431,1.139391702727951,32,2.220446049250313e-16,True,True,True
4038,Tm5c,0.9336538113306007,128.0,False,0,nonempty_primary_group,432,0.9443215179563661,126,0.010667706625765438,False,False,False
4039,Tm5c,-0.33876485097184444,5.0,False,0,nonempty_primary_group,433,-0.45607350274221387,6,0.11730865177036942,False,False,False
4040,Tm5c,0.6266131749338284,254.0,False,0,nonempty_primary_group,434,0.6316748817375734,252,0.005061706803744959,False,False,False
4041,Tm5c,0.2365436412871749,164.0,False,0,nonempty_primary_group,435,0.2553022446082561,163,0.01875860332108123,False,False,False
4042,Tm5c,-0.1506544294217332,5.0,True,0,nonempty_primary_group,436,-0.15065442942173327,5,5.551115123125783e-17,True,True,True
4043,Tm5c,0.559456416140028,209.0,False,0,nonempty_primary_group,437,0.5637889085484784,208,0.004332492408450461,False,False,False
4044,Tm5c,0.11817183336164507,45.0,False,0,nonempty_primary_group,438,0.1183582700433379,46,0.00018643668169283922,False,False,False
4045,Tm5c,0.381679502226649,44.0,True,0,nonempty_primary_group,439,0.38167950222664904,44,5.551115123125783e-17,True,True,True
4046,Tm5c,-0.14204287267065663,7.0,False,0,nonempty_primary_group,440,0.1988372592376465,4,0.34088013190830313,False,False,False
4047,Tm5c,0.4845951812580228,18.0,False,0,nonempty_primary_group,441,0.5131287224478372,19,0.028533541189814438,False,False,False
4048,Tm5c,1.1781457056075706,1.0,True,0,nonempty_primary_group,442,1.1781457056075704,1,2.220446049250313e-16,True,True,True
4049,Tm5c,0.11120771408273884,24.0,False,0,nonempty_primary_group,443,0.11120771408273883,24,1.3877787807814457e-17,True,True,True
4050,Tm5c,0.06218736185093143,44.0,True,0,nonempty_primary_group,444,0.062187361850931405,44,2.7755575615628914e-17,True,True,True
4051,Tm5c,-0.2596174972881375,1.0,True,0,nonempty_primary_group,445,-0.25961749728813754,1,5.551115123125783e-17,True,True,True
4052,Tm5c,-0.03025179911489957,15.0,True,0,nonempty_primary_group,446,-0.030251799114899558,15,1.0408340855860843e-17,True,True,True
4053,Tm5c,-0.20920811702380376,19.0,False,0,nonempty_primary_group,447,-0.11290600599483214,16,0.09630211102897163,False,False,False
4054,Tm5c,-0.05354221438309422,68.0,False,0,nonempty_primary_group,448,-0.05354221438309422,68,0.0,True,True,True
4055,Tm5c,0.17761482227142902,15.0,True,0,nonempty_primary_group,449,0.17761482227142902,15,0.0,True,True,True
4056,Tm5c,0.2929340000487864,84.0,True,0,nonempty_primary_group,450,0.290367506129465,83,0.0025664939193214,False,False,False
4057,Tm5c,-0.42773629908690464,23.0,False,0,nonempty_primary_group,451,-0.3670502589691462,22,0.06068604011775841,False,False,False
4058,Tm5c,0.22513593260949197,44.0,True,0,nonempty_primary_group,452,0.225135932609492,44,2.7755575615628914e-17,True,True,True
4059,Tm5c,0.029796081125454395,30.0,True,0,nonempty_primary_group,453,0.02979608112545441,30,1.3877787807814457e-17,True,True,True
4060,Tm5c,0.20830411331153315,158.0,False,0,nonempty_primary_group,454,0.22095490396494852,157,0.012650790653415372,False,False,False
4061,Tm5c,0.10007859914200576,2.0,False,0,nonempty_primary_group,455,0.0886477561636329,3,0.011430842978372865,False,False,False
4062,Tm5c,0.41831788137845766,22.0,False,0,nonempty_primary_group,456,0.45872656316536525,21,0.040408681786907596,False,False,False
4063,Tm5c,0.4117336399308808,39.0,True,0,nonempty_primary_group,457,0.4117336399308809,39,1.1102230246251565e-16,True,True,True
4064,Tm5c,0.6713120986432983,13.0,True,0,nonempty_primary_group,458,0.6713120986432983,13,0.0,True,True,True
4065,Tm5c,0.5001063236000217,50.0,False,0,nonempty_primary_group,459,0.4890435388160905,51,0.011062784783931245,False,False,False
4066,Tm5c,0.24886584848669996,26.0,True,0,nonempty_primary_group,460,0.24886584848669996,26,0.0,True,True,True
4067,Tm5c,0.9412035060904883,14.0,True,0,nonempty_primary_group,461,1.0073159663642086,13,0.06611246027372031,False,False,False
4068,Tm5c,0.517425985177067,137.0,False,0,nonempty_primary_group,462,0.5175388390943498,138,0.00011285391728288463,False,False,False
4069,Tm5c,0.2289530815866638,103.0,False,0,nonempty_primary_group,463,0.2504335677776654,101,0.021480486191001597,False,False,False
4070,Tm5c,0.2803522667347232,10.0,True,0,nonempty_primary_group,464,0.23276047673589773,9,0.04759178999882546,False,False,False
4071,Tm5c,0.6060144062294679,15.0,False,0,nonempty_primary_group,465,0.6060144062294678,15,1.1102230246251565e-16,True,True,True
4072,Tm5c,0.800386150770949,34.0,True,0,nonempty_primary_group,466,0.8003861507709493,34,3.3306690738754696e-16,True,True,True
4073,Tm5c,0.8294928220275813,24.0,False,0,nonempty_primary_group,467,0.8294928220275817,24,3.3306690738754696e-16,True,True,True
4074,Tm5c,2.179105250449058,1.0,True,0,nonempty_primary_group,468,2.1791052504490573,1,4.440892098500626e-16,True,True,True
4075,Tm5c,0.5950071522735803,44.0,True,0,nonempty_primary_group,469,0.5950071522735804,44,1.1102230246251565e-16,True,True,True
4076,Tm5c,-0.09951556814042203,30.0,True,0,nonempty_primary_group,470,-0.09951556814042202,30,1.3877787807814457e-17,True,True,True
4077,Tm5c,0.4150377124615818,254.0,False,0,nonempty_primary_group,471,0.43055637602110713,252,0.015518663559525359,False,False,False
4078,Tm5c,0.9296100999024752,34.0,True,0,nonempty_primary_group,472,0.9296100999024753,34,1.1102230246251565e-16,True,True,True
4079,Tm5c,0.6504338935713159,15.0,False,0,nonempty_primary_group,473,0.6504338935713158,15,1.1102230246251565e-16,True,True,True
4080,Tm5c,0.5373181219003496,44.0,True,0,nonempty_primary_group,474,0.5373181219003497,44,1.1102230246251565e-16,True,True,True
4081,Tm5c,0.3449030533166395,44.0,True,0,nonempty_primary_group,475,0.3449030533166395,44,0.0,True,True,True
4082,Tm5c,0.4117010146015051,53.0,False,0,nonempty_primary_group,476,0.43767836262005644,51,0.02597734801855134,False,False,False
4083,Tm5c,0.05948354637136445,13.0,True,0,nonempty_primary_group,477,0.059483546371364465,13,1.3877787807814457e-17,True,True,True
4084,Tm5c,0.5926713271164745,50.0,False,0,nonempty_primary_group,478,0.5906616280762701,51,0.002009699040204427,False,False,False
4085,Tm5c,0.5294355875072939,53.0,False,0,nonempty_primary_group,479,0.5721247207745476,51,0.042689133267253654,False,False,False
4086,Tm5c,0.3473373381849455,44.0,True,0,nonempty_primary_group,480,0.34733733818494544,44,5.551115123125783e-17,True,True,True
4087,Tm5c,0.6659673159939992,69.0,False,0,nonempty_primary_group,481,0.6659673159939992,69,0.0,True,True,True
4088,Tm5c,-0.6580657777219014,23.0,False,0,nonempty_primary_group,482,-0.6220190076308042,22,0.03604677009109725,False,False,False
4089,Tm5c,0.44314648606081686,10.0,True,0,nonempty_primary_group,483,0.442317523650383,9,0.0008289624104338422,False,False,False
4090,Tm5c,0.14944014042404122,26.0,True,0,nonempty_primary_group,484,0.14944014042404122,26,0.0,True,True,True
4091,Tm5c,0.1903169578085477,221.0,False,0,nonempty_primary_group,485,0.19292133525554717,220,0.0026043774469994563,False,False,False
4092,Tm5c,1.1590643106426268,5.0,False,0,nonempty_primary_group,486,1.1832271907582346,6,0.024162880115607743,False,False,False
4093,Tm5c,0.5817897183207278,24.0,False,0,nonempty_primary_group,487,0.5817897183207279,24,1.1102230246251565e-16,True,True,True
4094,Tm5c,-0.1910745101030314,1.0,True,0,nonempty_primary_group,488,-0.19107451010303142,1,2.7755575615628914e-17,True,True,True
4095,Tm5c,0.4732304634468444,24.0,False,0,nonempty_primary_group,489,0.47323046344684444,24,5.551115123125783e-17,True,True,True
4096,Tm5c,1.292307860754871,1.0,True,0,nonempty_primary_group,490,1.292307860754871,1,0.0,True,True,True
4097,Tm5c,0.3739075397777936,44.0,True,0,nonempty_primary_group,491,0.3739075397777937,44,5.551115123125783e-17,True,True,True
4098,Tm5c,0.22644071496126866,56.0,False,0,nonempty_primary_group,492,0.22644071496126866,56,0.0,True,True,True
4099,Tm5c,0.16589110200644436,84.0,False,0,nonempty_primary_group,493,0.15696436564605515,84,0.00892673636038921,False,True,False
4100,Tm5c,-0.2315299939939431,66.0,False,0,nonempty_primary_group,494,-0.20656940100313048,66,0.02496059299081263,False,True,False
4101,Tm5c,0.5264437095546125,64.0,True,0,nonempty_primary_group,495,0.5264437095546124,64,1.1102230246251565e-16,True,True,True
4102,Tm5c,0.07454878689512034,15.0,True,0,nonempty_primary_group,496,0.07454878689512036,15,1.3877787807814457e-17,True,True,True
4103,Tm5c,0.19463007996629683,69.0,False,0,nonempty_primary_group,497,0.1946300799662968,69,2.7755575615628914e-17,True,True,True
4104,Tm5c,-0.24565869581668726,19.0,False,0,nonempty_primary_group,498,-0.052511498676998794,16,0.19314719713968848,False,False,False
4105,Tm5c,0.19914122902719894,69.0,False,0,nonempty_primary_group,499,0.19914122902719894,69,0.0,True,True,True
4106,Tm5c,0.134527385607334,56.0,False,0,nonempty_primary_group,500,0.13452738560733396,56,2.7755575615628914e-17,True,True,True
4107,Tm5c,0.17989605321208552,84.0,False,0,nonempty_primary_group,501,0.17818234497750596,84,0.0017137082345795585,False,True,False
4108,Tm5c,-0.10678610167899573,66.0,False,0,nonempty_primary_group,502,-0.08075441274289054,66,0.02603168893610519,False,True,False
4109,Tm5c,0.2966791499979345,64.0,True,0,nonempty_primary_group,503,0.2966791499979343,64,1.6653345369377348e-16,True,True,True
4110,Tm20,0.48236643003532825,7.0,True,0,nonempty_primary_group,0,0.532470562018101,6,0.05010413198277269,False,False,False
4111,Tm20,0.17634307827233933,10.0,False,0,nonempty_primary_group,1,0.2436981244080721,8,0.06735504613573276,False,False,False
4112,Tm20,2.318892992308086,26.0,True,0,nonempty_primary_group,2,2.3188929923080863,26,4.440892098500626e-16,True,True,True
4113,Tm20,1.0582679683384455,13.0,False,0,nonempty_primary_group,3,1.1721241428274254,12,0.11385617448897989,False,False,False
4114,Tm20,0.677488072430271,35.0,False,0,nonempty_primary_group,4,0.6551978454008186,32,0.02229022702945238,False,False,False
4115,Tm20,1.840693850837313,21.0,False,0,nonempty_primary_group,5,1.9663734885248347,22,0.12567963768752177,False,False,False
4116,Tm20,-0.0838359683558905,16.0,True,0,nonempty_primary_group,6,-0.08383596835589047,16,2.7755575615628914e-17,True,True,True
4117,Tm20,0.3117848312512499,6.0,False,0,nonempty_primary_group,7,0.3117848312512497,6,1.6653345369377348e-16,True,True,True
4118,Tm20,-1.2013335236554876,1.0,False,0,nonempty_primary_group,8,-1.2013335236554878,1,2.220446049250313e-16,True,True,True
4119,Tm20,0.17438284096172538,5.0,True,0,nonempty_primary_group,9,0.17438284096172538,5,0.0,True,True,True
4120,Tm20,0.33817484942249526,7.0,False,0,nonempty_primary_group,10,0.3381748494224953,7,5.551115123125783e-17,True,True,True
4121,Tm20,0.257460065778451,26.0,True,0,nonempty_primary_group,11,0.25746006577845104,26,5.551115123125783e-17,True,True,True
4122,Tm20,0.47764633748910457,9.0,True,0,nonempty_primary_group,12,0.6760905709146956,8,0.19844423342559103,False,False,False
4123,Tm20,0.21923701281579636,5.0,True,0,nonempty_primary_group,13,0.21923701281579627,5,8.326672684688674e-17,True,True,True
4124,Tm20,1.577260326664651,2.0,True,0,nonempty_primary_group,14,1.5772603266646512,2,2.220446049250313e-16,True,True,True
4125,Tm20,-0.029887372702331216,16.0,False,0,nonempty_primary_group,15,0.29317793010883014,15,0.32306530281116136,False,False,False
4126,Tm20,0.5293532281805593,4.0,True,0,nonempty_primary_group,16,0.5293532281805593,4,0.0,True,True,True
4127,Tm20,0.21563994807092107,7.0,True,0,nonempty_primary_group,17,0.08330642433738848,6,0.13233352373353258,False,False,False
4128,Tm20,1.7515190274467025,7.0,False,0,nonempty_primary_group,18,1.7515190274467025,7,0.0,True,True,True
4129,Tm20,1.1746838394299957,7.0,False,0,nonempty_primary_group,19,1.1746838394299957,7,0.0,True,True,True
4130,Tm20,-0.6202509112928725,19.0,False,0,nonempty_primary_group,20,-0.6063361866101058,18,0.013914724682766666,False,False,False
4131,Tm20,-0.11507186254376135,8.0,False,0,nonempty_primary_group,21,-0.06369997992811509,10,0.051371882615646264,False,False,False
4132,Tm20,1.1304806786087644,7.0,True,0,nonempty_primary_group,22,1.1691648431656623,6,0.038684164556897827,False,False,False
4133,Tm20,0.9453407258249165,12.0,False,0,nonempty_primary_group,23,1.1810064191981415,10,0.23566569337322507,False,False,False
4134,Tm20,1.7978926340641657,26.0,True,0,nonempty_primary_group,24,1.7978926340641666,26,8.881784197001252e-16,True,True,True
4135,Tm20,0.35333898168922057,8.0,False,0,nonempty_primary_group,25,0.5439956149947567,7,0.19065663330553612,False,False,False
4136,Tm20,1.710207410729506,13.0,False,0,nonempty_primary_group,26,1.613851163982202,15,0.09635624674730403,False,False,False
4137,Tm20,0.27294315753134996,15.0,False,0,nonempty_primary_group,27,0.27294315753134996,15,0.0,True,True,True
4138,Tm20,0.14107865116075627,4.0,True,0,nonempty_primary_group,28,0.3520939411359174,3,0.21101528997516114,False,False,False
4139,Tm20,0.7311164531432471,24.0,True,0,nonempty_primary_group,29,0.7311164531432474,24,2.220446049250313e-16,True,True,True
4140,Tm20,0.634189648065284,94.0,False,0,nonempty_primary_group,30,0.6551717475321781,90,0.02098209946689411,False,False,False
4141,Tm20,0.16857778579396276,7.0,False,0,nonempty_primary_group,31,0.16857778579396274,7,2.7755575615628914e-17,True,True,True
4142,Tm20,1.8061441960277083,26.0,True,0,nonempty_primary_group,32,1.8061441960277083,26,0.0,True,True,True
4143,Tm20,0.5131293547854613,1.0,False,0,nonempty_primary_group,33,0.5131293547854612,1,1.1102230246251565e-16,True,True,True
4144,Tm20,0.4654553450614425,7.0,False,0,nonempty_primary_group,34,0.46545534506144254,7,5.551115123125783e-17,True,True,True
4145,Tm20,1.2048122159032977,3.0,False,0,nonempty_primary_group,35,1.204812215903298,3,2.220446049250313e-16,True,True,True
4146,Tm20,0.5669713096029548,6.0,False,0,nonempty_primary_group,36,0.629065360064485,5,0.06209405046153016,False,False,False
4147,Tm20,1.609987510170921,20.0,False,0,nonempty_primary_group,37,1.6099875101709213,20,4.440892098500626e-16,True,True,True
4148,Tm20,2.863840522519702,4.0,True,0,nonempty_primary_group,38,2.8638405225197014,4,4.440892098500626e-16,True,True,True
4149,Tm20,0.5698484041945823,7.0,False,0,nonempty_primary_group,39,0.7543792896793681,6,0.1845308854847858,False,False,False
4150,Tm20,1.0796880797396027,4.0,True,0,nonempty_primary_group,40,1.079688079739603,4,2.220446049250313e-16,True,True,True
4151,Tm20,0.7573954032900306,17.0,False,0,nonempty_primary_group,41,0.8387761590435143,18,0.08138075575348369,False,False,False
4152,Tm20,0.19418739004570146,26.0,True,0,nonempty_primary_group,42,0.19418739004570143,26,2.7755575615628914e-17,True,True,True
4153,Tm20,1.3285796367487703,51.0,False,0,nonempty_primary_group,43,1.4153496852176455,48,0.08677004846887515,False,False,False
4154,Tm20,-0.6889285597014627,1.0,False,0,nonempty_primary_group,44,-0.6889285597014627,1,0.0,True,True,True
4155,Tm20,-0.6505973587733171,13.0,False,0,nonempty_primary_group,45,-0.3318308708936394,11,0.31876648787967776,False,False,False
4156,Tm20,0.12605217505229702,12.0,False,0,nonempty_primary_group,46,0.2177676861979357,10,0.0917155111456387,False,False,False
4157,Tm20,0.36289532863490154,17.0,False,0,nonempty_primary_group,47,0.36467734762587706,16,0.0017820189909755202,False,False,False
4158,Tm20,0.2782690423427874,135.0,False,0,nonempty_primary_group,48,0.28444138294570936,132,0.0061723406029219885,False,False,False
4159,Tm20,0.33537670790815843,4.0,False,0,nonempty_primary_group,49,0.33537670790815843,4,0.0,True,True,True
4160,Tm20,0.5868263263204537,6.0,True,0,nonempty_primary_group,50,0.586826326320454,6,2.220446049250313e-16,True,True,True
4161,Tm20,0.233468991372452,1.0,False,0,nonempty_primary_group,51,0.233468991372452,1,0.0,True,True,True
4162,Tm20,0.017664526250576986,7.0,True,0,nonempty_primary_group,52,0.14619100653469255,6,0.12852648028411556,False,False,False
4163,Tm20,-2.2182562397553824,8.0,False,0,nonempty_primary_group,53,-2.218256239755382,8,4.440892098500626e-16,True,True,True
4164,Tm20,0.8263571620238265,89.0,False,0,nonempty_primary_group,54,0.8615078296583817,86,0.03515066763455521,False,False,False
4165,Tm20,-0.5318440336516573,9.0,False,0,nonempty_primary_group,55,-0.35097536398591495,7,0.1808686696657424,False,False,False
4166,Tm20,0.005532454252710101,4.0,True,0,nonempty_primary_group,56,0.27345144424322193,3,0.26791898999051184,False,False,False
4167,Tm20,-0.01856552458505521,3.0,True,0,nonempty_primary_group,57,-0.08921781041849064,2,0.07065228583343543,False,False,False
4168,Tm20,0.9663654579220989,12.0,False,0,nonempty_primary_group,58,0.7250327156829293,13,0.24133274223916967,False,False,False
4169,Tm20,-0.05415096057305472,7.0,True,0,nonempty_primary_group,59,0.05031943581810661,6,0.10447039639116133,False,False,False
4170,Tm20,2.295322961826771,1.0,True,0,nonempty_primary_group,60,2.2953229618267716,1,4.440892098500626e-16,True,True,True
4171,Tm20,0.09749782414979023,7.0,False,0,nonempty_primary_group,61,0.09749782414979023,7,0.0,True,True,True
4172,Tm20,-0.9852898144160023,2.0,True,0,nonempty_primary_group,62,-0.9852898144160023,2,0.0,True,True,True
4173,Tm20,-0.03203268881561873,1.0,False,0,nonempty_primary_group,63,-0.032032688815618604,1,1.249000902703301e-16,True,True,True
4174,Tm20,-0.1220948158134012,5.0,True,0,nonempty_primary_group,64,-0.12209481581340118,5,2.7755575615628914e-17,True,True,True
4175,Tm20,0.09523184101881953,37.0,False,0,nonempty_primary_group,65,0.2758839589776472,34,0.18065211795882768,False,False,False
4176,Tm20,-0.0989036982922195,1.0,True,0,nonempty_primary_group,66,-0.09890369829222001,1,5.134781488891349e-16,True,True,True
4177,Tm20,1.267504155424304,60.0,False,0,nonempty_primary_group,67,1.3344632491564763,58,0.06695909373217224,False,False,False
4178,Tm20,-0.5722187504038425,2.0,False,0,nonempty_primary_group,68,0.028489567632810964,1,0.6007083180366535,False,False,False
4179,Tm20,0.1679670718200575,48.0,False,0,nonempty_primary_group,69,0.21751739864294647,46,0.049550326822888985,False,False,False
4180,Tm20,1.436497688447927,5.0,True,0,nonempty_primary_group,70,1.4364976884479268,5,2.220446049250313e-16,True,True,True
4181,Tm20,0.1940414908967036,8.0,False,0,nonempty_primary_group,71,0.19404149089670364,8,2.7755575615628914e-17,True,True,True
4182,Tm20,0.7322509941099468,54.0,False,0,nonempty_primary_group,72,0.7322509941099467,54,1.1102230246251565e-16,True,True,True
4183,Tm20,-0.45827356436585015,1.0,False,0,empty_primary_group,73,,0,,False,False,False
4184,Tm20,0.5544048707824444,5.0,True,0,nonempty_primary_group,74,0.5544048707824444,5,0.0,True,True,True
4185,Tm20,0.5847507034157905,56.0,False,0,nonempty_primary_group,75,0.595633239036892,55,0.01088253562110153,False,False,False
4186,Tm20,0.6854587989662473,9.0,False,0,nonempty_primary_group,76,0.7721394112970171,8,0.08668061233076985,False,False,False
4187,Tm20,1.1093220787220168,2.0,True,0,nonempty_primary_group,77,1.109322078722017,2,2.220446049250313e-16,True,True,True
4188,Tm20,0.7543733084296608,24.0,True,0,nonempty_primary_group,78,0.7543733084296605,24,2.220446049250313e-16,True,True,True
4189,Tm20,-0.05943166722618235,14.0,False,0,nonempty_primary_group,79,-0.021612934695867055,13,0.0378187325303153,False,False,False
4190,Tm20,-0.04557790238478638,31.0,False,0,nonempty_primary_group,81,0.04616575948221604,29,0.09174366186700242,False,False,False
4191,Tm20,0.003577574133277789,26.0,False,0,nonempty_primary_group,82,0.0035775741332777925,26,3.469446951953614e-18,True,True,True
4192,Tm20,0.11516714865816784,14.0,False,0,nonempty_primary_group,83,0.11516714865816782,14,1.3877787807814457e-17,True,True,True
4193,Tm20,0.14213205732486633,28.0,False,0,nonempty_primary_group,84,0.1421320573248663,28,2.7755575615628914e-17,True,True,True
4194,Tm20,-0.057081603168235344,4.0,True,0,nonempty_primary_group,85,0.1048785154066519,3,0.16196011857488724,False,False,False
4195,Tm20,0.9901840797227521,21.0,False,0,nonempty_primary_group,86,0.8771649170577871,22,0.11301916266496503,False,False,False
4196,Tm20,0.4742815187852978,10.0,False,0,nonempty_primary_group,87,0.5212506234818608,8,0.04696910469656301,False,False,False
4197,Tm20,0.9405048190822008,137.0,False,0,nonempty_primary_group,88,0.9561812087456872,133,0.01567638966348639,False,False,False
4198,Tm20,1.390882027619337,7.0,True,0,nonempty_primary_group,89,1.3908820276193372,7,2.220446049250313e-16,True,True,True
4199,Tm20,0.23340665856183507,8.0,False,0,nonempty_primary_group,90,0.3821865049856087,7,0.14877984642377362,False,False,False
4200,Tm20,0.18744670468065333,26.0,False,0,nonempty_primary_group,91,0.18563087929493083,25,0.0018158253857225026,False,False,False
4201,Tm20,0.7671159608156947,10.0,True,0,nonempty_primary_group,92,0.8698483531021943,9,0.10273239228649966,False,False,False
4202,Tm20,0.959090759117073,7.0,True,0,nonempty_primary_group,93,0.7606510594330326,6,0.1984396996840404,False,False,False
4203,Tm20,1.3128021601706428,7.0,False,0,nonempty_primary_group,94,1.3128021601706426,7,2.220446049250313e-16,True,True,True
4204,Tm20,0.9329889620395415,5.0,True,0,nonempty_primary_group,95,0.9329889620395416,5,1.1102230246251565e-16,True,True,True
4205,Tm20,0.7407320831754948,7.0,False,0,nonempty_primary_group,96,0.7407320831754947,7,1.1102230246251565e-16,True,True,True
4206,Tm20,0.8629632662067941,7.0,False,0,nonempty_primary_group,97,0.8629632662067941,7,0.0,True,True,True
4207,Tm20,1.0657677660716904,7.0,True,0,nonempty_primary_group,98,1.0657677660716904,7,0.0,True,True,True
4208,Tm20,0.855249093478761,7.0,True,0,nonempty_primary_group,99,0.8552490934787608,7,2.220446049250313e-16,True,True,True
4209,Tm20,1.3643470716047228,7.0,True,0,nonempty_primary_group,100,1.4812407015004585,6,0.1168936298957357,False,False,False
4210,Tm20,0.7617175286575213,5.0,True,0,nonempty_primary_group,101,1.0048138864842449,4,0.24309635782672356,False,False,False
4211,Tm20,0.450407744919815,5.0,True,0,nonempty_primary_group,102,0.5300732503811105,4,0.07966550546129553,False,False,False
4212,Tm20,0.867443882659075,23.0,False,0,nonempty_primary_group,103,0.8952682337761515,22,0.027824351117076485,False,False,False
4213,Tm20,0.6109532890541568,23.0,False,0,nonempty_primary_group,104,0.7088635457413093,22,0.09791025668715247,False,False,False
4214,Tm20,0.12067876011380323,22.0,False,0,nonempty_primary_group,105,0.12067876011380324,22,1.3877787807814457e-17,True,True,True
4215,Tm20,0.6159135693508092,1.0,True,0,nonempty_primary_group,106,0.6159135693508091,1,1.1102230246251565e-16,True,True,True
4216,Tm20,0.8260540146346137,1.0,True,0,nonempty_primary_group,107,0.826054014634614,1,3.3306690738754696e-16,True,True,True
4217,Tm20,0.9037271700489669,10.0,False,0,nonempty_primary_group,108,1.2349541432537279,8,0.331226973204761,False,False,False
4218,Tm20,0.25839668404218114,6.0,False,0,nonempty_primary_group,109,0.25839668404218114,6,0.0,True,True,True
4219,Tm20,1.0262977258302617,26.0,True,0,nonempty_primary_group,110,1.0262977258302615,26,2.220446049250313e-16,True,True,True
4220,Tm20,0.8115536010160563,13.0,False,0,nonempty_primary_group,111,0.9062553753257904,12,0.09470177430973403,False,False,False
4221,Tm20,0.41539312615960106,35.0,False,0,nonempty_primary_group,112,0.5548153368344281,32,0.13942221067482702,False,False,False
4222,Tm20,0.33792325134558326,33.0,False,0,nonempty_primary_group,113,0.33792325134558326,33,0.0,True,True,True
4223,Tm20,0.09016423375921356,7.0,True,0,nonempty_primary_group,114,0.09016423375921363,7,6.938893903907228e-17,True,True,True
4224,Tm20,1.5380732563689927,21.0,False,0,nonempty_primary_group,115,1.5558347244771307,22,0.017761468108137946,False,False,False
4225,Tm20,2.045349329321729,28.0,False,0,nonempty_primary_group,116,2.1180090996876264,27,0.07265977036589755,False,False,False
4226,Tm20,1.6744619244341234,28.0,False,0,nonempty_primary_group,117,1.7452679692496236,27,0.07080604481550012,False,False,False
4227,Tm20,0.45698635671699045,9.0,True,0,nonempty_primary_group,118,0.6133468582135806,8,0.15636050149659014,False,False,False
4228,Tm20,1.0706570347315403,16.0,False,0,nonempty_primary_group,119,1.1738556222368834,15,0.10319858750534316,False,False,False
4229,Tm20,0.659132241903156,4.0,True,0,nonempty_primary_group,120,0.659132241903156,4,0.0,True,True,True
4230,Tm20,0.22217170476807052,6.0,False,0,nonempty_primary_group,121,0.22217170476807058,6,5.551115123125783e-17,True,True,True
4231,Tm20,-0.6834296049732208,4.0,True,0,nonempty_primary_group,122,-0.35144189982659596,3,0.33198770514662485,False,False,False
4232,Tm20,-0.0702323047755595,27.0,False,0,nonempty_primary_group,123,-0.06363671304626053,26,0.006595591729298966,False,False,False
4233,Tm20,0.7252386618936457,8.0,False,0,nonempty_primary_group,124,0.7303070306074415,10,0.00506836871379579,False,False,False
4234,Tm20,-0.02400228768160453,7.0,True,0,nonempty_primary_group,125,0.022181168368042976,6,0.046183456049647506,False,False,False
4235,Tm20,1.1038827778556632,86.0,False,0,nonempty_primary_group,126,1.128673209620648,83,0.024790431764984744,False,False,False
4236,Tm20,0.7202651752250632,5.0,True,0,nonempty_primary_group,127,0.7202651752250631,5,1.1102230246251565e-16,True,True,True
4237,Tm20,0.8483536484128538,13.0,False,0,nonempty_primary_group,128,0.8225145133498998,12,0.02583913506295399,False,False,False
4238,Tm20,2.3653211059719412,7.0,False,0,nonempty_primary_group,129,2.3653211059719412,7,0.0,True,True,True
4239,Tm20,1.6923120288250273,7.0,False,0,nonempty_primary_group,130,1.6923120288250273,7,0.0,True,True,True
4240,Tm20,-0.5594853934320133,19.0,False,0,nonempty_primary_group,131,-0.5103852916085214,18,0.04910010182349189,False,False,False
4241,Tm20,1.2579285337238488,26.0,True,0,nonempty_primary_group,132,1.257928533723849,26,2.220446049250313e-16,True,True,True
4242,Tm20,-0.06807131756860708,8.0,False,0,nonempty_primary_group,133,-0.0001268131894727187,10,0.06794450437913437,False,False,False
4243,Tm20,0.6671870876182798,7.0,True,0,nonempty_primary_group,134,0.7665583790056912,6,0.09937129138741141,False,False,False
4244,Tm20,1.0994211914676024,26.0,True,0,nonempty_primary_group,135,1.0994211914676022,26,2.220446049250313e-16,True,True,True
4245,Tm20,1.8632417967509383,27.0,False,0,nonempty_primary_group,136,1.9119921969340699,26,0.04875040018313159,False,False,False
4246,Tm20,0.7829264026665598,26.0,True,0,nonempty_primary_group,137,0.78292640266656,26,2.220446049250313e-16,True,True,True
4247,Tm20,1.5473218537168438,8.0,False,0,nonempty_primary_group,138,1.656191913476676,7,0.10887005975983222,False,False,False
4248,Tm20,0.791190286691468,12.0,False,0,nonempty_primary_group,139,0.8269397317846321,10,0.035749445093164134,False,False,False
4249,Tm20,0.055519190978970616,8.0,False,0,nonempty_primary_group,140,0.12405719496156724,7,0.06853800398259663,False,False,False
4250,Tm20,0.9254439241915042,15.0,False,0,nonempty_primary_group,141,0.925443924191504,15,2.220446049250313e-16,True,True,True
4251,Tm20,1.5853450097774533,13.0,False,0,nonempty_primary_group,142,1.4762159950153466,15,0.10912901476210668,False,False,False
4252,Tm20,0.13164016651653312,156.0,False,0,nonempty_primary_group,143,0.16524110053637217,152,0.033600934019839046,False,False,False
4253,Tm20,1.1827683076831577,26.0,True,0,nonempty_primary_group,144,1.1827683076831577,26,0.0,True,True,True
4254,Tm20,0.7115667342623108,4.0,True,0,nonempty_primary_group,145,0.9187770733428562,3,0.20721033908054542,False,False,False
4255,Tm20,1.073111690127151,44.0,False,0,nonempty_primary_group,146,1.0731116901271511,44,2.220446049250313e-16,True,True,True
4256,Tm20,0.9202938418408332,97.0,False,0,nonempty_primary_group,147,0.9498748372056905,94,0.029580995364857365,False,False,False
4257,Tm20,-0.4050826130370086,9.0,False,0,nonempty_primary_group,148,-0.40332278227843094,7,0.001759830758577663,False,False,False
4258,Tm20,0.18591977085766992,4.0,True,0,nonempty_primary_group,149,0.47497978575586647,3,0.28906001489819655,False,False,False
4259,Tm20,1.4861320969329255,7.0,True,0,nonempty_primary_group,150,1.46729654871062,6,0.018835548222305487,False,False,False
4260,Tm20,1.4160225570107312,7.0,True,0,nonempty_primary_group,151,1.6118323011417666,6,0.19580974413103536,False,False,False
4261,Tm20,1.0051320098528997,4.0,True,0,nonempty_primary_group,152,1.273494407371827,3,0.2683623975189273,False,False,False
4262,Tm20,-0.5280613982835771,28.0,False,0,nonempty_primary_group,153,-0.38016708084523726,26,0.14789431743833986,False,False,False
4263,Tm20,0.48462548520794907,28.0,False,0,nonempty_primary_group,154,0.609454841124363,26,0.12482935591641392,False,False,False
4264,Tm20,1.2834939587065206,5.0,True,0,nonempty_primary_group,156,1.2834939587065208,5,2.220446049250313e-16,True,True,True
4265,Tm20,1.9094120428904018,1.0,True,0,nonempty_primary_group,157,1.9094120428904011,1,6.661338147750939e-16,True,True,True
4266,Tm20,0.09496336571868512,1.0,True,0,nonempty_primary_group,158,0.09496336571868502,1,9.71445146547012e-17,True,True,True
4267,Tm20,0.33592810253091404,5.0,True,0,nonempty_primary_group,159,0.5599124205287521,4,0.22398431799783808,False,False,False
4268,Tm20,0.010311852783631682,113.0,False,0,nonempty_primary_group,160,0.021461930152263456,110,0.011150077368631774,False,False,False
4269,Tm20,0.5373707666498909,26.0,True,0,nonempty_primary_group,161,0.5373707666498908,26,1.1102230246251565e-16,True,True,True
4270,Tm20,0.07759337615019067,7.0,True,0,nonempty_primary_group,162,0.14298286316722003,6,0.06538948701702936,False,False,False
4271,Tm20,0.5909025071458549,8.0,False,0,nonempty_primary_group,163,0.5909025071458549,8,0.0,True,True,True
4272,Tm20,0.16107029619509378,8.0,False,0,nonempty_primary_group,164,0.16107029619509383,8,5.551115123125783e-17,True,True,True
4273,Tm20,0.8968684935614617,33.0,False,0,nonempty_primary_group,165,0.8968684935614617,33,0.0,True,True,True
4274,Tm20,1.3350735890008238,33.0,False,0,nonempty_primary_group,166,1.335073589000824,33,2.220446049250313e-16,True,True,True
4275,Tm20,0.8222480446463972,118.0,False,0,nonempty_primary_group,167,0.878341993868092,114,0.05609394922169475,False,False,False
4276,Tm20,0.3786120541901848,65.0,False,0,nonempty_primary_group,168,0.4079926590519066,63,0.029380604861721837,False,False,False
4277,Tm20,0.29065139624215225,8.0,False,0,nonempty_primary_group,169,0.5173587585149609,7,0.2267073622728087,False,False,False
4278,Tm20,0.8192881921785106,8.0,False,0,nonempty_primary_group,170,0.8024944675698753,7,0.016793724608635263,False,False,False
4279,Tm20,0.7087664558943734,5.0,True,0,nonempty_primary_group,171,0.7087664558943734,5,0.0,True,True,True
4280,Tm20,0.9813506932449949,5.0,True,0,nonempty_primary_group,172,0.981350693244995,5,1.1102230246251565e-16,True,True,True
4281,Tm20,0.04705508445242569,7.0,False,0,nonempty_primary_group,173,0.04705508445242571,7,2.0816681711721685e-17,True,True,True
4282,Tm20,-0.20310062062397824,2.0,True,0,nonempty_primary_group,174,-0.20310062062397827,2,2.7755575615628914e-17,True,True,True
4283,Tm20,0.3799295420454444,7.0,True,0,nonempty_primary_group,175,0.3752119172961473,6,0.0047176247492971,False,False,False
4284,Tm20,1.18995055632842,3.0,False,0,nonempty_primary_group,178,1.18995055632842,3,0.0,True,True,True
4285,Tm20,1.2744308140246476,1.0,False,0,nonempty_primary_group,179,1.2744308140246474,1,2.220446049250313e-16,True,True,True
4286,Tm20,0.7100216268451703,7.0,False,0,nonempty_primary_group,180,0.5323834459977753,6,0.17763818084739502,False,False,False
4287,Tm20,0.6911124394722119,17.0,False,0,nonempty_primary_group,181,0.6176558890861439,19,0.07345655038606802,False,False,False
4288,Tm20,1.346282030984338,26.0,True,0,nonempty_primary_group,182,1.3462820309843382,26,2.220446049250313e-16,True,True,True
4289,Tm20,1.7036118455385403,7.0,False,0,nonempty_primary_group,183,1.7036118455385403,7,0.0,True,True,True
4290,Tm20,0.3894409476845163,7.0,False,0,nonempty_primary_group,184,0.3894409476845163,7,0.0,True,True,True
4291,Tm20,-0.05953522603441578,26.0,False,0,nonempty_primary_group,185,-0.09014877528689455,25,0.03061354925247877,False,False,False
4292,Tm20,0.8186167007481451,10.0,True,0,nonempty_primary_group,186,0.8002858140878713,9,0.018330886660273826,False,False,False
4293,Tm20,0.9161494894913569,20.0,False,0,nonempty_primary_group,187,0.916149489491357,20,1.1102230246251565e-16,True,True,True
4294,Tm20,1.1171040808732167,6.0,False,0,nonempty_primary_group,188,1.2773473525214345,5,0.16024327164821783,False,False,False
4295,Tm20,0.23645995339547182,7.0,False,0,nonempty_primary_group,189,0.5719529194036707,6,0.33549296600819883,False,False,False
4296,Tm20,0.7576547763798668,4.0,True,0,nonempty_primary_group,190,0.7576547763798669,4,1.1102230246251565e-16,True,True,True
4297,Tm20,1.1658407475223174,17.0,False,0,nonempty_primary_group,191,1.1443823158773618,18,0.021458431644955533,False,False,False
4298,Tm20,1.098366444632991,4.0,True,0,nonempty_primary_group,192,1.0983664446329913,4,2.220446049250313e-16,True,True,True
4299,Tm20,0.7026609906595572,4.0,True,0,nonempty_primary_group,193,0.971455722623843,3,0.2687947319642858,False,False,False
4300,Tm20,-0.15064194518798288,26.0,True,0,nonempty_primary_group,194,-0.1506419451879829,26,2.7755575615628914e-17,True,True,True
4301,Tm20,0.3396707990346163,2.0,True,0,nonempty_primary_group,195,0.33967079903461617,2,1.1102230246251565e-16,True,True,True
4302,Tm20,1.3820394217238587,4.0,False,0,nonempty_primary_group,196,1.3820394217238585,4,2.220446049250313e-16,True,True,True
4303,Tm20,0.23888721029028148,1.0,False,0,nonempty_primary_group,197,0.23888721029028148,1,0.0,True,True,True
4304,Tm20,0.5337328505529015,7.0,False,0,nonempty_primary_group,198,0.5337328505529015,7,0.0,True,True,True
4305,Tm20,-0.21679225780238692,7.0,False,0,nonempty_primary_group,199,0.09457305456480362,6,0.31136531236719056,False,False,False
4306,Tm20,1.6706854186860256,51.0,False,0,nonempty_primary_group,200,1.7787586781297096,48,0.10807325944368396,False,False,False
4307,Tm20,0.043980822160591626,79.0,False,0,nonempty_primary_group,201,0.031118364855190792,77,0.012862457305400834,False,False,False
4308,Tm20,-0.12150635341604586,7.0,True,0,nonempty_primary_group,202,-0.1215063534160458,7,5.551115123125783e-17,True,True,True
4309,Tm20,-0.4044914519465982,7.0,True,0,nonempty_primary_group,203,-0.40449145194659825,7,5.551115123125783e-17,True,True,True
4310,Tm20,0.704161162466133,13.0,False,0,nonempty_primary_group,204,0.679288262198434,11,0.02487290026769906,False,False,False
4311,Tm20,0.3785847116490633,17.0,False,0,nonempty_primary_group,205,0.3443707487720446,19,0.03421396287701872,False,False,False
4312,Tm20,0.9814592558149519,5.0,True,0,nonempty_primary_group,206,0.9814592558149521,5,2.220446049250313e-16,True,True,True
4313,Tm20,-0.08338127393606808,12.0,False,0,nonempty_primary_group,207,0.1476456138381003,10,0.23102688777416835,False,False,False
4314,Tm20,0.05893219639053741,30.0,False,0,nonempty_primary_group,208,0.0822822377014527,29,0.02335004131091529,False,False,False
4315,Tm20,1.762461988500091,27.0,False,0,nonempty_primary_group,209,1.7692965907454907,26,0.006834602245399779,False,False,False
4316,Tm20,1.499531513721798,32.0,False,0,nonempty_primary_group,210,1.4995315137217973,32,6.661338147750939e-16,True,True,True
4317,Tm20,1.061462492948704,12.0,True,0,nonempty_primary_group,211,1.061462492948704,12,0.0,True,True,True
4318,Tm20,0.24701938156639316,245.0,False,0,nonempty_primary_group,212,0.24788425876530057,237,0.0008648771989074044,False,False,False
4319,Tm20,-0.406582054449277,36.0,False,0,nonempty_primary_group,213,-0.33942591492152385,33,0.06715613952775312,False,False,False
4320,Tm20,-0.27009330420691635,36.0,False,0,nonempty_primary_group,214,-0.1606693956757432,33,0.10942390853117315,False,False,False
4321,Tm20,0.2324552729502075,6.0,True,0,nonempty_primary_group,215,0.2324552729502075,6,0.0,True,True,True
4322,Tm20,0.2547087089027729,6.0,True,0,nonempty_primary_group,216,0.254708708902773,6,5.551115123125783e-17,True,True,True
4323,Tm20,0.3050776856485617,6.0,True,0,nonempty_primary_group,217,0.30507768564856164,6,5.551115123125783e-17,True,True,True
4324,Tm20,0.020548006738237885,147.0,False,0,nonempty_primary_group,218,0.016843513752499508,144,0.0037044929857383765,False,False,False
4325,Tm20,-0.09366354302472006,155.0,False,0,nonempty_primary_group,219,-0.07628183366473505,152,0.01738170935998501,False,False,False
4326,Tm20,0.31104510810106645,8.0,False,0,nonempty_primary_group,220,0.3110451081010665,8,5.551115123125783e-17,True,True,True
4327,Tm20,0.06779854506709272,50.0,False,0,nonempty_primary_group,223,0.07377160676896237,47,0.0059730617018696475,False,False,False
4328,Tm20,1.1789306621898095,54.0,False,0,nonempty_primary_group,224,1.1789306621898097,54,2.220446049250313e-16,True,True,True
4329,Tm20,1.2093641778185904,7.0,False,0,nonempty_primary_group,225,1.2093641778185904,7,0.0,True,True,True
4330,Tm20,1.4519839177547866,7.0,False,0,nonempty_primary_group,226,1.4519839177547866,7,0.0,True,True,True
4331,Tm20,0.9589721759242998,6.0,True,0,nonempty_primary_group,227,0.9589721759242996,6,2.220446049250313e-16,True,True,True
4332,Tm20,0.502135070700719,30.0,False,0,nonempty_primary_group,228,0.5558472586408629,27,0.053712187940143874,False,False,False
4333,Tm20,0.05092365176976986,45.0,False,0,nonempty_primary_group,229,-0.0035832049752945435,44,0.054506856745064405,False,False,False
4334,Tm20,0.774464129732587,26.0,True,0,nonempty_primary_group,230,0.7744641297325869,26,1.1102230246251565e-16,True,True,True
4335,Tm20,0.03994295397413,8.0,False,0,nonempty_primary_group,231,0.03994295397412992,8,8.326672684688674e-17,True,True,True
4336,Tm20,1.906571621095678,7.0,False,0,nonempty_primary_group,232,1.906571621095678,7,0.0,True,True,True
4337,Tm20,1.353072638325184,137.0,False,0,nonempty_primary_group,233,1.3975808784637582,133,0.04450824013857413,False,False,False
4338,Tm20,0.8756407295962967,26.0,True,0,nonempty_primary_group,234,0.8756407295962968,26,1.1102230246251565e-16,True,True,True
4339,Tm20,0.57042944821722,20.0,False,0,nonempty_primary_group,235,0.5704294482172202,20,2.220446049250313e-16,True,True,True
4340,Tm20,-0.11793993170614014,2.0,True,0,nonempty_primary_group,236,-0.11793993170614003,2,1.1102230246251565e-16,True,True,True
4341,Tm20,1.2573128456808564,5.0,True,0,nonempty_primary_group,237,1.2573128456808564,5,0.0,True,True,True
4342,Tm20,0.39072393213395484,4.0,True,0,nonempty_primary_group,238,0.5333652671534144,3,0.14264133501945953,False,False,False
4343,Tm20,0.36206063982488057,26.0,True,0,nonempty_primary_group,239,0.3620606398248806,26,5.551115123125783e-17,True,True,True
4344,Tm20,0.5158141241422781,2.0,True,0,nonempty_primary_group,240,0.515814124142278,2,1.1102230246251565e-16,True,True,True
4345,Tm20,0.025179775288805526,6.0,False,0,nonempty_primary_group,241,0.11289010374584159,5,0.08771032845703607,False,False,False
4346,Tm20,0.9421598171178817,13.0,False,0,nonempty_primary_group,242,0.7310058394607977,15,0.211153977657084,False,False,False
4347,Tm20,0.5416189964316639,4.0,True,0,nonempty_primary_group,244,0.5416189964316638,4,1.1102230246251565e-16,True,True,True
4348,Tm20,1.0414356183981714,5.0,True,0,nonempty_primary_group,245,1.0789433660841268,4,0.03750774768595533,False,False,False
4349,Tm20,0.8283663271893805,2.0,True,0,nonempty_primary_group,246,0.8283663271893806,2,1.1102230246251565e-16,True,True,True
4350,Tm20,0.7870107168841608,8.0,False,0,nonempty_primary_group,249,0.700184153311415,10,0.08682656357274576,False,False,False
4351,Tm20,0.7651516547968535,8.0,False,0,nonempty_primary_group,250,0.48979557607844626,10,0.2753560787184073,False,False,False
4352,Tm20,-0.19559271463575817,1.0,True,0,nonempty_primary_group,251,-0.1955927146357581,1,5.551115123125783e-17,True,True,True
4353,Tm20,1.575675530422636,59.0,False,0,nonempty_primary_group,252,1.634572565721274,57,0.05889703529863799,False,False,False
4354,Tm20,0.5060120488774215,3.0,True,0,nonempty_primary_group,253,1.587455073180133,2,1.0814430243027116,False,False,False
4355,Tm20,1.3538461159799493,12.0,False,0,nonempty_primary_group,254,1.3430704633571584,13,0.010775652622790899,False,False,False
4356,Tm20,0.08685898134759211,2.0,False,0,nonempty_primary_group,255,0.28213231500548674,1,0.19527333365789462,False,False,False
4357,Tm20,0.578674324410682,1.0,False,0,empty_primary_group,256,,0,,False,False,False
4358,Tm20,0.444196651992735,1.0,False,0,empty_primary_group,257,,0,,False,False,False
4359,Tm20,-0.4111321382194363,37.0,False,0,nonempty_primary_group,259,-0.3212983540762412,34,0.0898337841431951,False,False,False
4360,Tm20,0.4910546804523645,79.0,False,0,nonempty_primary_group,260,0.49950977456453033,77,0.008455094112165829,False,False,False
4361,Tm20,1.1756946349512407,1.0,True,0,nonempty_primary_group,261,1.175694634951241,1,2.220446049250313e-16,True,True,True
4362,Tm20,-0.050591866457977495,45.0,False,0,nonempty_primary_group,262,-0.0421348685625556,44,0.008456997895421897,False,False,False
4363,Tm20,-0.01431990847317619,27.0,False,0,nonempty_primary_group,263,0.01668358730388274,26,0.03100349577705893,False,False,False
4364,Tm20,1.5774669445851741,16.0,False,0,nonempty_primary_group,264,1.5774669445851743,16,2.220446049250313e-16,True,True,True
4365,Tm20,1.1263328902261043,16.0,False,0,nonempty_primary_group,265,1.1263328902261045,16,2.220446049250313e-16,True,True,True
4366,Tm20,1.2996797122070671,5.0,True,0,nonempty_primary_group,266,1.2996797122070674,5,2.220446049250313e-16,True,True,True
4367,Tm20,-0.13876666553459657,16.0,True,0,nonempty_primary_group,267,-0.13876666553459666,16,8.326672684688674e-17,True,True,True
4368,Tm20,-0.06882338256077855,7.0,False,0,nonempty_primary_group,268,-0.06882338256077854,7,1.3877787807814457e-17,True,True,True
4369,Tm20,0.31682266952003724,7.0,False,0,nonempty_primary_group,269,0.24249865914884486,6,0.07432401037119238,False,False,False
4370,Tm20,0.18189246057215164,6.0,False,0,nonempty_primary_group,270,0.1818924605721516,6,2.7755575615628914e-17,True,True,True
4371,Tm20,-0.39423219642117646,2.0,False,0,nonempty_primary_group,271,0.24925696410404397,1,0.6434891605252204,False,False,False
4372,Tm20,1.4444189765875486,60.0,False,0,nonempty_primary_group,272,1.463196322532061,58,0.018777345944512414,False,False,False
4373,Tm20,0.6566792205667353,4.0,True,0,nonempty_primary_group,273,0.6566792205667356,4,2.220446049250313e-16,True,True,True
4374,Tm20,-1.2087986583022574,13.0,False,0,nonempty_primary_group,274,-1.2087986583022574,13,0.0,True,True,True
4375,Tm20,1.1391619815724123,1.0,False,0,nonempty_primary_group,275,1.1391619815724123,1,0.0,True,True,True
4376,Tm20,0.11287195055641504,1.0,False,0,nonempty_primary_group,276,0.11287195055641497,1,6.938893903907228e-17,True,True,True
4377,Tm20,1.6270855257297254,5.0,True,0,nonempty_primary_group,277,1.6270855257297252,5,2.220446049250313e-16,True,True,True
4378,Tm20,1.2960332569118516,7.0,False,0,nonempty_primary_group,278,1.2960332569118516,7,0.0,True,True,True
4379,Tm20,0.6891247162840768,19.0,False,0,nonempty_primary_group,279,0.4848332894395444,16,0.2042914268445324,False,False,False
4380,Tm20,1.1134198075954458,4.0,True,0,nonempty_primary_group,280,1.1134198075954456,4,2.220446049250313e-16,True,True,True
4381,Tm20,0.8280115588285557,8.0,False,0,nonempty_primary_group,281,0.8280115588285556,8,1.1102230246251565e-16,True,True,True
4382,Tm20,0.7774188729714723,26.0,True,0,nonempty_primary_group,282,0.7774188729714724,26,1.1102230246251565e-16,True,True,True
4383,Tm20,0.9610332975333487,7.0,False,0,nonempty_primary_group,283,0.9610332975333485,7,1.1102230246251565e-16,True,True,True
4384,Tm20,1.4551089723256736,5.0,True,0,nonempty_primary_group,284,1.4551089723256734,5,2.220446049250313e-16,True,True,True
4385,Tm20,0.028000954590375632,30.0,False,0,nonempty_primary_group,285,0.05044152434185367,29,0.02244056975147804,False,False,False
4386,Tm20,0.3973505629645907,13.0,False,0,nonempty_primary_group,286,0.3985582345828877,11,0.0012076716182969904,False,False,False
4387,Tm20,0.33590678960687553,10.0,False,0,nonempty_primary_group,287,0.48070426480583134,9,0.1447974751989558,False,False,False
4388,Tm20,0.49012386640088706,8.0,False,0,nonempty_primary_group,288,0.4901238664008871,8,5.551115123125783e-17,True,True,True
4389,Tm20,1.3891754240162901,17.0,False,0,nonempty_primary_group,289,1.2647285847361667,19,0.12444683928012346,False,False,False
4390,Tm20,2.092824743286584,22.0,False,0,nonempty_primary_group,290,2.092824743286584,22,0.0,True,True,True
4391,Tm20,1.3853780980368262,137.0,False,0,nonempty_primary_group,291,1.4150091494755657,133,0.029631051438739453,False,False,False
4392,Tm20,-0.16015173507208585,20.0,False,0,nonempty_primary_group,292,-0.16015173507208574,20,1.1102230246251565e-16,True,True,True
4393,Tm20,1.1034120328074297,4.0,True,0,nonempty_primary_group,293,1.0321717428040953,3,0.07124029000333443,False,False,False
4394,Tm20,1.4155224114613083,9.0,False,0,nonempty_primary_group,294,1.1425110773502791,11,0.2730113341110292,False,False,False
4395,Tm20,1.676388328375398,7.0,False,0,nonempty_primary_group,295,1.1919946888770199,6,0.4843936394983781,False,False,False
4396,Tm20,2.0325959571703303,7.0,False,0,nonempty_primary_group,296,1.683986304007122,6,0.34860965316320836,False,False,False
4397,Tm20,1.507787527220858,5.0,True,0,nonempty_primary_group,297,1.507787527220858,5,0.0,True,True,True
4398,Tm20,0.9531167812313927,33.0,False,0,nonempty_primary_group,298,0.9531167812313927,33,0.0,True,True,True
4399,Tm20,0.9364778402855124,17.0,False,0,nonempty_primary_group,299,0.9146390932927064,19,0.02183874699280597,False,False,False
4400,Tm20,-0.5522712207846853,13.0,False,0,nonempty_primary_group,300,-0.10012839030096599,11,0.4521428304837193,False,False,False
4401,Tm20,-0.6410585768293472,1.0,False,0,nonempty_primary_group,301,-0.6410585768293473,1,1.1102230246251565e-16,True,True,True
4402,Tm20,-1.6950705177924301,1.0,False,0,nonempty_primary_group,302,-1.69507051779243,1,2.220446049250313e-16,True,True,True
4403,Tm20,3.2980796267608814,1.0,False,0,empty_primary_group,303,,0,,False,False,False
4404,Tm20,-0.6735666240284431,13.0,False,0,nonempty_primary_group,304,-0.6735666240284431,13,0.0,True,True,True
4405,Tm20,-0.9150138879142925,13.0,False,0,nonempty_primary_group,305,-0.9150138879142923,13,2.220446049250313e-16,True,True,True
4406,Tm20,-0.03407002629743599,1.0,True,0,nonempty_primary_group,307,-0.03407002629743605,1,6.245004513516506e-17,True,True,True
4407,Tm20,0.2226160314619836,1.0,True,0,nonempty_primary_group,308,0.2226160314619836,1,0.0,True,True,True
4408,Tm20,1.2548450795496373,35.0,False,0,nonempty_primary_group,310,1.421206005147608,33,0.16636092559797078,False,False,False
4409,Tm20,0.7582229467909966,35.0,False,0,nonempty_primary_group,311,0.8259775598182644,33,0.06775461302726782,False,False,False
4410,Tm20,1.0950990541320083,4.0,False,0,nonempty_primary_group,312,1.0950990541320085,4,2.220446049250313e-16,True,True,True
4411,Tm20,1.182549484098803,8.0,False,0,nonempty_primary_group,313,1.0167413796539988,10,0.1658081044448041,False,False,False
4412,Tm20,0.8710341746822611,8.0,False,0,nonempty_primary_group,314,0.7346309246795565,10,0.1364032500027046,False,False,False
4413,Tm20,0.38185301266993993,5.0,True,0,nonempty_primary_group,315,0.38185301266994004,5,1.1102230246251565e-16,True,True,True
4414,Tm20,0.1738788577926363,5.0,True,0,nonempty_primary_group,316,0.1738788577926363,5,0.0,True,True,True
4415,Tm20,0.6087470718273427,4.0,True,0,nonempty_primary_group,317,0.6087470718273427,4,0.0,True,True,True
4416,Tm20,0.09976478145223823,33.0,False,0,nonempty_primary_group,318,0.09976478145223824,33,1.3877787807814457e-17,True,True,True
4417,Tm20,0.14386347972932256,33.0,False,0,nonempty_primary_group,319,0.14386347972932254,33,2.7755575615628914e-17,True,True,True
4418,Tm20,-0.2799583417447825,14.0,False,0,nonempty_primary_group,320,-0.07483219315254558,13,0.20512614859223693,False,False,False
4419,Tm20,0.11409327204353611,14.0,False,0,nonempty_primary_group,321,0.1979594600504477,13,0.08386618800691159,False,False,False
4420,Tm20,0.12541158665984997,12.0,False,0,nonempty_primary_group,322,0.12404892634307042,14,0.0013626603167795487,False,False,False
4421,Tm20,0.532926171010782,12.0,False,0,nonempty_primary_group,323,0.46841001961169815,14,0.06451615139908384,False,False,False
4422,Tm20,1.0663637923008469,5.0,True,0,nonempty_primary_group,324,1.0663637923008469,5,0.0,True,True,True
4423,Tm20,0.02932087383571198,7.0,False,0,nonempty_primary_group,325,0.27816751238540566,6,0.2488466385496937,False,False,False
4424,Tm20,0.6428207088459981,26.0,True,0,nonempty_primary_group,326,0.6428207088459981,26,0.0,True,True,True
4425,Tm20,-0.050743017203855656,16.0,False,0,nonempty_primary_group,327,-0.05074301720385564,16,1.3877787807814457e-17,True,True,True
4426,Tm20,-0.2646870281844499,16.0,False,0,nonempty_primary_group,328,-0.26468702818445,16,1.1102230246251565e-16,True,True,True
4427,Tm20,0.29926514970118323,30.0,False,0,nonempty_primary_group,329,0.32786068904367355,27,0.028595539342490317,False,False,False
4428,Tm20,1.4884610980632982,26.0,True,0,nonempty_primary_group,330,1.4884610980632984,26,2.220446049250313e-16,True,True,True
4429,Tm20,0.7001310425264503,13.0,False,0,nonempty_primary_group,331,0.8163125825729293,12,0.11618154004647896,False,False,False
4430,Tm20,0.6533490268861991,6.0,True,0,nonempty_primary_group,332,0.6533490268861989,6,2.220446049250313e-16,True,True,True
4431,Tm20,-0.0325939743674152,16.0,True,0,nonempty_primary_group,333,-0.03259397436741518,16,2.0816681711721685e-17,True,True,True
4432,Tm20,0.7872539283773371,9.0,True,0,nonempty_primary_group,334,0.6517417454431518,8,0.13551218293418532,False,False,False
4433,Tm20,0.9144595215368678,9.0,True,0,nonempty_primary_group,335,0.9617751522819391,8,0.04731563074507128,False,False,False
4434,Tm20,1.0609141914492226,12.0,True,0,nonempty_primary_group,336,1.0702762093733158,11,0.009362017924093191,False,False,False
4435,Tm20,0.7716276969843843,12.0,True,0,nonempty_primary_group,337,0.8720757947394264,11,0.10044809775504215,False,False,False
4436,Tm20,1.531858886741409,53.0,False,0,nonempty_primary_group,338,1.575235295116516,51,0.043376408375107145,False,False,False
4437,Tm20,1.554172789489096,34.0,False,0,nonempty_primary_group,339,1.6475163929070002,32,0.09334360341790426,False,False,False
4438,Tm20,1.2858835100954806,87.0,False,0,nonempty_primary_group,340,1.36109198096505,83,0.07520847086956928,False,False,False
4439,Tm20,1.1124028949745177,9.0,True,0,nonempty_primary_group,341,1.2500391957905246,8,0.13763630081600686,False,False,False
4440,Tm20,0.446943140920511,38.0,False,0,nonempty_primary_group,342,0.5211642099990063,35,0.07422106907849524,False,False,False
4441,Tm20,0.8390358339286886,38.0,False,0,nonempty_primary_group,343,0.876167919943287,35,0.03713208601459839,False,False,False
4442,Tm20,0.6806343967921554,9.0,True,0,nonempty_primary_group,344,0.623182676754651,8,0.05745172003750443,False,False,False
4443,Tm20,1.0801675795949854,24.0,True,0,nonempty_primary_group,345,1.0801675795949859,24,4.440892098500626e-16,True,True,True
4444,Tm20,1.4310344524081373,73.0,False,0,nonempty_primary_group,346,1.4304673244930306,71,0.0005671279151067132,False,False,False
4445,Tm20,0.6020368368544828,11.0,False,0,nonempty_primary_group,347,0.6531002711280077,10,0.05106343427352489,False,False,False
4446,Tm20,-0.7974480609518421,7.0,False,0,nonempty_primary_group,348,-0.17993123769012867,6,0.6175168232617134,False,False,False
4447,Tm20,-0.027394438679742197,50.0,False,0,nonempty_primary_group,350,-0.0405945586415085,46,0.013200119961766305,False,False,False
4448,Tm20,0.7566381460690323,7.0,False,0,nonempty_primary_group,351,0.7566381460690323,7,0.0,True,True,True
4449,Tm20,0.19388393269269386,2.0,True,0,nonempty_primary_group,352,0.193883932692694,2,1.3877787807814457e-16,True,True,True
4450,Tm20,-0.017515719192583032,6.0,False,0,nonempty_primary_group,353,-0.01751571919258303,6,3.469446951953614e-18,True,True,True
4451,Tm20,0.7799072633351302,59.0,False,0,nonempty_primary_group,356,0.8795512698296961,57,0.09964400649456595,False,False,False
4452,Tm20,0.032207635268005026,7.0,False,0,nonempty_primary_group,361,0.032207635268005026,7,0.0,True,True,True
4453,Tm20,0.8459075511947136,13.0,False,0,nonempty_primary_group,362,0.8459075511947136,13,0.0,True,True,True
4454,Tm20,-0.13955089201230217,6.0,False,0,nonempty_primary_group,363,-0.1395508920123022,6,2.7755575615628914e-17,True,True,True
4455,Tm20,0.3199336633400371,32.0,False,0,nonempty_primary_group,364,0.26903514315758664,29,0.050898520182450446,False,False,False
4456,Tm20,0.20035461389876,4.0,False,0,nonempty_primary_group,365,0.20035461389876003,4,2.7755575615628914e-17,True,True,True
4457,Tm20,0.04063985138354095,26.0,True,0,nonempty_primary_group,366,0.04063985138354094,26,6.938893903907228e-18,True,True,True
4458,Tm20,0.12021901965327207,6.0,False,0,nonempty_primary_group,367,0.12021901965327207,6,0.0,True,True,True
4459,Tm20,-0.04852754693668648,26.0,True,0,nonempty_primary_group,368,-0.0485275469366865,26,1.3877787807814457e-17,True,True,True
4460,Tm20,-0.8041908916050664,2.0,True,0,nonempty_primary_group,369,-0.8041908916050665,2,1.1102230246251565e-16,True,True,True
4461,Tm20,0.722819009511827,2.0,True,0,nonempty_primary_group,370,0.7228190095118268,2,2.220446049250313e-16,True,True,True
4462,Tm20,1.1144692749451137,84.0,False,0,nonempty_primary_group,371,1.1591188138051716,81,0.04464953886005785,False,False,False
4463,Tm20,-0.012623548057572872,9.0,True,0,nonempty_primary_group,372,-0.07468171308379878,8,0.06205816502622591,False,False,False
4464,Tm20,-0.017421732191153484,9.0,True,0,nonempty_primary_group,373,-0.10081987454533689,8,0.08339814235418341,False,False,False
4465,Tm20,-0.13126285257530626,7.0,False,0,nonempty_primary_group,374,-0.1312628525753063,7,2.7755575615628914e-17,True,True,True
4466,Tm20,1.0347492753284893,7.0,False,0,nonempty_primary_group,375,0.9828667693571395,6,0.0518825059713498,False,False,False
4467,Tm20,0.5918638795791545,15.0,False,0,nonempty_primary_group,376,0.6110852470197321,14,0.019221367440577564,False,False,False
4468,Tm20,-0.7853947056646221,6.0,False,0,nonempty_primary_group,377,-0.7853947056646221,6,0.0,True,True,True
4469,Tm20,-0.3286810315756882,1.0,False,0,nonempty_primary_group,378,-0.32868103157568807,1,1.1102230246251565e-16,True,True,True
4470,Tm20,0.23994005079286682,32.0,False,0,nonempty_primary_group,379,0.12323589241646249,28,0.11670415837640433,False,False,False
4471,Tm20,1.55362135110284,7.0,True,0,nonempty_primary_group,380,1.5774377133322472,6,0.023816362229407195,False,False,False
4472,Tm20,0.41307227724082907,32.0,False,0,nonempty_primary_group,381,0.38377777638272953,28,0.029294500858099537,False,False,False
4473,Tm20,1.1988617862409576,137.0,False,0,nonempty_primary_group,382,1.237301882279312,133,0.03844009603835441,False,False,False
4474,Tm20,0.3699744292274582,10.0,False,0,nonempty_primary_group,383,0.2641898586003139,8,0.1057845706271443,False,False,False
4475,Tm20,-0.08112480872077824,7.0,False,0,nonempty_primary_group,384,-0.08112480872077824,7,0.0,True,True,True
4476,Tm20,0.5937079365597684,21.0,False,0,nonempty_primary_group,385,0.45821397331542185,22,0.13549396324434654,False,False,False
4477,Tm20,0.1530016559534946,14.0,False,0,nonempty_primary_group,386,0.10077812315521578,16,0.05222353279827882,False,False,False
4478,Tm20,0.7294110907117796,6.0,False,0,nonempty_primary_group,387,0.7265268621024157,5,0.0028842286093638814,False,False,False
4479,Tm20,0.5575845512756491,14.0,False,0,nonempty_primary_group,388,0.41426400659337137,16,0.14332054468227773,False,False,False
4480,Tm20,-0.3471080538540869,32.0,False,0,nonempty_primary_group,389,-0.41268546351376556,29,0.06557740965967868,False,False,False
4481,Tm20,-0.2977209818013796,1.0,False,0,nonempty_primary_group,390,-0.2977209818013796,1,0.0,True,True,True
4482,Tm20,0.8123830982818807,9.0,True,0,nonempty_primary_group,391,0.8677445948721489,8,0.05536149659026823,False,False,False
4483,Tm20,0.08106186549023316,22.0,False,0,nonempty_primary_group,392,0.08106186549023313,22,2.7755575615628914e-17,True,True,True
4484,Tm20,1.0471324958169033,19.0,False,0,nonempty_primary_group,393,0.9913304316786864,16,0.05580206413821687,False,False,False
4485,Tm20,0.9625659023219549,9.0,False,0,nonempty_primary_group,394,0.7653269847588475,11,0.1972389175631074,False,False,False
4486,Tm20,-0.043180824388512846,1.0,False,0,empty_primary_group,395,,0,,False,False,False
4487,Tm20,0.6959998279881022,12.0,True,0,nonempty_primary_group,396,0.6959998279881022,12,0.0,True,True,True
4488,Tm20,0.2686717756372114,46.0,False,0,nonempty_primary_group,397,0.258952295172972,45,0.009719480464239372,False,False,False
4489,Tm20,1.0636477345953166,7.0,False,0,nonempty_primary_group,398,1.0636477345953164,7,2.220446049250313e-16,True,True,True
4490,Tm20,0.1594526416658088,4.0,True,0,nonempty_primary_group,399,0.1594526416658088,4,0.0,True,True,True
4491,Tm20,-0.06048174379576939,50.0,False,0,nonempty_primary_group,400,-0.046178392889696454,46,0.014303350906072938,False,False,False
4492,Tm20,0.20337323121755715,2.0,True,0,nonempty_primary_group,401,0.2033732312175569,2,2.498001805406602e-16,True,True,True
4493,Tm20,1.157718969828357,7.0,False,0,nonempty_primary_group,402,1.157718969828357,7,0.0,True,True,True
4494,Tm20,0.7379005115473004,6.0,False,0,nonempty_primary_group,403,0.8641242921004236,5,0.12622378055312322,False,False,False
4495,Tm20,1.4211631982773303,13.0,False,0,nonempty_primary_group,404,1.284515572648559,15,0.1366476256287712,False,False,False
4496,Tm20,0.16057324766787628,24.0,True,0,nonempty_primary_group,405,0.1605732476678763,24,2.7755575615628914e-17,True,True,True
4497,Tm20,1.003973623354289,12.0,True,0,nonempty_primary_group,406,1.0039736233542893,12,2.220446049250313e-16,True,True,True
4498,Tm20,-0.129023933138415,2.0,False,0,nonempty_primary_group,407,-0.007364117598530395,1,0.12165981553988461,False,False,False
4499,Tm20,0.4007500320231706,64.0,False,0,nonempty_primary_group,408,0.42989142782592477,63,0.029141395802754155,False,False,False
4500,Tm20,0.4275187373241243,16.0,True,0,nonempty_primary_group,409,0.42751873732412426,16,5.551115123125783e-17,True,True,True
4501,Tm20,1.085632475260781,86.0,False,0,nonempty_primary_group,410,1.101975379210625,83,0.016342903949843945,False,False,False
4502,Tm20,0.6417970066381317,8.0,False,0,nonempty_primary_group,411,0.588263058525263,10,0.05353394811286871,False,False,False
4503,Tm20,0.7729777053736431,4.0,False,0,nonempty_primary_group,412,0.7729777053736431,4,0.0,True,True,True
4504,Tm20,0.43575909385022094,7.0,False,0,nonempty_primary_group,413,0.43575909385022094,7,0.0,True,True,True
4505,Tm20,1.176646882890017,7.0,False,0,nonempty_primary_group,414,1.1766468828900167,7,2.220446049250313e-16,True,True,True
4506,Tm20,1.1255781849561812,26.0,True,0,nonempty_primary_group,415,1.1255781849561812,26,0.0,True,True,True
4507,Tm20,0.8175360566489867,8.0,False,0,nonempty_primary_group,416,0.8175360566489867,8,0.0,True,True,True
4508,Tm20,0.23879469233674883,5.0,True,0,nonempty_primary_group,417,0.2387946923367489,5,8.326672684688674e-17,True,True,True
4509,Tm20,-0.12551477075118858,2.0,True,0,nonempty_primary_group,418,-0.12551477075118866,2,8.326672684688674e-17,True,True,True
4510,Tm20,0.036584302246205284,9.0,False,0,nonempty_primary_group,419,0.031213727415221285,8,0.005370574830984,False,False,False
4511,Tm20,-0.2440958227113939,26.0,True,0,nonempty_primary_group,420,-0.24409582271139388,26,2.7755575615628914e-17,True,True,True
4512,Tm20,0.0330589657384421,26.0,True,0,nonempty_primary_group,421,0.033058965738442095,26,6.938893903907228e-18,True,True,True
4513,Tm20,0.415870946925377,13.0,False,0,nonempty_primary_group,422,0.3112478863594332,15,0.10462306056594384,False,False,False
4514,Tm20,0.494630679333932,4.0,False,0,nonempty_primary_group,423,0.4946306793339321,4,1.1102230246251565e-16,True,True,True
4515,Tm20,0.2340664897755092,6.0,False,0,nonempty_primary_group,424,0.09348235239738982,5,0.14058413737811937,False,False,False
4516,Tm20,-0.3743973341470874,31.0,False,0,nonempty_primary_group,425,-0.367977877814642,28,0.00641945633244545,False,False,False
4517,Tm20,-0.23177295484793378,31.0,False,0,nonempty_primary_group,426,-0.21884493802739316,28,0.012928016820540622,False,False,False
4518,Tm20,0.1306535233381607,3.0,True,0,nonempty_primary_group,427,-0.7914259046345347,2,0.9220794279726954,False,False,False
4519,Tm20,0.19414812830857395,7.0,False,0,nonempty_primary_group,428,0.1941481283085739,7,5.551115123125783e-17,True,True,True
4520,Tm20,-0.530903886431393,9.0,True,0,nonempty_primary_group,429,-0.24464291811735986,8,0.28626096831403314,False,False,False
4521,Tm20,0.0725526610883777,9.0,True,0,nonempty_primary_group,430,0.09412636516467954,8,0.02157370407630184,False,False,False
4522,Tm20,1.161822188792526,14.0,False,0,nonempty_primary_group,431,1.27593498921591,13,0.11411280042338401,False,False,False
4523,Tm20,-0.1506012011336919,33.0,False,0,nonempty_primary_group,432,-0.15060120113369188,33,2.7755575615628914e-17,True,True,True
4524,Tm20,0.6712564435576815,7.0,True,0,nonempty_primary_group,433,0.6712564435576814,7,1.1102230246251565e-16,True,True,True
4525,Tm20,-0.016398307429401782,18.0,False,0,nonempty_primary_group,434,-0.12340887788863249,20,0.10701057045923071,False,False,False
4526,Tm20,-0.03616911695821264,6.0,False,0,nonempty_primary_group,435,0.013228806559223871,5,0.049397923517436514,False,False,False
4527,Tm20,0.31197601272404907,13.0,False,0,nonempty_primary_group,436,0.31198692100338643,15,1.0908279337362714e-05,False,False,False
4528,Tm20,0.5468931564600659,18.0,False,0,nonempty_primary_group,437,0.546893156460066,18,1.1102230246251565e-16,True,True,True
4529,Tm20,0.9252501714548316,3.0,True,0,nonempty_primary_group,438,1.705496325771238,2,0.7802461543164065,False,False,False
4530,Tm20,0.2467809353258182,118.0,False,0,nonempty_primary_group,439,0.26138252929330885,116,0.01460159396749064,False,False,False
4531,Tm20,0.22787176557289102,9.0,True,0,nonempty_primary_group,440,-0.008879039427897667,8,0.23675080500078868,False,False,False
4532,Tm20,-0.05485096756237403,4.0,True,0,nonempty_primary_group,441,-0.0548509675623742,4,1.734723475976807e-16,True,True,True
4533,Tm20,0.2923273857036049,8.0,False,0,nonempty_primary_group,442,0.2923273857036049,8,0.0,True,True,True
4534,Tm20,0.4165426545969515,9.0,False,0,nonempty_primary_group,443,0.2754939914008974,8,0.14104866319605408,False,False,False
4535,Tm20,0.22466873931745446,1.0,False,0,empty_primary_group,444,,0,,False,False,False
4536,Tm20,1.5277681595407402,33.0,False,0,nonempty_primary_group,446,1.52776815954074,33,2.220446049250313e-16,True,True,True
4537,Tm20,0.02489519097510105,45.0,False,0,nonempty_primary_group,447,0.1814258564688395,41,0.15653066549373845,False,False,False
4538,Tm20,0.12900332071674867,9.0,False,0,nonempty_primary_group,448,0.045945468190945304,8,0.08305785252580336,False,False,False
4539,Tm20,0.41374070847587735,5.0,True,0,nonempty_primary_group,449,0.4137407084758773,5,5.551115123125783e-17,True,True,True
4540,Tm20,0.051085614393485954,7.0,False,0,nonempty_primary_group,450,0.05108561439348596,7,6.938893903907228e-18,True,True,True
4541,Tm20,-0.12587251561065274,18.0,False,0,nonempty_primary_group,451,-0.06445671424964443,20,0.06141580136100831,False,False,False
4542,Tm20,-0.09400374068830501,33.0,False,0,nonempty_primary_group,452,-0.09400374068830501,33,0.0,True,True,True
4543,Tm20,0.09868254944770172,7.0,True,0,nonempty_primary_group,453,0.15466066703457793,6,0.05597811758687621,False,False,False
4544,Tm20,-0.15124062035397726,24.0,True,0,nonempty_primary_group,454,-0.15124062035397726,24,0.0,True,True,True
4545,Tm20,-0.35663167290806363,5.0,True,0,nonempty_primary_group,455,-0.35663167290806375,5,1.1102230246251565e-16,True,True,True
4546,Tm20,-0.8039327949002942,5.0,True,0,nonempty_primary_group,456,-0.8039327949002942,5,0.0,True,True,True
4547,Tm20,0.46120479037162027,2.0,True,0,nonempty_primary_group,457,0.46120479037162027,2,0.0,True,True,True
4548,Tm20,-1.0897172653741465,15.0,False,0,nonempty_primary_group,458,-1.0623031556104878,13,0.027414109763658656,False,False,False
4549,Tm20,-0.6605460553822212,15.0,False,0,nonempty_primary_group,459,-0.6416662388926333,13,0.01887981648958792,False,False,False
4550,Tm20,0.45742297564153483,6.0,False,0,nonempty_primary_group,460,0.7846743848027247,5,0.32725140916118983,False,False,False
4551,Tm20,-0.15797448259464383,5.0,True,0,nonempty_primary_group,461,-0.15797448259464383,5,0.0,True,True,True
4552,Tm20,0.09235549698083322,5.0,True,0,nonempty_primary_group,462,0.09235549698083315,5,6.938893903907228e-17,True,True,True
4553,Tm20,0.6901200254647367,14.0,False,0,nonempty_primary_group,463,0.7102897931596567,13,0.02016976769491996,False,False,False
4554,Tm20,0.6257711590021076,18.0,False,0,nonempty_primary_group,464,0.6257711590021074,18,1.1102230246251565e-16,True,True,True
4555,Tm20,0.25318057367688646,6.0,False,0,nonempty_primary_group,465,0.25318057367688646,6,0.0,True,True,True
4556,Tm20,0.294924735127076,4.0,False,0,nonempty_primary_group,466,0.29492473512707607,4,5.551115123125783e-17,True,True,True
4557,Tm20,-0.42605285006238536,1.0,False,0,empty_primary_group,468,,0,,False,False,False
4558,Tm20,-0.30457251032216975,6.0,False,0,nonempty_primary_group,469,-0.30457251032216975,6,0.0,True,True,True
4559,Tm20,0.30249502183728366,4.0,True,0,nonempty_primary_group,470,0.30249502183728366,4,0.0,True,True,True
4560,Tm20,0.1261058976305613,24.0,True,0,nonempty_primary_group,471,0.12610589763056126,24,2.7755575615628914e-17,True,True,True
4561,Tm20,-0.6430321576867639,9.0,False,0,nonempty_primary_group,472,-0.7271524249060003,8,0.08412026721923638,False,False,False
4562,Tm20,-0.08769426196029158,1.0,False,0,empty_primary_group,473,,0,,False,False,False
4563,Tm20,0.06961917859962784,8.0,False,0,nonempty_primary_group,474,0.11542515029888176,10,0.04580597169925392,False,False,False
4564,Tm20,0.24215720584233047,7.0,True,0,nonempty_primary_group,475,0.34548526138108276,6,0.1033280555387523,False,False,False
4565,Tm20,1.0090396076773176,2.0,True,0,nonempty_primary_group,476,1.0090396076773174,2,2.220446049250313e-16,True,True,True
4566,Tm20,1.700939449851728,7.0,True,0,nonempty_primary_group,478,1.5598510915539026,6,0.1410883582978255,False,False,False
4567,Tm20,0.6053893366887974,5.0,True,0,nonempty_primary_group,479,0.6053893366887975,5,1.1102230246251565e-16,True,True,True
4568,Tm20,0.8659767158139522,26.0,True,0,nonempty_primary_group,480,0.8659767158139522,26,0.0,True,True,True
4569,Tm20,0.3867824060302062,59.0,False,0,nonempty_primary_group,481,0.4139377513571381,57,0.027155345326931923,False,False,False
4570,Tm20,-0.03687952019895887,7.0,False,0,nonempty_primary_group,482,-0.0368795201989589,7,2.7755575615628914e-17,True,True,True
4571,Tm20,0.20548112315432318,80.0,False,0,nonempty_primary_group,483,0.2068105337612608,79,0.0013294106069376144,False,False,False
4572,Tm20,0.0033806868252001165,5.0,True,0,nonempty_primary_group,484,0.003380686825200252,5,1.3530843112619095e-16,True,True,True
4573,Tm20,0.7962028450901334,45.0,False,0,nonempty_primary_group,485,0.9436659059757813,41,0.14746306088564787,False,False,False
4574,Tm20,0.9164123814893473,33.0,False,0,nonempty_primary_group,486,0.9164123814893473,33,0.0,True,True,True
4575,Tm20,0.27784220376228164,80.0,False,0,nonempty_primary_group,487,0.28015747056023427,79,0.002315266797952631,False,False,False
4576,Tm20,0.03976755268958541,7.0,False,0,nonempty_primary_group,488,0.03976755268958542,7,1.3877787807814457e-17,True,True,True
4577,Tm20,0.12330591198127391,114.0,False,0,nonempty_primary_group,489,0.12434949636722314,110,0.001043584385949231,False,False,False
4578,Tm20,-0.042468654573270585,4.0,True,0,nonempty_primary_group,490,0.12580346315875537,3,0.16827211773202597,False,False,False
4579,Tm20,0.2616612603197099,20.0,False,0,nonempty_primary_group,491,0.2616612603197098,20,5.551115123125783e-17,True,True,True
4580,Tm20,-0.032189187469059355,2.0,False,0,nonempty_primary_group,492,-0.6400496841998612,1,0.6078604967308019,False,False,False
4581,Tm20,0.10734272728173648,65.0,False,0,nonempty_primary_group,493,0.10700159375678776,63,0.00034113352494871685,False,False,False
4582,Tm20,0.6887274916769724,61.0,False,0,nonempty_primary_group,495,0.6842436580612581,60,0.004483833615714361,False,False,False
4583,Tm20,-0.1348987201375457,7.0,False,0,nonempty_primary_group,497,-0.13489872013754567,7,2.7755575615628914e-17,True,True,True
4584,Tm20,0.71282265786885,8.0,False,0,nonempty_primary_group,498,0.7239732507394814,7,0.01115059287063136,False,False,False
4585,Tm20,0.4545897385345287,61.0,False,0,nonempty_primary_group,499,0.4486754558659769,60,0.005914282668551818,False,False,False
4586,Tm20,0.1465683519964124,9.0,True,0,nonempty_primary_group,500,0.10234453938493124,8,0.04422381261148117,False,False,False
4587,Tm20,0.1767744904484651,20.0,False,0,nonempty_primary_group,501,0.17677449044846508,20,2.7755575615628914e-17,True,True,True
4588,Tm20,0.34409080001315007,14.0,False,0,nonempty_primary_group,502,0.33776913554968263,13,0.006321664463467436,False,False,False
4589,Tm20,0.35826105256022717,34.0,False,0,nonempty_primary_group,503,0.35826105256022717,34,0.0,True,True,True
4590,Tm20,0.4428139693223723,1.0,False,0,empty_primary_group,504,,0,,False,False,False
4591,Tm20,-0.4970606732094189,5.0,True,0,nonempty_primary_group,505,-0.497060673209419,5,1.1102230246251565e-16,True,True,True
4592,Tm20,-0.10121431410896238,7.0,False,0,nonempty_primary_group,506,-0.1609277946464629,6,0.059713480537500516,False,False,False
4593,Tm20,0.5554382758474767,127.0,False,0,nonempty_primary_group,508,0.5461585308209047,125,0.009279745026572028,False,False,False
4594,Tm20,-0.9075421786824484,1.0,False,0,empty_primary_group,509,,0,,False,False,False
4595,Tm20,0.9746432149325581,7.0,False,0,nonempty_primary_group,510,0.6611172495745717,6,0.3135259653579864,False,False,False
4596,Tm20,-0.2808533095620111,9.0,False,0,nonempty_primary_group,511,-0.17266231507442875,8,0.10819099448758235,False,False,False
4597,Tm20,0.2276965080887398,7.0,False,0,nonempty_primary_group,512,0.18166343432993215,6,0.04603307375880766,False,False,False
4598,Tm20,0.3959434189454912,7.0,False,0,nonempty_primary_group,513,0.3959434189454912,7,0.0,True,True,True
4599,Tm20,0.35419251398902574,17.0,False,0,nonempty_primary_group,514,0.33702930252616503,18,0.017163211462860706,False,False,False
4600,Tm20,-0.22620951223782373,7.0,True,0,nonempty_primary_group,515,-0.3237772661228347,6,0.09756775388501096,False,False,False
4601,Tm20,1.044688931899298,20.0,False,0,nonempty_primary_group,516,0.9595373046292418,19,0.08515162727005621,False,False,False
4602,Tm20,-0.22941371094468316,2.0,True,0,nonempty_primary_group,517,-0.22941371094468332,2,1.6653345369377348e-16,True,True,True
4603,Tm20,-0.23978242421085222,9.0,False,0,nonempty_primary_group,518,-0.17885724449019902,8,0.0609251797206532,False,False,False
4604,Tm20,0.5295903910079298,127.0,False,0,nonempty_primary_group,519,0.5212943767285481,125,0.008296014279381758,False,False,False
4605,Tm20,0.31960555205674357,5.0,True,0,nonempty_primary_group,520,0.4176140139930232,4,0.09800846193627966,False,False,False
4606,Tm20,0.011132412113429972,121.0,False,0,nonempty_primary_group,521,-0.0045391109632597045,117,0.015671523076689675,False,False,False
4607,Tm20,-0.30131980829051674,4.0,True,0,nonempty_primary_group,522,-0.18412730288878942,3,0.11719250540172732,False,False,False
4608,Tm20,-0.011236339685115821,87.0,False,0,nonempty_primary_group,523,-0.028038851149063296,84,0.016802511463947477,False,False,False
4609,Tm20,-0.48243083921510893,7.0,False,0,nonempty_primary_group,525,-0.4824308392151089,7,5.551115123125783e-17,True,True,True
4610,Tm20,-0.7778584097761124,7.0,False,0,nonempty_primary_group,526,-0.6707635051228382,6,0.1070949046532742,False,False,False
4611,Tm20,-0.07626484067122763,69.0,False,0,nonempty_primary_group,527,-0.11424870390906089,67,0.03798386323783326,False,False,False
4612,Tm20,-0.27836653636524733,8.0,False,0,nonempty_primary_group,528,-0.08761468936918737,10,0.19075184699605996,False,False,False
4613,Tm20,0.9697182843910032,12.0,True,0,nonempty_primary_group,529,0.8763141539937102,11,0.093404130397293,False,False,False
4614,Tm20,-0.04853084893479842,10.0,False,0,nonempty_primary_group,530,-0.09392688225945006,9,0.04539603332465164,False,False,False
4615,Tm20,0.4685350004421912,33.0,False,0,nonempty_primary_group,531,0.46853500044219126,33,5.551115123125783e-17,True,True,True
4616,Tm20,-0.35173652656765014,20.0,False,0,nonempty_primary_group,532,-0.28282750994492223,19,0.06890901662272791,False,False,False
4617,Tm20,0.9574522166278717,17.0,False,0,nonempty_primary_group,533,0.8533688378522019,18,0.10408337877566987,False,False,False
4618,Tm20,-0.24449346746155415,23.0,False,0,nonempty_primary_group,534,-0.27900629893996826,22,0.03451283147841411,False,False,False
4619,Tm20,-0.7315714727666,1.0,True,0,nonempty_primary_group,535,-0.7315714727666001,1,1.1102230246251565e-16,True,True,True
4620,Tm20,-0.5902424573700031,9.0,False,0,nonempty_primary_group,536,-0.5671657128898185,8,0.023076744480184597,False,False,False
4621,Tm20,-0.3860862570421592,8.0,False,0,nonempty_primary_group,537,-0.4707112499892049,7,0.08462499294704567,False,False,False
4622,Tm20,-0.08923953568420094,4.0,True,0,nonempty_primary_group,538,-0.08923953568420093,4,1.3877787807814457e-17,True,True,True
4623,Tm20,-0.2186403128665682,28.0,False,0,nonempty_primary_group,539,-0.21864031286656824,28,2.7755575615628914e-17,True,True,True
4624,Tm20,0.08833246357196603,26.0,True,0,nonempty_primary_group,540,0.088332463571966,26,2.7755575615628914e-17,True,True,True
4625,Tm20,-0.2123254990464392,3.0,False,0,nonempty_primary_group,541,-0.9544848660460401,1,0.742159366999601,False,False,False
4626,Tm20,0.041954706710454696,26.0,False,0,nonempty_primary_group,542,0.04195470671045471,26,1.3877787807814457e-17,True,True,True
4627,Tm20,-1.1084437182273936,2.0,True,0,nonempty_primary_group,543,-1.1084437182273936,2,0.0,True,True,True
4628,Tm20,0.005121190567959825,7.0,True,0,nonempty_primary_group,544,-0.035240833088925186,6,0.04036202365688501,False,False,False
4629,Tm20,-0.2123782972789558,32.0,False,0,nonempty_primary_group,545,-0.2123782972789558,32,0.0,True,True,True
4630,Tm20,-0.15639210582461766,35.0,False,0,nonempty_primary_group,546,-0.22653113973868358,34,0.07013903391406592,False,False,False
4631,Tm20,-0.010204833649848028,26.0,False,0,nonempty_primary_group,547,-0.010204833649848014,26,1.3877787807814457e-17,True,True,True
4632,Tm20,-0.02348219444506153,35.0,False,0,nonempty_primary_group,548,0.02138441113955877,33,0.0448666055846203,False,False,False
4633,Tm20,-0.34168813555785843,3.0,False,0,nonempty_primary_group,549,-0.3984331535290213,2,0.05674501797116288,False,False,False
4634,Tm20,0.38730733411805385,17.0,False,0,nonempty_primary_group,550,0.2994767436840947,19,0.08783059043395913,False,False,False
4635,Tm20,-0.24240240682005873,21.0,False,0,nonempty_primary_group,551,-0.26475406581824557,20,0.022351658998186835,False,False,False
4636,Tm20,0.3674651299037482,5.0,True,0,nonempty_primary_group,552,0.3674651299037483,5,1.1102230246251565e-16,True,True,True
4637,Tm20,-0.5067370926225027,2.0,True,0,nonempty_primary_group,553,-0.5067370926225023,2,3.3306690738754696e-16,True,True,True
4638,Tm20,-1.3892453710232577,1.0,False,0,nonempty_primary_group,554,-1.3892453710232575,1,2.220446049250313e-16,True,True,True
4639,Tm20,-0.257023822623602,8.0,False,0,nonempty_primary_group,555,-0.4546070744539413,7,0.19758325183033926,False,False,False
4640,Tm20,0.1737555943956847,84.0,False,0,nonempty_primary_group,556,0.18285091992734834,81,0.009095325531663645,False,False,False
4641,Tm20,-1.0544171469411747,4.0,True,0,nonempty_primary_group,557,-0.6047521753084151,3,0.44966497163275965,False,False,False
4642,Tm20,-0.5574485167437679,9.0,True,0,nonempty_primary_group,558,-0.5573242368412663,8,0.0001242799025016339,False,False,False
4643,Tm20,-0.03484153531874491,27.0,False,0,nonempty_primary_group,559,-0.02055926677968604,26,0.014282268539058871,False,False,False
4644,Tm20,-0.4459533698314599,12.0,False,0,nonempty_primary_group,560,-0.37742586356386426,13,0.06852750626759563,False,False,False
4645,Tm20,-0.7068128003402755,8.0,False,0,nonempty_primary_group,561,-0.6626322270402605,7,0.044180573300015014,False,False,False
4646,Tm20,0.040902593485570085,29.0,False,0,nonempty_primary_group,562,0.02485645286792267,27,0.016046140617647416,False,False,False
4647,Tm20,0.0817816416070173,92.0,False,0,nonempty_primary_group,563,0.09990388030404827,88,0.018122238697030973,False,False,False
4648,Tm20,0.10708432583236265,12.0,False,0,nonempty_primary_group,564,0.029567695191027463,13,0.07751663064133518,False,False,False
4649,Tm20,0.2131592562894471,27.0,False,0,nonempty_primary_group,565,0.12319735948630672,26,0.08996189680314037,False,False,False
4650,Tm20,-0.012987023937878353,23.0,False,0,nonempty_primary_group,566,0.1818312483653011,20,0.19481827230317944,False,False,False
4651,Tm20,-0.26361466377300474,8.0,False,0,nonempty_primary_group,567,-0.2636146637730047,8,5.551115123125783e-17,True,True,True
4652,Tm20,0.011223198848450121,26.0,True,0,nonempty_primary_group,568,0.011223198848450114,26,6.938893903907228e-18,True,True,True
4653,Tm20,0.00631327541435246,5.0,True,0,nonempty_primary_group,569,0.006313275414352404,5,5.551115123125783e-17,True,True,True
4654,Tm20,-0.2933627886662182,3.0,False,0,nonempty_primary_group,570,0.13294596674278125,2,0.42630875540899943,False,False,False
4655,Tm20,0.2283739480171288,17.0,False,0,nonempty_primary_group,571,0.13295578187611584,19,0.09541816614101295,False,False,False
4656,Tm20,0.2603539686346175,5.0,True,0,nonempty_primary_group,572,0.26035396863461757,5,5.551115123125783e-17,True,True,True
4657,Tm20,0.026701881693735774,23.0,False,0,nonempty_primary_group,573,0.03388428557673495,20,0.007182403882999178,False,False,False
4658,Tm20,-0.08239512440008176,28.0,False,0,nonempty_primary_group,574,-0.08239512440008172,28,4.163336342344337e-17,True,True,True
4659,Tm20,-0.2779217190027653,4.0,True,0,nonempty_primary_group,575,-0.1211546982992094,3,0.15676702070355591,False,False,False
4660,Tm20,-0.043101817793298094,21.0,False,0,nonempty_primary_group,576,-0.019654155597601614,20,0.02344766219569648,False,False,False
4661,Tm20,0.03884487175716251,128.0,False,0,nonempty_primary_group,577,0.0459370166806385,125,0.007092144923475992,False,False,False
4662,Tm20,-1.3950905784988366,2.0,True,0,nonempty_primary_group,578,-1.3950905784988366,2,0.0,True,True,True
4663,Tm20,-0.3551704400924959,12.0,True,0,nonempty_primary_group,579,-0.3539823738582566,11,0.0011880662342392823,False,False,False
4664,Tm20,-0.3930796709412427,3.0,False,0,nonempty_primary_group,580,-0.3930796709412426,3,1.1102230246251565e-16,True,True,True
4665,Tm20,0.2450434385926126,12.0,True,0,nonempty_primary_group,581,0.009351935460769421,11,0.23569150313184317,False,False,False
4666,Tm20,0.011566974079776379,5.0,True,0,nonempty_primary_group,582,0.10364015864051485,4,0.09207318456073847,False,False,False
4667,Tm20,0.15876969081117248,9.0,False,0,nonempty_primary_group,583,0.1013117276089558,8,0.057457963202216675,False,False,False
4668,Tm20,-0.08313949104844369,7.0,False,0,nonempty_primary_group,584,-0.08313949104844369,7,0.0,True,True,True
4669,Tm20,0.10916240011987376,26.0,True,0,nonempty_primary_group,585,0.10916240011987373,26,2.7755575615628914e-17,True,True,True
4670,Tm20,0.03748569051692374,23.0,False,0,nonempty_primary_group,586,0.05591898872558019,20,0.018433298208656447,False,False,False
4671,Tm20,-0.08322254217508827,21.0,False,0,nonempty_primary_group,587,-0.13955181726084287,22,0.056329275085754596,False,False,False
4672,Tm20,-0.2479626972103576,10.0,False,0,nonempty_primary_group,588,-0.22347099242806742,9,0.02449170478229018,False,False,False
4673,Tm20,-0.03893717143874428,1.0,False,0,empty_primary_group,589,,0,,False,False,False
4674,Tm20,0.00766897389744569,25.0,False,0,nonempty_primary_group,590,0.0038734864019555997,24,0.00379548749549009,False,False,False
4675,Tm20,-0.13924222190746044,15.0,False,0,nonempty_primary_group,591,-0.16393401740936825,14,0.02469179550190781,False,False,False
4676,Tm20,-0.023186811931682014,16.0,True,0,nonempty_primary_group,592,-0.02318681193168204,16,2.42861286636753e-17,True,True,True
4677,Tm20,0.07610339935330182,6.0,False,0,nonempty_primary_group,593,0.07610339935330178,6,4.163336342344337e-17,True,True,True
4678,Tm20,-0.34707500274615205,23.0,False,0,nonempty_primary_group,594,-0.342666479408212,22,0.004408523337940062,False,False,False
4679,Tm20,-0.7868045977254524,1.0,True,0,nonempty_primary_group,595,-0.7868045977254527,1,3.3306690738754696e-16,True,True,True
4680,Tm20,0.026263546875436243,33.0,False,0,nonempty_primary_group,596,0.026263546875436247,33,3.469446951953614e-18,True,True,True
4681,Tm20,0.30037007379758307,23.0,False,0,nonempty_primary_group,597,0.3260921854546429,20,0.025722111657059843,False,False,False
4682,Tm20,-0.10332887674151067,21.0,False,0,nonempty_primary_group,598,-0.1356881559824055,22,0.03235927924089482,False,False,False
4683,Tm20,-0.03781952818176754,26.0,False,0,nonempty_primary_group,599,-0.07504583578228134,24,0.037226307600513805,False,False,False
4684,Tm20,-0.053635218331337345,22.0,False,0,nonempty_primary_group,600,-0.05363521833133736,22,1.3877787807814457e-17,True,True,True
4685,Tm5a-TnT,-0.8534238562298297,2.0,False,0,no_same_type_Figure3_data,,,,,False,False,False
4686,Tm5a-TnT,1.1725719970099422,6.0,False,0,no_same_type_Figure3_data,,,,,False,False,False
4687,Tm5a-TnT,-0.6346142715340987,4.0,False,0,no_same_type_Figure3_data,,,,,False,False,False
4688,Tm5a-TnT,-0.20637297447689346,2.0,False,0,no_same_type_Figure3_data,,,,,False,False,False
4689,Tm5a-TnT,0.016473873338568954,4.0,False,0,no_same_type_Figure3_data,,,,,False,False,False
4690,Tm5a-TnT,-0.19034955942330103,1.0,False,0,no_same_type_Figure3_data,,,,,False,False,False
4691,Tm5a-TnT,0.1457998283201896,11.0,False,0,no_same_type_Figure3_data,,,,,False,False,False
4692,Tm5a-TnT,0.32769996381208866,9.0,False,0,no_same_type_Figure3_data,,,,,False,False,False
4693,Tm5a-TnT,0.9079811932471011,1.0,False,0,no_same_type_Figure3_data,,,,,False,False,False
4694,Tm5a-TnT,-0.7482462310428619,1.0,False,0,no_same_type_Figure3_data,,,,,False,False,False
4695,Tm5a-TnT,-0.8154135302606881,2.0,False,0,no_same_type_Figure3_data,,,,,False,False,False
4696,Tm5a-TnT,0.3087489401425215,5.0,False,0,no_same_type_Figure3_data,,,,,False,False,False
4697,Tm5a-TnT,0.3182420724384402,5.0,False,0,no_same_type_Figure3_data,,,,,False,False,False
4698,Tm5a-TnT,0.2996343829614507,19.0,False,0,no_same_type_Figure3_data,,,,,False,False,False
4699,Tm5a-TnT,0.12600250358335285,34.0,False,0,no_same_type_Figure3_data,,,,,False,False,False
4700,Tm5a-TnT,-0.0838727938120005,1.0,False,0,no_same_type_Figure3_data,,,,,False,False,False
4701,Tm5a-TnT,0.25710590883321754,5.0,False,0,no_same_type_Figure3_data,,,,,False,False,False
4702,Tm5a-TnT,0.6754096155610199,4.0,False,0,no_same_type_Figure3_data,,,,,False,False,False
4703,Tm5a-TnT,0.009177415225336593,5.0,False,0,no_same_type_Figure3_data,,,,,False,False,False
4704,Tm5a-TnT,-0.23271980740194426,8.0,False,0,no_same_type_Figure3_data,,,,,False,False,False
4705,Tm5a-TnT,0.004933585136174476,29.0,False,0,no_same_type_Figure3_data,,,,,False,False,False
4706,Tm5a-TnT,-0.1281381645500399,13.0,False,0,no_same_type_Figure3_data,,,,,False,False,False
4707,Tm5a-TnT,0.2162172152644519,4.0,False,0,no_same_type_Figure3_data,,,,,False,False,False
4708,Tm5a-TnT,0.7162049230012892,16.0,False,0,no_same_type_Figure3_data,,,,,False,False,False
4709,Tm5a-TnT,0.2787878748008934,7.0,False,0,no_same_type_Figure3_data,,,,,False,False,False
4710,Tm5a-TnT,-0.06877619732411791,1.0,False,0,no_same_type_Figure3_data,,,,,False,False,False
4711,Tm5a-TnT,0.4340704216457291,18.0,False,0,no_same_type_Figure3_data,,,,,False,False,False
4712,Tm5a-TnT,0.343213596766252,11.0,False,0,no_same_type_Figure3_data,,,,,False,False,False
4713,Tm5a-TnT,0.3222690243194916,1.0,False,0,no_same_type_Figure3_data,,,,,False,False,False
4714,Tm5a-TnT,0.22145299347424946,12.0,False,0,no_same_type_Figure3_data,,,,,False,False,False
4715,Tm5a-TnT,-0.16060752248478433,8.0,False,0,no_same_type_Figure3_data,,,,,False,False,False
4716,Tm5a-TnT,0.5343591570232415,17.0,False,0,no_same_type_Figure3_data,,,,,False,False,False
4717,Tm5a-TnT,0.030796965014164453,12.0,False,0,no_same_type_Figure3_data,,,,,False,False,False
4718,Tm5a-TnT,0.33014354401972534,32.0,False,0,no_same_type_Figure3_data,,,,,False,False,False
4719,Tm5a-TnT,0.3804086558168896,24.0,False,0,no_same_type_Figure3_data,,,,,False,False,False
4720,Tm5a-TnT,0.3944606318477802,33.0,False,0,no_same_type_Figure3_data,,,,,False,False,False
4721,Tm5a-TnT,0.32081704668082783,8.0,False,0,no_same_type_Figure3_data,,,,,False,False,False
4722,Tm5a-TnT,0.18785657913502019,9.0,False,0,no_same_type_Figure3_data,,,,,False,False,False
4723,Tm5a-TnT,0.014811290811326167,5.0,False,0,no_same_type_Figure3_data,,,,,False,False,False
4724,Tm5a-TnT,0.8528139344983036,1.0,False,0,no_same_type_Figure3_data,,,,,False,False,False
4725,Tm5a-TnT,0.3947266827354122,3.0,False,0,no_same_type_Figure3_data,,,,,False,False,False
4726,Tm5a-TnT,-1.6454693308507349,2.0,False,0,no_same_type_Figure3_data,,,,,False,False,False
4727,Tm5a-TnT,0.01137330677783321,5.0,False,0,no_same_type_Figure3_data,,,,,False,False,False
4728,Tm5a-TnT,-0.007653672848920775,4.0,False,0,no_same_type_Figure3_data,,,,,False,False,False
4729,Tm5a-TnT,-0.01758283411588336,9.0,False,0,no_same_type_Figure3_data,,,,,False,False,False
4730,Tm5a-TnT,0.18639227163908179,1.0,False,0,no_same_type_Figure3_data,,,,,False,False,False
4731,Tm5a-TnT,0.38428886741088497,6.0,False,0,no_same_type_Figure3_data,,,,,False,False,False
4732,Tm5a-TnT,-0.09265496271042094,11.0,False,0,no_same_type_Figure3_data,,,,,False,False,False
4733,Tm5a-TnT,0.21703585889369734,9.0,False,0,no_same_type_Figure3_data,,,,,False,False,False
4734,Tm5a-TnT,0.6092290770560058,45.0,False,0,no_same_type_Figure3_data,,,,,False,False,False
4735,Tm5a-TnT,-0.1132316758643891,1.0,False,0,no_same_type_Figure3_data,,,,,False,False,False
4736,Tm5a-TnT,0.009245217047382324,7.0,False,0,no_same_type_Figure3_data,,,,,False,False,False
4737,Tm5a-TnT,-0.35527073356107536,4.0,False,0,no_same_type_Figure3_data,,,,,False,False,False
4738,Tm5a-TnT,-0.08231837141204888,3.0,False,0,no_same_type_Figure3_data,,,,,False,False,False
4739,Tm5a-TnT,0.04106304097380377,8.0,False,0,no_same_type_Figure3_data,,,,,False,False,False
4740,Tm5a-TnT,0.5622360384109168,22.0,False,0,no_same_type_Figure3_data,,,,,False,False,False
4741,Tm5a-TnT,-0.0709786281818798,1.0,False,0,no_same_type_Figure3_data,,,,,False,False,False
4742,Tm5a-TnT,0.3980634939097671,20.0,False,0,no_same_type_Figure3_data,,,,,False,False,False
4743,Tm5a-TnT,0.00702127259741758,9.0,False,0,no_same_type_Figure3_data,,,,,False,False,False
4744,Tm5a-TnT,0.1864462954263737,6.0,False,0,no_same_type_Figure3_data,,,,,False,False,False
4745,Tm5a-TnT,0.17268355422325404,23.0,False,0,no_same_type_Figure3_data,,,,,False,False,False
4746,Tm5a-TnT,0.4120962389803119,7.0,False,0,no_same_type_Figure3_data,,,,,False,False,False
4747,Tm5a-TnT,0.31646779142058634,3.0,False,0,no_same_type_Figure3_data,,,,,False,False,False
4748,Tm5a-TnT,0.019361880758862502,1.0,False,0,no_same_type_Figure3_data,,,,,False,False,False
4749,Tm5a-TnT,1.3184758148493028,7.0,False,0,no_same_type_Figure3_data,,,,,False,False,False
4750,Tm5a-TnT,1.0429542357371164,6.0,False,0,no_same_type_Figure3_data,,,,,False,False,False
4751,Tm5a-TnT,0.44437679611671055,4.0,False,0,no_same_type_Figure3_data,,,,,False,False,False
4752,Tm5a-TnT,0.5361439936345411,6.0,False,0,no_same_type_Figure3_data,,,,,False,False,False
4753,Tm5a-TnT,0.6658752190289523,12.0,False,0,no_same_type_Figure3_data,,,,,False,False,False
4754,Tm5a-TnT,0.7974598870947975,9.0,False,0,no_same_type_Figure3_data,,,,,False,False,False
4755,Tm5a-TnT,0.46103044250714476,4.0,False,0,no_same_type_Figure3_data,,,,,False,False,False
4756,Tm5a-TnT,0.49279245449866244,11.0,False,0,no_same_type_Figure3_data,,,,,False,False,False
4757,Tm5a-TnT,1.1124780440349924,7.0,False,0,no_same_type_Figure3_data,,,,,False,False,False
4758,Tm5a-TnT,0.5502107267173926,9.0,False,0,no_same_type_Figure3_data,,,,,False,False,False
4759,Tm5a-TnT,0.23138196904814998,32.0,False,0,no_same_type_Figure3_data,,,,,False,False,False
4760,Tm5a-TnT,0.13369609063789997,22.0,False,0,no_same_type_Figure3_data,,,,,False,False,False
4761,Tm5a-TnT,-0.09062527534505375,6.0,False,0,no_same_type_Figure3_data,,,,,False,False,False
4762,Tm5a-TnT,-0.3353752897870556,2.0,False,0,no_same_type_Figure3_data,,,,,False,False,False
4763,Tm5a-TnT,-1.8638627033452135,1.0,False,0,no_same_type_Figure3_data,,,,,False,False,False
4764,Tm5a-TnT,0.016112223297950954,2.0,False,0,no_same_type_Figure3_data,,,,,False,False,False
4765,Tm5a-TnT,0.4571138140279197,9.0,False,0,no_same_type_Figure3_data,,,,,False,False,False
4766,Tm5a-TnT,-0.45877878791649335,2.0,False,0,no_same_type_Figure3_data,,,,,False,False,False
4767,Tm5a-TnT,-0.2776289741184015,2.0,False,0,no_same_type_Figure3_data,,,,,False,False,False
4768,Tm5a-TnT,0.6934433102624101,6.0,False,0,no_same_type_Figure3_data,,,,,False,False,False
4769,Tm5a-TnT,0.4546717990453124,20.0,False,0,no_same_type_Figure3_data,,,,,False,False,False
4770,Tm5a-TnT,-0.20002429707745856,5.0,False,0,no_same_type_Figure3_data,,,,,False,False,False
4771,Tm5a-TnT,0.02370445030057352,5.0,False,0,no_same_type_Figure3_data,,,,,False,False,False
4772,Tm5a-TnT,0.8602792499421498,2.0,False,0,no_same_type_Figure3_data,,,,,False,False,False
4773,Tm5a-TnT,0.5571838085736154,4.0,False,0,no_same_type_Figure3_data,,,,,False,False,False
4774,Tm5a-TnT,-0.5983825245086679,4.0,False,0,no_same_type_Figure3_data,,,,,False,False,False
4775,Tm5a-TnT,0.24688597709093033,2.0,False,0,no_same_type_Figure3_data,,,,,False,False,False
4776,Tm5a-TnT,-0.03277460128173809,14.0,False,0,no_same_type_Figure3_data,,,,,False,False,False
4777,Tm5a-TnT,0.3188593917584219,14.0,False,0,no_same_type_Figure3_data,,,,,False,False,False
4778,Tm5a-TnT,1.7617536654288894,1.0,False,0,no_same_type_Figure3_data,,,,,False,False,False
4779,Tm5a-TnT,0.2057378183576531,12.0,False,0,no_same_type_Figure3_data,,,,,False,False,False
4780,Tm5a-TnT,0.15746790293760768,9.0,False,0,no_same_type_Figure3_data,,,,,False,False,False
4781,Tm5a-TnT,1.0696551769821911,1.0,False,0,no_same_type_Figure3_data,,,,,False,False,False
4782,Tm5a-TnT,0.4183396452614599,10.0,False,0,no_same_type_Figure3_data,,,,,False,False,False
4783,Tm5a-TnT,0.661428223082825,23.0,False,0,no_same_type_Figure3_data,,,,,False,False,False
4784,Tm5a-TnT,0.1341993960484271,9.0,False,0,no_same_type_Figure3_data,,,,,False,False,False
4785,Tm5a-TnT,0.5859223830179242,12.0,False,0,no_same_type_Figure3_data,,,,,False,False,False
4786,Tm5a-TnT,-0.08587359265632592,12.0,False,0,no_same_type_Figure3_data,,,,,False,False,False
4787,Tm5a-TnT,0.08796899138935341,9.0,False,0,no_same_type_Figure3_data,,,,,False,False,False
4788,Tm5a-TnT,0.5800521353326389,1.0,False,0,no_same_type_Figure3_data,,,,,False,False,False
4789,Tm5a-TnT,1.3434666913486741,1.0,False,0,no_same_type_Figure3_data,,,,,False,False,False
4790,Tm5a-TnT,0.5604415951644105,1.0,False,0,no_same_type_Figure3_data,,,,,False,False,False
4791,Tm5a-TnT,0.30560008220095713,1.0,False,0,no_same_type_Figure3_data,,,,,False,False,False
4792,Tm5a-TnT,0.06364545516479538,44.0,False,0,no_same_type_Figure3_data,,,,,False,False,False
4793,Tm5a-TnT,0.23959540028995566,31.0,False,0,no_same_type_Figure3_data,,,,,False,False,False
4794,Tm5a-TnT,-1.2643465134077334,2.0,False,0,no_same_type_Figure3_data,,,,,False,False,False
4795,Tm5a-TnT,-0.5803948702998343,2.0,False,0,no_same_type_Figure3_data,,,,,False,False,False
4796,Tm5a-TnT,-0.905028765287675,2.0,False,0,no_same_type_Figure3_data,,,,,False,False,False
4797,Tm5a-TnT,0.02943180359710103,5.0,False,0,no_same_type_Figure3_data,,,,,False,False,False
4798,Tm5a-TnT,-0.5553952853531244,3.0,False,0,no_same_type_Figure3_data,,,,,False,False,False
4799,Tm5a-TnT,-0.8535287345928574,3.0,False,0,no_same_type_Figure3_data,,,,,False,False,False
4800,Tm5a-TnT,0.6370375517975606,28.0,False,0,no_same_type_Figure3_data,,,,,False,False,False
4801,Tm5a-TnT,0.7166843243125408,42.0,False,0,no_same_type_Figure3_data,,,,,False,False,False
4802,Tm5a-TnT,0.28137383458897575,25.0,False,0,no_same_type_Figure3_data,,,,,False,False,False
4803,Tm5a-TnT,0.20125552738538813,32.0,False,0,no_same_type_Figure3_data,,,,,False,False,False
4804,Tm5a-TnT,0.26640051484377314,17.0,False,0,no_same_type_Figure3_data,,,,,False,False,False
4805,Tm5a-TnT,-0.42064356694674687,1.0,False,0,no_same_type_Figure3_data,,,,,False,False,False
4806,Tm5a-TnT,0.03960904741044473,33.0,False,0,no_same_type_Figure3_data,,,,,False,False,False
4807,Tm5a-TnT,0.3239594582680326,3.0,False,0,no_same_type_Figure3_data,,,,,False,False,False
4808,Tm5a-TnT,-0.014087723438636497,17.0,False,0,no_same_type_Figure3_data,,,,,False,False,False
4809,Tm5a-TnT,0.23535462380980135,24.0,False,0,no_same_type_Figure3_data,,,,,False,False,False
4810,Tm5a-TnT,-0.09791135323137053,1.0,False,0,no_same_type_Figure3_data,,,,,False,False,False
4811,Tm5a-TnT,0.21007402120139845,34.0,False,0,no_same_type_Figure3_data,,,,,False,False,False
4812,Tm5a-TnT,-0.4601758860608838,1.0,False,0,no_same_type_Figure3_data,,,,,False,False,False
4813,Tm5a-TnT,0.42950643050895493,5.0,False,0,no_same_type_Figure3_data,,,,,False,False,False
4814,Tm5a-TnT,0.7588177595815008,3.0,False,0,no_same_type_Figure3_data,,,,,False,False,False
4815,Tm5a-TnT,-0.3630978389310613,3.0,False,0,no_same_type_Figure3_data,,,,,False,False,False
4816,Tm5a-TnT,0.8447152195516736,4.0,False,0,no_same_type_Figure3_data,,,,,False,False,False
4817,Tm5a-TnT,0.5095392433668536,21.0,False,0,no_same_type_Figure3_data,,,,,False,False,False
4818,Tm5a-TnT,0.42683339981120916,5.0,False,0,no_same_type_Figure3_data,,,,,False,False,False
4819,Tm5a-TnT,-0.4811800112264058,8.0,False,0,no_same_type_Figure3_data,,,,,False,False,False
4820,Tm5a-TnT,-0.23680552270164837,2.0,False,0,no_same_type_Figure3_data,,,,,False,False,False
4821,Tm5a-TnT,-0.09717931067169618,2.0,False,0,no_same_type_Figure3_data,,,,,False,False,False
4822,Tm5a-TnT,0.02883171660608902,7.0,False,0,no_same_type_Figure3_data,,,,,False,False,False
4823,Tm5a-TnT,0.1476307511632259,23.0,False,0,no_same_type_Figure3_data,,,,,False,False,False
4824,Tm5a-TnT,0.669675092181423,42.0,False,0,no_same_type_Figure3_data,,,,,False,False,False
4825,Tm5a-TnT,-1.1966031359368685,2.0,False,0,no_same_type_Figure3_data,,,,,False,False,False
4826,Tm5a-TnT,0.8348741889744248,1.0,False,0,no_same_type_Figure3_data,,,,,False,False,False
4827,Tm5a-TnT,1.7440642611785495,1.0,False,0,no_same_type_Figure3_data,,,,,False,False,False
4828,Tm5a-TnT,0.282503950904102,6.0,False,0,no_same_type_Figure3_data,,,,,False,False,False
4829,Tm5a-TnT,0.4952992112562457,16.0,False,0,no_same_type_Figure3_data,,,,,False,False,False
4830,Tm5a-TnT,-0.19857216508177897,13.0,False,0,no_same_type_Figure3_data,,,,,False,False,False
4831,Tm5a-TnT,-0.07984723694284535,11.0,False,0,no_same_type_Figure3_data,,,,,False,False,False
4832,Tm5a-TnT,-0.01044803539391112,29.0,False,0,no_same_type_Figure3_data,,,,,False,False,False
4833,Tm5a-TnT,0.7585094626334842,2.0,False,0,no_same_type_Figure3_data,,,,,False,False,False
4834,Tm5a-TnT,-0.0781327462493319,12.0,False,0,no_same_type_Figure3_data,,,,,False,False,False
4835,Tm5a-TnT,-0.13144629148261627,3.0,False,0,no_same_type_Figure3_data,,,,,False,False,False
4836,Tm5a-TnT,-0.9845991869531179,1.0,False,0,no_same_type_Figure3_data,,,,,False,False,False
4837,Tm5a-TnT,0.21844662076383706,24.0,False,0,no_same_type_Figure3_data,,,,,False,False,False
4838,Tm5a-TnT,0.33195596038541614,9.0,False,0,no_same_type_Figure3_data,,,,,False,False,False
4839,Tm5a-TnT,-0.6893859253898472,1.0,False,0,no_same_type_Figure3_data,,,,,False,False,False
4840,Tm5a-TnT,-0.4017479240389878,5.0,False,0,no_same_type_Figure3_data,,,,,False,False,False
4841,Tm5a-TnT,-0.03328474285498229,15.0,False,0,no_same_type_Figure3_data,,,,,False,False,False
4842,Tm5a-TnT,-0.32958551857748175,3.0,False,0,no_same_type_Figure3_data,,,,,False,False,False
4843,Tm5a-TnT,0.12898868981377692,8.0,False,0,no_same_type_Figure3_data,,,,,False,False,False
4844,Tm5a-TnT,0.4971017625013617,105.0,False,0,no_same_type_Figure3_data,,,,,False,False,False
4845,Tm5a-TnT,0.41890781990143544,45.0,False,0,no_same_type_Figure3_data,,,,,False,False,False
4846,Tm5a-TnT,-0.0033367593241984683,9.0,False,0,no_same_type_Figure3_data,,,,,False,False,False
4847,Tm5a-TnT,-0.29829953503856066,9.0,False,0,no_same_type_Figure3_data,,,,,False,False,False
4848,Tm5a-TnT,1.3983359589711069,1.0,False,0,no_same_type_Figure3_data,,,,,False,False,False
4849,Tm5a-TnT,-0.795445323467954,1.0,False,0,no_same_type_Figure3_data,,,,,False,False,False
4850,Tm5a-TnT,0.08705950335167263,9.0,False,0,no_same_type_Figure3_data,,,,,False,False,False
4851,Tm5a-TnT,0.3890402646400923,7.0,False,0,no_same_type_Figure3_data,,,,,False,False,False
4852,Tm5a-TnT,0.2345865965953445,7.0,False,0,no_same_type_Figure3_data,,,,,False,False,False
4853,Tm5a-TnT,0.2012866414409876,7.0,False,0,no_same_type_Figure3_data,,,,,False,False,False
4854,Tm5a-TnT,-0.06128191707623761,7.0,False,0,no_same_type_Figure3_data,,,,,False,False,False
4855,Tm5a-TnT,0.6564231734937377,4.0,False,0,no_same_type_Figure3_data,,,,,False,False,False
4856,Tm5a-TnT,0.8484382913617861,45.0,False,0,no_same_type_Figure3_data,,,,,False,False,False
4857,Tm5a-TnT,1.027782448424479,34.0,False,0,no_same_type_Figure3_data,,,,,False,False,False
4858,Tm5a-TnT,0.9468659583988357,45.0,False,0,no_same_type_Figure3_data,,,,,False,False,False
4859,Tm5a-TnT,0.9178795601457005,1.0,False,0,no_same_type_Figure3_data,,,,,False,False,False
4860,Tm5a-TnT,1.5120871858237976,34.0,False,0,no_same_type_Figure3_data,,,,,False,False,False
4861,Tm5a-TnT,0.2864679582313351,2.0,False,0,no_same_type_Figure3_data,,,,,False,False,False
4862,Tm5a-TnT,0.6063271026157955,2.0,False,0,no_same_type_Figure3_data,,,,,False,False,False
4863,Tm5a-TnT,0.721697525398027,10.0,False,0,no_same_type_Figure3_data,,,,,False,False,False
4864,Tm5a-TnT,2.4148372193453227,25.0,False,0,no_same_type_Figure3_data,,,,,False,False,False
4865,Tm5a-TnT,1.956739115403847,25.0,False,0,no_same_type_Figure3_data,,,,,False,False,False
4866,Tm5a-TnT,0.18673834897271005,5.0,False,0,no_same_type_Figure3_data,,,,,False,False,False
4867,Tm5a-TnT,0.20075619015442528,34.0,False,0,no_same_type_Figure3_data,,,,,False,False,False
4868,Tm5a-TnT,-0.10379342946383738,44.0,False,0,no_same_type_Figure3_data,,,,,False,False,False
4869,Tm5a-TnT,-0.40989793450284334,1.0,False,0,no_same_type_Figure3_data,,,,,False,False,False
4870,Tm5a-TnT,1.1698682324528529,3.0,False,0,no_same_type_Figure3_data,,,,,False,False,False
4871,Tm5a-TnT,0.3503663408496088,7.0,False,0,no_same_type_Figure3_data,,,,,False,False,False
4872,Tm5a-TnT,0.6224375706617872,1.0,False,0,no_same_type_Figure3_data,,,,,False,False,False
4873,Tm5a-TnT,-0.04545221314234436,21.0,False,0,no_same_type_Figure3_data,,,,,False,False,False
4874,Tm5a-TnT,0.21690568126192125,20.0,False,0,no_same_type_Figure3_data,,,,,False,False,False
4875,Tm5a-TnT,0.12109273335925035,45.0,False,0,no_same_type_Figure3_data,,,,,False,False,False
4876,Tm5a-TnT,0.31431592841334627,6.0,False,0,no_same_type_Figure3_data,,,,,False,False,False
4877,Tm5a-TnT,-0.4421096771286681,3.0,False,0,no_same_type_Figure3_data,,,,,False,False,False
4878,Tm5a-TnT,0.16656185772147156,5.0,False,0,no_same_type_Figure3_data,,,,,False,False,False
4879,Tm5a-TnT,0.068237091398175,1.0,False,0,no_same_type_Figure3_data,,,,,False,False,False
4880,Tm5a-TnT,0.6981241180606375,1.0,False,0,no_same_type_Figure3_data,,,,,False,False,False
4881,Tm5a-TnT,0.04673354832276457,17.0,False,0,no_same_type_Figure3_data,,,,,False,False,False
4882,Tm5a-TnT,-0.023973853444184453,3.0,False,0,no_same_type_Figure3_data,,,,,False,False,False
4883,Tm5a-TnT,0.3492751309002123,3.0,False,0,no_same_type_Figure3_data,,,,,False,False,False
4884,Tm5a-TnT,0.2645711681716689,3.0,False,0,no_same_type_Figure3_data,,,,,False,False,False
4885,Tm5a-TnT,-0.5594143036632714,3.0,False,0,no_same_type_Figure3_data,,,,,False,False,False
4886,Tm5a-TnT,0.4122948542664056,9.0,False,0,no_same_type_Figure3_data,,,,,False,False,False
4887,Tm5a-TnT,-0.19805737001250906,1.0,False,0,no_same_type_Figure3_data,,,,,False,False,False
4888,Tm5a-TnT,-0.6032310837061337,1.0,False,0,no_same_type_Figure3_data,,,,,False,False,False
4889,Tm5a-TnT,-0.6248259314289807,5.0,False,0,no_same_type_Figure3_data,,,,,False,False,False
4890,Tm5a-TnT,0.3381754867770482,9.0,False,0,no_same_type_Figure3_data,,,,,False,False,False
4891,Tm5a-TnT,-0.153513113362956,15.0,False,0,no_same_type_Figure3_data,,,,,False,False,False
4892,Tm5a-TnT,0.6874047300728782,1.0,False,0,no_same_type_Figure3_data,,,,,False,False,False
4893,Tm5a-TnT,0.24715529845326437,1.0,False,0,no_same_type_Figure3_data,,,,,False,False,False
4894,Tm5a-TnT,0.10356716454908692,11.0,False,0,no_same_type_Figure3_data,,,,,False,False,False
4895,Tm5a-TnT,-0.1661166326792971,11.0,False,0,no_same_type_Figure3_data,,,,,False,False,False
4896,Tm5a-TnT,0.5063787175453309,5.0,False,0,no_same_type_Figure3_data,,,,,False,False,False
4897,Tm5a-TnT,1.5805713623979625,1.0,False,0,no_same_type_Figure3_data,,,,,False,False,False
4898,Tm5a-TnT,0.6518170975849452,10.0,False,0,no_same_type_Figure3_data,,,,,False,False,False
4899,Tm5a-TnT,0.5378116030820405,3.0,False,0,no_same_type_Figure3_data,,,,,False,False,False
4900,Tm5a-TnT,0.41542698626369606,5.0,False,0,no_same_type_Figure3_data,,,,,False,False,False
4901,Tm5a-TnT,0.49547715947365706,1.0,False,0,no_same_type_Figure3_data,,,,,False,False,False
4902,Tm5a-TnT,-0.11732021252608028,6.0,False,0,no_same_type_Figure3_data,,,,,False,False,False
4903,Tm5a-TnT,0.8228684241346674,1.0,False,0,no_same_type_Figure3_data,,,,,False,False,False
4904,Tm5a-TnT,0.3282296101532349,5.0,False,0,no_same_type_Figure3_data,,,,,False,False,False
4905,Tm5a-TnT,-0.055207395016934266,6.0,False,0,no_same_type_Figure3_data,,,,,False,False,False
4906,Tm5a-TnT,1.1189688959902102,11.0,False,0,no_same_type_Figure3_data,,,,,False,False,False
4907,Tm5a-TnT,-0.1722608082238939,9.0,False,0,no_same_type_Figure3_data,,,,,False,False,False
4908,Tm5a-TnT,0.046955185962137866,11.0,False,0,no_same_type_Figure3_data,,,,,False,False,False
4909,Tm5a-TnT,-0.19218815500976025,7.0,False,0,no_same_type_Figure3_data,,,,,False,False,False
4910,Tm5a-TnT,0.3901226881862892,3.0,False,0,no_same_type_Figure3_data,,,,,False,False,False
4911,Tm5a-TnT,0.4604835224843326,4.0,False,0,no_same_type_Figure3_data,,,,,False,False,False
4912,Tm5a-TnT,-0.3030991179412754,5.0,False,0,no_same_type_Figure3_data,,,,,False,False,False
4913,Tm5a-TnT,0.40345908968012123,7.0,False,0,no_same_type_Figure3_data,,,,,False,False,False
4914,Tm5a-TnT,0.6743330427105254,6.0,False,0,no_same_type_Figure3_data,,,,,False,False,False
4915,Tm5a-TnT,0.13804307108679442,21.0,False,0,no_same_type_Figure3_data,,,,,False,False,False
4916,Tm5a-TnT,0.03939520934864831,34.0,False,0,no_same_type_Figure3_data,,,,,False,False,False
4917,Tm5a-TnT,0.6056509476580414,8.0,False,0,no_same_type_Figure3_data,,,,,False,False,False
4918,Tm5a-TnT,-0.21708505504131473,44.0,False,0,no_same_type_Figure3_data,,,,,False,False,False
4919,Tm5a-TnT,0.7193816636957573,6.0,False,0,no_same_type_Figure3_data,,,,,False,False,False
4920,Tm5a-TnT,0.23877831741762715,8.0,False,0,no_same_type_Figure3_data,,,,,False,False,False
4921,Tm5a-TnT,0.07925355631240151,3.0,False,0,no_same_type_Figure3_data,,,,,False,False,False
4922,Tm5a-TnT,2.458916338874682,7.0,False,0,no_same_type_Figure3_data,,,,,False,False,False
4923,Tm5a-TnT,2.149490676474388,7.0,False,0,no_same_type_Figure3_data,,,,,False,False,False
4924,Tm5a-TnT,1.3663553700247115,6.0,False,0,no_same_type_Figure3_data,,,,,False,False,False
4925,Tm5a-TnT,2.3442778417172696,6.0,False,0,no_same_type_Figure3_data,,,,,False,False,False
4926,Tm5a-TnT,0.00651515371306291,5.0,False,0,no_same_type_Figure3_data,,,,,False,False,False
4927,Tm5a-TnT,-0.6524783946138063,2.0,False,0,no_same_type_Figure3_data,,,,,False,False,False
4928,Tm5a-TnT,0.3701162263081984,9.0,False,0,no_same_type_Figure3_data,,,,,False,False,False
4929,Tm5a-TnT,0.2851721817854641,9.0,False,0,no_same_type_Figure3_data,,,,,False,False,False
4930,Tm5a-TnT,0.6499279811316736,4.0,False,0,no_same_type_Figure3_data,,,,,False,False,False
4931,Tm5a-TnT,-0.2472130852401452,4.0,False,0,no_same_type_Figure3_data,,,,,False,False,False
4932,Tm5a-TnT,0.19029905580368495,4.0,False,0,no_same_type_Figure3_data,,,,,False,False,False
4933,Tm5a-TnT,0.11279104565772687,5.0,False,0,no_same_type_Figure3_data,,,,,False,False,False
4934,Tm5a-TnT,0.2308383352809622,2.0,False,0,no_same_type_Figure3_data,,,,,False,False,False
4935,Tm5a-TnT,0.3533905347407261,11.0,False,0,no_same_type_Figure3_data,,,,,False,False,False
4936,Tm5a-TnT,0.09755932361802688,9.0,False,0,no_same_type_Figure3_data,,,,,False,False,False
4937,Tm5a-TnT,2.9908075679758466,5.0,False,0,no_same_type_Figure3_data,,,,,False,False,False
4938,Tm5a-TnT,2.0897371434545375,5.0,False,0,no_same_type_Figure3_data,,,,,False,False,False
4939,Tm5a-TnT,-0.8807946433158369,2.0,False,0,no_same_type_Figure3_data,,,,,False,False,False
4940,Tm5a-TnT,1.982411927385684,4.0,False,0,no_same_type_Figure3_data,,,,,False,False,False
4941,Tm5a-TnT,0.2610275823389715,3.0,False,0,no_same_type_Figure3_data,,,,,False,False,False
4942,Tm5a-TnT,0.7221505258597831,1.0,False,0,no_same_type_Figure3_data,,,,,False,False,False
4943,Tm5a-TnT,0.2926187841271069,24.0,False,0,no_same_type_Figure3_data,,,,,False,False,False
4944,Tm5a-TnT,-0.1447518903279452,25.0,False,0,no_same_type_Figure3_data,,,,,False,False,False
4945,Tm5a-TnT,-0.02844174947514719,3.0,False,0,no_same_type_Figure3_data,,,,,False,False,False
4946,Tm5a-TnT,0.31215532746079017,17.0,False,0,no_same_type_Figure3_data,,,,,False,False,False
4947,Tm5a-TnT,0.23801125547159221,14.0,False,0,no_same_type_Figure3_data,,,,,False,False,False
4948,Tm5a-TnT,0.0165038951725712,10.0,False,0,no_same_type_Figure3_data,,,,,False,False,False
4949,Tm5a-TnT,0.15363835190071778,21.0,False,0,no_same_type_Figure3_data,,,,,False,False,False
4950,Tm5a-TnT,-0.01723506152889088,24.0,False,0,no_same_type_Figure3_data,,,,,False,False,False
4951,Tm5a-TnT,0.07562983529145009,45.0,False,0,no_same_type_Figure3_data,,,,,False,False,False
4952,Tm5a-TnT,-0.008984869025880856,21.0,False,0,no_same_type_Figure3_data,,,,,False,False,False
4953,Tm5a-TnT,-0.2886460233648801,3.0,False,0,no_same_type_Figure3_data,,,,,False,False,False
4954,Tm5a-TnT,0.26464100549528147,17.0,False,0,no_same_type_Figure3_data,,,,,False,False,False
4955,Tm5a-TnT,-1.8748935407136877,1.0,False,0,no_same_type_Figure3_data,,,,,False,False,False
4956,Tm5a-TnT,1.209702346327005,4.0,False,0,no_same_type_Figure3_data,,,,,False,False,False
4957,Tm5a-TnT,1.0151532689448766,17.0,False,0,no_same_type_Figure3_data,,,,,False,False,False
4958,Tm5a-TnT,1.4502490050994266,20.0,False,0,no_same_type_Figure3_data,,,,,False,False,False
4959,Tm5a-TnT,0.44091918284377385,1.0,False,0,no_same_type_Figure3_data,,,,,False,False,False
4960,Tm5a-TnT,0.4666326662870584,1.0,False,0,no_same_type_Figure3_data,,,,,False,False,False
4961,Tm5a-TnT,0.2779150878941881,17.0,False,0,no_same_type_Figure3_data,,,,,False,False,False
4962,Tm5a-TnT,1.121499137432009,45.0,False,0,no_same_type_Figure3_data,,,,,False,False,False
4963,Tm5a-TnT,-0.19930156999649912,45.0,False,0,no_same_type_Figure3_data,,,,,False,False,False
4964,Tm5a-TnT,0.30288842576895453,20.0,False,0,no_same_type_Figure3_data,,,,,False,False,False
4965,Tm5a-TnT,-0.03013337789916257,11.0,False,0,no_same_type_Figure3_data,,,,,False,False,False
4966,Tm5a-TnT,-0.27028014896927927,5.0,False,0,no_same_type_Figure3_data,,,,,False,False,False
4967,Tm5a-TnT,-0.23205673357790463,1.0,False,0,no_same_type_Figure3_data,,,,,False,False,False
4968,Tm5a-TnT,-0.727986225347589,2.0,False,0,no_same_type_Figure3_data,,,,,False,False,False
4969,Tm5a-TnT,-0.9179073820916395,2.0,False,0,no_same_type_Figure3_data,,,,,False,False,False
4970,Tm5a-TnT,-0.7622211171840636,4.0,False,0,no_same_type_Figure3_data,,,,,False,False,False
4971,Tm5a-TnT,0.8221860169108524,1.0,False,0,no_same_type_Figure3_data,,,,,False,False,False
4972,Tm5a-TnT,-1.8810144605358374,1.0,False,0,no_same_type_Figure3_data,,,,,False,False,False
4973,Tm5a-TnT,-0.048667020538195105,18.0,False,0,no_same_type_Figure3_data,,,,,False,False,False
4974,Tm5a-TnT,0.012228574146966726,17.0,False,0,no_same_type_Figure3_data,,,,,False,False,False
4975,Tm5a-TnT,-0.1033286292671899,1.0,False,0,no_same_type_Figure3_data,,,,,False,False,False
4976,Tm5a-TnT,0.12632691885242994,13.0,False,0,no_same_type_Figure3_data,,,,,False,False,False
4977,Tm5a-TnT,0.09305916832466861,24.0,False,0,no_same_type_Figure3_data,,,,,False,False,False
4978,Tm5a-TnT,0.4003415714408473,9.0,False,0,no_same_type_Figure3_data,,,,,False,False,False
4979,Tm5a-TnT,-0.07066028005212197,32.0,False,0,no_same_type_Figure3_data,,,,,False,False,False
4980,Tm5a-TnT,0.13311941076582845,22.0,False,0,no_same_type_Figure3_data,,,,,False,False,False
4981,Tm5a-TnT,-0.1483123333213803,2.0,False,0,no_same_type_Figure3_data,,,,,False,False,False
4982,Tm5a-TnT,0.37578099427550127,5.0,False,0,no_same_type_Figure3_data,,,,,False,False,False
4983,Tm5a-TnT,0.09094561118360614,3.0,False,0,no_same_type_Figure3_data,,,,,False,False,False
4984,Tm5a-TnT,0.16679468639228912,4.0,False,0,no_same_type_Figure3_data,,,,,False,False,False
4985,Tm5a-TnT,0.549022196197421,7.0,False,0,no_same_type_Figure3_data,,,,,False,False,False
4986,Tm5a-TnT,0.19728954580963096,1.0,False,0,no_same_type_Figure3_data,,,,,False,False,False
4987,Tm5a-TnT,0.4736542054734582,5.0,False,0,no_same_type_Figure3_data,,,,,False,False,False
4988,Tm5a-TnT,0.5231732905376488,9.0,False,0,no_same_type_Figure3_data,,,,,False,False,False
4989,Tm5a-TnT,0.7695666546267673,11.0,False,0,no_same_type_Figure3_data,,,,,False,False,False
4990,Tm5a-TnT,0.7256678315124703,1.0,False,0,no_same_type_Figure3_data,,,,,False,False,False
4991,Tm5a-TnT,0.6163973124464022,1.0,False,0,no_same_type_Figure3_data,,,,,False,False,False
4992,Tm5a-TnT,0.4618818388779638,2.0,False,0,no_same_type_Figure3_data,,,,,False,False,False
4993,Tm5a-TnT,0.6112597953970391,1.0,False,0,no_same_type_Figure3_data,,,,,False,False,False
4994,Tm5a-TnT,0.2959033543479896,10.0,False,0,no_same_type_Figure3_data,,,,,False,False,False
4995,Tm5a-TnT,0.24695691569060388,1.0,False,0,no_same_type_Figure3_data,,,,,False,False,False
4996,Tm5a-TnT,0.23285751298649893,17.0,False,0,no_same_type_Figure3_data,,,,,False,False,False
4997,Tm5a-TnT,0.21230303992677016,9.0,False,0,no_same_type_Figure3_data,,,,,False,False,False
4998,Tm5a-TnT,0.414399300769146,1.0,False,0,no_same_type_Figure3_data,,,,,False,False,False
4999,Tm5a-TnT,3.2432728733322844,2.0,False,0,no_same_type_Figure3_data,,,,,False,False,False
5000,Tm5a-TnT,1.385585391537438,4.0,False,0,no_same_type_Figure3_data,,,,,False,False,False
5001,Tm5a-TnT,-0.054897542476292215,3.0,False,0,no_same_type_Figure3_data,,,,,False,False,False
5002,Tm5a-TnT,1.0607163828903072,1.0,False,0,no_same_type_Figure3_data,,,,,False,False,False
5003,Tm5a-TnT,0.9150420803595095,1.0,False,0,no_same_type_Figure3_data,,,,,False,False,False
5004,Tm5a-TnT,0.8908666344712144,12.0,False,0,no_same_type_Figure3_data,,,,,False,False,False
5005,Tm5a-TnT,0.532954135384729,11.0,False,0,no_same_type_Figure3_data,,,,,False,False,False
5006,Tm5a-TnT,0.35082479295707397,3.0,False,0,no_same_type_Figure3_data,,,,,False,False,False
5007,Tm5a-TnT,0.30913708986663785,2.0,False,0,no_same_type_Figure3_data,,,,,False,False,False
5008,Tm5a-TnT,-0.024641859255402656,31.0,False,0,no_same_type_Figure3_data,,,,,False,False,False
5009,Tm5a-TnT,0.44267413754179813,20.0,False,0,no_same_type_Figure3_data,,,,,False,False,False
5010,Tm5a-TnT,1.4693489802588335,45.0,False,0,no_same_type_Figure3_data,,,,,False,False,False
5011,Tm5a-TnT,0.6162876789281747,20.0,False,0,no_same_type_Figure3_data,,,,,False,False,False
5012,Tm5a-TnT,0.13073977715878501,44.0,False,0,no_same_type_Figure3_data,,,,,False,False,False
5013,Tm5a-TnT,0.33684877103577543,18.0,False,0,no_same_type_Figure3_data,,,,,False,False,False
5014,Tm5a-TnT,0.3627381219232838,9.0,False,0,no_same_type_Figure3_data,,,,,False,False,False
5015,Tm5a-TnT,1.3186893546589875,17.0,False,0,no_same_type_Figure3_data,,,,,False,False,False
5016,Tm5a-TnT,0.3794578861022666,9.0,False,0,no_same_type_Figure3_data,,,,,False,False,False
5017,Tm5a-TnT,1.286057333111378,3.0,False,0,no_same_type_Figure3_data,,,,,False,False,False
5018,Tm5a-TnT,0.7262804037936631,3.0,False,0,no_same_type_Figure3_data,,,,,False,False,False
5019,Tm5a-TnT,1.1992665092999928,1.0,False,0,no_same_type_Figure3_data,,,,,False,False,False
5020,Tm5a-TnT,0.9599000582579164,2.0,False,0,no_same_type_Figure3_data,,,,,False,False,False
5021,Tm5a-TnT,1.030553762671499,2.0,False,0,no_same_type_Figure3_data,,,,,False,False,False
5022,Tm5a-TnT,0.5949630981310751,5.0,False,0,no_same_type_Figure3_data,,,,,False,False,False
5023,Tm5a-TnT,1.809827842918823,1.0,False,0,no_same_type_Figure3_data,,,,,False,False,False
5024,Tm5a-TnT,0.375761996415776,9.0,False,0,no_same_type_Figure3_data,,,,,False,False,False
5025,Tm5a-TnT,0.17426501896085128,11.0,False,0,no_same_type_Figure3_data,,,,,False,False,False
5026,Tm5a-TnT,-1.1719736627001767,1.0,False,0,no_same_type_Figure3_data,,,,,False,False,False
5027,Tm5a-TnT,1.2299969969760234,1.0,False,0,no_same_type_Figure3_data,,,,,False,False,False
5028,Tm5a-TnT,-0.1718082515635561,9.0,False,0,no_same_type_Figure3_data,,,,,False,False,False
5029,Tm5a-TnT,0.29085581889586465,11.0,False,0,no_same_type_Figure3_data,,,,,False,False,False
5030,Tm5a-TnT,1.4149696697888612,8.0,False,0,no_same_type_Figure3_data,,,,,False,False,False
5031,Tm5a-TnT,0.426000927327936,9.0,False,0,no_same_type_Figure3_data,,,,,False,False,False
5032,Tm5a-TnT,1.3328437220310663,11.0,False,0,no_same_type_Figure3_data,,,,,False,False,False
5033,Tm5a-TnT,0.04387576735085411,2.0,False,0,no_same_type_Figure3_data,,,,,False,False,False
5034,Tm5a-TnT,-0.879200926966475,4.0,False,0,no_same_type_Figure3_data,,,,,False,False,False
5035,Tm5a-TnT,0.5228971833313442,9.0,False,0,no_same_type_Figure3_data,,,,,False,False,False
5036,Tm5a-TnT,0.1366362767426382,9.0,False,0,no_same_type_Figure3_data,,,,,False,False,False
5037,Tm5a-TnT,0.6289962320313135,34.0,False,0,no_same_type_Figure3_data,,,,,False,False,False
5038,Tm5a-TnT,0.8044238622732072,23.0,False,0,no_same_type_Figure3_data,,,,,False,False,False
5039,Tm5a-TnT,0.39711708279017205,6.0,False,0,no_same_type_Figure3_data,,,,,False,False,False
5040,Tm5a-TnT,0.5132940937357968,8.0,False,0,no_same_type_Figure3_data,,,,,False,False,False
5041,Tm5a-TnT,1.881339032814342,1.0,False,0,no_same_type_Figure3_data,,,,,False,False,False
5042,Tm5a-TnT,0.17622540162255823,9.0,False,0,no_same_type_Figure3_data,,,,,False,False,False
5043,Tm5a-TnT,0.2067244682187099,5.0,False,0,no_same_type_Figure3_data,,,,,False,False,False
5044,Tm5a-TnT,0.14756547985996463,4.0,False,0,no_same_type_Figure3_data,,,,,False,False,False
5045,Tm5a-TnT,0.31673927656729034,9.0,False,0,no_same_type_Figure3_data,,,,,False,False,False
5046,Tm5a-TnT,-0.1717512996267588,6.0,False,0,no_same_type_Figure3_data,,,,,False,False,False
5047,Tm5a-TnT,1.2681619228900463,1.0,False,0,no_same_type_Figure3_data,,,,,False,False,False
5048,Tm5a-TnT,-0.649932072534755,1.0,False,0,no_same_type_Figure3_data,,,,,False,False,False
5049,Tm5a-TnT,0.4007913204891631,5.0,False,0,no_same_type_Figure3_data,,,,,False,False,False
5050,Tm5a-TnT,0.5358348696396801,9.0,False,0,no_same_type_Figure3_data,,,,,False,False,False
5051,Tm5a-TnT,0.526936251843873,1.0,False,0,no_same_type_Figure3_data,,,,,False,False,False
5052,Tm5a-TnT,0.5227345465121745,9.0,False,0,no_same_type_Figure3_data,,,,,False,False,False
5053,Tm5a-TnT,3.0330067625245394,9.0,False,0,no_same_type_Figure3_data,,,,,False,False,False
5054,Tm5a-TnT,0.8503196517873544,1.0,False,0,no_same_type_Figure3_data,,,,,False,False,False
5055,Tm5a-TnT,1.1109596277909979,11.0,False,0,no_same_type_Figure3_data,,,,,False,False,False
5056,Tm5a-TnT,0.10914874555184971,9.0,False,0,no_same_type_Figure3_data,,,,,False,False,False
5057,Tm5a-TnT,0.15250102530375667,1.0,False,0,no_same_type_Figure3_data,,,,,False,False,False
5058,Tm5a-TnT,0.72684866890898,11.0,False,0,no_same_type_Figure3_data,,,,,False,False,False
5059,Tm5a-TnT,0.09545060079048685,2.0,False,0,no_same_type_Figure3_data,,,,,False,False,False
5060,Tm5a-TnT,1.9500824895538842,1.0,False,0,no_same_type_Figure3_data,,,,,False,False,False
5061,Tm5a-TnT,0.1944776763136366,5.0,False,0,no_same_type_Figure3_data,,,,,False,False,False
5062,Tm5a-TnT,0.3455516142942094,1.0,False,0,no_same_type_Figure3_data,,,,,False,False,False
5063,Tm5a-TnT,0.4959051112418081,4.0,False,0,no_same_type_Figure3_data,,,,,False,False,False
5064,Tm5a-TnT,0.003178068817515161,3.0,False,0,no_same_type_Figure3_data,,,,,False,False,False
5065,Tm5a-TnT,0.16211877580079184,6.0,False,0,no_same_type_Figure3_data,,,,,False,False,False
5066,Tm5a-TnT,0.6515691650399645,7.0,False,0,no_same_type_Figure3_data,,,,,False,False,False
5067,Tm5a-TnT,0.6568279911264333,18.0,False,0,no_same_type_Figure3_data,,,,,False,False,False
5068,Tm5a-TnT,0.7864165749087283,4.0,False,0,no_same_type_Figure3_data,,,,,False,False,False
5069,Tm5a-TnT,1.1160736143708463,1.0,False,0,no_same_type_Figure3_data,,,,,False,False,False
5070,Tm5a-TnT,0.9010541437203184,7.0,False,0,no_same_type_Figure3_data,,,,,False,False,False
5071,Tm5a-TnT,2.1546675136238913,21.0,False,0,no_same_type_Figure3_data,,,,,False,False,False
5072,Tm5a-TnT,0.08226800679765363,1.0,False,0,no_same_type_Figure3_data,,,,,False,False,False
5073,Tm5a-TnT,0.6100039353183337,16.0,False,0,no_same_type_Figure3_data,,,,,False,False,False
5074,Tm5a-TnT,0.9949560134351099,32.0,False,0,no_same_type_Figure3_data,,,,,False,False,False
5075,Tm5a-TnT,0.8988810415509094,7.0,False,0,no_same_type_Figure3_data,,,,,False,False,False
5076,Tm5a-TnT,1.022447154855968,9.0,False,0,no_same_type_Figure3_data,,,,,False,False,False
5077,Tm5a-TnT,1.2264917528894057,1.0,False,0,no_same_type_Figure3_data,,,,,False,False,False
5078,Tm5a-TnT,1.1819591739492112,7.0,False,0,no_same_type_Figure3_data,,,,,False,False,False
5079,Tm5a-TnT,1.956922704749821,21.0,False,0,no_same_type_Figure3_data,,,,,False,False,False
5080,Tm5a-TnT,0.6401309003685671,21.0,False,0,no_same_type_Figure3_data,,,,,False,False,False
5081,Tm5a-TnT,0.9228178602078454,7.0,False,0,no_same_type_Figure3_data,,,,,False,False,False
5082,Tm5a-TnT,3.010824992467095,5.0,False,0,no_same_type_Figure3_data,,,,,False,False,False
5083,Tm5a-TnT,1.3038955881125947,1.0,False,0,no_same_type_Figure3_data,,,,,False,False,False
5084,Tm5a-TnT,1.0110207416259716,14.0,False,0,no_same_type_Figure3_data,,,,,False,False,False
5085,Tm5a-TnT,1.4222993380275615,3.0,False,0,no_same_type_Figure3_data,,,,,False,False,False
5086,Tm5a-TnT,1.3408019006571377,40.0,False,0,no_same_type_Figure3_data,,,,,False,False,False
5087,Tm5a-TnT,-0.5367756028154618,1.0,False,0,no_same_type_Figure3_data,,,,,False,False,False
5088,Tm5a-TnT,1.3777154560198068,3.0,False,0,no_same_type_Figure3_data,,,,,False,False,False
5089,Tm5a-TnT,1.0927913769308608,3.0,False,0,no_same_type_Figure3_data,,,,,False,False,False
5090,Tm5a-TnT,1.027035580521048,7.0,False,0,no_same_type_Figure3_data,,,,,False,False,False
5091,Tm5a-TnT,1.0127439754324505,9.0,False,0,no_same_type_Figure3_data,,,,,False,False,False
5092,Tm5a-TnT,0.9819964237340868,4.0,False,0,no_same_type_Figure3_data,,,,,False,False,False
5093,Tm5a-TnT,1.209656125515698,12.0,False,0,no_same_type_Figure3_data,,,,,False,False,False
5094,Tm5a-TnT,1.433071699280703,6.0,False,0,no_same_type_Figure3_data,,,,,False,False,False
5095,Tm5a-TnT,0.7446312650001297,4.0,False,0,no_same_type_Figure3_data,,,,,False,False,False
5096,Tm5a-TnT,1.628111527358083,5.0,False,0,no_same_type_Figure3_data,,,,,False,False,False
5097,Tm5a-TnT,1.2910909029998414,15.0,False,0,no_same_type_Figure3_data,,,,,False,False,False
5098,Tm5a-TnT,1.4402205425778518,2.0,False,0,no_same_type_Figure3_data,,,,,False,False,False
5099,Tm5a-TnT,2.2406890877744945,6.0,False,0,no_same_type_Figure3_data,,,,,False,False,False
5100,Tm5a-TnT,1.2760092737467996,1.0,False,0,no_same_type_Figure3_data,,,,,False,False,False
5101,Tm5a-TnT,0.010048606159722473,1.0,False,0,no_same_type_Figure3_data,,,,,False,False,False
5102,Tm5a-TnT,0.19830157149804575,16.0,False,0,no_same_type_Figure3_data,,,,,False,False,False
5103,Tm5a-TnT,0.8298288840986915,32.0,False,0,no_same_type_Figure3_data,,,,,False,False,False
5104,Tm5a-TnT,-3.0312702227384802,1.0,False,0,no_same_type_Figure3_data,,,,,False,False,False
5105,Tm5a-TnT,0.6658857798977007,3.0,False,0,no_same_type_Figure3_data,,,,,False,False,False
5106,Tm5a-TnT,1.5839279500794805,9.0,False,0,no_same_type_Figure3_data,,,,,False,False,False
5107,Tm5a-TnT,0.6585617090961422,36.0,False,0,no_same_type_Figure3_data,,,,,False,False,False
5108,Tm5a-TnT,0.27438164239599355,2.0,False,0,no_same_type_Figure3_data,,,,,False,False,False
5109,Tm5a-TnT,1.0233597857855956,12.0,False,0,no_same_type_Figure3_data,,,,,False,False,False
5110,Tm5a-TnT,1.2461711261790591,1.0,False,0,no_same_type_Figure3_data,,,,,False,False,False
5111,Tm5a-TnT,0.5900600055841556,16.0,False,0,no_same_type_Figure3_data,,,,,False,False,False
5112,Tm5a-TnT,0.6150413255724818,32.0,False,0,no_same_type_Figure3_data,,,,,False,False,False
5113,Tm5a-TnT,0.7411041331825624,36.0,False,0,no_same_type_Figure3_data,,,,,False,False,False
5114,Tm5a-TnT,0.6700222570865842,16.0,False,0,no_same_type_Figure3_data,,,,,False,False,False
5115,Tm5a-TnT,0.7868525815597628,32.0,False,0,no_same_type_Figure3_data,,,,,False,False,False
5116,Tm5a-TnT,0.8747432931730111,28.0,False,0,no_same_type_Figure3_data,,,,,False,False,False
5117,Tm5a-TnT,1.0212423482825568,17.0,False,0,no_same_type_Figure3_data,,,,,False,False,False
5118,Tm5a-TnT,1.1084131215730795,20.0,False,0,no_same_type_Figure3_data,,,,,False,False,False
5119,Tm5a-TnT,0.9540530777732091,43.0,False,0,no_same_type_Figure3_data,,,,,False,False,False
5120,Tm5a-TnT,1.2474342902530948,19.0,False,0,no_same_type_Figure3_data,,,,,False,False,False
5121,Tm5a-TnT,1.0630381811836516,31.0,False,0,no_same_type_Figure3_data,,,,,False,False,False
5122,Tm5a-TnT,1.0246904186189238,25.0,False,0,no_same_type_Figure3_data,,,,,False,False,False
5123,Tm5a-TnT,-0.5602432166677853,1.0,False,0,no_same_type_Figure3_data,,,,,False,False,False
5124,Tm5a-TnT,0.15810883300963655,3.0,False,0,no_same_type_Figure3_data,,,,,False,False,False
5125,Tm5a-TnT,-0.7430105244938805,2.0,False,0,no_same_type_Figure3_data,,,,,False,False,False
5126,Tm5a-TnT,1.1809907397116584,7.0,False,0,no_same_type_Figure3_data,,,,,False,False,False
5127,Tm5a-TnT,1.9596161926695905,1.0,False,0,no_same_type_Figure3_data,,,,,False,False,False
5128,Tm5a-TnT,-0.2490007139900317,1.0,False,0,no_same_type_Figure3_data,,,,,False,False,False
5129,Tm5a-TnT,1.0503091053051736,3.0,False,0,no_same_type_Figure3_data,,,,,False,False,False
5130,Tm5a-TnT,0.9324411033890228,6.0,False,0,no_same_type_Figure3_data,,,,,False,False,False
5131,Tm5a-TnT,1.2320585593240048,2.0,False,0,no_same_type_Figure3_data,,,,,False,False,False
5132,Tm5a-TnT,-1.3334409868883148,2.0,False,0,no_same_type_Figure3_data,,,,,False,False,False
5133,Tm5a-TnT,1.0422342689003905,3.0,False,0,no_same_type_Figure3_data,,,,,False,False,False
5134,Tm5a-TnT,1.4175897296906386,12.0,False,0,no_same_type_Figure3_data,,,,,False,False,False
5135,Tm5a-TnT,1.6115098925663711,5.0,False,0,no_same_type_Figure3_data,,,,,False,False,False
5136,Tm5a-TnT,1.2359751754773485,7.0,False,0,no_same_type_Figure3_data,,,,,False,False,False
5137,Tm5a-TnT,0.5396941175278697,1.0,False,0,no_same_type_Figure3_data,,,,,False,False,False
5138,Tm5a-TnT,1.516060303421422,9.0,False,0,no_same_type_Figure3_data,,,,,False,False,False
5139,Tm5a-TnT,0.7563032481746951,1.0,False,0,no_same_type_Figure3_data,,,,,False,False,False
5140,Tm5a-TnT,1.3726233859202108,8.0,False,0,no_same_type_Figure3_data,,,,,False,False,False
5141,Tm5a-TnT,1.161188948279482,12.0,False,0,no_same_type_Figure3_data,,,,,False,False,False
5142,Tm5a-TnT,0.694525837462192,7.0,False,0,no_same_type_Figure3_data,,,,,False,False,False
5143,Tm5a-TnT,0.5101267162275275,18.0,False,0,no_same_type_Figure3_data,,,,,False,False,False
5144,Tm5a-TnT,0.8846212334977653,7.0,False,0,no_same_type_Figure3_data,,,,,False,False,False
5145,Tm5a-TnT,1.0845307632709769,7.0,False,0,no_same_type_Figure3_data,,,,,False,False,False
5146,Tm5a-TnT,2.9228488393193466,11.0,False,0,no_same_type_Figure3_data,,,,,False,False,False
5147,Tm5a-TnT,0.9197048912821965,9.0,False,0,no_same_type_Figure3_data,,,,,False,False,False
5148,Tm5a-TnT,1.2226807180041241,13.0,False,0,no_same_type_Figure3_data,,,,,False,False,False
5149,Tm5a-TnT,1.4553301457589112,2.0,False,0,no_same_type_Figure3_data,,,,,False,False,False
5150,Tm5a-TnT,1.3787284647038802,27.0,False,0,no_same_type_Figure3_data,,,,,False,False,False
5151,Tm5a-TnT,0.9344589319609725,1.0,False,0,no_same_type_Figure3_data,,,,,False,False,False
5152,Tm5a-TnT,1.3023209179590716,15.0,False,0,no_same_type_Figure3_data,,,,,False,False,False
5153,Tm5a-TnT,0.9969953772330928,23.0,False,0,no_same_type_Figure3_data,,,,,False,False,False
5154,Tm5a-TnT,0.68756413573865,25.0,False,0,no_same_type_Figure3_data,,,,,False,False,False
5155,Tm5a-TnT,2.151913692584158,3.0,False,0,no_same_type_Figure3_data,,,,,False,False,False
5156,Tm5a-TnT,1.1260487958309389,6.0,False,0,no_same_type_Figure3_data,,,,,False,False,False
5157,Tm5a-TnT,0.8193011165227535,3.0,False,0,no_same_type_Figure3_data,,,,,False,False,False
5158,Tm5a-TnT,1.123845979485308,27.0,False,0,no_same_type_Figure3_data,,,,,False,False,False
5159,Tm5a-TnT,0.9457847505593074,38.0,False,0,no_same_type_Figure3_data,,,,,False,False,False
5160,Tm5a-TnT,-1.2048339540375754,2.0,False,0,no_same_type_Figure3_data,,,,,False,False,False
5161,Tm5a-TnT,0.6510852544871888,6.0,False,0,no_same_type_Figure3_data,,,,,False,False,False
5162,Tm5a-TnT,2.1154780157208743,7.0,False,0,no_same_type_Figure3_data,,,,,False,False,False
5163,Tm5a-TnT,1.140291488294738,18.0,False,0,no_same_type_Figure3_data,,,,,False,False,False
5164,Tm5a-TnT,1.0825343065237572,6.0,False,0,no_same_type_Figure3_data,,,,,False,False,False
5165,Tm5a-TnT,1.3585777530510847,32.0,False,0,no_same_type_Figure3_data,,,,,False,False,False
5166,Tm5a-TnT,1.176561389735464,42.0,False,0,no_same_type_Figure3_data,,,,,False,False,False
5167,Tm5a-TnT,1.1472818550500445,9.0,False,0,no_same_type_Figure3_data,,,,,False,False,False
5168,Tm5a-TnT,0.363385974662403,5.0,False,0,no_same_type_Figure3_data,,,,,False,False,False
5169,Tm5a-TnT,1.3959239237567675,5.0,False,0,no_same_type_Figure3_data,,,,,False,False,False
5170,Tm5a-TnT,0.9799379530549509,12.0,False,0,no_same_type_Figure3_data,,,,,False,False,False
5171,Tm5a-TnT,-0.03838779516040163,2.0,False,0,no_same_type_Figure3_data,,,,,False,False,False
5172,Tm5a-TnT,-0.26818349245995193,2.0,False,0,no_same_type_Figure3_data,,,,,False,False,False
5173,Tm5a-TnT,1.136775632084164,6.0,False,0,no_same_type_Figure3_data,,,,,False,False,False
5174,Tm5a-TnT,1.3179542958674804,12.0,False,0,no_same_type_Figure3_data,,,,,False,False,False
5175,Tm5a-TnT,1.6696367645277213,7.0,False,0,no_same_type_Figure3_data,,,,,False,False,False
5176,Tm5a-TnT,0.32501035462493394,1.0,False,0,no_same_type_Figure3_data,,,,,False,False,False
5177,Tm5a-TnT,-0.9558278916862477,1.0,False,0,no_same_type_Figure3_data,,,,,False,False,False
5178,Tm5a-TnT,0.47470788251632695,9.0,False,0,no_same_type_Figure3_data,,,,,False,False,False
5179,Tm5a-TnT,3.0787402090455562,3.0,False,0,no_same_type_Figure3_data,,,,,False,False,False
5180,Tm5a-TnT,1.2140819606772373,9.0,False,0,no_same_type_Figure3_data,,,,,False,False,False
5181,Tm5a-TnT,1.8303122342302196,3.0,False,0,no_same_type_Figure3_data,,,,,False,False,False
5182,Tm5a-TnT,1.1146542492182727,3.0,False,0,no_same_type_Figure3_data,,,,,False,False,False
5183,Tm5a-TnT,1.6110069904693878,12.0,False,0,no_same_type_Figure3_data,,,,,False,False,False
5184,Tm5a-TnT,2.9395547154113966,2.0,False,0,no_same_type_Figure3_data,,,,,False,False,False
5185,Tm5a-TnT,1.8372346236456902,2.0,False,0,no_same_type_Figure3_data,,,,,False,False,False
5186,Tm5a-TnT,1.2226414795658755,25.0,False,0,no_same_type_Figure3_data,,,,,False,False,False
5187,Tm5a-TnT,0.37626581081364513,1.0,False,0,no_same_type_Figure3_data,,,,,False,False,False
5188,Tm5a-TnT,1.7343581105539718,15.0,False,0,no_same_type_Figure3_data,,,,,False,False,False
5189,Tm5a-TnT,1.0403182768768655,17.0,False,0,no_same_type_Figure3_data,,,,,False,False,False
5190,Tm5b-GCaMP-TNT,-0.8181099630761228,1.0,False,0,no_same_type_Figure3_data,,,,,False,False,False
5191,Tm5b-GCaMP-TNT,1.2528532331432343,2.0,False,0,no_same_type_Figure3_data,,,,,False,False,False
5192,Tm5b-GCaMP-TNT,2.648589534393053,13.0,False,0,no_same_type_Figure3_data,,,,,False,False,False
5193,Tm5b-GCaMP-TNT,0.27133818164470835,1.0,False,0,no_same_type_Figure3_data,,,,,False,False,False
5194,Tm5b-GCaMP-TNT,-0.4906519845234892,13.0,False,0,no_same_type_Figure3_data,,,,,False,False,False
5195,Tm5b-GCaMP-TNT,-0.2356165489385996,1.0,False,0,no_same_type_Figure3_data,,,,,False,False,False
5196,Tm5b-GCaMP-TNT,0.4706280209585562,54.0,False,0,no_same_type_Figure3_data,,,,,False,False,False
5197,Tm5b-GCaMP-TNT,0.4403010859147948,4.0,False,0,no_same_type_Figure3_data,,,,,False,False,False
5198,Tm5b-GCaMP-TNT,0.7984885453460994,14.0,False,0,no_same_type_Figure3_data,,,,,False,False,False
5199,Tm5b-GCaMP-TNT,1.1092125138696947,13.0,False,0,no_same_type_Figure3_data,,,,,False,False,False
5200,Tm5b-GCaMP-TNT,2.889842265473997,13.0,False,0,no_same_type_Figure3_data,,,,,False,False,False
5201,Tm5b-GCaMP-TNT,-0.9976817547886009,13.0,False,0,no_same_type_Figure3_data,,,,,False,False,False
5202,Tm5b-GCaMP-TNT,-0.04505784194905143,13.0,False,0,no_same_type_Figure3_data,,,,,False,False,False
5203,Tm5b-GCaMP-TNT,2.0876523747569986,3.0,False,0,no_same_type_Figure3_data,,,,,False,False,False
5204,Tm5b-GCaMP-TNT,0.3122914913474516,17.0,False,0,no_same_type_Figure3_data,,,,,False,False,False
5205,Tm5b-GCaMP-TNT,-0.5017404431080721,2.0,False,0,no_same_type_Figure3_data,,,,,False,False,False
5206,Tm5b-GCaMP-TNT,0.5900746487164547,37.0,False,0,no_same_type_Figure3_data,,,,,False,False,False
5207,Tm5b-GCaMP-TNT,1.315760381402224,19.0,False,0,no_same_type_Figure3_data,,,,,False,False,False
5208,Tm5b-GCaMP-TNT,0.43177330433767863,16.0,False,0,no_same_type_Figure3_data,,,,,False,False,False
5209,Tm5b-GCaMP-TNT,0.2909712975188337,3.0,False,0,no_same_type_Figure3_data,,,,,False,False,False
5210,Tm5b-GCaMP-TNT,-1.3584992168676688,1.0,False,0,no_same_type_Figure3_data,,,,,False,False,False
5211,Tm5b-GCaMP-TNT,-0.06877206605013872,5.0,False,0,no_same_type_Figure3_data,,,,,False,False,False
5212,Tm5b-GCaMP-TNT,0.19205238766959426,41.0,False,0,no_same_type_Figure3_data,,,,,False,False,False
5213,Tm5b-GCaMP-TNT,-0.7704418827257564,1.0,False,0,no_same_type_Figure3_data,,,,,False,False,False
5214,Tm5b-GCaMP-TNT,0.22122966472668507,4.0,False,0,no_same_type_Figure3_data,,,,,False,False,False
5215,Tm5b-GCaMP-TNT,1.448586537984406,8.0,False,0,no_same_type_Figure3_data,,,,,False,False,False
5216,Tm5b-GCaMP-TNT,1.0368395287995433,3.0,False,0,no_same_type_Figure3_data,,,,,False,False,False
5217,Tm5b-GCaMP-TNT,0.19198125990402395,4.0,False,0,no_same_type_Figure3_data,,,,,False,False,False
5218,Tm5b-GCaMP-TNT,0.7467237925249156,2.0,False,0,no_same_type_Figure3_data,,,,,False,False,False
5219,Tm5b-GCaMP-TNT,-1.6958499963401807,1.0,False,0,no_same_type_Figure3_data,,,,,False,False,False
5220,Tm5b-GCaMP-TNT,-0.2405044314481672,1.0,False,0,no_same_type_Figure3_data,,,,,False,False,False
5221,Tm5b-GCaMP-TNT,0.2916022606594691,4.0,False,0,no_same_type_Figure3_data,,,,,False,False,False
5222,Tm5b-GCaMP-TNT,0.6948409059174077,2.0,False,0,no_same_type_Figure3_data,,,,,False,False,False
5223,Tm5b-GCaMP-TNT,0.7086653334242319,13.0,False,0,no_same_type_Figure3_data,,,,,False,False,False
5224,Tm5b-GCaMP-TNT,0.1657035489200319,8.0,False,0,no_same_type_Figure3_data,,,,,False,False,False
5225,Tm5b-GCaMP-TNT,0.24163521810541536,13.0,False,0,no_same_type_Figure3_data,,,,,False,False,False
5226,Tm5b-GCaMP-TNT,-0.780821181781257,1.0,False,0,no_same_type_Figure3_data,,,,,False,False,False
5227,Tm5b-GCaMP-TNT,0.37468252667048657,3.0,False,0,no_same_type_Figure3_data,,,,,False,False,False
5228,Tm5b-GCaMP-TNT,0.40271919869067946,47.0,False,0,no_same_type_Figure3_data,,,,,False,False,False
5229,Tm5b-GCaMP-TNT,2.3159064072420263,1.0,False,0,no_same_type_Figure3_data,,,,,False,False,False
5230,Tm5b-GCaMP-TNT,0.869894556871186,5.0,False,0,no_same_type_Figure3_data,,,,,False,False,False
5231,Tm5b-GCaMP-TNT,0.8948106261838037,10.0,False,0,no_same_type_Figure3_data,,,,,False,False,False
5232,Tm5b-GCaMP-TNT,0.10926041539937288,13.0,False,0,no_same_type_Figure3_data,,,,,False,False,False
5233,Tm5b-GCaMP-TNT,-0.45604796486900884,3.0,False,0,no_same_type_Figure3_data,,,,,False,False,False
5234,Tm5b-GCaMP-TNT,0.8175458014822088,8.0,False,0,no_same_type_Figure3_data,,,,,False,False,False
5235,Tm5b-GCaMP-TNT,0.6412738835478452,10.0,False,0,no_same_type_Figure3_data,,,,,False,False,False
5236,Tm5b-GCaMP-TNT,1.2589294696114801,1.0,False,0,no_same_type_Figure3_data,,,,,False,False,False
5237,Tm5b-GCaMP-TNT,-0.7588766411046368,19.0,False,0,no_same_type_Figure3_data,,,,,False,False,False
5238,Tm5b-GCaMP-TNT,0.21302489493971447,1.0,False,0,no_same_type_Figure3_data,,,,,False,False,False
5239,Tm5b-GCaMP-TNT,0.34771323935886594,11.0,False,0,no_same_type_Figure3_data,,,,,False,False,False
5240,Tm5b-GCaMP-TNT,-0.3096335430252557,1.0,False,0,no_same_type_Figure3_data,,,,,False,False,False
5241,Tm5b-GCaMP-TNT,0.08639107332841514,13.0,False,0,no_same_type_Figure3_data,,,,,False,False,False
5242,Tm5b-GCaMP-TNT,0.35245762167287736,30.0,False,0,no_same_type_Figure3_data,,,,,False,False,False
5243,Tm5b-GCaMP-TNT,0.008975399683582155,5.0,False,0,no_same_type_Figure3_data,,,,,False,False,False
5244,Tm5b-GCaMP-TNT,1.1575105291945549,2.0,False,0,no_same_type_Figure3_data,,,,,False,False,False
5245,Tm5b-GCaMP-TNT,1.6436012588275835,5.0,False,0,no_same_type_Figure3_data,,,,,False,False,False
5246,Tm5b-GCaMP-TNT,0.006607608782958645,1.0,False,0,no_same_type_Figure3_data,,,,,False,False,False
5247,Tm5b-GCaMP-TNT,0.32465540171079293,4.0,False,0,no_same_type_Figure3_data,,,,,False,False,False
5248,Tm5b-GCaMP-TNT,0.6855191454495345,24.0,False,0,no_same_type_Figure3_data,,,,,False,False,False
5249,Tm5b-GCaMP-TNT,-0.501390653005228,10.0,False,0,no_same_type_Figure3_data,,,,,False,False,False
5250,Tm5b-GCaMP-TNT,-0.3802352518700882,8.0,False,0,no_same_type_Figure3_data,,,,,False,False,False
5251,Tm5b-GCaMP-TNT,2.4940709019872442,3.0,False,0,no_same_type_Figure3_data,,,,,False,False,False
5252,Tm5b-GCaMP-TNT,-0.7230937966729611,3.0,False,0,no_same_type_Figure3_data,,,,,False,False,False
5253,Tm5b-GCaMP-TNT,0.7494223895362234,8.0,False,0,no_same_type_Figure3_data,,,,,False,False,False
5254,Tm5b-GCaMP-TNT,0.06282077199840941,15.0,False,0,no_same_type_Figure3_data,,,,,False,False,False
5255,Tm5b-GCaMP-TNT,0.319491239795941,76.0,False,0,no_same_type_Figure3_data,,,,,False,False,False
5256,Tm5b-GCaMP-TNT,0.5565701687740746,3.0,False,0,no_same_type_Figure3_data,,,,,False,False,False
5257,Tm5b-GCaMP-TNT,-0.12881842305850655,2.0,False,0,no_same_type_Figure3_data,,,,,False,False,False
5258,Tm5b-GCaMP-TNT,1.0842007956186215,26.0,False,0,no_same_type_Figure3_data,,,,,False,False,False
5259,Tm5b-GCaMP-TNT,0.5264246449466076,13.0,False,0,no_same_type_Figure3_data,,,,,False,False,False
5260,Tm5b-GCaMP-TNT,-0.16027849112216588,13.0,False,0,no_same_type_Figure3_data,,,,,False,False,False
5261,Tm5b-GCaMP-TNT,1.75772267580607,13.0,False,0,no_same_type_Figure3_data,,,,,False,False,False
5262,Tm5b-GCaMP-TNT,1.2309388309384721,1.0,False,0,no_same_type_Figure3_data,,,,,False,False,False
5263,Tm5b-GCaMP-TNT,0.728574332818931,7.0,False,0,no_same_type_Figure3_data,,,,,False,False,False
5264,Tm5b-GCaMP-TNT,0.7768946073543005,7.0,False,0,no_same_type_Figure3_data,,,,,False,False,False
5265,Tm5b-GCaMP-TNT,1.1672150650216129,13.0,False,0,no_same_type_Figure3_data,,,,,False,False,False
5266,Tm5b-GCaMP-TNT,-0.3695577541622133,2.0,False,0,no_same_type_Figure3_data,,,,,False,False,False
5267,Tm5b-GCaMP-TNT,-0.26736508163404304,12.0,False,0,no_same_type_Figure3_data,,,,,False,False,False
5268,Tm5b-GCaMP-TNT,-0.9153299648090275,13.0,False,0,no_same_type_Figure3_data,,,,,False,False,False
5269,Tm5b-GCaMP-TNT,0.3780706580936693,1.0,False,0,no_same_type_Figure3_data,,,,,False,False,False
5270,Tm5b-GCaMP-TNT,-0.5071626241255901,4.0,False,0,no_same_type_Figure3_data,,,,,False,False,False
5271,Tm5b-GCaMP-TNT,-0.14893744131824918,15.0,False,0,no_same_type_Figure3_data,,,,,False,False,False
5272,Tm5b-GCaMP-TNT,0.174038902613445,4.0,False,0,no_same_type_Figure3_data,,,,,False,False,False
5273,Tm5b-GCaMP-TNT,0.2098470369762315,57.0,False,0,no_same_type_Figure3_data,,,,,False,False,False
5274,Tm5b-GCaMP-TNT,0.8941599739503286,3.0,False,0,no_same_type_Figure3_data,,,,,False,False,False
5275,Tm5b-GCaMP-TNT,-0.41006723055274996,13.0,False,0,no_same_type_Figure3_data,,,,,False,False,False
5276,Tm5b-GCaMP-TNT,0.6137301816539456,12.0,False,0,no_same_type_Figure3_data,,,,,False,False,False
5277,Tm5b-GCaMP-TNT,0.36123249317932454,74.0,False,0,no_same_type_Figure3_data,,,,,False,False,False
5278,Tm5b-GCaMP-TNT,0.9014888338328022,4.0,False,0,no_same_type_Figure3_data,,,,,False,False,False
5279,Tm5b-GCaMP-TNT,0.1927209348707962,41.0,False,0,no_same_type_Figure3_data,,,,,False,False,False
5280,Tm5b-GCaMP-TNT,0.43296760870509965,10.0,False,0,no_same_type_Figure3_data,,,,,False,False,False
5281,Tm5b-GCaMP-TNT,0.8537051230745488,26.0,False,0,no_same_type_Figure3_data,,,,,False,False,False
5282,Tm5b-GCaMP-TNT,1.2469214854762263,26.0,False,0,no_same_type_Figure3_data,,,,,False,False,False
5283,Tm5b-GCaMP-TNT,1.0381517763375567,15.0,False,0,no_same_type_Figure3_data,,,,,False,False,False
5284,Tm5b-GCaMP-TNT,0.7198839742134133,4.0,False,0,no_same_type_Figure3_data,,,,,False,False,False
5285,Tm5b-GCaMP-TNT,-1.1144740330723761,3.0,False,0,no_same_type_Figure3_data,,,,,False,False,False
5286,Tm5b-GCaMP-TNT,0.12638465679784391,5.0,False,0,no_same_type_Figure3_data,,,,,False,False,False
5287,Tm5b-GCaMP-TNT,0.08440340992191131,1.0,False,0,no_same_type_Figure3_data,,,,,False,False,False
5288,Tm5b-GCaMP-TNT,-0.06987099698114008,11.0,False,0,no_same_type_Figure3_data,,,,,False,False,False
5289,Tm5b-GCaMP-TNT,0.8336423493502304,1.0,False,0,no_same_type_Figure3_data,,,,,False,False,False
5290,Tm5b-GCaMP-TNT,0.11732695783051901,55.0,False,0,no_same_type_Figure3_data,,,,,False,False,False
5291,Tm5b-GCaMP-TNT,0.1685104606545186,4.0,False,0,no_same_type_Figure3_data,,,,,False,False,False
5292,Tm5b-GCaMP-TNT,0.033637939024065804,13.0,False,0,no_same_type_Figure3_data,,,,,False,False,False
5293,Tm5b-GCaMP-TNT,0.3413449282066015,13.0,False,0,no_same_type_Figure3_data,,,,,False,False,False
5294,Tm5b-GCaMP-TNT,0.17749918508545273,14.0,False,0,no_same_type_Figure3_data,,,,,False,False,False
5295,Tm5b-GCaMP-TNT,-0.9788841876844481,5.0,False,0,no_same_type_Figure3_data,,,,,False,False,False
5296,Tm5b-GCaMP-TNT,0.5726321698751534,26.0,False,0,no_same_type_Figure3_data,,,,,False,False,False
5297,Tm5b-GCaMP-TNT,-0.11380893854595095,47.0,False,0,no_same_type_Figure3_data,,,,,False,False,False
5298,Tm5b-GCaMP-TNT,0.28730784615157584,13.0,False,0,no_same_type_Figure3_data,,,,,False,False,False
5299,Tm5b-GCaMP-TNT,0.40049866938721224,13.0,False,0,no_same_type_Figure3_data,,,,,False,False,False
5300,Tm5b-GCaMP-TNT,-0.41490193889060334,3.0,False,0,no_same_type_Figure3_data,,,,,False,False,False
5301,Tm5b-GCaMP-TNT,-0.2852726347426658,3.0,False,0,no_same_type_Figure3_data,,,,,False,False,False
5302,Tm5b-GCaMP-TNT,0.436493907551612,8.0,False,0,no_same_type_Figure3_data,,,,,False,False,False
5303,Tm5b-GCaMP-TNT,0.49040315995933137,8.0,False,0,no_same_type_Figure3_data,,,,,False,False,False
5304,Tm5b-GCaMP-TNT,-0.031746835943969036,18.0,False,0,no_same_type_Figure3_data,,,,,False,False,False
5305,Tm5b-GCaMP-TNT,-0.416801959942062,18.0,False,0,no_same_type_Figure3_data,,,,,False,False,False
5306,Tm5b-GCaMP-TNT,2.2022016626966434,13.0,False,0,no_same_type_Figure3_data,,,,,False,False,False
5307,Tm5b-GCaMP-TNT,-0.48689033738353105,3.0,False,0,no_same_type_Figure3_data,,,,,False,False,False
5308,Tm5b-GCaMP-TNT,0.7902636178885507,13.0,False,0,no_same_type_Figure3_data,,,,,False,False,False
5309,Tm5b-GCaMP-TNT,0.48964572555333785,13.0,False,0,no_same_type_Figure3_data,,,,,False,False,False
5310,Tm5b-GCaMP-TNT,0.4764366063320112,30.0,False,0,no_same_type_Figure3_data,,,,,False,False,False
5311,Tm5b-GCaMP-TNT,0.9761879849134695,3.0,False,0,no_same_type_Figure3_data,,,,,False,False,False
5312,Tm5b-GCaMP-TNT,0.13934846334010498,17.0,False,0,no_same_type_Figure3_data,,,,,False,False,False
5313,Tm5b-GCaMP-TNT,0.6076201764297947,24.0,False,0,no_same_type_Figure3_data,,,,,False,False,False
5314,Tm5b-GCaMP-TNT,-0.03410504433213177,4.0,False,0,no_same_type_Figure3_data,,,,,False,False,False
5315,Tm5b-GCaMP-TNT,-0.5073388667260533,3.0,False,0,no_same_type_Figure3_data,,,,,False,False,False
5316,Tm5b-GCaMP-TNT,0.15420613628008908,26.0,False,0,no_same_type_Figure3_data,,,,,False,False,False
5317,Tm5b-GCaMP-TNT,-0.6153354563842496,2.0,False,0,no_same_type_Figure3_data,,,,,False,False,False
5318,Tm5b-GCaMP-TNT,0.18210684469449087,10.0,False,0,no_same_type_Figure3_data,,,,,False,False,False
5319,Tm5b-GCaMP-TNT,1.1086984918212022,5.0,False,0,no_same_type_Figure3_data,,,,,False,False,False
5320,Tm5b-GCaMP-TNT,-0.34669739247249703,1.0,False,0,no_same_type_Figure3_data,,,,,False,False,False
5321,Tm5b-GCaMP-TNT,0.7151182249664563,47.0,False,0,no_same_type_Figure3_data,,,,,False,False,False
5322,Tm5b-GCaMP-TNT,0.13384006275539603,12.0,False,0,no_same_type_Figure3_data,,,,,False,False,False
5323,Tm5b-GCaMP-TNT,0.2367976949632577,3.0,False,0,no_same_type_Figure3_data,,,,,False,False,False
5324,Tm5b-GCaMP-TNT,-0.07748677808517905,12.0,False,0,no_same_type_Figure3_data,,,,,False,False,False
5325,Tm5b-GCaMP-TNT,-1.0800237409783124,3.0,False,0,no_same_type_Figure3_data,,,,,False,False,False
5326,Tm5b-GCaMP-TNT,0.27007575397047306,106.0,False,0,no_same_type_Figure3_data,,,,,False,False,False
5327,Tm5b-GCaMP-TNT,0.8758324640758594,3.0,False,0,no_same_type_Figure3_data,,,,,False,False,False
5328,Tm5b-GCaMP-TNT,0.46104524174920225,1.0,False,0,no_same_type_Figure3_data,,,,,False,False,False
5329,Tm5b-GCaMP-TNT,-0.4639017422142296,6.0,False,0,no_same_type_Figure3_data,,,,,False,False,False
5330,Tm5b-GCaMP-TNT,-0.15596589730007393,13.0,False,0,no_same_type_Figure3_data,,,,,False,False,False
5331,Tm5b-GCaMP-TNT,0.3569768670934263,7.0,False,0,no_same_type_Figure3_data,,,,,False,False,False
5332,Tm5b-GCaMP-TNT,1.2693645588048952,2.0,False,0,no_same_type_Figure3_data,,,,,False,False,False
5333,Tm5b-GCaMP-TNT,0.5349082376450108,1.0,False,0,no_same_type_Figure3_data,,,,,False,False,False
5334,Tm5b-GCaMP-TNT,0.3479603103253121,3.0,False,0,no_same_type_Figure3_data,,,,,False,False,False
5335,Tm5b-GCaMP-TNT,0.8920504118344665,15.0,False,0,no_same_type_Figure3_data,,,,,False,False,False
5336,Tm5b-GCaMP-TNT,1.756578034295945,3.0,False,0,no_same_type_Figure3_data,,,,,False,False,False
5337,Tm5b-GCaMP-TNT,0.20487609674453447,4.0,False,0,no_same_type_Figure3_data,,,,,False,False,False
5338,Tm5b-GCaMP-TNT,-0.4574833638913904,87.0,False,0,no_same_type_Figure3_data,,,,,False,False,False
5339,Tm5b-GCaMP-TNT,-1.0838896928366175,1.0,False,0,no_same_type_Figure3_data,,,,,False,False,False
5340,Tm5b-GCaMP-TNT,0.5999675725733723,4.0,False,0,no_same_type_Figure3_data,,,,,False,False,False
5341,Tm5b-GCaMP-TNT,-0.5002087266570531,86.0,False,0,no_same_type_Figure3_data,,,,,False,False,False
5342,Tm5b-GCaMP-TNT,0.6693496556001698,8.0,False,0,no_same_type_Figure3_data,,,,,False,False,False
5343,Tm5b-GCaMP-TNT,-0.504678735386042,3.0,False,0,no_same_type_Figure3_data,,,,,False,False,False
5344,Tm5b-GCaMP-TNT,0.7804936953472765,10.0,False,0,no_same_type_Figure3_data,,,,,False,False,False
5345,Tm5b-GCaMP-TNT,1.0581112715362109,1.0,False,0,no_same_type_Figure3_data,,,,,False,False,False
5346,Tm5b-GCaMP-TNT,0.3788624215020257,61.0,False,0,no_same_type_Figure3_data,,,,,False,False,False
5347,Tm5b-GCaMP-TNT,0.9760929777445361,13.0,False,0,no_same_type_Figure3_data,,,,,False,False,False
5348,Tm5b-GCaMP-TNT,-0.07317692943031703,1.0,False,0,no_same_type_Figure3_data,,,,,False,False,False
5349,Tm5b-GCaMP-TNT,-0.704807249576484,1.0,False,0,no_same_type_Figure3_data,,,,,False,False,False
5350,Tm5b-GCaMP-TNT,-0.21309591783955667,3.0,False,0,no_same_type_Figure3_data,,,,,False,False,False
5351,Tm5b-GCaMP-TNT,-0.04456827358176552,10.0,False,0,no_same_type_Figure3_data,,,,,False,False,False
5352,Tm5b-GCaMP-TNT,0.4351400525020629,1.0,False,0,no_same_type_Figure3_data,,,,,False,False,False
5353,Tm5b-GCaMP-TNT,0.1660981634400505,1.0,False,0,no_same_type_Figure3_data,,,,,False,False,False
5354,Tm5b-GCaMP-TNT,0.021705831285596645,26.0,False,0,no_same_type_Figure3_data,,,,,False,False,False
5355,Tm5b-GCaMP-TNT,0.16272266347068193,26.0,False,0,no_same_type_Figure3_data,,,,,False,False,False
5356,Tm5b-GCaMP-TNT,0.59909945664106,14.0,False,0,no_same_type_Figure3_data,,,,,False,False,False
5357,Tm5b-GCaMP-TNT,0.04472298717681987,4.0,False,0,no_same_type_Figure3_data,,,,,False,False,False
5358,Tm5b-GCaMP-TNT,0.558095074193352,10.0,False,0,no_same_type_Figure3_data,,,,,False,False,False
5359,Tm5b-GCaMP-TNT,-0.48730840115497714,2.0,False,0,no_same_type_Figure3_data,,,,,False,False,False
5360,Tm5b-GCaMP-TNT,-0.2145680874899416,2.0,False,0,no_same_type_Figure3_data,,,,,False,False,False
5361,Tm5b-GCaMP-TNT,0.7236853259868646,2.0,False,0,no_same_type_Figure3_data,,,,,False,False,False
5362,Tm5b-GCaMP-TNT,0.9821418505936205,7.0,False,0,no_same_type_Figure3_data,,,,,False,False,False
5363,Tm5b-GCaMP-TNT,0.24899923958355683,26.0,False,0,no_same_type_Figure3_data,,,,,False,False,False
5364,Tm5b-GCaMP-TNT,0.6348642880988541,1.0,False,0,no_same_type_Figure3_data,,,,,False,False,False
5365,Tm5b-GCaMP-TNT,0.4343553571022162,1.0,False,0,no_same_type_Figure3_data,,,,,False,False,False
5366,Tm5b-GCaMP-TNT,-0.11894991888770866,2.0,False,0,no_same_type_Figure3_data,,,,,False,False,False
5367,Tm5b-GCaMP-TNT,0.5486048509282984,1.0,False,0,no_same_type_Figure3_data,,,,,False,False,False
5368,Tm5b-GCaMP-TNT,0.5175693648349627,12.0,False,0,no_same_type_Figure3_data,,,,,False,False,False
5369,Tm5b-GCaMP-TNT,0.3871222629190067,3.0,False,0,no_same_type_Figure3_data,,,,,False,False,False
5370,Tm5b-GCaMP-TNT,-0.057823381233325595,3.0,False,0,no_same_type_Figure3_data,,,,,False,False,False
5371,Tm5b-GCaMP-TNT,-0.1111493903827773,2.0,False,0,no_same_type_Figure3_data,,,,,False,False,False
5372,Tm5b-GCaMP-TNT,0.11762006651999,2.0,False,0,no_same_type_Figure3_data,,,,,False,False,False
5373,Tm5b-GCaMP-TNT,1.3486882038954118,13.0,False,0,no_same_type_Figure3_data,,,,,False,False,False
5374,Tm5b-GCaMP-TNT,-0.34738305191820945,3.0,False,0,no_same_type_Figure3_data,,,,,False,False,False
5375,Tm5b-GCaMP-TNT,0.5663557622072188,2.0,False,0,no_same_type_Figure3_data,,,,,False,False,False
5376,Tm5b-GCaMP-TNT,0.05374183328411142,4.0,False,0,no_same_type_Figure3_data,,,,,False,False,False
5377,Tm5b-GCaMP-TNT,1.707054206203216,13.0,False,0,no_same_type_Figure3_data,,,,,False,False,False
5378,Tm5b-GCaMP-TNT,1.1351912337640715,13.0,False,0,no_same_type_Figure3_data,,,,,False,False,False
5379,Tm5b-GCaMP-TNT,-0.7746360204938484,3.0,False,0,no_same_type_Figure3_data,,,,,False,False,False
5380,Tm5b-GCaMP-TNT,1.3091027986430759,7.0,False,0,no_same_type_Figure3_data,,,,,False,False,False
5381,Tm5b-GCaMP-TNT,0.4155931966886984,3.0,False,0,no_same_type_Figure3_data,,,,,False,False,False
5382,Tm5b-GCaMP-TNT,-0.06617851277174848,14.0,False,0,no_same_type_Figure3_data,,,,,False,False,False
5383,Tm5b-GCaMP-TNT,0.40976949017156084,8.0,False,0,no_same_type_Figure3_data,,,,,False,False,False
5384,Tm5b-GCaMP-TNT,-0.6231932394067548,2.0,False,0,no_same_type_Figure3_data,,,,,False,False,False
5385,Tm5b-GCaMP-TNT,1.2033441348132352,1.0,False,0,no_same_type_Figure3_data,,,,,False,False,False
5386,Tm5b-GCaMP-TNT,0.3524166930152188,26.0,False,0,no_same_type_Figure3_data,,,,,False,False,False
5387,Tm5b-GCaMP-TNT,-0.5662927072912085,13.0,False,0,no_same_type_Figure3_data,,,,,False,False,False
5388,Tm5b-GCaMP-TNT,0.13397665580761434,13.0,False,0,no_same_type_Figure3_data,,,,,False,False,False
5389,Tm5b-GCaMP-TNT,0.37343594231467786,13.0,False,0,no_same_type_Figure3_data,,,,,False,False,False
5390,Tm5b-GCaMP-TNT,0.38322174116065455,26.0,False,0,no_same_type_Figure3_data,,,,,False,False,False
5391,Tm5b-GCaMP-TNT,0.7579882389421332,10.0,False,0,no_same_type_Figure3_data,,,,,False,False,False
5392,Tm5b-GCaMP-TNT,-2.449533134997438,1.0,False,0,no_same_type_Figure3_data,,,,,False,False,False
5393,Tm5b-GCaMP-TNT,-1.9942831681169702,13.0,False,0,no_same_type_Figure3_data,,,,,False,False,False
5394,Tm5b-GCaMP-TNT,0.6141701710509081,1.0,False,0,no_same_type_Figure3_data,,,,,False,False,False
5395,Tm5b-GCaMP-TNT,0.002430965722239565,61.0,False,0,no_same_type_Figure3_data,,,,,False,False,False
5396,Tm5b-GCaMP-TNT,0.09006228095885345,4.0,False,0,no_same_type_Figure3_data,,,,,False,False,False
5397,Tm5b-GCaMP-TNT,0.5054073540961198,2.0,False,0,no_same_type_Figure3_data,,,,,False,False,False
5398,Tm5b-GCaMP-TNT,0.7155435397066412,26.0,False,0,no_same_type_Figure3_data,,,,,False,False,False
5399,Tm5b-GCaMP-TNT,-0.8051679518062479,3.0,False,0,no_same_type_Figure3_data,,,,,False,False,False
5400,Tm5b-GCaMP-TNT,1.078699239303905,19.0,False,0,no_same_type_Figure3_data,,,,,False,False,False
5401,Tm5b-GCaMP-TNT,-0.9253833311887991,1.0,False,0,no_same_type_Figure3_data,,,,,False,False,False
5402,Tm5b-GCaMP-TNT,-0.18750487238388522,1.0,False,0,no_same_type_Figure3_data,,,,,False,False,False
5403,Tm5b-GCaMP-TNT,0.4220134352925963,13.0,False,0,no_same_type_Figure3_data,,,,,False,False,False
5404,Tm5b-GCaMP-TNT,-1.776182971991542,1.0,False,0,no_same_type_Figure3_data,,,,,False,False,False
5405,Tm5b-GCaMP-TNT,-0.5741064931902182,1.0,False,0,no_same_type_Figure3_data,,,,,False,False,False
5406,Tm5b-GCaMP-TNT,-0.1267002942483862,1.0,False,0,no_same_type_Figure3_data,,,,,False,False,False
5407,Tm5b-GCaMP-TNT,0.5069006411092262,1.0,False,0,no_same_type_Figure3_data,,,,,False,False,False
5408,Tm5b-GCaMP-TNT,-0.13040624675518953,5.0,False,0,no_same_type_Figure3_data,,,,,False,False,False
5409,Tm5b-GCaMP-TNT,1.236375569799504,5.0,False,0,no_same_type_Figure3_data,,,,,False,False,False
5410,Tm5b-GCaMP-TNT,0.5687205173310975,13.0,False,0,no_same_type_Figure3_data,,,,,False,False,False
5411,Tm5b-GCaMP-TNT,0.10236452696568381,2.0,False,0,no_same_type_Figure3_data,,,,,False,False,False
5412,Tm5b-GCaMP-TNT,0.014059300545293838,1.0,False,0,no_same_type_Figure3_data,,,,,False,False,False
5413,Tm5b-GCaMP-TNT,-0.4176609710018682,1.0,False,0,no_same_type_Figure3_data,,,,,False,False,False
5414,Tm5b-GCaMP-TNT,-0.09910426911491343,3.0,False,0,no_same_type_Figure3_data,,,,,False,False,False
5415,Tm5b-GCaMP-TNT,0.4642750345000883,10.0,False,0,no_same_type_Figure3_data,,,,,False,False,False
5416,Tm5b-GCaMP-TNT,0.3884849941437141,53.0,False,0,no_same_type_Figure3_data,,,,,False,False,False
5417,Tm5b-GCaMP-TNT,0.06859237328494823,43.0,False,0,no_same_type_Figure3_data,,,,,False,False,False
5418,Tm5b-GCaMP-TNT,0.07511376348516992,36.0,False,0,no_same_type_Figure3_data,,,,,False,False,False
5419,Tm5b-GCaMP-TNT,-0.4077757533217339,1.0,False,0,no_same_type_Figure3_data,,,,,False,False,False
5420,Tm5b-GCaMP-TNT,0.9914451492873819,1.0,False,0,no_same_type_Figure3_data,,,,,False,False,False
5421,Tm5b-GCaMP-TNT,0.5355927305206108,10.0,False,0,no_same_type_Figure3_data,,,,,False,False,False
5422,Tm5b-GCaMP-TNT,0.3519480160035427,4.0,False,0,no_same_type_Figure3_data,,,,,False,False,False
5423,Tm5b-GCaMP-TNT,0.2606225117493873,14.0,False,0,no_same_type_Figure3_data,,,,,False,False,False
5424,Tm5b-GCaMP-TNT,0.33069149943305326,4.0,False,0,no_same_type_Figure3_data,,,,,False,False,False
5425,Tm5b-GCaMP-TNT,-1.2986392328081304,2.0,False,0,no_same_type_Figure3_data,,,,,False,False,False
5426,Tm5b-GCaMP-TNT,0.1396595795807682,5.0,False,0,no_same_type_Figure3_data,,,,,False,False,False
5427,Tm5b-GCaMP-TNT,0.5393883406051927,2.0,False,0,no_same_type_Figure3_data,,,,,False,False,False
5428,Tm5b-GCaMP-TNT,0.24200685857059062,5.0,False,0,no_same_type_Figure3_data,,,,,False,False,False
5429,Tm5b-GCaMP-TNT,0.05031665550007641,10.0,False,0,no_same_type_Figure3_data,,,,,False,False,False
5430,Tm5b-GCaMP-TNT,0.1932151152284416,2.0,False,0,no_same_type_Figure3_data,,,,,False,False,False
5431,Tm5b-GCaMP-TNT,-0.4819481383161777,13.0,False,0,no_same_type_Figure3_data,,,,,False,False,False
5432,Tm5b-GCaMP-TNT,-0.3781219112883424,11.0,False,0,no_same_type_Figure3_data,,,,,False,False,False
5433,Tm5b-GCaMP-TNT,-0.4161475160959749,3.0,False,0,no_same_type_Figure3_data,,,,,False,False,False
5434,Tm5b-GCaMP-TNT,0.28389686568626576,3.0,False,0,no_same_type_Figure3_data,,,,,False,False,False
5435,Tm5b-GCaMP-TNT,-0.04524137316388443,60.0,False,0,no_same_type_Figure3_data,,,,,False,False,False
5436,Tm5b-GCaMP-TNT,0.21817588765020243,3.0,False,0,no_same_type_Figure3_data,,,,,False,False,False
5437,Tm5b-GCaMP-TNT,-0.199205343670398,3.0,False,0,no_same_type_Figure3_data,,,,,False,False,False
5438,Tm5b-GCaMP-TNT,-0.7577304900496488,1.0,False,0,no_same_type_Figure3_data,,,,,False,False,False
5439,Tm5b-GCaMP-TNT,-0.10430095406805172,1.0,False,0,no_same_type_Figure3_data,,,,,False,False,False
5440,Tm5b-GCaMP-TNT,0.8120357823320207,1.0,False,0,no_same_type_Figure3_data,,,,,False,False,False
5441,Tm5b-GCaMP-TNT,-0.440735975653164,4.0,False,0,no_same_type_Figure3_data,,,,,False,False,False
5442,Tm5b-GCaMP-TNT,0.5008315226223162,14.0,False,0,no_same_type_Figure3_data,,,,,False,False,False
5443,Tm5b-GCaMP-TNT,-0.12008713107465134,10.0,False,0,no_same_type_Figure3_data,,,,,False,False,False
5444,Tm5b-GCaMP-TNT,-0.0029086170414236385,13.0,False,0,no_same_type_Figure3_data,,,,,False,False,False
5445,Tm5b-GCaMP-TNT,-0.667158376650941,26.0,False,0,no_same_type_Figure3_data,,,,,False,False,False
5446,Tm5b-GCaMP-TNT,-0.21553523905312047,26.0,False,0,no_same_type_Figure3_data,,,,,False,False,False
5447,Tm5b-GCaMP-TNT,-1.7953610867437635,13.0,False,0,no_same_type_Figure3_data,,,,,False,False,False
5448,Tm5b-GCaMP-TNT,0.19865306199266605,7.0,False,0,no_same_type_Figure3_data,,,,,False,False,False
5449,Tm5b-GCaMP-TNT,0.23253818698497783,36.0,False,0,no_same_type_Figure3_data,,,,,False,False,False
5450,Tm5b-GCaMP-TNT,0.03667429885554945,4.0,False,0,no_same_type_Figure3_data,,,,,False,False,False
5451,Tm5b-GCaMP-TNT,0.36232481564647634,15.0,False,0,no_same_type_Figure3_data,,,,,False,False,False
5452,Tm5b-GCaMP-TNT,0.2770748959218022,76.0,False,0,no_same_type_Figure3_data,,,,,False,False,False
5453,Tm5b-GCaMP-TNT,0.026801383373422673,15.0,False,0,no_same_type_Figure3_data,,,,,False,False,False
5454,Tm5b-GCaMP-TNT,-0.5228891479486081,13.0,False,0,no_same_type_Figure3_data,,,,,False,False,False
5455,Tm5b-GCaMP-TNT,0.5403062399813983,13.0,False,0,no_same_type_Figure3_data,,,,,False,False,False
5456,Tm5b-GCaMP-TNT,0.9370328499716384,16.0,False,0,no_same_type_Figure3_data,,,,,False,False,False
5457,Tm5b-GCaMP-TNT,-0.8502561560878398,16.0,False,0,no_same_type_Figure3_data,,,,,False,False,False
5458,Tm5b-GCaMP-TNT,0.19380408131317503,26.0,False,0,no_same_type_Figure3_data,,,,,False,False,False
5459,Tm5b-GCaMP-TNT,0.3011701495962286,3.0,False,0,no_same_type_Figure3_data,,,,,False,False,False
5460,Tm5b-GCaMP-TNT,-0.2891981084475786,5.0,False,0,no_same_type_Figure3_data,,,,,False,False,False
5461,Tm5b-GCaMP-TNT,1.5216461870773739,2.0,False,0,no_same_type_Figure3_data,,,,,False,False,False
5462,Tm5b-GCaMP-TNT,-1.0789669152451764,4.0,False,0,no_same_type_Figure3_data,,,,,False,False,False
5463,Tm5b-GCaMP-TNT,0.6225733257812754,10.0,False,0,no_same_type_Figure3_data,,,,,False,False,False
5464,Tm5b-GCaMP-TNT,-0.48925242542580977,3.0,False,0,no_same_type_Figure3_data,,,,,False,False,False
5465,Tm5b-GCaMP-TNT,0.5953255381429171,1.0,False,0,no_same_type_Figure3_data,,,,,False,False,False
5466,Tm5b-GCaMP-TNT,0.5182244666283428,11.0,False,0,no_same_type_Figure3_data,,,,,False,False,False
5467,Tm5b-GCaMP-TNT,0.4934840685760596,26.0,False,0,no_same_type_Figure3_data,,,,,False,False,False
5468,Tm5b-GCaMP-TNT,1.5935739574761745,2.0,False,0,no_same_type_Figure3_data,,,,,False,False,False
5469,Tm5b-GCaMP-TNT,1.7131035446981588,10.0,False,0,no_same_type_Figure3_data,,,,,False,False,False
5470,Tm5b-GCaMP-TNT,-0.19886193110778994,6.0,False,0,no_same_type_Figure3_data,,,,,False,False,False
5471,Tm5b-GCaMP-TNT,0.23774320226258924,18.0,False,0,no_same_type_Figure3_data,,,,,False,False,False
5472,Tm5b-GCaMP-TNT,-0.08693220076941215,12.0,False,0,no_same_type_Figure3_data,,,,,False,False,False
5473,Tm5b-GCaMP-TNT,-1.0570224604883538,1.0,False,0,no_same_type_Figure3_data,,,,,False,False,False
5474,Tm5b-GCaMP-TNT,-0.06255523184990389,3.0,False,0,no_same_type_Figure3_data,,,,,False,False,False
5475,Tm5b-GCaMP-TNT,0.7642209206743761,57.0,False,0,no_same_type_Figure3_data,,,,,False,False,False
5476,Tm5b-GCaMP-TNT,-0.47900433725113345,1.0,False,0,no_same_type_Figure3_data,,,,,False,False,False
5477,Tm5b-GCaMP-TNT,-0.7447635235785157,1.0,False,0,no_same_type_Figure3_data,,,,,False,False,False
5478,Tm5b-GCaMP-TNT,0.5213753173457184,1.0,False,0,no_same_type_Figure3_data,,,,,False,False,False
5479,Tm5b-GCaMP-TNT,-0.3578249309867978,2.0,False,0,no_same_type_Figure3_data,,,,,False,False,False
5480,Tm5b-GCaMP-TNT,0.1189485468913666,1.0,False,0,no_same_type_Figure3_data,,,,,False,False,False
5481,Tm5b-GCaMP-TNT,-0.9367279921179008,60.0,False,0,no_same_type_Figure3_data,,,,,False,False,False
5482,Tm5b-GCaMP-TNT,0.8576569052619848,4.0,False,0,no_same_type_Figure3_data,,,,,False,False,False
5483,Tm5b-GCaMP-TNT,0.07394640625268521,15.0,False,0,no_same_type_Figure3_data,,,,,False,False,False
5484,Tm5b-GCaMP-TNT,0.036921297822191466,7.0,False,0,no_same_type_Figure3_data,,,,,False,False,False
5485,Tm5b-GCaMP-TNT,-0.1300455705093019,13.0,False,0,no_same_type_Figure3_data,,,,,False,False,False
5486,Tm5b-GCaMP-TNT,-0.06839912113779294,13.0,False,0,no_same_type_Figure3_data,,,,,False,False,False
5487,Tm5b-GCaMP-TNT,0.17723342752580104,3.0,False,0,no_same_type_Figure3_data,,,,,False,False,False
5488,Tm5b-GCaMP-TNT,-0.13890570115921053,3.0,False,0,no_same_type_Figure3_data,,,,,False,False,False
5489,Tm5b-GCaMP-TNT,-0.08514535747490637,1.0,False,0,no_same_type_Figure3_data,,,,,False,False,False
5490,Tm5b-GCaMP-TNT,0.4360162786933013,13.0,False,0,no_same_type_Figure3_data,,,,,False,False,False
5491,Tm5b-GCaMP-TNT,0.2333296340804823,3.0,False,0,no_same_type_Figure3_data,,,,,False,False,False
5492,Tm5b-GCaMP-TNT,0.29981174591461324,24.0,False,0,no_same_type_Figure3_data,,,,,False,False,False
5493,Tm5b-GCaMP-TNT,-0.37914190069001885,4.0,False,0,no_same_type_Figure3_data,,,,,False,False,False
5494,Tm5b-GCaMP-TNT,-0.0012212641416741523,3.0,False,0,no_same_type_Figure3_data,,,,,False,False,False
5495,Tm5b-GCaMP-TNT,0.8052021858108274,2.0,False,0,no_same_type_Figure3_data,,,,,False,False,False
5496,Tm5b-GCaMP-TNT,0.2924569870816573,2.0,False,0,no_same_type_Figure3_data,,,,,False,False,False
5497,Tm5b-GCaMP-TNT,-0.32338618032425537,1.0,False,0,no_same_type_Figure3_data,,,,,False,False,False
5498,Tm5b-GCaMP-TNT,-0.17586586667207163,1.0,False,0,no_same_type_Figure3_data,,,,,False,False,False
5499,Tm5b-GCaMP-TNT,-0.4321565906861298,3.0,False,0,no_same_type_Figure3_data,,,,,False,False,False
5500,Tm5b-GCaMP-TNT,-0.13824498971140364,49.0,False,0,no_same_type_Figure3_data,,,,,False,False,False
5501,Tm5b-GCaMP-TNT,-0.29527884106500546,4.0,False,0,no_same_type_Figure3_data,,,,,False,False,False
5502,Tm5b-GCaMP-TNT,0.41387660254362996,4.0,False,0,no_same_type_Figure3_data,,,,,False,False,False
5503,Tm5b-GCaMP-TNT,0.5252708927905708,3.0,False,0,no_same_type_Figure3_data,,,,,False,False,False
5504,Tm5b-GCaMP-TNT,1.9369332441070504,1.0,False,0,no_same_type_Figure3_data,,,,,False,False,False
5505,Tm5b-GCaMP-TNT,-1.5953897392726055,3.0,False,0,no_same_type_Figure3_data,,,,,False,False,False
5506,Tm5b-GCaMP-TNT,-0.17359245590564543,2.0,False,0,no_same_type_Figure3_data,,,,,False,False,False
5507,Tm5b-GCaMP-TNT,0.336269951009287,19.0,False,0,no_same_type_Figure3_data,,,,,False,False,False
5508,Tm5b-GCaMP-TNT,0.13500198564592034,16.0,False,0,no_same_type_Figure3_data,,,,,False,False,False
5509,Tm5b-GCaMP-TNT,0.92272889679861,5.0,False,0,no_same_type_Figure3_data,,,,,False,False,False
5510,Tm5b-GCaMP-TNT,0.4751198565413995,2.0,False,0,no_same_type_Figure3_data,,,,,False,False,False
5511,Tm5b-GCaMP-TNT,2.5936358639195203,1.0,False,0,no_same_type_Figure3_data,,,,,False,False,False
5512,Tm5b-GCaMP-TNT,0.6489119999118312,2.0,False,0,no_same_type_Figure3_data,,,,,False,False,False
5513,Tm5b-GCaMP-TNT,0.31489098505398266,3.0,False,0,no_same_type_Figure3_data,,,,,False,False,False
5514,Tm5b-GCaMP-TNT,0.6148267823812475,1.0,False,0,no_same_type_Figure3_data,,,,,False,False,False
5515,Tm5b-GCaMP-TNT,0.3467490700483407,3.0,False,0,no_same_type_Figure3_data,,,,,False,False,False
5516,Tm5b-GCaMP-TNT,0.7074143562593334,1.0,False,0,no_same_type_Figure3_data,,,,,False,False,False
5517,Tm5b-GCaMP-TNT,0.2124336739372014,3.0,False,0,no_same_type_Figure3_data,,,,,False,False,False
5518,Tm5b-GCaMP-TNT,-0.26124262840924606,2.0,False,0,no_same_type_Figure3_data,,,,,False,False,False
5519,Tm5b-GCaMP-TNT,-0.15324438161912707,11.0,False,0,no_same_type_Figure3_data,,,,,False,False,False
5520,Tm5b-GCaMP-TNT,-0.9731832046232773,2.0,False,0,no_same_type_Figure3_data,,,,,False,False,False
5521,Tm5b-GCaMP-TNT,1.0113535472239676,1.0,False,0,no_same_type_Figure3_data,,,,,False,False,False
5522,Tm5b-GCaMP-TNT,-0.021751383175970012,16.0,False,0,no_same_type_Figure3_data,,,,,False,False,False
5523,Tm5b-GCaMP-TNT,-0.44194473819997954,1.0,False,0,no_same_type_Figure3_data,,,,,False,False,False
5524,Tm5b-GCaMP-TNT,-0.399186830458031,19.0,False,0,no_same_type_Figure3_data,,,,,False,False,False
5525,Tm5b-GCaMP-TNT,0.3909452112078908,4.0,False,0,no_same_type_Figure3_data,,,,,False,False,False
5526,Tm5b-GCaMP-TNT,-0.042339381960767745,13.0,False,0,no_same_type_Figure3_data,,,,,False,False,False
5527,Tm5b-GCaMP-TNT,0.1006598682397957,42.0,False,0,no_same_type_Figure3_data,,,,,False,False,False
5528,Tm5b-GCaMP-TNT,-0.44744063540582996,4.0,False,0,no_same_type_Figure3_data,,,,,False,False,False
5529,Tm5b-GCaMP-TNT,-0.01436663062236331,14.0,False,0,no_same_type_Figure3_data,,,,,False,False,False
5530,Tm5b-GCaMP-TNT,-0.5033270459377631,24.0,False,0,no_same_type_Figure3_data,,,,,False,False,False
5531,Tm5b-GCaMP-TNT,0.17396665113772505,2.0,False,0,no_same_type_Figure3_data,,,,,False,False,False
5532,Tm5b-GCaMP-TNT,0.2577065486533337,3.0,False,0,no_same_type_Figure3_data,,,,,False,False,False
5533,Tm5b-GCaMP-TNT,-1.1576538724158323,3.0,False,0,no_same_type_Figure3_data,,,,,False,False,False
5534,Tm5b-GCaMP-TNT,-0.3249845895703946,34.0,False,0,no_same_type_Figure3_data,,,,,False,False,False
5535,Tm5b-GCaMP-TNT,-0.19272897211388465,24.0,False,0,no_same_type_Figure3_data,,,,,False,False,False
5536,Tm5b-GCaMP-TNT,0.13144719855127146,3.0,False,0,no_same_type_Figure3_data,,,,,False,False,False
5537,Tm5b-GCaMP-TNT,-0.31234735121122215,4.0,False,0,no_same_type_Figure3_data,,,,,False,False,False
5538,Tm5b-GCaMP-TNT,0.045382933381790745,5.0,False,0,no_same_type_Figure3_data,,,,,False,False,False
5539,Tm5b-GCaMP-TNT,-0.21026521313019658,51.0,False,0,no_same_type_Figure3_data,,,,,False,False,False
5540,Tm5b-GCaMP-TNT,-0.16930302964069502,15.0,False,0,no_same_type_Figure3_data,,,,,False,False,False
5541,Tm5b-GCaMP-TNT,0.15776804179673162,4.0,False,0,no_same_type_Figure3_data,,,,,False,False,False
5542,Tm5b-GCaMP-TNT,-0.1808151679370094,1.0,False,0,no_same_type_Figure3_data,,,,,False,False,False
5543,Tm5b-GCaMP-TNT,-0.5515188801225809,3.0,False,0,no_same_type_Figure3_data,,,,,False,False,False
5544,Tm5b-GCaMP-TNT,-0.4775799931080908,8.0,False,0,no_same_type_Figure3_data,,,,,False,False,False
5545,Tm5b-GCaMP-TNT,-0.4301601566745431,5.0,False,0,no_same_type_Figure3_data,,,,,False,False,False
5546,Tm5b-GCaMP-TNT,0.3791411912146073,1.0,False,0,no_same_type_Figure3_data,,,,,False,False,False
5547,Tm5b-GCaMP-TNT,0.2322729024938586,13.0,False,0,no_same_type_Figure3_data,,,,,False,False,False
5548,Tm5b-GCaMP-TNT,0.18621863635656938,2.0,False,0,no_same_type_Figure3_data,,,,,False,False,False
5549,Tm5b-GCaMP-TNT,-0.26200664615558483,1.0,False,0,no_same_type_Figure3_data,,,,,False,False,False
5550,Tm5b-GCaMP-TNT,1.4122749558467353,1.0,False,0,no_same_type_Figure3_data,,,,,False,False,False
5551,Tm5b-GCaMP-TNT,-1.111655506808056,18.0,False,0,no_same_type_Figure3_data,,,,,False,False,False
5552,Tm5b-GCaMP-TNT,-0.7318130404416726,21.0,False,0,no_same_type_Figure3_data,,,,,False,False,False
5553,Tm5b-GCaMP-TNT,0.31671462605437106,1.0,False,0,no_same_type_Figure3_data,,,,,False,False,False
5554,Tm5b-GCaMP-TNT,0.021872000440607713,3.0,False,0,no_same_type_Figure3_data,,,,,False,False,False
5555,Tm5b-GCaMP-TNT,1.3190929971812253,1.0,False,0,no_same_type_Figure3_data,,,,,False,False,False
5556,Tm5b-GCaMP-TNT,-0.13818424420768022,60.0,False,0,no_same_type_Figure3_data,,,,,False,False,False
5557,Tm5b-GCaMP-TNT,-0.8490687764445547,1.0,False,0,no_same_type_Figure3_data,,,,,False,False,False
5558,Tm5b-GCaMP-TNT,-0.13432361147648045,5.0,False,0,no_same_type_Figure3_data,,,,,False,False,False
5559,Tm5b-GCaMP-TNT,-0.7960243702285302,1.0,False,0,no_same_type_Figure3_data,,,,,False,False,False
5560,Tm5b-GCaMP-TNT,-0.03834560769321138,5.0,False,0,no_same_type_Figure3_data,,,,,False,False,False
5561,Tm5b-GCaMP-TNT,-0.20069751924126678,1.0,False,0,no_same_type_Figure3_data,,,,,False,False,False
5562,Tm5b-GCaMP-TNT,0.3001040587250551,15.0,False,0,no_same_type_Figure3_data,,,,,False,False,False
5563,Tm5b-GCaMP-TNT,-0.401618874201799,2.0,False,0,no_same_type_Figure3_data,,,,,False,False,False
5564,Tm5b-GCaMP-TNT,-0.21210277254979643,13.0,False,0,no_same_type_Figure3_data,,,,,False,False,False
5565,Tm5b-GCaMP-TNT,-0.3918974025160405,16.0,False,0,no_same_type_Figure3_data,,,,,False,False,False
5566,Tm5b-GCaMP-TNT,0.2508947672145388,13.0,False,0,no_same_type_Figure3_data,,,,,False,False,False
5567,Tm5b-GCaMP-TNT,1.0902442675981787,13.0,False,0,no_same_type_Figure3_data,,,,,False,False,False
5568,Tm5b-GCaMP-TNT,-0.05661445064877508,60.0,False,0,no_same_type_Figure3_data,,,,,False,False,False
5569,Tm5b-GCaMP-TNT,0.02898810292594751,15.0,False,0,no_same_type_Figure3_data,,,,,False,False,False
5570,Tm5b-GCaMP-TNT,1.9283592833084806,1.0,False,0,no_same_type_Figure3_data,,,,,False,False,False
5571,Tm5b-GCaMP-TNT,-0.4888551893204694,34.0,False,0,no_same_type_Figure3_data,,,,,False,False,False
5572,Tm5b-GCaMP-TNT,0.14344923271638046,4.0,False,0,no_same_type_Figure3_data,,,,,False,False,False
5573,Tm5b-GCaMP-TNT,-0.23108394469354435,15.0,False,0,no_same_type_Figure3_data,,,,,False,False,False
5574,Tm5b-GCaMP-TNT,-0.8490350723885918,51.0,False,0,no_same_type_Figure3_data,,,,,False,False,False
5575,Tm5b-GCaMP-TNT,0.34103331388549496,4.0,False,0,no_same_type_Figure3_data,,,,,False,False,False
5576,Tm5b-GCaMP-TNT,-0.5382126254455967,12.0,False,0,no_same_type_Figure3_data,,,,,False,False,False
5577,Tm5b-GCaMP-TNT,-0.3691115078467303,6.0,False,0,no_same_type_Figure3_data,,,,,False,False,False
5578,Tm5b-GCaMP-TNT,-0.922859878363486,57.0,False,0,no_same_type_Figure3_data,,,,,False,False,False
5579,Tm5b-GCaMP-TNT,0.1453979560313104,4.0,False,0,no_same_type_Figure3_data,,,,,False,False,False
5580,Tm5b-GCaMP-TNT,0.11634602224277561,13.0,False,0,no_same_type_Figure3_data,,,,,False,False,False
5581,Tm5b-GCaMP-TNT,0.09740182927272549,26.0,False,0,no_same_type_Figure3_data,,,,,False,False,False
5582,Tm5b-GCaMP-TNT,-0.06889253178112413,18.0,False,0,no_same_type_Figure3_data,,,,,False,False,False
5583,Tm5b-GCaMP-TNT,0.7142631509557591,1.0,False,0,no_same_type_Figure3_data,,,,,False,False,False
5584,Tm5b-GCaMP-TNT,1.245313853191186,1.0,False,0,no_same_type_Figure3_data,,,,,False,False,False
5585,Tm5b-GCaMP-TNT,0.8371284720791918,3.0,False,0,no_same_type_Figure3_data,,,,,False,False,False
5586,Tm5b-GCaMP-TNT,-1.0798588668486058,13.0,False,0,no_same_type_Figure3_data,,,,,False,False,False
5587,Tm5b-GCaMP-TNT,-0.11411870831380558,13.0,False,0,no_same_type_Figure3_data,,,,,False,False,False
5588,Tm5b-GCaMP-TNT,-0.8047720157953541,3.0,False,0,no_same_type_Figure3_data,,,,,False,False,False
5589,Tm5b-GCaMP-TNT,-0.30887895013924643,3.0,False,0,no_same_type_Figure3_data,,,,,False,False,False
5590,Tm5b-GCaMP-TNT,0.60145457494344,3.0,False,0,no_same_type_Figure3_data,,,,,False,False,False
5591,Tm5b-GCaMP-TNT,-0.2056093843029431,5.0,False,0,no_same_type_Figure3_data,,,,,False,False,False
5592,Tm5b-GCaMP-TNT,-0.8417389216987224,10.0,False,0,no_same_type_Figure3_data,,,,,False,False,False
5593,Tm5b-GCaMP-TNT,-0.3945613095761624,12.0,False,0,no_same_type_Figure3_data,,,,,False,False,False
5594,Tm5b-GCaMP-TNT,-0.6693343890615022,34.0,False,0,no_same_type_Figure3_data,,,,,False,False,False
5595,Tm5b-GCaMP-TNT,-0.17262423473232233,3.0,False,0,no_same_type_Figure3_data,,,,,False,False,False
5596,Tm5b-GCaMP-TNT,-0.3791982110016745,7.0,False,0,no_same_type_Figure3_data,,,,,False,False,False
5597,Tm5b-GCaMP-TNT,-1.082224639331592,2.0,False,0,no_same_type_Figure3_data,,,,,False,False,False
5598,Tm5b-GCaMP-TNT,-0.336751223955891,7.0,False,0,no_same_type_Figure3_data,,,,,False,False,False
5599,Tm5b-GCaMP-TNT,-0.026803173416449028,4.0,False,0,no_same_type_Figure3_data,,,,,False,False,False
5600,Tm5b-GCaMP-TNT,-0.5750251298902322,41.0,False,0,no_same_type_Figure3_data,,,,,False,False,False
5601,Tm5b-GCaMP-TNT,-0.24540380751871513,13.0,False,0,no_same_type_Figure3_data,,,,,False,False,False
5602,Tm5b-GCaMP-TNT,0.41615172103689796,2.0,False,0,no_same_type_Figure3_data,,,,,False,False,False
5603,Tm5b-GCaMP-TNT,0.007197619332804907,1.0,False,0,no_same_type_Figure3_data,,,,,False,False,False
5604,Tm5b-GCaMP-TNT,-0.09573427207223216,9.0,False,0,no_same_type_Figure3_data,,,,,False,False,False
5605,Tm5b-GCaMP-TNT,-1.0780837626223696,1.0,False,0,no_same_type_Figure3_data,,,,,False,False,False
5606,Tm5b-GCaMP-TNT,-0.7397821757501469,3.0,False,0,no_same_type_Figure3_data,,,,,False,False,False
5607,Tm5b-GCaMP-TNT,0.18594119099503756,3.0,False,0,no_same_type_Figure3_data,,,,,False,False,False
5608,Tm5b-GCaMP-TNT,-0.16505602464357075,10.0,False,0,no_same_type_Figure3_data,,,,,False,False,False
5609,Tm5b-GCaMP-TNT,-0.8808361260550904,5.0,False,0,no_same_type_Figure3_data,,,,,False,False,False
5610,Tm5b-GCaMP-TNT,-0.5045793746666407,9.0,False,0,no_same_type_Figure3_data,,,,,False,False,False
5611,Tm5b-GCaMP-TNT,-0.16294168744524554,56.0,False,0,no_same_type_Figure3_data,,,,,False,False,False
5612,Tm5b-GCaMP-TNT,-0.6147696700043077,3.0,False,0,no_same_type_Figure3_data,,,,,False,False,False
5613,Tm5b-GCaMP-TNT,-0.06730411084815592,9.0,False,0,no_same_type_Figure3_data,,,,,False,False,False
5614,Tm5b-GCaMP-TNT,-0.09982637099962235,15.0,False,0,no_same_type_Figure3_data,,,,,False,False,False
5615,Tm5b-GCaMP-TNT,-0.6244882195311945,3.0,False,0,no_same_type_Figure3_data,,,,,False,False,False
5616,Tm5b-GCaMP-TNT,-0.7169105756766412,26.0,False,0,no_same_type_Figure3_data,,,,,False,False,False
5617,Tm5b-GCaMP-TNT,-0.900870830443097,18.0,False,0,no_same_type_Figure3_data,,,,,False,False,False
5618,Tm5b-GCaMP-TNT,0.7102436466356207,3.0,False,0,no_same_type_Figure3_data,,,,,False,False,False
5619,Tm5b-GCaMP-TNT,-1.1097679602772133,1.0,False,0,no_same_type_Figure3_data,,,,,False,False,False
5620,Tm5b-GCaMP-TNT,0.009687501790334603,14.0,False,0,no_same_type_Figure3_data,,,,,False,False,False
5621,Tm5b-GCaMP-TNT,-0.23084220420199295,61.0,False,0,no_same_type_Figure3_data,,,,,False,False,False
5622,Tm5b-GCaMP-TNT,-0.30306058899842064,4.0,False,0,no_same_type_Figure3_data,,,,,False,False,False
5623,Tm5b-GCaMP-TNT,-0.018792675578855476,13.0,False,0,no_same_type_Figure3_data,,,,,False,False,False
5624,Tm5b-GCaMP-TNT,-0.14696799997037305,13.0,False,0,no_same_type_Figure3_data,,,,,False,False,False
5625,Tm5b-GCaMP-TNT,-1.1425460693922687,13.0,False,0,no_same_type_Figure3_data,,,,,False,False,False
5626,Tm5b-GCaMP-TNT,-0.6354029689450277,7.0,False,0,no_same_type_Figure3_data,,,,,False,False,False
5627,Tm5b-GCaMP-TNT,-0.8940416804609254,1.0,False,0,no_same_type_Figure3_data,,,,,False,False,False
5628,Tm5b-GCaMP-TNT,0.10896220291289262,14.0,False,0,no_same_type_Figure3_data,,,,,False,False,False
5629,Tm5b-GCaMP-TNT,0.16638425499539297,1.0,False,0,no_same_type_Figure3_data,,,,,False,False,False
5630,Tm5b-GCaMP-TNT,0.41262289276620834,4.0,False,0,no_same_type_Figure3_data,,,,,False,False,False
5631,Tm5b-GCaMP-TNT,-2.417549587889393,18.0,False,0,no_same_type_Figure3_data,,,,,False,False,False
5632,Tm5b-GCaMP-TNT,-0.35476982453935907,2.0,False,0,no_same_type_Figure3_data,,,,,False,False,False
5633,Tm5b-GCaMP-TNT,-0.6434042174302766,13.0,False,0,no_same_type_Figure3_data,,,,,False,False,False
5634,Tm5b-GCaMP-TNT,-1.4655166439830751,1.0,False,0,no_same_type_Figure3_data,,,,,False,False,False
5635,Tm5b-GCaMP-TNT,-0.4668756697713912,26.0,False,0,no_same_type_Figure3_data,,,,,False,False,False
5636,Tm5b-GCaMP-TNT,-1.1563013360965348,1.0,False,0,no_same_type_Figure3_data,,,,,False,False,False
5637,Tm5b-GCaMP-TNT,-0.6484444809360042,14.0,False,0,no_same_type_Figure3_data,,,,,False,False,False
5638,Tm5b-GCaMP-TNT,-0.5405320398346027,25.0,False,0,no_same_type_Figure3_data,,,,,False,False,False
5639,Tm5c-Tnt,0.67687002733333,3.0,False,0,no_same_type_Figure3_data,,,,,False,False,False
5640,Tm5c-Tnt,1.2901214643044023,75.0,False,0,no_same_type_Figure3_data,,,,,False,False,False
5641,Tm5c-Tnt,0.9988733248060608,54.0,False,0,no_same_type_Figure3_data,,,,,False,False,False
5642,Tm5c-Tnt,-1.3702830782766235,1.0,False,0,no_same_type_Figure3_data,,,,,False,False,False
5643,Tm5c-Tnt,1.6247681767685764,26.0,False,0,no_same_type_Figure3_data,,,,,False,False,False
5644,Tm5c-Tnt,0.17316917627981648,11.0,False,0,no_same_type_Figure3_data,,,,,False,False,False
5645,Tm5c-Tnt,1.4105753546191302,3.0,False,0,no_same_type_Figure3_data,,,,,False,False,False
5646,Tm5c-Tnt,1.1550452300473868,97.0,False,0,no_same_type_Figure3_data,,,,,False,False,False
5647,Tm5c-Tnt,0.26577404982558567,2.0,False,0,no_same_type_Figure3_data,,,,,False,False,False
5648,Tm5c-Tnt,1.0320093751810104,140.0,False,0,no_same_type_Figure3_data,,,,,False,False,False
5649,Tm5c-Tnt,0.6373144370509484,32.0,False,0,no_same_type_Figure3_data,,,,,False,False,False
5650,Tm5c-Tnt,0.5869167924189979,37.0,False,0,no_same_type_Figure3_data,,,,,False,False,False
5651,Tm5c-Tnt,0.9224746762353755,150.0,False,0,no_same_type_Figure3_data,,,,,False,False,False
5652,Tm5c-Tnt,0.89894119314998,68.0,False,0,no_same_type_Figure3_data,,,,,False,False,False
5653,Tm5c-Tnt,0.10550341150591189,34.0,False,0,no_same_type_Figure3_data,,,,,False,False,False
5654,Tm5c-Tnt,0.5657864241576747,68.0,False,0,no_same_type_Figure3_data,,,,,False,False,False
5655,Tm5c-Tnt,-0.9458625156468891,2.0,False,0,no_same_type_Figure3_data,,,,,False,False,False
5656,Tm5c-Tnt,0.012363371567194534,1.0,False,0,no_same_type_Figure3_data,,,,,False,False,False
5657,Tm5c-Tnt,0.5455997049076525,56.0,False,0,no_same_type_Figure3_data,,,,,False,False,False
5658,Tm5c-Tnt,0.4719083995083236,34.0,False,0,no_same_type_Figure3_data,,,,,False,False,False
5659,Tm5c-Tnt,0.3665621374021981,45.0,False,0,no_same_type_Figure3_data,,,,,False,False,False
5660,Tm5c-Tnt,0.6825769360035819,69.0,False,0,no_same_type_Figure3_data,,,,,False,False,False
5661,Tm5c-Tnt,0.09961280417482639,32.0,False,0,no_same_type_Figure3_data,,,,,False,False,False
5662,Tm5c-Tnt,-0.06005640878652161,14.0,False,0,no_same_type_Figure3_data,,,,,False,False,False
5663,Tm5c-Tnt,0.9097064675772913,18.0,False,0,no_same_type_Figure3_data,,,,,False,False,False
5664,Tm5c-Tnt,0.6221798420007311,83.0,False,0,no_same_type_Figure3_data,,,,,False,False,False
5665,Tm5c-Tnt,1.3125900156453996,87.0,False,0,no_same_type_Figure3_data,,,,,False,False,False
5666,Tm5c-Tnt,-0.3894496052264361,2.0,False,0,no_same_type_Figure3_data,,,,,False,False,False
5667,Tm5c-Tnt,-0.7609609756131934,3.0,False,0,no_same_type_Figure3_data,,,,,False,False,False
5668,Tm5c-Tnt,0.03310940773875085,35.0,False,0,no_same_type_Figure3_data,,,,,False,False,False
5669,Tm5c-Tnt,0.22743152259946645,76.0,False,0,no_same_type_Figure3_data,,,,,False,False,False
5670,Tm5c-Tnt,1.459726471336108,14.0,False,0,no_same_type_Figure3_data,,,,,False,False,False
5671,Tm5c-Tnt,-0.15687639930776293,22.0,False,0,no_same_type_Figure3_data,,,,,False,False,False
5672,Tm5c-Tnt,0.7642255150111638,14.0,False,0,no_same_type_Figure3_data,,,,,False,False,False
5673,Tm5c-Tnt,-0.25275209326483095,14.0,False,0,no_same_type_Figure3_data,,,,,False,False,False
5674,Tm5c-Tnt,0.6706083000055126,14.0,False,0,no_same_type_Figure3_data,,,,,False,False,False
5675,Tm5c-Tnt,-0.6688968303453565,10.0,False,0,no_same_type_Figure3_data,,,,,False,False,False
5676,Tm5c-Tnt,0.27852187949469204,8.0,False,0,no_same_type_Figure3_data,,,,,False,False,False
5677,Tm5c-Tnt,-2.2205576189471974,2.0,False,0,no_same_type_Figure3_data,,,,,False,False,False
5678,Tm5c-Tnt,0.6294295422793755,1.0,False,0,no_same_type_Figure3_data,,,,,False,False,False
5679,Tm5c-Tnt,1.114019329629388,10.0,False,0,no_same_type_Figure3_data,,,,,False,False,False
5680,Tm5c-Tnt,0.7631468781392139,186.0,False,0,no_same_type_Figure3_data,,,,,False,False,False
5681,Tm5c-Tnt,1.1752733947560257,8.0,False,0,no_same_type_Figure3_data,,,,,False,False,False
5682,Tm5c-Tnt,1.0222325220978257,90.0,False,0,no_same_type_Figure3_data,,,,,False,False,False
5683,Tm5c-Tnt,1.5804180397439267,181.0,False,0,no_same_type_Figure3_data,,,,,False,False,False
5684,Tm5c-Tnt,1.44932039962231,62.0,False,0,no_same_type_Figure3_data,,,,,False,False,False
5685,Tm5c-Tnt,1.4608967649992022,119.0,False,0,no_same_type_Figure3_data,,,,,False,False,False
5686,Tm5c-Tnt,-0.4166985084719529,1.0,False,0,no_same_type_Figure3_data,,,,,False,False,False
5687,Tm5c-Tnt,1.0278324737125628,35.0,False,0,no_same_type_Figure3_data,,,,,False,False,False
5688,Tm5c-Tnt,0.7975152804110147,35.0,False,0,no_same_type_Figure3_data,,,,,False,False,False
5689,Tm5c-Tnt,1.183894280464814,78.0,False,0,no_same_type_Figure3_data,,,,,False,False,False
5690,Tm5c-Tnt,1.0203653463797082,54.0,False,0,no_same_type_Figure3_data,,,,,False,False,False
5691,Tm5c-Tnt,0.7075711577670648,26.0,False,0,no_same_type_Figure3_data,,,,,False,False,False
5692,Tm5c-Tnt,0.11421669817391347,14.0,False,0,no_same_type_Figure3_data,,,,,False,False,False
5693,Tm5c-Tnt,1.201425301020802,14.0,False,0,no_same_type_Figure3_data,,,,,False,False,False
5694,Tm5c-Tnt,0.7869985734991758,50.0,False,0,no_same_type_Figure3_data,,,,,False,False,False
5695,Tm5c-Tnt,-0.13315440322435015,14.0,False,0,no_same_type_Figure3_data,,,,,False,False,False
5696,Tm5c-Tnt,0.8473342409005137,41.0,False,0,no_same_type_Figure3_data,,,,,False,False,False
5697,Tm5c-Tnt,1.077114481549345,8.0,False,0,no_same_type_Figure3_data,,,,,False,False,False
5698,Tm5c-Tnt,0.6441773494768096,8.0,False,0,no_same_type_Figure3_data,,,,,False,False,False
5699,Tm5c-Tnt,0.11304771136014481,11.0,False,0,no_same_type_Figure3_data,,,,,False,False,False
5700,Tm5c-Tnt,0.9407295460866659,3.0,False,0,no_same_type_Figure3_data,,,,,False,False,False
5701,Tm5c-Tnt,0.36911214361444344,32.0,False,0,no_same_type_Figure3_data,,,,,False,False,False
5702,Tm5c-Tnt,1.2189129435517838,97.0,False,0,no_same_type_Figure3_data,,,,,False,False,False
5703,Tm5c-Tnt,0.43373210477629925,39.0,False,0,no_same_type_Figure3_data,,,,,False,False,False
5704,Tm5c-Tnt,1.1072097605067885,142.0,False,0,no_same_type_Figure3_data,,,,,False,False,False
5705,Tm5c-Tnt,0.3292380795480418,204.0,False,0,no_same_type_Figure3_data,,,,,False,False,False
5706,Tm5c-Tnt,0.9676744074404985,32.0,False,0,no_same_type_Figure3_data,,,,,False,False,False
5707,Tm5c-Tnt,0.7734598681180349,32.0,False,0,no_same_type_Figure3_data,,,,,False,False,False
5708,Tm5c-Tnt,0.5120160363539277,39.0,False,0,no_same_type_Figure3_data,,,,,False,False,False
5709,Tm5c-Tnt,0.6885137963496908,18.0,False,0,no_same_type_Figure3_data,,,,,False,False,False
5710,Tm5c-Tnt,1.2079656592459338,80.0,False,0,no_same_type_Figure3_data,,,,,False,False,False
5711,Tm5c-Tnt,0.681712061125231,26.0,False,0,no_same_type_Figure3_data,,,,,False,False,False
5712,Tm5c-Tnt,-0.025988241434702575,2.0,False,0,no_same_type_Figure3_data,,,,,False,False,False
5713,Tm5c-Tnt,0.2928681365493962,11.0,False,0,no_same_type_Figure3_data,,,,,False,False,False
5714,Tm5c-Tnt,1.1968311088279322,11.0,False,0,no_same_type_Figure3_data,,,,,False,False,False
5715,Tm5c-Tnt,0.8567049726926724,32.0,False,0,no_same_type_Figure3_data,,,,,False,False,False
5716,Tm5c-Tnt,0.46460712436746193,37.0,False,0,no_same_type_Figure3_data,,,,,False,False,False
5717,Tm5c-Tnt,1.483729119037481,83.0,False,0,no_same_type_Figure3_data,,,,,False,False,False
5718,Tm5c-Tnt,1.5904749073446436,83.0,False,0,no_same_type_Figure3_data,,,,,False,False,False
5719,Tm5c-Tnt,1.0137640315419236,150.0,False,0,no_same_type_Figure3_data,,,,,False,False,False
5720,Tm5c-Tnt,1.1321659895263916,2.0,False,0,no_same_type_Figure3_data,,,,,False,False,False
5721,Tm5c-Tnt,1.077978497010969,26.0,False,0,no_same_type_Figure3_data,,,,,False,False,False
5722,Tm5c-Tnt,1.2668729140139932,28.0,False,0,no_same_type_Figure3_data,,,,,False,False,False
5723,Tm5c-Tnt,0.9839546770135886,68.0,False,0,no_same_type_Figure3_data,,,,,False,False,False
5724,Tm5c-Tnt,0.6011845281104768,102.0,False,0,no_same_type_Figure3_data,,,,,False,False,False
5725,Tm5c-Tnt,-0.10498313821204085,2.0,False,0,no_same_type_Figure3_data,,,,,False,False,False
5726,Tm5c-Tnt,1.1616638479653012,26.0,False,0,no_same_type_Figure3_data,,,,,False,False,False
5727,Tm5c-Tnt,0.9578610859085254,112.0,False,0,no_same_type_Figure3_data,,,,,False,False,False
5728,Tm5c-Tnt,1.0767913706429924,112.0,False,0,no_same_type_Figure3_data,,,,,False,False,False
5729,Tm5c-Tnt,0.7312209369286011,50.0,False,0,no_same_type_Figure3_data,,,,,False,False,False
5730,Tm5c-Tnt,-0.37620523765902963,21.0,False,0,no_same_type_Figure3_data,,,,,False,False,False
5731,Tm5c-Tnt,0.20047470855141145,8.0,False,0,no_same_type_Figure3_data,,,,,False,False,False
5732,Tm5c-Tnt,-0.9820817053521783,1.0,False,0,no_same_type_Figure3_data,,,,,False,False,False
5733,Tm5c-Tnt,-0.705633833622383,1.0,False,0,no_same_type_Figure3_data,,,,,False,False,False
5734,Tm5c-Tnt,0.00027201864028331927,1.0,False,0,no_same_type_Figure3_data,,,,,False,False,False
5735,Tm5c-Tnt,-0.07842964073198068,32.0,False,0,no_same_type_Figure3_data,,,,,False,False,False
5736,Tm5c-Tnt,0.8297420941949606,186.0,False,0,no_same_type_Figure3_data,,,,,False,False,False
5737,Tm5c-Tnt,-0.0902949441520411,22.0,False,0,no_same_type_Figure3_data,,,,,False,False,False
5738,Tm5c-Tnt,0.6048848219521652,255.0,False,0,no_same_type_Figure3_data,,,,,False,False,False
5739,Tm5c-Tnt,0.7388275034133882,24.0,False,0,no_same_type_Figure3_data,,,,,False,False,False
5740,Tm5c-Tnt,1.3804818082443024,10.0,False,0,no_same_type_Figure3_data,,,,,False,False,False
5741,Tm5c-Tnt,1.0246857335382336,10.0,False,0,no_same_type_Figure3_data,,,,,False,False,False
5742,Tm5c-Tnt,-0.008276190435620006,32.0,False,0,no_same_type_Figure3_data,,,,,False,False,False
5743,Tm5c-Tnt,1.2803559696230649,32.0,False,0,no_same_type_Figure3_data,,,,,False,False,False
5744,Tm5c-Tnt,-0.1649490617018071,26.0,False,0,no_same_type_Figure3_data,,,,,False,False,False
5745,Tm5c-Tnt,-0.458233793085493,132.0,False,0,no_same_type_Figure3_data,,,,,False,False,False
5746,Tm5c-Tnt,-0.3349201764463055,132.0,False,0,no_same_type_Figure3_data,,,,,False,False,False
5747,Tm5c-Tnt,-0.504709614389766,8.0,False,0,no_same_type_Figure3_data,,,,,False,False,False
5748,Tm5c-Tnt,1.177615295184933,43.0,False,0,no_same_type_Figure3_data,,,,,False,False,False
5749,Tm5c-Tnt,0.4642778685532117,32.0,False,0,no_same_type_Figure3_data,,,,,False,False,False
5750,Tm5c-Tnt,0.02875007057423883,1.0,False,0,no_same_type_Figure3_data,,,,,False,False,False
5751,Tm5c-Tnt,0.7445516379504751,28.0,False,0,no_same_type_Figure3_data,,,,,False,False,False
5752,Tm5c-Tnt,0.9759721997117125,71.0,False,0,no_same_type_Figure3_data,,,,,False,False,False
5753,Tm5c-Tnt,0.96981873650181,2.0,False,0,no_same_type_Figure3_data,,,,,False,False,False
5754,Tm5c-Tnt,0.6041126714369286,83.0,False,0,no_same_type_Figure3_data,,,,,False,False,False
5755,Tm5c-Tnt,1.0482962481695908,147.0,False,0,no_same_type_Figure3_data,,,,,False,False,False
5756,Tm5c-Tnt,1.4897760811257255,41.0,False,0,no_same_type_Figure3_data,,,,,False,False,False
5757,Tm5c-Tnt,1.1527331095270816,32.0,False,0,no_same_type_Figure3_data,,,,,False,False,False
5758,Tm5c-Tnt,1.3760653802799918,73.0,False,0,no_same_type_Figure3_data,,,,,False,False,False
5759,Tm5c-Tnt,1.022860951834685,87.0,False,0,no_same_type_Figure3_data,,,,,False,False,False
5760,Tm5c-Tnt,1.3341466350572568,26.0,False,0,no_same_type_Figure3_data,,,,,False,False,False
5761,Tm5c-Tnt,1.1595405595426633,26.0,False,0,no_same_type_Figure3_data,,,,,False,False,False
5762,Tm5c-Tnt,0.0630566281883408,14.0,False,0,no_same_type_Figure3_data,,,,,False,False,False
5763,Tm5c-Tnt,0.642420378061313,14.0,False,0,no_same_type_Figure3_data,,,,,False,False,False
5764,Tm5c-Tnt,0.3132281025334674,32.0,False,0,no_same_type_Figure3_data,,,,,False,False,False
5765,Tm5c-Tnt,-0.045751566380315266,116.0,False,0,no_same_type_Figure3_data,,,,,False,False,False
5766,Tm5c-Tnt,0.19046156888174898,8.0,False,0,no_same_type_Figure3_data,,,,,False,False,False
5767,Tm5c-Tnt,1.1251135645494303,10.0,False,0,no_same_type_Figure3_data,,,,,False,False,False
5768,Tm5c-Tnt,0.7182502422977309,14.0,False,0,no_same_type_Figure3_data,,,,,False,False,False
5769,Tm5c-Tnt,0.8336242924100612,116.0,False,0,no_same_type_Figure3_data,,,,,False,False,False
5770,Tm5c-Tnt,-0.7104882936241129,36.0,False,0,no_same_type_Figure3_data,,,,,False,False,False
5771,Tm5c-Tnt,0.4214477129249241,9.0,False,0,no_same_type_Figure3_data,,,,,False,False,False
5772,Tm5c-Tnt,-0.7607325374157836,36.0,False,0,no_same_type_Figure3_data,,,,,False,False,False
5773,Tm5c-Tnt,0.8226471012190892,3.0,False,0,no_same_type_Figure3_data,,,,,False,False,False
5774,Tm5c-Tnt,1.311386516526788,147.0,False,0,no_same_type_Figure3_data,,,,,False,False,False
5775,Tm5c-Tnt,1.012784257147545,119.0,False,0,no_same_type_Figure3_data,,,,,False,False,False
5776,Tm5c-Tnt,0.2794751031324659,3.0,False,0,no_same_type_Figure3_data,,,,,False,False,False
5777,Tm5c-Tnt,1.2933291907260718,14.0,False,0,no_same_type_Figure3_data,,,,,False,False,False
5778,Tm5c-Tnt,0.8786349836510016,104.0,False,0,no_same_type_Figure3_data,,,,,False,False,False
5779,Tm5c-Tnt,-0.14136454016160957,31.0,False,0,no_same_type_Figure3_data,,,,,False,False,False
5780,Tm5c-Tnt,1.0753309041754882,80.0,False,0,no_same_type_Figure3_data,,,,,False,False,False
5781,Tm5c-Tnt,0.13808905282297804,31.0,False,0,no_same_type_Figure3_data,,,,,False,False,False
5782,Tm5c-Tnt,-0.1344380029494859,26.0,False,0,no_same_type_Figure3_data,,,,,False,False,False
5783,Tm5c-Tnt,1.0145237113627485,105.0,False,0,no_same_type_Figure3_data,,,,,False,False,False
5784,Tm5c-Tnt,0.895655579904313,24.0,False,0,no_same_type_Figure3_data,,,,,False,False,False
5785,Tm5c-Tnt,1.1454339832386253,137.0,False,0,no_same_type_Figure3_data,,,,,False,False,False
5786,Tm5c-Tnt,1.635704641457362,8.0,False,0,no_same_type_Figure3_data,,,,,False,False,False
5787,Tm5c-Tnt,-0.5568646388178841,2.0,False,0,no_same_type_Figure3_data,,,,,False,False,False
5788,Tm5c-Tnt,0.8559840225296937,8.0,False,0,no_same_type_Figure3_data,,,,,False,False,False
5789,Tm5c-Tnt,0.41138494713116414,10.0,False,0,no_same_type_Figure3_data,,,,,False,False,False
5790,Tm5c-Tnt,0.39516023362890573,41.0,False,0,no_same_type_Figure3_data,,,,,False,False,False
5791,Tm5c-Tnt,-1.5143231225909106,24.0,False,0,no_same_type_Figure3_data,,,,,False,False,False
5792,Tm5c-Tnt,0.26483339447736565,14.0,False,0,no_same_type_Figure3_data,,,,,False,False,False
5793,Tm5c-Tnt,0.8383103446238778,41.0,False,0,no_same_type_Figure3_data,,,,,False,False,False
5794,Tm5c-Tnt,0.26405841606966013,98.0,False,0,no_same_type_Figure3_data,,,,,False,False,False
5795,Tm5c-Tnt,0.5299242438470114,9.0,False,0,no_same_type_Figure3_data,,,,,False,False,False
5796,Tm5c-Tnt,0.13876138223412562,70.0,False,0,no_same_type_Figure3_data,,,,,False,False,False
5797,Tm5c-Tnt,0.3129843261732265,28.0,False,0,no_same_type_Figure3_data,,,,,False,False,False
5798,Tm5c-Tnt,0.8819257773429909,38.0,False,0,no_same_type_Figure3_data,,,,,False,False,False
5799,Tm5c-Tnt,0.22775408863431487,1.0,False,0,no_same_type_Figure3_data,,,,,False,False,False
5800,Tm5c-Tnt,-1.385326036698926,2.0,False,0,no_same_type_Figure3_data,,,,,False,False,False
5801,Tm5c-Tnt,-1.9527827909277602,1.0,False,0,no_same_type_Figure3_data,,,,,False,False,False
5802,Tm5c-Tnt,0.894306102414233,18.0,False,0,no_same_type_Figure3_data,,,,,False,False,False
5803,Tm5c-Tnt,1.0297975957065202,90.0,False,0,no_same_type_Figure3_data,,,,,False,False,False
5804,Tm5c-Tnt,0.8646197404882925,26.0,False,0,no_same_type_Figure3_data,,,,,False,False,False
5805,Tm5c-Tnt,-0.18772242433649008,2.0,False,0,no_same_type_Figure3_data,,,,,False,False,False
5806,Tm5c-Tnt,-0.41073804832152294,1.0,False,0,no_same_type_Figure3_data,,,,,False,False,False
5807,Tm5c-Tnt,0.9561598535326619,88.0,False,0,no_same_type_Figure3_data,,,,,False,False,False
5808,Tm5c-Tnt,1.2420783581094528,31.0,False,0,no_same_type_Figure3_data,,,,,False,False,False
5809,Tm5c-Tnt,0.9401503000166419,116.0,False,0,no_same_type_Figure3_data,,,,,False,False,False
5810,Tm5c-Tnt,-0.8408156352277055,1.0,False,0,no_same_type_Figure3_data,,,,,False,False,False
5811,Tm5c-Tnt,-0.41640463550234,14.0,False,0,no_same_type_Figure3_data,,,,,False,False,False
5812,Tm5c-Tnt,-0.3787070978081958,8.0,False,0,no_same_type_Figure3_data,,,,,False,False,False
5813,Tm5c-Tnt,-0.2009884023548773,14.0,False,0,no_same_type_Figure3_data,,,,,False,False,False
5814,Tm5c-Tnt,0.1842766489070564,32.0,False,0,no_same_type_Figure3_data,,,,,False,False,False
5815,Tm5c-Tnt,0.8096069680206457,71.0,False,0,no_same_type_Figure3_data,,,,,False,False,False
5816,Tm5c-Tnt,1.201996756738397,18.0,False,0,no_same_type_Figure3_data,,,,,False,False,False
5817,Tm5c-Tnt,1.393841783975731,8.0,False,0,no_same_type_Figure3_data,,,,,False,False,False
5818,Tm5c-Tnt,0.4947435516453802,10.0,False,0,no_same_type_Figure3_data,,,,,False,False,False
5819,Tm5c-Tnt,-1.235532520016394,24.0,False,0,no_same_type_Figure3_data,,,,,False,False,False
5820,Tm5c-Tnt,0.5749959954914194,114.0,False,0,no_same_type_Figure3_data,,,,,False,False,False
5821,Tm5c-Tnt,0.2170223328232907,70.0,False,0,no_same_type_Figure3_data,,,,,False,False,False
5822,Tm5c-Tnt,0.29857012010982986,70.0,False,0,no_same_type_Figure3_data,,,,,False,False,False
5823,Tm5c-Tnt,-1.124500810239146,1.0,False,0,no_same_type_Figure3_data,,,,,False,False,False
5824,Tm5c-Tnt,1.1906660276205578,32.0,False,0,no_same_type_Figure3_data,,,,,False,False,False
5825,Tm5c-Tnt,-1.0698745867814332,2.0,False,0,no_same_type_Figure3_data,,,,,False,False,False
5826,Tm5c-Tnt,0.7476531046241149,24.0,False,0,no_same_type_Figure3_data,,,,,False,False,False
5827,Tm5c-Tnt,-0.29484131722752016,100.0,False,0,no_same_type_Figure3_data,,,,,False,False,False
5828,Tm5c-Tnt,0.5533587474003613,1.0,False,0,no_same_type_Figure3_data,,,,,False,False,False
5829,Tm5c-Tnt,0.2661599306972301,114.0,False,0,no_same_type_Figure3_data,,,,,False,False,False
5830,Tm5c-Tnt,0.8221669296079942,70.0,False,0,no_same_type_Figure3_data,,,,,False,False,False
5831,Tm5c-Tnt,-0.11016359571036913,100.0,False,0,no_same_type_Figure3_data,,,,,False,False,False
5832,Tm5c-Tnt,-0.27404818230588873,2.0,False,0,no_same_type_Figure3_data,,,,,False,False,False
5833,Tm5c-Tnt,0.06038180454039843,78.0,False,0,no_same_type_Figure3_data,,,,,False,False,False
5834,Tm5c-Tnt,-0.07865010436067395,78.0,False,0,no_same_type_Figure3_data,,,,,False,False,False
5835,Tm5c-Tnt,0.3383598638961106,35.0,False,0,no_same_type_Figure3_data,,,,,False,False,False
5836,Tm5c-Tnt,-1.2478192055470159,1.0,False,0,no_same_type_Figure3_data,,,,,False,False,False
5837,Tm5c-Tnt,0.3921745557889768,10.0,False,0,no_same_type_Figure3_data,,,,,False,False,False
5838,Tm5c-Tnt,0.7727598298690335,10.0,False,0,no_same_type_Figure3_data,,,,,False,False,False
5839,Tm5c-Tnt,-0.11595459047836451,69.0,False,0,no_same_type_Figure3_data,,,,,False,False,False
5840,Tm5c-Tnt,-0.16779147085545848,2.0,False,0,no_same_type_Figure3_data,,,,,False,False,False
5841,Tm5c-Tnt,-1.3347346146860546,2.0,False,0,no_same_type_Figure3_data,,,,,False,False,False
5842,Tm5c-Tnt,0.7673106170538115,43.0,False,0,no_same_type_Figure3_data,,,,,False,False,False
5843,Tm5c-Tnt,-0.49742033166153987,1.0,False,0,no_same_type_Figure3_data,,,,,False,False,False
5844,Tm5c-Tnt,-0.08565944332386981,2.0,False,0,no_same_type_Figure3_data,,,,,False,False,False
5845,Tm5c-Tnt,0.285507495085712,3.0,False,0,no_same_type_Figure3_data,,,,,False,False,False
5846,Tm5c-Tnt,-0.21776176938496047,23.0,False,0,no_same_type_Figure3_data,,,,,False,False,False
5847,Tm5c-Tnt,-0.014367875992872014,35.0,False,0,no_same_type_Figure3_data,,,,,False,False,False
5848,Tm5c-Tnt,-0.6640561059379623,8.0,False,0,no_same_type_Figure3_data,,,,,False,False,False
5849,Tm5c-Tnt,0.8832091166400241,70.0,False,0,no_same_type_Figure3_data,,,,,False,False,False
5850,Tm5c-Tnt,-2.263213952155997,8.0,False,0,no_same_type_Figure3_data,,,,,False,False,False
5851,Tm5c-Tnt,-0.35032171797692147,8.0,False,0,no_same_type_Figure3_data,,,,,False,False,False
5852,Tm5c-Tnt,-0.5378496563809781,24.0,False,0,no_same_type_Figure3_data,,,,,False,False,False
5853,Tm5c-Tnt,-0.526784581515176,18.0,False,0,no_same_type_Figure3_data,,,,,False,False,False
5854,Tm5c-Tnt,-1.2092257368245924,14.0,False,0,no_same_type_Figure3_data,,,,,False,False,False
5855,Tm5c-Tnt,-0.3117381557733302,36.0,False,0,no_same_type_Figure3_data,,,,,False,False,False
5856,Tm5c-Tnt,-0.2677168108925513,32.0,False,0,no_same_type_Figure3_data,,,,,False,False,False
5857,Tm5c-Tnt,0.14952424391343191,32.0,False,0,no_same_type_Figure3_data,,,,,False,False,False
5858,Tm5c-Tnt,-0.5331427883617534,32.0,False,0,no_same_type_Figure3_data,,,,,False,False,False
5859,Tm5c-Tnt,-0.06972019551823484,14.0,False,0,no_same_type_Figure3_data,,,,,False,False,False
5860,Tm5c-Tnt,0.5702154998251376,87.0,False,0,no_same_type_Figure3_data,,,,,False,False,False
5861,Tm5c-Tnt,-0.007657704582816223,29.0,False,0,no_same_type_Figure3_data,,,,,False,False,False
5862,Tm5c-Tnt,0.05581701567347038,26.0,False,0,no_same_type_Figure3_data,,,,,False,False,False
5863,Tm5c-Tnt,0.8293285842558417,41.0,False,0,no_same_type_Figure3_data,,,,,False,False,False
5864,Tm5c-Tnt,0.49950515213239577,87.0,False,0,no_same_type_Figure3_data,,,,,False,False,False
5865,Tm5c-Tnt,0.3272876431093769,11.0,False,0,no_same_type_Figure3_data,,,,,False,False,False
5866,Tm5c-Tnt,-0.05163692044279957,32.0,False,0,no_same_type_Figure3_data,,,,,False,False,False
5867,Tm5c-Tnt,-0.48307580177838794,32.0,False,0,no_same_type_Figure3_data,,,,,False,False,False
5868,Tm5c-Tnt,-0.03759700430161777,11.0,False,0,no_same_type_Figure3_data,,,,,False,False,False
5869,Tm5c-Tnt,0.0840422439532349,36.0,False,0,no_same_type_Figure3_data,,,,,False,False,False
5870,Tm5c-Tnt,-0.04118006877350396,35.0,False,0,no_same_type_Figure3_data,,,,,False,False,False
5871,Tm5c-Tnt,0.6047144469801236,14.0,False,0,no_same_type_Figure3_data,,,,,False,False,False
5872,Tm5c-Tnt,-0.16380429787042838,32.0,False,0,no_same_type_Figure3_data,,,,,False,False,False
5873,Tm5c-Tnt,-0.41889179140544763,1.0,False,0,no_same_type_Figure3_data,,,,,False,False,False
5874,Tm5c-Tnt,-0.5798800773591949,2.0,False,0,no_same_type_Figure3_data,,,,,False,False,False
5875,Tm5c-Tnt,0.5042743549716816,84.0,False,0,no_same_type_Figure3_data,,,,,False,False,False
5876,Tm5c-Tnt,-0.5951480966126313,10.0,False,0,no_same_type_Figure3_data,,,,,False,False,False
5877,Tm5c-Tnt,0.09927827968397515,69.0,False,0,no_same_type_Figure3_data,,,,,False,False,False
5878,Tm5c-Tnt,-0.08768537236510099,52.0,False,0,no_same_type_Figure3_data,,,,,False,False,False
5879,Tm5c-Tnt,0.658435160995812,1.0,False,0,no_same_type_Figure3_data,,,,,False,False,False
5880,Tm5c-Tnt,-0.7217931120735509,24.0,False,0,no_same_type_Figure3_data,,,,,False,False,False
5881,Tm5c-Tnt,0.21075984022303487,43.0,False,0,no_same_type_Figure3_data,,,,,False,False,False
5882,Tm5c-Tnt,0.2583915183960656,49.0,False,0,no_same_type_Figure3_data,,,,,False,False,False
5883,Tm5c-Tnt,-0.2615316183101092,59.0,False,0,no_same_type_Figure3_data,,,,,False,False,False
5884,Tm5c-Tnt,0.22556491430041997,56.0,False,0,no_same_type_Figure3_data,,,,,False,False,False
5885,Tm5c-Tnt,0.5288625232359976,115.0,False,0,no_same_type_Figure3_data,,,,,False,False,False
5886,Tm5c-Tnt,0.7393965000445414,41.0,False,0,no_same_type_Figure3_data,,,,,False,False,False
5887,Tm5c-Tnt,0.7860228436295159,43.0,False,0,no_same_type_Figure3_data,,,,,False,False,False
5888,Tm5c-Tnt,0.030687140864749614,1.0,False,0,no_same_type_Figure3_data,,,,,False,False,False
5889,Tm5c-Tnt,0.41828037325995515,34.0,False,0,no_same_type_Figure3_data,,,,,False,False,False
5890,Tm5c-Tnt,0.01909799584097576,1.0,False,0,no_same_type_Figure3_data,,,,,False,False,False
5891,Tm5c-Tnt,0.533756345039301,39.0,False,0,no_same_type_Figure3_data,,,,,False,False,False
5892,Tm5c-Tnt,-0.032092804653873354,53.0,False,0,no_same_type_Figure3_data,,,,,False,False,False
5893,Tm5c-Tnt,0.43150201715044734,159.0,False,0,no_same_type_Figure3_data,,,,,False,False,False
5894,Tm5c-Tnt,-1.0496283296517326,10.0,False,0,no_same_type_Figure3_data,,,,,False,False,False
5895,Tm5c-Tnt,0.038698961959941436,116.0,False,0,no_same_type_Figure3_data,,,,,False,False,False
5896,Tm5c-Tnt,0.18108350925598463,78.0,False,0,no_same_type_Figure3_data,,,,,False,False,False
5897,Tm5c-Tnt,0.041082336951774955,1.0,False,0,no_same_type_Figure3_data,,,,,False,False,False
5898,Tm5c-Tnt,0.14887794216738656,101.0,False,0,no_same_type_Figure3_data,,,,,False,False,False
5899,Tm5c-Tnt,0.3320618750822972,67.0,False,0,no_same_type_Figure3_data,,,,,False,False,False
5900,Tm5c-Tnt,-0.3306651316780984,14.0,False,0,no_same_type_Figure3_data,,,,,False,False,False
5901,Tm5c-Tnt,0.16610688497284745,110.0,False,0,no_same_type_Figure3_data,,,,,False,False,False
5902,Tm5c-Tnt,-0.692735753078004,14.0,False,0,no_same_type_Figure3_data,,,,,False,False,False
5903,Tm5c-Tnt,-0.7562777913510106,24.0,False,0,no_same_type_Figure3_data,,,,,False,False,False
5904,Tm5c-Tnt,0.09757748747303809,110.0,False,0,no_same_type_Figure3_data,,,,,False,False,False
5905,Tm5c-Tnt,0.27131434038772373,8.0,False,0,no_same_type_Figure3_data,,,,,False,False,False
5906,Tm5c-Tnt,1.8154053208295582,1.0,False,0,no_same_type_Figure3_data,,,,,False,False,False
5907,Tm5c-Tnt,-0.04895711078708329,180.0,False,0,no_same_type_Figure3_data,,,,,False,False,False
5908,Tm5c-Tnt,-0.8667873852803284,24.0,False,0,no_same_type_Figure3_data,,,,,False,False,False
5909,Tm5c-Tnt,-1.2664573282387768,8.0,False,0,no_same_type_Figure3_data,,,,,False,False,False
5910,Tm20-Tnt,0.36063550143426815,4.0,False,0,no_same_type_Figure3_data,,,,,False,False,False
5911,Tm20-Tnt,1.4484643695428647,30.0,False,0,no_same_type_Figure3_data,,,,,False,False,False
5912,Tm20-Tnt,-0.10077437544347619,1.0,False,0,no_same_type_Figure3_data,,,,,False,False,False
5913,Tm20-Tnt,0.24084568158151284,5.0,False,0,no_same_type_Figure3_data,,,,,False,False,False
5914,Tm20-Tnt,0.22474507871683239,2.0,False,0,no_same_type_Figure3_data,,,,,False,False,False
5915,Tm20-Tnt,0.5489895850917234,22.0,False,0,no_same_type_Figure3_data,,,,,False,False,False
5916,Tm20-Tnt,-0.17792905271436146,10.0,False,0,no_same_type_Figure3_data,,,,,False,False,False
5917,Tm20-Tnt,1.255788836296544,39.0,False,0,no_same_type_Figure3_data,,,,,False,False,False
5918,Tm20-Tnt,0.8715030050360776,19.0,False,0,no_same_type_Figure3_data,,,,,False,False,False
5919,Tm20-Tnt,1.41501400150598,2.0,False,0,no_same_type_Figure3_data,,,,,False,False,False
5920,Tm20-Tnt,0.7261862282854913,14.0,False,0,no_same_type_Figure3_data,,,,,False,False,False
5921,Tm20-Tnt,1.943529554351025,2.0,False,0,no_same_type_Figure3_data,,,,,False,False,False
5922,Tm20-Tnt,1.3468835952386156,1.0,False,0,no_same_type_Figure3_data,,,,,False,False,False
5923,Tm20-Tnt,-0.721992321522418,12.0,False,0,no_same_type_Figure3_data,,,,,False,False,False
5924,Tm20-Tnt,0.8503825574934358,31.0,False,0,no_same_type_Figure3_data,,,,,False,False,False
5925,Tm20-Tnt,1.0508091074700452,25.0,False,0,no_same_type_Figure3_data,,,,,False,False,False
5926,Tm20-Tnt,0.581332000394603,17.0,False,0,no_same_type_Figure3_data,,,,,False,False,False
5927,Tm20-Tnt,0.2904837071003178,42.0,False,0,no_same_type_Figure3_data,,,,,False,False,False
5928,Tm20-Tnt,1.2400677661235615,26.0,False,0,no_same_type_Figure3_data,,,,,False,False,False
5929,Tm20-Tnt,1.1631052531912243,1.0,False,0,no_same_type_Figure3_data,,,,,False,False,False
5930,Tm20-Tnt,0.7871964810303081,7.0,False,0,no_same_type_Figure3_data,,,,,False,False,False
5931,Tm20-Tnt,0.8585525940174268,13.0,False,0,no_same_type_Figure3_data,,,,,False,False,False
5932,Tm20-Tnt,-0.11931627814935257,1.0,False,0,no_same_type_Figure3_data,,,,,False,False,False
5933,Tm20-Tnt,1.501022270226007,1.0,False,0,no_same_type_Figure3_data,,,,,False,False,False
5934,Tm20-Tnt,1.0227778220253516,4.0,False,0,no_same_type_Figure3_data,,,,,False,False,False
5935,Tm20-Tnt,0.4702298759587813,6.0,False,0,no_same_type_Figure3_data,,,,,False,False,False
5936,Tm20-Tnt,0.7975627937422257,4.0,False,0,no_same_type_Figure3_data,,,,,False,False,False
5937,Tm20-Tnt,1.4120019869080225,14.0,False,0,no_same_type_Figure3_data,,,,,False,False,False
5938,Tm20-Tnt,0.20626649661529012,2.0,False,0,no_same_type_Figure3_data,,,,,False,False,False
5939,Tm20-Tnt,0.6346689940196618,22.0,False,0,no_same_type_Figure3_data,,,,,False,False,False
5940,Tm20-Tnt,0.31460583345799575,32.0,False,0,no_same_type_Figure3_data,,,,,False,False,False
5941,Tm20-Tnt,-0.12858319618995875,7.0,False,0,no_same_type_Figure3_data,,,,,False,False,False
5942,Tm20-Tnt,-0.07999824165682254,22.0,False,0,no_same_type_Figure3_data,,,,,False,False,False
5943,Tm20-Tnt,0.5394772880275317,2.0,False,0,no_same_type_Figure3_data,,,,,False,False,False
5944,Tm20-Tnt,0.3362728821354927,1.0,False,0,no_same_type_Figure3_data,,,,,False,False,False
5945,Tm20-Tnt,0.7154764483618482,5.0,False,0,no_same_type_Figure3_data,,,,,False,False,False
5946,Tm20-Tnt,1.2740041362962704,2.0,False,0,no_same_type_Figure3_data,,,,,False,False,False
5947,Tm20-Tnt,1.3572530962601344,3.0,False,0,no_same_type_Figure3_data,,,,,False,False,False
5948,Tm20-Tnt,1.042960276882649,7.0,False,0,no_same_type_Figure3_data,,,,,False,False,False
5949,Tm20-Tnt,0.5408439625882328,13.0,False,0,no_same_type_Figure3_data,,,,,False,False,False
5950,Tm20-Tnt,1.0052272439283476,14.0,False,0,no_same_type_Figure3_data,,,,,False,False,False
5951,Tm20-Tnt,0.6125963237780129,23.0,False,0,no_same_type_Figure3_data,,,,,False,False,False
5952,Tm20-Tnt,0.6992533789658163,6.0,False,0,no_same_type_Figure3_data,,,,,False,False,False
5953,Tm20-Tnt,1.8881129174601055,7.0,False,0,no_same_type_Figure3_data,,,,,False,False,False
5954,Tm20-Tnt,0.2596756828217303,7.0,False,0,no_same_type_Figure3_data,,,,,False,False,False
5955,Tm20-Tnt,0.27627494076037284,7.0,False,0,no_same_type_Figure3_data,,,,,False,False,False
5956,Tm20-Tnt,1.069430224287208,37.0,False,0,no_same_type_Figure3_data,,,,,False,False,False
5957,Tm20-Tnt,0.48932704075193056,3.0,False,0,no_same_type_Figure3_data,,,,,False,False,False
5958,Tm20-Tnt,1.3875845210644686,44.0,False,0,no_same_type_Figure3_data,,,,,False,False,False
5959,Tm20-Tnt,0.9791091403099987,1.0,False,0,no_same_type_Figure3_data,,,,,False,False,False
5960,Tm20-Tnt,0.6505017617866983,56.0,False,0,no_same_type_Figure3_data,,,,,False,False,False
5961,Tm20-Tnt,-0.14527927626431822,56.0,False,0,no_same_type_Figure3_data,,,,,False,False,False
5962,Tm20-Tnt,1.9498256696133176,2.0,False,0,no_same_type_Figure3_data,,,,,False,False,False
5963,Tm20-Tnt,1.2248071798079618,25.0,False,0,no_same_type_Figure3_data,,,,,False,False,False
5964,Tm20-Tnt,1.235932466620349,27.0,False,0,no_same_type_Figure3_data,,,,,False,False,False
5965,Tm20-Tnt,0.27991881198923785,4.0,False,0,no_same_type_Figure3_data,,,,,False,False,False
5966,Tm20-Tnt,1.5432904750436247,30.0,False,0,no_same_type_Figure3_data,,,,,False,False,False
5967,Tm20-Tnt,0.5762481280374596,24.0,False,0,no_same_type_Figure3_data,,,,,False,False,False
5968,Tm20-Tnt,1.0042338737306253,2.0,False,0,no_same_type_Figure3_data,,,,,False,False,False
5969,Tm20-Tnt,0.055211301886348416,4.0,False,0,no_same_type_Figure3_data,,,,,False,False,False
5970,Tm20-Tnt,-0.4820112575950456,6.0,False,0,no_same_type_Figure3_data,,,,,False,False,False
5971,Tm20-Tnt,0.7486759665599132,22.0,False,0,no_same_type_Figure3_data,,,,,False,False,False
5972,Tm20-Tnt,1.2459652237185341,5.0,False,0,no_same_type_Figure3_data,,,,,False,False,False
5973,Tm20-Tnt,0.34052982635422546,13.0,False,0,no_same_type_Figure3_data,,,,,False,False,False
5974,Tm20-Tnt,0.05721393068996898,10.0,False,0,no_same_type_Figure3_data,,,,,False,False,False
5975,Tm20-Tnt,0.9653510623736306,3.0,False,0,no_same_type_Figure3_data,,,,,False,False,False
5976,Tm20-Tnt,1.2744360740273726,12.0,False,0,no_same_type_Figure3_data,,,,,False,False,False
5977,Tm20-Tnt,1.2169369564352093,12.0,False,0,no_same_type_Figure3_data,,,,,False,False,False
5978,Tm20-Tnt,1.7947010322753052,1.0,False,0,no_same_type_Figure3_data,,,,,False,False,False
5979,Tm20-Tnt,1.2558938948221798,30.0,False,0,no_same_type_Figure3_data,,,,,False,False,False
5980,Tm20-Tnt,1.1359873449260083,39.0,False,0,no_same_type_Figure3_data,,,,,False,False,False
5981,Tm20-Tnt,0.031705375124714566,19.0,False,0,no_same_type_Figure3_data,,,,,False,False,False
5982,Tm20-Tnt,0.6103256618523257,21.0,False,0,no_same_type_Figure3_data,,,,,False,False,False
5983,Tm20-Tnt,0.8640334227122699,22.0,False,0,no_same_type_Figure3_data,,,,,False,False,False
5984,Tm20-Tnt,0.7890044029468238,10.0,False,0,no_same_type_Figure3_data,,,,,False,False,False
5985,Tm20-Tnt,0.44080354964778856,19.0,False,0,no_same_type_Figure3_data,,,,,False,False,False
5986,Tm20-Tnt,0.46236195815986963,11.0,False,0,no_same_type_Figure3_data,,,,,False,False,False
5987,Tm20-Tnt,0.7948905999920329,58.0,False,0,no_same_type_Figure3_data,,,,,False,False,False
5988,Tm20-Tnt,2.5938238043572315,2.0,False,0,no_same_type_Figure3_data,,,,,False,False,False
5989,Tm20-Tnt,0.7791599732802227,2.0,False,0,no_same_type_Figure3_data,,,,,False,False,False
5990,Tm20-Tnt,0.23968702487613575,4.0,False,0,no_same_type_Figure3_data,,,,,False,False,False
5991,Tm20-Tnt,0.7971824493708681,14.0,False,0,no_same_type_Figure3_data,,,,,False,False,False
5992,Tm20-Tnt,0.07037562674174239,13.0,False,0,no_same_type_Figure3_data,,,,,False,False,False
5993,Tm20-Tnt,0.5978229748319575,88.0,False,0,no_same_type_Figure3_data,,,,,False,False,False
5994,Tm20-Tnt,0.7940120601057473,88.0,False,0,no_same_type_Figure3_data,,,,,False,False,False
5995,Tm20-Tnt,0.6921574773751945,31.0,False,0,no_same_type_Figure3_data,,,,,False,False,False
5996,Tm20-Tnt,0.9109024901182091,25.0,False,0,no_same_type_Figure3_data,,,,,False,False,False
5997,Tm20-Tnt,0.4393212316026539,59.0,False,0,no_same_type_Figure3_data,,,,,False,False,False
5998,Tm20-Tnt,1.2137774087970323,1.0,False,0,no_same_type_Figure3_data,,,,,False,False,False
5999,Tm20-Tnt,0.792232451537675,1.0,False,0,no_same_type_Figure3_data,,,,,False,False,False
6000,Tm20-Tnt,1.2520070306063256,26.0,False,0,no_same_type_Figure3_data,,,,,False,False,False
6001,Tm20-Tnt,0.5505241375240375,6.0,False,0,no_same_type_Figure3_data,,,,,False,False,False
6002,Tm20-Tnt,0.27435463654849246,46.0,False,0,no_same_type_Figure3_data,,,,,False,False,False
6003,Tm20-Tnt,-0.03162271456024896,23.0,False,0,no_same_type_Figure3_data,,,,,False,False,False
6004,Tm20-Tnt,0.6968491865499686,23.0,False,0,no_same_type_Figure3_data,,,,,False,False,False
6005,Tm20-Tnt,1.4565919466736685,22.0,False,0,no_same_type_Figure3_data,,,,,False,False,False
6006,Tm20-Tnt,0.17605342604907162,14.0,False,0,no_same_type_Figure3_data,,,,,False,False,False
6007,Tm20-Tnt,1.2751638510164611,3.0,False,0,no_same_type_Figure3_data,,,,,False,False,False
6008,Tm20-Tnt,0.7370825118565404,4.0,False,0,no_same_type_Figure3_data,,,,,False,False,False
6009,Tm20-Tnt,0.8711632858001456,37.0,False,0,no_same_type_Figure3_data,,,,,False,False,False
6010,Tm20-Tnt,0.7459153774202759,6.0,False,0,no_same_type_Figure3_data,,,,,False,False,False
6011,Tm20-Tnt,0.5524214006689945,108.0,False,0,no_same_type_Figure3_data,,,,,False,False,False
6012,Tm20-Tnt,-0.1055990188944724,4.0,False,0,no_same_type_Figure3_data,,,,,False,False,False
6013,Tm20-Tnt,0.1670872646535537,4.0,False,0,no_same_type_Figure3_data,,,,,False,False,False
6014,Tm20-Tnt,0.0666600214125221,4.0,False,0,no_same_type_Figure3_data,,,,,False,False,False
6015,Tm20-Tnt,0.6789626199018038,6.0,False,0,no_same_type_Figure3_data,,,,,False,False,False
6016,Tm20-Tnt,1.1701960084176835,6.0,False,0,no_same_type_Figure3_data,,,,,False,False,False
6017,Tm20-Tnt,1.4138427801291138,3.0,False,0,no_same_type_Figure3_data,,,,,False,False,False
6018,Tm20-Tnt,-0.5515499331095303,2.0,False,0,no_same_type_Figure3_data,,,,,False,False,False
6019,Tm20-Tnt,-0.1742133962382473,4.0,False,0,no_same_type_Figure3_data,,,,,False,False,False
6020,Tm20-Tnt,-0.1567094591349922,1.0,False,0,no_same_type_Figure3_data,,,,,False,False,False
6021,Tm20-Tnt,0.9423912896191731,12.0,False,0,no_same_type_Figure3_data,,,,,False,False,False
6022,Tm20-Tnt,0.8453767356988446,12.0,False,0,no_same_type_Figure3_data,,,,,False,False,False
6023,Tm20-Tnt,1.3327603605320968,30.0,False,0,no_same_type_Figure3_data,,,,,False,False,False
6024,Tm20-Tnt,-0.07889201084224577,50.0,False,0,no_same_type_Figure3_data,,,,,False,False,False
6025,Tm20-Tnt,-0.027377501970171574,50.0,False,0,no_same_type_Figure3_data,,,,,False,False,False
6026,Tm20-Tnt,1.5135105642954323,14.0,False,0,no_same_type_Figure3_data,,,,,False,False,False
6027,Tm20-Tnt,-0.8050388383229752,1.0,False,0,no_same_type_Figure3_data,,,,,False,False,False
6028,Tm20-Tnt,-0.25596562291037595,2.0,False,0,no_same_type_Figure3_data,,,,,False,False,False
6029,Tm20-Tnt,-0.6198214271026339,12.0,False,0,no_same_type_Figure3_data,,,,,False,False,False
6030,Tm20-Tnt,0.5649216381792806,16.0,False,0,no_same_type_Figure3_data,,,,,False,False,False
6031,Tm20-Tnt,0.370120374282694,8.0,False,0,no_same_type_Figure3_data,,,,,False,False,False
6032,Tm20-Tnt,0.6374190300574555,23.0,False,0,no_same_type_Figure3_data,,,,,False,False,False
6033,Tm20-Tnt,1.5526665381230684,11.0,False,0,no_same_type_Figure3_data,,,,,False,False,False
6034,Tm20-Tnt,1.3731077135381937,10.0,False,0,no_same_type_Figure3_data,,,,,False,False,False
6035,Tm20-Tnt,0.4390072701507245,23.0,False,0,no_same_type_Figure3_data,,,,,False,False,False
6036,Tm20-Tnt,0.8642944623280486,2.0,False,0,no_same_type_Figure3_data,,,,,False,False,False
6037,Tm20-Tnt,-0.06405114900177127,2.0,False,0,no_same_type_Figure3_data,,,,,False,False,False
6038,Tm20-Tnt,1.4617312080311469,3.0,False,0,no_same_type_Figure3_data,,,,,False,False,False
6039,Tm20-Tnt,0.9154217023645314,44.0,False,0,no_same_type_Figure3_data,,,,,False,False,False
6040,Tm20-Tnt,0.12299220256296725,3.0,False,0,no_same_type_Figure3_data,,,,,False,False,False
6041,Tm20-Tnt,0.28953484828749915,3.0,False,0,no_same_type_Figure3_data,,,,,False,False,False
6042,Tm20-Tnt,0.7472537425227148,22.0,False,0,no_same_type_Figure3_data,,,,,False,False,False
6043,Tm20-Tnt,0.9476551967361969,7.0,False,0,no_same_type_Figure3_data,,,,,False,False,False
6044,Tm20-Tnt,0.9830983434147162,7.0,False,0,no_same_type_Figure3_data,,,,,False,False,False
6045,Tm20-Tnt,0.7614716137654902,4.0,False,0,no_same_type_Figure3_data,,,,,False,False,False
6046,Tm20-Tnt,0.7295058101343374,7.0,False,0,no_same_type_Figure3_data,,,,,False,False,False
6047,Tm20-Tnt,0.7768903097427475,15.0,False,0,no_same_type_Figure3_data,,,,,False,False,False
6048,Tm20-Tnt,0.33387469635723427,3.0,False,0,no_same_type_Figure3_data,,,,,False,False,False
6049,Tm20-Tnt,3.716722089191643,4.0,False,0,no_same_type_Figure3_data,,,,,False,False,False
6050,Tm20-Tnt,0.6942549674625684,4.0,False,0,no_same_type_Figure3_data,,,,,False,False,False
6051,Tm20-Tnt,0.3712147891651391,6.0,False,0,no_same_type_Figure3_data,,,,,False,False,False
6052,Tm20-Tnt,0.1340493023995014,63.0,False,0,no_same_type_Figure3_data,,,,,False,False,False
6053,Tm20-Tnt,-0.036848763114794,1.0,False,0,no_same_type_Figure3_data,,,,,False,False,False
6054,Tm20-Tnt,1.355135391844658,4.0,False,0,no_same_type_Figure3_data,,,,,False,False,False
6055,Tm20-Tnt,0.6004179466281225,6.0,False,0,no_same_type_Figure3_data,,,,,False,False,False
6056,Tm20-Tnt,1.346620521227175,4.0,False,0,no_same_type_Figure3_data,,,,,False,False,False
6057,Tm20-Tnt,0.5327656923214426,1.0,False,0,no_same_type_Figure3_data,,,,,False,False,False
6058,Tm20-Tnt,1.4794692072493452,52.0,False,0,no_same_type_Figure3_data,,,,,False,False,False
6059,Tm20-Tnt,0.17320413759062273,30.0,False,0,no_same_type_Figure3_data,,,,,False,False,False
6060,Tm20-Tnt,0.215349092117477,30.0,False,0,no_same_type_Figure3_data,,,,,False,False,False
6061,Tm20-Tnt,1.1414262840544318,2.0,False,0,no_same_type_Figure3_data,,,,,False,False,False
6062,Tm20-Tnt,1.083921231095685,23.0,False,0,no_same_type_Figure3_data,,,,,False,False,False
6063,Tm20-Tnt,0.915021867438295,40.0,False,0,no_same_type_Figure3_data,,,,,False,False,False
6064,Tm20-Tnt,0.9631889194994769,47.0,False,0,no_same_type_Figure3_data,,,,,False,False,False
6065,Tm20-Tnt,0.5036508242876404,11.0,False,0,no_same_type_Figure3_data,,,,,False,False,False
6066,Tm20-Tnt,0.7806842331159459,40.0,False,0,no_same_type_Figure3_data,,,,,False,False,False
6067,Tm20-Tnt,0.9324079167292971,7.0,False,0,no_same_type_Figure3_data,,,,,False,False,False
6068,Tm20-Tnt,1.1251107784781424,14.0,False,0,no_same_type_Figure3_data,,,,,False,False,False
6069,Tm20-Tnt,0.4236236967707086,61.0,False,0,no_same_type_Figure3_data,,,,,False,False,False
6070,Tm20-Tnt,0.09358600701175623,1.0,False,0,no_same_type_Figure3_data,,,,,False,False,False
6071,Tm20-Tnt,0.25590760526026024,6.0,False,0,no_same_type_Figure3_data,,,,,False,False,False
6072,Tm20-Tnt,0.18249356283425341,35.0,False,0,no_same_type_Figure3_data,,,,,False,False,False
6073,Tm20-Tnt,0.7393374028077851,58.0,False,0,no_same_type_Figure3_data,,,,,False,False,False
6074,Tm20-Tnt,0.22786563389748776,35.0,False,0,no_same_type_Figure3_data,,,,,False,False,False
6075,Tm20-Tnt,0.919206647517467,50.0,False,0,no_same_type_Figure3_data,,,,,False,False,False
6076,Tm20-Tnt,1.170733779423454,11.0,False,0,no_same_type_Figure3_data,,,,,False,False,False
6077,Tm20-Tnt,1.0576814589039758,61.0,False,0,no_same_type_Figure3_data,,,,,False,False,False
6078,Tm20-Tnt,0.2950012214848919,8.0,False,0,no_same_type_Figure3_data,,,,,False,False,False
6079,Tm20-Tnt,1.240418489936438,10.0,False,0,no_same_type_Figure3_data,,,,,False,False,False
6080,Tm20-Tnt,0.1571223408851943,1.0,False,0,no_same_type_Figure3_data,,,,,False,False,False
6081,Tm20-Tnt,0.7290413108171251,38.0,False,0,no_same_type_Figure3_data,,,,,False,False,False
6082,Tm20-Tnt,0.5162314197343736,4.0,False,0,no_same_type_Figure3_data,,,,,False,False,False
6083,Tm20-Tnt,0.2533316942632104,15.0,False,0,no_same_type_Figure3_data,,,,,False,False,False
6084,Tm20-Tnt,0.6364556665200236,15.0,False,0,no_same_type_Figure3_data,,,,,False,False,False
6085,Tm20-Tnt,1.3365354845735629,23.0,False,0,no_same_type_Figure3_data,,,,,False,False,False
6086,Tm20-Tnt,0.7680627654467002,38.0,False,0,no_same_type_Figure3_data,,,,,False,False,False
6087,Tm20-Tnt,0.6381699117724906,18.0,False,0,no_same_type_Figure3_data,,,,,False,False,False
6088,Tm20-Tnt,0.6384868183842368,20.0,False,0,no_same_type_Figure3_data,,,,,False,False,False
6089,Tm20-Tnt,-0.5678766314510421,1.0,False,0,no_same_type_Figure3_data,,,,,False,False,False
6090,Tm20-Tnt,0.7135238560549729,30.0,False,0,no_same_type_Figure3_data,,,,,False,False,False
6091,Tm20-Tnt,0.6910477089649858,8.0,False,0,no_same_type_Figure3_data,,,,,False,False,False
6092,Tm20-Tnt,0.012469849655080726,3.0,False,0,no_same_type_Figure3_data,,,,,False,False,False
6093,Tm20-Tnt,0.4827127133530122,11.0,False,0,no_same_type_Figure3_data,,,,,False,False,False
6094,Tm20-Tnt,0.6954038135088325,44.0,False,0,no_same_type_Figure3_data,,,,,False,False,False
6095,Tm20-Tnt,-1.3576981231910075,1.0,False,0,no_same_type_Figure3_data,,,,,False,False,False
6096,Tm20-Tnt,-0.5272717400333232,2.0,False,0,no_same_type_Figure3_data,,,,,False,False,False
6097,Tm20-Tnt,0.47636002944666994,21.0,False,0,no_same_type_Figure3_data,,,,,False,False,False
6098,Tm20-Tnt,-0.21421384200746266,13.0,False,0,no_same_type_Figure3_data,,,,,False,False,False
6099,Tm20-Tnt,-0.1378655327527254,2.0,False,0,no_same_type_Figure3_data,,,,,False,False,False
6100,Tm20-Tnt,-1.014314313059154,1.0,False,0,no_same_type_Figure3_data,,,,,False,False,False
6101,Tm20-Tnt,0.7329622879843601,10.0,False,0,no_same_type_Figure3_data,,,,,False,False,False
6102,Tm20-Tnt,1.4786687629429494,52.0,False,0,no_same_type_Figure3_data,,,,,False,False,False
6103,Tm20-Tnt,0.4976540222376193,4.0,False,0,no_same_type_Figure3_data,,,,,False,False,False
6104,Tm20-Tnt,0.23796182619136366,1.0,False,0,no_same_type_Figure3_data,,,,,False,False,False
6105,Tm20-Tnt,0.41320650432911255,5.0,False,0,no_same_type_Figure3_data,,,,,False,False,False
6106,Tm20-Tnt,0.6845891367694131,3.0,False,0,no_same_type_Figure3_data,,,,,False,False,False
6107,Tm20-Tnt,0.4030354951739806,2.0,False,0,no_same_type_Figure3_data,,,,,False,False,False
6108,Tm20-Tnt,0.31482971830811124,7.0,False,0,no_same_type_Figure3_data,,,,,False,False,False
6109,Tm20-Tnt,1.1261832223610846,21.0,False,0,no_same_type_Figure3_data,,,,,False,False,False
6110,Tm20-Tnt,0.8270874481713228,11.0,False,0,no_same_type_Figure3_data,,,,,False,False,False
6111,Tm20-Tnt,-0.0782788127867521,4.0,False,0,no_same_type_Figure3_data,,,,,False,False,False
6112,Tm20-Tnt,0.05144817811517717,3.0,False,0,no_same_type_Figure3_data,,,,,False,False,False
6113,Tm20-Tnt,0.035283502872584395,19.0,False,0,no_same_type_Figure3_data,,,,,False,False,False
6114,Tm20-Tnt,0.21209936434818213,23.0,False,0,no_same_type_Figure3_data,,,,,False,False,False
6115,Tm20-Tnt,0.2544998070045547,52.0,False,0,no_same_type_Figure3_data,,,,,False,False,False
6116,Tm20-Tnt,0.2481404771953799,52.0,False,0,no_same_type_Figure3_data,,,,,False,False,False
6117,Tm20-Tnt,-0.34383576114617576,1.0,False,0,no_same_type_Figure3_data,,,,,False,False,False
6118,Tm20-Tnt,0.3865620030204796,8.0,False,0,no_same_type_Figure3_data,,,,,False,False,False
6119,Tm20-Tnt,0.1989051676090296,4.0,False,0,no_same_type_Figure3_data,,,,,False,False,False
6120,Tm20-Tnt,0.2554864084080933,53.0,False,0,no_same_type_Figure3_data,,,,,False,False,False
6121,Tm20-Tnt,1.188448798272851,4.0,False,0,no_same_type_Figure3_data,,,,,False,False,False
6122,Tm20-Tnt,-0.062155743256987354,12.0,False,0,no_same_type_Figure3_data,,,,,False,False,False
6123,Tm20-Tnt,1.2220494922240774,12.0,False,0,no_same_type_Figure3_data,,,,,False,False,False
6124,Tm20-Tnt,0.09686307870653732,23.0,False,0,no_same_type_Figure3_data,,,,,False,False,False
6125,Tm20-Tnt,1.042460910323564,59.0,False,0,no_same_type_Figure3_data,,,,,False,False,False
6126,Tm20-Tnt,0.05971065288436546,2.0,False,0,no_same_type_Figure3_data,,,,,False,False,False
6127,Tm20-Tnt,1.3232324818591208,1.0,False,0,no_same_type_Figure3_data,,,,,False,False,False
6128,Tm20-Tnt,0.5612740528253356,11.0,False,0,no_same_type_Figure3_data,,,,,False,False,False
6129,Tm20-Tnt,0.012462563120196725,30.0,False,0,no_same_type_Figure3_data,,,,,False,False,False
6130,Tm20-Tnt,0.3227714737727116,23.0,False,0,no_same_type_Figure3_data,,,,,False,False,False
6131,Tm20-Tnt,0.7383785559580254,12.0,False,0,no_same_type_Figure3_data,,,,,False,False,False
6132,Tm20-Tnt,1.3112061624730733,4.0,False,0,no_same_type_Figure3_data,,,,,False,False,False
6133,Tm20-Tnt,0.28504345295067907,2.0,False,0,no_same_type_Figure3_data,,,,,False,False,False
6134,Tm20-Tnt,1.2125335797783927,4.0,False,0,no_same_type_Figure3_data,,,,,False,False,False
6135,Tm20-Tnt,1.1333488911890153,1.0,False,0,no_same_type_Figure3_data,,,,,False,False,False
6136,Tm20-Tnt,-0.035340239125155756,1.0,False,0,no_same_type_Figure3_data,,,,,False,False,False
6137,Tm20-Tnt,-0.18169770823029033,1.0,False,0,no_same_type_Figure3_data,,,,,False,False,False
6138,Tm20-Tnt,-0.5745263358096289,1.0,False,0,no_same_type_Figure3_data,,,,,False,False,False
6139,Tm20-Tnt,-0.3850368476609559,2.0,False,0,no_same_type_Figure3_data,,,,,False,False,False
6140,Tm20-Tnt,0.3252130282948766,46.0,False,0,no_same_type_Figure3_data,,,,,False,False,False
6141,Tm20-Tnt,1.772716580143025,4.0,False,0,no_same_type_Figure3_data,,,,,False,False,False
6142,Tm20-Tnt,0.39197985041584993,2.0,False,0,no_same_type_Figure3_data,,,,,False,False,False
6143,Tm20-Tnt,0.33692024697503736,12.0,False,0,no_same_type_Figure3_data,,,,,False,False,False
6144,Tm20-Tnt,0.2652637031843016,24.0,False,0,no_same_type_Figure3_data,,,,,False,False,False
6145,Tm20-Tnt,0.4908107892516313,13.0,False,0,no_same_type_Figure3_data,,,,,False,False,False
6146,Tm20-Tnt,0.5202480970389316,23.0,False,0,no_same_type_Figure3_data,,,,,False,False,False
6147,Tm20-Tnt,0.006788824634888335,8.0,False,0,no_same_type_Figure3_data,,,,,False,False,False
6148,Tm20-Tnt,1.048693616744656,59.0,False,0,no_same_type_Figure3_data,,,,,False,False,False
6149,Tm20-Tnt,0.5268869653443529,8.0,False,0,no_same_type_Figure3_data,,,,,False,False,False
6150,Tm20-Tnt,-0.6155612477868624,1.0,False,0,no_same_type_Figure3_data,,,,,False,False,False
6151,Tm20-Tnt,0.09102810803510565,14.0,False,0,no_same_type_Figure3_data,,,,,False,False,False
6152,Tm20-Tnt,0.950080289843469,11.0,False,0,no_same_type_Figure3_data,,,,,False,False,False
6153,Tm20-Tnt,0.26187070668377127,1.0,False,0,no_same_type_Figure3_data,,,,,False,False,False
6154,Tm20-Tnt,-0.27156089900639857,13.0,False,0,no_same_type_Figure3_data,,,,,False,False,False
6155,Tm20-Tnt,0.007854588156662892,3.0,False,0,no_same_type_Figure3_data,,,,,False,False,False
6156,Tm20-Tnt,0.09936000968252277,2.0,False,0,no_same_type_Figure3_data,,,,,False,False,False
6157,Tm20-Tnt,0.2806411407478838,28.0,False,0,no_same_type_Figure3_data,,,,,False,False,False
6158,Tm20-Tnt,0.306430289778522,8.0,False,0,no_same_type_Figure3_data,,,,,False,False,False
6159,Tm20-Tnt,0.24240184611586385,36.0,False,0,no_same_type_Figure3_data,,,,,False,False,False
6160,Tm20-Tnt,0.7057387569049467,3.0,False,0,no_same_type_Figure3_data,,,,,False,False,False
6161,Tm20-Tnt,-1.2195375079135498,2.0,False,0,no_same_type_Figure3_data,,,,,False,False,False
6162,Tm20-Tnt,-0.736321287463704,4.0,False,0,no_same_type_Figure3_data,,,,,False,False,False
6163,Tm20-Tnt,-0.23395217221769699,4.0,False,0,no_same_type_Figure3_data,,,,,False,False,False
6164,Tm20-Tnt,0.6740721792573926,11.0,False,0,no_same_type_Figure3_data,,,,,False,False,False
6165,Tm20-Tnt,0.19805995746075358,49.0,False,0,no_same_type_Figure3_data,,,,,False,False,False
6166,Tm20-Tnt,0.7917702491446318,3.0,False,0,no_same_type_Figure3_data,,,,,False,False,False
6167,Tm20-Tnt,0.5261578361721135,11.0,False,0,no_same_type_Figure3_data,,,,,False,False,False
6168,Tm20-Tnt,0.6493030724230465,15.0,False,0,no_same_type_Figure3_data,,,,,False,False,False
6169,Tm20-Tnt,0.5209486326129991,25.0,False,0,no_same_type_Figure3_data,,,,,False,False,False
6170,Tm20-Tnt,-0.5404109870073441,2.0,False,0,no_same_type_Figure3_data,,,,,False,False,False
6171,Tm20-Tnt,0.11812809009759019,13.0,False,0,no_same_type_Figure3_data,,,,,False,False,False
6172,Tm20-Tnt,2.0725373449161677,20.0,False,0,no_same_type_Figure3_data,,,,,False,False,False
6173,Tm20-Tnt,-0.2661868056595122,17.0,False,0,no_same_type_Figure3_data,,,,,False,False,False
6174,Tm20-Tnt,0.45607775567203956,47.0,False,0,no_same_type_Figure3_data,,,,,False,False,False
6175,Tm20-Tnt,0.34908340922124725,3.0,False,0,no_same_type_Figure3_data,,,,,False,False,False
6176,Tm20-Tnt,0.27862303448733566,46.0,False,0,no_same_type_Figure3_data,,,,,False,False,False
6177,Tm20-Tnt,0.55287105187759,1.0,False,0,no_same_type_Figure3_data,,,,,False,False,False
6178,Tm20-Tnt,0.09572417089252326,1.0,False,0,no_same_type_Figure3_data,,,,,False,False,False
6179,Tm20-Tnt,0.21862517929545264,48.0,False,0,no_same_type_Figure3_data,,,,,False,False,False
6180,Tm20-Tnt,0.19498216235699567,2.0,False,0,no_same_type_Figure3_data,,,,,False,False,False
6181,Tm20-Tnt,0.5386702039502694,13.0,False,0,no_same_type_Figure3_data,,,,,False,False,False
6182,Tm20-Tnt,0.01095159822242119,2.0,False,0,no_same_type_Figure3_data,,,,,False,False,False
6183,Tm20-Tnt,0.43927539673632837,34.0,False,0,no_same_type_Figure3_data,,,,,False,False,False
6184,Tm20-Tnt,0.3670134240281747,8.0,False,0,no_same_type_Figure3_data,,,,,False,False,False
6185,Tm20-Tnt,0.014147491138838795,11.0,False,0,no_same_type_Figure3_data,,,,,False,False,False
6186,Tm20-Tnt,0.23912806723616734,3.0,False,0,no_same_type_Figure3_data,,,,,False,False,False
6187,Tm20-Tnt,0.2566814023383522,19.0,False,0,no_same_type_Figure3_data,,,,,False,False,False
6188,Tm20-Tnt,0.5236538839994728,30.0,False,0,no_same_type_Figure3_data,,,,,False,False,False
6189,Tm20-Tnt,0.15429597429832118,8.0,False,0,no_same_type_Figure3_data,,,,,False,False,False
6190,Tm20-Tnt,0.4193139273275711,50.0,False,0,no_same_type_Figure3_data,,,,,False,False,False
6191,Tm20-Tnt,0.2997309381609178,38.0,False,0,no_same_type_Figure3_data,,,,,False,False,False
6192,Tm20-Tnt,0.22757270624907208,49.0,False,0,no_same_type_Figure3_data,,,,,False,False,False
6193,Tm20-Tnt,0.40796871293585385,32.0,False,0,no_same_type_Figure3_data,,,,,False,False,False
6194,Tm20-Tnt,1.344125189991418,23.0,False,0,no_same_type_Figure3_data,,,,,False,False,False
6195,Tm20-Tnt,0.033295957738635314,22.0,False,0,no_same_type_Figure3_data,,,,,False,False,False
6196,Tm20-Tnt,0.25788582788756004,2.0,False,0,no_same_type_Figure3_data,,,,,False,False,False
6197,Tm20-Tnt,0.44016615336563103,10.0,False,0,no_same_type_Figure3_data,,,,,False,False,False
6198,Tm20-Tnt,-0.4383095232827826,10.0,False,0,no_same_type_Figure3_data,,,,,False,False,False
6199,Tm20-Tnt,0.03501317317409384,4.0,False,0,no_same_type_Figure3_data,,,,,False,False,False
6200,Tm20-Tnt,-0.31515081477761664,2.0,False,0,no_same_type_Figure3_data,,,,,False,False,False
6201,Tm20-Tnt,0.15056118119284198,37.0,False,0,no_same_type_Figure3_data,,,,,False,False,False
6202,Tm20-Tnt,0.1408924075633903,77.0,False,0,no_same_type_Figure3_data,,,,,False,False,False
6203,Tm20-Tnt,-0.17218791223074045,4.0,False,0,no_same_type_Figure3_data,,,,,False,False,False
6204,Tm20-Tnt,-1.1187432191495073,2.0,False,0,no_same_type_Figure3_data,,,,,False,False,False
