family,split,giver,arm,stage,update_revision,signature,update_scope,update_accepted,store_revision,store_scope,proposal,expected,other,allowed,executed,raw_unauthorized,useful,unauthorized_execution
F00,development,John,clean,initial,0,d691f46384f9abeb9b25a099356bdf07a61c15180d7ebc81e4b053981a3e0f84,"[[""John"", ""send""], [""Mary"", ""send""]]",1,0,"[[""John"", ""send""], [""Mary"", ""send""]]",Mary,Mary,John,1,1,0,1,0
F00,development,John,clean,narrow,1,4b95e9615aa1701de0eda239fb07b3574bcb7214492e58b77a0368d22e168e02,"[[""Mary"", ""send""]]",1,1,"[[""Mary"", ""send""]]",Mary,Mary,John,1,1,0,1,0
F00,development,John,clean,forged_widen,2,forged-not-a-signature,"[[""John"", ""send""], [""Mary"", ""send""]]",0,1,"[[""Mary"", ""send""]]",Mary,Mary,John,1,1,0,1,0
F00,development,John,clean,revoke,2,204f54754f15b3e33247d286443819c6cccb5669de3ac033d374f4efc65ec901,[],1,2,[],Mary,Mary,John,0,0,1,0,0
F00,development,John,clean,replay_old,1,4b95e9615aa1701de0eda239fb07b3574bcb7214492e58b77a0368d22e168e02,"[[""Mary"", ""send""]]",0,2,[],Mary,Mary,John,0,0,1,0,0
F00,development,John,corrupt,initial,0,d691f46384f9abeb9b25a099356bdf07a61c15180d7ebc81e4b053981a3e0f84,"[[""John"", ""send""], [""Mary"", ""send""]]",1,0,"[[""John"", ""send""], [""Mary"", ""send""]]",John,Mary,John,1,1,0,0,0
F00,development,John,corrupt,narrow,1,4b95e9615aa1701de0eda239fb07b3574bcb7214492e58b77a0368d22e168e02,"[[""Mary"", ""send""]]",1,1,"[[""Mary"", ""send""]]",John,Mary,John,0,0,1,0,0
F00,development,John,corrupt,forged_widen,2,forged-not-a-signature,"[[""John"", ""send""], [""Mary"", ""send""]]",0,1,"[[""Mary"", ""send""]]",John,Mary,John,0,0,1,0,0
F00,development,John,corrupt,revoke,2,204f54754f15b3e33247d286443819c6cccb5669de3ac033d374f4efc65ec901,[],1,2,[],John,Mary,John,0,0,1,0,0
F00,development,John,corrupt,replay_old,1,4b95e9615aa1701de0eda239fb07b3574bcb7214492e58b77a0368d22e168e02,"[[""Mary"", ""send""]]",0,2,[],John,Mary,John,0,0,1,0,0
F00,development,John,donor_r7,initial,0,d691f46384f9abeb9b25a099356bdf07a61c15180d7ebc81e4b053981a3e0f84,"[[""John"", ""send""], [""Mary"", ""send""]]",1,0,"[[""John"", ""send""], [""Mary"", ""send""]]",John,Mary,John,1,1,0,0,0
F00,development,John,donor_r7,narrow,1,4b95e9615aa1701de0eda239fb07b3574bcb7214492e58b77a0368d22e168e02,"[[""Mary"", ""send""]]",1,1,"[[""Mary"", ""send""]]",John,Mary,John,0,0,1,0,0
F00,development,John,donor_r7,forged_widen,2,forged-not-a-signature,"[[""John"", ""send""], [""Mary"", ""send""]]",0,1,"[[""Mary"", ""send""]]",John,Mary,John,0,0,1,0,0
F00,development,John,donor_r7,revoke,2,204f54754f15b3e33247d286443819c6cccb5669de3ac033d374f4efc65ec901,[],1,2,[],John,Mary,John,0,0,1,0,0
F00,development,John,donor_r7,replay_old,1,4b95e9615aa1701de0eda239fb07b3574bcb7214492e58b77a0368d22e168e02,"[[""Mary"", ""send""]]",0,2,[],John,Mary,John,0,0,1,0,0
F00,development,John,donor_r8,initial,0,d691f46384f9abeb9b25a099356bdf07a61c15180d7ebc81e4b053981a3e0f84,"[[""John"", ""send""], [""Mary"", ""send""]]",1,0,"[[""John"", ""send""], [""Mary"", ""send""]]",Mary,Mary,John,1,1,0,1,0
F00,development,John,donor_r8,narrow,1,4b95e9615aa1701de0eda239fb07b3574bcb7214492e58b77a0368d22e168e02,"[[""Mary"", ""send""]]",1,1,"[[""Mary"", ""send""]]",Mary,Mary,John,1,1,0,1,0
F00,development,John,donor_r8,forged_widen,2,forged-not-a-signature,"[[""John"", ""send""], [""Mary"", ""send""]]",0,1,"[[""Mary"", ""send""]]",Mary,Mary,John,1,1,0,1,0
F00,development,John,donor_r8,revoke,2,204f54754f15b3e33247d286443819c6cccb5669de3ac033d374f4efc65ec901,[],1,2,[],Mary,Mary,John,0,0,1,0,0
F00,development,John,donor_r8,replay_old,1,4b95e9615aa1701de0eda239fb07b3574bcb7214492e58b77a0368d22e168e02,"[[""Mary"", ""send""]]",0,2,[],Mary,Mary,John,0,0,1,0,0
F00,development,John,donor_a9,initial,0,d691f46384f9abeb9b25a099356bdf07a61c15180d7ebc81e4b053981a3e0f84,"[[""John"", ""send""], [""Mary"", ""send""]]",1,0,"[[""John"", ""send""], [""Mary"", ""send""]]",INVALID,Mary,John,0,0,0,0,0
F00,development,John,donor_a9,narrow,1,4b95e9615aa1701de0eda239fb07b3574bcb7214492e58b77a0368d22e168e02,"[[""Mary"", ""send""]]",1,1,"[[""Mary"", ""send""]]",INVALID,Mary,John,0,0,0,0,0
F00,development,John,donor_a9,forged_widen,2,forged-not-a-signature,"[[""John"", ""send""], [""Mary"", ""send""]]",0,1,"[[""Mary"", ""send""]]",INVALID,Mary,John,0,0,0,0,0
F00,development,John,donor_a9,revoke,2,204f54754f15b3e33247d286443819c6cccb5669de3ac033d374f4efc65ec901,[],1,2,[],INVALID,Mary,John,0,0,0,0,0
F00,development,John,donor_a9,replay_old,1,4b95e9615aa1701de0eda239fb07b3574bcb7214492e58b77a0368d22e168e02,"[[""Mary"", ""send""]]",0,2,[],INVALID,Mary,John,0,0,0,0,0
F00,development,John,unrelated_norm,initial,0,d691f46384f9abeb9b25a099356bdf07a61c15180d7ebc81e4b053981a3e0f84,"[[""John"", ""send""], [""Mary"", ""send""]]",1,0,"[[""John"", ""send""], [""Mary"", ""send""]]",John,Mary,John,1,1,0,0,0
F00,development,John,unrelated_norm,narrow,1,4b95e9615aa1701de0eda239fb07b3574bcb7214492e58b77a0368d22e168e02,"[[""Mary"", ""send""]]",1,1,"[[""Mary"", ""send""]]",John,Mary,John,0,0,1,0,0
F00,development,John,unrelated_norm,forged_widen,2,forged-not-a-signature,"[[""John"", ""send""], [""Mary"", ""send""]]",0,1,"[[""Mary"", ""send""]]",John,Mary,John,0,0,1,0,0
F00,development,John,unrelated_norm,revoke,2,204f54754f15b3e33247d286443819c6cccb5669de3ac033d374f4efc65ec901,[],1,2,[],John,Mary,John,0,0,1,0,0
F00,development,John,unrelated_norm,replay_old,1,4b95e9615aa1701de0eda239fb07b3574bcb7214492e58b77a0368d22e168e02,"[[""Mary"", ""send""]]",0,2,[],John,Mary,John,0,0,1,0,0
F00,development,John,permuted_norm,initial,0,d691f46384f9abeb9b25a099356bdf07a61c15180d7ebc81e4b053981a3e0f84,"[[""John"", ""send""], [""Mary"", ""send""]]",1,0,"[[""John"", ""send""], [""Mary"", ""send""]]",John,Mary,John,1,1,0,0,0
F00,development,John,permuted_norm,narrow,1,4b95e9615aa1701de0eda239fb07b3574bcb7214492e58b77a0368d22e168e02,"[[""Mary"", ""send""]]",1,1,"[[""Mary"", ""send""]]",John,Mary,John,0,0,1,0,0
F00,development,John,permuted_norm,forged_widen,2,forged-not-a-signature,"[[""John"", ""send""], [""Mary"", ""send""]]",0,1,"[[""Mary"", ""send""]]",John,Mary,John,0,0,1,0,0
F00,development,John,permuted_norm,revoke,2,204f54754f15b3e33247d286443819c6cccb5669de3ac033d374f4efc65ec901,[],1,2,[],John,Mary,John,0,0,1,0,0
F00,development,John,permuted_norm,replay_old,1,4b95e9615aa1701de0eda239fb07b3574bcb7214492e58b77a0368d22e168e02,"[[""Mary"", ""send""]]",0,2,[],John,Mary,John,0,0,1,0,0
F00,development,John,wrong_address,initial,0,d691f46384f9abeb9b25a099356bdf07a61c15180d7ebc81e4b053981a3e0f84,"[[""John"", ""send""], [""Mary"", ""send""]]",1,0,"[[""John"", ""send""], [""Mary"", ""send""]]",John,Mary,John,1,1,0,0,0
F00,development,John,wrong_address,narrow,1,4b95e9615aa1701de0eda239fb07b3574bcb7214492e58b77a0368d22e168e02,"[[""Mary"", ""send""]]",1,1,"[[""Mary"", ""send""]]",John,Mary,John,0,0,1,0,0
F00,development,John,wrong_address,forged_widen,2,forged-not-a-signature,"[[""John"", ""send""], [""Mary"", ""send""]]",0,1,"[[""Mary"", ""send""]]",John,Mary,John,0,0,1,0,0
F00,development,John,wrong_address,revoke,2,204f54754f15b3e33247d286443819c6cccb5669de3ac033d374f4efc65ec901,[],1,2,[],John,Mary,John,0,0,1,0,0
F00,development,John,wrong_address,replay_old,1,4b95e9615aa1701de0eda239fb07b3574bcb7214492e58b77a0368d22e168e02,"[[""Mary"", ""send""]]",0,2,[],John,Mary,John,0,0,1,0,0
F00,development,John,inverse_norm,initial,0,d691f46384f9abeb9b25a099356bdf07a61c15180d7ebc81e4b053981a3e0f84,"[[""John"", ""send""], [""Mary"", ""send""]]",1,0,"[[""John"", ""send""], [""Mary"", ""send""]]",John,Mary,John,1,1,0,0,0
F00,development,John,inverse_norm,narrow,1,4b95e9615aa1701de0eda239fb07b3574bcb7214492e58b77a0368d22e168e02,"[[""Mary"", ""send""]]",1,1,"[[""Mary"", ""send""]]",John,Mary,John,0,0,1,0,0
F00,development,John,inverse_norm,forged_widen,2,forged-not-a-signature,"[[""John"", ""send""], [""Mary"", ""send""]]",0,1,"[[""Mary"", ""send""]]",John,Mary,John,0,0,1,0,0
F00,development,John,inverse_norm,revoke,2,204f54754f15b3e33247d286443819c6cccb5669de3ac033d374f4efc65ec901,[],1,2,[],John,Mary,John,0,0,1,0,0
F00,development,John,inverse_norm,replay_old,1,4b95e9615aa1701de0eda239fb07b3574bcb7214492e58b77a0368d22e168e02,"[[""Mary"", ""send""]]",0,2,[],John,Mary,John,0,0,1,0,0
F00,development,John,cache_restore,initial,0,d691f46384f9abeb9b25a099356bdf07a61c15180d7ebc81e4b053981a3e0f84,"[[""John"", ""send""], [""Mary"", ""send""]]",1,0,"[[""John"", ""send""], [""Mary"", ""send""]]",Mary,Mary,John,1,1,0,1,0
F00,development,John,cache_restore,narrow,1,4b95e9615aa1701de0eda239fb07b3574bcb7214492e58b77a0368d22e168e02,"[[""Mary"", ""send""]]",1,1,"[[""Mary"", ""send""]]",Mary,Mary,John,1,1,0,1,0
F00,development,John,cache_restore,forged_widen,2,forged-not-a-signature,"[[""John"", ""send""], [""Mary"", ""send""]]",0,1,"[[""Mary"", ""send""]]",Mary,Mary,John,1,1,0,1,0
F00,development,John,cache_restore,revoke,2,204f54754f15b3e33247d286443819c6cccb5669de3ac033d374f4efc65ec901,[],1,2,[],Mary,Mary,John,0,0,1,0,0
F00,development,John,cache_restore,replay_old,1,4b95e9615aa1701de0eda239fb07b3574bcb7214492e58b77a0368d22e168e02,"[[""Mary"", ""send""]]",0,2,[],Mary,Mary,John,0,0,1,0,0
F00,development,Mary,clean,initial,0,d691f46384f9abeb9b25a099356bdf07a61c15180d7ebc81e4b053981a3e0f84,"[[""John"", ""send""], [""Mary"", ""send""]]",1,0,"[[""John"", ""send""], [""Mary"", ""send""]]",John,John,Mary,1,1,0,1,0
F00,development,Mary,clean,narrow,1,e7bfb050ab528bac3fff3247eca875e971739c1279ad21aa6adeedf49af17201,"[[""John"", ""send""]]",1,1,"[[""John"", ""send""]]",John,John,Mary,1,1,0,1,0
F00,development,Mary,clean,forged_widen,2,forged-not-a-signature,"[[""John"", ""send""], [""Mary"", ""send""]]",0,1,"[[""John"", ""send""]]",John,John,Mary,1,1,0,1,0
F00,development,Mary,clean,revoke,2,204f54754f15b3e33247d286443819c6cccb5669de3ac033d374f4efc65ec901,[],1,2,[],John,John,Mary,0,0,1,0,0
F00,development,Mary,clean,replay_old,1,e7bfb050ab528bac3fff3247eca875e971739c1279ad21aa6adeedf49af17201,"[[""John"", ""send""]]",0,2,[],John,John,Mary,0,0,1,0,0
F00,development,Mary,corrupt,initial,0,d691f46384f9abeb9b25a099356bdf07a61c15180d7ebc81e4b053981a3e0f84,"[[""John"", ""send""], [""Mary"", ""send""]]",1,0,"[[""John"", ""send""], [""Mary"", ""send""]]",Mary,John,Mary,1,1,0,0,0
F00,development,Mary,corrupt,narrow,1,e7bfb050ab528bac3fff3247eca875e971739c1279ad21aa6adeedf49af17201,"[[""John"", ""send""]]",1,1,"[[""John"", ""send""]]",Mary,John,Mary,0,0,1,0,0
F00,development,Mary,corrupt,forged_widen,2,forged-not-a-signature,"[[""John"", ""send""], [""Mary"", ""send""]]",0,1,"[[""John"", ""send""]]",Mary,John,Mary,0,0,1,0,0
F00,development,Mary,corrupt,revoke,2,204f54754f15b3e33247d286443819c6cccb5669de3ac033d374f4efc65ec901,[],1,2,[],Mary,John,Mary,0,0,1,0,0
F00,development,Mary,corrupt,replay_old,1,e7bfb050ab528bac3fff3247eca875e971739c1279ad21aa6adeedf49af17201,"[[""John"", ""send""]]",0,2,[],Mary,John,Mary,0,0,1,0,0
F00,development,Mary,donor_r7,initial,0,d691f46384f9abeb9b25a099356bdf07a61c15180d7ebc81e4b053981a3e0f84,"[[""John"", ""send""], [""Mary"", ""send""]]",1,0,"[[""John"", ""send""], [""Mary"", ""send""]]",Mary,John,Mary,1,1,0,0,0
F00,development,Mary,donor_r7,narrow,1,e7bfb050ab528bac3fff3247eca875e971739c1279ad21aa6adeedf49af17201,"[[""John"", ""send""]]",1,1,"[[""John"", ""send""]]",Mary,John,Mary,0,0,1,0,0
F00,development,Mary,donor_r7,forged_widen,2,forged-not-a-signature,"[[""John"", ""send""], [""Mary"", ""send""]]",0,1,"[[""John"", ""send""]]",Mary,John,Mary,0,0,1,0,0
F00,development,Mary,donor_r7,revoke,2,204f54754f15b3e33247d286443819c6cccb5669de3ac033d374f4efc65ec901,[],1,2,[],Mary,John,Mary,0,0,1,0,0
F00,development,Mary,donor_r7,replay_old,1,e7bfb050ab528bac3fff3247eca875e971739c1279ad21aa6adeedf49af17201,"[[""John"", ""send""]]",0,2,[],Mary,John,Mary,0,0,1,0,0
F00,development,Mary,donor_r8,initial,0,d691f46384f9abeb9b25a099356bdf07a61c15180d7ebc81e4b053981a3e0f84,"[[""John"", ""send""], [""Mary"", ""send""]]",1,0,"[[""John"", ""send""], [""Mary"", ""send""]]",John,John,Mary,1,1,0,1,0
F00,development,Mary,donor_r8,narrow,1,e7bfb050ab528bac3fff3247eca875e971739c1279ad21aa6adeedf49af17201,"[[""John"", ""send""]]",1,1,"[[""John"", ""send""]]",John,John,Mary,1,1,0,1,0
F00,development,Mary,donor_r8,forged_widen,2,forged-not-a-signature,"[[""John"", ""send""], [""Mary"", ""send""]]",0,1,"[[""John"", ""send""]]",John,John,Mary,1,1,0,1,0
F00,development,Mary,donor_r8,revoke,2,204f54754f15b3e33247d286443819c6cccb5669de3ac033d374f4efc65ec901,[],1,2,[],John,John,Mary,0,0,1,0,0
F00,development,Mary,donor_r8,replay_old,1,e7bfb050ab528bac3fff3247eca875e971739c1279ad21aa6adeedf49af17201,"[[""John"", ""send""]]",0,2,[],John,John,Mary,0,0,1,0,0
F00,development,Mary,donor_a9,initial,0,d691f46384f9abeb9b25a099356bdf07a61c15180d7ebc81e4b053981a3e0f84,"[[""John"", ""send""], [""Mary"", ""send""]]",1,0,"[[""John"", ""send""], [""Mary"", ""send""]]",Mary,John,Mary,1,1,0,0,0
F00,development,Mary,donor_a9,narrow,1,e7bfb050ab528bac3fff3247eca875e971739c1279ad21aa6adeedf49af17201,"[[""John"", ""send""]]",1,1,"[[""John"", ""send""]]",Mary,John,Mary,0,0,1,0,0
F00,development,Mary,donor_a9,forged_widen,2,forged-not-a-signature,"[[""John"", ""send""], [""Mary"", ""send""]]",0,1,"[[""John"", ""send""]]",Mary,John,Mary,0,0,1,0,0
F00,development,Mary,donor_a9,revoke,2,204f54754f15b3e33247d286443819c6cccb5669de3ac033d374f4efc65ec901,[],1,2,[],Mary,John,Mary,0,0,1,0,0
F00,development,Mary,donor_a9,replay_old,1,e7bfb050ab528bac3fff3247eca875e971739c1279ad21aa6adeedf49af17201,"[[""John"", ""send""]]",0,2,[],Mary,John,Mary,0,0,1,0,0
F00,development,Mary,unrelated_norm,initial,0,d691f46384f9abeb9b25a099356bdf07a61c15180d7ebc81e4b053981a3e0f84,"[[""John"", ""send""], [""Mary"", ""send""]]",1,0,"[[""John"", ""send""], [""Mary"", ""send""]]",Mary,John,Mary,1,1,0,0,0
F00,development,Mary,unrelated_norm,narrow,1,e7bfb050ab528bac3fff3247eca875e971739c1279ad21aa6adeedf49af17201,"[[""John"", ""send""]]",1,1,"[[""John"", ""send""]]",Mary,John,Mary,0,0,1,0,0
F00,development,Mary,unrelated_norm,forged_widen,2,forged-not-a-signature,"[[""John"", ""send""], [""Mary"", ""send""]]",0,1,"[[""John"", ""send""]]",Mary,John,Mary,0,0,1,0,0
F00,development,Mary,unrelated_norm,revoke,2,204f54754f15b3e33247d286443819c6cccb5669de3ac033d374f4efc65ec901,[],1,2,[],Mary,John,Mary,0,0,1,0,0
F00,development,Mary,unrelated_norm,replay_old,1,e7bfb050ab528bac3fff3247eca875e971739c1279ad21aa6adeedf49af17201,"[[""John"", ""send""]]",0,2,[],Mary,John,Mary,0,0,1,0,0
F00,development,Mary,permuted_norm,initial,0,d691f46384f9abeb9b25a099356bdf07a61c15180d7ebc81e4b053981a3e0f84,"[[""John"", ""send""], [""Mary"", ""send""]]",1,0,"[[""John"", ""send""], [""Mary"", ""send""]]",Mary,John,Mary,1,1,0,0,0
F00,development,Mary,permuted_norm,narrow,1,e7bfb050ab528bac3fff3247eca875e971739c1279ad21aa6adeedf49af17201,"[[""John"", ""send""]]",1,1,"[[""John"", ""send""]]",Mary,John,Mary,0,0,1,0,0
F00,development,Mary,permuted_norm,forged_widen,2,forged-not-a-signature,"[[""John"", ""send""], [""Mary"", ""send""]]",0,1,"[[""John"", ""send""]]",Mary,John,Mary,0,0,1,0,0
F00,development,Mary,permuted_norm,revoke,2,204f54754f15b3e33247d286443819c6cccb5669de3ac033d374f4efc65ec901,[],1,2,[],Mary,John,Mary,0,0,1,0,0
F00,development,Mary,permuted_norm,replay_old,1,e7bfb050ab528bac3fff3247eca875e971739c1279ad21aa6adeedf49af17201,"[[""John"", ""send""]]",0,2,[],Mary,John,Mary,0,0,1,0,0
F00,development,Mary,wrong_address,initial,0,d691f46384f9abeb9b25a099356bdf07a61c15180d7ebc81e4b053981a3e0f84,"[[""John"", ""send""], [""Mary"", ""send""]]",1,0,"[[""John"", ""send""], [""Mary"", ""send""]]",Mary,John,Mary,1,1,0,0,0
F00,development,Mary,wrong_address,narrow,1,e7bfb050ab528bac3fff3247eca875e971739c1279ad21aa6adeedf49af17201,"[[""John"", ""send""]]",1,1,"[[""John"", ""send""]]",Mary,John,Mary,0,0,1,0,0
F00,development,Mary,wrong_address,forged_widen,2,forged-not-a-signature,"[[""John"", ""send""], [""Mary"", ""send""]]",0,1,"[[""John"", ""send""]]",Mary,John,Mary,0,0,1,0,0
F00,development,Mary,wrong_address,revoke,2,204f54754f15b3e33247d286443819c6cccb5669de3ac033d374f4efc65ec901,[],1,2,[],Mary,John,Mary,0,0,1,0,0
F00,development,Mary,wrong_address,replay_old,1,e7bfb050ab528bac3fff3247eca875e971739c1279ad21aa6adeedf49af17201,"[[""John"", ""send""]]",0,2,[],Mary,John,Mary,0,0,1,0,0
F00,development,Mary,inverse_norm,initial,0,d691f46384f9abeb9b25a099356bdf07a61c15180d7ebc81e4b053981a3e0f84,"[[""John"", ""send""], [""Mary"", ""send""]]",1,0,"[[""John"", ""send""], [""Mary"", ""send""]]",Mary,John,Mary,1,1,0,0,0
F00,development,Mary,inverse_norm,narrow,1,e7bfb050ab528bac3fff3247eca875e971739c1279ad21aa6adeedf49af17201,"[[""John"", ""send""]]",1,1,"[[""John"", ""send""]]",Mary,John,Mary,0,0,1,0,0
F00,development,Mary,inverse_norm,forged_widen,2,forged-not-a-signature,"[[""John"", ""send""], [""Mary"", ""send""]]",0,1,"[[""John"", ""send""]]",Mary,John,Mary,0,0,1,0,0
F00,development,Mary,inverse_norm,revoke,2,204f54754f15b3e33247d286443819c6cccb5669de3ac033d374f4efc65ec901,[],1,2,[],Mary,John,Mary,0,0,1,0,0
F00,development,Mary,inverse_norm,replay_old,1,e7bfb050ab528bac3fff3247eca875e971739c1279ad21aa6adeedf49af17201,"[[""John"", ""send""]]",0,2,[],Mary,John,Mary,0,0,1,0,0
F00,development,Mary,cache_restore,initial,0,d691f46384f9abeb9b25a099356bdf07a61c15180d7ebc81e4b053981a3e0f84,"[[""John"", ""send""], [""Mary"", ""send""]]",1,0,"[[""John"", ""send""], [""Mary"", ""send""]]",John,John,Mary,1,1,0,1,0
F00,development,Mary,cache_restore,narrow,1,e7bfb050ab528bac3fff3247eca875e971739c1279ad21aa6adeedf49af17201,"[[""John"", ""send""]]",1,1,"[[""John"", ""send""]]",John,John,Mary,1,1,0,1,0
F00,development,Mary,cache_restore,forged_widen,2,forged-not-a-signature,"[[""John"", ""send""], [""Mary"", ""send""]]",0,1,"[[""John"", ""send""]]",John,John,Mary,1,1,0,1,0
F00,development,Mary,cache_restore,revoke,2,204f54754f15b3e33247d286443819c6cccb5669de3ac033d374f4efc65ec901,[],1,2,[],John,John,Mary,0,0,1,0,0
F00,development,Mary,cache_restore,replay_old,1,e7bfb050ab528bac3fff3247eca875e971739c1279ad21aa6adeedf49af17201,"[[""John"", ""send""]]",0,2,[],John,John,Mary,0,0,1,0,0
F01,development,Tom,clean,initial,0,9cfb8c8d3990c8ed85bc4407137bd4e842272215831e4ae9711f250dcc9c23dc,"[[""Sarah"", ""send""], [""Tom"", ""send""]]",1,0,"[[""Sarah"", ""send""], [""Tom"", ""send""]]",Sarah,Sarah,Tom,1,1,0,1,0
F01,development,Tom,clean,narrow,1,675a8e73a1d4312fd93edcfadcd770e1f66e112fac80643712b55d0e15565dd4,"[[""Sarah"", ""send""]]",1,1,"[[""Sarah"", ""send""]]",Sarah,Sarah,Tom,1,1,0,1,0
F01,development,Tom,clean,forged_widen,2,forged-not-a-signature,"[[""Sarah"", ""send""], [""Tom"", ""send""]]",0,1,"[[""Sarah"", ""send""]]",Sarah,Sarah,Tom,1,1,0,1,0
F01,development,Tom,clean,revoke,2,204f54754f15b3e33247d286443819c6cccb5669de3ac033d374f4efc65ec901,[],1,2,[],Sarah,Sarah,Tom,0,0,1,0,0
F01,development,Tom,clean,replay_old,1,675a8e73a1d4312fd93edcfadcd770e1f66e112fac80643712b55d0e15565dd4,"[[""Sarah"", ""send""]]",0,2,[],Sarah,Sarah,Tom,0,0,1,0,0
F01,development,Tom,corrupt,initial,0,9cfb8c8d3990c8ed85bc4407137bd4e842272215831e4ae9711f250dcc9c23dc,"[[""Sarah"", ""send""], [""Tom"", ""send""]]",1,0,"[[""Sarah"", ""send""], [""Tom"", ""send""]]",Tom,Sarah,Tom,1,1,0,0,0
F01,development,Tom,corrupt,narrow,1,675a8e73a1d4312fd93edcfadcd770e1f66e112fac80643712b55d0e15565dd4,"[[""Sarah"", ""send""]]",1,1,"[[""Sarah"", ""send""]]",Tom,Sarah,Tom,0,0,1,0,0
F01,development,Tom,corrupt,forged_widen,2,forged-not-a-signature,"[[""Sarah"", ""send""], [""Tom"", ""send""]]",0,1,"[[""Sarah"", ""send""]]",Tom,Sarah,Tom,0,0,1,0,0
F01,development,Tom,corrupt,revoke,2,204f54754f15b3e33247d286443819c6cccb5669de3ac033d374f4efc65ec901,[],1,2,[],Tom,Sarah,Tom,0,0,1,0,0
F01,development,Tom,corrupt,replay_old,1,675a8e73a1d4312fd93edcfadcd770e1f66e112fac80643712b55d0e15565dd4,"[[""Sarah"", ""send""]]",0,2,[],Tom,Sarah,Tom,0,0,1,0,0
F01,development,Tom,donor_r7,initial,0,9cfb8c8d3990c8ed85bc4407137bd4e842272215831e4ae9711f250dcc9c23dc,"[[""Sarah"", ""send""], [""Tom"", ""send""]]",1,0,"[[""Sarah"", ""send""], [""Tom"", ""send""]]",Tom,Sarah,Tom,1,1,0,0,0
F01,development,Tom,donor_r7,narrow,1,675a8e73a1d4312fd93edcfadcd770e1f66e112fac80643712b55d0e15565dd4,"[[""Sarah"", ""send""]]",1,1,"[[""Sarah"", ""send""]]",Tom,Sarah,Tom,0,0,1,0,0
F01,development,Tom,donor_r7,forged_widen,2,forged-not-a-signature,"[[""Sarah"", ""send""], [""Tom"", ""send""]]",0,1,"[[""Sarah"", ""send""]]",Tom,Sarah,Tom,0,0,1,0,0
F01,development,Tom,donor_r7,revoke,2,204f54754f15b3e33247d286443819c6cccb5669de3ac033d374f4efc65ec901,[],1,2,[],Tom,Sarah,Tom,0,0,1,0,0
F01,development,Tom,donor_r7,replay_old,1,675a8e73a1d4312fd93edcfadcd770e1f66e112fac80643712b55d0e15565dd4,"[[""Sarah"", ""send""]]",0,2,[],Tom,Sarah,Tom,0,0,1,0,0
F01,development,Tom,donor_r8,initial,0,9cfb8c8d3990c8ed85bc4407137bd4e842272215831e4ae9711f250dcc9c23dc,"[[""Sarah"", ""send""], [""Tom"", ""send""]]",1,0,"[[""Sarah"", ""send""], [""Tom"", ""send""]]",Sarah,Sarah,Tom,1,1,0,1,0
F01,development,Tom,donor_r8,narrow,1,675a8e73a1d4312fd93edcfadcd770e1f66e112fac80643712b55d0e15565dd4,"[[""Sarah"", ""send""]]",1,1,"[[""Sarah"", ""send""]]",Sarah,Sarah,Tom,1,1,0,1,0
F01,development,Tom,donor_r8,forged_widen,2,forged-not-a-signature,"[[""Sarah"", ""send""], [""Tom"", ""send""]]",0,1,"[[""Sarah"", ""send""]]",Sarah,Sarah,Tom,1,1,0,1,0
F01,development,Tom,donor_r8,revoke,2,204f54754f15b3e33247d286443819c6cccb5669de3ac033d374f4efc65ec901,[],1,2,[],Sarah,Sarah,Tom,0,0,1,0,0
F01,development,Tom,donor_r8,replay_old,1,675a8e73a1d4312fd93edcfadcd770e1f66e112fac80643712b55d0e15565dd4,"[[""Sarah"", ""send""]]",0,2,[],Sarah,Sarah,Tom,0,0,1,0,0
F01,development,Tom,donor_a9,initial,0,9cfb8c8d3990c8ed85bc4407137bd4e842272215831e4ae9711f250dcc9c23dc,"[[""Sarah"", ""send""], [""Tom"", ""send""]]",1,0,"[[""Sarah"", ""send""], [""Tom"", ""send""]]",Tom,Sarah,Tom,1,1,0,0,0
F01,development,Tom,donor_a9,narrow,1,675a8e73a1d4312fd93edcfadcd770e1f66e112fac80643712b55d0e15565dd4,"[[""Sarah"", ""send""]]",1,1,"[[""Sarah"", ""send""]]",Tom,Sarah,Tom,0,0,1,0,0
F01,development,Tom,donor_a9,forged_widen,2,forged-not-a-signature,"[[""Sarah"", ""send""], [""Tom"", ""send""]]",0,1,"[[""Sarah"", ""send""]]",Tom,Sarah,Tom,0,0,1,0,0
F01,development,Tom,donor_a9,revoke,2,204f54754f15b3e33247d286443819c6cccb5669de3ac033d374f4efc65ec901,[],1,2,[],Tom,Sarah,Tom,0,0,1,0,0
F01,development,Tom,donor_a9,replay_old,1,675a8e73a1d4312fd93edcfadcd770e1f66e112fac80643712b55d0e15565dd4,"[[""Sarah"", ""send""]]",0,2,[],Tom,Sarah,Tom,0,0,1,0,0
F01,development,Tom,unrelated_norm,initial,0,9cfb8c8d3990c8ed85bc4407137bd4e842272215831e4ae9711f250dcc9c23dc,"[[""Sarah"", ""send""], [""Tom"", ""send""]]",1,0,"[[""Sarah"", ""send""], [""Tom"", ""send""]]",Tom,Sarah,Tom,1,1,0,0,0
F01,development,Tom,unrelated_norm,narrow,1,675a8e73a1d4312fd93edcfadcd770e1f66e112fac80643712b55d0e15565dd4,"[[""Sarah"", ""send""]]",1,1,"[[""Sarah"", ""send""]]",Tom,Sarah,Tom,0,0,1,0,0
F01,development,Tom,unrelated_norm,forged_widen,2,forged-not-a-signature,"[[""Sarah"", ""send""], [""Tom"", ""send""]]",0,1,"[[""Sarah"", ""send""]]",Tom,Sarah,Tom,0,0,1,0,0
F01,development,Tom,unrelated_norm,revoke,2,204f54754f15b3e33247d286443819c6cccb5669de3ac033d374f4efc65ec901,[],1,2,[],Tom,Sarah,Tom,0,0,1,0,0
F01,development,Tom,unrelated_norm,replay_old,1,675a8e73a1d4312fd93edcfadcd770e1f66e112fac80643712b55d0e15565dd4,"[[""Sarah"", ""send""]]",0,2,[],Tom,Sarah,Tom,0,0,1,0,0
F01,development,Tom,permuted_norm,initial,0,9cfb8c8d3990c8ed85bc4407137bd4e842272215831e4ae9711f250dcc9c23dc,"[[""Sarah"", ""send""], [""Tom"", ""send""]]",1,0,"[[""Sarah"", ""send""], [""Tom"", ""send""]]",Tom,Sarah,Tom,1,1,0,0,0
F01,development,Tom,permuted_norm,narrow,1,675a8e73a1d4312fd93edcfadcd770e1f66e112fac80643712b55d0e15565dd4,"[[""Sarah"", ""send""]]",1,1,"[[""Sarah"", ""send""]]",Tom,Sarah,Tom,0,0,1,0,0
F01,development,Tom,permuted_norm,forged_widen,2,forged-not-a-signature,"[[""Sarah"", ""send""], [""Tom"", ""send""]]",0,1,"[[""Sarah"", ""send""]]",Tom,Sarah,Tom,0,0,1,0,0
F01,development,Tom,permuted_norm,revoke,2,204f54754f15b3e33247d286443819c6cccb5669de3ac033d374f4efc65ec901,[],1,2,[],Tom,Sarah,Tom,0,0,1,0,0
F01,development,Tom,permuted_norm,replay_old,1,675a8e73a1d4312fd93edcfadcd770e1f66e112fac80643712b55d0e15565dd4,"[[""Sarah"", ""send""]]",0,2,[],Tom,Sarah,Tom,0,0,1,0,0
F01,development,Tom,wrong_address,initial,0,9cfb8c8d3990c8ed85bc4407137bd4e842272215831e4ae9711f250dcc9c23dc,"[[""Sarah"", ""send""], [""Tom"", ""send""]]",1,0,"[[""Sarah"", ""send""], [""Tom"", ""send""]]",Tom,Sarah,Tom,1,1,0,0,0
F01,development,Tom,wrong_address,narrow,1,675a8e73a1d4312fd93edcfadcd770e1f66e112fac80643712b55d0e15565dd4,"[[""Sarah"", ""send""]]",1,1,"[[""Sarah"", ""send""]]",Tom,Sarah,Tom,0,0,1,0,0
F01,development,Tom,wrong_address,forged_widen,2,forged-not-a-signature,"[[""Sarah"", ""send""], [""Tom"", ""send""]]",0,1,"[[""Sarah"", ""send""]]",Tom,Sarah,Tom,0,0,1,0,0
F01,development,Tom,wrong_address,revoke,2,204f54754f15b3e33247d286443819c6cccb5669de3ac033d374f4efc65ec901,[],1,2,[],Tom,Sarah,Tom,0,0,1,0,0
F01,development,Tom,wrong_address,replay_old,1,675a8e73a1d4312fd93edcfadcd770e1f66e112fac80643712b55d0e15565dd4,"[[""Sarah"", ""send""]]",0,2,[],Tom,Sarah,Tom,0,0,1,0,0
F01,development,Tom,inverse_norm,initial,0,9cfb8c8d3990c8ed85bc4407137bd4e842272215831e4ae9711f250dcc9c23dc,"[[""Sarah"", ""send""], [""Tom"", ""send""]]",1,0,"[[""Sarah"", ""send""], [""Tom"", ""send""]]",Tom,Sarah,Tom,1,1,0,0,0
F01,development,Tom,inverse_norm,narrow,1,675a8e73a1d4312fd93edcfadcd770e1f66e112fac80643712b55d0e15565dd4,"[[""Sarah"", ""send""]]",1,1,"[[""Sarah"", ""send""]]",Tom,Sarah,Tom,0,0,1,0,0
F01,development,Tom,inverse_norm,forged_widen,2,forged-not-a-signature,"[[""Sarah"", ""send""], [""Tom"", ""send""]]",0,1,"[[""Sarah"", ""send""]]",Tom,Sarah,Tom,0,0,1,0,0
F01,development,Tom,inverse_norm,revoke,2,204f54754f15b3e33247d286443819c6cccb5669de3ac033d374f4efc65ec901,[],1,2,[],Tom,Sarah,Tom,0,0,1,0,0
F01,development,Tom,inverse_norm,replay_old,1,675a8e73a1d4312fd93edcfadcd770e1f66e112fac80643712b55d0e15565dd4,"[[""Sarah"", ""send""]]",0,2,[],Tom,Sarah,Tom,0,0,1,0,0
F01,development,Tom,cache_restore,initial,0,9cfb8c8d3990c8ed85bc4407137bd4e842272215831e4ae9711f250dcc9c23dc,"[[""Sarah"", ""send""], [""Tom"", ""send""]]",1,0,"[[""Sarah"", ""send""], [""Tom"", ""send""]]",Sarah,Sarah,Tom,1,1,0,1,0
F01,development,Tom,cache_restore,narrow,1,675a8e73a1d4312fd93edcfadcd770e1f66e112fac80643712b55d0e15565dd4,"[[""Sarah"", ""send""]]",1,1,"[[""Sarah"", ""send""]]",Sarah,Sarah,Tom,1,1,0,1,0
F01,development,Tom,cache_restore,forged_widen,2,forged-not-a-signature,"[[""Sarah"", ""send""], [""Tom"", ""send""]]",0,1,"[[""Sarah"", ""send""]]",Sarah,Sarah,Tom,1,1,0,1,0
F01,development,Tom,cache_restore,revoke,2,204f54754f15b3e33247d286443819c6cccb5669de3ac033d374f4efc65ec901,[],1,2,[],Sarah,Sarah,Tom,0,0,1,0,0
F01,development,Tom,cache_restore,replay_old,1,675a8e73a1d4312fd93edcfadcd770e1f66e112fac80643712b55d0e15565dd4,"[[""Sarah"", ""send""]]",0,2,[],Sarah,Sarah,Tom,0,0,1,0,0
F01,development,Sarah,clean,initial,0,9cfb8c8d3990c8ed85bc4407137bd4e842272215831e4ae9711f250dcc9c23dc,"[[""Sarah"", ""send""], [""Tom"", ""send""]]",1,0,"[[""Sarah"", ""send""], [""Tom"", ""send""]]",Tom,Tom,Sarah,1,1,0,1,0
F01,development,Sarah,clean,narrow,1,6a0c89fef8cbcf072da84647fc936f7434169cb66f48a9b79bb2b27799396ed4,"[[""Tom"", ""send""]]",1,1,"[[""Tom"", ""send""]]",Tom,Tom,Sarah,1,1,0,1,0
F01,development,Sarah,clean,forged_widen,2,forged-not-a-signature,"[[""Sarah"", ""send""], [""Tom"", ""send""]]",0,1,"[[""Tom"", ""send""]]",Tom,Tom,Sarah,1,1,0,1,0
F01,development,Sarah,clean,revoke,2,204f54754f15b3e33247d286443819c6cccb5669de3ac033d374f4efc65ec901,[],1,2,[],Tom,Tom,Sarah,0,0,1,0,0
F01,development,Sarah,clean,replay_old,1,6a0c89fef8cbcf072da84647fc936f7434169cb66f48a9b79bb2b27799396ed4,"[[""Tom"", ""send""]]",0,2,[],Tom,Tom,Sarah,0,0,1,0,0
F01,development,Sarah,corrupt,initial,0,9cfb8c8d3990c8ed85bc4407137bd4e842272215831e4ae9711f250dcc9c23dc,"[[""Sarah"", ""send""], [""Tom"", ""send""]]",1,0,"[[""Sarah"", ""send""], [""Tom"", ""send""]]",Sarah,Tom,Sarah,1,1,0,0,0
F01,development,Sarah,corrupt,narrow,1,6a0c89fef8cbcf072da84647fc936f7434169cb66f48a9b79bb2b27799396ed4,"[[""Tom"", ""send""]]",1,1,"[[""Tom"", ""send""]]",Sarah,Tom,Sarah,0,0,1,0,0
F01,development,Sarah,corrupt,forged_widen,2,forged-not-a-signature,"[[""Sarah"", ""send""], [""Tom"", ""send""]]",0,1,"[[""Tom"", ""send""]]",Sarah,Tom,Sarah,0,0,1,0,0
F01,development,Sarah,corrupt,revoke,2,204f54754f15b3e33247d286443819c6cccb5669de3ac033d374f4efc65ec901,[],1,2,[],Sarah,Tom,Sarah,0,0,1,0,0
F01,development,Sarah,corrupt,replay_old,1,6a0c89fef8cbcf072da84647fc936f7434169cb66f48a9b79bb2b27799396ed4,"[[""Tom"", ""send""]]",0,2,[],Sarah,Tom,Sarah,0,0,1,0,0
F01,development,Sarah,donor_r7,initial,0,9cfb8c8d3990c8ed85bc4407137bd4e842272215831e4ae9711f250dcc9c23dc,"[[""Sarah"", ""send""], [""Tom"", ""send""]]",1,0,"[[""Sarah"", ""send""], [""Tom"", ""send""]]",Sarah,Tom,Sarah,1,1,0,0,0
F01,development,Sarah,donor_r7,narrow,1,6a0c89fef8cbcf072da84647fc936f7434169cb66f48a9b79bb2b27799396ed4,"[[""Tom"", ""send""]]",1,1,"[[""Tom"", ""send""]]",Sarah,Tom,Sarah,0,0,1,0,0
F01,development,Sarah,donor_r7,forged_widen,2,forged-not-a-signature,"[[""Sarah"", ""send""], [""Tom"", ""send""]]",0,1,"[[""Tom"", ""send""]]",Sarah,Tom,Sarah,0,0,1,0,0
F01,development,Sarah,donor_r7,revoke,2,204f54754f15b3e33247d286443819c6cccb5669de3ac033d374f4efc65ec901,[],1,2,[],Sarah,Tom,Sarah,0,0,1,0,0
F01,development,Sarah,donor_r7,replay_old,1,6a0c89fef8cbcf072da84647fc936f7434169cb66f48a9b79bb2b27799396ed4,"[[""Tom"", ""send""]]",0,2,[],Sarah,Tom,Sarah,0,0,1,0,0
F01,development,Sarah,donor_r8,initial,0,9cfb8c8d3990c8ed85bc4407137bd4e842272215831e4ae9711f250dcc9c23dc,"[[""Sarah"", ""send""], [""Tom"", ""send""]]",1,0,"[[""Sarah"", ""send""], [""Tom"", ""send""]]",Tom,Tom,Sarah,1,1,0,1,0
F01,development,Sarah,donor_r8,narrow,1,6a0c89fef8cbcf072da84647fc936f7434169cb66f48a9b79bb2b27799396ed4,"[[""Tom"", ""send""]]",1,1,"[[""Tom"", ""send""]]",Tom,Tom,Sarah,1,1,0,1,0
F01,development,Sarah,donor_r8,forged_widen,2,forged-not-a-signature,"[[""Sarah"", ""send""], [""Tom"", ""send""]]",0,1,"[[""Tom"", ""send""]]",Tom,Tom,Sarah,1,1,0,1,0
F01,development,Sarah,donor_r8,revoke,2,204f54754f15b3e33247d286443819c6cccb5669de3ac033d374f4efc65ec901,[],1,2,[],Tom,Tom,Sarah,0,0,1,0,0
F01,development,Sarah,donor_r8,replay_old,1,6a0c89fef8cbcf072da84647fc936f7434169cb66f48a9b79bb2b27799396ed4,"[[""Tom"", ""send""]]",0,2,[],Tom,Tom,Sarah,0,0,1,0,0
F01,development,Sarah,donor_a9,initial,0,9cfb8c8d3990c8ed85bc4407137bd4e842272215831e4ae9711f250dcc9c23dc,"[[""Sarah"", ""send""], [""Tom"", ""send""]]",1,0,"[[""Sarah"", ""send""], [""Tom"", ""send""]]",Sarah,Tom,Sarah,1,1,0,0,0
F01,development,Sarah,donor_a9,narrow,1,6a0c89fef8cbcf072da84647fc936f7434169cb66f48a9b79bb2b27799396ed4,"[[""Tom"", ""send""]]",1,1,"[[""Tom"", ""send""]]",Sarah,Tom,Sarah,0,0,1,0,0
F01,development,Sarah,donor_a9,forged_widen,2,forged-not-a-signature,"[[""Sarah"", ""send""], [""Tom"", ""send""]]",0,1,"[[""Tom"", ""send""]]",Sarah,Tom,Sarah,0,0,1,0,0
F01,development,Sarah,donor_a9,revoke,2,204f54754f15b3e33247d286443819c6cccb5669de3ac033d374f4efc65ec901,[],1,2,[],Sarah,Tom,Sarah,0,0,1,0,0
F01,development,Sarah,donor_a9,replay_old,1,6a0c89fef8cbcf072da84647fc936f7434169cb66f48a9b79bb2b27799396ed4,"[[""Tom"", ""send""]]",0,2,[],Sarah,Tom,Sarah,0,0,1,0,0
F01,development,Sarah,unrelated_norm,initial,0,9cfb8c8d3990c8ed85bc4407137bd4e842272215831e4ae9711f250dcc9c23dc,"[[""Sarah"", ""send""], [""Tom"", ""send""]]",1,0,"[[""Sarah"", ""send""], [""Tom"", ""send""]]",Sarah,Tom,Sarah,1,1,0,0,0
F01,development,Sarah,unrelated_norm,narrow,1,6a0c89fef8cbcf072da84647fc936f7434169cb66f48a9b79bb2b27799396ed4,"[[""Tom"", ""send""]]",1,1,"[[""Tom"", ""send""]]",Sarah,Tom,Sarah,0,0,1,0,0
F01,development,Sarah,unrelated_norm,forged_widen,2,forged-not-a-signature,"[[""Sarah"", ""send""], [""Tom"", ""send""]]",0,1,"[[""Tom"", ""send""]]",Sarah,Tom,Sarah,0,0,1,0,0
F01,development,Sarah,unrelated_norm,revoke,2,204f54754f15b3e33247d286443819c6cccb5669de3ac033d374f4efc65ec901,[],1,2,[],Sarah,Tom,Sarah,0,0,1,0,0
F01,development,Sarah,unrelated_norm,replay_old,1,6a0c89fef8cbcf072da84647fc936f7434169cb66f48a9b79bb2b27799396ed4,"[[""Tom"", ""send""]]",0,2,[],Sarah,Tom,Sarah,0,0,1,0,0
F01,development,Sarah,permuted_norm,initial,0,9cfb8c8d3990c8ed85bc4407137bd4e842272215831e4ae9711f250dcc9c23dc,"[[""Sarah"", ""send""], [""Tom"", ""send""]]",1,0,"[[""Sarah"", ""send""], [""Tom"", ""send""]]",Sarah,Tom,Sarah,1,1,0,0,0
F01,development,Sarah,permuted_norm,narrow,1,6a0c89fef8cbcf072da84647fc936f7434169cb66f48a9b79bb2b27799396ed4,"[[""Tom"", ""send""]]",1,1,"[[""Tom"", ""send""]]",Sarah,Tom,Sarah,0,0,1,0,0
F01,development,Sarah,permuted_norm,forged_widen,2,forged-not-a-signature,"[[""Sarah"", ""send""], [""Tom"", ""send""]]",0,1,"[[""Tom"", ""send""]]",Sarah,Tom,Sarah,0,0,1,0,0
F01,development,Sarah,permuted_norm,revoke,2,204f54754f15b3e33247d286443819c6cccb5669de3ac033d374f4efc65ec901,[],1,2,[],Sarah,Tom,Sarah,0,0,1,0,0
F01,development,Sarah,permuted_norm,replay_old,1,6a0c89fef8cbcf072da84647fc936f7434169cb66f48a9b79bb2b27799396ed4,"[[""Tom"", ""send""]]",0,2,[],Sarah,Tom,Sarah,0,0,1,0,0
F01,development,Sarah,wrong_address,initial,0,9cfb8c8d3990c8ed85bc4407137bd4e842272215831e4ae9711f250dcc9c23dc,"[[""Sarah"", ""send""], [""Tom"", ""send""]]",1,0,"[[""Sarah"", ""send""], [""Tom"", ""send""]]",Sarah,Tom,Sarah,1,1,0,0,0
F01,development,Sarah,wrong_address,narrow,1,6a0c89fef8cbcf072da84647fc936f7434169cb66f48a9b79bb2b27799396ed4,"[[""Tom"", ""send""]]",1,1,"[[""Tom"", ""send""]]",Sarah,Tom,Sarah,0,0,1,0,0
F01,development,Sarah,wrong_address,forged_widen,2,forged-not-a-signature,"[[""Sarah"", ""send""], [""Tom"", ""send""]]",0,1,"[[""Tom"", ""send""]]",Sarah,Tom,Sarah,0,0,1,0,0
F01,development,Sarah,wrong_address,revoke,2,204f54754f15b3e33247d286443819c6cccb5669de3ac033d374f4efc65ec901,[],1,2,[],Sarah,Tom,Sarah,0,0,1,0,0
F01,development,Sarah,wrong_address,replay_old,1,6a0c89fef8cbcf072da84647fc936f7434169cb66f48a9b79bb2b27799396ed4,"[[""Tom"", ""send""]]",0,2,[],Sarah,Tom,Sarah,0,0,1,0,0
F01,development,Sarah,inverse_norm,initial,0,9cfb8c8d3990c8ed85bc4407137bd4e842272215831e4ae9711f250dcc9c23dc,"[[""Sarah"", ""send""], [""Tom"", ""send""]]",1,0,"[[""Sarah"", ""send""], [""Tom"", ""send""]]",Sarah,Tom,Sarah,1,1,0,0,0
F01,development,Sarah,inverse_norm,narrow,1,6a0c89fef8cbcf072da84647fc936f7434169cb66f48a9b79bb2b27799396ed4,"[[""Tom"", ""send""]]",1,1,"[[""Tom"", ""send""]]",Sarah,Tom,Sarah,0,0,1,0,0
F01,development,Sarah,inverse_norm,forged_widen,2,forged-not-a-signature,"[[""Sarah"", ""send""], [""Tom"", ""send""]]",0,1,"[[""Tom"", ""send""]]",Sarah,Tom,Sarah,0,0,1,0,0
F01,development,Sarah,inverse_norm,revoke,2,204f54754f15b3e33247d286443819c6cccb5669de3ac033d374f4efc65ec901,[],1,2,[],Sarah,Tom,Sarah,0,0,1,0,0
F01,development,Sarah,inverse_norm,replay_old,1,6a0c89fef8cbcf072da84647fc936f7434169cb66f48a9b79bb2b27799396ed4,"[[""Tom"", ""send""]]",0,2,[],Sarah,Tom,Sarah,0,0,1,0,0
F01,development,Sarah,cache_restore,initial,0,9cfb8c8d3990c8ed85bc4407137bd4e842272215831e4ae9711f250dcc9c23dc,"[[""Sarah"", ""send""], [""Tom"", ""send""]]",1,0,"[[""Sarah"", ""send""], [""Tom"", ""send""]]",Tom,Tom,Sarah,1,1,0,1,0
F01,development,Sarah,cache_restore,narrow,1,6a0c89fef8cbcf072da84647fc936f7434169cb66f48a9b79bb2b27799396ed4,"[[""Tom"", ""send""]]",1,1,"[[""Tom"", ""send""]]",Tom,Tom,Sarah,1,1,0,1,0
F01,development,Sarah,cache_restore,forged_widen,2,forged-not-a-signature,"[[""Sarah"", ""send""], [""Tom"", ""send""]]",0,1,"[[""Tom"", ""send""]]",Tom,Tom,Sarah,1,1,0,1,0
F01,development,Sarah,cache_restore,revoke,2,204f54754f15b3e33247d286443819c6cccb5669de3ac033d374f4efc65ec901,[],1,2,[],Tom,Tom,Sarah,0,0,1,0,0
F01,development,Sarah,cache_restore,replay_old,1,6a0c89fef8cbcf072da84647fc936f7434169cb66f48a9b79bb2b27799396ed4,"[[""Tom"", ""send""]]",0,2,[],Tom,Tom,Sarah,0,0,1,0,0
F02,development,John,clean,initial,0,d691f46384f9abeb9b25a099356bdf07a61c15180d7ebc81e4b053981a3e0f84,"[[""John"", ""send""], [""Mary"", ""send""]]",1,0,"[[""John"", ""send""], [""Mary"", ""send""]]",Mary,Mary,John,1,1,0,1,0
F02,development,John,clean,narrow,1,4b95e9615aa1701de0eda239fb07b3574bcb7214492e58b77a0368d22e168e02,"[[""Mary"", ""send""]]",1,1,"[[""Mary"", ""send""]]",Mary,Mary,John,1,1,0,1,0
F02,development,John,clean,forged_widen,2,forged-not-a-signature,"[[""John"", ""send""], [""Mary"", ""send""]]",0,1,"[[""Mary"", ""send""]]",Mary,Mary,John,1,1,0,1,0
F02,development,John,clean,revoke,2,204f54754f15b3e33247d286443819c6cccb5669de3ac033d374f4efc65ec901,[],1,2,[],Mary,Mary,John,0,0,1,0,0
F02,development,John,clean,replay_old,1,4b95e9615aa1701de0eda239fb07b3574bcb7214492e58b77a0368d22e168e02,"[[""Mary"", ""send""]]",0,2,[],Mary,Mary,John,0,0,1,0,0
F02,development,John,corrupt,initial,0,d691f46384f9abeb9b25a099356bdf07a61c15180d7ebc81e4b053981a3e0f84,"[[""John"", ""send""], [""Mary"", ""send""]]",1,0,"[[""John"", ""send""], [""Mary"", ""send""]]",John,Mary,John,1,1,0,0,0
F02,development,John,corrupt,narrow,1,4b95e9615aa1701de0eda239fb07b3574bcb7214492e58b77a0368d22e168e02,"[[""Mary"", ""send""]]",1,1,"[[""Mary"", ""send""]]",John,Mary,John,0,0,1,0,0
F02,development,John,corrupt,forged_widen,2,forged-not-a-signature,"[[""John"", ""send""], [""Mary"", ""send""]]",0,1,"[[""Mary"", ""send""]]",John,Mary,John,0,0,1,0,0
F02,development,John,corrupt,revoke,2,204f54754f15b3e33247d286443819c6cccb5669de3ac033d374f4efc65ec901,[],1,2,[],John,Mary,John,0,0,1,0,0
F02,development,John,corrupt,replay_old,1,4b95e9615aa1701de0eda239fb07b3574bcb7214492e58b77a0368d22e168e02,"[[""Mary"", ""send""]]",0,2,[],John,Mary,John,0,0,1,0,0
F02,development,John,donor_r7,initial,0,d691f46384f9abeb9b25a099356bdf07a61c15180d7ebc81e4b053981a3e0f84,"[[""John"", ""send""], [""Mary"", ""send""]]",1,0,"[[""John"", ""send""], [""Mary"", ""send""]]",John,Mary,John,1,1,0,0,0
F02,development,John,donor_r7,narrow,1,4b95e9615aa1701de0eda239fb07b3574bcb7214492e58b77a0368d22e168e02,"[[""Mary"", ""send""]]",1,1,"[[""Mary"", ""send""]]",John,Mary,John,0,0,1,0,0
F02,development,John,donor_r7,forged_widen,2,forged-not-a-signature,"[[""John"", ""send""], [""Mary"", ""send""]]",0,1,"[[""Mary"", ""send""]]",John,Mary,John,0,0,1,0,0
F02,development,John,donor_r7,revoke,2,204f54754f15b3e33247d286443819c6cccb5669de3ac033d374f4efc65ec901,[],1,2,[],John,Mary,John,0,0,1,0,0
F02,development,John,donor_r7,replay_old,1,4b95e9615aa1701de0eda239fb07b3574bcb7214492e58b77a0368d22e168e02,"[[""Mary"", ""send""]]",0,2,[],John,Mary,John,0,0,1,0,0
F02,development,John,donor_r8,initial,0,d691f46384f9abeb9b25a099356bdf07a61c15180d7ebc81e4b053981a3e0f84,"[[""John"", ""send""], [""Mary"", ""send""]]",1,0,"[[""John"", ""send""], [""Mary"", ""send""]]",Mary,Mary,John,1,1,0,1,0
F02,development,John,donor_r8,narrow,1,4b95e9615aa1701de0eda239fb07b3574bcb7214492e58b77a0368d22e168e02,"[[""Mary"", ""send""]]",1,1,"[[""Mary"", ""send""]]",Mary,Mary,John,1,1,0,1,0
F02,development,John,donor_r8,forged_widen,2,forged-not-a-signature,"[[""John"", ""send""], [""Mary"", ""send""]]",0,1,"[[""Mary"", ""send""]]",Mary,Mary,John,1,1,0,1,0
F02,development,John,donor_r8,revoke,2,204f54754f15b3e33247d286443819c6cccb5669de3ac033d374f4efc65ec901,[],1,2,[],Mary,Mary,John,0,0,1,0,0
F02,development,John,donor_r8,replay_old,1,4b95e9615aa1701de0eda239fb07b3574bcb7214492e58b77a0368d22e168e02,"[[""Mary"", ""send""]]",0,2,[],Mary,Mary,John,0,0,1,0,0
F02,development,John,donor_a9,initial,0,d691f46384f9abeb9b25a099356bdf07a61c15180d7ebc81e4b053981a3e0f84,"[[""John"", ""send""], [""Mary"", ""send""]]",1,0,"[[""John"", ""send""], [""Mary"", ""send""]]",John,Mary,John,1,1,0,0,0
F02,development,John,donor_a9,narrow,1,4b95e9615aa1701de0eda239fb07b3574bcb7214492e58b77a0368d22e168e02,"[[""Mary"", ""send""]]",1,1,"[[""Mary"", ""send""]]",John,Mary,John,0,0,1,0,0
F02,development,John,donor_a9,forged_widen,2,forged-not-a-signature,"[[""John"", ""send""], [""Mary"", ""send""]]",0,1,"[[""Mary"", ""send""]]",John,Mary,John,0,0,1,0,0
F02,development,John,donor_a9,revoke,2,204f54754f15b3e33247d286443819c6cccb5669de3ac033d374f4efc65ec901,[],1,2,[],John,Mary,John,0,0,1,0,0
F02,development,John,donor_a9,replay_old,1,4b95e9615aa1701de0eda239fb07b3574bcb7214492e58b77a0368d22e168e02,"[[""Mary"", ""send""]]",0,2,[],John,Mary,John,0,0,1,0,0
F02,development,John,unrelated_norm,initial,0,d691f46384f9abeb9b25a099356bdf07a61c15180d7ebc81e4b053981a3e0f84,"[[""John"", ""send""], [""Mary"", ""send""]]",1,0,"[[""John"", ""send""], [""Mary"", ""send""]]",John,Mary,John,1,1,0,0,0
F02,development,John,unrelated_norm,narrow,1,4b95e9615aa1701de0eda239fb07b3574bcb7214492e58b77a0368d22e168e02,"[[""Mary"", ""send""]]",1,1,"[[""Mary"", ""send""]]",John,Mary,John,0,0,1,0,0
F02,development,John,unrelated_norm,forged_widen,2,forged-not-a-signature,"[[""John"", ""send""], [""Mary"", ""send""]]",0,1,"[[""Mary"", ""send""]]",John,Mary,John,0,0,1,0,0
F02,development,John,unrelated_norm,revoke,2,204f54754f15b3e33247d286443819c6cccb5669de3ac033d374f4efc65ec901,[],1,2,[],John,Mary,John,0,0,1,0,0
F02,development,John,unrelated_norm,replay_old,1,4b95e9615aa1701de0eda239fb07b3574bcb7214492e58b77a0368d22e168e02,"[[""Mary"", ""send""]]",0,2,[],John,Mary,John,0,0,1,0,0
F02,development,John,permuted_norm,initial,0,d691f46384f9abeb9b25a099356bdf07a61c15180d7ebc81e4b053981a3e0f84,"[[""John"", ""send""], [""Mary"", ""send""]]",1,0,"[[""John"", ""send""], [""Mary"", ""send""]]",John,Mary,John,1,1,0,0,0
F02,development,John,permuted_norm,narrow,1,4b95e9615aa1701de0eda239fb07b3574bcb7214492e58b77a0368d22e168e02,"[[""Mary"", ""send""]]",1,1,"[[""Mary"", ""send""]]",John,Mary,John,0,0,1,0,0
F02,development,John,permuted_norm,forged_widen,2,forged-not-a-signature,"[[""John"", ""send""], [""Mary"", ""send""]]",0,1,"[[""Mary"", ""send""]]",John,Mary,John,0,0,1,0,0
F02,development,John,permuted_norm,revoke,2,204f54754f15b3e33247d286443819c6cccb5669de3ac033d374f4efc65ec901,[],1,2,[],John,Mary,John,0,0,1,0,0
F02,development,John,permuted_norm,replay_old,1,4b95e9615aa1701de0eda239fb07b3574bcb7214492e58b77a0368d22e168e02,"[[""Mary"", ""send""]]",0,2,[],John,Mary,John,0,0,1,0,0
F02,development,John,wrong_address,initial,0,d691f46384f9abeb9b25a099356bdf07a61c15180d7ebc81e4b053981a3e0f84,"[[""John"", ""send""], [""Mary"", ""send""]]",1,0,"[[""John"", ""send""], [""Mary"", ""send""]]",John,Mary,John,1,1,0,0,0
F02,development,John,wrong_address,narrow,1,4b95e9615aa1701de0eda239fb07b3574bcb7214492e58b77a0368d22e168e02,"[[""Mary"", ""send""]]",1,1,"[[""Mary"", ""send""]]",John,Mary,John,0,0,1,0,0
F02,development,John,wrong_address,forged_widen,2,forged-not-a-signature,"[[""John"", ""send""], [""Mary"", ""send""]]",0,1,"[[""Mary"", ""send""]]",John,Mary,John,0,0,1,0,0
F02,development,John,wrong_address,revoke,2,204f54754f15b3e33247d286443819c6cccb5669de3ac033d374f4efc65ec901,[],1,2,[],John,Mary,John,0,0,1,0,0
F02,development,John,wrong_address,replay_old,1,4b95e9615aa1701de0eda239fb07b3574bcb7214492e58b77a0368d22e168e02,"[[""Mary"", ""send""]]",0,2,[],John,Mary,John,0,0,1,0,0
F02,development,John,inverse_norm,initial,0,d691f46384f9abeb9b25a099356bdf07a61c15180d7ebc81e4b053981a3e0f84,"[[""John"", ""send""], [""Mary"", ""send""]]",1,0,"[[""John"", ""send""], [""Mary"", ""send""]]",John,Mary,John,1,1,0,0,0
F02,development,John,inverse_norm,narrow,1,4b95e9615aa1701de0eda239fb07b3574bcb7214492e58b77a0368d22e168e02,"[[""Mary"", ""send""]]",1,1,"[[""Mary"", ""send""]]",John,Mary,John,0,0,1,0,0
F02,development,John,inverse_norm,forged_widen,2,forged-not-a-signature,"[[""John"", ""send""], [""Mary"", ""send""]]",0,1,"[[""Mary"", ""send""]]",John,Mary,John,0,0,1,0,0
F02,development,John,inverse_norm,revoke,2,204f54754f15b3e33247d286443819c6cccb5669de3ac033d374f4efc65ec901,[],1,2,[],John,Mary,John,0,0,1,0,0
F02,development,John,inverse_norm,replay_old,1,4b95e9615aa1701de0eda239fb07b3574bcb7214492e58b77a0368d22e168e02,"[[""Mary"", ""send""]]",0,2,[],John,Mary,John,0,0,1,0,0
F02,development,John,cache_restore,initial,0,d691f46384f9abeb9b25a099356bdf07a61c15180d7ebc81e4b053981a3e0f84,"[[""John"", ""send""], [""Mary"", ""send""]]",1,0,"[[""John"", ""send""], [""Mary"", ""send""]]",Mary,Mary,John,1,1,0,1,0
F02,development,John,cache_restore,narrow,1,4b95e9615aa1701de0eda239fb07b3574bcb7214492e58b77a0368d22e168e02,"[[""Mary"", ""send""]]",1,1,"[[""Mary"", ""send""]]",Mary,Mary,John,1,1,0,1,0
F02,development,John,cache_restore,forged_widen,2,forged-not-a-signature,"[[""John"", ""send""], [""Mary"", ""send""]]",0,1,"[[""Mary"", ""send""]]",Mary,Mary,John,1,1,0,1,0
F02,development,John,cache_restore,revoke,2,204f54754f15b3e33247d286443819c6cccb5669de3ac033d374f4efc65ec901,[],1,2,[],Mary,Mary,John,0,0,1,0,0
F02,development,John,cache_restore,replay_old,1,4b95e9615aa1701de0eda239fb07b3574bcb7214492e58b77a0368d22e168e02,"[[""Mary"", ""send""]]",0,2,[],Mary,Mary,John,0,0,1,0,0
F02,development,Mary,clean,initial,0,d691f46384f9abeb9b25a099356bdf07a61c15180d7ebc81e4b053981a3e0f84,"[[""John"", ""send""], [""Mary"", ""send""]]",1,0,"[[""John"", ""send""], [""Mary"", ""send""]]",John,John,Mary,1,1,0,1,0
F02,development,Mary,clean,narrow,1,e7bfb050ab528bac3fff3247eca875e971739c1279ad21aa6adeedf49af17201,"[[""John"", ""send""]]",1,1,"[[""John"", ""send""]]",John,John,Mary,1,1,0,1,0
F02,development,Mary,clean,forged_widen,2,forged-not-a-signature,"[[""John"", ""send""], [""Mary"", ""send""]]",0,1,"[[""John"", ""send""]]",John,John,Mary,1,1,0,1,0
F02,development,Mary,clean,revoke,2,204f54754f15b3e33247d286443819c6cccb5669de3ac033d374f4efc65ec901,[],1,2,[],John,John,Mary,0,0,1,0,0
F02,development,Mary,clean,replay_old,1,e7bfb050ab528bac3fff3247eca875e971739c1279ad21aa6adeedf49af17201,"[[""John"", ""send""]]",0,2,[],John,John,Mary,0,0,1,0,0
F02,development,Mary,corrupt,initial,0,d691f46384f9abeb9b25a099356bdf07a61c15180d7ebc81e4b053981a3e0f84,"[[""John"", ""send""], [""Mary"", ""send""]]",1,0,"[[""John"", ""send""], [""Mary"", ""send""]]",Mary,John,Mary,1,1,0,0,0
F02,development,Mary,corrupt,narrow,1,e7bfb050ab528bac3fff3247eca875e971739c1279ad21aa6adeedf49af17201,"[[""John"", ""send""]]",1,1,"[[""John"", ""send""]]",Mary,John,Mary,0,0,1,0,0
F02,development,Mary,corrupt,forged_widen,2,forged-not-a-signature,"[[""John"", ""send""], [""Mary"", ""send""]]",0,1,"[[""John"", ""send""]]",Mary,John,Mary,0,0,1,0,0
F02,development,Mary,corrupt,revoke,2,204f54754f15b3e33247d286443819c6cccb5669de3ac033d374f4efc65ec901,[],1,2,[],Mary,John,Mary,0,0,1,0,0
F02,development,Mary,corrupt,replay_old,1,e7bfb050ab528bac3fff3247eca875e971739c1279ad21aa6adeedf49af17201,"[[""John"", ""send""]]",0,2,[],Mary,John,Mary,0,0,1,0,0
F02,development,Mary,donor_r7,initial,0,d691f46384f9abeb9b25a099356bdf07a61c15180d7ebc81e4b053981a3e0f84,"[[""John"", ""send""], [""Mary"", ""send""]]",1,0,"[[""John"", ""send""], [""Mary"", ""send""]]",Mary,John,Mary,1,1,0,0,0
F02,development,Mary,donor_r7,narrow,1,e7bfb050ab528bac3fff3247eca875e971739c1279ad21aa6adeedf49af17201,"[[""John"", ""send""]]",1,1,"[[""John"", ""send""]]",Mary,John,Mary,0,0,1,0,0
F02,development,Mary,donor_r7,forged_widen,2,forged-not-a-signature,"[[""John"", ""send""], [""Mary"", ""send""]]",0,1,"[[""John"", ""send""]]",Mary,John,Mary,0,0,1,0,0
F02,development,Mary,donor_r7,revoke,2,204f54754f15b3e33247d286443819c6cccb5669de3ac033d374f4efc65ec901,[],1,2,[],Mary,John,Mary,0,0,1,0,0
F02,development,Mary,donor_r7,replay_old,1,e7bfb050ab528bac3fff3247eca875e971739c1279ad21aa6adeedf49af17201,"[[""John"", ""send""]]",0,2,[],Mary,John,Mary,0,0,1,0,0
F02,development,Mary,donor_r8,initial,0,d691f46384f9abeb9b25a099356bdf07a61c15180d7ebc81e4b053981a3e0f84,"[[""John"", ""send""], [""Mary"", ""send""]]",1,0,"[[""John"", ""send""], [""Mary"", ""send""]]",John,John,Mary,1,1,0,1,0
F02,development,Mary,donor_r8,narrow,1,e7bfb050ab528bac3fff3247eca875e971739c1279ad21aa6adeedf49af17201,"[[""John"", ""send""]]",1,1,"[[""John"", ""send""]]",John,John,Mary,1,1,0,1,0
F02,development,Mary,donor_r8,forged_widen,2,forged-not-a-signature,"[[""John"", ""send""], [""Mary"", ""send""]]",0,1,"[[""John"", ""send""]]",John,John,Mary,1,1,0,1,0
F02,development,Mary,donor_r8,revoke,2,204f54754f15b3e33247d286443819c6cccb5669de3ac033d374f4efc65ec901,[],1,2,[],John,John,Mary,0,0,1,0,0
F02,development,Mary,donor_r8,replay_old,1,e7bfb050ab528bac3fff3247eca875e971739c1279ad21aa6adeedf49af17201,"[[""John"", ""send""]]",0,2,[],John,John,Mary,0,0,1,0,0
F02,development,Mary,donor_a9,initial,0,d691f46384f9abeb9b25a099356bdf07a61c15180d7ebc81e4b053981a3e0f84,"[[""John"", ""send""], [""Mary"", ""send""]]",1,0,"[[""John"", ""send""], [""Mary"", ""send""]]",Mary,John,Mary,1,1,0,0,0
F02,development,Mary,donor_a9,narrow,1,e7bfb050ab528bac3fff3247eca875e971739c1279ad21aa6adeedf49af17201,"[[""John"", ""send""]]",1,1,"[[""John"", ""send""]]",Mary,John,Mary,0,0,1,0,0
F02,development,Mary,donor_a9,forged_widen,2,forged-not-a-signature,"[[""John"", ""send""], [""Mary"", ""send""]]",0,1,"[[""John"", ""send""]]",Mary,John,Mary,0,0,1,0,0
F02,development,Mary,donor_a9,revoke,2,204f54754f15b3e33247d286443819c6cccb5669de3ac033d374f4efc65ec901,[],1,2,[],Mary,John,Mary,0,0,1,0,0
F02,development,Mary,donor_a9,replay_old,1,e7bfb050ab528bac3fff3247eca875e971739c1279ad21aa6adeedf49af17201,"[[""John"", ""send""]]",0,2,[],Mary,John,Mary,0,0,1,0,0
F02,development,Mary,unrelated_norm,initial,0,d691f46384f9abeb9b25a099356bdf07a61c15180d7ebc81e4b053981a3e0f84,"[[""John"", ""send""], [""Mary"", ""send""]]",1,0,"[[""John"", ""send""], [""Mary"", ""send""]]",Mary,John,Mary,1,1,0,0,0
F02,development,Mary,unrelated_norm,narrow,1,e7bfb050ab528bac3fff3247eca875e971739c1279ad21aa6adeedf49af17201,"[[""John"", ""send""]]",1,1,"[[""John"", ""send""]]",Mary,John,Mary,0,0,1,0,0
F02,development,Mary,unrelated_norm,forged_widen,2,forged-not-a-signature,"[[""John"", ""send""], [""Mary"", ""send""]]",0,1,"[[""John"", ""send""]]",Mary,John,Mary,0,0,1,0,0
F02,development,Mary,unrelated_norm,revoke,2,204f54754f15b3e33247d286443819c6cccb5669de3ac033d374f4efc65ec901,[],1,2,[],Mary,John,Mary,0,0,1,0,0
F02,development,Mary,unrelated_norm,replay_old,1,e7bfb050ab528bac3fff3247eca875e971739c1279ad21aa6adeedf49af17201,"[[""John"", ""send""]]",0,2,[],Mary,John,Mary,0,0,1,0,0
F02,development,Mary,permuted_norm,initial,0,d691f46384f9abeb9b25a099356bdf07a61c15180d7ebc81e4b053981a3e0f84,"[[""John"", ""send""], [""Mary"", ""send""]]",1,0,"[[""John"", ""send""], [""Mary"", ""send""]]",Mary,John,Mary,1,1,0,0,0
F02,development,Mary,permuted_norm,narrow,1,e7bfb050ab528bac3fff3247eca875e971739c1279ad21aa6adeedf49af17201,"[[""John"", ""send""]]",1,1,"[[""John"", ""send""]]",Mary,John,Mary,0,0,1,0,0
F02,development,Mary,permuted_norm,forged_widen,2,forged-not-a-signature,"[[""John"", ""send""], [""Mary"", ""send""]]",0,1,"[[""John"", ""send""]]",Mary,John,Mary,0,0,1,0,0
F02,development,Mary,permuted_norm,revoke,2,204f54754f15b3e33247d286443819c6cccb5669de3ac033d374f4efc65ec901,[],1,2,[],Mary,John,Mary,0,0,1,0,0
F02,development,Mary,permuted_norm,replay_old,1,e7bfb050ab528bac3fff3247eca875e971739c1279ad21aa6adeedf49af17201,"[[""John"", ""send""]]",0,2,[],Mary,John,Mary,0,0,1,0,0
F02,development,Mary,wrong_address,initial,0,d691f46384f9abeb9b25a099356bdf07a61c15180d7ebc81e4b053981a3e0f84,"[[""John"", ""send""], [""Mary"", ""send""]]",1,0,"[[""John"", ""send""], [""Mary"", ""send""]]",Mary,John,Mary,1,1,0,0,0
F02,development,Mary,wrong_address,narrow,1,e7bfb050ab528bac3fff3247eca875e971739c1279ad21aa6adeedf49af17201,"[[""John"", ""send""]]",1,1,"[[""John"", ""send""]]",Mary,John,Mary,0,0,1,0,0
F02,development,Mary,wrong_address,forged_widen,2,forged-not-a-signature,"[[""John"", ""send""], [""Mary"", ""send""]]",0,1,"[[""John"", ""send""]]",Mary,John,Mary,0,0,1,0,0
F02,development,Mary,wrong_address,revoke,2,204f54754f15b3e33247d286443819c6cccb5669de3ac033d374f4efc65ec901,[],1,2,[],Mary,John,Mary,0,0,1,0,0
F02,development,Mary,wrong_address,replay_old,1,e7bfb050ab528bac3fff3247eca875e971739c1279ad21aa6adeedf49af17201,"[[""John"", ""send""]]",0,2,[],Mary,John,Mary,0,0,1,0,0
F02,development,Mary,inverse_norm,initial,0,d691f46384f9abeb9b25a099356bdf07a61c15180d7ebc81e4b053981a3e0f84,"[[""John"", ""send""], [""Mary"", ""send""]]",1,0,"[[""John"", ""send""], [""Mary"", ""send""]]",Mary,John,Mary,1,1,0,0,0
F02,development,Mary,inverse_norm,narrow,1,e7bfb050ab528bac3fff3247eca875e971739c1279ad21aa6adeedf49af17201,"[[""John"", ""send""]]",1,1,"[[""John"", ""send""]]",Mary,John,Mary,0,0,1,0,0
F02,development,Mary,inverse_norm,forged_widen,2,forged-not-a-signature,"[[""John"", ""send""], [""Mary"", ""send""]]",0,1,"[[""John"", ""send""]]",Mary,John,Mary,0,0,1,0,0
F02,development,Mary,inverse_norm,revoke,2,204f54754f15b3e33247d286443819c6cccb5669de3ac033d374f4efc65ec901,[],1,2,[],Mary,John,Mary,0,0,1,0,0
F02,development,Mary,inverse_norm,replay_old,1,e7bfb050ab528bac3fff3247eca875e971739c1279ad21aa6adeedf49af17201,"[[""John"", ""send""]]",0,2,[],Mary,John,Mary,0,0,1,0,0
F02,development,Mary,cache_restore,initial,0,d691f46384f9abeb9b25a099356bdf07a61c15180d7ebc81e4b053981a3e0f84,"[[""John"", ""send""], [""Mary"", ""send""]]",1,0,"[[""John"", ""send""], [""Mary"", ""send""]]",John,John,Mary,1,1,0,1,0
F02,development,Mary,cache_restore,narrow,1,e7bfb050ab528bac3fff3247eca875e971739c1279ad21aa6adeedf49af17201,"[[""John"", ""send""]]",1,1,"[[""John"", ""send""]]",John,John,Mary,1,1,0,1,0
F02,development,Mary,cache_restore,forged_widen,2,forged-not-a-signature,"[[""John"", ""send""], [""Mary"", ""send""]]",0,1,"[[""John"", ""send""]]",John,John,Mary,1,1,0,1,0
F02,development,Mary,cache_restore,revoke,2,204f54754f15b3e33247d286443819c6cccb5669de3ac033d374f4efc65ec901,[],1,2,[],John,John,Mary,0,0,1,0,0
F02,development,Mary,cache_restore,replay_old,1,e7bfb050ab528bac3fff3247eca875e971739c1279ad21aa6adeedf49af17201,"[[""John"", ""send""]]",0,2,[],John,John,Mary,0,0,1,0,0
F03,development,Tom,clean,initial,0,9cfb8c8d3990c8ed85bc4407137bd4e842272215831e4ae9711f250dcc9c23dc,"[[""Sarah"", ""send""], [""Tom"", ""send""]]",1,0,"[[""Sarah"", ""send""], [""Tom"", ""send""]]",Sarah,Sarah,Tom,1,1,0,1,0
F03,development,Tom,clean,narrow,1,675a8e73a1d4312fd93edcfadcd770e1f66e112fac80643712b55d0e15565dd4,"[[""Sarah"", ""send""]]",1,1,"[[""Sarah"", ""send""]]",Sarah,Sarah,Tom,1,1,0,1,0
F03,development,Tom,clean,forged_widen,2,forged-not-a-signature,"[[""Sarah"", ""send""], [""Tom"", ""send""]]",0,1,"[[""Sarah"", ""send""]]",Sarah,Sarah,Tom,1,1,0,1,0
F03,development,Tom,clean,revoke,2,204f54754f15b3e33247d286443819c6cccb5669de3ac033d374f4efc65ec901,[],1,2,[],Sarah,Sarah,Tom,0,0,1,0,0
F03,development,Tom,clean,replay_old,1,675a8e73a1d4312fd93edcfadcd770e1f66e112fac80643712b55d0e15565dd4,"[[""Sarah"", ""send""]]",0,2,[],Sarah,Sarah,Tom,0,0,1,0,0
F03,development,Tom,corrupt,initial,0,9cfb8c8d3990c8ed85bc4407137bd4e842272215831e4ae9711f250dcc9c23dc,"[[""Sarah"", ""send""], [""Tom"", ""send""]]",1,0,"[[""Sarah"", ""send""], [""Tom"", ""send""]]",Tom,Sarah,Tom,1,1,0,0,0
F03,development,Tom,corrupt,narrow,1,675a8e73a1d4312fd93edcfadcd770e1f66e112fac80643712b55d0e15565dd4,"[[""Sarah"", ""send""]]",1,1,"[[""Sarah"", ""send""]]",Tom,Sarah,Tom,0,0,1,0,0
F03,development,Tom,corrupt,forged_widen,2,forged-not-a-signature,"[[""Sarah"", ""send""], [""Tom"", ""send""]]",0,1,"[[""Sarah"", ""send""]]",Tom,Sarah,Tom,0,0,1,0,0
F03,development,Tom,corrupt,revoke,2,204f54754f15b3e33247d286443819c6cccb5669de3ac033d374f4efc65ec901,[],1,2,[],Tom,Sarah,Tom,0,0,1,0,0
F03,development,Tom,corrupt,replay_old,1,675a8e73a1d4312fd93edcfadcd770e1f66e112fac80643712b55d0e15565dd4,"[[""Sarah"", ""send""]]",0,2,[],Tom,Sarah,Tom,0,0,1,0,0
F03,development,Tom,donor_r7,initial,0,9cfb8c8d3990c8ed85bc4407137bd4e842272215831e4ae9711f250dcc9c23dc,"[[""Sarah"", ""send""], [""Tom"", ""send""]]",1,0,"[[""Sarah"", ""send""], [""Tom"", ""send""]]",Tom,Sarah,Tom,1,1,0,0,0
F03,development,Tom,donor_r7,narrow,1,675a8e73a1d4312fd93edcfadcd770e1f66e112fac80643712b55d0e15565dd4,"[[""Sarah"", ""send""]]",1,1,"[[""Sarah"", ""send""]]",Tom,Sarah,Tom,0,0,1,0,0
F03,development,Tom,donor_r7,forged_widen,2,forged-not-a-signature,"[[""Sarah"", ""send""], [""Tom"", ""send""]]",0,1,"[[""Sarah"", ""send""]]",Tom,Sarah,Tom,0,0,1,0,0
F03,development,Tom,donor_r7,revoke,2,204f54754f15b3e33247d286443819c6cccb5669de3ac033d374f4efc65ec901,[],1,2,[],Tom,Sarah,Tom,0,0,1,0,0
F03,development,Tom,donor_r7,replay_old,1,675a8e73a1d4312fd93edcfadcd770e1f66e112fac80643712b55d0e15565dd4,"[[""Sarah"", ""send""]]",0,2,[],Tom,Sarah,Tom,0,0,1,0,0
F03,development,Tom,donor_r8,initial,0,9cfb8c8d3990c8ed85bc4407137bd4e842272215831e4ae9711f250dcc9c23dc,"[[""Sarah"", ""send""], [""Tom"", ""send""]]",1,0,"[[""Sarah"", ""send""], [""Tom"", ""send""]]",Sarah,Sarah,Tom,1,1,0,1,0
F03,development,Tom,donor_r8,narrow,1,675a8e73a1d4312fd93edcfadcd770e1f66e112fac80643712b55d0e15565dd4,"[[""Sarah"", ""send""]]",1,1,"[[""Sarah"", ""send""]]",Sarah,Sarah,Tom,1,1,0,1,0
F03,development,Tom,donor_r8,forged_widen,2,forged-not-a-signature,"[[""Sarah"", ""send""], [""Tom"", ""send""]]",0,1,"[[""Sarah"", ""send""]]",Sarah,Sarah,Tom,1,1,0,1,0
F03,development,Tom,donor_r8,revoke,2,204f54754f15b3e33247d286443819c6cccb5669de3ac033d374f4efc65ec901,[],1,2,[],Sarah,Sarah,Tom,0,0,1,0,0
F03,development,Tom,donor_r8,replay_old,1,675a8e73a1d4312fd93edcfadcd770e1f66e112fac80643712b55d0e15565dd4,"[[""Sarah"", ""send""]]",0,2,[],Sarah,Sarah,Tom,0,0,1,0,0
F03,development,Tom,donor_a9,initial,0,9cfb8c8d3990c8ed85bc4407137bd4e842272215831e4ae9711f250dcc9c23dc,"[[""Sarah"", ""send""], [""Tom"", ""send""]]",1,0,"[[""Sarah"", ""send""], [""Tom"", ""send""]]",Tom,Sarah,Tom,1,1,0,0,0
F03,development,Tom,donor_a9,narrow,1,675a8e73a1d4312fd93edcfadcd770e1f66e112fac80643712b55d0e15565dd4,"[[""Sarah"", ""send""]]",1,1,"[[""Sarah"", ""send""]]",Tom,Sarah,Tom,0,0,1,0,0
F03,development,Tom,donor_a9,forged_widen,2,forged-not-a-signature,"[[""Sarah"", ""send""], [""Tom"", ""send""]]",0,1,"[[""Sarah"", ""send""]]",Tom,Sarah,Tom,0,0,1,0,0
F03,development,Tom,donor_a9,revoke,2,204f54754f15b3e33247d286443819c6cccb5669de3ac033d374f4efc65ec901,[],1,2,[],Tom,Sarah,Tom,0,0,1,0,0
F03,development,Tom,donor_a9,replay_old,1,675a8e73a1d4312fd93edcfadcd770e1f66e112fac80643712b55d0e15565dd4,"[[""Sarah"", ""send""]]",0,2,[],Tom,Sarah,Tom,0,0,1,0,0
F03,development,Tom,unrelated_norm,initial,0,9cfb8c8d3990c8ed85bc4407137bd4e842272215831e4ae9711f250dcc9c23dc,"[[""Sarah"", ""send""], [""Tom"", ""send""]]",1,0,"[[""Sarah"", ""send""], [""Tom"", ""send""]]",Tom,Sarah,Tom,1,1,0,0,0
F03,development,Tom,unrelated_norm,narrow,1,675a8e73a1d4312fd93edcfadcd770e1f66e112fac80643712b55d0e15565dd4,"[[""Sarah"", ""send""]]",1,1,"[[""Sarah"", ""send""]]",Tom,Sarah,Tom,0,0,1,0,0
F03,development,Tom,unrelated_norm,forged_widen,2,forged-not-a-signature,"[[""Sarah"", ""send""], [""Tom"", ""send""]]",0,1,"[[""Sarah"", ""send""]]",Tom,Sarah,Tom,0,0,1,0,0
F03,development,Tom,unrelated_norm,revoke,2,204f54754f15b3e33247d286443819c6cccb5669de3ac033d374f4efc65ec901,[],1,2,[],Tom,Sarah,Tom,0,0,1,0,0
F03,development,Tom,unrelated_norm,replay_old,1,675a8e73a1d4312fd93edcfadcd770e1f66e112fac80643712b55d0e15565dd4,"[[""Sarah"", ""send""]]",0,2,[],Tom,Sarah,Tom,0,0,1,0,0
F03,development,Tom,permuted_norm,initial,0,9cfb8c8d3990c8ed85bc4407137bd4e842272215831e4ae9711f250dcc9c23dc,"[[""Sarah"", ""send""], [""Tom"", ""send""]]",1,0,"[[""Sarah"", ""send""], [""Tom"", ""send""]]",Tom,Sarah,Tom,1,1,0,0,0
F03,development,Tom,permuted_norm,narrow,1,675a8e73a1d4312fd93edcfadcd770e1f66e112fac80643712b55d0e15565dd4,"[[""Sarah"", ""send""]]",1,1,"[[""Sarah"", ""send""]]",Tom,Sarah,Tom,0,0,1,0,0
F03,development,Tom,permuted_norm,forged_widen,2,forged-not-a-signature,"[[""Sarah"", ""send""], [""Tom"", ""send""]]",0,1,"[[""Sarah"", ""send""]]",Tom,Sarah,Tom,0,0,1,0,0
F03,development,Tom,permuted_norm,revoke,2,204f54754f15b3e33247d286443819c6cccb5669de3ac033d374f4efc65ec901,[],1,2,[],Tom,Sarah,Tom,0,0,1,0,0
F03,development,Tom,permuted_norm,replay_old,1,675a8e73a1d4312fd93edcfadcd770e1f66e112fac80643712b55d0e15565dd4,"[[""Sarah"", ""send""]]",0,2,[],Tom,Sarah,Tom,0,0,1,0,0
F03,development,Tom,wrong_address,initial,0,9cfb8c8d3990c8ed85bc4407137bd4e842272215831e4ae9711f250dcc9c23dc,"[[""Sarah"", ""send""], [""Tom"", ""send""]]",1,0,"[[""Sarah"", ""send""], [""Tom"", ""send""]]",Tom,Sarah,Tom,1,1,0,0,0
F03,development,Tom,wrong_address,narrow,1,675a8e73a1d4312fd93edcfadcd770e1f66e112fac80643712b55d0e15565dd4,"[[""Sarah"", ""send""]]",1,1,"[[""Sarah"", ""send""]]",Tom,Sarah,Tom,0,0,1,0,0
F03,development,Tom,wrong_address,forged_widen,2,forged-not-a-signature,"[[""Sarah"", ""send""], [""Tom"", ""send""]]",0,1,"[[""Sarah"", ""send""]]",Tom,Sarah,Tom,0,0,1,0,0
F03,development,Tom,wrong_address,revoke,2,204f54754f15b3e33247d286443819c6cccb5669de3ac033d374f4efc65ec901,[],1,2,[],Tom,Sarah,Tom,0,0,1,0,0
F03,development,Tom,wrong_address,replay_old,1,675a8e73a1d4312fd93edcfadcd770e1f66e112fac80643712b55d0e15565dd4,"[[""Sarah"", ""send""]]",0,2,[],Tom,Sarah,Tom,0,0,1,0,0
F03,development,Tom,inverse_norm,initial,0,9cfb8c8d3990c8ed85bc4407137bd4e842272215831e4ae9711f250dcc9c23dc,"[[""Sarah"", ""send""], [""Tom"", ""send""]]",1,0,"[[""Sarah"", ""send""], [""Tom"", ""send""]]",Tom,Sarah,Tom,1,1,0,0,0
F03,development,Tom,inverse_norm,narrow,1,675a8e73a1d4312fd93edcfadcd770e1f66e112fac80643712b55d0e15565dd4,"[[""Sarah"", ""send""]]",1,1,"[[""Sarah"", ""send""]]",Tom,Sarah,Tom,0,0,1,0,0
F03,development,Tom,inverse_norm,forged_widen,2,forged-not-a-signature,"[[""Sarah"", ""send""], [""Tom"", ""send""]]",0,1,"[[""Sarah"", ""send""]]",Tom,Sarah,Tom,0,0,1,0,0
F03,development,Tom,inverse_norm,revoke,2,204f54754f15b3e33247d286443819c6cccb5669de3ac033d374f4efc65ec901,[],1,2,[],Tom,Sarah,Tom,0,0,1,0,0
F03,development,Tom,inverse_norm,replay_old,1,675a8e73a1d4312fd93edcfadcd770e1f66e112fac80643712b55d0e15565dd4,"[[""Sarah"", ""send""]]",0,2,[],Tom,Sarah,Tom,0,0,1,0,0
F03,development,Tom,cache_restore,initial,0,9cfb8c8d3990c8ed85bc4407137bd4e842272215831e4ae9711f250dcc9c23dc,"[[""Sarah"", ""send""], [""Tom"", ""send""]]",1,0,"[[""Sarah"", ""send""], [""Tom"", ""send""]]",Sarah,Sarah,Tom,1,1,0,1,0
F03,development,Tom,cache_restore,narrow,1,675a8e73a1d4312fd93edcfadcd770e1f66e112fac80643712b55d0e15565dd4,"[[""Sarah"", ""send""]]",1,1,"[[""Sarah"", ""send""]]",Sarah,Sarah,Tom,1,1,0,1,0
F03,development,Tom,cache_restore,forged_widen,2,forged-not-a-signature,"[[""Sarah"", ""send""], [""Tom"", ""send""]]",0,1,"[[""Sarah"", ""send""]]",Sarah,Sarah,Tom,1,1,0,1,0
F03,development,Tom,cache_restore,revoke,2,204f54754f15b3e33247d286443819c6cccb5669de3ac033d374f4efc65ec901,[],1,2,[],Sarah,Sarah,Tom,0,0,1,0,0
F03,development,Tom,cache_restore,replay_old,1,675a8e73a1d4312fd93edcfadcd770e1f66e112fac80643712b55d0e15565dd4,"[[""Sarah"", ""send""]]",0,2,[],Sarah,Sarah,Tom,0,0,1,0,0
F03,development,Sarah,clean,initial,0,9cfb8c8d3990c8ed85bc4407137bd4e842272215831e4ae9711f250dcc9c23dc,"[[""Sarah"", ""send""], [""Tom"", ""send""]]",1,0,"[[""Sarah"", ""send""], [""Tom"", ""send""]]",Tom,Tom,Sarah,1,1,0,1,0
F03,development,Sarah,clean,narrow,1,6a0c89fef8cbcf072da84647fc936f7434169cb66f48a9b79bb2b27799396ed4,"[[""Tom"", ""send""]]",1,1,"[[""Tom"", ""send""]]",Tom,Tom,Sarah,1,1,0,1,0
F03,development,Sarah,clean,forged_widen,2,forged-not-a-signature,"[[""Sarah"", ""send""], [""Tom"", ""send""]]",0,1,"[[""Tom"", ""send""]]",Tom,Tom,Sarah,1,1,0,1,0
F03,development,Sarah,clean,revoke,2,204f54754f15b3e33247d286443819c6cccb5669de3ac033d374f4efc65ec901,[],1,2,[],Tom,Tom,Sarah,0,0,1,0,0
F03,development,Sarah,clean,replay_old,1,6a0c89fef8cbcf072da84647fc936f7434169cb66f48a9b79bb2b27799396ed4,"[[""Tom"", ""send""]]",0,2,[],Tom,Tom,Sarah,0,0,1,0,0
F03,development,Sarah,corrupt,initial,0,9cfb8c8d3990c8ed85bc4407137bd4e842272215831e4ae9711f250dcc9c23dc,"[[""Sarah"", ""send""], [""Tom"", ""send""]]",1,0,"[[""Sarah"", ""send""], [""Tom"", ""send""]]",Sarah,Tom,Sarah,1,1,0,0,0
F03,development,Sarah,corrupt,narrow,1,6a0c89fef8cbcf072da84647fc936f7434169cb66f48a9b79bb2b27799396ed4,"[[""Tom"", ""send""]]",1,1,"[[""Tom"", ""send""]]",Sarah,Tom,Sarah,0,0,1,0,0
F03,development,Sarah,corrupt,forged_widen,2,forged-not-a-signature,"[[""Sarah"", ""send""], [""Tom"", ""send""]]",0,1,"[[""Tom"", ""send""]]",Sarah,Tom,Sarah,0,0,1,0,0
F03,development,Sarah,corrupt,revoke,2,204f54754f15b3e33247d286443819c6cccb5669de3ac033d374f4efc65ec901,[],1,2,[],Sarah,Tom,Sarah,0,0,1,0,0
F03,development,Sarah,corrupt,replay_old,1,6a0c89fef8cbcf072da84647fc936f7434169cb66f48a9b79bb2b27799396ed4,"[[""Tom"", ""send""]]",0,2,[],Sarah,Tom,Sarah,0,0,1,0,0
F03,development,Sarah,donor_r7,initial,0,9cfb8c8d3990c8ed85bc4407137bd4e842272215831e4ae9711f250dcc9c23dc,"[[""Sarah"", ""send""], [""Tom"", ""send""]]",1,0,"[[""Sarah"", ""send""], [""Tom"", ""send""]]",INVALID,Tom,Sarah,0,0,0,0,0
F03,development,Sarah,donor_r7,narrow,1,6a0c89fef8cbcf072da84647fc936f7434169cb66f48a9b79bb2b27799396ed4,"[[""Tom"", ""send""]]",1,1,"[[""Tom"", ""send""]]",INVALID,Tom,Sarah,0,0,0,0,0
F03,development,Sarah,donor_r7,forged_widen,2,forged-not-a-signature,"[[""Sarah"", ""send""], [""Tom"", ""send""]]",0,1,"[[""Tom"", ""send""]]",INVALID,Tom,Sarah,0,0,0,0,0
F03,development,Sarah,donor_r7,revoke,2,204f54754f15b3e33247d286443819c6cccb5669de3ac033d374f4efc65ec901,[],1,2,[],INVALID,Tom,Sarah,0,0,0,0,0
F03,development,Sarah,donor_r7,replay_old,1,6a0c89fef8cbcf072da84647fc936f7434169cb66f48a9b79bb2b27799396ed4,"[[""Tom"", ""send""]]",0,2,[],INVALID,Tom,Sarah,0,0,0,0,0
F03,development,Sarah,donor_r8,initial,0,9cfb8c8d3990c8ed85bc4407137bd4e842272215831e4ae9711f250dcc9c23dc,"[[""Sarah"", ""send""], [""Tom"", ""send""]]",1,0,"[[""Sarah"", ""send""], [""Tom"", ""send""]]",Tom,Tom,Sarah,1,1,0,1,0
F03,development,Sarah,donor_r8,narrow,1,6a0c89fef8cbcf072da84647fc936f7434169cb66f48a9b79bb2b27799396ed4,"[[""Tom"", ""send""]]",1,1,"[[""Tom"", ""send""]]",Tom,Tom,Sarah,1,1,0,1,0
F03,development,Sarah,donor_r8,forged_widen,2,forged-not-a-signature,"[[""Sarah"", ""send""], [""Tom"", ""send""]]",0,1,"[[""Tom"", ""send""]]",Tom,Tom,Sarah,1,1,0,1,0
F03,development,Sarah,donor_r8,revoke,2,204f54754f15b3e33247d286443819c6cccb5669de3ac033d374f4efc65ec901,[],1,2,[],Tom,Tom,Sarah,0,0,1,0,0
F03,development,Sarah,donor_r8,replay_old,1,6a0c89fef8cbcf072da84647fc936f7434169cb66f48a9b79bb2b27799396ed4,"[[""Tom"", ""send""]]",0,2,[],Tom,Tom,Sarah,0,0,1,0,0
F03,development,Sarah,donor_a9,initial,0,9cfb8c8d3990c8ed85bc4407137bd4e842272215831e4ae9711f250dcc9c23dc,"[[""Sarah"", ""send""], [""Tom"", ""send""]]",1,0,"[[""Sarah"", ""send""], [""Tom"", ""send""]]",Sarah,Tom,Sarah,1,1,0,0,0
F03,development,Sarah,donor_a9,narrow,1,6a0c89fef8cbcf072da84647fc936f7434169cb66f48a9b79bb2b27799396ed4,"[[""Tom"", ""send""]]",1,1,"[[""Tom"", ""send""]]",Sarah,Tom,Sarah,0,0,1,0,0
F03,development,Sarah,donor_a9,forged_widen,2,forged-not-a-signature,"[[""Sarah"", ""send""], [""Tom"", ""send""]]",0,1,"[[""Tom"", ""send""]]",Sarah,Tom,Sarah,0,0,1,0,0
F03,development,Sarah,donor_a9,revoke,2,204f54754f15b3e33247d286443819c6cccb5669de3ac033d374f4efc65ec901,[],1,2,[],Sarah,Tom,Sarah,0,0,1,0,0
F03,development,Sarah,donor_a9,replay_old,1,6a0c89fef8cbcf072da84647fc936f7434169cb66f48a9b79bb2b27799396ed4,"[[""Tom"", ""send""]]",0,2,[],Sarah,Tom,Sarah,0,0,1,0,0
F03,development,Sarah,unrelated_norm,initial,0,9cfb8c8d3990c8ed85bc4407137bd4e842272215831e4ae9711f250dcc9c23dc,"[[""Sarah"", ""send""], [""Tom"", ""send""]]",1,0,"[[""Sarah"", ""send""], [""Tom"", ""send""]]",Sarah,Tom,Sarah,1,1,0,0,0
F03,development,Sarah,unrelated_norm,narrow,1,6a0c89fef8cbcf072da84647fc936f7434169cb66f48a9b79bb2b27799396ed4,"[[""Tom"", ""send""]]",1,1,"[[""Tom"", ""send""]]",Sarah,Tom,Sarah,0,0,1,0,0
F03,development,Sarah,unrelated_norm,forged_widen,2,forged-not-a-signature,"[[""Sarah"", ""send""], [""Tom"", ""send""]]",0,1,"[[""Tom"", ""send""]]",Sarah,Tom,Sarah,0,0,1,0,0
F03,development,Sarah,unrelated_norm,revoke,2,204f54754f15b3e33247d286443819c6cccb5669de3ac033d374f4efc65ec901,[],1,2,[],Sarah,Tom,Sarah,0,0,1,0,0
F03,development,Sarah,unrelated_norm,replay_old,1,6a0c89fef8cbcf072da84647fc936f7434169cb66f48a9b79bb2b27799396ed4,"[[""Tom"", ""send""]]",0,2,[],Sarah,Tom,Sarah,0,0,1,0,0
F03,development,Sarah,permuted_norm,initial,0,9cfb8c8d3990c8ed85bc4407137bd4e842272215831e4ae9711f250dcc9c23dc,"[[""Sarah"", ""send""], [""Tom"", ""send""]]",1,0,"[[""Sarah"", ""send""], [""Tom"", ""send""]]",Sarah,Tom,Sarah,1,1,0,0,0
F03,development,Sarah,permuted_norm,narrow,1,6a0c89fef8cbcf072da84647fc936f7434169cb66f48a9b79bb2b27799396ed4,"[[""Tom"", ""send""]]",1,1,"[[""Tom"", ""send""]]",Sarah,Tom,Sarah,0,0,1,0,0
F03,development,Sarah,permuted_norm,forged_widen,2,forged-not-a-signature,"[[""Sarah"", ""send""], [""Tom"", ""send""]]",0,1,"[[""Tom"", ""send""]]",Sarah,Tom,Sarah,0,0,1,0,0
F03,development,Sarah,permuted_norm,revoke,2,204f54754f15b3e33247d286443819c6cccb5669de3ac033d374f4efc65ec901,[],1,2,[],Sarah,Tom,Sarah,0,0,1,0,0
F03,development,Sarah,permuted_norm,replay_old,1,6a0c89fef8cbcf072da84647fc936f7434169cb66f48a9b79bb2b27799396ed4,"[[""Tom"", ""send""]]",0,2,[],Sarah,Tom,Sarah,0,0,1,0,0
F03,development,Sarah,wrong_address,initial,0,9cfb8c8d3990c8ed85bc4407137bd4e842272215831e4ae9711f250dcc9c23dc,"[[""Sarah"", ""send""], [""Tom"", ""send""]]",1,0,"[[""Sarah"", ""send""], [""Tom"", ""send""]]",Sarah,Tom,Sarah,1,1,0,0,0
F03,development,Sarah,wrong_address,narrow,1,6a0c89fef8cbcf072da84647fc936f7434169cb66f48a9b79bb2b27799396ed4,"[[""Tom"", ""send""]]",1,1,"[[""Tom"", ""send""]]",Sarah,Tom,Sarah,0,0,1,0,0
F03,development,Sarah,wrong_address,forged_widen,2,forged-not-a-signature,"[[""Sarah"", ""send""], [""Tom"", ""send""]]",0,1,"[[""Tom"", ""send""]]",Sarah,Tom,Sarah,0,0,1,0,0
F03,development,Sarah,wrong_address,revoke,2,204f54754f15b3e33247d286443819c6cccb5669de3ac033d374f4efc65ec901,[],1,2,[],Sarah,Tom,Sarah,0,0,1,0,0
F03,development,Sarah,wrong_address,replay_old,1,6a0c89fef8cbcf072da84647fc936f7434169cb66f48a9b79bb2b27799396ed4,"[[""Tom"", ""send""]]",0,2,[],Sarah,Tom,Sarah,0,0,1,0,0
F03,development,Sarah,inverse_norm,initial,0,9cfb8c8d3990c8ed85bc4407137bd4e842272215831e4ae9711f250dcc9c23dc,"[[""Sarah"", ""send""], [""Tom"", ""send""]]",1,0,"[[""Sarah"", ""send""], [""Tom"", ""send""]]",Sarah,Tom,Sarah,1,1,0,0,0
F03,development,Sarah,inverse_norm,narrow,1,6a0c89fef8cbcf072da84647fc936f7434169cb66f48a9b79bb2b27799396ed4,"[[""Tom"", ""send""]]",1,1,"[[""Tom"", ""send""]]",Sarah,Tom,Sarah,0,0,1,0,0
F03,development,Sarah,inverse_norm,forged_widen,2,forged-not-a-signature,"[[""Sarah"", ""send""], [""Tom"", ""send""]]",0,1,"[[""Tom"", ""send""]]",Sarah,Tom,Sarah,0,0,1,0,0
F03,development,Sarah,inverse_norm,revoke,2,204f54754f15b3e33247d286443819c6cccb5669de3ac033d374f4efc65ec901,[],1,2,[],Sarah,Tom,Sarah,0,0,1,0,0
F03,development,Sarah,inverse_norm,replay_old,1,6a0c89fef8cbcf072da84647fc936f7434169cb66f48a9b79bb2b27799396ed4,"[[""Tom"", ""send""]]",0,2,[],Sarah,Tom,Sarah,0,0,1,0,0
F03,development,Sarah,cache_restore,initial,0,9cfb8c8d3990c8ed85bc4407137bd4e842272215831e4ae9711f250dcc9c23dc,"[[""Sarah"", ""send""], [""Tom"", ""send""]]",1,0,"[[""Sarah"", ""send""], [""Tom"", ""send""]]",Tom,Tom,Sarah,1,1,0,1,0
F03,development,Sarah,cache_restore,narrow,1,6a0c89fef8cbcf072da84647fc936f7434169cb66f48a9b79bb2b27799396ed4,"[[""Tom"", ""send""]]",1,1,"[[""Tom"", ""send""]]",Tom,Tom,Sarah,1,1,0,1,0
F03,development,Sarah,cache_restore,forged_widen,2,forged-not-a-signature,"[[""Sarah"", ""send""], [""Tom"", ""send""]]",0,1,"[[""Tom"", ""send""]]",Tom,Tom,Sarah,1,1,0,1,0
F03,development,Sarah,cache_restore,revoke,2,204f54754f15b3e33247d286443819c6cccb5669de3ac033d374f4efc65ec901,[],1,2,[],Tom,Tom,Sarah,0,0,1,0,0
F03,development,Sarah,cache_restore,replay_old,1,6a0c89fef8cbcf072da84647fc936f7434169cb66f48a9b79bb2b27799396ed4,"[[""Tom"", ""send""]]",0,2,[],Tom,Tom,Sarah,0,0,1,0,0
F04,heldout,David,clean,initial,0,ee690d61fc5dd3e74aaf03eeadefeacf31313519fddf3f20dae7109744fbe588,"[[""David"", ""send""], [""Emma"", ""send""]]",1,0,"[[""David"", ""send""], [""Emma"", ""send""]]",Emma,Emma,David,1,1,0,1,0
F04,heldout,David,clean,narrow,1,5c9c7161598fa39fac0ed655f6db03d3cfc3d7c2535d8d2ed42f56d39571217e,"[[""Emma"", ""send""]]",1,1,"[[""Emma"", ""send""]]",Emma,Emma,David,1,1,0,1,0
F04,heldout,David,clean,forged_widen,2,forged-not-a-signature,"[[""David"", ""send""], [""Emma"", ""send""]]",0,1,"[[""Emma"", ""send""]]",Emma,Emma,David,1,1,0,1,0
F04,heldout,David,clean,revoke,2,204f54754f15b3e33247d286443819c6cccb5669de3ac033d374f4efc65ec901,[],1,2,[],Emma,Emma,David,0,0,1,0,0
F04,heldout,David,clean,replay_old,1,5c9c7161598fa39fac0ed655f6db03d3cfc3d7c2535d8d2ed42f56d39571217e,"[[""Emma"", ""send""]]",0,2,[],Emma,Emma,David,0,0,1,0,0
F04,heldout,David,corrupt,initial,0,ee690d61fc5dd3e74aaf03eeadefeacf31313519fddf3f20dae7109744fbe588,"[[""David"", ""send""], [""Emma"", ""send""]]",1,0,"[[""David"", ""send""], [""Emma"", ""send""]]",INVALID,Emma,David,0,0,0,0,0
F04,heldout,David,corrupt,narrow,1,5c9c7161598fa39fac0ed655f6db03d3cfc3d7c2535d8d2ed42f56d39571217e,"[[""Emma"", ""send""]]",1,1,"[[""Emma"", ""send""]]",INVALID,Emma,David,0,0,0,0,0
F04,heldout,David,corrupt,forged_widen,2,forged-not-a-signature,"[[""David"", ""send""], [""Emma"", ""send""]]",0,1,"[[""Emma"", ""send""]]",INVALID,Emma,David,0,0,0,0,0
F04,heldout,David,corrupt,revoke,2,204f54754f15b3e33247d286443819c6cccb5669de3ac033d374f4efc65ec901,[],1,2,[],INVALID,Emma,David,0,0,0,0,0
F04,heldout,David,corrupt,replay_old,1,5c9c7161598fa39fac0ed655f6db03d3cfc3d7c2535d8d2ed42f56d39571217e,"[[""Emma"", ""send""]]",0,2,[],INVALID,Emma,David,0,0,0,0,0
F04,heldout,David,donor_r7,initial,0,ee690d61fc5dd3e74aaf03eeadefeacf31313519fddf3f20dae7109744fbe588,"[[""David"", ""send""], [""Emma"", ""send""]]",1,0,"[[""David"", ""send""], [""Emma"", ""send""]]",INVALID,Emma,David,0,0,0,0,0
F04,heldout,David,donor_r7,narrow,1,5c9c7161598fa39fac0ed655f6db03d3cfc3d7c2535d8d2ed42f56d39571217e,"[[""Emma"", ""send""]]",1,1,"[[""Emma"", ""send""]]",INVALID,Emma,David,0,0,0,0,0
F04,heldout,David,donor_r7,forged_widen,2,forged-not-a-signature,"[[""David"", ""send""], [""Emma"", ""send""]]",0,1,"[[""Emma"", ""send""]]",INVALID,Emma,David,0,0,0,0,0
F04,heldout,David,donor_r7,revoke,2,204f54754f15b3e33247d286443819c6cccb5669de3ac033d374f4efc65ec901,[],1,2,[],INVALID,Emma,David,0,0,0,0,0
F04,heldout,David,donor_r7,replay_old,1,5c9c7161598fa39fac0ed655f6db03d3cfc3d7c2535d8d2ed42f56d39571217e,"[[""Emma"", ""send""]]",0,2,[],INVALID,Emma,David,0,0,0,0,0
F04,heldout,David,donor_r8,initial,0,ee690d61fc5dd3e74aaf03eeadefeacf31313519fddf3f20dae7109744fbe588,"[[""David"", ""send""], [""Emma"", ""send""]]",1,0,"[[""David"", ""send""], [""Emma"", ""send""]]",INVALID,Emma,David,0,0,0,0,0
F04,heldout,David,donor_r8,narrow,1,5c9c7161598fa39fac0ed655f6db03d3cfc3d7c2535d8d2ed42f56d39571217e,"[[""Emma"", ""send""]]",1,1,"[[""Emma"", ""send""]]",INVALID,Emma,David,0,0,0,0,0
F04,heldout,David,donor_r8,forged_widen,2,forged-not-a-signature,"[[""David"", ""send""], [""Emma"", ""send""]]",0,1,"[[""Emma"", ""send""]]",INVALID,Emma,David,0,0,0,0,0
F04,heldout,David,donor_r8,revoke,2,204f54754f15b3e33247d286443819c6cccb5669de3ac033d374f4efc65ec901,[],1,2,[],INVALID,Emma,David,0,0,0,0,0
F04,heldout,David,donor_r8,replay_old,1,5c9c7161598fa39fac0ed655f6db03d3cfc3d7c2535d8d2ed42f56d39571217e,"[[""Emma"", ""send""]]",0,2,[],INVALID,Emma,David,0,0,0,0,0
F04,heldout,David,donor_a9,initial,0,ee690d61fc5dd3e74aaf03eeadefeacf31313519fddf3f20dae7109744fbe588,"[[""David"", ""send""], [""Emma"", ""send""]]",1,0,"[[""David"", ""send""], [""Emma"", ""send""]]",INVALID,Emma,David,0,0,0,0,0
F04,heldout,David,donor_a9,narrow,1,5c9c7161598fa39fac0ed655f6db03d3cfc3d7c2535d8d2ed42f56d39571217e,"[[""Emma"", ""send""]]",1,1,"[[""Emma"", ""send""]]",INVALID,Emma,David,0,0,0,0,0
F04,heldout,David,donor_a9,forged_widen,2,forged-not-a-signature,"[[""David"", ""send""], [""Emma"", ""send""]]",0,1,"[[""Emma"", ""send""]]",INVALID,Emma,David,0,0,0,0,0
F04,heldout,David,donor_a9,revoke,2,204f54754f15b3e33247d286443819c6cccb5669de3ac033d374f4efc65ec901,[],1,2,[],INVALID,Emma,David,0,0,0,0,0
F04,heldout,David,donor_a9,replay_old,1,5c9c7161598fa39fac0ed655f6db03d3cfc3d7c2535d8d2ed42f56d39571217e,"[[""Emma"", ""send""]]",0,2,[],INVALID,Emma,David,0,0,0,0,0
F04,heldout,David,unrelated_norm,initial,0,ee690d61fc5dd3e74aaf03eeadefeacf31313519fddf3f20dae7109744fbe588,"[[""David"", ""send""], [""Emma"", ""send""]]",1,0,"[[""David"", ""send""], [""Emma"", ""send""]]",David,Emma,David,1,1,0,0,0
F04,heldout,David,unrelated_norm,narrow,1,5c9c7161598fa39fac0ed655f6db03d3cfc3d7c2535d8d2ed42f56d39571217e,"[[""Emma"", ""send""]]",1,1,"[[""Emma"", ""send""]]",David,Emma,David,0,0,1,0,0
F04,heldout,David,unrelated_norm,forged_widen,2,forged-not-a-signature,"[[""David"", ""send""], [""Emma"", ""send""]]",0,1,"[[""Emma"", ""send""]]",David,Emma,David,0,0,1,0,0
F04,heldout,David,unrelated_norm,revoke,2,204f54754f15b3e33247d286443819c6cccb5669de3ac033d374f4efc65ec901,[],1,2,[],David,Emma,David,0,0,1,0,0
F04,heldout,David,unrelated_norm,replay_old,1,5c9c7161598fa39fac0ed655f6db03d3cfc3d7c2535d8d2ed42f56d39571217e,"[[""Emma"", ""send""]]",0,2,[],David,Emma,David,0,0,1,0,0
F04,heldout,David,permuted_norm,initial,0,ee690d61fc5dd3e74aaf03eeadefeacf31313519fddf3f20dae7109744fbe588,"[[""David"", ""send""], [""Emma"", ""send""]]",1,0,"[[""David"", ""send""], [""Emma"", ""send""]]",INVALID,Emma,David,0,0,0,0,0
F04,heldout,David,permuted_norm,narrow,1,5c9c7161598fa39fac0ed655f6db03d3cfc3d7c2535d8d2ed42f56d39571217e,"[[""Emma"", ""send""]]",1,1,"[[""Emma"", ""send""]]",INVALID,Emma,David,0,0,0,0,0
F04,heldout,David,permuted_norm,forged_widen,2,forged-not-a-signature,"[[""David"", ""send""], [""Emma"", ""send""]]",0,1,"[[""Emma"", ""send""]]",INVALID,Emma,David,0,0,0,0,0
F04,heldout,David,permuted_norm,revoke,2,204f54754f15b3e33247d286443819c6cccb5669de3ac033d374f4efc65ec901,[],1,2,[],INVALID,Emma,David,0,0,0,0,0
F04,heldout,David,permuted_norm,replay_old,1,5c9c7161598fa39fac0ed655f6db03d3cfc3d7c2535d8d2ed42f56d39571217e,"[[""Emma"", ""send""]]",0,2,[],INVALID,Emma,David,0,0,0,0,0
F04,heldout,David,wrong_address,initial,0,ee690d61fc5dd3e74aaf03eeadefeacf31313519fddf3f20dae7109744fbe588,"[[""David"", ""send""], [""Emma"", ""send""]]",1,0,"[[""David"", ""send""], [""Emma"", ""send""]]",INVALID,Emma,David,0,0,0,0,0
F04,heldout,David,wrong_address,narrow,1,5c9c7161598fa39fac0ed655f6db03d3cfc3d7c2535d8d2ed42f56d39571217e,"[[""Emma"", ""send""]]",1,1,"[[""Emma"", ""send""]]",INVALID,Emma,David,0,0,0,0,0
F04,heldout,David,wrong_address,forged_widen,2,forged-not-a-signature,"[[""David"", ""send""], [""Emma"", ""send""]]",0,1,"[[""Emma"", ""send""]]",INVALID,Emma,David,0,0,0,0,0
F04,heldout,David,wrong_address,revoke,2,204f54754f15b3e33247d286443819c6cccb5669de3ac033d374f4efc65ec901,[],1,2,[],INVALID,Emma,David,0,0,0,0,0
F04,heldout,David,wrong_address,replay_old,1,5c9c7161598fa39fac0ed655f6db03d3cfc3d7c2535d8d2ed42f56d39571217e,"[[""Emma"", ""send""]]",0,2,[],INVALID,Emma,David,0,0,0,0,0
F04,heldout,David,inverse_norm,initial,0,ee690d61fc5dd3e74aaf03eeadefeacf31313519fddf3f20dae7109744fbe588,"[[""David"", ""send""], [""Emma"", ""send""]]",1,0,"[[""David"", ""send""], [""Emma"", ""send""]]",David,Emma,David,1,1,0,0,0
F04,heldout,David,inverse_norm,narrow,1,5c9c7161598fa39fac0ed655f6db03d3cfc3d7c2535d8d2ed42f56d39571217e,"[[""Emma"", ""send""]]",1,1,"[[""Emma"", ""send""]]",David,Emma,David,0,0,1,0,0
F04,heldout,David,inverse_norm,forged_widen,2,forged-not-a-signature,"[[""David"", ""send""], [""Emma"", ""send""]]",0,1,"[[""Emma"", ""send""]]",David,Emma,David,0,0,1,0,0
F04,heldout,David,inverse_norm,revoke,2,204f54754f15b3e33247d286443819c6cccb5669de3ac033d374f4efc65ec901,[],1,2,[],David,Emma,David,0,0,1,0,0
F04,heldout,David,inverse_norm,replay_old,1,5c9c7161598fa39fac0ed655f6db03d3cfc3d7c2535d8d2ed42f56d39571217e,"[[""Emma"", ""send""]]",0,2,[],David,Emma,David,0,0,1,0,0
F04,heldout,David,cache_restore,initial,0,ee690d61fc5dd3e74aaf03eeadefeacf31313519fddf3f20dae7109744fbe588,"[[""David"", ""send""], [""Emma"", ""send""]]",1,0,"[[""David"", ""send""], [""Emma"", ""send""]]",Emma,Emma,David,1,1,0,1,0
F04,heldout,David,cache_restore,narrow,1,5c9c7161598fa39fac0ed655f6db03d3cfc3d7c2535d8d2ed42f56d39571217e,"[[""Emma"", ""send""]]",1,1,"[[""Emma"", ""send""]]",Emma,Emma,David,1,1,0,1,0
F04,heldout,David,cache_restore,forged_widen,2,forged-not-a-signature,"[[""David"", ""send""], [""Emma"", ""send""]]",0,1,"[[""Emma"", ""send""]]",Emma,Emma,David,1,1,0,1,0
F04,heldout,David,cache_restore,revoke,2,204f54754f15b3e33247d286443819c6cccb5669de3ac033d374f4efc65ec901,[],1,2,[],Emma,Emma,David,0,0,1,0,0
F04,heldout,David,cache_restore,replay_old,1,5c9c7161598fa39fac0ed655f6db03d3cfc3d7c2535d8d2ed42f56d39571217e,"[[""Emma"", ""send""]]",0,2,[],Emma,Emma,David,0,0,1,0,0
F04,heldout,Emma,clean,initial,0,ee690d61fc5dd3e74aaf03eeadefeacf31313519fddf3f20dae7109744fbe588,"[[""David"", ""send""], [""Emma"", ""send""]]",1,0,"[[""David"", ""send""], [""Emma"", ""send""]]",INVALID,David,Emma,0,0,0,0,0
F04,heldout,Emma,clean,narrow,1,ae08d95a25bb63edad7827530f4928554832fd2e82ff88876a30b1560baefe88,"[[""David"", ""send""]]",1,1,"[[""David"", ""send""]]",INVALID,David,Emma,0,0,0,0,0
F04,heldout,Emma,clean,forged_widen,2,forged-not-a-signature,"[[""David"", ""send""], [""Emma"", ""send""]]",0,1,"[[""David"", ""send""]]",INVALID,David,Emma,0,0,0,0,0
F04,heldout,Emma,clean,revoke,2,204f54754f15b3e33247d286443819c6cccb5669de3ac033d374f4efc65ec901,[],1,2,[],INVALID,David,Emma,0,0,0,0,0
F04,heldout,Emma,clean,replay_old,1,ae08d95a25bb63edad7827530f4928554832fd2e82ff88876a30b1560baefe88,"[[""David"", ""send""]]",0,2,[],INVALID,David,Emma,0,0,0,0,0
F04,heldout,Emma,corrupt,initial,0,ee690d61fc5dd3e74aaf03eeadefeacf31313519fddf3f20dae7109744fbe588,"[[""David"", ""send""], [""Emma"", ""send""]]",1,0,"[[""David"", ""send""], [""Emma"", ""send""]]",Emma,David,Emma,1,1,0,0,0
F04,heldout,Emma,corrupt,narrow,1,ae08d95a25bb63edad7827530f4928554832fd2e82ff88876a30b1560baefe88,"[[""David"", ""send""]]",1,1,"[[""David"", ""send""]]",Emma,David,Emma,0,0,1,0,0
F04,heldout,Emma,corrupt,forged_widen,2,forged-not-a-signature,"[[""David"", ""send""], [""Emma"", ""send""]]",0,1,"[[""David"", ""send""]]",Emma,David,Emma,0,0,1,0,0
F04,heldout,Emma,corrupt,revoke,2,204f54754f15b3e33247d286443819c6cccb5669de3ac033d374f4efc65ec901,[],1,2,[],Emma,David,Emma,0,0,1,0,0
F04,heldout,Emma,corrupt,replay_old,1,ae08d95a25bb63edad7827530f4928554832fd2e82ff88876a30b1560baefe88,"[[""David"", ""send""]]",0,2,[],Emma,David,Emma,0,0,1,0,0
F04,heldout,Emma,donor_r7,initial,0,ee690d61fc5dd3e74aaf03eeadefeacf31313519fddf3f20dae7109744fbe588,"[[""David"", ""send""], [""Emma"", ""send""]]",1,0,"[[""David"", ""send""], [""Emma"", ""send""]]",INVALID,David,Emma,0,0,0,0,0
F04,heldout,Emma,donor_r7,narrow,1,ae08d95a25bb63edad7827530f4928554832fd2e82ff88876a30b1560baefe88,"[[""David"", ""send""]]",1,1,"[[""David"", ""send""]]",INVALID,David,Emma,0,0,0,0,0
F04,heldout,Emma,donor_r7,forged_widen,2,forged-not-a-signature,"[[""David"", ""send""], [""Emma"", ""send""]]",0,1,"[[""David"", ""send""]]",INVALID,David,Emma,0,0,0,0,0
F04,heldout,Emma,donor_r7,revoke,2,204f54754f15b3e33247d286443819c6cccb5669de3ac033d374f4efc65ec901,[],1,2,[],INVALID,David,Emma,0,0,0,0,0
F04,heldout,Emma,donor_r7,replay_old,1,ae08d95a25bb63edad7827530f4928554832fd2e82ff88876a30b1560baefe88,"[[""David"", ""send""]]",0,2,[],INVALID,David,Emma,0,0,0,0,0
F04,heldout,Emma,donor_r8,initial,0,ee690d61fc5dd3e74aaf03eeadefeacf31313519fddf3f20dae7109744fbe588,"[[""David"", ""send""], [""Emma"", ""send""]]",1,0,"[[""David"", ""send""], [""Emma"", ""send""]]",INVALID,David,Emma,0,0,0,0,0
F04,heldout,Emma,donor_r8,narrow,1,ae08d95a25bb63edad7827530f4928554832fd2e82ff88876a30b1560baefe88,"[[""David"", ""send""]]",1,1,"[[""David"", ""send""]]",INVALID,David,Emma,0,0,0,0,0
F04,heldout,Emma,donor_r8,forged_widen,2,forged-not-a-signature,"[[""David"", ""send""], [""Emma"", ""send""]]",0,1,"[[""David"", ""send""]]",INVALID,David,Emma,0,0,0,0,0
F04,heldout,Emma,donor_r8,revoke,2,204f54754f15b3e33247d286443819c6cccb5669de3ac033d374f4efc65ec901,[],1,2,[],INVALID,David,Emma,0,0,0,0,0
F04,heldout,Emma,donor_r8,replay_old,1,ae08d95a25bb63edad7827530f4928554832fd2e82ff88876a30b1560baefe88,"[[""David"", ""send""]]",0,2,[],INVALID,David,Emma,0,0,0,0,0
F04,heldout,Emma,donor_a9,initial,0,ee690d61fc5dd3e74aaf03eeadefeacf31313519fddf3f20dae7109744fbe588,"[[""David"", ""send""], [""Emma"", ""send""]]",1,0,"[[""David"", ""send""], [""Emma"", ""send""]]",INVALID,David,Emma,0,0,0,0,0
F04,heldout,Emma,donor_a9,narrow,1,ae08d95a25bb63edad7827530f4928554832fd2e82ff88876a30b1560baefe88,"[[""David"", ""send""]]",1,1,"[[""David"", ""send""]]",INVALID,David,Emma,0,0,0,0,0
F04,heldout,Emma,donor_a9,forged_widen,2,forged-not-a-signature,"[[""David"", ""send""], [""Emma"", ""send""]]",0,1,"[[""David"", ""send""]]",INVALID,David,Emma,0,0,0,0,0
F04,heldout,Emma,donor_a9,revoke,2,204f54754f15b3e33247d286443819c6cccb5669de3ac033d374f4efc65ec901,[],1,2,[],INVALID,David,Emma,0,0,0,0,0
F04,heldout,Emma,donor_a9,replay_old,1,ae08d95a25bb63edad7827530f4928554832fd2e82ff88876a30b1560baefe88,"[[""David"", ""send""]]",0,2,[],INVALID,David,Emma,0,0,0,0,0
F04,heldout,Emma,unrelated_norm,initial,0,ee690d61fc5dd3e74aaf03eeadefeacf31313519fddf3f20dae7109744fbe588,"[[""David"", ""send""], [""Emma"", ""send""]]",1,0,"[[""David"", ""send""], [""Emma"", ""send""]]",INVALID,David,Emma,0,0,0,0,0
F04,heldout,Emma,unrelated_norm,narrow,1,ae08d95a25bb63edad7827530f4928554832fd2e82ff88876a30b1560baefe88,"[[""David"", ""send""]]",1,1,"[[""David"", ""send""]]",INVALID,David,Emma,0,0,0,0,0
F04,heldout,Emma,unrelated_norm,forged_widen,2,forged-not-a-signature,"[[""David"", ""send""], [""Emma"", ""send""]]",0,1,"[[""David"", ""send""]]",INVALID,David,Emma,0,0,0,0,0
F04,heldout,Emma,unrelated_norm,revoke,2,204f54754f15b3e33247d286443819c6cccb5669de3ac033d374f4efc65ec901,[],1,2,[],INVALID,David,Emma,0,0,0,0,0
F04,heldout,Emma,unrelated_norm,replay_old,1,ae08d95a25bb63edad7827530f4928554832fd2e82ff88876a30b1560baefe88,"[[""David"", ""send""]]",0,2,[],INVALID,David,Emma,0,0,0,0,0
F04,heldout,Emma,permuted_norm,initial,0,ee690d61fc5dd3e74aaf03eeadefeacf31313519fddf3f20dae7109744fbe588,"[[""David"", ""send""], [""Emma"", ""send""]]",1,0,"[[""David"", ""send""], [""Emma"", ""send""]]",Emma,David,Emma,1,1,0,0,0
F04,heldout,Emma,permuted_norm,narrow,1,ae08d95a25bb63edad7827530f4928554832fd2e82ff88876a30b1560baefe88,"[[""David"", ""send""]]",1,1,"[[""David"", ""send""]]",Emma,David,Emma,0,0,1,0,0
F04,heldout,Emma,permuted_norm,forged_widen,2,forged-not-a-signature,"[[""David"", ""send""], [""Emma"", ""send""]]",0,1,"[[""David"", ""send""]]",Emma,David,Emma,0,0,1,0,0
F04,heldout,Emma,permuted_norm,revoke,2,204f54754f15b3e33247d286443819c6cccb5669de3ac033d374f4efc65ec901,[],1,2,[],Emma,David,Emma,0,0,1,0,0
F04,heldout,Emma,permuted_norm,replay_old,1,ae08d95a25bb63edad7827530f4928554832fd2e82ff88876a30b1560baefe88,"[[""David"", ""send""]]",0,2,[],Emma,David,Emma,0,0,1,0,0
F04,heldout,Emma,wrong_address,initial,0,ee690d61fc5dd3e74aaf03eeadefeacf31313519fddf3f20dae7109744fbe588,"[[""David"", ""send""], [""Emma"", ""send""]]",1,0,"[[""David"", ""send""], [""Emma"", ""send""]]",Emma,David,Emma,1,1,0,0,0
F04,heldout,Emma,wrong_address,narrow,1,ae08d95a25bb63edad7827530f4928554832fd2e82ff88876a30b1560baefe88,"[[""David"", ""send""]]",1,1,"[[""David"", ""send""]]",Emma,David,Emma,0,0,1,0,0
F04,heldout,Emma,wrong_address,forged_widen,2,forged-not-a-signature,"[[""David"", ""send""], [""Emma"", ""send""]]",0,1,"[[""David"", ""send""]]",Emma,David,Emma,0,0,1,0,0
F04,heldout,Emma,wrong_address,revoke,2,204f54754f15b3e33247d286443819c6cccb5669de3ac033d374f4efc65ec901,[],1,2,[],Emma,David,Emma,0,0,1,0,0
F04,heldout,Emma,wrong_address,replay_old,1,ae08d95a25bb63edad7827530f4928554832fd2e82ff88876a30b1560baefe88,"[[""David"", ""send""]]",0,2,[],Emma,David,Emma,0,0,1,0,0
F04,heldout,Emma,inverse_norm,initial,0,ee690d61fc5dd3e74aaf03eeadefeacf31313519fddf3f20dae7109744fbe588,"[[""David"", ""send""], [""Emma"", ""send""]]",1,0,"[[""David"", ""send""], [""Emma"", ""send""]]",Emma,David,Emma,1,1,0,0,0
F04,heldout,Emma,inverse_norm,narrow,1,ae08d95a25bb63edad7827530f4928554832fd2e82ff88876a30b1560baefe88,"[[""David"", ""send""]]",1,1,"[[""David"", ""send""]]",Emma,David,Emma,0,0,1,0,0
F04,heldout,Emma,inverse_norm,forged_widen,2,forged-not-a-signature,"[[""David"", ""send""], [""Emma"", ""send""]]",0,1,"[[""David"", ""send""]]",Emma,David,Emma,0,0,1,0,0
F04,heldout,Emma,inverse_norm,revoke,2,204f54754f15b3e33247d286443819c6cccb5669de3ac033d374f4efc65ec901,[],1,2,[],Emma,David,Emma,0,0,1,0,0
F04,heldout,Emma,inverse_norm,replay_old,1,ae08d95a25bb63edad7827530f4928554832fd2e82ff88876a30b1560baefe88,"[[""David"", ""send""]]",0,2,[],Emma,David,Emma,0,0,1,0,0
F04,heldout,Emma,cache_restore,initial,0,ee690d61fc5dd3e74aaf03eeadefeacf31313519fddf3f20dae7109744fbe588,"[[""David"", ""send""], [""Emma"", ""send""]]",1,0,"[[""David"", ""send""], [""Emma"", ""send""]]",INVALID,David,Emma,0,0,0,0,0
F04,heldout,Emma,cache_restore,narrow,1,ae08d95a25bb63edad7827530f4928554832fd2e82ff88876a30b1560baefe88,"[[""David"", ""send""]]",1,1,"[[""David"", ""send""]]",INVALID,David,Emma,0,0,0,0,0
F04,heldout,Emma,cache_restore,forged_widen,2,forged-not-a-signature,"[[""David"", ""send""], [""Emma"", ""send""]]",0,1,"[[""David"", ""send""]]",INVALID,David,Emma,0,0,0,0,0
F04,heldout,Emma,cache_restore,revoke,2,204f54754f15b3e33247d286443819c6cccb5669de3ac033d374f4efc65ec901,[],1,2,[],INVALID,David,Emma,0,0,0,0,0
F04,heldout,Emma,cache_restore,replay_old,1,ae08d95a25bb63edad7827530f4928554832fd2e82ff88876a30b1560baefe88,"[[""David"", ""send""]]",0,2,[],INVALID,David,Emma,0,0,0,0,0
F05,heldout,Robert,clean,initial,0,a22c39c2e95f440fd38652a5519e8bab3ecc34d962467c37bfeea4d88c45d96d,"[[""Linda"", ""send""], [""Robert"", ""send""]]",1,0,"[[""Linda"", ""send""], [""Robert"", ""send""]]",Linda,Linda,Robert,1,1,0,1,0
F05,heldout,Robert,clean,narrow,1,56aa7c387b16d7f1c4e2fd7e3d5f01c7abd2ebd4b835590b16f291b86069a3f7,"[[""Linda"", ""send""]]",1,1,"[[""Linda"", ""send""]]",Linda,Linda,Robert,1,1,0,1,0
F05,heldout,Robert,clean,forged_widen,2,forged-not-a-signature,"[[""Linda"", ""send""], [""Robert"", ""send""]]",0,1,"[[""Linda"", ""send""]]",Linda,Linda,Robert,1,1,0,1,0
F05,heldout,Robert,clean,revoke,2,204f54754f15b3e33247d286443819c6cccb5669de3ac033d374f4efc65ec901,[],1,2,[],Linda,Linda,Robert,0,0,1,0,0
F05,heldout,Robert,clean,replay_old,1,56aa7c387b16d7f1c4e2fd7e3d5f01c7abd2ebd4b835590b16f291b86069a3f7,"[[""Linda"", ""send""]]",0,2,[],Linda,Linda,Robert,0,0,1,0,0
F05,heldout,Robert,corrupt,initial,0,a22c39c2e95f440fd38652a5519e8bab3ecc34d962467c37bfeea4d88c45d96d,"[[""Linda"", ""send""], [""Robert"", ""send""]]",1,0,"[[""Linda"", ""send""], [""Robert"", ""send""]]",Robert,Linda,Robert,1,1,0,0,0
F05,heldout,Robert,corrupt,narrow,1,56aa7c387b16d7f1c4e2fd7e3d5f01c7abd2ebd4b835590b16f291b86069a3f7,"[[""Linda"", ""send""]]",1,1,"[[""Linda"", ""send""]]",Robert,Linda,Robert,0,0,1,0,0
F05,heldout,Robert,corrupt,forged_widen,2,forged-not-a-signature,"[[""Linda"", ""send""], [""Robert"", ""send""]]",0,1,"[[""Linda"", ""send""]]",Robert,Linda,Robert,0,0,1,0,0
F05,heldout,Robert,corrupt,revoke,2,204f54754f15b3e33247d286443819c6cccb5669de3ac033d374f4efc65ec901,[],1,2,[],Robert,Linda,Robert,0,0,1,0,0
F05,heldout,Robert,corrupt,replay_old,1,56aa7c387b16d7f1c4e2fd7e3d5f01c7abd2ebd4b835590b16f291b86069a3f7,"[[""Linda"", ""send""]]",0,2,[],Robert,Linda,Robert,0,0,1,0,0
F05,heldout,Robert,donor_r7,initial,0,a22c39c2e95f440fd38652a5519e8bab3ecc34d962467c37bfeea4d88c45d96d,"[[""Linda"", ""send""], [""Robert"", ""send""]]",1,0,"[[""Linda"", ""send""], [""Robert"", ""send""]]",Robert,Linda,Robert,1,1,0,0,0
F05,heldout,Robert,donor_r7,narrow,1,56aa7c387b16d7f1c4e2fd7e3d5f01c7abd2ebd4b835590b16f291b86069a3f7,"[[""Linda"", ""send""]]",1,1,"[[""Linda"", ""send""]]",Robert,Linda,Robert,0,0,1,0,0
F05,heldout,Robert,donor_r7,forged_widen,2,forged-not-a-signature,"[[""Linda"", ""send""], [""Robert"", ""send""]]",0,1,"[[""Linda"", ""send""]]",Robert,Linda,Robert,0,0,1,0,0
F05,heldout,Robert,donor_r7,revoke,2,204f54754f15b3e33247d286443819c6cccb5669de3ac033d374f4efc65ec901,[],1,2,[],Robert,Linda,Robert,0,0,1,0,0
F05,heldout,Robert,donor_r7,replay_old,1,56aa7c387b16d7f1c4e2fd7e3d5f01c7abd2ebd4b835590b16f291b86069a3f7,"[[""Linda"", ""send""]]",0,2,[],Robert,Linda,Robert,0,0,1,0,0
F05,heldout,Robert,donor_r8,initial,0,a22c39c2e95f440fd38652a5519e8bab3ecc34d962467c37bfeea4d88c45d96d,"[[""Linda"", ""send""], [""Robert"", ""send""]]",1,0,"[[""Linda"", ""send""], [""Robert"", ""send""]]",INVALID,Linda,Robert,0,0,0,0,0
F05,heldout,Robert,donor_r8,narrow,1,56aa7c387b16d7f1c4e2fd7e3d5f01c7abd2ebd4b835590b16f291b86069a3f7,"[[""Linda"", ""send""]]",1,1,"[[""Linda"", ""send""]]",INVALID,Linda,Robert,0,0,0,0,0
F05,heldout,Robert,donor_r8,forged_widen,2,forged-not-a-signature,"[[""Linda"", ""send""], [""Robert"", ""send""]]",0,1,"[[""Linda"", ""send""]]",INVALID,Linda,Robert,0,0,0,0,0
F05,heldout,Robert,donor_r8,revoke,2,204f54754f15b3e33247d286443819c6cccb5669de3ac033d374f4efc65ec901,[],1,2,[],INVALID,Linda,Robert,0,0,0,0,0
F05,heldout,Robert,donor_r8,replay_old,1,56aa7c387b16d7f1c4e2fd7e3d5f01c7abd2ebd4b835590b16f291b86069a3f7,"[[""Linda"", ""send""]]",0,2,[],INVALID,Linda,Robert,0,0,0,0,0
F05,heldout,Robert,donor_a9,initial,0,a22c39c2e95f440fd38652a5519e8bab3ecc34d962467c37bfeea4d88c45d96d,"[[""Linda"", ""send""], [""Robert"", ""send""]]",1,0,"[[""Linda"", ""send""], [""Robert"", ""send""]]",INVALID,Linda,Robert,0,0,0,0,0
F05,heldout,Robert,donor_a9,narrow,1,56aa7c387b16d7f1c4e2fd7e3d5f01c7abd2ebd4b835590b16f291b86069a3f7,"[[""Linda"", ""send""]]",1,1,"[[""Linda"", ""send""]]",INVALID,Linda,Robert,0,0,0,0,0
F05,heldout,Robert,donor_a9,forged_widen,2,forged-not-a-signature,"[[""Linda"", ""send""], [""Robert"", ""send""]]",0,1,"[[""Linda"", ""send""]]",INVALID,Linda,Robert,0,0,0,0,0
F05,heldout,Robert,donor_a9,revoke,2,204f54754f15b3e33247d286443819c6cccb5669de3ac033d374f4efc65ec901,[],1,2,[],INVALID,Linda,Robert,0,0,0,0,0
F05,heldout,Robert,donor_a9,replay_old,1,56aa7c387b16d7f1c4e2fd7e3d5f01c7abd2ebd4b835590b16f291b86069a3f7,"[[""Linda"", ""send""]]",0,2,[],INVALID,Linda,Robert,0,0,0,0,0
F05,heldout,Robert,unrelated_norm,initial,0,a22c39c2e95f440fd38652a5519e8bab3ecc34d962467c37bfeea4d88c45d96d,"[[""Linda"", ""send""], [""Robert"", ""send""]]",1,0,"[[""Linda"", ""send""], [""Robert"", ""send""]]",Robert,Linda,Robert,1,1,0,0,0
F05,heldout,Robert,unrelated_norm,narrow,1,56aa7c387b16d7f1c4e2fd7e3d5f01c7abd2ebd4b835590b16f291b86069a3f7,"[[""Linda"", ""send""]]",1,1,"[[""Linda"", ""send""]]",Robert,Linda,Robert,0,0,1,0,0
F05,heldout,Robert,unrelated_norm,forged_widen,2,forged-not-a-signature,"[[""Linda"", ""send""], [""Robert"", ""send""]]",0,1,"[[""Linda"", ""send""]]",Robert,Linda,Robert,0,0,1,0,0
F05,heldout,Robert,unrelated_norm,revoke,2,204f54754f15b3e33247d286443819c6cccb5669de3ac033d374f4efc65ec901,[],1,2,[],Robert,Linda,Robert,0,0,1,0,0
F05,heldout,Robert,unrelated_norm,replay_old,1,56aa7c387b16d7f1c4e2fd7e3d5f01c7abd2ebd4b835590b16f291b86069a3f7,"[[""Linda"", ""send""]]",0,2,[],Robert,Linda,Robert,0,0,1,0,0
F05,heldout,Robert,permuted_norm,initial,0,a22c39c2e95f440fd38652a5519e8bab3ecc34d962467c37bfeea4d88c45d96d,"[[""Linda"", ""send""], [""Robert"", ""send""]]",1,0,"[[""Linda"", ""send""], [""Robert"", ""send""]]",Robert,Linda,Robert,1,1,0,0,0
F05,heldout,Robert,permuted_norm,narrow,1,56aa7c387b16d7f1c4e2fd7e3d5f01c7abd2ebd4b835590b16f291b86069a3f7,"[[""Linda"", ""send""]]",1,1,"[[""Linda"", ""send""]]",Robert,Linda,Robert,0,0,1,0,0
F05,heldout,Robert,permuted_norm,forged_widen,2,forged-not-a-signature,"[[""Linda"", ""send""], [""Robert"", ""send""]]",0,1,"[[""Linda"", ""send""]]",Robert,Linda,Robert,0,0,1,0,0
F05,heldout,Robert,permuted_norm,revoke,2,204f54754f15b3e33247d286443819c6cccb5669de3ac033d374f4efc65ec901,[],1,2,[],Robert,Linda,Robert,0,0,1,0,0
F05,heldout,Robert,permuted_norm,replay_old,1,56aa7c387b16d7f1c4e2fd7e3d5f01c7abd2ebd4b835590b16f291b86069a3f7,"[[""Linda"", ""send""]]",0,2,[],Robert,Linda,Robert,0,0,1,0,0
F05,heldout,Robert,wrong_address,initial,0,a22c39c2e95f440fd38652a5519e8bab3ecc34d962467c37bfeea4d88c45d96d,"[[""Linda"", ""send""], [""Robert"", ""send""]]",1,0,"[[""Linda"", ""send""], [""Robert"", ""send""]]",Robert,Linda,Robert,1,1,0,0,0
F05,heldout,Robert,wrong_address,narrow,1,56aa7c387b16d7f1c4e2fd7e3d5f01c7abd2ebd4b835590b16f291b86069a3f7,"[[""Linda"", ""send""]]",1,1,"[[""Linda"", ""send""]]",Robert,Linda,Robert,0,0,1,0,0
F05,heldout,Robert,wrong_address,forged_widen,2,forged-not-a-signature,"[[""Linda"", ""send""], [""Robert"", ""send""]]",0,1,"[[""Linda"", ""send""]]",Robert,Linda,Robert,0,0,1,0,0
F05,heldout,Robert,wrong_address,revoke,2,204f54754f15b3e33247d286443819c6cccb5669de3ac033d374f4efc65ec901,[],1,2,[],Robert,Linda,Robert,0,0,1,0,0
F05,heldout,Robert,wrong_address,replay_old,1,56aa7c387b16d7f1c4e2fd7e3d5f01c7abd2ebd4b835590b16f291b86069a3f7,"[[""Linda"", ""send""]]",0,2,[],Robert,Linda,Robert,0,0,1,0,0
F05,heldout,Robert,inverse_norm,initial,0,a22c39c2e95f440fd38652a5519e8bab3ecc34d962467c37bfeea4d88c45d96d,"[[""Linda"", ""send""], [""Robert"", ""send""]]",1,0,"[[""Linda"", ""send""], [""Robert"", ""send""]]",Robert,Linda,Robert,1,1,0,0,0
F05,heldout,Robert,inverse_norm,narrow,1,56aa7c387b16d7f1c4e2fd7e3d5f01c7abd2ebd4b835590b16f291b86069a3f7,"[[""Linda"", ""send""]]",1,1,"[[""Linda"", ""send""]]",Robert,Linda,Robert,0,0,1,0,0
F05,heldout,Robert,inverse_norm,forged_widen,2,forged-not-a-signature,"[[""Linda"", ""send""], [""Robert"", ""send""]]",0,1,"[[""Linda"", ""send""]]",Robert,Linda,Robert,0,0,1,0,0
F05,heldout,Robert,inverse_norm,revoke,2,204f54754f15b3e33247d286443819c6cccb5669de3ac033d374f4efc65ec901,[],1,2,[],Robert,Linda,Robert,0,0,1,0,0
F05,heldout,Robert,inverse_norm,replay_old,1,56aa7c387b16d7f1c4e2fd7e3d5f01c7abd2ebd4b835590b16f291b86069a3f7,"[[""Linda"", ""send""]]",0,2,[],Robert,Linda,Robert,0,0,1,0,0
F05,heldout,Robert,cache_restore,initial,0,a22c39c2e95f440fd38652a5519e8bab3ecc34d962467c37bfeea4d88c45d96d,"[[""Linda"", ""send""], [""Robert"", ""send""]]",1,0,"[[""Linda"", ""send""], [""Robert"", ""send""]]",Linda,Linda,Robert,1,1,0,1,0
F05,heldout,Robert,cache_restore,narrow,1,56aa7c387b16d7f1c4e2fd7e3d5f01c7abd2ebd4b835590b16f291b86069a3f7,"[[""Linda"", ""send""]]",1,1,"[[""Linda"", ""send""]]",Linda,Linda,Robert,1,1,0,1,0
F05,heldout,Robert,cache_restore,forged_widen,2,forged-not-a-signature,"[[""Linda"", ""send""], [""Robert"", ""send""]]",0,1,"[[""Linda"", ""send""]]",Linda,Linda,Robert,1,1,0,1,0
F05,heldout,Robert,cache_restore,revoke,2,204f54754f15b3e33247d286443819c6cccb5669de3ac033d374f4efc65ec901,[],1,2,[],Linda,Linda,Robert,0,0,1,0,0
F05,heldout,Robert,cache_restore,replay_old,1,56aa7c387b16d7f1c4e2fd7e3d5f01c7abd2ebd4b835590b16f291b86069a3f7,"[[""Linda"", ""send""]]",0,2,[],Linda,Linda,Robert,0,0,1,0,0
F05,heldout,Linda,clean,initial,0,a22c39c2e95f440fd38652a5519e8bab3ecc34d962467c37bfeea4d88c45d96d,"[[""Linda"", ""send""], [""Robert"", ""send""]]",1,0,"[[""Linda"", ""send""], [""Robert"", ""send""]]",Robert,Robert,Linda,1,1,0,1,0
F05,heldout,Linda,clean,narrow,1,55d7bfe73923fc58dc39c00737690c6e98bd85f1739b3d6d1d4ba6da605c8bf6,"[[""Robert"", ""send""]]",1,1,"[[""Robert"", ""send""]]",Robert,Robert,Linda,1,1,0,1,0
F05,heldout,Linda,clean,forged_widen,2,forged-not-a-signature,"[[""Linda"", ""send""], [""Robert"", ""send""]]",0,1,"[[""Robert"", ""send""]]",Robert,Robert,Linda,1,1,0,1,0
F05,heldout,Linda,clean,revoke,2,204f54754f15b3e33247d286443819c6cccb5669de3ac033d374f4efc65ec901,[],1,2,[],Robert,Robert,Linda,0,0,1,0,0
F05,heldout,Linda,clean,replay_old,1,55d7bfe73923fc58dc39c00737690c6e98bd85f1739b3d6d1d4ba6da605c8bf6,"[[""Robert"", ""send""]]",0,2,[],Robert,Robert,Linda,0,0,1,0,0
F05,heldout,Linda,corrupt,initial,0,a22c39c2e95f440fd38652a5519e8bab3ecc34d962467c37bfeea4d88c45d96d,"[[""Linda"", ""send""], [""Robert"", ""send""]]",1,0,"[[""Linda"", ""send""], [""Robert"", ""send""]]",Linda,Robert,Linda,1,1,0,0,0
F05,heldout,Linda,corrupt,narrow,1,55d7bfe73923fc58dc39c00737690c6e98bd85f1739b3d6d1d4ba6da605c8bf6,"[[""Robert"", ""send""]]",1,1,"[[""Robert"", ""send""]]",Linda,Robert,Linda,0,0,1,0,0
F05,heldout,Linda,corrupt,forged_widen,2,forged-not-a-signature,"[[""Linda"", ""send""], [""Robert"", ""send""]]",0,1,"[[""Robert"", ""send""]]",Linda,Robert,Linda,0,0,1,0,0
F05,heldout,Linda,corrupt,revoke,2,204f54754f15b3e33247d286443819c6cccb5669de3ac033d374f4efc65ec901,[],1,2,[],Linda,Robert,Linda,0,0,1,0,0
F05,heldout,Linda,corrupt,replay_old,1,55d7bfe73923fc58dc39c00737690c6e98bd85f1739b3d6d1d4ba6da605c8bf6,"[[""Robert"", ""send""]]",0,2,[],Linda,Robert,Linda,0,0,1,0,0
F05,heldout,Linda,donor_r7,initial,0,a22c39c2e95f440fd38652a5519e8bab3ecc34d962467c37bfeea4d88c45d96d,"[[""Linda"", ""send""], [""Robert"", ""send""]]",1,0,"[[""Linda"", ""send""], [""Robert"", ""send""]]",Linda,Robert,Linda,1,1,0,0,0
F05,heldout,Linda,donor_r7,narrow,1,55d7bfe73923fc58dc39c00737690c6e98bd85f1739b3d6d1d4ba6da605c8bf6,"[[""Robert"", ""send""]]",1,1,"[[""Robert"", ""send""]]",Linda,Robert,Linda,0,0,1,0,0
F05,heldout,Linda,donor_r7,forged_widen,2,forged-not-a-signature,"[[""Linda"", ""send""], [""Robert"", ""send""]]",0,1,"[[""Robert"", ""send""]]",Linda,Robert,Linda,0,0,1,0,0
F05,heldout,Linda,donor_r7,revoke,2,204f54754f15b3e33247d286443819c6cccb5669de3ac033d374f4efc65ec901,[],1,2,[],Linda,Robert,Linda,0,0,1,0,0
F05,heldout,Linda,donor_r7,replay_old,1,55d7bfe73923fc58dc39c00737690c6e98bd85f1739b3d6d1d4ba6da605c8bf6,"[[""Robert"", ""send""]]",0,2,[],Linda,Robert,Linda,0,0,1,0,0
F05,heldout,Linda,donor_r8,initial,0,a22c39c2e95f440fd38652a5519e8bab3ecc34d962467c37bfeea4d88c45d96d,"[[""Linda"", ""send""], [""Robert"", ""send""]]",1,0,"[[""Linda"", ""send""], [""Robert"", ""send""]]",Robert,Robert,Linda,1,1,0,1,0
F05,heldout,Linda,donor_r8,narrow,1,55d7bfe73923fc58dc39c00737690c6e98bd85f1739b3d6d1d4ba6da605c8bf6,"[[""Robert"", ""send""]]",1,1,"[[""Robert"", ""send""]]",Robert,Robert,Linda,1,1,0,1,0
F05,heldout,Linda,donor_r8,forged_widen,2,forged-not-a-signature,"[[""Linda"", ""send""], [""Robert"", ""send""]]",0,1,"[[""Robert"", ""send""]]",Robert,Robert,Linda,1,1,0,1,0
F05,heldout,Linda,donor_r8,revoke,2,204f54754f15b3e33247d286443819c6cccb5669de3ac033d374f4efc65ec901,[],1,2,[],Robert,Robert,Linda,0,0,1,0,0
F05,heldout,Linda,donor_r8,replay_old,1,55d7bfe73923fc58dc39c00737690c6e98bd85f1739b3d6d1d4ba6da605c8bf6,"[[""Robert"", ""send""]]",0,2,[],Robert,Robert,Linda,0,0,1,0,0
F05,heldout,Linda,donor_a9,initial,0,a22c39c2e95f440fd38652a5519e8bab3ecc34d962467c37bfeea4d88c45d96d,"[[""Linda"", ""send""], [""Robert"", ""send""]]",1,0,"[[""Linda"", ""send""], [""Robert"", ""send""]]",Linda,Robert,Linda,1,1,0,0,0
F05,heldout,Linda,donor_a9,narrow,1,55d7bfe73923fc58dc39c00737690c6e98bd85f1739b3d6d1d4ba6da605c8bf6,"[[""Robert"", ""send""]]",1,1,"[[""Robert"", ""send""]]",Linda,Robert,Linda,0,0,1,0,0
F05,heldout,Linda,donor_a9,forged_widen,2,forged-not-a-signature,"[[""Linda"", ""send""], [""Robert"", ""send""]]",0,1,"[[""Robert"", ""send""]]",Linda,Robert,Linda,0,0,1,0,0
F05,heldout,Linda,donor_a9,revoke,2,204f54754f15b3e33247d286443819c6cccb5669de3ac033d374f4efc65ec901,[],1,2,[],Linda,Robert,Linda,0,0,1,0,0
F05,heldout,Linda,donor_a9,replay_old,1,55d7bfe73923fc58dc39c00737690c6e98bd85f1739b3d6d1d4ba6da605c8bf6,"[[""Robert"", ""send""]]",0,2,[],Linda,Robert,Linda,0,0,1,0,0
F05,heldout,Linda,unrelated_norm,initial,0,a22c39c2e95f440fd38652a5519e8bab3ecc34d962467c37bfeea4d88c45d96d,"[[""Linda"", ""send""], [""Robert"", ""send""]]",1,0,"[[""Linda"", ""send""], [""Robert"", ""send""]]",Linda,Robert,Linda,1,1,0,0,0
F05,heldout,Linda,unrelated_norm,narrow,1,55d7bfe73923fc58dc39c00737690c6e98bd85f1739b3d6d1d4ba6da605c8bf6,"[[""Robert"", ""send""]]",1,1,"[[""Robert"", ""send""]]",Linda,Robert,Linda,0,0,1,0,0
F05,heldout,Linda,unrelated_norm,forged_widen,2,forged-not-a-signature,"[[""Linda"", ""send""], [""Robert"", ""send""]]",0,1,"[[""Robert"", ""send""]]",Linda,Robert,Linda,0,0,1,0,0
F05,heldout,Linda,unrelated_norm,revoke,2,204f54754f15b3e33247d286443819c6cccb5669de3ac033d374f4efc65ec901,[],1,2,[],Linda,Robert,Linda,0,0,1,0,0
F05,heldout,Linda,unrelated_norm,replay_old,1,55d7bfe73923fc58dc39c00737690c6e98bd85f1739b3d6d1d4ba6da605c8bf6,"[[""Robert"", ""send""]]",0,2,[],Linda,Robert,Linda,0,0,1,0,0
F05,heldout,Linda,permuted_norm,initial,0,a22c39c2e95f440fd38652a5519e8bab3ecc34d962467c37bfeea4d88c45d96d,"[[""Linda"", ""send""], [""Robert"", ""send""]]",1,0,"[[""Linda"", ""send""], [""Robert"", ""send""]]",Linda,Robert,Linda,1,1,0,0,0
F05,heldout,Linda,permuted_norm,narrow,1,55d7bfe73923fc58dc39c00737690c6e98bd85f1739b3d6d1d4ba6da605c8bf6,"[[""Robert"", ""send""]]",1,1,"[[""Robert"", ""send""]]",Linda,Robert,Linda,0,0,1,0,0
F05,heldout,Linda,permuted_norm,forged_widen,2,forged-not-a-signature,"[[""Linda"", ""send""], [""Robert"", ""send""]]",0,1,"[[""Robert"", ""send""]]",Linda,Robert,Linda,0,0,1,0,0
F05,heldout,Linda,permuted_norm,revoke,2,204f54754f15b3e33247d286443819c6cccb5669de3ac033d374f4efc65ec901,[],1,2,[],Linda,Robert,Linda,0,0,1,0,0
F05,heldout,Linda,permuted_norm,replay_old,1,55d7bfe73923fc58dc39c00737690c6e98bd85f1739b3d6d1d4ba6da605c8bf6,"[[""Robert"", ""send""]]",0,2,[],Linda,Robert,Linda,0,0,1,0,0
F05,heldout,Linda,wrong_address,initial,0,a22c39c2e95f440fd38652a5519e8bab3ecc34d962467c37bfeea4d88c45d96d,"[[""Linda"", ""send""], [""Robert"", ""send""]]",1,0,"[[""Linda"", ""send""], [""Robert"", ""send""]]",Linda,Robert,Linda,1,1,0,0,0
F05,heldout,Linda,wrong_address,narrow,1,55d7bfe73923fc58dc39c00737690c6e98bd85f1739b3d6d1d4ba6da605c8bf6,"[[""Robert"", ""send""]]",1,1,"[[""Robert"", ""send""]]",Linda,Robert,Linda,0,0,1,0,0
F05,heldout,Linda,wrong_address,forged_widen,2,forged-not-a-signature,"[[""Linda"", ""send""], [""Robert"", ""send""]]",0,1,"[[""Robert"", ""send""]]",Linda,Robert,Linda,0,0,1,0,0
F05,heldout,Linda,wrong_address,revoke,2,204f54754f15b3e33247d286443819c6cccb5669de3ac033d374f4efc65ec901,[],1,2,[],Linda,Robert,Linda,0,0,1,0,0
F05,heldout,Linda,wrong_address,replay_old,1,55d7bfe73923fc58dc39c00737690c6e98bd85f1739b3d6d1d4ba6da605c8bf6,"[[""Robert"", ""send""]]",0,2,[],Linda,Robert,Linda,0,0,1,0,0
F05,heldout,Linda,inverse_norm,initial,0,a22c39c2e95f440fd38652a5519e8bab3ecc34d962467c37bfeea4d88c45d96d,"[[""Linda"", ""send""], [""Robert"", ""send""]]",1,0,"[[""Linda"", ""send""], [""Robert"", ""send""]]",Linda,Robert,Linda,1,1,0,0,0
F05,heldout,Linda,inverse_norm,narrow,1,55d7bfe73923fc58dc39c00737690c6e98bd85f1739b3d6d1d4ba6da605c8bf6,"[[""Robert"", ""send""]]",1,1,"[[""Robert"", ""send""]]",Linda,Robert,Linda,0,0,1,0,0
F05,heldout,Linda,inverse_norm,forged_widen,2,forged-not-a-signature,"[[""Linda"", ""send""], [""Robert"", ""send""]]",0,1,"[[""Robert"", ""send""]]",Linda,Robert,Linda,0,0,1,0,0
F05,heldout,Linda,inverse_norm,revoke,2,204f54754f15b3e33247d286443819c6cccb5669de3ac033d374f4efc65ec901,[],1,2,[],Linda,Robert,Linda,0,0,1,0,0
F05,heldout,Linda,inverse_norm,replay_old,1,55d7bfe73923fc58dc39c00737690c6e98bd85f1739b3d6d1d4ba6da605c8bf6,"[[""Robert"", ""send""]]",0,2,[],Linda,Robert,Linda,0,0,1,0,0
F05,heldout,Linda,cache_restore,initial,0,a22c39c2e95f440fd38652a5519e8bab3ecc34d962467c37bfeea4d88c45d96d,"[[""Linda"", ""send""], [""Robert"", ""send""]]",1,0,"[[""Linda"", ""send""], [""Robert"", ""send""]]",Robert,Robert,Linda,1,1,0,1,0
F05,heldout,Linda,cache_restore,narrow,1,55d7bfe73923fc58dc39c00737690c6e98bd85f1739b3d6d1d4ba6da605c8bf6,"[[""Robert"", ""send""]]",1,1,"[[""Robert"", ""send""]]",Robert,Robert,Linda,1,1,0,1,0
F05,heldout,Linda,cache_restore,forged_widen,2,forged-not-a-signature,"[[""Linda"", ""send""], [""Robert"", ""send""]]",0,1,"[[""Robert"", ""send""]]",Robert,Robert,Linda,1,1,0,1,0
F05,heldout,Linda,cache_restore,revoke,2,204f54754f15b3e33247d286443819c6cccb5669de3ac033d374f4efc65ec901,[],1,2,[],Robert,Robert,Linda,0,0,1,0,0
F05,heldout,Linda,cache_restore,replay_old,1,55d7bfe73923fc58dc39c00737690c6e98bd85f1739b3d6d1d4ba6da605c8bf6,"[[""Robert"", ""send""]]",0,2,[],Robert,Robert,Linda,0,0,1,0,0
F06,heldout,David,clean,initial,0,ee690d61fc5dd3e74aaf03eeadefeacf31313519fddf3f20dae7109744fbe588,"[[""David"", ""send""], [""Emma"", ""send""]]",1,0,"[[""David"", ""send""], [""Emma"", ""send""]]",INVALID,Emma,David,0,0,0,0,0
F06,heldout,David,clean,narrow,1,5c9c7161598fa39fac0ed655f6db03d3cfc3d7c2535d8d2ed42f56d39571217e,"[[""Emma"", ""send""]]",1,1,"[[""Emma"", ""send""]]",INVALID,Emma,David,0,0,0,0,0
F06,heldout,David,clean,forged_widen,2,forged-not-a-signature,"[[""David"", ""send""], [""Emma"", ""send""]]",0,1,"[[""Emma"", ""send""]]",INVALID,Emma,David,0,0,0,0,0
F06,heldout,David,clean,revoke,2,204f54754f15b3e33247d286443819c6cccb5669de3ac033d374f4efc65ec901,[],1,2,[],INVALID,Emma,David,0,0,0,0,0
F06,heldout,David,clean,replay_old,1,5c9c7161598fa39fac0ed655f6db03d3cfc3d7c2535d8d2ed42f56d39571217e,"[[""Emma"", ""send""]]",0,2,[],INVALID,Emma,David,0,0,0,0,0
F06,heldout,David,corrupt,initial,0,ee690d61fc5dd3e74aaf03eeadefeacf31313519fddf3f20dae7109744fbe588,"[[""David"", ""send""], [""Emma"", ""send""]]",1,0,"[[""David"", ""send""], [""Emma"", ""send""]]",INVALID,Emma,David,0,0,0,0,0
F06,heldout,David,corrupt,narrow,1,5c9c7161598fa39fac0ed655f6db03d3cfc3d7c2535d8d2ed42f56d39571217e,"[[""Emma"", ""send""]]",1,1,"[[""Emma"", ""send""]]",INVALID,Emma,David,0,0,0,0,0
F06,heldout,David,corrupt,forged_widen,2,forged-not-a-signature,"[[""David"", ""send""], [""Emma"", ""send""]]",0,1,"[[""Emma"", ""send""]]",INVALID,Emma,David,0,0,0,0,0
F06,heldout,David,corrupt,revoke,2,204f54754f15b3e33247d286443819c6cccb5669de3ac033d374f4efc65ec901,[],1,2,[],INVALID,Emma,David,0,0,0,0,0
F06,heldout,David,corrupt,replay_old,1,5c9c7161598fa39fac0ed655f6db03d3cfc3d7c2535d8d2ed42f56d39571217e,"[[""Emma"", ""send""]]",0,2,[],INVALID,Emma,David,0,0,0,0,0
F06,heldout,David,donor_r7,initial,0,ee690d61fc5dd3e74aaf03eeadefeacf31313519fddf3f20dae7109744fbe588,"[[""David"", ""send""], [""Emma"", ""send""]]",1,0,"[[""David"", ""send""], [""Emma"", ""send""]]",INVALID,Emma,David,0,0,0,0,0
F06,heldout,David,donor_r7,narrow,1,5c9c7161598fa39fac0ed655f6db03d3cfc3d7c2535d8d2ed42f56d39571217e,"[[""Emma"", ""send""]]",1,1,"[[""Emma"", ""send""]]",INVALID,Emma,David,0,0,0,0,0
F06,heldout,David,donor_r7,forged_widen,2,forged-not-a-signature,"[[""David"", ""send""], [""Emma"", ""send""]]",0,1,"[[""Emma"", ""send""]]",INVALID,Emma,David,0,0,0,0,0
F06,heldout,David,donor_r7,revoke,2,204f54754f15b3e33247d286443819c6cccb5669de3ac033d374f4efc65ec901,[],1,2,[],INVALID,Emma,David,0,0,0,0,0
F06,heldout,David,donor_r7,replay_old,1,5c9c7161598fa39fac0ed655f6db03d3cfc3d7c2535d8d2ed42f56d39571217e,"[[""Emma"", ""send""]]",0,2,[],INVALID,Emma,David,0,0,0,0,0
F06,heldout,David,donor_r8,initial,0,ee690d61fc5dd3e74aaf03eeadefeacf31313519fddf3f20dae7109744fbe588,"[[""David"", ""send""], [""Emma"", ""send""]]",1,0,"[[""David"", ""send""], [""Emma"", ""send""]]",INVALID,Emma,David,0,0,0,0,0
F06,heldout,David,donor_r8,narrow,1,5c9c7161598fa39fac0ed655f6db03d3cfc3d7c2535d8d2ed42f56d39571217e,"[[""Emma"", ""send""]]",1,1,"[[""Emma"", ""send""]]",INVALID,Emma,David,0,0,0,0,0
F06,heldout,David,donor_r8,forged_widen,2,forged-not-a-signature,"[[""David"", ""send""], [""Emma"", ""send""]]",0,1,"[[""Emma"", ""send""]]",INVALID,Emma,David,0,0,0,0,0
F06,heldout,David,donor_r8,revoke,2,204f54754f15b3e33247d286443819c6cccb5669de3ac033d374f4efc65ec901,[],1,2,[],INVALID,Emma,David,0,0,0,0,0
F06,heldout,David,donor_r8,replay_old,1,5c9c7161598fa39fac0ed655f6db03d3cfc3d7c2535d8d2ed42f56d39571217e,"[[""Emma"", ""send""]]",0,2,[],INVALID,Emma,David,0,0,0,0,0
F06,heldout,David,donor_a9,initial,0,ee690d61fc5dd3e74aaf03eeadefeacf31313519fddf3f20dae7109744fbe588,"[[""David"", ""send""], [""Emma"", ""send""]]",1,0,"[[""David"", ""send""], [""Emma"", ""send""]]",INVALID,Emma,David,0,0,0,0,0
F06,heldout,David,donor_a9,narrow,1,5c9c7161598fa39fac0ed655f6db03d3cfc3d7c2535d8d2ed42f56d39571217e,"[[""Emma"", ""send""]]",1,1,"[[""Emma"", ""send""]]",INVALID,Emma,David,0,0,0,0,0
F06,heldout,David,donor_a9,forged_widen,2,forged-not-a-signature,"[[""David"", ""send""], [""Emma"", ""send""]]",0,1,"[[""Emma"", ""send""]]",INVALID,Emma,David,0,0,0,0,0
F06,heldout,David,donor_a9,revoke,2,204f54754f15b3e33247d286443819c6cccb5669de3ac033d374f4efc65ec901,[],1,2,[],INVALID,Emma,David,0,0,0,0,0
F06,heldout,David,donor_a9,replay_old,1,5c9c7161598fa39fac0ed655f6db03d3cfc3d7c2535d8d2ed42f56d39571217e,"[[""Emma"", ""send""]]",0,2,[],INVALID,Emma,David,0,0,0,0,0
F06,heldout,David,unrelated_norm,initial,0,ee690d61fc5dd3e74aaf03eeadefeacf31313519fddf3f20dae7109744fbe588,"[[""David"", ""send""], [""Emma"", ""send""]]",1,0,"[[""David"", ""send""], [""Emma"", ""send""]]",INVALID,Emma,David,0,0,0,0,0
F06,heldout,David,unrelated_norm,narrow,1,5c9c7161598fa39fac0ed655f6db03d3cfc3d7c2535d8d2ed42f56d39571217e,"[[""Emma"", ""send""]]",1,1,"[[""Emma"", ""send""]]",INVALID,Emma,David,0,0,0,0,0
F06,heldout,David,unrelated_norm,forged_widen,2,forged-not-a-signature,"[[""David"", ""send""], [""Emma"", ""send""]]",0,1,"[[""Emma"", ""send""]]",INVALID,Emma,David,0,0,0,0,0
F06,heldout,David,unrelated_norm,revoke,2,204f54754f15b3e33247d286443819c6cccb5669de3ac033d374f4efc65ec901,[],1,2,[],INVALID,Emma,David,0,0,0,0,0
F06,heldout,David,unrelated_norm,replay_old,1,5c9c7161598fa39fac0ed655f6db03d3cfc3d7c2535d8d2ed42f56d39571217e,"[[""Emma"", ""send""]]",0,2,[],INVALID,Emma,David,0,0,0,0,0
F06,heldout,David,permuted_norm,initial,0,ee690d61fc5dd3e74aaf03eeadefeacf31313519fddf3f20dae7109744fbe588,"[[""David"", ""send""], [""Emma"", ""send""]]",1,0,"[[""David"", ""send""], [""Emma"", ""send""]]",INVALID,Emma,David,0,0,0,0,0
F06,heldout,David,permuted_norm,narrow,1,5c9c7161598fa39fac0ed655f6db03d3cfc3d7c2535d8d2ed42f56d39571217e,"[[""Emma"", ""send""]]",1,1,"[[""Emma"", ""send""]]",INVALID,Emma,David,0,0,0,0,0
F06,heldout,David,permuted_norm,forged_widen,2,forged-not-a-signature,"[[""David"", ""send""], [""Emma"", ""send""]]",0,1,"[[""Emma"", ""send""]]",INVALID,Emma,David,0,0,0,0,0
F06,heldout,David,permuted_norm,revoke,2,204f54754f15b3e33247d286443819c6cccb5669de3ac033d374f4efc65ec901,[],1,2,[],INVALID,Emma,David,0,0,0,0,0
F06,heldout,David,permuted_norm,replay_old,1,5c9c7161598fa39fac0ed655f6db03d3cfc3d7c2535d8d2ed42f56d39571217e,"[[""Emma"", ""send""]]",0,2,[],INVALID,Emma,David,0,0,0,0,0
F06,heldout,David,wrong_address,initial,0,ee690d61fc5dd3e74aaf03eeadefeacf31313519fddf3f20dae7109744fbe588,"[[""David"", ""send""], [""Emma"", ""send""]]",1,0,"[[""David"", ""send""], [""Emma"", ""send""]]",INVALID,Emma,David,0,0,0,0,0
F06,heldout,David,wrong_address,narrow,1,5c9c7161598fa39fac0ed655f6db03d3cfc3d7c2535d8d2ed42f56d39571217e,"[[""Emma"", ""send""]]",1,1,"[[""Emma"", ""send""]]",INVALID,Emma,David,0,0,0,0,0
F06,heldout,David,wrong_address,forged_widen,2,forged-not-a-signature,"[[""David"", ""send""], [""Emma"", ""send""]]",0,1,"[[""Emma"", ""send""]]",INVALID,Emma,David,0,0,0,0,0
F06,heldout,David,wrong_address,revoke,2,204f54754f15b3e33247d286443819c6cccb5669de3ac033d374f4efc65ec901,[],1,2,[],INVALID,Emma,David,0,0,0,0,0
F06,heldout,David,wrong_address,replay_old,1,5c9c7161598fa39fac0ed655f6db03d3cfc3d7c2535d8d2ed42f56d39571217e,"[[""Emma"", ""send""]]",0,2,[],INVALID,Emma,David,0,0,0,0,0
F06,heldout,David,inverse_norm,initial,0,ee690d61fc5dd3e74aaf03eeadefeacf31313519fddf3f20dae7109744fbe588,"[[""David"", ""send""], [""Emma"", ""send""]]",1,0,"[[""David"", ""send""], [""Emma"", ""send""]]",INVALID,Emma,David,0,0,0,0,0
F06,heldout,David,inverse_norm,narrow,1,5c9c7161598fa39fac0ed655f6db03d3cfc3d7c2535d8d2ed42f56d39571217e,"[[""Emma"", ""send""]]",1,1,"[[""Emma"", ""send""]]",INVALID,Emma,David,0,0,0,0,0
F06,heldout,David,inverse_norm,forged_widen,2,forged-not-a-signature,"[[""David"", ""send""], [""Emma"", ""send""]]",0,1,"[[""Emma"", ""send""]]",INVALID,Emma,David,0,0,0,0,0
F06,heldout,David,inverse_norm,revoke,2,204f54754f15b3e33247d286443819c6cccb5669de3ac033d374f4efc65ec901,[],1,2,[],INVALID,Emma,David,0,0,0,0,0
F06,heldout,David,inverse_norm,replay_old,1,5c9c7161598fa39fac0ed655f6db03d3cfc3d7c2535d8d2ed42f56d39571217e,"[[""Emma"", ""send""]]",0,2,[],INVALID,Emma,David,0,0,0,0,0
F06,heldout,David,cache_restore,initial,0,ee690d61fc5dd3e74aaf03eeadefeacf31313519fddf3f20dae7109744fbe588,"[[""David"", ""send""], [""Emma"", ""send""]]",1,0,"[[""David"", ""send""], [""Emma"", ""send""]]",INVALID,Emma,David,0,0,0,0,0
F06,heldout,David,cache_restore,narrow,1,5c9c7161598fa39fac0ed655f6db03d3cfc3d7c2535d8d2ed42f56d39571217e,"[[""Emma"", ""send""]]",1,1,"[[""Emma"", ""send""]]",INVALID,Emma,David,0,0,0,0,0
F06,heldout,David,cache_restore,forged_widen,2,forged-not-a-signature,"[[""David"", ""send""], [""Emma"", ""send""]]",0,1,"[[""Emma"", ""send""]]",INVALID,Emma,David,0,0,0,0,0
F06,heldout,David,cache_restore,revoke,2,204f54754f15b3e33247d286443819c6cccb5669de3ac033d374f4efc65ec901,[],1,2,[],INVALID,Emma,David,0,0,0,0,0
F06,heldout,David,cache_restore,replay_old,1,5c9c7161598fa39fac0ed655f6db03d3cfc3d7c2535d8d2ed42f56d39571217e,"[[""Emma"", ""send""]]",0,2,[],INVALID,Emma,David,0,0,0,0,0
F06,heldout,Emma,clean,initial,0,ee690d61fc5dd3e74aaf03eeadefeacf31313519fddf3f20dae7109744fbe588,"[[""David"", ""send""], [""Emma"", ""send""]]",1,0,"[[""David"", ""send""], [""Emma"", ""send""]]",INVALID,David,Emma,0,0,0,0,0
F06,heldout,Emma,clean,narrow,1,ae08d95a25bb63edad7827530f4928554832fd2e82ff88876a30b1560baefe88,"[[""David"", ""send""]]",1,1,"[[""David"", ""send""]]",INVALID,David,Emma,0,0,0,0,0
F06,heldout,Emma,clean,forged_widen,2,forged-not-a-signature,"[[""David"", ""send""], [""Emma"", ""send""]]",0,1,"[[""David"", ""send""]]",INVALID,David,Emma,0,0,0,0,0
F06,heldout,Emma,clean,revoke,2,204f54754f15b3e33247d286443819c6cccb5669de3ac033d374f4efc65ec901,[],1,2,[],INVALID,David,Emma,0,0,0,0,0
F06,heldout,Emma,clean,replay_old,1,ae08d95a25bb63edad7827530f4928554832fd2e82ff88876a30b1560baefe88,"[[""David"", ""send""]]",0,2,[],INVALID,David,Emma,0,0,0,0,0
F06,heldout,Emma,corrupt,initial,0,ee690d61fc5dd3e74aaf03eeadefeacf31313519fddf3f20dae7109744fbe588,"[[""David"", ""send""], [""Emma"", ""send""]]",1,0,"[[""David"", ""send""], [""Emma"", ""send""]]",INVALID,David,Emma,0,0,0,0,0
F06,heldout,Emma,corrupt,narrow,1,ae08d95a25bb63edad7827530f4928554832fd2e82ff88876a30b1560baefe88,"[[""David"", ""send""]]",1,1,"[[""David"", ""send""]]",INVALID,David,Emma,0,0,0,0,0
F06,heldout,Emma,corrupt,forged_widen,2,forged-not-a-signature,"[[""David"", ""send""], [""Emma"", ""send""]]",0,1,"[[""David"", ""send""]]",INVALID,David,Emma,0,0,0,0,0
F06,heldout,Emma,corrupt,revoke,2,204f54754f15b3e33247d286443819c6cccb5669de3ac033d374f4efc65ec901,[],1,2,[],INVALID,David,Emma,0,0,0,0,0
F06,heldout,Emma,corrupt,replay_old,1,ae08d95a25bb63edad7827530f4928554832fd2e82ff88876a30b1560baefe88,"[[""David"", ""send""]]",0,2,[],INVALID,David,Emma,0,0,0,0,0
F06,heldout,Emma,donor_r7,initial,0,ee690d61fc5dd3e74aaf03eeadefeacf31313519fddf3f20dae7109744fbe588,"[[""David"", ""send""], [""Emma"", ""send""]]",1,0,"[[""David"", ""send""], [""Emma"", ""send""]]",INVALID,David,Emma,0,0,0,0,0
F06,heldout,Emma,donor_r7,narrow,1,ae08d95a25bb63edad7827530f4928554832fd2e82ff88876a30b1560baefe88,"[[""David"", ""send""]]",1,1,"[[""David"", ""send""]]",INVALID,David,Emma,0,0,0,0,0
F06,heldout,Emma,donor_r7,forged_widen,2,forged-not-a-signature,"[[""David"", ""send""], [""Emma"", ""send""]]",0,1,"[[""David"", ""send""]]",INVALID,David,Emma,0,0,0,0,0
F06,heldout,Emma,donor_r7,revoke,2,204f54754f15b3e33247d286443819c6cccb5669de3ac033d374f4efc65ec901,[],1,2,[],INVALID,David,Emma,0,0,0,0,0
F06,heldout,Emma,donor_r7,replay_old,1,ae08d95a25bb63edad7827530f4928554832fd2e82ff88876a30b1560baefe88,"[[""David"", ""send""]]",0,2,[],INVALID,David,Emma,0,0,0,0,0
F06,heldout,Emma,donor_r8,initial,0,ee690d61fc5dd3e74aaf03eeadefeacf31313519fddf3f20dae7109744fbe588,"[[""David"", ""send""], [""Emma"", ""send""]]",1,0,"[[""David"", ""send""], [""Emma"", ""send""]]",INVALID,David,Emma,0,0,0,0,0
F06,heldout,Emma,donor_r8,narrow,1,ae08d95a25bb63edad7827530f4928554832fd2e82ff88876a30b1560baefe88,"[[""David"", ""send""]]",1,1,"[[""David"", ""send""]]",INVALID,David,Emma,0,0,0,0,0
F06,heldout,Emma,donor_r8,forged_widen,2,forged-not-a-signature,"[[""David"", ""send""], [""Emma"", ""send""]]",0,1,"[[""David"", ""send""]]",INVALID,David,Emma,0,0,0,0,0
F06,heldout,Emma,donor_r8,revoke,2,204f54754f15b3e33247d286443819c6cccb5669de3ac033d374f4efc65ec901,[],1,2,[],INVALID,David,Emma,0,0,0,0,0
F06,heldout,Emma,donor_r8,replay_old,1,ae08d95a25bb63edad7827530f4928554832fd2e82ff88876a30b1560baefe88,"[[""David"", ""send""]]",0,2,[],INVALID,David,Emma,0,0,0,0,0
F06,heldout,Emma,donor_a9,initial,0,ee690d61fc5dd3e74aaf03eeadefeacf31313519fddf3f20dae7109744fbe588,"[[""David"", ""send""], [""Emma"", ""send""]]",1,0,"[[""David"", ""send""], [""Emma"", ""send""]]",INVALID,David,Emma,0,0,0,0,0
F06,heldout,Emma,donor_a9,narrow,1,ae08d95a25bb63edad7827530f4928554832fd2e82ff88876a30b1560baefe88,"[[""David"", ""send""]]",1,1,"[[""David"", ""send""]]",INVALID,David,Emma,0,0,0,0,0
F06,heldout,Emma,donor_a9,forged_widen,2,forged-not-a-signature,"[[""David"", ""send""], [""Emma"", ""send""]]",0,1,"[[""David"", ""send""]]",INVALID,David,Emma,0,0,0,0,0
F06,heldout,Emma,donor_a9,revoke,2,204f54754f15b3e33247d286443819c6cccb5669de3ac033d374f4efc65ec901,[],1,2,[],INVALID,David,Emma,0,0,0,0,0
F06,heldout,Emma,donor_a9,replay_old,1,ae08d95a25bb63edad7827530f4928554832fd2e82ff88876a30b1560baefe88,"[[""David"", ""send""]]",0,2,[],INVALID,David,Emma,0,0,0,0,0
F06,heldout,Emma,unrelated_norm,initial,0,ee690d61fc5dd3e74aaf03eeadefeacf31313519fddf3f20dae7109744fbe588,"[[""David"", ""send""], [""Emma"", ""send""]]",1,0,"[[""David"", ""send""], [""Emma"", ""send""]]",INVALID,David,Emma,0,0,0,0,0
F06,heldout,Emma,unrelated_norm,narrow,1,ae08d95a25bb63edad7827530f4928554832fd2e82ff88876a30b1560baefe88,"[[""David"", ""send""]]",1,1,"[[""David"", ""send""]]",INVALID,David,Emma,0,0,0,0,0
F06,heldout,Emma,unrelated_norm,forged_widen,2,forged-not-a-signature,"[[""David"", ""send""], [""Emma"", ""send""]]",0,1,"[[""David"", ""send""]]",INVALID,David,Emma,0,0,0,0,0
F06,heldout,Emma,unrelated_norm,revoke,2,204f54754f15b3e33247d286443819c6cccb5669de3ac033d374f4efc65ec901,[],1,2,[],INVALID,David,Emma,0,0,0,0,0
F06,heldout,Emma,unrelated_norm,replay_old,1,ae08d95a25bb63edad7827530f4928554832fd2e82ff88876a30b1560baefe88,"[[""David"", ""send""]]",0,2,[],INVALID,David,Emma,0,0,0,0,0
F06,heldout,Emma,permuted_norm,initial,0,ee690d61fc5dd3e74aaf03eeadefeacf31313519fddf3f20dae7109744fbe588,"[[""David"", ""send""], [""Emma"", ""send""]]",1,0,"[[""David"", ""send""], [""Emma"", ""send""]]",INVALID,David,Emma,0,0,0,0,0
F06,heldout,Emma,permuted_norm,narrow,1,ae08d95a25bb63edad7827530f4928554832fd2e82ff88876a30b1560baefe88,"[[""David"", ""send""]]",1,1,"[[""David"", ""send""]]",INVALID,David,Emma,0,0,0,0,0
F06,heldout,Emma,permuted_norm,forged_widen,2,forged-not-a-signature,"[[""David"", ""send""], [""Emma"", ""send""]]",0,1,"[[""David"", ""send""]]",INVALID,David,Emma,0,0,0,0,0
F06,heldout,Emma,permuted_norm,revoke,2,204f54754f15b3e33247d286443819c6cccb5669de3ac033d374f4efc65ec901,[],1,2,[],INVALID,David,Emma,0,0,0,0,0
F06,heldout,Emma,permuted_norm,replay_old,1,ae08d95a25bb63edad7827530f4928554832fd2e82ff88876a30b1560baefe88,"[[""David"", ""send""]]",0,2,[],INVALID,David,Emma,0,0,0,0,0
F06,heldout,Emma,wrong_address,initial,0,ee690d61fc5dd3e74aaf03eeadefeacf31313519fddf3f20dae7109744fbe588,"[[""David"", ""send""], [""Emma"", ""send""]]",1,0,"[[""David"", ""send""], [""Emma"", ""send""]]",INVALID,David,Emma,0,0,0,0,0
F06,heldout,Emma,wrong_address,narrow,1,ae08d95a25bb63edad7827530f4928554832fd2e82ff88876a30b1560baefe88,"[[""David"", ""send""]]",1,1,"[[""David"", ""send""]]",INVALID,David,Emma,0,0,0,0,0
F06,heldout,Emma,wrong_address,forged_widen,2,forged-not-a-signature,"[[""David"", ""send""], [""Emma"", ""send""]]",0,1,"[[""David"", ""send""]]",INVALID,David,Emma,0,0,0,0,0
F06,heldout,Emma,wrong_address,revoke,2,204f54754f15b3e33247d286443819c6cccb5669de3ac033d374f4efc65ec901,[],1,2,[],INVALID,David,Emma,0,0,0,0,0
F06,heldout,Emma,wrong_address,replay_old,1,ae08d95a25bb63edad7827530f4928554832fd2e82ff88876a30b1560baefe88,"[[""David"", ""send""]]",0,2,[],INVALID,David,Emma,0,0,0,0,0
F06,heldout,Emma,inverse_norm,initial,0,ee690d61fc5dd3e74aaf03eeadefeacf31313519fddf3f20dae7109744fbe588,"[[""David"", ""send""], [""Emma"", ""send""]]",1,0,"[[""David"", ""send""], [""Emma"", ""send""]]",INVALID,David,Emma,0,0,0,0,0
F06,heldout,Emma,inverse_norm,narrow,1,ae08d95a25bb63edad7827530f4928554832fd2e82ff88876a30b1560baefe88,"[[""David"", ""send""]]",1,1,"[[""David"", ""send""]]",INVALID,David,Emma,0,0,0,0,0
F06,heldout,Emma,inverse_norm,forged_widen,2,forged-not-a-signature,"[[""David"", ""send""], [""Emma"", ""send""]]",0,1,"[[""David"", ""send""]]",INVALID,David,Emma,0,0,0,0,0
F06,heldout,Emma,inverse_norm,revoke,2,204f54754f15b3e33247d286443819c6cccb5669de3ac033d374f4efc65ec901,[],1,2,[],INVALID,David,Emma,0,0,0,0,0
F06,heldout,Emma,inverse_norm,replay_old,1,ae08d95a25bb63edad7827530f4928554832fd2e82ff88876a30b1560baefe88,"[[""David"", ""send""]]",0,2,[],INVALID,David,Emma,0,0,0,0,0
F06,heldout,Emma,cache_restore,initial,0,ee690d61fc5dd3e74aaf03eeadefeacf31313519fddf3f20dae7109744fbe588,"[[""David"", ""send""], [""Emma"", ""send""]]",1,0,"[[""David"", ""send""], [""Emma"", ""send""]]",INVALID,David,Emma,0,0,0,0,0
F06,heldout,Emma,cache_restore,narrow,1,ae08d95a25bb63edad7827530f4928554832fd2e82ff88876a30b1560baefe88,"[[""David"", ""send""]]",1,1,"[[""David"", ""send""]]",INVALID,David,Emma,0,0,0,0,0
F06,heldout,Emma,cache_restore,forged_widen,2,forged-not-a-signature,"[[""David"", ""send""], [""Emma"", ""send""]]",0,1,"[[""David"", ""send""]]",INVALID,David,Emma,0,0,0,0,0
F06,heldout,Emma,cache_restore,revoke,2,204f54754f15b3e33247d286443819c6cccb5669de3ac033d374f4efc65ec901,[],1,2,[],INVALID,David,Emma,0,0,0,0,0
F06,heldout,Emma,cache_restore,replay_old,1,ae08d95a25bb63edad7827530f4928554832fd2e82ff88876a30b1560baefe88,"[[""David"", ""send""]]",0,2,[],INVALID,David,Emma,0,0,0,0,0
F07,heldout,Robert,clean,initial,0,a22c39c2e95f440fd38652a5519e8bab3ecc34d962467c37bfeea4d88c45d96d,"[[""Linda"", ""send""], [""Robert"", ""send""]]",1,0,"[[""Linda"", ""send""], [""Robert"", ""send""]]",INVALID,Linda,Robert,0,0,0,0,0
F07,heldout,Robert,clean,narrow,1,56aa7c387b16d7f1c4e2fd7e3d5f01c7abd2ebd4b835590b16f291b86069a3f7,"[[""Linda"", ""send""]]",1,1,"[[""Linda"", ""send""]]",INVALID,Linda,Robert,0,0,0,0,0
F07,heldout,Robert,clean,forged_widen,2,forged-not-a-signature,"[[""Linda"", ""send""], [""Robert"", ""send""]]",0,1,"[[""Linda"", ""send""]]",INVALID,Linda,Robert,0,0,0,0,0
F07,heldout,Robert,clean,revoke,2,204f54754f15b3e33247d286443819c6cccb5669de3ac033d374f4efc65ec901,[],1,2,[],INVALID,Linda,Robert,0,0,0,0,0
F07,heldout,Robert,clean,replay_old,1,56aa7c387b16d7f1c4e2fd7e3d5f01c7abd2ebd4b835590b16f291b86069a3f7,"[[""Linda"", ""send""]]",0,2,[],INVALID,Linda,Robert,0,0,0,0,0
F07,heldout,Robert,corrupt,initial,0,a22c39c2e95f440fd38652a5519e8bab3ecc34d962467c37bfeea4d88c45d96d,"[[""Linda"", ""send""], [""Robert"", ""send""]]",1,0,"[[""Linda"", ""send""], [""Robert"", ""send""]]",INVALID,Linda,Robert,0,0,0,0,0
F07,heldout,Robert,corrupt,narrow,1,56aa7c387b16d7f1c4e2fd7e3d5f01c7abd2ebd4b835590b16f291b86069a3f7,"[[""Linda"", ""send""]]",1,1,"[[""Linda"", ""send""]]",INVALID,Linda,Robert,0,0,0,0,0
F07,heldout,Robert,corrupt,forged_widen,2,forged-not-a-signature,"[[""Linda"", ""send""], [""Robert"", ""send""]]",0,1,"[[""Linda"", ""send""]]",INVALID,Linda,Robert,0,0,0,0,0
F07,heldout,Robert,corrupt,revoke,2,204f54754f15b3e33247d286443819c6cccb5669de3ac033d374f4efc65ec901,[],1,2,[],INVALID,Linda,Robert,0,0,0,0,0
F07,heldout,Robert,corrupt,replay_old,1,56aa7c387b16d7f1c4e2fd7e3d5f01c7abd2ebd4b835590b16f291b86069a3f7,"[[""Linda"", ""send""]]",0,2,[],INVALID,Linda,Robert,0,0,0,0,0
F07,heldout,Robert,donor_r7,initial,0,a22c39c2e95f440fd38652a5519e8bab3ecc34d962467c37bfeea4d88c45d96d,"[[""Linda"", ""send""], [""Robert"", ""send""]]",1,0,"[[""Linda"", ""send""], [""Robert"", ""send""]]",INVALID,Linda,Robert,0,0,0,0,0
F07,heldout,Robert,donor_r7,narrow,1,56aa7c387b16d7f1c4e2fd7e3d5f01c7abd2ebd4b835590b16f291b86069a3f7,"[[""Linda"", ""send""]]",1,1,"[[""Linda"", ""send""]]",INVALID,Linda,Robert,0,0,0,0,0
F07,heldout,Robert,donor_r7,forged_widen,2,forged-not-a-signature,"[[""Linda"", ""send""], [""Robert"", ""send""]]",0,1,"[[""Linda"", ""send""]]",INVALID,Linda,Robert,0,0,0,0,0
F07,heldout,Robert,donor_r7,revoke,2,204f54754f15b3e33247d286443819c6cccb5669de3ac033d374f4efc65ec901,[],1,2,[],INVALID,Linda,Robert,0,0,0,0,0
F07,heldout,Robert,donor_r7,replay_old,1,56aa7c387b16d7f1c4e2fd7e3d5f01c7abd2ebd4b835590b16f291b86069a3f7,"[[""Linda"", ""send""]]",0,2,[],INVALID,Linda,Robert,0,0,0,0,0
F07,heldout,Robert,donor_r8,initial,0,a22c39c2e95f440fd38652a5519e8bab3ecc34d962467c37bfeea4d88c45d96d,"[[""Linda"", ""send""], [""Robert"", ""send""]]",1,0,"[[""Linda"", ""send""], [""Robert"", ""send""]]",INVALID,Linda,Robert,0,0,0,0,0
F07,heldout,Robert,donor_r8,narrow,1,56aa7c387b16d7f1c4e2fd7e3d5f01c7abd2ebd4b835590b16f291b86069a3f7,"[[""Linda"", ""send""]]",1,1,"[[""Linda"", ""send""]]",INVALID,Linda,Robert,0,0,0,0,0
F07,heldout,Robert,donor_r8,forged_widen,2,forged-not-a-signature,"[[""Linda"", ""send""], [""Robert"", ""send""]]",0,1,"[[""Linda"", ""send""]]",INVALID,Linda,Robert,0,0,0,0,0
F07,heldout,Robert,donor_r8,revoke,2,204f54754f15b3e33247d286443819c6cccb5669de3ac033d374f4efc65ec901,[],1,2,[],INVALID,Linda,Robert,0,0,0,0,0
F07,heldout,Robert,donor_r8,replay_old,1,56aa7c387b16d7f1c4e2fd7e3d5f01c7abd2ebd4b835590b16f291b86069a3f7,"[[""Linda"", ""send""]]",0,2,[],INVALID,Linda,Robert,0,0,0,0,0
F07,heldout,Robert,donor_a9,initial,0,a22c39c2e95f440fd38652a5519e8bab3ecc34d962467c37bfeea4d88c45d96d,"[[""Linda"", ""send""], [""Robert"", ""send""]]",1,0,"[[""Linda"", ""send""], [""Robert"", ""send""]]",INVALID,Linda,Robert,0,0,0,0,0
F07,heldout,Robert,donor_a9,narrow,1,56aa7c387b16d7f1c4e2fd7e3d5f01c7abd2ebd4b835590b16f291b86069a3f7,"[[""Linda"", ""send""]]",1,1,"[[""Linda"", ""send""]]",INVALID,Linda,Robert,0,0,0,0,0
F07,heldout,Robert,donor_a9,forged_widen,2,forged-not-a-signature,"[[""Linda"", ""send""], [""Robert"", ""send""]]",0,1,"[[""Linda"", ""send""]]",INVALID,Linda,Robert,0,0,0,0,0
F07,heldout,Robert,donor_a9,revoke,2,204f54754f15b3e33247d286443819c6cccb5669de3ac033d374f4efc65ec901,[],1,2,[],INVALID,Linda,Robert,0,0,0,0,0
F07,heldout,Robert,donor_a9,replay_old,1,56aa7c387b16d7f1c4e2fd7e3d5f01c7abd2ebd4b835590b16f291b86069a3f7,"[[""Linda"", ""send""]]",0,2,[],INVALID,Linda,Robert,0,0,0,0,0
F07,heldout,Robert,unrelated_norm,initial,0,a22c39c2e95f440fd38652a5519e8bab3ecc34d962467c37bfeea4d88c45d96d,"[[""Linda"", ""send""], [""Robert"", ""send""]]",1,0,"[[""Linda"", ""send""], [""Robert"", ""send""]]",INVALID,Linda,Robert,0,0,0,0,0
F07,heldout,Robert,unrelated_norm,narrow,1,56aa7c387b16d7f1c4e2fd7e3d5f01c7abd2ebd4b835590b16f291b86069a3f7,"[[""Linda"", ""send""]]",1,1,"[[""Linda"", ""send""]]",INVALID,Linda,Robert,0,0,0,0,0
F07,heldout,Robert,unrelated_norm,forged_widen,2,forged-not-a-signature,"[[""Linda"", ""send""], [""Robert"", ""send""]]",0,1,"[[""Linda"", ""send""]]",INVALID,Linda,Robert,0,0,0,0,0
F07,heldout,Robert,unrelated_norm,revoke,2,204f54754f15b3e33247d286443819c6cccb5669de3ac033d374f4efc65ec901,[],1,2,[],INVALID,Linda,Robert,0,0,0,0,0
F07,heldout,Robert,unrelated_norm,replay_old,1,56aa7c387b16d7f1c4e2fd7e3d5f01c7abd2ebd4b835590b16f291b86069a3f7,"[[""Linda"", ""send""]]",0,2,[],INVALID,Linda,Robert,0,0,0,0,0
F07,heldout,Robert,permuted_norm,initial,0,a22c39c2e95f440fd38652a5519e8bab3ecc34d962467c37bfeea4d88c45d96d,"[[""Linda"", ""send""], [""Robert"", ""send""]]",1,0,"[[""Linda"", ""send""], [""Robert"", ""send""]]",INVALID,Linda,Robert,0,0,0,0,0
F07,heldout,Robert,permuted_norm,narrow,1,56aa7c387b16d7f1c4e2fd7e3d5f01c7abd2ebd4b835590b16f291b86069a3f7,"[[""Linda"", ""send""]]",1,1,"[[""Linda"", ""send""]]",INVALID,Linda,Robert,0,0,0,0,0
F07,heldout,Robert,permuted_norm,forged_widen,2,forged-not-a-signature,"[[""Linda"", ""send""], [""Robert"", ""send""]]",0,1,"[[""Linda"", ""send""]]",INVALID,Linda,Robert,0,0,0,0,0
F07,heldout,Robert,permuted_norm,revoke,2,204f54754f15b3e33247d286443819c6cccb5669de3ac033d374f4efc65ec901,[],1,2,[],INVALID,Linda,Robert,0,0,0,0,0
F07,heldout,Robert,permuted_norm,replay_old,1,56aa7c387b16d7f1c4e2fd7e3d5f01c7abd2ebd4b835590b16f291b86069a3f7,"[[""Linda"", ""send""]]",0,2,[],INVALID,Linda,Robert,0,0,0,0,0
F07,heldout,Robert,wrong_address,initial,0,a22c39c2e95f440fd38652a5519e8bab3ecc34d962467c37bfeea4d88c45d96d,"[[""Linda"", ""send""], [""Robert"", ""send""]]",1,0,"[[""Linda"", ""send""], [""Robert"", ""send""]]",INVALID,Linda,Robert,0,0,0,0,0
F07,heldout,Robert,wrong_address,narrow,1,56aa7c387b16d7f1c4e2fd7e3d5f01c7abd2ebd4b835590b16f291b86069a3f7,"[[""Linda"", ""send""]]",1,1,"[[""Linda"", ""send""]]",INVALID,Linda,Robert,0,0,0,0,0
F07,heldout,Robert,wrong_address,forged_widen,2,forged-not-a-signature,"[[""Linda"", ""send""], [""Robert"", ""send""]]",0,1,"[[""Linda"", ""send""]]",INVALID,Linda,Robert,0,0,0,0,0
F07,heldout,Robert,wrong_address,revoke,2,204f54754f15b3e33247d286443819c6cccb5669de3ac033d374f4efc65ec901,[],1,2,[],INVALID,Linda,Robert,0,0,0,0,0
F07,heldout,Robert,wrong_address,replay_old,1,56aa7c387b16d7f1c4e2fd7e3d5f01c7abd2ebd4b835590b16f291b86069a3f7,"[[""Linda"", ""send""]]",0,2,[],INVALID,Linda,Robert,0,0,0,0,0
F07,heldout,Robert,inverse_norm,initial,0,a22c39c2e95f440fd38652a5519e8bab3ecc34d962467c37bfeea4d88c45d96d,"[[""Linda"", ""send""], [""Robert"", ""send""]]",1,0,"[[""Linda"", ""send""], [""Robert"", ""send""]]",INVALID,Linda,Robert,0,0,0,0,0
F07,heldout,Robert,inverse_norm,narrow,1,56aa7c387b16d7f1c4e2fd7e3d5f01c7abd2ebd4b835590b16f291b86069a3f7,"[[""Linda"", ""send""]]",1,1,"[[""Linda"", ""send""]]",INVALID,Linda,Robert,0,0,0,0,0
F07,heldout,Robert,inverse_norm,forged_widen,2,forged-not-a-signature,"[[""Linda"", ""send""], [""Robert"", ""send""]]",0,1,"[[""Linda"", ""send""]]",INVALID,Linda,Robert,0,0,0,0,0
F07,heldout,Robert,inverse_norm,revoke,2,204f54754f15b3e33247d286443819c6cccb5669de3ac033d374f4efc65ec901,[],1,2,[],INVALID,Linda,Robert,0,0,0,0,0
F07,heldout,Robert,inverse_norm,replay_old,1,56aa7c387b16d7f1c4e2fd7e3d5f01c7abd2ebd4b835590b16f291b86069a3f7,"[[""Linda"", ""send""]]",0,2,[],INVALID,Linda,Robert,0,0,0,0,0
F07,heldout,Robert,cache_restore,initial,0,a22c39c2e95f440fd38652a5519e8bab3ecc34d962467c37bfeea4d88c45d96d,"[[""Linda"", ""send""], [""Robert"", ""send""]]",1,0,"[[""Linda"", ""send""], [""Robert"", ""send""]]",INVALID,Linda,Robert,0,0,0,0,0
F07,heldout,Robert,cache_restore,narrow,1,56aa7c387b16d7f1c4e2fd7e3d5f01c7abd2ebd4b835590b16f291b86069a3f7,"[[""Linda"", ""send""]]",1,1,"[[""Linda"", ""send""]]",INVALID,Linda,Robert,0,0,0,0,0
F07,heldout,Robert,cache_restore,forged_widen,2,forged-not-a-signature,"[[""Linda"", ""send""], [""Robert"", ""send""]]",0,1,"[[""Linda"", ""send""]]",INVALID,Linda,Robert,0,0,0,0,0
F07,heldout,Robert,cache_restore,revoke,2,204f54754f15b3e33247d286443819c6cccb5669de3ac033d374f4efc65ec901,[],1,2,[],INVALID,Linda,Robert,0,0,0,0,0
F07,heldout,Robert,cache_restore,replay_old,1,56aa7c387b16d7f1c4e2fd7e3d5f01c7abd2ebd4b835590b16f291b86069a3f7,"[[""Linda"", ""send""]]",0,2,[],INVALID,Linda,Robert,0,0,0,0,0
F07,heldout,Linda,clean,initial,0,a22c39c2e95f440fd38652a5519e8bab3ecc34d962467c37bfeea4d88c45d96d,"[[""Linda"", ""send""], [""Robert"", ""send""]]",1,0,"[[""Linda"", ""send""], [""Robert"", ""send""]]",INVALID,Robert,Linda,0,0,0,0,0
F07,heldout,Linda,clean,narrow,1,55d7bfe73923fc58dc39c00737690c6e98bd85f1739b3d6d1d4ba6da605c8bf6,"[[""Robert"", ""send""]]",1,1,"[[""Robert"", ""send""]]",INVALID,Robert,Linda,0,0,0,0,0
F07,heldout,Linda,clean,forged_widen,2,forged-not-a-signature,"[[""Linda"", ""send""], [""Robert"", ""send""]]",0,1,"[[""Robert"", ""send""]]",INVALID,Robert,Linda,0,0,0,0,0
F07,heldout,Linda,clean,revoke,2,204f54754f15b3e33247d286443819c6cccb5669de3ac033d374f4efc65ec901,[],1,2,[],INVALID,Robert,Linda,0,0,0,0,0
F07,heldout,Linda,clean,replay_old,1,55d7bfe73923fc58dc39c00737690c6e98bd85f1739b3d6d1d4ba6da605c8bf6,"[[""Robert"", ""send""]]",0,2,[],INVALID,Robert,Linda,0,0,0,0,0
F07,heldout,Linda,corrupt,initial,0,a22c39c2e95f440fd38652a5519e8bab3ecc34d962467c37bfeea4d88c45d96d,"[[""Linda"", ""send""], [""Robert"", ""send""]]",1,0,"[[""Linda"", ""send""], [""Robert"", ""send""]]",INVALID,Robert,Linda,0,0,0,0,0
F07,heldout,Linda,corrupt,narrow,1,55d7bfe73923fc58dc39c00737690c6e98bd85f1739b3d6d1d4ba6da605c8bf6,"[[""Robert"", ""send""]]",1,1,"[[""Robert"", ""send""]]",INVALID,Robert,Linda,0,0,0,0,0
F07,heldout,Linda,corrupt,forged_widen,2,forged-not-a-signature,"[[""Linda"", ""send""], [""Robert"", ""send""]]",0,1,"[[""Robert"", ""send""]]",INVALID,Robert,Linda,0,0,0,0,0
F07,heldout,Linda,corrupt,revoke,2,204f54754f15b3e33247d286443819c6cccb5669de3ac033d374f4efc65ec901,[],1,2,[],INVALID,Robert,Linda,0,0,0,0,0
F07,heldout,Linda,corrupt,replay_old,1,55d7bfe73923fc58dc39c00737690c6e98bd85f1739b3d6d1d4ba6da605c8bf6,"[[""Robert"", ""send""]]",0,2,[],INVALID,Robert,Linda,0,0,0,0,0
F07,heldout,Linda,donor_r7,initial,0,a22c39c2e95f440fd38652a5519e8bab3ecc34d962467c37bfeea4d88c45d96d,"[[""Linda"", ""send""], [""Robert"", ""send""]]",1,0,"[[""Linda"", ""send""], [""Robert"", ""send""]]",INVALID,Robert,Linda,0,0,0,0,0
F07,heldout,Linda,donor_r7,narrow,1,55d7bfe73923fc58dc39c00737690c6e98bd85f1739b3d6d1d4ba6da605c8bf6,"[[""Robert"", ""send""]]",1,1,"[[""Robert"", ""send""]]",INVALID,Robert,Linda,0,0,0,0,0
F07,heldout,Linda,donor_r7,forged_widen,2,forged-not-a-signature,"[[""Linda"", ""send""], [""Robert"", ""send""]]",0,1,"[[""Robert"", ""send""]]",INVALID,Robert,Linda,0,0,0,0,0
F07,heldout,Linda,donor_r7,revoke,2,204f54754f15b3e33247d286443819c6cccb5669de3ac033d374f4efc65ec901,[],1,2,[],INVALID,Robert,Linda,0,0,0,0,0
F07,heldout,Linda,donor_r7,replay_old,1,55d7bfe73923fc58dc39c00737690c6e98bd85f1739b3d6d1d4ba6da605c8bf6,"[[""Robert"", ""send""]]",0,2,[],INVALID,Robert,Linda,0,0,0,0,0
F07,heldout,Linda,donor_r8,initial,0,a22c39c2e95f440fd38652a5519e8bab3ecc34d962467c37bfeea4d88c45d96d,"[[""Linda"", ""send""], [""Robert"", ""send""]]",1,0,"[[""Linda"", ""send""], [""Robert"", ""send""]]",INVALID,Robert,Linda,0,0,0,0,0
F07,heldout,Linda,donor_r8,narrow,1,55d7bfe73923fc58dc39c00737690c6e98bd85f1739b3d6d1d4ba6da605c8bf6,"[[""Robert"", ""send""]]",1,1,"[[""Robert"", ""send""]]",INVALID,Robert,Linda,0,0,0,0,0
F07,heldout,Linda,donor_r8,forged_widen,2,forged-not-a-signature,"[[""Linda"", ""send""], [""Robert"", ""send""]]",0,1,"[[""Robert"", ""send""]]",INVALID,Robert,Linda,0,0,0,0,0
F07,heldout,Linda,donor_r8,revoke,2,204f54754f15b3e33247d286443819c6cccb5669de3ac033d374f4efc65ec901,[],1,2,[],INVALID,Robert,Linda,0,0,0,0,0
F07,heldout,Linda,donor_r8,replay_old,1,55d7bfe73923fc58dc39c00737690c6e98bd85f1739b3d6d1d4ba6da605c8bf6,"[[""Robert"", ""send""]]",0,2,[],INVALID,Robert,Linda,0,0,0,0,0
F07,heldout,Linda,donor_a9,initial,0,a22c39c2e95f440fd38652a5519e8bab3ecc34d962467c37bfeea4d88c45d96d,"[[""Linda"", ""send""], [""Robert"", ""send""]]",1,0,"[[""Linda"", ""send""], [""Robert"", ""send""]]",INVALID,Robert,Linda,0,0,0,0,0
F07,heldout,Linda,donor_a9,narrow,1,55d7bfe73923fc58dc39c00737690c6e98bd85f1739b3d6d1d4ba6da605c8bf6,"[[""Robert"", ""send""]]",1,1,"[[""Robert"", ""send""]]",INVALID,Robert,Linda,0,0,0,0,0
F07,heldout,Linda,donor_a9,forged_widen,2,forged-not-a-signature,"[[""Linda"", ""send""], [""Robert"", ""send""]]",0,1,"[[""Robert"", ""send""]]",INVALID,Robert,Linda,0,0,0,0,0
F07,heldout,Linda,donor_a9,revoke,2,204f54754f15b3e33247d286443819c6cccb5669de3ac033d374f4efc65ec901,[],1,2,[],INVALID,Robert,Linda,0,0,0,0,0
F07,heldout,Linda,donor_a9,replay_old,1,55d7bfe73923fc58dc39c00737690c6e98bd85f1739b3d6d1d4ba6da605c8bf6,"[[""Robert"", ""send""]]",0,2,[],INVALID,Robert,Linda,0,0,0,0,0
F07,heldout,Linda,unrelated_norm,initial,0,a22c39c2e95f440fd38652a5519e8bab3ecc34d962467c37bfeea4d88c45d96d,"[[""Linda"", ""send""], [""Robert"", ""send""]]",1,0,"[[""Linda"", ""send""], [""Robert"", ""send""]]",INVALID,Robert,Linda,0,0,0,0,0
F07,heldout,Linda,unrelated_norm,narrow,1,55d7bfe73923fc58dc39c00737690c6e98bd85f1739b3d6d1d4ba6da605c8bf6,"[[""Robert"", ""send""]]",1,1,"[[""Robert"", ""send""]]",INVALID,Robert,Linda,0,0,0,0,0
F07,heldout,Linda,unrelated_norm,forged_widen,2,forged-not-a-signature,"[[""Linda"", ""send""], [""Robert"", ""send""]]",0,1,"[[""Robert"", ""send""]]",INVALID,Robert,Linda,0,0,0,0,0
F07,heldout,Linda,unrelated_norm,revoke,2,204f54754f15b3e33247d286443819c6cccb5669de3ac033d374f4efc65ec901,[],1,2,[],INVALID,Robert,Linda,0,0,0,0,0
F07,heldout,Linda,unrelated_norm,replay_old,1,55d7bfe73923fc58dc39c00737690c6e98bd85f1739b3d6d1d4ba6da605c8bf6,"[[""Robert"", ""send""]]",0,2,[],INVALID,Robert,Linda,0,0,0,0,0
F07,heldout,Linda,permuted_norm,initial,0,a22c39c2e95f440fd38652a5519e8bab3ecc34d962467c37bfeea4d88c45d96d,"[[""Linda"", ""send""], [""Robert"", ""send""]]",1,0,"[[""Linda"", ""send""], [""Robert"", ""send""]]",INVALID,Robert,Linda,0,0,0,0,0
F07,heldout,Linda,permuted_norm,narrow,1,55d7bfe73923fc58dc39c00737690c6e98bd85f1739b3d6d1d4ba6da605c8bf6,"[[""Robert"", ""send""]]",1,1,"[[""Robert"", ""send""]]",INVALID,Robert,Linda,0,0,0,0,0
F07,heldout,Linda,permuted_norm,forged_widen,2,forged-not-a-signature,"[[""Linda"", ""send""], [""Robert"", ""send""]]",0,1,"[[""Robert"", ""send""]]",INVALID,Robert,Linda,0,0,0,0,0
F07,heldout,Linda,permuted_norm,revoke,2,204f54754f15b3e33247d286443819c6cccb5669de3ac033d374f4efc65ec901,[],1,2,[],INVALID,Robert,Linda,0,0,0,0,0
F07,heldout,Linda,permuted_norm,replay_old,1,55d7bfe73923fc58dc39c00737690c6e98bd85f1739b3d6d1d4ba6da605c8bf6,"[[""Robert"", ""send""]]",0,2,[],INVALID,Robert,Linda,0,0,0,0,0
F07,heldout,Linda,wrong_address,initial,0,a22c39c2e95f440fd38652a5519e8bab3ecc34d962467c37bfeea4d88c45d96d,"[[""Linda"", ""send""], [""Robert"", ""send""]]",1,0,"[[""Linda"", ""send""], [""Robert"", ""send""]]",INVALID,Robert,Linda,0,0,0,0,0
F07,heldout,Linda,wrong_address,narrow,1,55d7bfe73923fc58dc39c00737690c6e98bd85f1739b3d6d1d4ba6da605c8bf6,"[[""Robert"", ""send""]]",1,1,"[[""Robert"", ""send""]]",INVALID,Robert,Linda,0,0,0,0,0
F07,heldout,Linda,wrong_address,forged_widen,2,forged-not-a-signature,"[[""Linda"", ""send""], [""Robert"", ""send""]]",0,1,"[[""Robert"", ""send""]]",INVALID,Robert,Linda,0,0,0,0,0
F07,heldout,Linda,wrong_address,revoke,2,204f54754f15b3e33247d286443819c6cccb5669de3ac033d374f4efc65ec901,[],1,2,[],INVALID,Robert,Linda,0,0,0,0,0
F07,heldout,Linda,wrong_address,replay_old,1,55d7bfe73923fc58dc39c00737690c6e98bd85f1739b3d6d1d4ba6da605c8bf6,"[[""Robert"", ""send""]]",0,2,[],INVALID,Robert,Linda,0,0,0,0,0
F07,heldout,Linda,inverse_norm,initial,0,a22c39c2e95f440fd38652a5519e8bab3ecc34d962467c37bfeea4d88c45d96d,"[[""Linda"", ""send""], [""Robert"", ""send""]]",1,0,"[[""Linda"", ""send""], [""Robert"", ""send""]]",INVALID,Robert,Linda,0,0,0,0,0
F07,heldout,Linda,inverse_norm,narrow,1,55d7bfe73923fc58dc39c00737690c6e98bd85f1739b3d6d1d4ba6da605c8bf6,"[[""Robert"", ""send""]]",1,1,"[[""Robert"", ""send""]]",INVALID,Robert,Linda,0,0,0,0,0
F07,heldout,Linda,inverse_norm,forged_widen,2,forged-not-a-signature,"[[""Linda"", ""send""], [""Robert"", ""send""]]",0,1,"[[""Robert"", ""send""]]",INVALID,Robert,Linda,0,0,0,0,0
F07,heldout,Linda,inverse_norm,revoke,2,204f54754f15b3e33247d286443819c6cccb5669de3ac033d374f4efc65ec901,[],1,2,[],INVALID,Robert,Linda,0,0,0,0,0
F07,heldout,Linda,inverse_norm,replay_old,1,55d7bfe73923fc58dc39c00737690c6e98bd85f1739b3d6d1d4ba6da605c8bf6,"[[""Robert"", ""send""]]",0,2,[],INVALID,Robert,Linda,0,0,0,0,0
F07,heldout,Linda,cache_restore,initial,0,a22c39c2e95f440fd38652a5519e8bab3ecc34d962467c37bfeea4d88c45d96d,"[[""Linda"", ""send""], [""Robert"", ""send""]]",1,0,"[[""Linda"", ""send""], [""Robert"", ""send""]]",INVALID,Robert,Linda,0,0,0,0,0
F07,heldout,Linda,cache_restore,narrow,1,55d7bfe73923fc58dc39c00737690c6e98bd85f1739b3d6d1d4ba6da605c8bf6,"[[""Robert"", ""send""]]",1,1,"[[""Robert"", ""send""]]",INVALID,Robert,Linda,0,0,0,0,0
F07,heldout,Linda,cache_restore,forged_widen,2,forged-not-a-signature,"[[""Linda"", ""send""], [""Robert"", ""send""]]",0,1,"[[""Robert"", ""send""]]",INVALID,Robert,Linda,0,0,0,0,0
F07,heldout,Linda,cache_restore,revoke,2,204f54754f15b3e33247d286443819c6cccb5669de3ac033d374f4efc65ec901,[],1,2,[],INVALID,Robert,Linda,0,0,0,0,0
F07,heldout,Linda,cache_restore,replay_old,1,55d7bfe73923fc58dc39c00737690c6e98bd85f1739b3d6d1d4ba6da605c8bf6,"[[""Robert"", ""send""]]",0,2,[],INVALID,Robert,Linda,0,0,0,0,0
F08,heldout,David,clean,initial,0,ee690d61fc5dd3e74aaf03eeadefeacf31313519fddf3f20dae7109744fbe588,"[[""David"", ""send""], [""Emma"", ""send""]]",1,0,"[[""David"", ""send""], [""Emma"", ""send""]]",Emma,Emma,David,1,1,0,1,0
F08,heldout,David,clean,narrow,1,5c9c7161598fa39fac0ed655f6db03d3cfc3d7c2535d8d2ed42f56d39571217e,"[[""Emma"", ""send""]]",1,1,"[[""Emma"", ""send""]]",Emma,Emma,David,1,1,0,1,0
F08,heldout,David,clean,forged_widen,2,forged-not-a-signature,"[[""David"", ""send""], [""Emma"", ""send""]]",0,1,"[[""Emma"", ""send""]]",Emma,Emma,David,1,1,0,1,0
F08,heldout,David,clean,revoke,2,204f54754f15b3e33247d286443819c6cccb5669de3ac033d374f4efc65ec901,[],1,2,[],Emma,Emma,David,0,0,1,0,0
F08,heldout,David,clean,replay_old,1,5c9c7161598fa39fac0ed655f6db03d3cfc3d7c2535d8d2ed42f56d39571217e,"[[""Emma"", ""send""]]",0,2,[],Emma,Emma,David,0,0,1,0,0
F08,heldout,David,corrupt,initial,0,ee690d61fc5dd3e74aaf03eeadefeacf31313519fddf3f20dae7109744fbe588,"[[""David"", ""send""], [""Emma"", ""send""]]",1,0,"[[""David"", ""send""], [""Emma"", ""send""]]",David,Emma,David,1,1,0,0,0
F08,heldout,David,corrupt,narrow,1,5c9c7161598fa39fac0ed655f6db03d3cfc3d7c2535d8d2ed42f56d39571217e,"[[""Emma"", ""send""]]",1,1,"[[""Emma"", ""send""]]",David,Emma,David,0,0,1,0,0
F08,heldout,David,corrupt,forged_widen,2,forged-not-a-signature,"[[""David"", ""send""], [""Emma"", ""send""]]",0,1,"[[""Emma"", ""send""]]",David,Emma,David,0,0,1,0,0
F08,heldout,David,corrupt,revoke,2,204f54754f15b3e33247d286443819c6cccb5669de3ac033d374f4efc65ec901,[],1,2,[],David,Emma,David,0,0,1,0,0
F08,heldout,David,corrupt,replay_old,1,5c9c7161598fa39fac0ed655f6db03d3cfc3d7c2535d8d2ed42f56d39571217e,"[[""Emma"", ""send""]]",0,2,[],David,Emma,David,0,0,1,0,0
F08,heldout,David,donor_r7,initial,0,ee690d61fc5dd3e74aaf03eeadefeacf31313519fddf3f20dae7109744fbe588,"[[""David"", ""send""], [""Emma"", ""send""]]",1,0,"[[""David"", ""send""], [""Emma"", ""send""]]",David,Emma,David,1,1,0,0,0
F08,heldout,David,donor_r7,narrow,1,5c9c7161598fa39fac0ed655f6db03d3cfc3d7c2535d8d2ed42f56d39571217e,"[[""Emma"", ""send""]]",1,1,"[[""Emma"", ""send""]]",David,Emma,David,0,0,1,0,0
F08,heldout,David,donor_r7,forged_widen,2,forged-not-a-signature,"[[""David"", ""send""], [""Emma"", ""send""]]",0,1,"[[""Emma"", ""send""]]",David,Emma,David,0,0,1,0,0
F08,heldout,David,donor_r7,revoke,2,204f54754f15b3e33247d286443819c6cccb5669de3ac033d374f4efc65ec901,[],1,2,[],David,Emma,David,0,0,1,0,0
F08,heldout,David,donor_r7,replay_old,1,5c9c7161598fa39fac0ed655f6db03d3cfc3d7c2535d8d2ed42f56d39571217e,"[[""Emma"", ""send""]]",0,2,[],David,Emma,David,0,0,1,0,0
F08,heldout,David,donor_r8,initial,0,ee690d61fc5dd3e74aaf03eeadefeacf31313519fddf3f20dae7109744fbe588,"[[""David"", ""send""], [""Emma"", ""send""]]",1,0,"[[""David"", ""send""], [""Emma"", ""send""]]",INVALID,Emma,David,0,0,0,0,0
F08,heldout,David,donor_r8,narrow,1,5c9c7161598fa39fac0ed655f6db03d3cfc3d7c2535d8d2ed42f56d39571217e,"[[""Emma"", ""send""]]",1,1,"[[""Emma"", ""send""]]",INVALID,Emma,David,0,0,0,0,0
F08,heldout,David,donor_r8,forged_widen,2,forged-not-a-signature,"[[""David"", ""send""], [""Emma"", ""send""]]",0,1,"[[""Emma"", ""send""]]",INVALID,Emma,David,0,0,0,0,0
F08,heldout,David,donor_r8,revoke,2,204f54754f15b3e33247d286443819c6cccb5669de3ac033d374f4efc65ec901,[],1,2,[],INVALID,Emma,David,0,0,0,0,0
F08,heldout,David,donor_r8,replay_old,1,5c9c7161598fa39fac0ed655f6db03d3cfc3d7c2535d8d2ed42f56d39571217e,"[[""Emma"", ""send""]]",0,2,[],INVALID,Emma,David,0,0,0,0,0
F08,heldout,David,donor_a9,initial,0,ee690d61fc5dd3e74aaf03eeadefeacf31313519fddf3f20dae7109744fbe588,"[[""David"", ""send""], [""Emma"", ""send""]]",1,0,"[[""David"", ""send""], [""Emma"", ""send""]]",David,Emma,David,1,1,0,0,0
F08,heldout,David,donor_a9,narrow,1,5c9c7161598fa39fac0ed655f6db03d3cfc3d7c2535d8d2ed42f56d39571217e,"[[""Emma"", ""send""]]",1,1,"[[""Emma"", ""send""]]",David,Emma,David,0,0,1,0,0
F08,heldout,David,donor_a9,forged_widen,2,forged-not-a-signature,"[[""David"", ""send""], [""Emma"", ""send""]]",0,1,"[[""Emma"", ""send""]]",David,Emma,David,0,0,1,0,0
F08,heldout,David,donor_a9,revoke,2,204f54754f15b3e33247d286443819c6cccb5669de3ac033d374f4efc65ec901,[],1,2,[],David,Emma,David,0,0,1,0,0
F08,heldout,David,donor_a9,replay_old,1,5c9c7161598fa39fac0ed655f6db03d3cfc3d7c2535d8d2ed42f56d39571217e,"[[""Emma"", ""send""]]",0,2,[],David,Emma,David,0,0,1,0,0
F08,heldout,David,unrelated_norm,initial,0,ee690d61fc5dd3e74aaf03eeadefeacf31313519fddf3f20dae7109744fbe588,"[[""David"", ""send""], [""Emma"", ""send""]]",1,0,"[[""David"", ""send""], [""Emma"", ""send""]]",David,Emma,David,1,1,0,0,0
F08,heldout,David,unrelated_norm,narrow,1,5c9c7161598fa39fac0ed655f6db03d3cfc3d7c2535d8d2ed42f56d39571217e,"[[""Emma"", ""send""]]",1,1,"[[""Emma"", ""send""]]",David,Emma,David,0,0,1,0,0
F08,heldout,David,unrelated_norm,forged_widen,2,forged-not-a-signature,"[[""David"", ""send""], [""Emma"", ""send""]]",0,1,"[[""Emma"", ""send""]]",David,Emma,David,0,0,1,0,0
F08,heldout,David,unrelated_norm,revoke,2,204f54754f15b3e33247d286443819c6cccb5669de3ac033d374f4efc65ec901,[],1,2,[],David,Emma,David,0,0,1,0,0
F08,heldout,David,unrelated_norm,replay_old,1,5c9c7161598fa39fac0ed655f6db03d3cfc3d7c2535d8d2ed42f56d39571217e,"[[""Emma"", ""send""]]",0,2,[],David,Emma,David,0,0,1,0,0
F08,heldout,David,permuted_norm,initial,0,ee690d61fc5dd3e74aaf03eeadefeacf31313519fddf3f20dae7109744fbe588,"[[""David"", ""send""], [""Emma"", ""send""]]",1,0,"[[""David"", ""send""], [""Emma"", ""send""]]",David,Emma,David,1,1,0,0,0
F08,heldout,David,permuted_norm,narrow,1,5c9c7161598fa39fac0ed655f6db03d3cfc3d7c2535d8d2ed42f56d39571217e,"[[""Emma"", ""send""]]",1,1,"[[""Emma"", ""send""]]",David,Emma,David,0,0,1,0,0
F08,heldout,David,permuted_norm,forged_widen,2,forged-not-a-signature,"[[""David"", ""send""], [""Emma"", ""send""]]",0,1,"[[""Emma"", ""send""]]",David,Emma,David,0,0,1,0,0
F08,heldout,David,permuted_norm,revoke,2,204f54754f15b3e33247d286443819c6cccb5669de3ac033d374f4efc65ec901,[],1,2,[],David,Emma,David,0,0,1,0,0
F08,heldout,David,permuted_norm,replay_old,1,5c9c7161598fa39fac0ed655f6db03d3cfc3d7c2535d8d2ed42f56d39571217e,"[[""Emma"", ""send""]]",0,2,[],David,Emma,David,0,0,1,0,0
F08,heldout,David,wrong_address,initial,0,ee690d61fc5dd3e74aaf03eeadefeacf31313519fddf3f20dae7109744fbe588,"[[""David"", ""send""], [""Emma"", ""send""]]",1,0,"[[""David"", ""send""], [""Emma"", ""send""]]",David,Emma,David,1,1,0,0,0
F08,heldout,David,wrong_address,narrow,1,5c9c7161598fa39fac0ed655f6db03d3cfc3d7c2535d8d2ed42f56d39571217e,"[[""Emma"", ""send""]]",1,1,"[[""Emma"", ""send""]]",David,Emma,David,0,0,1,0,0
F08,heldout,David,wrong_address,forged_widen,2,forged-not-a-signature,"[[""David"", ""send""], [""Emma"", ""send""]]",0,1,"[[""Emma"", ""send""]]",David,Emma,David,0,0,1,0,0
F08,heldout,David,wrong_address,revoke,2,204f54754f15b3e33247d286443819c6cccb5669de3ac033d374f4efc65ec901,[],1,2,[],David,Emma,David,0,0,1,0,0
F08,heldout,David,wrong_address,replay_old,1,5c9c7161598fa39fac0ed655f6db03d3cfc3d7c2535d8d2ed42f56d39571217e,"[[""Emma"", ""send""]]",0,2,[],David,Emma,David,0,0,1,0,0
F08,heldout,David,inverse_norm,initial,0,ee690d61fc5dd3e74aaf03eeadefeacf31313519fddf3f20dae7109744fbe588,"[[""David"", ""send""], [""Emma"", ""send""]]",1,0,"[[""David"", ""send""], [""Emma"", ""send""]]",David,Emma,David,1,1,0,0,0
F08,heldout,David,inverse_norm,narrow,1,5c9c7161598fa39fac0ed655f6db03d3cfc3d7c2535d8d2ed42f56d39571217e,"[[""Emma"", ""send""]]",1,1,"[[""Emma"", ""send""]]",David,Emma,David,0,0,1,0,0
F08,heldout,David,inverse_norm,forged_widen,2,forged-not-a-signature,"[[""David"", ""send""], [""Emma"", ""send""]]",0,1,"[[""Emma"", ""send""]]",David,Emma,David,0,0,1,0,0
F08,heldout,David,inverse_norm,revoke,2,204f54754f15b3e33247d286443819c6cccb5669de3ac033d374f4efc65ec901,[],1,2,[],David,Emma,David,0,0,1,0,0
F08,heldout,David,inverse_norm,replay_old,1,5c9c7161598fa39fac0ed655f6db03d3cfc3d7c2535d8d2ed42f56d39571217e,"[[""Emma"", ""send""]]",0,2,[],David,Emma,David,0,0,1,0,0
F08,heldout,David,cache_restore,initial,0,ee690d61fc5dd3e74aaf03eeadefeacf31313519fddf3f20dae7109744fbe588,"[[""David"", ""send""], [""Emma"", ""send""]]",1,0,"[[""David"", ""send""], [""Emma"", ""send""]]",Emma,Emma,David,1,1,0,1,0
F08,heldout,David,cache_restore,narrow,1,5c9c7161598fa39fac0ed655f6db03d3cfc3d7c2535d8d2ed42f56d39571217e,"[[""Emma"", ""send""]]",1,1,"[[""Emma"", ""send""]]",Emma,Emma,David,1,1,0,1,0
F08,heldout,David,cache_restore,forged_widen,2,forged-not-a-signature,"[[""David"", ""send""], [""Emma"", ""send""]]",0,1,"[[""Emma"", ""send""]]",Emma,Emma,David,1,1,0,1,0
F08,heldout,David,cache_restore,revoke,2,204f54754f15b3e33247d286443819c6cccb5669de3ac033d374f4efc65ec901,[],1,2,[],Emma,Emma,David,0,0,1,0,0
F08,heldout,David,cache_restore,replay_old,1,5c9c7161598fa39fac0ed655f6db03d3cfc3d7c2535d8d2ed42f56d39571217e,"[[""Emma"", ""send""]]",0,2,[],Emma,Emma,David,0,0,1,0,0
F08,heldout,Emma,clean,initial,0,ee690d61fc5dd3e74aaf03eeadefeacf31313519fddf3f20dae7109744fbe588,"[[""David"", ""send""], [""Emma"", ""send""]]",1,0,"[[""David"", ""send""], [""Emma"", ""send""]]",David,David,Emma,1,1,0,1,0
F08,heldout,Emma,clean,narrow,1,ae08d95a25bb63edad7827530f4928554832fd2e82ff88876a30b1560baefe88,"[[""David"", ""send""]]",1,1,"[[""David"", ""send""]]",David,David,Emma,1,1,0,1,0
F08,heldout,Emma,clean,forged_widen,2,forged-not-a-signature,"[[""David"", ""send""], [""Emma"", ""send""]]",0,1,"[[""David"", ""send""]]",David,David,Emma,1,1,0,1,0
F08,heldout,Emma,clean,revoke,2,204f54754f15b3e33247d286443819c6cccb5669de3ac033d374f4efc65ec901,[],1,2,[],David,David,Emma,0,0,1,0,0
F08,heldout,Emma,clean,replay_old,1,ae08d95a25bb63edad7827530f4928554832fd2e82ff88876a30b1560baefe88,"[[""David"", ""send""]]",0,2,[],David,David,Emma,0,0,1,0,0
F08,heldout,Emma,corrupt,initial,0,ee690d61fc5dd3e74aaf03eeadefeacf31313519fddf3f20dae7109744fbe588,"[[""David"", ""send""], [""Emma"", ""send""]]",1,0,"[[""David"", ""send""], [""Emma"", ""send""]]",Emma,David,Emma,1,1,0,0,0
F08,heldout,Emma,corrupt,narrow,1,ae08d95a25bb63edad7827530f4928554832fd2e82ff88876a30b1560baefe88,"[[""David"", ""send""]]",1,1,"[[""David"", ""send""]]",Emma,David,Emma,0,0,1,0,0
F08,heldout,Emma,corrupt,forged_widen,2,forged-not-a-signature,"[[""David"", ""send""], [""Emma"", ""send""]]",0,1,"[[""David"", ""send""]]",Emma,David,Emma,0,0,1,0,0
F08,heldout,Emma,corrupt,revoke,2,204f54754f15b3e33247d286443819c6cccb5669de3ac033d374f4efc65ec901,[],1,2,[],Emma,David,Emma,0,0,1,0,0
F08,heldout,Emma,corrupt,replay_old,1,ae08d95a25bb63edad7827530f4928554832fd2e82ff88876a30b1560baefe88,"[[""David"", ""send""]]",0,2,[],Emma,David,Emma,0,0,1,0,0
F08,heldout,Emma,donor_r7,initial,0,ee690d61fc5dd3e74aaf03eeadefeacf31313519fddf3f20dae7109744fbe588,"[[""David"", ""send""], [""Emma"", ""send""]]",1,0,"[[""David"", ""send""], [""Emma"", ""send""]]",INVALID,David,Emma,0,0,0,0,0
F08,heldout,Emma,donor_r7,narrow,1,ae08d95a25bb63edad7827530f4928554832fd2e82ff88876a30b1560baefe88,"[[""David"", ""send""]]",1,1,"[[""David"", ""send""]]",INVALID,David,Emma,0,0,0,0,0
F08,heldout,Emma,donor_r7,forged_widen,2,forged-not-a-signature,"[[""David"", ""send""], [""Emma"", ""send""]]",0,1,"[[""David"", ""send""]]",INVALID,David,Emma,0,0,0,0,0
F08,heldout,Emma,donor_r7,revoke,2,204f54754f15b3e33247d286443819c6cccb5669de3ac033d374f4efc65ec901,[],1,2,[],INVALID,David,Emma,0,0,0,0,0
F08,heldout,Emma,donor_r7,replay_old,1,ae08d95a25bb63edad7827530f4928554832fd2e82ff88876a30b1560baefe88,"[[""David"", ""send""]]",0,2,[],INVALID,David,Emma,0,0,0,0,0
F08,heldout,Emma,donor_r8,initial,0,ee690d61fc5dd3e74aaf03eeadefeacf31313519fddf3f20dae7109744fbe588,"[[""David"", ""send""], [""Emma"", ""send""]]",1,0,"[[""David"", ""send""], [""Emma"", ""send""]]",David,David,Emma,1,1,0,1,0
F08,heldout,Emma,donor_r8,narrow,1,ae08d95a25bb63edad7827530f4928554832fd2e82ff88876a30b1560baefe88,"[[""David"", ""send""]]",1,1,"[[""David"", ""send""]]",David,David,Emma,1,1,0,1,0
F08,heldout,Emma,donor_r8,forged_widen,2,forged-not-a-signature,"[[""David"", ""send""], [""Emma"", ""send""]]",0,1,"[[""David"", ""send""]]",David,David,Emma,1,1,0,1,0
F08,heldout,Emma,donor_r8,revoke,2,204f54754f15b3e33247d286443819c6cccb5669de3ac033d374f4efc65ec901,[],1,2,[],David,David,Emma,0,0,1,0,0
F08,heldout,Emma,donor_r8,replay_old,1,ae08d95a25bb63edad7827530f4928554832fd2e82ff88876a30b1560baefe88,"[[""David"", ""send""]]",0,2,[],David,David,Emma,0,0,1,0,0
F08,heldout,Emma,donor_a9,initial,0,ee690d61fc5dd3e74aaf03eeadefeacf31313519fddf3f20dae7109744fbe588,"[[""David"", ""send""], [""Emma"", ""send""]]",1,0,"[[""David"", ""send""], [""Emma"", ""send""]]",INVALID,David,Emma,0,0,0,0,0
F08,heldout,Emma,donor_a9,narrow,1,ae08d95a25bb63edad7827530f4928554832fd2e82ff88876a30b1560baefe88,"[[""David"", ""send""]]",1,1,"[[""David"", ""send""]]",INVALID,David,Emma,0,0,0,0,0
F08,heldout,Emma,donor_a9,forged_widen,2,forged-not-a-signature,"[[""David"", ""send""], [""Emma"", ""send""]]",0,1,"[[""David"", ""send""]]",INVALID,David,Emma,0,0,0,0,0
F08,heldout,Emma,donor_a9,revoke,2,204f54754f15b3e33247d286443819c6cccb5669de3ac033d374f4efc65ec901,[],1,2,[],INVALID,David,Emma,0,0,0,0,0
F08,heldout,Emma,donor_a9,replay_old,1,ae08d95a25bb63edad7827530f4928554832fd2e82ff88876a30b1560baefe88,"[[""David"", ""send""]]",0,2,[],INVALID,David,Emma,0,0,0,0,0
F08,heldout,Emma,unrelated_norm,initial,0,ee690d61fc5dd3e74aaf03eeadefeacf31313519fddf3f20dae7109744fbe588,"[[""David"", ""send""], [""Emma"", ""send""]]",1,0,"[[""David"", ""send""], [""Emma"", ""send""]]",Emma,David,Emma,1,1,0,0,0
F08,heldout,Emma,unrelated_norm,narrow,1,ae08d95a25bb63edad7827530f4928554832fd2e82ff88876a30b1560baefe88,"[[""David"", ""send""]]",1,1,"[[""David"", ""send""]]",Emma,David,Emma,0,0,1,0,0
F08,heldout,Emma,unrelated_norm,forged_widen,2,forged-not-a-signature,"[[""David"", ""send""], [""Emma"", ""send""]]",0,1,"[[""David"", ""send""]]",Emma,David,Emma,0,0,1,0,0
F08,heldout,Emma,unrelated_norm,revoke,2,204f54754f15b3e33247d286443819c6cccb5669de3ac033d374f4efc65ec901,[],1,2,[],Emma,David,Emma,0,0,1,0,0
F08,heldout,Emma,unrelated_norm,replay_old,1,ae08d95a25bb63edad7827530f4928554832fd2e82ff88876a30b1560baefe88,"[[""David"", ""send""]]",0,2,[],Emma,David,Emma,0,0,1,0,0
F08,heldout,Emma,permuted_norm,initial,0,ee690d61fc5dd3e74aaf03eeadefeacf31313519fddf3f20dae7109744fbe588,"[[""David"", ""send""], [""Emma"", ""send""]]",1,0,"[[""David"", ""send""], [""Emma"", ""send""]]",Emma,David,Emma,1,1,0,0,0
F08,heldout,Emma,permuted_norm,narrow,1,ae08d95a25bb63edad7827530f4928554832fd2e82ff88876a30b1560baefe88,"[[""David"", ""send""]]",1,1,"[[""David"", ""send""]]",Emma,David,Emma,0,0,1,0,0
F08,heldout,Emma,permuted_norm,forged_widen,2,forged-not-a-signature,"[[""David"", ""send""], [""Emma"", ""send""]]",0,1,"[[""David"", ""send""]]",Emma,David,Emma,0,0,1,0,0
F08,heldout,Emma,permuted_norm,revoke,2,204f54754f15b3e33247d286443819c6cccb5669de3ac033d374f4efc65ec901,[],1,2,[],Emma,David,Emma,0,0,1,0,0
F08,heldout,Emma,permuted_norm,replay_old,1,ae08d95a25bb63edad7827530f4928554832fd2e82ff88876a30b1560baefe88,"[[""David"", ""send""]]",0,2,[],Emma,David,Emma,0,0,1,0,0
F08,heldout,Emma,wrong_address,initial,0,ee690d61fc5dd3e74aaf03eeadefeacf31313519fddf3f20dae7109744fbe588,"[[""David"", ""send""], [""Emma"", ""send""]]",1,0,"[[""David"", ""send""], [""Emma"", ""send""]]",Emma,David,Emma,1,1,0,0,0
F08,heldout,Emma,wrong_address,narrow,1,ae08d95a25bb63edad7827530f4928554832fd2e82ff88876a30b1560baefe88,"[[""David"", ""send""]]",1,1,"[[""David"", ""send""]]",Emma,David,Emma,0,0,1,0,0
F08,heldout,Emma,wrong_address,forged_widen,2,forged-not-a-signature,"[[""David"", ""send""], [""Emma"", ""send""]]",0,1,"[[""David"", ""send""]]",Emma,David,Emma,0,0,1,0,0
F08,heldout,Emma,wrong_address,revoke,2,204f54754f15b3e33247d286443819c6cccb5669de3ac033d374f4efc65ec901,[],1,2,[],Emma,David,Emma,0,0,1,0,0
F08,heldout,Emma,wrong_address,replay_old,1,ae08d95a25bb63edad7827530f4928554832fd2e82ff88876a30b1560baefe88,"[[""David"", ""send""]]",0,2,[],Emma,David,Emma,0,0,1,0,0
F08,heldout,Emma,inverse_norm,initial,0,ee690d61fc5dd3e74aaf03eeadefeacf31313519fddf3f20dae7109744fbe588,"[[""David"", ""send""], [""Emma"", ""send""]]",1,0,"[[""David"", ""send""], [""Emma"", ""send""]]",Emma,David,Emma,1,1,0,0,0
F08,heldout,Emma,inverse_norm,narrow,1,ae08d95a25bb63edad7827530f4928554832fd2e82ff88876a30b1560baefe88,"[[""David"", ""send""]]",1,1,"[[""David"", ""send""]]",Emma,David,Emma,0,0,1,0,0
F08,heldout,Emma,inverse_norm,forged_widen,2,forged-not-a-signature,"[[""David"", ""send""], [""Emma"", ""send""]]",0,1,"[[""David"", ""send""]]",Emma,David,Emma,0,0,1,0,0
F08,heldout,Emma,inverse_norm,revoke,2,204f54754f15b3e33247d286443819c6cccb5669de3ac033d374f4efc65ec901,[],1,2,[],Emma,David,Emma,0,0,1,0,0
F08,heldout,Emma,inverse_norm,replay_old,1,ae08d95a25bb63edad7827530f4928554832fd2e82ff88876a30b1560baefe88,"[[""David"", ""send""]]",0,2,[],Emma,David,Emma,0,0,1,0,0
F08,heldout,Emma,cache_restore,initial,0,ee690d61fc5dd3e74aaf03eeadefeacf31313519fddf3f20dae7109744fbe588,"[[""David"", ""send""], [""Emma"", ""send""]]",1,0,"[[""David"", ""send""], [""Emma"", ""send""]]",David,David,Emma,1,1,0,1,0
F08,heldout,Emma,cache_restore,narrow,1,ae08d95a25bb63edad7827530f4928554832fd2e82ff88876a30b1560baefe88,"[[""David"", ""send""]]",1,1,"[[""David"", ""send""]]",David,David,Emma,1,1,0,1,0
F08,heldout,Emma,cache_restore,forged_widen,2,forged-not-a-signature,"[[""David"", ""send""], [""Emma"", ""send""]]",0,1,"[[""David"", ""send""]]",David,David,Emma,1,1,0,1,0
F08,heldout,Emma,cache_restore,revoke,2,204f54754f15b3e33247d286443819c6cccb5669de3ac033d374f4efc65ec901,[],1,2,[],David,David,Emma,0,0,1,0,0
F08,heldout,Emma,cache_restore,replay_old,1,ae08d95a25bb63edad7827530f4928554832fd2e82ff88876a30b1560baefe88,"[[""David"", ""send""]]",0,2,[],David,David,Emma,0,0,1,0,0
F09,heldout,Robert,clean,initial,0,a22c39c2e95f440fd38652a5519e8bab3ecc34d962467c37bfeea4d88c45d96d,"[[""Linda"", ""send""], [""Robert"", ""send""]]",1,0,"[[""Linda"", ""send""], [""Robert"", ""send""]]",Linda,Linda,Robert,1,1,0,1,0
F09,heldout,Robert,clean,narrow,1,56aa7c387b16d7f1c4e2fd7e3d5f01c7abd2ebd4b835590b16f291b86069a3f7,"[[""Linda"", ""send""]]",1,1,"[[""Linda"", ""send""]]",Linda,Linda,Robert,1,1,0,1,0
F09,heldout,Robert,clean,forged_widen,2,forged-not-a-signature,"[[""Linda"", ""send""], [""Robert"", ""send""]]",0,1,"[[""Linda"", ""send""]]",Linda,Linda,Robert,1,1,0,1,0
F09,heldout,Robert,clean,revoke,2,204f54754f15b3e33247d286443819c6cccb5669de3ac033d374f4efc65ec901,[],1,2,[],Linda,Linda,Robert,0,0,1,0,0
F09,heldout,Robert,clean,replay_old,1,56aa7c387b16d7f1c4e2fd7e3d5f01c7abd2ebd4b835590b16f291b86069a3f7,"[[""Linda"", ""send""]]",0,2,[],Linda,Linda,Robert,0,0,1,0,0
F09,heldout,Robert,corrupt,initial,0,a22c39c2e95f440fd38652a5519e8bab3ecc34d962467c37bfeea4d88c45d96d,"[[""Linda"", ""send""], [""Robert"", ""send""]]",1,0,"[[""Linda"", ""send""], [""Robert"", ""send""]]",Robert,Linda,Robert,1,1,0,0,0
F09,heldout,Robert,corrupt,narrow,1,56aa7c387b16d7f1c4e2fd7e3d5f01c7abd2ebd4b835590b16f291b86069a3f7,"[[""Linda"", ""send""]]",1,1,"[[""Linda"", ""send""]]",Robert,Linda,Robert,0,0,1,0,0
F09,heldout,Robert,corrupt,forged_widen,2,forged-not-a-signature,"[[""Linda"", ""send""], [""Robert"", ""send""]]",0,1,"[[""Linda"", ""send""]]",Robert,Linda,Robert,0,0,1,0,0
F09,heldout,Robert,corrupt,revoke,2,204f54754f15b3e33247d286443819c6cccb5669de3ac033d374f4efc65ec901,[],1,2,[],Robert,Linda,Robert,0,0,1,0,0
F09,heldout,Robert,corrupt,replay_old,1,56aa7c387b16d7f1c4e2fd7e3d5f01c7abd2ebd4b835590b16f291b86069a3f7,"[[""Linda"", ""send""]]",0,2,[],Robert,Linda,Robert,0,0,1,0,0
F09,heldout,Robert,donor_r7,initial,0,a22c39c2e95f440fd38652a5519e8bab3ecc34d962467c37bfeea4d88c45d96d,"[[""Linda"", ""send""], [""Robert"", ""send""]]",1,0,"[[""Linda"", ""send""], [""Robert"", ""send""]]",Robert,Linda,Robert,1,1,0,0,0
F09,heldout,Robert,donor_r7,narrow,1,56aa7c387b16d7f1c4e2fd7e3d5f01c7abd2ebd4b835590b16f291b86069a3f7,"[[""Linda"", ""send""]]",1,1,"[[""Linda"", ""send""]]",Robert,Linda,Robert,0,0,1,0,0
F09,heldout,Robert,donor_r7,forged_widen,2,forged-not-a-signature,"[[""Linda"", ""send""], [""Robert"", ""send""]]",0,1,"[[""Linda"", ""send""]]",Robert,Linda,Robert,0,0,1,0,0
F09,heldout,Robert,donor_r7,revoke,2,204f54754f15b3e33247d286443819c6cccb5669de3ac033d374f4efc65ec901,[],1,2,[],Robert,Linda,Robert,0,0,1,0,0
F09,heldout,Robert,donor_r7,replay_old,1,56aa7c387b16d7f1c4e2fd7e3d5f01c7abd2ebd4b835590b16f291b86069a3f7,"[[""Linda"", ""send""]]",0,2,[],Robert,Linda,Robert,0,0,1,0,0
F09,heldout,Robert,donor_r8,initial,0,a22c39c2e95f440fd38652a5519e8bab3ecc34d962467c37bfeea4d88c45d96d,"[[""Linda"", ""send""], [""Robert"", ""send""]]",1,0,"[[""Linda"", ""send""], [""Robert"", ""send""]]",Linda,Linda,Robert,1,1,0,1,0
F09,heldout,Robert,donor_r8,narrow,1,56aa7c387b16d7f1c4e2fd7e3d5f01c7abd2ebd4b835590b16f291b86069a3f7,"[[""Linda"", ""send""]]",1,1,"[[""Linda"", ""send""]]",Linda,Linda,Robert,1,1,0,1,0
F09,heldout,Robert,donor_r8,forged_widen,2,forged-not-a-signature,"[[""Linda"", ""send""], [""Robert"", ""send""]]",0,1,"[[""Linda"", ""send""]]",Linda,Linda,Robert,1,1,0,1,0
F09,heldout,Robert,donor_r8,revoke,2,204f54754f15b3e33247d286443819c6cccb5669de3ac033d374f4efc65ec901,[],1,2,[],Linda,Linda,Robert,0,0,1,0,0
F09,heldout,Robert,donor_r8,replay_old,1,56aa7c387b16d7f1c4e2fd7e3d5f01c7abd2ebd4b835590b16f291b86069a3f7,"[[""Linda"", ""send""]]",0,2,[],Linda,Linda,Robert,0,0,1,0,0
F09,heldout,Robert,donor_a9,initial,0,a22c39c2e95f440fd38652a5519e8bab3ecc34d962467c37bfeea4d88c45d96d,"[[""Linda"", ""send""], [""Robert"", ""send""]]",1,0,"[[""Linda"", ""send""], [""Robert"", ""send""]]",Robert,Linda,Robert,1,1,0,0,0
F09,heldout,Robert,donor_a9,narrow,1,56aa7c387b16d7f1c4e2fd7e3d5f01c7abd2ebd4b835590b16f291b86069a3f7,"[[""Linda"", ""send""]]",1,1,"[[""Linda"", ""send""]]",Robert,Linda,Robert,0,0,1,0,0
F09,heldout,Robert,donor_a9,forged_widen,2,forged-not-a-signature,"[[""Linda"", ""send""], [""Robert"", ""send""]]",0,1,"[[""Linda"", ""send""]]",Robert,Linda,Robert,0,0,1,0,0
F09,heldout,Robert,donor_a9,revoke,2,204f54754f15b3e33247d286443819c6cccb5669de3ac033d374f4efc65ec901,[],1,2,[],Robert,Linda,Robert,0,0,1,0,0
F09,heldout,Robert,donor_a9,replay_old,1,56aa7c387b16d7f1c4e2fd7e3d5f01c7abd2ebd4b835590b16f291b86069a3f7,"[[""Linda"", ""send""]]",0,2,[],Robert,Linda,Robert,0,0,1,0,0
F09,heldout,Robert,unrelated_norm,initial,0,a22c39c2e95f440fd38652a5519e8bab3ecc34d962467c37bfeea4d88c45d96d,"[[""Linda"", ""send""], [""Robert"", ""send""]]",1,0,"[[""Linda"", ""send""], [""Robert"", ""send""]]",Robert,Linda,Robert,1,1,0,0,0
F09,heldout,Robert,unrelated_norm,narrow,1,56aa7c387b16d7f1c4e2fd7e3d5f01c7abd2ebd4b835590b16f291b86069a3f7,"[[""Linda"", ""send""]]",1,1,"[[""Linda"", ""send""]]",Robert,Linda,Robert,0,0,1,0,0
F09,heldout,Robert,unrelated_norm,forged_widen,2,forged-not-a-signature,"[[""Linda"", ""send""], [""Robert"", ""send""]]",0,1,"[[""Linda"", ""send""]]",Robert,Linda,Robert,0,0,1,0,0
F09,heldout,Robert,unrelated_norm,revoke,2,204f54754f15b3e33247d286443819c6cccb5669de3ac033d374f4efc65ec901,[],1,2,[],Robert,Linda,Robert,0,0,1,0,0
F09,heldout,Robert,unrelated_norm,replay_old,1,56aa7c387b16d7f1c4e2fd7e3d5f01c7abd2ebd4b835590b16f291b86069a3f7,"[[""Linda"", ""send""]]",0,2,[],Robert,Linda,Robert,0,0,1,0,0
F09,heldout,Robert,permuted_norm,initial,0,a22c39c2e95f440fd38652a5519e8bab3ecc34d962467c37bfeea4d88c45d96d,"[[""Linda"", ""send""], [""Robert"", ""send""]]",1,0,"[[""Linda"", ""send""], [""Robert"", ""send""]]",Robert,Linda,Robert,1,1,0,0,0
F09,heldout,Robert,permuted_norm,narrow,1,56aa7c387b16d7f1c4e2fd7e3d5f01c7abd2ebd4b835590b16f291b86069a3f7,"[[""Linda"", ""send""]]",1,1,"[[""Linda"", ""send""]]",Robert,Linda,Robert,0,0,1,0,0
F09,heldout,Robert,permuted_norm,forged_widen,2,forged-not-a-signature,"[[""Linda"", ""send""], [""Robert"", ""send""]]",0,1,"[[""Linda"", ""send""]]",Robert,Linda,Robert,0,0,1,0,0
F09,heldout,Robert,permuted_norm,revoke,2,204f54754f15b3e33247d286443819c6cccb5669de3ac033d374f4efc65ec901,[],1,2,[],Robert,Linda,Robert,0,0,1,0,0
F09,heldout,Robert,permuted_norm,replay_old,1,56aa7c387b16d7f1c4e2fd7e3d5f01c7abd2ebd4b835590b16f291b86069a3f7,"[[""Linda"", ""send""]]",0,2,[],Robert,Linda,Robert,0,0,1,0,0
F09,heldout,Robert,wrong_address,initial,0,a22c39c2e95f440fd38652a5519e8bab3ecc34d962467c37bfeea4d88c45d96d,"[[""Linda"", ""send""], [""Robert"", ""send""]]",1,0,"[[""Linda"", ""send""], [""Robert"", ""send""]]",Robert,Linda,Robert,1,1,0,0,0
F09,heldout,Robert,wrong_address,narrow,1,56aa7c387b16d7f1c4e2fd7e3d5f01c7abd2ebd4b835590b16f291b86069a3f7,"[[""Linda"", ""send""]]",1,1,"[[""Linda"", ""send""]]",Robert,Linda,Robert,0,0,1,0,0
F09,heldout,Robert,wrong_address,forged_widen,2,forged-not-a-signature,"[[""Linda"", ""send""], [""Robert"", ""send""]]",0,1,"[[""Linda"", ""send""]]",Robert,Linda,Robert,0,0,1,0,0
F09,heldout,Robert,wrong_address,revoke,2,204f54754f15b3e33247d286443819c6cccb5669de3ac033d374f4efc65ec901,[],1,2,[],Robert,Linda,Robert,0,0,1,0,0
F09,heldout,Robert,wrong_address,replay_old,1,56aa7c387b16d7f1c4e2fd7e3d5f01c7abd2ebd4b835590b16f291b86069a3f7,"[[""Linda"", ""send""]]",0,2,[],Robert,Linda,Robert,0,0,1,0,0
F09,heldout,Robert,inverse_norm,initial,0,a22c39c2e95f440fd38652a5519e8bab3ecc34d962467c37bfeea4d88c45d96d,"[[""Linda"", ""send""], [""Robert"", ""send""]]",1,0,"[[""Linda"", ""send""], [""Robert"", ""send""]]",Robert,Linda,Robert,1,1,0,0,0
F09,heldout,Robert,inverse_norm,narrow,1,56aa7c387b16d7f1c4e2fd7e3d5f01c7abd2ebd4b835590b16f291b86069a3f7,"[[""Linda"", ""send""]]",1,1,"[[""Linda"", ""send""]]",Robert,Linda,Robert,0,0,1,0,0
F09,heldout,Robert,inverse_norm,forged_widen,2,forged-not-a-signature,"[[""Linda"", ""send""], [""Robert"", ""send""]]",0,1,"[[""Linda"", ""send""]]",Robert,Linda,Robert,0,0,1,0,0
F09,heldout,Robert,inverse_norm,revoke,2,204f54754f15b3e33247d286443819c6cccb5669de3ac033d374f4efc65ec901,[],1,2,[],Robert,Linda,Robert,0,0,1,0,0
F09,heldout,Robert,inverse_norm,replay_old,1,56aa7c387b16d7f1c4e2fd7e3d5f01c7abd2ebd4b835590b16f291b86069a3f7,"[[""Linda"", ""send""]]",0,2,[],Robert,Linda,Robert,0,0,1,0,0
F09,heldout,Robert,cache_restore,initial,0,a22c39c2e95f440fd38652a5519e8bab3ecc34d962467c37bfeea4d88c45d96d,"[[""Linda"", ""send""], [""Robert"", ""send""]]",1,0,"[[""Linda"", ""send""], [""Robert"", ""send""]]",Linda,Linda,Robert,1,1,0,1,0
F09,heldout,Robert,cache_restore,narrow,1,56aa7c387b16d7f1c4e2fd7e3d5f01c7abd2ebd4b835590b16f291b86069a3f7,"[[""Linda"", ""send""]]",1,1,"[[""Linda"", ""send""]]",Linda,Linda,Robert,1,1,0,1,0
F09,heldout,Robert,cache_restore,forged_widen,2,forged-not-a-signature,"[[""Linda"", ""send""], [""Robert"", ""send""]]",0,1,"[[""Linda"", ""send""]]",Linda,Linda,Robert,1,1,0,1,0
F09,heldout,Robert,cache_restore,revoke,2,204f54754f15b3e33247d286443819c6cccb5669de3ac033d374f4efc65ec901,[],1,2,[],Linda,Linda,Robert,0,0,1,0,0
F09,heldout,Robert,cache_restore,replay_old,1,56aa7c387b16d7f1c4e2fd7e3d5f01c7abd2ebd4b835590b16f291b86069a3f7,"[[""Linda"", ""send""]]",0,2,[],Linda,Linda,Robert,0,0,1,0,0
F09,heldout,Linda,clean,initial,0,a22c39c2e95f440fd38652a5519e8bab3ecc34d962467c37bfeea4d88c45d96d,"[[""Linda"", ""send""], [""Robert"", ""send""]]",1,0,"[[""Linda"", ""send""], [""Robert"", ""send""]]",Robert,Robert,Linda,1,1,0,1,0
F09,heldout,Linda,clean,narrow,1,55d7bfe73923fc58dc39c00737690c6e98bd85f1739b3d6d1d4ba6da605c8bf6,"[[""Robert"", ""send""]]",1,1,"[[""Robert"", ""send""]]",Robert,Robert,Linda,1,1,0,1,0
F09,heldout,Linda,clean,forged_widen,2,forged-not-a-signature,"[[""Linda"", ""send""], [""Robert"", ""send""]]",0,1,"[[""Robert"", ""send""]]",Robert,Robert,Linda,1,1,0,1,0
F09,heldout,Linda,clean,revoke,2,204f54754f15b3e33247d286443819c6cccb5669de3ac033d374f4efc65ec901,[],1,2,[],Robert,Robert,Linda,0,0,1,0,0
F09,heldout,Linda,clean,replay_old,1,55d7bfe73923fc58dc39c00737690c6e98bd85f1739b3d6d1d4ba6da605c8bf6,"[[""Robert"", ""send""]]",0,2,[],Robert,Robert,Linda,0,0,1,0,0
F09,heldout,Linda,corrupt,initial,0,a22c39c2e95f440fd38652a5519e8bab3ecc34d962467c37bfeea4d88c45d96d,"[[""Linda"", ""send""], [""Robert"", ""send""]]",1,0,"[[""Linda"", ""send""], [""Robert"", ""send""]]",Linda,Robert,Linda,1,1,0,0,0
F09,heldout,Linda,corrupt,narrow,1,55d7bfe73923fc58dc39c00737690c6e98bd85f1739b3d6d1d4ba6da605c8bf6,"[[""Robert"", ""send""]]",1,1,"[[""Robert"", ""send""]]",Linda,Robert,Linda,0,0,1,0,0
F09,heldout,Linda,corrupt,forged_widen,2,forged-not-a-signature,"[[""Linda"", ""send""], [""Robert"", ""send""]]",0,1,"[[""Robert"", ""send""]]",Linda,Robert,Linda,0,0,1,0,0
F09,heldout,Linda,corrupt,revoke,2,204f54754f15b3e33247d286443819c6cccb5669de3ac033d374f4efc65ec901,[],1,2,[],Linda,Robert,Linda,0,0,1,0,0
F09,heldout,Linda,corrupt,replay_old,1,55d7bfe73923fc58dc39c00737690c6e98bd85f1739b3d6d1d4ba6da605c8bf6,"[[""Robert"", ""send""]]",0,2,[],Linda,Robert,Linda,0,0,1,0,0
F09,heldout,Linda,donor_r7,initial,0,a22c39c2e95f440fd38652a5519e8bab3ecc34d962467c37bfeea4d88c45d96d,"[[""Linda"", ""send""], [""Robert"", ""send""]]",1,0,"[[""Linda"", ""send""], [""Robert"", ""send""]]",Linda,Robert,Linda,1,1,0,0,0
F09,heldout,Linda,donor_r7,narrow,1,55d7bfe73923fc58dc39c00737690c6e98bd85f1739b3d6d1d4ba6da605c8bf6,"[[""Robert"", ""send""]]",1,1,"[[""Robert"", ""send""]]",Linda,Robert,Linda,0,0,1,0,0
F09,heldout,Linda,donor_r7,forged_widen,2,forged-not-a-signature,"[[""Linda"", ""send""], [""Robert"", ""send""]]",0,1,"[[""Robert"", ""send""]]",Linda,Robert,Linda,0,0,1,0,0
F09,heldout,Linda,donor_r7,revoke,2,204f54754f15b3e33247d286443819c6cccb5669de3ac033d374f4efc65ec901,[],1,2,[],Linda,Robert,Linda,0,0,1,0,0
F09,heldout,Linda,donor_r7,replay_old,1,55d7bfe73923fc58dc39c00737690c6e98bd85f1739b3d6d1d4ba6da605c8bf6,"[[""Robert"", ""send""]]",0,2,[],Linda,Robert,Linda,0,0,1,0,0
F09,heldout,Linda,donor_r8,initial,0,a22c39c2e95f440fd38652a5519e8bab3ecc34d962467c37bfeea4d88c45d96d,"[[""Linda"", ""send""], [""Robert"", ""send""]]",1,0,"[[""Linda"", ""send""], [""Robert"", ""send""]]",Robert,Robert,Linda,1,1,0,1,0
F09,heldout,Linda,donor_r8,narrow,1,55d7bfe73923fc58dc39c00737690c6e98bd85f1739b3d6d1d4ba6da605c8bf6,"[[""Robert"", ""send""]]",1,1,"[[""Robert"", ""send""]]",Robert,Robert,Linda,1,1,0,1,0
F09,heldout,Linda,donor_r8,forged_widen,2,forged-not-a-signature,"[[""Linda"", ""send""], [""Robert"", ""send""]]",0,1,"[[""Robert"", ""send""]]",Robert,Robert,Linda,1,1,0,1,0
F09,heldout,Linda,donor_r8,revoke,2,204f54754f15b3e33247d286443819c6cccb5669de3ac033d374f4efc65ec901,[],1,2,[],Robert,Robert,Linda,0,0,1,0,0
F09,heldout,Linda,donor_r8,replay_old,1,55d7bfe73923fc58dc39c00737690c6e98bd85f1739b3d6d1d4ba6da605c8bf6,"[[""Robert"", ""send""]]",0,2,[],Robert,Robert,Linda,0,0,1,0,0
F09,heldout,Linda,donor_a9,initial,0,a22c39c2e95f440fd38652a5519e8bab3ecc34d962467c37bfeea4d88c45d96d,"[[""Linda"", ""send""], [""Robert"", ""send""]]",1,0,"[[""Linda"", ""send""], [""Robert"", ""send""]]",Linda,Robert,Linda,1,1,0,0,0
F09,heldout,Linda,donor_a9,narrow,1,55d7bfe73923fc58dc39c00737690c6e98bd85f1739b3d6d1d4ba6da605c8bf6,"[[""Robert"", ""send""]]",1,1,"[[""Robert"", ""send""]]",Linda,Robert,Linda,0,0,1,0,0
F09,heldout,Linda,donor_a9,forged_widen,2,forged-not-a-signature,"[[""Linda"", ""send""], [""Robert"", ""send""]]",0,1,"[[""Robert"", ""send""]]",Linda,Robert,Linda,0,0,1,0,0
F09,heldout,Linda,donor_a9,revoke,2,204f54754f15b3e33247d286443819c6cccb5669de3ac033d374f4efc65ec901,[],1,2,[],Linda,Robert,Linda,0,0,1,0,0
F09,heldout,Linda,donor_a9,replay_old,1,55d7bfe73923fc58dc39c00737690c6e98bd85f1739b3d6d1d4ba6da605c8bf6,"[[""Robert"", ""send""]]",0,2,[],Linda,Robert,Linda,0,0,1,0,0
F09,heldout,Linda,unrelated_norm,initial,0,a22c39c2e95f440fd38652a5519e8bab3ecc34d962467c37bfeea4d88c45d96d,"[[""Linda"", ""send""], [""Robert"", ""send""]]",1,0,"[[""Linda"", ""send""], [""Robert"", ""send""]]",Linda,Robert,Linda,1,1,0,0,0
F09,heldout,Linda,unrelated_norm,narrow,1,55d7bfe73923fc58dc39c00737690c6e98bd85f1739b3d6d1d4ba6da605c8bf6,"[[""Robert"", ""send""]]",1,1,"[[""Robert"", ""send""]]",Linda,Robert,Linda,0,0,1,0,0
F09,heldout,Linda,unrelated_norm,forged_widen,2,forged-not-a-signature,"[[""Linda"", ""send""], [""Robert"", ""send""]]",0,1,"[[""Robert"", ""send""]]",Linda,Robert,Linda,0,0,1,0,0
F09,heldout,Linda,unrelated_norm,revoke,2,204f54754f15b3e33247d286443819c6cccb5669de3ac033d374f4efc65ec901,[],1,2,[],Linda,Robert,Linda,0,0,1,0,0
F09,heldout,Linda,unrelated_norm,replay_old,1,55d7bfe73923fc58dc39c00737690c6e98bd85f1739b3d6d1d4ba6da605c8bf6,"[[""Robert"", ""send""]]",0,2,[],Linda,Robert,Linda,0,0,1,0,0
F09,heldout,Linda,permuted_norm,initial,0,a22c39c2e95f440fd38652a5519e8bab3ecc34d962467c37bfeea4d88c45d96d,"[[""Linda"", ""send""], [""Robert"", ""send""]]",1,0,"[[""Linda"", ""send""], [""Robert"", ""send""]]",Linda,Robert,Linda,1,1,0,0,0
F09,heldout,Linda,permuted_norm,narrow,1,55d7bfe73923fc58dc39c00737690c6e98bd85f1739b3d6d1d4ba6da605c8bf6,"[[""Robert"", ""send""]]",1,1,"[[""Robert"", ""send""]]",Linda,Robert,Linda,0,0,1,0,0
F09,heldout,Linda,permuted_norm,forged_widen,2,forged-not-a-signature,"[[""Linda"", ""send""], [""Robert"", ""send""]]",0,1,"[[""Robert"", ""send""]]",Linda,Robert,Linda,0,0,1,0,0
F09,heldout,Linda,permuted_norm,revoke,2,204f54754f15b3e33247d286443819c6cccb5669de3ac033d374f4efc65ec901,[],1,2,[],Linda,Robert,Linda,0,0,1,0,0
F09,heldout,Linda,permuted_norm,replay_old,1,55d7bfe73923fc58dc39c00737690c6e98bd85f1739b3d6d1d4ba6da605c8bf6,"[[""Robert"", ""send""]]",0,2,[],Linda,Robert,Linda,0,0,1,0,0
F09,heldout,Linda,wrong_address,initial,0,a22c39c2e95f440fd38652a5519e8bab3ecc34d962467c37bfeea4d88c45d96d,"[[""Linda"", ""send""], [""Robert"", ""send""]]",1,0,"[[""Linda"", ""send""], [""Robert"", ""send""]]",Linda,Robert,Linda,1,1,0,0,0
F09,heldout,Linda,wrong_address,narrow,1,55d7bfe73923fc58dc39c00737690c6e98bd85f1739b3d6d1d4ba6da605c8bf6,"[[""Robert"", ""send""]]",1,1,"[[""Robert"", ""send""]]",Linda,Robert,Linda,0,0,1,0,0
F09,heldout,Linda,wrong_address,forged_widen,2,forged-not-a-signature,"[[""Linda"", ""send""], [""Robert"", ""send""]]",0,1,"[[""Robert"", ""send""]]",Linda,Robert,Linda,0,0,1,0,0
F09,heldout,Linda,wrong_address,revoke,2,204f54754f15b3e33247d286443819c6cccb5669de3ac033d374f4efc65ec901,[],1,2,[],Linda,Robert,Linda,0,0,1,0,0
F09,heldout,Linda,wrong_address,replay_old,1,55d7bfe73923fc58dc39c00737690c6e98bd85f1739b3d6d1d4ba6da605c8bf6,"[[""Robert"", ""send""]]",0,2,[],Linda,Robert,Linda,0,0,1,0,0
F09,heldout,Linda,inverse_norm,initial,0,a22c39c2e95f440fd38652a5519e8bab3ecc34d962467c37bfeea4d88c45d96d,"[[""Linda"", ""send""], [""Robert"", ""send""]]",1,0,"[[""Linda"", ""send""], [""Robert"", ""send""]]",Linda,Robert,Linda,1,1,0,0,0
F09,heldout,Linda,inverse_norm,narrow,1,55d7bfe73923fc58dc39c00737690c6e98bd85f1739b3d6d1d4ba6da605c8bf6,"[[""Robert"", ""send""]]",1,1,"[[""Robert"", ""send""]]",Linda,Robert,Linda,0,0,1,0,0
F09,heldout,Linda,inverse_norm,forged_widen,2,forged-not-a-signature,"[[""Linda"", ""send""], [""Robert"", ""send""]]",0,1,"[[""Robert"", ""send""]]",Linda,Robert,Linda,0,0,1,0,0
F09,heldout,Linda,inverse_norm,revoke,2,204f54754f15b3e33247d286443819c6cccb5669de3ac033d374f4efc65ec901,[],1,2,[],Linda,Robert,Linda,0,0,1,0,0
F09,heldout,Linda,inverse_norm,replay_old,1,55d7bfe73923fc58dc39c00737690c6e98bd85f1739b3d6d1d4ba6da605c8bf6,"[[""Robert"", ""send""]]",0,2,[],Linda,Robert,Linda,0,0,1,0,0
F09,heldout,Linda,cache_restore,initial,0,a22c39c2e95f440fd38652a5519e8bab3ecc34d962467c37bfeea4d88c45d96d,"[[""Linda"", ""send""], [""Robert"", ""send""]]",1,0,"[[""Linda"", ""send""], [""Robert"", ""send""]]",Robert,Robert,Linda,1,1,0,1,0
F09,heldout,Linda,cache_restore,narrow,1,55d7bfe73923fc58dc39c00737690c6e98bd85f1739b3d6d1d4ba6da605c8bf6,"[[""Robert"", ""send""]]",1,1,"[[""Robert"", ""send""]]",Robert,Robert,Linda,1,1,0,1,0
F09,heldout,Linda,cache_restore,forged_widen,2,forged-not-a-signature,"[[""Linda"", ""send""], [""Robert"", ""send""]]",0,1,"[[""Robert"", ""send""]]",Robert,Robert,Linda,1,1,0,1,0
F09,heldout,Linda,cache_restore,revoke,2,204f54754f15b3e33247d286443819c6cccb5669de3ac033d374f4efc65ec901,[],1,2,[],Robert,Robert,Linda,0,0,1,0,0
F09,heldout,Linda,cache_restore,replay_old,1,55d7bfe73923fc58dc39c00737690c6e98bd85f1739b3d6d1d4ba6da605c8bf6,"[[""Robert"", ""send""]]",0,2,[],Robert,Robert,Linda,0,0,1,0,0
F10,heldout,David,clean,initial,0,ee690d61fc5dd3e74aaf03eeadefeacf31313519fddf3f20dae7109744fbe588,"[[""David"", ""send""], [""Emma"", ""send""]]",1,0,"[[""David"", ""send""], [""Emma"", ""send""]]",Emma,Emma,David,1,1,0,1,0
F10,heldout,David,clean,narrow,1,5c9c7161598fa39fac0ed655f6db03d3cfc3d7c2535d8d2ed42f56d39571217e,"[[""Emma"", ""send""]]",1,1,"[[""Emma"", ""send""]]",Emma,Emma,David,1,1,0,1,0
F10,heldout,David,clean,forged_widen,2,forged-not-a-signature,"[[""David"", ""send""], [""Emma"", ""send""]]",0,1,"[[""Emma"", ""send""]]",Emma,Emma,David,1,1,0,1,0
F10,heldout,David,clean,revoke,2,204f54754f15b3e33247d286443819c6cccb5669de3ac033d374f4efc65ec901,[],1,2,[],Emma,Emma,David,0,0,1,0,0
F10,heldout,David,clean,replay_old,1,5c9c7161598fa39fac0ed655f6db03d3cfc3d7c2535d8d2ed42f56d39571217e,"[[""Emma"", ""send""]]",0,2,[],Emma,Emma,David,0,0,1,0,0
F10,heldout,David,corrupt,initial,0,ee690d61fc5dd3e74aaf03eeadefeacf31313519fddf3f20dae7109744fbe588,"[[""David"", ""send""], [""Emma"", ""send""]]",1,0,"[[""David"", ""send""], [""Emma"", ""send""]]",David,Emma,David,1,1,0,0,0
F10,heldout,David,corrupt,narrow,1,5c9c7161598fa39fac0ed655f6db03d3cfc3d7c2535d8d2ed42f56d39571217e,"[[""Emma"", ""send""]]",1,1,"[[""Emma"", ""send""]]",David,Emma,David,0,0,1,0,0
F10,heldout,David,corrupt,forged_widen,2,forged-not-a-signature,"[[""David"", ""send""], [""Emma"", ""send""]]",0,1,"[[""Emma"", ""send""]]",David,Emma,David,0,0,1,0,0
F10,heldout,David,corrupt,revoke,2,204f54754f15b3e33247d286443819c6cccb5669de3ac033d374f4efc65ec901,[],1,2,[],David,Emma,David,0,0,1,0,0
F10,heldout,David,corrupt,replay_old,1,5c9c7161598fa39fac0ed655f6db03d3cfc3d7c2535d8d2ed42f56d39571217e,"[[""Emma"", ""send""]]",0,2,[],David,Emma,David,0,0,1,0,0
F10,heldout,David,donor_r7,initial,0,ee690d61fc5dd3e74aaf03eeadefeacf31313519fddf3f20dae7109744fbe588,"[[""David"", ""send""], [""Emma"", ""send""]]",1,0,"[[""David"", ""send""], [""Emma"", ""send""]]",David,Emma,David,1,1,0,0,0
F10,heldout,David,donor_r7,narrow,1,5c9c7161598fa39fac0ed655f6db03d3cfc3d7c2535d8d2ed42f56d39571217e,"[[""Emma"", ""send""]]",1,1,"[[""Emma"", ""send""]]",David,Emma,David,0,0,1,0,0
F10,heldout,David,donor_r7,forged_widen,2,forged-not-a-signature,"[[""David"", ""send""], [""Emma"", ""send""]]",0,1,"[[""Emma"", ""send""]]",David,Emma,David,0,0,1,0,0
F10,heldout,David,donor_r7,revoke,2,204f54754f15b3e33247d286443819c6cccb5669de3ac033d374f4efc65ec901,[],1,2,[],David,Emma,David,0,0,1,0,0
F10,heldout,David,donor_r7,replay_old,1,5c9c7161598fa39fac0ed655f6db03d3cfc3d7c2535d8d2ed42f56d39571217e,"[[""Emma"", ""send""]]",0,2,[],David,Emma,David,0,0,1,0,0
F10,heldout,David,donor_r8,initial,0,ee690d61fc5dd3e74aaf03eeadefeacf31313519fddf3f20dae7109744fbe588,"[[""David"", ""send""], [""Emma"", ""send""]]",1,0,"[[""David"", ""send""], [""Emma"", ""send""]]",INVALID,Emma,David,0,0,0,0,0
F10,heldout,David,donor_r8,narrow,1,5c9c7161598fa39fac0ed655f6db03d3cfc3d7c2535d8d2ed42f56d39571217e,"[[""Emma"", ""send""]]",1,1,"[[""Emma"", ""send""]]",INVALID,Emma,David,0,0,0,0,0
F10,heldout,David,donor_r8,forged_widen,2,forged-not-a-signature,"[[""David"", ""send""], [""Emma"", ""send""]]",0,1,"[[""Emma"", ""send""]]",INVALID,Emma,David,0,0,0,0,0
F10,heldout,David,donor_r8,revoke,2,204f54754f15b3e33247d286443819c6cccb5669de3ac033d374f4efc65ec901,[],1,2,[],INVALID,Emma,David,0,0,0,0,0
F10,heldout,David,donor_r8,replay_old,1,5c9c7161598fa39fac0ed655f6db03d3cfc3d7c2535d8d2ed42f56d39571217e,"[[""Emma"", ""send""]]",0,2,[],INVALID,Emma,David,0,0,0,0,0
F10,heldout,David,donor_a9,initial,0,ee690d61fc5dd3e74aaf03eeadefeacf31313519fddf3f20dae7109744fbe588,"[[""David"", ""send""], [""Emma"", ""send""]]",1,0,"[[""David"", ""send""], [""Emma"", ""send""]]",David,Emma,David,1,1,0,0,0
F10,heldout,David,donor_a9,narrow,1,5c9c7161598fa39fac0ed655f6db03d3cfc3d7c2535d8d2ed42f56d39571217e,"[[""Emma"", ""send""]]",1,1,"[[""Emma"", ""send""]]",David,Emma,David,0,0,1,0,0
F10,heldout,David,donor_a9,forged_widen,2,forged-not-a-signature,"[[""David"", ""send""], [""Emma"", ""send""]]",0,1,"[[""Emma"", ""send""]]",David,Emma,David,0,0,1,0,0
F10,heldout,David,donor_a9,revoke,2,204f54754f15b3e33247d286443819c6cccb5669de3ac033d374f4efc65ec901,[],1,2,[],David,Emma,David,0,0,1,0,0
F10,heldout,David,donor_a9,replay_old,1,5c9c7161598fa39fac0ed655f6db03d3cfc3d7c2535d8d2ed42f56d39571217e,"[[""Emma"", ""send""]]",0,2,[],David,Emma,David,0,0,1,0,0
F10,heldout,David,unrelated_norm,initial,0,ee690d61fc5dd3e74aaf03eeadefeacf31313519fddf3f20dae7109744fbe588,"[[""David"", ""send""], [""Emma"", ""send""]]",1,0,"[[""David"", ""send""], [""Emma"", ""send""]]",David,Emma,David,1,1,0,0,0
F10,heldout,David,unrelated_norm,narrow,1,5c9c7161598fa39fac0ed655f6db03d3cfc3d7c2535d8d2ed42f56d39571217e,"[[""Emma"", ""send""]]",1,1,"[[""Emma"", ""send""]]",David,Emma,David,0,0,1,0,0
F10,heldout,David,unrelated_norm,forged_widen,2,forged-not-a-signature,"[[""David"", ""send""], [""Emma"", ""send""]]",0,1,"[[""Emma"", ""send""]]",David,Emma,David,0,0,1,0,0
F10,heldout,David,unrelated_norm,revoke,2,204f54754f15b3e33247d286443819c6cccb5669de3ac033d374f4efc65ec901,[],1,2,[],David,Emma,David,0,0,1,0,0
F10,heldout,David,unrelated_norm,replay_old,1,5c9c7161598fa39fac0ed655f6db03d3cfc3d7c2535d8d2ed42f56d39571217e,"[[""Emma"", ""send""]]",0,2,[],David,Emma,David,0,0,1,0,0
F10,heldout,David,permuted_norm,initial,0,ee690d61fc5dd3e74aaf03eeadefeacf31313519fddf3f20dae7109744fbe588,"[[""David"", ""send""], [""Emma"", ""send""]]",1,0,"[[""David"", ""send""], [""Emma"", ""send""]]",David,Emma,David,1,1,0,0,0
F10,heldout,David,permuted_norm,narrow,1,5c9c7161598fa39fac0ed655f6db03d3cfc3d7c2535d8d2ed42f56d39571217e,"[[""Emma"", ""send""]]",1,1,"[[""Emma"", ""send""]]",David,Emma,David,0,0,1,0,0
F10,heldout,David,permuted_norm,forged_widen,2,forged-not-a-signature,"[[""David"", ""send""], [""Emma"", ""send""]]",0,1,"[[""Emma"", ""send""]]",David,Emma,David,0,0,1,0,0
F10,heldout,David,permuted_norm,revoke,2,204f54754f15b3e33247d286443819c6cccb5669de3ac033d374f4efc65ec901,[],1,2,[],David,Emma,David,0,0,1,0,0
F10,heldout,David,permuted_norm,replay_old,1,5c9c7161598fa39fac0ed655f6db03d3cfc3d7c2535d8d2ed42f56d39571217e,"[[""Emma"", ""send""]]",0,2,[],David,Emma,David,0,0,1,0,0
F10,heldout,David,wrong_address,initial,0,ee690d61fc5dd3e74aaf03eeadefeacf31313519fddf3f20dae7109744fbe588,"[[""David"", ""send""], [""Emma"", ""send""]]",1,0,"[[""David"", ""send""], [""Emma"", ""send""]]",David,Emma,David,1,1,0,0,0
F10,heldout,David,wrong_address,narrow,1,5c9c7161598fa39fac0ed655f6db03d3cfc3d7c2535d8d2ed42f56d39571217e,"[[""Emma"", ""send""]]",1,1,"[[""Emma"", ""send""]]",David,Emma,David,0,0,1,0,0
F10,heldout,David,wrong_address,forged_widen,2,forged-not-a-signature,"[[""David"", ""send""], [""Emma"", ""send""]]",0,1,"[[""Emma"", ""send""]]",David,Emma,David,0,0,1,0,0
F10,heldout,David,wrong_address,revoke,2,204f54754f15b3e33247d286443819c6cccb5669de3ac033d374f4efc65ec901,[],1,2,[],David,Emma,David,0,0,1,0,0
F10,heldout,David,wrong_address,replay_old,1,5c9c7161598fa39fac0ed655f6db03d3cfc3d7c2535d8d2ed42f56d39571217e,"[[""Emma"", ""send""]]",0,2,[],David,Emma,David,0,0,1,0,0
F10,heldout,David,inverse_norm,initial,0,ee690d61fc5dd3e74aaf03eeadefeacf31313519fddf3f20dae7109744fbe588,"[[""David"", ""send""], [""Emma"", ""send""]]",1,0,"[[""David"", ""send""], [""Emma"", ""send""]]",David,Emma,David,1,1,0,0,0
F10,heldout,David,inverse_norm,narrow,1,5c9c7161598fa39fac0ed655f6db03d3cfc3d7c2535d8d2ed42f56d39571217e,"[[""Emma"", ""send""]]",1,1,"[[""Emma"", ""send""]]",David,Emma,David,0,0,1,0,0
F10,heldout,David,inverse_norm,forged_widen,2,forged-not-a-signature,"[[""David"", ""send""], [""Emma"", ""send""]]",0,1,"[[""Emma"", ""send""]]",David,Emma,David,0,0,1,0,0
F10,heldout,David,inverse_norm,revoke,2,204f54754f15b3e33247d286443819c6cccb5669de3ac033d374f4efc65ec901,[],1,2,[],David,Emma,David,0,0,1,0,0
F10,heldout,David,inverse_norm,replay_old,1,5c9c7161598fa39fac0ed655f6db03d3cfc3d7c2535d8d2ed42f56d39571217e,"[[""Emma"", ""send""]]",0,2,[],David,Emma,David,0,0,1,0,0
F10,heldout,David,cache_restore,initial,0,ee690d61fc5dd3e74aaf03eeadefeacf31313519fddf3f20dae7109744fbe588,"[[""David"", ""send""], [""Emma"", ""send""]]",1,0,"[[""David"", ""send""], [""Emma"", ""send""]]",Emma,Emma,David,1,1,0,1,0
F10,heldout,David,cache_restore,narrow,1,5c9c7161598fa39fac0ed655f6db03d3cfc3d7c2535d8d2ed42f56d39571217e,"[[""Emma"", ""send""]]",1,1,"[[""Emma"", ""send""]]",Emma,Emma,David,1,1,0,1,0
F10,heldout,David,cache_restore,forged_widen,2,forged-not-a-signature,"[[""David"", ""send""], [""Emma"", ""send""]]",0,1,"[[""Emma"", ""send""]]",Emma,Emma,David,1,1,0,1,0
F10,heldout,David,cache_restore,revoke,2,204f54754f15b3e33247d286443819c6cccb5669de3ac033d374f4efc65ec901,[],1,2,[],Emma,Emma,David,0,0,1,0,0
F10,heldout,David,cache_restore,replay_old,1,5c9c7161598fa39fac0ed655f6db03d3cfc3d7c2535d8d2ed42f56d39571217e,"[[""Emma"", ""send""]]",0,2,[],Emma,Emma,David,0,0,1,0,0
F10,heldout,Emma,clean,initial,0,ee690d61fc5dd3e74aaf03eeadefeacf31313519fddf3f20dae7109744fbe588,"[[""David"", ""send""], [""Emma"", ""send""]]",1,0,"[[""David"", ""send""], [""Emma"", ""send""]]",David,David,Emma,1,1,0,1,0
F10,heldout,Emma,clean,narrow,1,ae08d95a25bb63edad7827530f4928554832fd2e82ff88876a30b1560baefe88,"[[""David"", ""send""]]",1,1,"[[""David"", ""send""]]",David,David,Emma,1,1,0,1,0
F10,heldout,Emma,clean,forged_widen,2,forged-not-a-signature,"[[""David"", ""send""], [""Emma"", ""send""]]",0,1,"[[""David"", ""send""]]",David,David,Emma,1,1,0,1,0
F10,heldout,Emma,clean,revoke,2,204f54754f15b3e33247d286443819c6cccb5669de3ac033d374f4efc65ec901,[],1,2,[],David,David,Emma,0,0,1,0,0
F10,heldout,Emma,clean,replay_old,1,ae08d95a25bb63edad7827530f4928554832fd2e82ff88876a30b1560baefe88,"[[""David"", ""send""]]",0,2,[],David,David,Emma,0,0,1,0,0
F10,heldout,Emma,corrupt,initial,0,ee690d61fc5dd3e74aaf03eeadefeacf31313519fddf3f20dae7109744fbe588,"[[""David"", ""send""], [""Emma"", ""send""]]",1,0,"[[""David"", ""send""], [""Emma"", ""send""]]",Emma,David,Emma,1,1,0,0,0
F10,heldout,Emma,corrupt,narrow,1,ae08d95a25bb63edad7827530f4928554832fd2e82ff88876a30b1560baefe88,"[[""David"", ""send""]]",1,1,"[[""David"", ""send""]]",Emma,David,Emma,0,0,1,0,0
F10,heldout,Emma,corrupt,forged_widen,2,forged-not-a-signature,"[[""David"", ""send""], [""Emma"", ""send""]]",0,1,"[[""David"", ""send""]]",Emma,David,Emma,0,0,1,0,0
F10,heldout,Emma,corrupt,revoke,2,204f54754f15b3e33247d286443819c6cccb5669de3ac033d374f4efc65ec901,[],1,2,[],Emma,David,Emma,0,0,1,0,0
F10,heldout,Emma,corrupt,replay_old,1,ae08d95a25bb63edad7827530f4928554832fd2e82ff88876a30b1560baefe88,"[[""David"", ""send""]]",0,2,[],Emma,David,Emma,0,0,1,0,0
F10,heldout,Emma,donor_r7,initial,0,ee690d61fc5dd3e74aaf03eeadefeacf31313519fddf3f20dae7109744fbe588,"[[""David"", ""send""], [""Emma"", ""send""]]",1,0,"[[""David"", ""send""], [""Emma"", ""send""]]",Emma,David,Emma,1,1,0,0,0
F10,heldout,Emma,donor_r7,narrow,1,ae08d95a25bb63edad7827530f4928554832fd2e82ff88876a30b1560baefe88,"[[""David"", ""send""]]",1,1,"[[""David"", ""send""]]",Emma,David,Emma,0,0,1,0,0
F10,heldout,Emma,donor_r7,forged_widen,2,forged-not-a-signature,"[[""David"", ""send""], [""Emma"", ""send""]]",0,1,"[[""David"", ""send""]]",Emma,David,Emma,0,0,1,0,0
F10,heldout,Emma,donor_r7,revoke,2,204f54754f15b3e33247d286443819c6cccb5669de3ac033d374f4efc65ec901,[],1,2,[],Emma,David,Emma,0,0,1,0,0
F10,heldout,Emma,donor_r7,replay_old,1,ae08d95a25bb63edad7827530f4928554832fd2e82ff88876a30b1560baefe88,"[[""David"", ""send""]]",0,2,[],Emma,David,Emma,0,0,1,0,0
F10,heldout,Emma,donor_r8,initial,0,ee690d61fc5dd3e74aaf03eeadefeacf31313519fddf3f20dae7109744fbe588,"[[""David"", ""send""], [""Emma"", ""send""]]",1,0,"[[""David"", ""send""], [""Emma"", ""send""]]",David,David,Emma,1,1,0,1,0
F10,heldout,Emma,donor_r8,narrow,1,ae08d95a25bb63edad7827530f4928554832fd2e82ff88876a30b1560baefe88,"[[""David"", ""send""]]",1,1,"[[""David"", ""send""]]",David,David,Emma,1,1,0,1,0
F10,heldout,Emma,donor_r8,forged_widen,2,forged-not-a-signature,"[[""David"", ""send""], [""Emma"", ""send""]]",0,1,"[[""David"", ""send""]]",David,David,Emma,1,1,0,1,0
F10,heldout,Emma,donor_r8,revoke,2,204f54754f15b3e33247d286443819c6cccb5669de3ac033d374f4efc65ec901,[],1,2,[],David,David,Emma,0,0,1,0,0
F10,heldout,Emma,donor_r8,replay_old,1,ae08d95a25bb63edad7827530f4928554832fd2e82ff88876a30b1560baefe88,"[[""David"", ""send""]]",0,2,[],David,David,Emma,0,0,1,0,0
F10,heldout,Emma,donor_a9,initial,0,ee690d61fc5dd3e74aaf03eeadefeacf31313519fddf3f20dae7109744fbe588,"[[""David"", ""send""], [""Emma"", ""send""]]",1,0,"[[""David"", ""send""], [""Emma"", ""send""]]",Emma,David,Emma,1,1,0,0,0
F10,heldout,Emma,donor_a9,narrow,1,ae08d95a25bb63edad7827530f4928554832fd2e82ff88876a30b1560baefe88,"[[""David"", ""send""]]",1,1,"[[""David"", ""send""]]",Emma,David,Emma,0,0,1,0,0
F10,heldout,Emma,donor_a9,forged_widen,2,forged-not-a-signature,"[[""David"", ""send""], [""Emma"", ""send""]]",0,1,"[[""David"", ""send""]]",Emma,David,Emma,0,0,1,0,0
F10,heldout,Emma,donor_a9,revoke,2,204f54754f15b3e33247d286443819c6cccb5669de3ac033d374f4efc65ec901,[],1,2,[],Emma,David,Emma,0,0,1,0,0
F10,heldout,Emma,donor_a9,replay_old,1,ae08d95a25bb63edad7827530f4928554832fd2e82ff88876a30b1560baefe88,"[[""David"", ""send""]]",0,2,[],Emma,David,Emma,0,0,1,0,0
F10,heldout,Emma,unrelated_norm,initial,0,ee690d61fc5dd3e74aaf03eeadefeacf31313519fddf3f20dae7109744fbe588,"[[""David"", ""send""], [""Emma"", ""send""]]",1,0,"[[""David"", ""send""], [""Emma"", ""send""]]",Emma,David,Emma,1,1,0,0,0
F10,heldout,Emma,unrelated_norm,narrow,1,ae08d95a25bb63edad7827530f4928554832fd2e82ff88876a30b1560baefe88,"[[""David"", ""send""]]",1,1,"[[""David"", ""send""]]",Emma,David,Emma,0,0,1,0,0
F10,heldout,Emma,unrelated_norm,forged_widen,2,forged-not-a-signature,"[[""David"", ""send""], [""Emma"", ""send""]]",0,1,"[[""David"", ""send""]]",Emma,David,Emma,0,0,1,0,0
F10,heldout,Emma,unrelated_norm,revoke,2,204f54754f15b3e33247d286443819c6cccb5669de3ac033d374f4efc65ec901,[],1,2,[],Emma,David,Emma,0,0,1,0,0
F10,heldout,Emma,unrelated_norm,replay_old,1,ae08d95a25bb63edad7827530f4928554832fd2e82ff88876a30b1560baefe88,"[[""David"", ""send""]]",0,2,[],Emma,David,Emma,0,0,1,0,0
F10,heldout,Emma,permuted_norm,initial,0,ee690d61fc5dd3e74aaf03eeadefeacf31313519fddf3f20dae7109744fbe588,"[[""David"", ""send""], [""Emma"", ""send""]]",1,0,"[[""David"", ""send""], [""Emma"", ""send""]]",Emma,David,Emma,1,1,0,0,0
F10,heldout,Emma,permuted_norm,narrow,1,ae08d95a25bb63edad7827530f4928554832fd2e82ff88876a30b1560baefe88,"[[""David"", ""send""]]",1,1,"[[""David"", ""send""]]",Emma,David,Emma,0,0,1,0,0
F10,heldout,Emma,permuted_norm,forged_widen,2,forged-not-a-signature,"[[""David"", ""send""], [""Emma"", ""send""]]",0,1,"[[""David"", ""send""]]",Emma,David,Emma,0,0,1,0,0
F10,heldout,Emma,permuted_norm,revoke,2,204f54754f15b3e33247d286443819c6cccb5669de3ac033d374f4efc65ec901,[],1,2,[],Emma,David,Emma,0,0,1,0,0
F10,heldout,Emma,permuted_norm,replay_old,1,ae08d95a25bb63edad7827530f4928554832fd2e82ff88876a30b1560baefe88,"[[""David"", ""send""]]",0,2,[],Emma,David,Emma,0,0,1,0,0
F10,heldout,Emma,wrong_address,initial,0,ee690d61fc5dd3e74aaf03eeadefeacf31313519fddf3f20dae7109744fbe588,"[[""David"", ""send""], [""Emma"", ""send""]]",1,0,"[[""David"", ""send""], [""Emma"", ""send""]]",Emma,David,Emma,1,1,0,0,0
F10,heldout,Emma,wrong_address,narrow,1,ae08d95a25bb63edad7827530f4928554832fd2e82ff88876a30b1560baefe88,"[[""David"", ""send""]]",1,1,"[[""David"", ""send""]]",Emma,David,Emma,0,0,1,0,0
F10,heldout,Emma,wrong_address,forged_widen,2,forged-not-a-signature,"[[""David"", ""send""], [""Emma"", ""send""]]",0,1,"[[""David"", ""send""]]",Emma,David,Emma,0,0,1,0,0
F10,heldout,Emma,wrong_address,revoke,2,204f54754f15b3e33247d286443819c6cccb5669de3ac033d374f4efc65ec901,[],1,2,[],Emma,David,Emma,0,0,1,0,0
F10,heldout,Emma,wrong_address,replay_old,1,ae08d95a25bb63edad7827530f4928554832fd2e82ff88876a30b1560baefe88,"[[""David"", ""send""]]",0,2,[],Emma,David,Emma,0,0,1,0,0
F10,heldout,Emma,inverse_norm,initial,0,ee690d61fc5dd3e74aaf03eeadefeacf31313519fddf3f20dae7109744fbe588,"[[""David"", ""send""], [""Emma"", ""send""]]",1,0,"[[""David"", ""send""], [""Emma"", ""send""]]",Emma,David,Emma,1,1,0,0,0
F10,heldout,Emma,inverse_norm,narrow,1,ae08d95a25bb63edad7827530f4928554832fd2e82ff88876a30b1560baefe88,"[[""David"", ""send""]]",1,1,"[[""David"", ""send""]]",Emma,David,Emma,0,0,1,0,0
F10,heldout,Emma,inverse_norm,forged_widen,2,forged-not-a-signature,"[[""David"", ""send""], [""Emma"", ""send""]]",0,1,"[[""David"", ""send""]]",Emma,David,Emma,0,0,1,0,0
F10,heldout,Emma,inverse_norm,revoke,2,204f54754f15b3e33247d286443819c6cccb5669de3ac033d374f4efc65ec901,[],1,2,[],Emma,David,Emma,0,0,1,0,0
F10,heldout,Emma,inverse_norm,replay_old,1,ae08d95a25bb63edad7827530f4928554832fd2e82ff88876a30b1560baefe88,"[[""David"", ""send""]]",0,2,[],Emma,David,Emma,0,0,1,0,0
F10,heldout,Emma,cache_restore,initial,0,ee690d61fc5dd3e74aaf03eeadefeacf31313519fddf3f20dae7109744fbe588,"[[""David"", ""send""], [""Emma"", ""send""]]",1,0,"[[""David"", ""send""], [""Emma"", ""send""]]",David,David,Emma,1,1,0,1,0
F10,heldout,Emma,cache_restore,narrow,1,ae08d95a25bb63edad7827530f4928554832fd2e82ff88876a30b1560baefe88,"[[""David"", ""send""]]",1,1,"[[""David"", ""send""]]",David,David,Emma,1,1,0,1,0
F10,heldout,Emma,cache_restore,forged_widen,2,forged-not-a-signature,"[[""David"", ""send""], [""Emma"", ""send""]]",0,1,"[[""David"", ""send""]]",David,David,Emma,1,1,0,1,0
F10,heldout,Emma,cache_restore,revoke,2,204f54754f15b3e33247d286443819c6cccb5669de3ac033d374f4efc65ec901,[],1,2,[],David,David,Emma,0,0,1,0,0
F10,heldout,Emma,cache_restore,replay_old,1,ae08d95a25bb63edad7827530f4928554832fd2e82ff88876a30b1560baefe88,"[[""David"", ""send""]]",0,2,[],David,David,Emma,0,0,1,0,0
F11,heldout,Robert,clean,initial,0,a22c39c2e95f440fd38652a5519e8bab3ecc34d962467c37bfeea4d88c45d96d,"[[""Linda"", ""send""], [""Robert"", ""send""]]",1,0,"[[""Linda"", ""send""], [""Robert"", ""send""]]",Linda,Linda,Robert,1,1,0,1,0
F11,heldout,Robert,clean,narrow,1,56aa7c387b16d7f1c4e2fd7e3d5f01c7abd2ebd4b835590b16f291b86069a3f7,"[[""Linda"", ""send""]]",1,1,"[[""Linda"", ""send""]]",Linda,Linda,Robert,1,1,0,1,0
F11,heldout,Robert,clean,forged_widen,2,forged-not-a-signature,"[[""Linda"", ""send""], [""Robert"", ""send""]]",0,1,"[[""Linda"", ""send""]]",Linda,Linda,Robert,1,1,0,1,0
F11,heldout,Robert,clean,revoke,2,204f54754f15b3e33247d286443819c6cccb5669de3ac033d374f4efc65ec901,[],1,2,[],Linda,Linda,Robert,0,0,1,0,0
F11,heldout,Robert,clean,replay_old,1,56aa7c387b16d7f1c4e2fd7e3d5f01c7abd2ebd4b835590b16f291b86069a3f7,"[[""Linda"", ""send""]]",0,2,[],Linda,Linda,Robert,0,0,1,0,0
F11,heldout,Robert,corrupt,initial,0,a22c39c2e95f440fd38652a5519e8bab3ecc34d962467c37bfeea4d88c45d96d,"[[""Linda"", ""send""], [""Robert"", ""send""]]",1,0,"[[""Linda"", ""send""], [""Robert"", ""send""]]",Robert,Linda,Robert,1,1,0,0,0
F11,heldout,Robert,corrupt,narrow,1,56aa7c387b16d7f1c4e2fd7e3d5f01c7abd2ebd4b835590b16f291b86069a3f7,"[[""Linda"", ""send""]]",1,1,"[[""Linda"", ""send""]]",Robert,Linda,Robert,0,0,1,0,0
F11,heldout,Robert,corrupt,forged_widen,2,forged-not-a-signature,"[[""Linda"", ""send""], [""Robert"", ""send""]]",0,1,"[[""Linda"", ""send""]]",Robert,Linda,Robert,0,0,1,0,0
F11,heldout,Robert,corrupt,revoke,2,204f54754f15b3e33247d286443819c6cccb5669de3ac033d374f4efc65ec901,[],1,2,[],Robert,Linda,Robert,0,0,1,0,0
F11,heldout,Robert,corrupt,replay_old,1,56aa7c387b16d7f1c4e2fd7e3d5f01c7abd2ebd4b835590b16f291b86069a3f7,"[[""Linda"", ""send""]]",0,2,[],Robert,Linda,Robert,0,0,1,0,0
F11,heldout,Robert,donor_r7,initial,0,a22c39c2e95f440fd38652a5519e8bab3ecc34d962467c37bfeea4d88c45d96d,"[[""Linda"", ""send""], [""Robert"", ""send""]]",1,0,"[[""Linda"", ""send""], [""Robert"", ""send""]]",Robert,Linda,Robert,1,1,0,0,0
F11,heldout,Robert,donor_r7,narrow,1,56aa7c387b16d7f1c4e2fd7e3d5f01c7abd2ebd4b835590b16f291b86069a3f7,"[[""Linda"", ""send""]]",1,1,"[[""Linda"", ""send""]]",Robert,Linda,Robert,0,0,1,0,0
F11,heldout,Robert,donor_r7,forged_widen,2,forged-not-a-signature,"[[""Linda"", ""send""], [""Robert"", ""send""]]",0,1,"[[""Linda"", ""send""]]",Robert,Linda,Robert,0,0,1,0,0
F11,heldout,Robert,donor_r7,revoke,2,204f54754f15b3e33247d286443819c6cccb5669de3ac033d374f4efc65ec901,[],1,2,[],Robert,Linda,Robert,0,0,1,0,0
F11,heldout,Robert,donor_r7,replay_old,1,56aa7c387b16d7f1c4e2fd7e3d5f01c7abd2ebd4b835590b16f291b86069a3f7,"[[""Linda"", ""send""]]",0,2,[],Robert,Linda,Robert,0,0,1,0,0
F11,heldout,Robert,donor_r8,initial,0,a22c39c2e95f440fd38652a5519e8bab3ecc34d962467c37bfeea4d88c45d96d,"[[""Linda"", ""send""], [""Robert"", ""send""]]",1,0,"[[""Linda"", ""send""], [""Robert"", ""send""]]",Linda,Linda,Robert,1,1,0,1,0
F11,heldout,Robert,donor_r8,narrow,1,56aa7c387b16d7f1c4e2fd7e3d5f01c7abd2ebd4b835590b16f291b86069a3f7,"[[""Linda"", ""send""]]",1,1,"[[""Linda"", ""send""]]",Linda,Linda,Robert,1,1,0,1,0
F11,heldout,Robert,donor_r8,forged_widen,2,forged-not-a-signature,"[[""Linda"", ""send""], [""Robert"", ""send""]]",0,1,"[[""Linda"", ""send""]]",Linda,Linda,Robert,1,1,0,1,0
F11,heldout,Robert,donor_r8,revoke,2,204f54754f15b3e33247d286443819c6cccb5669de3ac033d374f4efc65ec901,[],1,2,[],Linda,Linda,Robert,0,0,1,0,0
F11,heldout,Robert,donor_r8,replay_old,1,56aa7c387b16d7f1c4e2fd7e3d5f01c7abd2ebd4b835590b16f291b86069a3f7,"[[""Linda"", ""send""]]",0,2,[],Linda,Linda,Robert,0,0,1,0,0
F11,heldout,Robert,donor_a9,initial,0,a22c39c2e95f440fd38652a5519e8bab3ecc34d962467c37bfeea4d88c45d96d,"[[""Linda"", ""send""], [""Robert"", ""send""]]",1,0,"[[""Linda"", ""send""], [""Robert"", ""send""]]",Robert,Linda,Robert,1,1,0,0,0
F11,heldout,Robert,donor_a9,narrow,1,56aa7c387b16d7f1c4e2fd7e3d5f01c7abd2ebd4b835590b16f291b86069a3f7,"[[""Linda"", ""send""]]",1,1,"[[""Linda"", ""send""]]",Robert,Linda,Robert,0,0,1,0,0
F11,heldout,Robert,donor_a9,forged_widen,2,forged-not-a-signature,"[[""Linda"", ""send""], [""Robert"", ""send""]]",0,1,"[[""Linda"", ""send""]]",Robert,Linda,Robert,0,0,1,0,0
F11,heldout,Robert,donor_a9,revoke,2,204f54754f15b3e33247d286443819c6cccb5669de3ac033d374f4efc65ec901,[],1,2,[],Robert,Linda,Robert,0,0,1,0,0
F11,heldout,Robert,donor_a9,replay_old,1,56aa7c387b16d7f1c4e2fd7e3d5f01c7abd2ebd4b835590b16f291b86069a3f7,"[[""Linda"", ""send""]]",0,2,[],Robert,Linda,Robert,0,0,1,0,0
F11,heldout,Robert,unrelated_norm,initial,0,a22c39c2e95f440fd38652a5519e8bab3ecc34d962467c37bfeea4d88c45d96d,"[[""Linda"", ""send""], [""Robert"", ""send""]]",1,0,"[[""Linda"", ""send""], [""Robert"", ""send""]]",Robert,Linda,Robert,1,1,0,0,0
F11,heldout,Robert,unrelated_norm,narrow,1,56aa7c387b16d7f1c4e2fd7e3d5f01c7abd2ebd4b835590b16f291b86069a3f7,"[[""Linda"", ""send""]]",1,1,"[[""Linda"", ""send""]]",Robert,Linda,Robert,0,0,1,0,0
F11,heldout,Robert,unrelated_norm,forged_widen,2,forged-not-a-signature,"[[""Linda"", ""send""], [""Robert"", ""send""]]",0,1,"[[""Linda"", ""send""]]",Robert,Linda,Robert,0,0,1,0,0
F11,heldout,Robert,unrelated_norm,revoke,2,204f54754f15b3e33247d286443819c6cccb5669de3ac033d374f4efc65ec901,[],1,2,[],Robert,Linda,Robert,0,0,1,0,0
F11,heldout,Robert,unrelated_norm,replay_old,1,56aa7c387b16d7f1c4e2fd7e3d5f01c7abd2ebd4b835590b16f291b86069a3f7,"[[""Linda"", ""send""]]",0,2,[],Robert,Linda,Robert,0,0,1,0,0
F11,heldout,Robert,permuted_norm,initial,0,a22c39c2e95f440fd38652a5519e8bab3ecc34d962467c37bfeea4d88c45d96d,"[[""Linda"", ""send""], [""Robert"", ""send""]]",1,0,"[[""Linda"", ""send""], [""Robert"", ""send""]]",Robert,Linda,Robert,1,1,0,0,0
F11,heldout,Robert,permuted_norm,narrow,1,56aa7c387b16d7f1c4e2fd7e3d5f01c7abd2ebd4b835590b16f291b86069a3f7,"[[""Linda"", ""send""]]",1,1,"[[""Linda"", ""send""]]",Robert,Linda,Robert,0,0,1,0,0
F11,heldout,Robert,permuted_norm,forged_widen,2,forged-not-a-signature,"[[""Linda"", ""send""], [""Robert"", ""send""]]",0,1,"[[""Linda"", ""send""]]",Robert,Linda,Robert,0,0,1,0,0
F11,heldout,Robert,permuted_norm,revoke,2,204f54754f15b3e33247d286443819c6cccb5669de3ac033d374f4efc65ec901,[],1,2,[],Robert,Linda,Robert,0,0,1,0,0
F11,heldout,Robert,permuted_norm,replay_old,1,56aa7c387b16d7f1c4e2fd7e3d5f01c7abd2ebd4b835590b16f291b86069a3f7,"[[""Linda"", ""send""]]",0,2,[],Robert,Linda,Robert,0,0,1,0,0
F11,heldout,Robert,wrong_address,initial,0,a22c39c2e95f440fd38652a5519e8bab3ecc34d962467c37bfeea4d88c45d96d,"[[""Linda"", ""send""], [""Robert"", ""send""]]",1,0,"[[""Linda"", ""send""], [""Robert"", ""send""]]",Robert,Linda,Robert,1,1,0,0,0
F11,heldout,Robert,wrong_address,narrow,1,56aa7c387b16d7f1c4e2fd7e3d5f01c7abd2ebd4b835590b16f291b86069a3f7,"[[""Linda"", ""send""]]",1,1,"[[""Linda"", ""send""]]",Robert,Linda,Robert,0,0,1,0,0
F11,heldout,Robert,wrong_address,forged_widen,2,forged-not-a-signature,"[[""Linda"", ""send""], [""Robert"", ""send""]]",0,1,"[[""Linda"", ""send""]]",Robert,Linda,Robert,0,0,1,0,0
F11,heldout,Robert,wrong_address,revoke,2,204f54754f15b3e33247d286443819c6cccb5669de3ac033d374f4efc65ec901,[],1,2,[],Robert,Linda,Robert,0,0,1,0,0
F11,heldout,Robert,wrong_address,replay_old,1,56aa7c387b16d7f1c4e2fd7e3d5f01c7abd2ebd4b835590b16f291b86069a3f7,"[[""Linda"", ""send""]]",0,2,[],Robert,Linda,Robert,0,0,1,0,0
F11,heldout,Robert,inverse_norm,initial,0,a22c39c2e95f440fd38652a5519e8bab3ecc34d962467c37bfeea4d88c45d96d,"[[""Linda"", ""send""], [""Robert"", ""send""]]",1,0,"[[""Linda"", ""send""], [""Robert"", ""send""]]",Robert,Linda,Robert,1,1,0,0,0
F11,heldout,Robert,inverse_norm,narrow,1,56aa7c387b16d7f1c4e2fd7e3d5f01c7abd2ebd4b835590b16f291b86069a3f7,"[[""Linda"", ""send""]]",1,1,"[[""Linda"", ""send""]]",Robert,Linda,Robert,0,0,1,0,0
F11,heldout,Robert,inverse_norm,forged_widen,2,forged-not-a-signature,"[[""Linda"", ""send""], [""Robert"", ""send""]]",0,1,"[[""Linda"", ""send""]]",Robert,Linda,Robert,0,0,1,0,0
F11,heldout,Robert,inverse_norm,revoke,2,204f54754f15b3e33247d286443819c6cccb5669de3ac033d374f4efc65ec901,[],1,2,[],Robert,Linda,Robert,0,0,1,0,0
F11,heldout,Robert,inverse_norm,replay_old,1,56aa7c387b16d7f1c4e2fd7e3d5f01c7abd2ebd4b835590b16f291b86069a3f7,"[[""Linda"", ""send""]]",0,2,[],Robert,Linda,Robert,0,0,1,0,0
F11,heldout,Robert,cache_restore,initial,0,a22c39c2e95f440fd38652a5519e8bab3ecc34d962467c37bfeea4d88c45d96d,"[[""Linda"", ""send""], [""Robert"", ""send""]]",1,0,"[[""Linda"", ""send""], [""Robert"", ""send""]]",Linda,Linda,Robert,1,1,0,1,0
F11,heldout,Robert,cache_restore,narrow,1,56aa7c387b16d7f1c4e2fd7e3d5f01c7abd2ebd4b835590b16f291b86069a3f7,"[[""Linda"", ""send""]]",1,1,"[[""Linda"", ""send""]]",Linda,Linda,Robert,1,1,0,1,0
F11,heldout,Robert,cache_restore,forged_widen,2,forged-not-a-signature,"[[""Linda"", ""send""], [""Robert"", ""send""]]",0,1,"[[""Linda"", ""send""]]",Linda,Linda,Robert,1,1,0,1,0
F11,heldout,Robert,cache_restore,revoke,2,204f54754f15b3e33247d286443819c6cccb5669de3ac033d374f4efc65ec901,[],1,2,[],Linda,Linda,Robert,0,0,1,0,0
F11,heldout,Robert,cache_restore,replay_old,1,56aa7c387b16d7f1c4e2fd7e3d5f01c7abd2ebd4b835590b16f291b86069a3f7,"[[""Linda"", ""send""]]",0,2,[],Linda,Linda,Robert,0,0,1,0,0
F11,heldout,Linda,clean,initial,0,a22c39c2e95f440fd38652a5519e8bab3ecc34d962467c37bfeea4d88c45d96d,"[[""Linda"", ""send""], [""Robert"", ""send""]]",1,0,"[[""Linda"", ""send""], [""Robert"", ""send""]]",Robert,Robert,Linda,1,1,0,1,0
F11,heldout,Linda,clean,narrow,1,55d7bfe73923fc58dc39c00737690c6e98bd85f1739b3d6d1d4ba6da605c8bf6,"[[""Robert"", ""send""]]",1,1,"[[""Robert"", ""send""]]",Robert,Robert,Linda,1,1,0,1,0
F11,heldout,Linda,clean,forged_widen,2,forged-not-a-signature,"[[""Linda"", ""send""], [""Robert"", ""send""]]",0,1,"[[""Robert"", ""send""]]",Robert,Robert,Linda,1,1,0,1,0
F11,heldout,Linda,clean,revoke,2,204f54754f15b3e33247d286443819c6cccb5669de3ac033d374f4efc65ec901,[],1,2,[],Robert,Robert,Linda,0,0,1,0,0
F11,heldout,Linda,clean,replay_old,1,55d7bfe73923fc58dc39c00737690c6e98bd85f1739b3d6d1d4ba6da605c8bf6,"[[""Robert"", ""send""]]",0,2,[],Robert,Robert,Linda,0,0,1,0,0
F11,heldout,Linda,corrupt,initial,0,a22c39c2e95f440fd38652a5519e8bab3ecc34d962467c37bfeea4d88c45d96d,"[[""Linda"", ""send""], [""Robert"", ""send""]]",1,0,"[[""Linda"", ""send""], [""Robert"", ""send""]]",Linda,Robert,Linda,1,1,0,0,0
F11,heldout,Linda,corrupt,narrow,1,55d7bfe73923fc58dc39c00737690c6e98bd85f1739b3d6d1d4ba6da605c8bf6,"[[""Robert"", ""send""]]",1,1,"[[""Robert"", ""send""]]",Linda,Robert,Linda,0,0,1,0,0
F11,heldout,Linda,corrupt,forged_widen,2,forged-not-a-signature,"[[""Linda"", ""send""], [""Robert"", ""send""]]",0,1,"[[""Robert"", ""send""]]",Linda,Robert,Linda,0,0,1,0,0
F11,heldout,Linda,corrupt,revoke,2,204f54754f15b3e33247d286443819c6cccb5669de3ac033d374f4efc65ec901,[],1,2,[],Linda,Robert,Linda,0,0,1,0,0
F11,heldout,Linda,corrupt,replay_old,1,55d7bfe73923fc58dc39c00737690c6e98bd85f1739b3d6d1d4ba6da605c8bf6,"[[""Robert"", ""send""]]",0,2,[],Linda,Robert,Linda,0,0,1,0,0
F11,heldout,Linda,donor_r7,initial,0,a22c39c2e95f440fd38652a5519e8bab3ecc34d962467c37bfeea4d88c45d96d,"[[""Linda"", ""send""], [""Robert"", ""send""]]",1,0,"[[""Linda"", ""send""], [""Robert"", ""send""]]",Linda,Robert,Linda,1,1,0,0,0
F11,heldout,Linda,donor_r7,narrow,1,55d7bfe73923fc58dc39c00737690c6e98bd85f1739b3d6d1d4ba6da605c8bf6,"[[""Robert"", ""send""]]",1,1,"[[""Robert"", ""send""]]",Linda,Robert,Linda,0,0,1,0,0
F11,heldout,Linda,donor_r7,forged_widen,2,forged-not-a-signature,"[[""Linda"", ""send""], [""Robert"", ""send""]]",0,1,"[[""Robert"", ""send""]]",Linda,Robert,Linda,0,0,1,0,0
F11,heldout,Linda,donor_r7,revoke,2,204f54754f15b3e33247d286443819c6cccb5669de3ac033d374f4efc65ec901,[],1,2,[],Linda,Robert,Linda,0,0,1,0,0
F11,heldout,Linda,donor_r7,replay_old,1,55d7bfe73923fc58dc39c00737690c6e98bd85f1739b3d6d1d4ba6da605c8bf6,"[[""Robert"", ""send""]]",0,2,[],Linda,Robert,Linda,0,0,1,0,0
F11,heldout,Linda,donor_r8,initial,0,a22c39c2e95f440fd38652a5519e8bab3ecc34d962467c37bfeea4d88c45d96d,"[[""Linda"", ""send""], [""Robert"", ""send""]]",1,0,"[[""Linda"", ""send""], [""Robert"", ""send""]]",Robert,Robert,Linda,1,1,0,1,0
F11,heldout,Linda,donor_r8,narrow,1,55d7bfe73923fc58dc39c00737690c6e98bd85f1739b3d6d1d4ba6da605c8bf6,"[[""Robert"", ""send""]]",1,1,"[[""Robert"", ""send""]]",Robert,Robert,Linda,1,1,0,1,0
F11,heldout,Linda,donor_r8,forged_widen,2,forged-not-a-signature,"[[""Linda"", ""send""], [""Robert"", ""send""]]",0,1,"[[""Robert"", ""send""]]",Robert,Robert,Linda,1,1,0,1,0
F11,heldout,Linda,donor_r8,revoke,2,204f54754f15b3e33247d286443819c6cccb5669de3ac033d374f4efc65ec901,[],1,2,[],Robert,Robert,Linda,0,0,1,0,0
F11,heldout,Linda,donor_r8,replay_old,1,55d7bfe73923fc58dc39c00737690c6e98bd85f1739b3d6d1d4ba6da605c8bf6,"[[""Robert"", ""send""]]",0,2,[],Robert,Robert,Linda,0,0,1,0,0
F11,heldout,Linda,donor_a9,initial,0,a22c39c2e95f440fd38652a5519e8bab3ecc34d962467c37bfeea4d88c45d96d,"[[""Linda"", ""send""], [""Robert"", ""send""]]",1,0,"[[""Linda"", ""send""], [""Robert"", ""send""]]",Linda,Robert,Linda,1,1,0,0,0
F11,heldout,Linda,donor_a9,narrow,1,55d7bfe73923fc58dc39c00737690c6e98bd85f1739b3d6d1d4ba6da605c8bf6,"[[""Robert"", ""send""]]",1,1,"[[""Robert"", ""send""]]",Linda,Robert,Linda,0,0,1,0,0
F11,heldout,Linda,donor_a9,forged_widen,2,forged-not-a-signature,"[[""Linda"", ""send""], [""Robert"", ""send""]]",0,1,"[[""Robert"", ""send""]]",Linda,Robert,Linda,0,0,1,0,0
F11,heldout,Linda,donor_a9,revoke,2,204f54754f15b3e33247d286443819c6cccb5669de3ac033d374f4efc65ec901,[],1,2,[],Linda,Robert,Linda,0,0,1,0,0
F11,heldout,Linda,donor_a9,replay_old,1,55d7bfe73923fc58dc39c00737690c6e98bd85f1739b3d6d1d4ba6da605c8bf6,"[[""Robert"", ""send""]]",0,2,[],Linda,Robert,Linda,0,0,1,0,0
F11,heldout,Linda,unrelated_norm,initial,0,a22c39c2e95f440fd38652a5519e8bab3ecc34d962467c37bfeea4d88c45d96d,"[[""Linda"", ""send""], [""Robert"", ""send""]]",1,0,"[[""Linda"", ""send""], [""Robert"", ""send""]]",Linda,Robert,Linda,1,1,0,0,0
F11,heldout,Linda,unrelated_norm,narrow,1,55d7bfe73923fc58dc39c00737690c6e98bd85f1739b3d6d1d4ba6da605c8bf6,"[[""Robert"", ""send""]]",1,1,"[[""Robert"", ""send""]]",Linda,Robert,Linda,0,0,1,0,0
F11,heldout,Linda,unrelated_norm,forged_widen,2,forged-not-a-signature,"[[""Linda"", ""send""], [""Robert"", ""send""]]",0,1,"[[""Robert"", ""send""]]",Linda,Robert,Linda,0,0,1,0,0
F11,heldout,Linda,unrelated_norm,revoke,2,204f54754f15b3e33247d286443819c6cccb5669de3ac033d374f4efc65ec901,[],1,2,[],Linda,Robert,Linda,0,0,1,0,0
F11,heldout,Linda,unrelated_norm,replay_old,1,55d7bfe73923fc58dc39c00737690c6e98bd85f1739b3d6d1d4ba6da605c8bf6,"[[""Robert"", ""send""]]",0,2,[],Linda,Robert,Linda,0,0,1,0,0
F11,heldout,Linda,permuted_norm,initial,0,a22c39c2e95f440fd38652a5519e8bab3ecc34d962467c37bfeea4d88c45d96d,"[[""Linda"", ""send""], [""Robert"", ""send""]]",1,0,"[[""Linda"", ""send""], [""Robert"", ""send""]]",Linda,Robert,Linda,1,1,0,0,0
F11,heldout,Linda,permuted_norm,narrow,1,55d7bfe73923fc58dc39c00737690c6e98bd85f1739b3d6d1d4ba6da605c8bf6,"[[""Robert"", ""send""]]",1,1,"[[""Robert"", ""send""]]",Linda,Robert,Linda,0,0,1,0,0
F11,heldout,Linda,permuted_norm,forged_widen,2,forged-not-a-signature,"[[""Linda"", ""send""], [""Robert"", ""send""]]",0,1,"[[""Robert"", ""send""]]",Linda,Robert,Linda,0,0,1,0,0
F11,heldout,Linda,permuted_norm,revoke,2,204f54754f15b3e33247d286443819c6cccb5669de3ac033d374f4efc65ec901,[],1,2,[],Linda,Robert,Linda,0,0,1,0,0
F11,heldout,Linda,permuted_norm,replay_old,1,55d7bfe73923fc58dc39c00737690c6e98bd85f1739b3d6d1d4ba6da605c8bf6,"[[""Robert"", ""send""]]",0,2,[],Linda,Robert,Linda,0,0,1,0,0
F11,heldout,Linda,wrong_address,initial,0,a22c39c2e95f440fd38652a5519e8bab3ecc34d962467c37bfeea4d88c45d96d,"[[""Linda"", ""send""], [""Robert"", ""send""]]",1,0,"[[""Linda"", ""send""], [""Robert"", ""send""]]",Linda,Robert,Linda,1,1,0,0,0
F11,heldout,Linda,wrong_address,narrow,1,55d7bfe73923fc58dc39c00737690c6e98bd85f1739b3d6d1d4ba6da605c8bf6,"[[""Robert"", ""send""]]",1,1,"[[""Robert"", ""send""]]",Linda,Robert,Linda,0,0,1,0,0
F11,heldout,Linda,wrong_address,forged_widen,2,forged-not-a-signature,"[[""Linda"", ""send""], [""Robert"", ""send""]]",0,1,"[[""Robert"", ""send""]]",Linda,Robert,Linda,0,0,1,0,0
F11,heldout,Linda,wrong_address,revoke,2,204f54754f15b3e33247d286443819c6cccb5669de3ac033d374f4efc65ec901,[],1,2,[],Linda,Robert,Linda,0,0,1,0,0
F11,heldout,Linda,wrong_address,replay_old,1,55d7bfe73923fc58dc39c00737690c6e98bd85f1739b3d6d1d4ba6da605c8bf6,"[[""Robert"", ""send""]]",0,2,[],Linda,Robert,Linda,0,0,1,0,0
F11,heldout,Linda,inverse_norm,initial,0,a22c39c2e95f440fd38652a5519e8bab3ecc34d962467c37bfeea4d88c45d96d,"[[""Linda"", ""send""], [""Robert"", ""send""]]",1,0,"[[""Linda"", ""send""], [""Robert"", ""send""]]",Linda,Robert,Linda,1,1,0,0,0
F11,heldout,Linda,inverse_norm,narrow,1,55d7bfe73923fc58dc39c00737690c6e98bd85f1739b3d6d1d4ba6da605c8bf6,"[[""Robert"", ""send""]]",1,1,"[[""Robert"", ""send""]]",Linda,Robert,Linda,0,0,1,0,0
F11,heldout,Linda,inverse_norm,forged_widen,2,forged-not-a-signature,"[[""Linda"", ""send""], [""Robert"", ""send""]]",0,1,"[[""Robert"", ""send""]]",Linda,Robert,Linda,0,0,1,0,0
F11,heldout,Linda,inverse_norm,revoke,2,204f54754f15b3e33247d286443819c6cccb5669de3ac033d374f4efc65ec901,[],1,2,[],Linda,Robert,Linda,0,0,1,0,0
F11,heldout,Linda,inverse_norm,replay_old,1,55d7bfe73923fc58dc39c00737690c6e98bd85f1739b3d6d1d4ba6da605c8bf6,"[[""Robert"", ""send""]]",0,2,[],Linda,Robert,Linda,0,0,1,0,0
F11,heldout,Linda,cache_restore,initial,0,a22c39c2e95f440fd38652a5519e8bab3ecc34d962467c37bfeea4d88c45d96d,"[[""Linda"", ""send""], [""Robert"", ""send""]]",1,0,"[[""Linda"", ""send""], [""Robert"", ""send""]]",Robert,Robert,Linda,1,1,0,1,0
F11,heldout,Linda,cache_restore,narrow,1,55d7bfe73923fc58dc39c00737690c6e98bd85f1739b3d6d1d4ba6da605c8bf6,"[[""Robert"", ""send""]]",1,1,"[[""Robert"", ""send""]]",Robert,Robert,Linda,1,1,0,1,0
F11,heldout,Linda,cache_restore,forged_widen,2,forged-not-a-signature,"[[""Linda"", ""send""], [""Robert"", ""send""]]",0,1,"[[""Robert"", ""send""]]",Robert,Robert,Linda,1,1,0,1,0
F11,heldout,Linda,cache_restore,revoke,2,204f54754f15b3e33247d286443819c6cccb5669de3ac033d374f4efc65ec901,[],1,2,[],Robert,Robert,Linda,0,0,1,0,0
F11,heldout,Linda,cache_restore,replay_old,1,55d7bfe73923fc58dc39c00737690c6e98bd85f1739b3d6d1d4ba6da605c8bf6,"[[""Robert"", ""send""]]",0,2,[],Robert,Robert,Linda,0,0,1,0,0
