compiled_row_ordinal,cell_type,compiled_response,compiled_count,candidate_led_group_count,candidate_led_group_ordinals,comparison,derived_response,complete_window_count,response_abs_difference,amplitude_agrees,count_agrees,candidate_mean_min,candidate_mean_max
0,pR7,0.013023343395614598,21.0,1,[2576],one_led_group,0.010850295353521515,22,0.002173048042093083,False,False,0.010850295353521515,0.010850295353521515
1,pR7,-0.0014911063936687628,21.0,1,[2577],one_led_group,-0.0023760675573696083,22,0.0008849611637008455,False,False,-0.0023760675573696083,-0.0023760675573696083
2,pR7,0.07843683463081659,43.0,1,[2578],one_led_group,0.08778722256806988,45,0.00935038793725329,False,False,0.08778722256806988,0.08778722256806988
3,pR7,0.09005569707848286,28.0,1,[2579],one_led_group,0.09753617195862849,29,0.007480474880145624,False,False,0.09753617195862849,0.09753617195862849
4,pR7,0.4718133841990601,14.0,1,[2581],one_led_group,0.4718133841990601,14,0.0,True,True,0.4718133841990601,0.4718133841990601
5,pR7,0.20032700475208204,18.0,1,[2582],one_led_group,0.20032700475208204,18,0.0,True,True,0.20032700475208204,0.20032700475208204
6,pR7,0.794748384784317,14.0,1,[2583],one_led_group,0.7947483847843169,14,1.1102230246251565e-16,True,True,0.7947483847843169,0.7947483847843169
7,pR7,0.322793589166437,26.0,1,[2584],one_led_group,0.3227935891664371,26,5.551115123125783e-17,True,True,0.3227935891664371,0.3227935891664371
8,pR7,-0.015313763874440958,8.0,1,[2585],one_led_group,-0.015313763874440958,8,0.0,True,True,-0.015313763874440958,-0.015313763874440958
9,pR7,0.6981879716174303,8.0,1,[2586],one_led_group,0.6981879716174304,8,1.1102230246251565e-16,True,True,0.6981879716174304,0.6981879716174304
10,pR7,0.10986846115509093,14.0,1,[2587],one_led_group,0.10986846115509094,14,1.3877787807814457e-17,True,True,0.10986846115509094,0.10986846115509094
11,pR7,0.22601514806067208,18.0,1,[2588],one_led_group,0.22601514806067208,18,0.0,True,True,0.22601514806067208,0.22601514806067208
12,pR7,0.0827232576026186,25.0,1,[2589],one_led_group,0.08928999977577799,26,0.00656674217315939,False,False,0.08928999977577799,0.08928999977577799
13,pR7,0.03380011140044268,22.0,1,[2590],one_led_group,0.04608293234533432,23,0.012282820944891637,False,False,0.04608293234533432,0.04608293234533432
14,pR7,0.23673657862126768,16.0,1,[2591],one_led_group,0.2367365786212677,16,2.7755575615628914e-17,True,True,0.2367365786212677,0.2367365786212677
15,pR7,0.22260229433092374,52.0,1,[2592],one_led_group,0.26262433029890403,55,0.04002203596798029,False,False,0.26262433029890403,0.26262433029890403
16,pR7,0.10351751303923286,31.0,1,[2593],one_led_group,0.10351751303923282,31,4.163336342344337e-17,True,True,0.10351751303923282,0.10351751303923282
17,pR7,0.15171287971821526,13.0,1,[2594],one_led_group,0.1517128797182153,13,2.7755575615628914e-17,True,True,0.1517128797182153,0.1517128797182153
18,pR7,0.10774235485182738,13.0,1,[2595],one_led_group,0.10774235485182741,13,2.7755575615628914e-17,True,True,0.10774235485182741,0.10774235485182741
19,pR7,0.11014899492240944,11.0,1,[2596],one_led_group,0.11014899492240944,11,0.0,True,True,0.11014899492240944,0.11014899492240944
20,pR7,0.0487713712731584,21.0,1,[2597],one_led_group,0.0534581197651311,23,0.004686748491972703,False,False,0.0534581197651311,0.0534581197651311
21,pR7,0.46291556220229885,10.0,1,[2598],one_led_group,0.462915562202299,10,1.6653345369377348e-16,True,True,0.462915562202299,0.462915562202299
22,pR7,0.08620424128133165,32.0,1,[2599],one_led_group,0.08620424128133167,32,1.3877787807814457e-17,True,True,0.08620424128133167,0.08620424128133167
23,pR7,0.10555012103472992,24.0,1,[2600],one_led_group,0.1840485852576101,27,0.07849846422288016,False,False,0.1840485852576101,0.1840485852576101
24,pR7,0.6703886799675827,34.0,1,[2601],one_led_group,0.674122419124025,36,0.0037337391564423728,False,False,0.674122419124025,0.674122419124025
25,pR7,0.5970674390347291,109.0,1,[2602],one_led_group,0.5579772591761596,112,0.03909017985856955,False,False,0.5579772591761596,0.5579772591761596
26,pR7,0.4456271512236897,23.0,1,[2603],one_led_group,0.49301354832661287,24,0.047386397102923195,False,False,0.49301354832661287,0.49301354832661287
27,pR7,0.5014050264556386,7.0,1,[2604],one_led_group,0.346378352473137,8,0.15502667398250158,False,False,0.346378352473137,0.346378352473137
28,pR7,0.2261038291305054,31.0,1,[2605],one_led_group,0.2937326365684742,33,0.06762880743796881,False,False,0.2937326365684742,0.2937326365684742
29,pR7,0.3131626241305763,52.0,1,[2606],one_led_group,0.31316262413057633,52,5.551115123125783e-17,True,True,0.31316262413057633,0.31316262413057633
30,pR7,0.1316454628587212,22.0,1,[2607],one_led_group,0.13164546285872122,22,2.7755575615628914e-17,True,True,0.13164546285872122,0.13164546285872122
31,pR7,-0.023675282294917575,11.0,1,[2610],one_led_group,-0.023767863899170835,13,9.258160425325984e-05,False,False,-0.023767863899170835,-0.023767863899170835
32,pR7,0.006175295620817275,13.0,1,[2611],one_led_group,0.006175295620817278,13,2.6020852139652106e-18,True,True,0.006175295620817278,0.006175295620817278
33,pR7,0.11585775791111554,5.0,1,[2612],one_led_group,0.11585775791111555,5,1.3877787807814457e-17,True,True,0.11585775791111555,0.11585775791111555
34,pR7,0.7256774453053503,45.0,1,[2613],one_led_group,0.7256774453053502,45,1.1102230246251565e-16,True,True,0.7256774453053502,0.7256774453053502
35,pR7,0.46315201949604695,24.0,1,[2614],one_led_group,0.46315201949604684,24,1.1102230246251565e-16,True,True,0.46315201949604684,0.46315201949604684
36,pR7,0.11414146440777971,59.0,1,[2615],one_led_group,0.15928975901119358,61,0.045148294603413866,False,False,0.15928975901119358,0.15928975901119358
37,pR7,0.30055152218210485,15.0,1,[2616],one_led_group,0.3739378462090762,17,0.07338632402697137,False,False,0.3739378462090762,0.3739378462090762
38,pR7,0.5267138549189075,52.0,1,[2617],one_led_group,0.5027816715412998,53,0.02393218337760772,False,False,0.5027816715412998,0.5027816715412998
39,pR7,0.4650048289764955,11.0,1,[2618],one_led_group,0.5186225966466145,12,0.053617767670119,False,False,0.5186225966466145,0.5186225966466145
40,pR7,0.08731905435568058,7.0,1,[2619],one_led_group,0.0773791111190154,8,0.00993994323666518,False,False,0.0773791111190154,0.0773791111190154
41,pR7,0.03687201351260285,11.0,1,[2620],one_led_group,-0.0005710577888075052,12,0.037443071301410356,False,False,-0.0005710577888075052,-0.0005710577888075052
42,pR7,0.13486343263470252,17.0,1,[2621],one_led_group,0.2554026452425477,19,0.12053921260784517,False,False,0.2554026452425477,0.2554026452425477
43,pR7,0.15577308105470025,15.0,1,[2622],one_led_group,0.15577308105470025,15,0.0,True,True,0.15577308105470025,0.15577308105470025
44,pR7,0.7072209948034965,28.0,1,[2623],one_led_group,0.7072209948034965,28,0.0,True,True,0.7072209948034965,0.7072209948034965
45,pR7,0.5290336267281088,17.0,1,[2624],one_led_group,0.5290336267281087,17,1.1102230246251565e-16,True,True,0.5290336267281087,0.5290336267281087
46,pR7,0.7598940931065995,16.0,1,[2625],one_led_group,0.7598940931065995,16,0.0,True,True,0.7598940931065995,0.7598940931065995
47,pR7,0.6102112447974776,37.0,1,[2626],one_led_group,0.6102112447974776,37,0.0,True,True,0.6102112447974776,0.6102112447974776
48,pR7,0.7194725054319099,7.0,1,[2627],one_led_group,0.503268114013004,8,0.2162043914189059,False,False,0.503268114013004,0.503268114013004
49,pR7,0.6451446826644716,16.0,1,[2628],one_led_group,0.6451446826644716,16,0.0,True,True,0.6451446826644716,0.6451446826644716
50,pR7,0.11054200640081994,119.0,1,[2629],one_led_group,0.12649414817282734,122,0.01595214177200739,False,False,0.12649414817282734,0.12649414817282734
51,pR7,0.39942922468776576,17.0,1,[2630],one_led_group,0.39942922468776565,17,1.1102230246251565e-16,True,True,0.39942922468776565,0.39942922468776565
52,pR7,1.0587285495411194,45.0,1,[2631],one_led_group,1.0537219205760295,47,0.005006628965089854,False,False,1.0537219205760295,1.0537219205760295
53,pR7,0.599484885645932,25.0,1,[2632],one_led_group,0.5190656767530617,27,0.08041920889287035,False,False,0.5190656767530617,0.5190656767530617
54,pR7,0.9001946569315005,11.0,1,[2633],one_led_group,0.8822514298373144,12,0.017943227094186054,False,False,0.8822514298373144,0.8822514298373144
55,pR7,0.131705484278693,24.0,1,[2634],one_led_group,0.10525085867500719,26,0.026454625603685805,False,False,0.10525085867500719,0.10525085867500719
56,pR7,0.1724776978360594,18.0,1,[2635],one_led_group,0.1724776978360594,18,0.0,True,True,0.1724776978360594,0.1724776978360594
57,pR7,0.03627274325089943,20.0,1,[2636],one_led_group,0.07933806328337102,21,0.04306532003247159,False,False,0.07933806328337102,0.07933806328337102
58,pR7,-0.024374112075242937,14.0,1,[2637],one_led_group,-0.024374112075242944,14,6.938893903907228e-18,True,True,-0.024374112075242944,-0.024374112075242944
59,pR7,0.024171320301219452,32.0,1,[2638],one_led_group,0.024171320301219455,32,3.469446951953614e-18,True,True,0.024171320301219455,0.024171320301219455
60,pR7,0.003719953748004795,18.0,1,[2639],one_led_group,0.003719953748004797,18,1.734723475976807e-18,True,True,0.003719953748004797,0.003719953748004797
61,pR7,0.03820994622682462,33.0,1,[2640],one_led_group,0.06915974373236561,34,0.030949797505540985,False,False,0.06915974373236561,0.06915974373236561
62,pR7,0.016118698836632056,33.0,1,[2641],one_led_group,0.02673261102430851,34,0.010613912187676454,False,False,0.02673261102430851,0.02673261102430851
63,pR7,-0.004285680461188668,11.0,1,[2643],one_led_group,-0.00024378985851380695,12,0.004041890602674861,False,False,-0.00024378985851380695,-0.00024378985851380695
64,pR7,0.06259595219153248,11.0,1,[2644],one_led_group,0.06253303863317958,12,6.291355835290335e-05,False,False,0.06253303863317958,0.06253303863317958
65,pR7,0.08214799825635984,43.0,1,[2645],one_led_group,0.083479728774516,45,0.00133173051815616,False,False,0.083479728774516,0.083479728774516
66,pR7,0.6326382726626402,14.0,1,[2646],one_led_group,0.6326382726626402,14,0.0,True,True,0.6326382726626402,0.6326382726626402
67,pR7,0.023863775714494193,28.0,1,[2647],one_led_group,0.027685977848749724,29,0.0038222021342555305,False,False,0.027685977848749724,0.027685977848749724
68,pR7,0.33167747793942876,23.0,1,[2648],one_led_group,0.33167747793942864,23,1.1102230246251565e-16,True,True,0.33167747793942864,0.33167747793942864
69,pR7,0.23323274654698917,23.0,1,[2649],one_led_group,0.23323274654698917,23,0.0,True,True,0.23323274654698917,0.23323274654698917
70,pR7,0.2904100164665473,26.0,1,[2650],one_led_group,0.29041001646654735,26,5.551115123125783e-17,True,True,0.29041001646654735,0.29041001646654735
71,pR7,0.25756800962372883,46.0,1,[2651],one_led_group,0.29551992133406224,48,0.03795191171033341,False,False,0.29551992133406224,0.29551992133406224
72,pR7,0.12944612037167136,13.0,1,[2652],one_led_group,0.12944612037167136,13,0.0,True,True,0.12944612037167136,0.12944612037167136
73,pR7,0.12495803686470953,13.0,1,[2653],one_led_group,0.12495803686470956,13,2.7755575615628914e-17,True,True,0.12495803686470956,0.12495803686470956
74,pR7,0.20126891227220747,18.0,1,[2654],one_led_group,0.20126891227220745,18,2.7755575615628914e-17,True,True,0.20126891227220745,0.20126891227220745
75,pR7,0.8230576247116884,14.0,1,[2655],one_led_group,0.8230576247116883,14,1.1102230246251565e-16,True,True,0.8230576247116883,0.8230576247116883
76,pR7,0.11809224765316617,118.0,1,[2656],one_led_group,0.13281125089769022,121,0.014719003244524048,False,False,0.13281125089769022,0.13281125089769022
77,pR7,-0.028553900304387907,11.0,1,[2657],one_led_group,-0.037667627077730206,13,0.009113726773342299,False,False,-0.037667627077730206,-0.037667627077730206
78,pR7,0.04938078273918838,11.0,1,[2658],one_led_group,0.061165055262693495,13,0.011784272523505113,False,False,0.061165055262693495,0.061165055262693495
79,pR7,-0.009054000366395153,13.0,1,[2659],one_led_group,-0.009054000366395155,13,1.734723475976807e-18,True,True,-0.009054000366395155,-0.009054000366395155
80,pR7,0.0401518490712671,13.0,1,[2660],one_led_group,0.04015184907126709,13,6.938893903907228e-18,True,True,0.04015184907126709,0.04015184907126709
81,pR7,0.013265693121320697,29.0,1,[2661],one_led_group,0.02421788267261541,31,0.010952189551294714,False,False,0.02421788267261541,0.02421788267261541
82,pR7,0.0912637358476482,8.0,1,[2662],one_led_group,0.09126373584764819,8,1.3877787807814457e-17,True,True,0.09126373584764819,0.09126373584764819
83,pR7,0.03148992588090964,18.0,1,[2664],one_led_group,0.03148992588090963,18,6.938893903907228e-18,True,True,0.03148992588090963,0.03148992588090963
84,pR7,0.6984406089033526,8.0,1,[2665],one_led_group,0.6984406089033529,8,3.3306690738754696e-16,True,True,0.6984406089033529,0.6984406089033529
85,pR7,0.0003600577711988448,14.0,1,[2666],one_led_group,0.0003600577711988423,14,2.4936649967166602e-18,True,True,0.0003600577711988423,0.0003600577711988423
86,pR7,0.11841543484612659,31.0,1,[2667],one_led_group,0.11841543484612663,31,4.163336342344337e-17,True,True,0.11841543484612663,0.11841543484612663
87,pR7,0.17595126579710532,18.0,1,[2668],one_led_group,0.17595126579710532,18,0.0,True,True,0.17595126579710532,0.17595126579710532
88,pR7,0.09474838441257473,25.0,1,[2669],one_led_group,0.10382843628396442,26,0.009080051871389688,False,False,0.10382843628396442,0.10382843628396442
89,pR7,0.6646284587476395,143.0,1,[2670],one_led_group,0.6342567604541466,148,0.030371698293492955,False,False,0.6342567604541466,0.6342567604541466
90,pR7,0.15674511676804337,22.0,1,[2671],one_led_group,0.16611683924227627,23,0.009371722474232902,False,False,0.16611683924227627,0.16611683924227627
91,pR7,0.23280504906579158,51.0,1,[2672],one_led_group,0.2328050490657916,51,2.7755575615628914e-17,True,True,0.2328050490657916,0.2328050490657916
92,pR7,0.29871880402107404,83.0,1,[2673],one_led_group,0.3266741984109552,85,0.02795539438988115,False,False,0.3266741984109552,0.3266741984109552
93,pR7,0.2537398635704275,22.0,1,[2674],one_led_group,0.25373986357042744,22,5.551115123125783e-17,True,True,0.25373986357042744,0.25373986357042744
94,pR7,0.27238473603671803,31.0,1,[2675],one_led_group,0.27238473603671803,31,0.0,True,True,0.27238473603671803,0.27238473603671803
95,pR7,0.28496762990520114,31.0,1,[2676],one_led_group,0.28496762990520114,31,0.0,True,True,0.28496762990520114,0.28496762990520114
96,pR7,0.24876291808569556,48.0,1,[2677],one_led_group,0.26724425694787873,49,0.018481338862183172,False,False,0.26724425694787873,0.26724425694787873
97,pR7,0.2584200775386771,48.0,1,[2678],one_led_group,0.26947759232669055,49,0.011057514788013478,False,False,0.26947759232669055,0.26947759232669055
98,pR7,1.0091203549571557,26.0,1,[2679],one_led_group,1.009120354957156,26,2.220446049250313e-16,True,True,1.009120354957156,1.009120354957156
99,pR7,0.6172591653269119,105.0,1,[2680],one_led_group,0.6024684231552951,106,0.0147907421716168,False,False,0.6024684231552951,0.6024684231552951
100,pR7,0.22862974668930408,10.0,1,[2681],one_led_group,0.228629746689304,10,8.326672684688674e-17,True,True,0.228629746689304,0.228629746689304
101,pR7,0.20539283792380353,68.0,1,[2682],one_led_group,0.23384488940754056,71,0.02845205148373703,False,False,0.23384488940754056,0.23384488940754056
102,pR7,0.20418591674953954,17.0,1,[2683],one_led_group,0.31808000040208195,19,0.11389408365254242,False,False,0.31808000040208195,0.31808000040208195
103,pR7,0.08433222502208597,20.0,1,[2684],one_led_group,0.12572764997697566,21,0.041395424954889695,False,False,0.12572764997697566,0.12572764997697566
104,pR7,0.0932956491076817,20.0,1,[2685],one_led_group,0.12101343093415769,21,0.027717781826475982,False,False,0.12101343093415769,0.12101343093415769
105,pR7,0.0357101950401652,31.0,1,[2686],one_led_group,0.0357101950401652,31,0.0,True,True,0.0357101950401652,0.0357101950401652
106,pR7,0.2337793672042888,28.0,1,[2687],one_led_group,0.26826341525737557,30,0.034484048053086774,False,False,0.26826341525737557,0.26826341525737557
107,pR7,-0.009648906277747251,6.0,1,[2688],one_led_group,-0.00964890627774725,6,1.734723475976807e-18,True,True,-0.00964890627774725,-0.00964890627774725
108,pR7,-0.01367812294736624,6.0,1,[2689],one_led_group,-0.013678122947366233,6,6.938893903907228e-18,True,True,-0.013678122947366233,-0.013678122947366233
109,pR7,0.1358058877420323,31.0,1,[2690],one_led_group,0.13580588774203228,31,2.7755575615628914e-17,True,True,0.13580588774203228,0.13580588774203228
110,pR7,0.14280253879103186,13.0,1,[2691],one_led_group,0.14280253879103183,13,2.7755575615628914e-17,True,True,0.14280253879103183,0.14280253879103183
111,pR7,0.26477238444155304,13.0,1,[2692],one_led_group,0.264772384441553,13,5.551115123125783e-17,True,True,0.264772384441553,0.264772384441553
112,pR7,0.7759507661549678,45.0,1,[2693],one_led_group,0.7804723131754097,47,0.0045215470204418295,False,False,0.7804723131754097,0.7804723131754097
113,pR7,0.10287998456885382,13.0,1,[2694],one_led_group,0.10287998456885379,13,2.7755575615628914e-17,True,True,0.10287998456885379,0.10287998456885379
114,pR7,0.11708230177287712,11.0,1,[2695],one_led_group,0.11708230177287714,11,1.3877787807814457e-17,True,True,0.11708230177287714,0.11708230177287714
115,pR7,-0.020866788735710445,21.0,1,[2696],one_led_group,-0.02646762640695361,23,0.005600837671243166,False,False,-0.02646762640695361,-0.02646762640695361
116,pR7,0.07029796238739457,32.0,1,[2697],one_led_group,0.07029796238739457,32,0.0,True,True,0.07029796238739457,0.07029796238739457
117,pR7,0.4671793683409981,10.0,1,[2698],one_led_group,0.4671793683409981,10,0.0,True,True,0.4671793683409981,0.4671793683409981
118,pR7,0.369321010354466,25.0,1,[2699],one_led_group,0.30989280422748877,27,0.059428206126977245,False,False,0.30989280422748877,0.30989280422748877
119,pR7,0.23166668941770144,18.0,1,[2700],one_led_group,0.2316666894177014,18,2.7755575615628914e-17,True,True,0.2316666894177014,0.2316666894177014
120,pR7,0.12812952599753466,42.0,1,[2701],one_led_group,0.1225361335810379,44,0.005593392416496756,False,False,0.1225361335810379,0.1225361335810379
121,pR7,0.16303881563918451,13.0,1,[2702],one_led_group,0.16303881563918446,13,5.551115123125783e-17,True,True,0.16303881563918446,0.16303881563918446
122,pR7,0.08246375207206443,24.0,1,[2703],one_led_group,0.17322137850896893,27,0.0907576264369045,False,False,0.17322137850896893,0.17322137850896893
123,pR7,0.48452204725905457,49.0,1,[2704],one_led_group,0.511116136063884,51,0.026594088804829386,False,False,0.511116136063884,0.511116136063884
124,pR7,0.30493287951431824,28.0,1,[2705],one_led_group,0.35437541444869675,30,0.0494425349343785,False,False,0.35437541444869675,0.35437541444869675
125,pR7,-0.06511602880954674,20.0,1,[2706],one_led_group,-0.053547065426881944,21,0.011568963382664797,False,False,-0.053547065426881944,-0.053547065426881944
126,pR7,0.06021782289140554,31.0,1,[2707],one_led_group,0.06021782289140552,31,1.3877787807814457e-17,True,True,0.06021782289140552,0.06021782289140552
127,pR7,0.25423407192726893,16.0,1,[2708],one_led_group,0.254234071927269,16,5.551115123125783e-17,True,True,0.254234071927269,0.254234071927269
128,pR7,0.12193747374187529,17.0,1,[2709],one_led_group,0.12193747374187529,17,0.0,True,True,0.12193747374187529,0.12193747374187529
129,pR7,0.3200863951869732,18.0,1,[2710],one_led_group,0.3200863951869731,18,5.551115123125783e-17,True,True,0.3200863951869731,0.3200863951869731
130,pR7,0.45014129382464735,242.0,1,[2711],one_led_group,0.4447985281089648,249,0.00534276571568254,False,False,0.4447985281089648,0.4447985281089648
131,pR7,1.3532034644630833,35.0,1,[2712],one_led_group,1.334587212863073,37,0.018616251600010347,False,False,1.334587212863073,1.334587212863073
132,pR7,1.299961473567641,35.0,1,[2713],one_led_group,1.2794530767447836,37,0.020508396822857433,False,False,1.2794530767447836,1.2794530767447836
133,pR7,0.397293067290856,23.0,1,[2714],one_led_group,0.4301558446834757,24,0.03286277739261967,False,False,0.4301558446834757,0.4301558446834757
134,pR7,0.4750386989949104,7.0,1,[2715],one_led_group,0.304915279863058,8,0.17012341913185242,False,False,0.304915279863058,0.304915279863058
135,pR7,1.4306698560200195,98.0,1,[2716],one_led_group,1.3814780491192544,101,0.04919180690076508,False,False,1.3814780491192544,1.3814780491192544
136,pR7,1.4318017381382526,119.0,1,[2717],one_led_group,1.3989629190368373,122,0.032838819101415284,False,False,1.3989629190368373,1.3989629190368373
137,pR7,1.5590562972741826,21.0,1,[2718],one_led_group,1.5590562972741826,21,0.0,True,True,1.5590562972741826,1.5590562972741826
138,pR7,-0.002146140526061715,22.0,1,[2721],one_led_group,-0.0021461405260617167,22,1.734723475976807e-18,True,True,-0.0021461405260617167,-0.0021461405260617167
139,pR7,-0.015167349507173791,18.0,1,[2722],one_led_group,-0.015167349507173787,18,3.469446951953614e-18,True,True,-0.015167349507173787,-0.015167349507173787
140,pR7,0.01029403371086075,4.0,1,[2723],one_led_group,0.010294033710860753,4,3.469446951953614e-18,True,True,0.010294033710860753,0.010294033710860753
141,pR7,0.48714723868495063,67.0,1,[2724],one_led_group,0.4888804102852549,70,0.001733171600304284,False,False,0.4888804102852549,0.4888804102852549
142,pR7,0.5083943813445342,11.0,1,[2725],one_led_group,0.5502039441988843,12,0.04180956285435011,False,False,0.5502039441988843,0.5502039441988843
143,pR7,0.09419830110636648,7.0,1,[2726],one_led_group,0.10297801707028958,8,0.008779715963923101,False,False,0.10297801707028958,0.10297801707028958
144,pR7,0.41837011367439997,25.0,1,[2727],one_led_group,0.46325571069838634,27,0.04488559702398637,False,False,0.46325571069838634,0.46325571069838634
145,pR7,0.5080724568268364,18.0,1,[2728],one_led_group,0.5080724568268364,18,0.0,True,True,0.5080724568268364,0.5080724568268364
146,pR7,0.3561387555506325,11.0,1,[2729],one_led_group,0.2042939197150394,13,0.1518448358355931,False,False,0.2042939197150394,0.2042939197150394
147,pR7,0.9245833499757332,32.0,1,[2730],one_led_group,0.9245833499757332,32,0.0,True,True,0.9245833499757332,0.9245833499757332
148,pR7,0.06394503283757405,11.0,1,[2731],one_led_group,0.1843926903972189,15,0.12044765755964484,False,False,0.1843926903972189,0.1843926903972189
149,pR7,0.09395750809480455,118.0,1,[2732],one_led_group,0.09136853502197416,119,0.002588973072830389,False,False,0.09136853502197416,0.09136853502197416
150,pR7,-0.115371934974615,25.0,1,[2733],one_led_group,-0.10487005740415116,26,0.010501877570463836,False,False,-0.10487005740415116,-0.10487005740415116
151,pR7,0.1364140265243373,10.0,1,[2734],one_led_group,0.13641402652433737,10,8.326672684688674e-17,True,True,0.13641402652433737,0.13641402652433737
152,pR7,0.9419208458253829,26.0,1,[2735],one_led_group,0.9419208458253833,26,3.3306690738754696e-16,True,True,0.9419208458253833,0.9419208458253833
153,pR7,0.07143424117800498,11.0,1,[2736],one_led_group,0.07637923338628122,13,0.004944992208276239,False,False,0.07637923338628122,0.07637923338628122
154,pR7,0.07346439236678494,11.0,1,[2737],one_led_group,0.028062940884366963,13,0.045401451482417976,False,False,0.028062940884366963,0.028062940884366963
155,pR7,0.10960633137278115,22.0,1,[2738],one_led_group,0.13193410770881717,23,0.022327776336036012,False,False,0.13193410770881717,0.13193410770881717
156,pR7,0.03908813186426659,22.0,1,[2739],one_led_group,0.09689857261866777,23,0.057810440754401185,False,False,0.09689857261866777,0.09689857261866777
157,pR7,0.29825722566472906,24.0,1,[2740],one_led_group,0.298257225664729,24,5.551115123125783e-17,True,True,0.298257225664729,0.298257225664729
158,pR7,0.08798243142107288,95.0,1,[2741],one_led_group,0.08798243142107284,95,4.163336342344337e-17,True,True,0.08798243142107284,0.08798243142107284
159,pR7,0.06656042309315978,11.0,1,[2742],one_led_group,0.0652809880478606,13,0.0012794350452991765,False,False,0.0652809880478606,0.0652809880478606
160,pR7,0.04217240615138109,13.0,1,[2743],one_led_group,0.0421724061513811,13,6.938893903907228e-18,True,True,0.0421724061513811,0.0421724061513811
161,pR7,0.13519213769827038,11.0,1,[2744],one_led_group,0.1351921376982704,11,2.7755575615628914e-17,True,True,0.1351921376982704,0.1351921376982704
162,pR7,0.38309494674310823,11.0,1,[2745],one_led_group,0.2197139143606903,13,0.16338103238241794,False,False,0.2197139143606903,0.2197139143606903
163,pR7,0.05050322206166215,7.0,1,[2746],one_led_group,0.029080371198013884,8,0.021422850863648264,False,False,0.029080371198013884,0.029080371198013884
164,pR7,0.0212659277092482,18.0,1,[2747],one_led_group,0.021265927709248195,18,3.469446951953614e-18,True,True,0.021265927709248195,0.021265927709248195
165,pR7,9.966081695981222e-05,18.0,1,[2748],one_led_group,9.966081695981179e-05,18,4.336808689942018e-19,True,True,9.966081695981179e-05,9.966081695981179e-05
166,pR7,0.12652538764565283,5.0,1,[2749],one_led_group,0.12652538764565283,5,0.0,True,True,0.12652538764565283,0.12652538764565283
167,pR7,0.2539632801089767,49.0,1,[2750],one_led_group,0.2892733170555427,51,0.03531003694656604,False,False,0.2892733170555427,0.2892733170555427
168,pR7,0.15723311404147108,17.0,1,[2751],one_led_group,0.1572331140414711,17,2.7755575615628914e-17,True,True,0.1572331140414711,0.1572331140414711
169,pR7,0.7870579689737356,32.0,1,[2752],one_led_group,0.7870579689737356,32,0.0,True,True,0.7870579689737356,0.7870579689737356
170,pR7,0.8199801433865251,45.0,1,[2753],one_led_group,0.8199801433865251,45,0.0,True,True,0.8199801433865251,0.8199801433865251
171,pR7,0.25124626826546476,46.0,1,[2754],one_led_group,0.2878145820535866,48,0.036568313788121865,False,False,0.2878145820535866,0.2878145820535866
172,pR7,0.2600701812828087,18.0,1,[2755],one_led_group,0.2600701812828087,18,0.0,True,True,0.2600701812828087,0.2600701812828087
173,pR7,0.3671535681321603,11.0,1,[2756],one_led_group,0.21535676593478306,13,0.15179680219737726,False,False,0.21535676593478306,0.21535676593478306
174,pR7,0.13296620684868427,13.0,1,[2757],one_led_group,0.13296620684868424,13,2.7755575615628914e-17,True,True,0.13296620684868424,0.13296620684868424
175,pR7,0.3103906930595744,11.0,1,[2758],one_led_group,0.31039069305957445,11,5.551115123125783e-17,True,True,0.31039069305957445,0.31039069305957445
176,pR7,0.17661763488725285,59.0,1,[2759],one_led_group,0.21348152486965305,61,0.0368638899824002,False,False,0.21348152486965305,0.21348152486965305
177,pR7,0.14279467478397181,25.0,1,[2760],one_led_group,0.12982015079883302,27,0.012974523985138792,False,False,0.12982015079883302,0.12982015079883302
178,pR7,0.18955233138583655,24.0,1,[2761],one_led_group,0.18955233138583658,24,2.7755575615628914e-17,True,True,0.18955233138583658,0.18955233138583658
179,pR7,0.015787281881240827,13.0,1,[2762],one_led_group,0.01578728188124083,13,3.469446951953614e-18,True,True,0.01578728188124083,0.01578728188124083
180,pR7,0.014464928699278401,14.0,1,[2763],one_led_group,0.014464928699278401,14,0.0,True,True,0.014464928699278401,0.014464928699278401
181,pR7,0.051201310829944856,15.0,1,[2764],one_led_group,0.05120131082994487,15,1.3877787807814457e-17,True,True,0.05120131082994487,0.05120131082994487
182,pR7,0.07766491723993504,15.0,1,[2765],one_led_group,0.07766491723993506,15,1.3877787807814457e-17,True,True,0.07766491723993506,0.07766491723993506
183,pR7,0.1559658259987365,48.0,1,[2766],one_led_group,0.1583586312126726,49,0.002392805213936089,False,False,0.1583586312126726,0.1583586312126726
184,pR7,1.5310047700356246,11.0,1,[2767],one_led_group,1.0696540789932139,13,0.4613506910424108,False,False,1.0696540789932139,1.0696540789932139
185,pR7,1.5277889659165989,11.0,1,[2768],one_led_group,1.0568969333247413,13,0.4708920325918575,False,False,1.0568969333247413,1.0568969333247413
186,pR7,0.1025171384803797,129.0,1,[2769],one_led_group,0.1162174518679433,134,0.013700313387563598,False,False,0.1162174518679433,0.1162174518679433
187,pR7,0.12767808976676095,25.0,1,[2770],one_led_group,0.133370706666233,26,0.005692616899472036,False,False,0.133370706666233,0.133370706666233
188,pR7,0.397622508629421,20.0,1,[2771],one_led_group,0.397622508629421,20,0.0,True,True,0.397622508629421,0.397622508629421
189,pR7,0.040913366259882906,27.0,1,[2772],one_led_group,0.0409133662598829,27,6.938893903907228e-18,True,True,0.0409133662598829,0.0409133662598829
190,pR7,0.15101647647547717,48.0,1,[2773],one_led_group,0.15189627269388883,49,0.0008797962184116659,False,False,0.15189627269388883,0.15189627269388883
191,pR7,0.11503892918902607,11.0,1,[2774],one_led_group,0.08005708957206005,12,0.03498183961696602,False,False,0.08005708957206005,0.08005708957206005
192,pR7,0.055591794274820715,17.0,1,[2775],one_led_group,0.05559179427482071,17,6.938893903907228e-18,True,True,0.05559179427482071,0.05559179427482071
193,pR7,0.15560508806927034,13.0,1,[2776],one_led_group,0.15560508806927037,13,2.7755575615628914e-17,True,True,0.15560508806927037,0.15560508806927037
194,pR7,0.1584604270390479,13.0,1,[2777],one_led_group,0.15846042703904784,13,5.551115123125783e-17,True,True,0.15846042703904784,0.15846042703904784
195,pR7,0.049134349578454854,26.0,1,[2778],one_led_group,0.08097671061665003,28,0.031842361038195176,False,False,0.08097671061665003,0.08097671061665003
196,pR7,0.07974838742170641,26.0,1,[2779],one_led_group,0.10612456402866956,28,0.026376176606963148,False,False,0.10612456402866956,0.10612456402866956
197,pR7,1.3238220261882312,20.0,1,[2780],one_led_group,1.3251009251364434,21,0.0012788989482122037,False,False,1.3251009251364434,1.3251009251364434
198,pR7,1.3228225696469857,20.0,1,[2781],one_led_group,1.285907398798774,21,0.03691517084821183,False,False,1.285907398798774,1.285907398798774
199,pR7,0.1120667374824819,17.0,1,[2782],one_led_group,0.11206673748248192,17,1.3877787807814457e-17,True,True,0.11206673748248192,0.11206673748248192
200,pR7,1.432152379509563,24.0,1,[2783],one_led_group,1.201306879439234,26,0.2308455000703289,False,False,1.201306879439234,1.201306879439234
201,pR7,1.414162650444636,24.0,1,[2784],one_led_group,1.1833301037403483,26,0.23083254670428777,False,False,1.1833301037403483,1.1833301037403483
202,pR7,0.35973024304443235,18.0,1,[2785],one_led_group,0.35973024304443235,18,0.0,True,True,0.35973024304443235,0.35973024304443235
203,pR7,1.486306490181192,25.0,1,[2786],one_led_group,1.4863064901811922,25,2.220446049250313e-16,True,True,1.4863064901811922,1.4863064901811922
204,pR7,1.3165820250929954,25.0,1,[2787],one_led_group,1.3165820250929954,25,0.0,True,True,1.3165820250929954,1.3165820250929954
205,pR7,0.6610976712611306,29.0,1,[2788],one_led_group,0.5579653905191747,31,0.1031322807419559,False,False,0.5579653905191747,0.5579653905191747
206,pR7,0.7706468393864789,10.0,1,[2789],one_led_group,0.7706468393864789,10,0.0,True,True,0.7706468393864789,0.7706468393864789
207,pR7,1.5081801386149345,18.0,1,[2790],one_led_group,1.5081801386149347,18,2.220446049250313e-16,True,True,1.5081801386149347,1.5081801386149347
208,pR7,1.5595699553606561,18.0,1,[2791],one_led_group,1.5595699553606561,18,0.0,True,True,1.5595699553606561,1.5595699553606561
209,pR7,0.11319776729687396,29.0,1,[2792],one_led_group,0.10157018192021502,31,0.011627585376658936,False,False,0.10157018192021502,0.10157018192021502
210,pR7,0.5893978696787618,25.0,1,[2793],one_led_group,0.6058049595122824,27,0.01640708983352057,False,False,0.6058049595122824,0.6058049595122824
211,pR7,0.23114288755712478,18.0,1,[2794],one_led_group,0.2311428875571248,18,2.7755575615628914e-17,True,True,0.2311428875571248,0.2311428875571248
212,pR7,0.237697592813609,7.0,1,[2795],one_led_group,0.17660350118893148,8,0.06109409162467752,False,False,0.17660350118893148,0.17660350118893148
213,pR7,0.16004919219775654,53.0,1,[2796],one_led_group,0.18795865612343696,55,0.027909463925680417,False,False,0.18795865612343696,0.18795865612343696
214,pR7,0.13898103843521994,77.0,1,[2797],one_led_group,0.13886156854454101,80,0.00011946989067893043,False,False,0.13886156854454101,0.13886156854454101
215,pR7,0.09567221924411308,143.0,1,[2798],one_led_group,0.10362410915797073,148,0.007951889913857646,False,False,0.10362410915797073,0.10362410915797073
216,pR7,0.09548498861582923,13.0,1,[2799],one_led_group,0.0954849886158292,13,2.7755575615628914e-17,True,True,0.0954849886158292,0.0954849886158292
217,pR7,0.928333407703524,10.0,1,[2800],one_led_group,0.928333407703524,10,0.0,True,True,0.928333407703524,0.928333407703524
218,pR7,0.24572913009461503,32.0,1,[2801],one_led_group,0.24572913009461506,32,2.7755575615628914e-17,True,True,0.24572913009461506,0.24572913009461506
219,pR7,0.14889248559901627,32.0,1,[2802],one_led_group,0.14889248559901633,32,5.551115123125783e-17,True,True,0.14889248559901633,0.14889248559901633
220,pR7,0.23576297804409574,37.0,1,[2803],one_led_group,0.2416668619638043,38,0.005903883919708558,False,False,0.2416668619638043,0.2416668619638043
221,pR7,0.25804974010117493,37.0,1,[2804],one_led_group,0.26996015368793386,38,0.011910413586758928,False,False,0.26996015368793386,0.26996015368793386
222,pR7,0.1441253978297614,15.0,1,[2805],one_led_group,0.14412539782976141,15,2.7755575615628914e-17,True,True,0.14412539782976141,0.14412539782976141
223,pR7,0.07299430853429342,25.0,1,[2806],one_led_group,0.07929020372511575,26,0.006295895190822326,False,False,0.07929020372511575,0.07929020372511575
224,pR7,0.11834186794693337,61.0,1,[2807],one_led_group,0.11834186794693344,61,6.938893903907228e-17,True,True,0.11834186794693344,0.11834186794693344
225,pR7,1.2522967032475998,75.0,1,[2808],one_led_group,1.2323178935928114,77,0.019978809654788376,False,False,1.2323178935928114,1.2323178935928114
226,pR7,0.6565697038791204,11.0,1,[2809],one_led_group,0.6072162406030229,12,0.049353463276097465,False,False,0.6072162406030229,0.6072162406030229
227,pR7,0.17336728622930594,95.0,1,[2810],one_led_group,0.17336728622930592,95,2.7755575615628914e-17,True,True,0.17336728622930592,0.17336728622930592
228,pR7,1.3968709497112977,43.0,1,[2815],one_led_group,1.2728034128953734,45,0.1240675368159243,False,False,1.2728034128953734,1.2728034128953734
229,pR7,0.14864692412656286,13.0,1,[2816],one_led_group,0.14864692412656288,13,2.7755575615628914e-17,True,True,0.14864692412656288,0.14864692412656288
230,pR7,0.17794774510796169,31.0,1,[2817],one_led_group,0.17794774510796169,31,0.0,True,True,0.17794774510796169,0.17794774510796169
231,pR7,1.2080589960284573,32.0,1,[2818],one_led_group,1.208058996028457,32,4.440892098500626e-16,True,True,1.208058996028457,1.208058996028457
232,pR7,1.348407245259369,28.0,1,[2819],one_led_group,1.3484072452593694,28,4.440892098500626e-16,True,True,1.3484072452593694,1.3484072452593694
233,pR7,1.0597708759012383,13.0,1,[2820],one_led_group,1.059770875901238,13,2.220446049250313e-16,True,True,1.059770875901238,1.059770875901238
234,pR7,1.2357070498154648,32.0,1,[2821],one_led_group,1.2357070498154645,32,2.220446049250313e-16,True,True,1.2357070498154645,1.2357070498154645
235,pR7,0.2592754053887163,86.0,1,[2822],one_led_group,0.2538188008463725,87,0.0054566045423438125,False,False,0.2538188008463725,0.2538188008463725
236,pR7,1.47703102318596,43.0,1,[2823],one_led_group,1.3512017055723304,45,0.1258293176136296,False,False,1.3512017055723304,1.3512017055723304
237,pR7,0.43009533853040144,119.0,1,[2824],one_led_group,0.43313169303899335,122,0.0030363545085919097,False,False,0.43313169303899335,0.43313169303899335
238,pR7,1.1282346859060204,16.0,1,[2825],one_led_group,1.1282346859060204,16,0.0,True,True,1.1282346859060204,1.1282346859060204
239,pR7,1.3951162661207808,22.0,1,[2826],one_led_group,1.4013139221840891,23,0.006197656063308354,False,False,1.4013139221840891,1.4013139221840891
240,pR7,1.1100827153165993,31.0,1,[2827],one_led_group,1.1100827153165993,31,0.0,True,True,1.1100827153165993,1.1100827153165993
241,pR7,1.2937682114075326,22.0,1,[2828],one_led_group,1.2984643745123876,23,0.004696163104854989,False,False,1.2984643745123876,1.2984643745123876
242,pR7,1.3932433102516384,28.0,1,[2829],one_led_group,1.3932433102516388,28,4.440892098500626e-16,True,True,1.3932433102516388,1.3932433102516388
243,pR7,0.8329347284705094,20.0,1,[2830],one_led_group,0.8329347284705092,20,2.220446049250313e-16,True,True,0.8329347284705092,0.8329347284705092
244,pR7,1.1305219601153595,13.0,1,[2831],one_led_group,1.1305219601153598,13,2.220446049250313e-16,True,True,1.1305219601153598,1.1305219601153598
245,pR7,0.7742240232689408,18.0,1,[2832],one_led_group,0.7742240232689408,18,0.0,True,True,0.7742240232689408,0.7742240232689408
246,pR7,0.83520712579473,35.0,1,[2833],one_led_group,0.8352071257947301,35,1.1102230246251565e-16,True,True,0.8352071257947301,0.8352071257947301
247,pR7,0.7838500564415957,38.0,1,[2834],one_led_group,0.7384570519898386,39,0.04539300445175709,False,False,0.7384570519898386,0.7384570519898386
248,pR7,0.558118470587777,25.0,1,[2835],one_led_group,0.4753355303946464,27,0.0827829401931306,False,False,0.4753355303946464,0.4753355303946464
249,pR7,0.8205466604345061,24.0,1,[2836],one_led_group,0.8205466604345061,24,0.0,True,True,0.8205466604345061,0.8205466604345061
250,pR7,1.2535827726651836,75.0,1,[2837],one_led_group,1.2266441679908116,77,0.026938604674372035,False,False,1.2266441679908116,1.2266441679908116
251,pR7,0.7319086816786189,4.0,1,[2838],one_led_group,0.7319086816786189,4,0.0,True,True,0.7319086816786189,0.7319086816786189
252,pR7,0.7371449655524179,37.0,1,[2839],one_led_group,0.688874116435637,38,0.04827084911678092,False,False,0.688874116435637,0.688874116435637
253,pR7,0.49130711132810345,18.0,1,[2840],one_led_group,0.4913071113281034,18,5.551115123125783e-17,True,True,0.4913071113281034,0.4913071113281034
254,pR7,0.631594843806203,25.0,1,[2841],one_led_group,0.631594843806203,25,0.0,True,True,0.631594843806203,0.631594843806203
255,pR7,0.8655222381898808,31.0,1,[2843],one_led_group,0.865522238189881,31,2.220446049250313e-16,True,True,0.865522238189881,0.865522238189881
256,pR7,0.5258152738212502,118.0,1,[2844],one_led_group,0.5317370276318011,121,0.005921753810550934,False,False,0.5317370276318011,0.5317370276318011
257,pR7,1.2286168716373957,13.0,1,[2845],one_led_group,1.228616871637396,13,2.220446049250313e-16,True,True,1.228616871637396,1.228616871637396
258,pR7,0.5159313321048441,16.0,1,[2846],one_led_group,0.5159313321048442,16,1.1102230246251565e-16,True,True,0.5159313321048442,0.5159313321048442
259,pR7,0.8620474268959072,24.0,1,[2847],one_led_group,0.7300062282705129,26,0.13204119862539432,False,False,0.7300062282705129,0.7300062282705129
260,pR7,1.5333936518978817,45.0,1,[2848],one_led_group,1.5333936518978817,45,0.0,True,True,1.5333936518978817,1.5333936518978817
261,pR7,1.5683418869802075,45.0,1,[2849],one_led_group,1.5683418869802077,45,2.220446049250313e-16,True,True,1.5683418869802077,1.5683418869802077
262,pR7,0.9261407590787049,44.0,1,[2850],one_led_group,0.9209207225572921,45,0.005220036521412785,False,False,0.9209207225572921,0.9209207225572921
263,pR7,1.310414142485596,54.0,1,[2851],one_led_group,1.308763925621375,55,0.0016502168642209547,False,False,1.308763925621375,1.308763925621375
264,pR7,0.6086472734262068,18.0,1,[2852],one_led_group,0.6086472734262068,18,0.0,True,True,0.6086472734262068,0.6086472734262068
265,pR7,0.9816316487082081,4.0,1,[2853],one_led_group,0.9816316487082082,4,1.1102230246251565e-16,True,True,0.9816316487082082,0.9816316487082082
266,pR7,1.556419876054536,24.0,1,[2854],one_led_group,1.5391413238824478,25,0.01727855217208818,False,False,1.5391413238824478,1.5391413238824478
267,pR7,1.4610409689971118,24.0,1,[2855],one_led_group,1.4537109850324552,25,0.007329983964656561,False,False,1.4537109850324552,1.4537109850324552
268,pR7,0.2915591913070683,16.0,1,[2856],one_led_group,0.2915591913070683,16,0.0,True,True,0.2915591913070683,0.2915591913070683
269,pR7,1.4245292675316763,11.0,1,[2857],one_led_group,0.9751020256940528,13,0.4494272418376235,False,False,0.9751020256940528,0.9751020256940528
270,pR7,1.1672189516094593,18.0,1,[2858],one_led_group,1.167218951609459,18,2.220446049250313e-16,True,True,1.167218951609459,1.167218951609459
271,pR7,1.460641357648722,36.0,1,[2859],one_led_group,1.460873611593376,37,0.00023225394465398175,False,False,1.460873611593376,1.460873611593376
272,pR7,0.9337817611736797,44.0,1,[2860],one_led_group,0.9247148050798125,45,0.009066956093867207,False,False,0.9247148050798125,0.9247148050798125
273,pR7,0.9488120502400907,111.0,1,[2861],one_led_group,0.9218844577565917,114,0.026927592483499074,False,False,0.9218844577565917,0.9218844577565917
274,pR7,1.405325025207008,29.0,1,[2862],one_led_group,1.397343489614856,30,0.007981535592151978,False,False,1.397343489614856,1.397343489614856
275,pR7,1.3030764055419597,28.0,1,[2863],one_led_group,1.3105546244682853,29,0.007478218926325608,False,False,1.3105546244682853,1.3105546244682853
276,pR7,0.9234492855864475,24.0,1,[2864],one_led_group,0.7753281743002506,26,0.14812111128619687,False,False,0.7753281743002506,0.7753281743002506
277,pR7,0.8688241125648734,13.0,1,[2865],one_led_group,0.8688241125648732,13,1.1102230246251565e-16,True,True,0.8688241125648732,0.8688241125648732
278,pR7,1.2389686829094255,54.0,1,[2866],one_led_group,1.2312754353252433,55,0.007693247584182217,False,False,1.2312754353252433,1.2312754353252433
279,pR7,1.2453161935159895,33.0,1,[2867],one_led_group,1.2400555480978048,34,0.005260645418184717,False,False,1.2400555480978048,1.2400555480978048
280,pR7,1.4843498612457935,36.0,1,[2868],one_led_group,1.4758756039149152,37,0.008474257330878254,False,False,1.4758756039149152,1.4758756039149152
281,pR7,1.4738687711899483,11.0,1,[2869],one_led_group,1.0090594810840492,13,0.4648092901058991,False,False,1.0090594810840492,1.0090594810840492
282,pR7,1.0979961924542436,10.0,1,[2870],one_led_group,1.0979961924542438,10,2.220446049250313e-16,True,True,1.0979961924542438,1.0979961924542438
283,pR7,1.672147412613993,10.0,1,[2871],one_led_group,1.6721474126139928,10,2.220446049250313e-16,True,True,1.6721474126139928,1.6721474126139928
284,pR7,0.7917029815408024,18.0,1,[2872],one_led_group,0.7917029815408028,18,3.3306690738754696e-16,True,True,0.7917029815408028,0.7917029815408028
285,pR7,0.7738446986931141,16.0,1,[2873],one_led_group,0.773844698693114,16,1.1102230246251565e-16,True,True,0.773844698693114,0.773844698693114
286,pR7,1.3256105426124116,28.0,1,[2874],one_led_group,1.304310513237371,29,0.02130002937504072,False,False,1.304310513237371,1.304310513237371
287,pR7,1.1589540871252446,16.0,1,[2875],one_led_group,1.1589540871252444,16,2.220446049250313e-16,True,True,1.1589540871252444,1.1589540871252444
288,pR7,1.6635900766527176,18.0,1,[2876],one_led_group,1.663590076652718,18,4.440892098500626e-16,True,True,1.663590076652718,1.663590076652718
289,pR7,0.9619131225008609,18.0,1,[2877],one_led_group,0.9619131225008607,18,2.220446049250313e-16,True,True,0.9619131225008607,0.9619131225008607
290,pR7,1.458741347694777,18.0,1,[2878],one_led_group,1.4587413476947768,18,2.220446049250313e-16,True,True,1.4587413476947768,1.4587413476947768
291,pR7,1.5811192886616865,13.0,1,[2879],one_led_group,1.5811192886616867,13,2.220446049250313e-16,True,True,1.5811192886616867,1.5811192886616867
292,pR7,1.2935851866063612,8.0,1,[2880],one_led_group,1.2935851866063612,8,0.0,True,True,1.2935851866063612,1.2935851866063612
293,pR7,1.4989082684981376,17.0,1,[2881],one_led_group,1.5214023936887024,18,0.022494125190564818,False,False,1.5214023936887024,1.5214023936887024
294,pR7,1.318323598286091,8.0,1,[2882],one_led_group,1.3183235982860912,8,2.220446049250313e-16,True,True,1.3183235982860912,1.3183235982860912
295,pR7,1.3553685783105773,13.0,1,[2883],one_led_group,1.355368578310577,13,2.220446049250313e-16,True,True,1.355368578310577,1.355368578310577
296,pR7,1.4055817879375974,104.0,1,[2884],one_led_group,1.3783563578247693,105,0.027225430112828075,False,False,1.3783563578247693,1.3783563578247693
297,pR7,1.5764877123576875,91.0,1,[2885],one_led_group,1.5434599096570907,92,0.0330278027005968,False,False,1.5434599096570907,1.5434599096570907
298,pR7,1.1214332239883404,33.0,1,[2886],one_led_group,1.121591197640287,34,0.00015797365194658575,False,False,1.121591197640287,1.121591197640287
299,pR7,1.1311521310814427,13.0,1,[2887],one_led_group,1.1311521310814427,13,0.0,True,True,1.1311521310814427,1.1311521310814427
300,pR7,1.5757917227858385,91.0,1,[2888],one_led_group,1.5424212413911123,92,0.033370481394726204,False,False,1.5424212413911123,1.5424212413911123
301,pR7,1.4459864180736506,78.0,1,[2889],one_led_group,1.4459864180736504,78,2.220446049250313e-16,True,True,1.4459864180736504,1.4459864180736504
302,pR7,1.3475178523407527,13.0,1,[2890],one_led_group,1.347517852340753,13,2.220446049250313e-16,True,True,1.347517852340753,1.347517852340753
303,pR7,1.3951532304254772,41.0,1,[2891],one_led_group,1.3320413857003945,42,0.06311184472508269,False,False,1.3320413857003945,1.3320413857003945
304,pR7,1.4379331599784637,29.0,1,[2894],one_led_group,1.436934054565952,30,0.0009991054125118026,False,False,1.436934054565952,1.436934054565952
305,pR7,1.518638204666702,4.0,1,[2895],one_led_group,1.0449573884899053,6,0.4736808161767967,False,False,1.0449573884899053,1.0449573884899053
306,pR7,1.5246156578303818,25.0,1,[2896],one_led_group,1.411695729959014,26,0.11291992787136773,False,False,1.411695729959014,1.411695729959014
307,pR7,1.4930031924200304,32.0,1,[2897],one_led_group,1.49300319242003,32,4.440892098500626e-16,True,True,1.49300319242003,1.49300319242003
308,pR7,1.4013556978055635,16.0,1,[2898],one_led_group,1.401355697805564,16,4.440892098500626e-16,True,True,1.401355697805564,1.401355697805564
309,pR7,1.2800254997660627,18.0,1,[2899],one_led_group,1.2800254997660625,18,2.220446049250313e-16,True,True,1.2800254997660625,1.2800254997660625
310,pR7,1.2881068057092155,87.0,1,[2900],one_led_group,1.2524005119249206,90,0.03570629378429491,False,False,1.2524005119249206,1.2524005119249206
311,pR7,1.4984865690710163,31.0,1,[2901],one_led_group,1.4984865690710165,31,2.220446049250313e-16,True,True,1.4984865690710165,1.4984865690710165
312,pR7,1.5222733098531194,5.0,1,[2902],one_led_group,1.5222733098531196,5,2.220446049250313e-16,True,True,1.5222733098531196,1.5222733098531196
313,pR7,1.4359750680043137,33.0,1,[2903],one_led_group,1.439118906823498,34,0.0031438388191842304,False,False,1.439118906823498,1.439118906823498
314,pR7,1.5240543559217727,11.0,1,[2904],one_led_group,1.0355256939171733,13,0.48852866200459943,False,False,1.0355256939171733,1.0355256939171733
315,pR7,1.059785783656299,5.0,1,[2905],one_led_group,1.059785783656299,5,0.0,True,True,1.059785783656299,1.059785783656299
316,pR7,1.3579220176152484,87.0,1,[2906],one_led_group,1.3163120802819428,90,0.04160993733330565,False,False,1.3163120802819428,1.3163120802819428
317,pR7,1.525562966935657,14.0,1,[2907],one_led_group,1.553283244191486,15,0.02772027725582893,False,False,1.553283244191486,1.553283244191486
318,pR7,1.4970927623867596,78.0,1,[2908],one_led_group,1.4970927623867596,78,0.0,True,True,1.4970927623867596,1.4970927623867596
319,pR7,1.5643608868542596,54.0,1,[2909],one_led_group,1.511290095697352,55,0.05307079115690749,False,False,1.511290095697352,1.511290095697352
320,pR7,1.5795675849260118,95.0,1,[2910],one_led_group,1.5202520727714848,98,0.05931551215452702,False,False,1.5202520727714848,1.5202520727714848
321,pR7,1.4841292574909672,17.0,1,[2911],one_led_group,1.4409134181678926,18,0.0432158393230746,False,False,1.4409134181678926,1.4409134181678926
322,pR7,1.5353718980882898,24.0,1,[2912],one_led_group,1.2946473424971663,26,0.2407245555911235,False,False,1.2946473424971663,1.2946473424971663
323,pR7,1.4079601079955932,33.0,1,[2913],one_led_group,1.3795135271579313,34,0.02844658083766194,False,False,1.3795135271579313,1.3795135271579313
324,pR7,1.6304217120266853,14.0,1,[2914],one_led_group,1.6304217120266853,14,0.0,True,True,1.6304217120266853,1.6304217120266853
325,pR7,1.5029575188790822,25.0,1,[2915],one_led_group,1.4957351449658203,26,0.00722237391326197,False,False,1.4957351449658203,1.4957351449658203
326,pR7,1.581883862181211,18.0,1,[2916],one_led_group,1.581883862181211,18,0.0,True,True,1.581883862181211,1.581883862181211
327,pR7,1.6418017504617934,13.0,1,[2917],one_led_group,1.6418017504617934,13,0.0,True,True,1.6418017504617934,1.6418017504617934
328,pR7,1.669062748894793,16.0,1,[2918],one_led_group,1.6690627488947924,16,4.440892098500626e-16,True,True,1.6690627488947924,1.6690627488947924
329,pR7,1.4596996242096065,14.0,1,[2919],one_led_group,1.4596996242096065,14,0.0,True,True,1.4596996242096065,1.4596996242096065
330,pR7,1.5669871755003697,31.0,1,[2920],one_led_group,1.5669871755003701,31,4.440892098500626e-16,True,True,1.5669871755003701,1.5669871755003701
331,pR7,1.5182234199963298,15.0,1,[2921],one_led_group,1.5182234199963296,15,2.220446049250313e-16,True,True,1.5182234199963296,1.5182234199963296
332,pR7,1.6116719273539968,62.0,1,[2922],one_led_group,1.5640579215924895,64,0.047614005761507316,False,False,1.5640579215924895,1.5640579215924895
333,pR7,1.58869571308429,11.0,1,[2923],one_led_group,1.3404583659550358,12,0.24823734712925427,False,False,1.3404583659550358,1.3404583659550358
334,pR7,1.6962031165856393,30.0,1,[2924],one_led_group,1.6962031165856395,30,2.220446049250313e-16,True,True,1.6962031165856395,1.6962031165856395
335,pR7,1.3537374334047727,14.0,1,[2925],one_led_group,1.353737433404773,14,2.220446049250313e-16,True,True,1.353737433404773,1.353737433404773
336,pR7,1.394561263859691,19.0,1,[2926],one_led_group,1.394561263859691,19,0.0,True,True,1.394561263859691,1.394561263859691
337,pR7,1.515421987847993,40.0,1,[2927],one_led_group,1.4454277266494222,41,0.06999426119857088,False,False,1.4454277266494222,1.4454277266494222
338,pR7,1.6123068133475142,28.0,1,[2928],one_led_group,1.6123068133475145,28,2.220446049250313e-16,True,True,1.6123068133475145,1.6123068133475145
339,pR7,1.6597184494990205,45.0,1,[2929],one_led_group,1.6232196931966782,47,0.03649875630234223,False,False,1.6232196931966782,1.6232196931966782
340,pR7,1.443450513205432,49.0,1,[2930],one_led_group,1.4437360683690297,51,0.00028555516359762834,False,False,1.4437360683690297,1.4437360683690297
341,pR7,1.469906991362043,24.0,1,[2931],one_led_group,1.2496289924016442,26,0.2202779989603989,False,False,1.2496289924016442,1.2496289924016442
342,pR7,1.5881910168580933,113.0,1,[2932],one_led_group,1.546680971885185,116,0.04151004497290822,False,False,1.546680971885185,1.546680971885185
343,pR7,1.6172586096137034,45.0,1,[2933],one_led_group,1.6172586096137036,45,2.220446049250313e-16,True,True,1.6172586096137036,1.6172586096137036
344,pR7,1.2879938717401327,21.0,1,[2934],one_led_group,1.265254881311229,23,0.022738990428903705,False,False,1.265254881311229,1.265254881311229
345,pR7,1.4464331791294331,19.0,1,[2935],one_led_group,1.446433179129433,19,2.220446049250313e-16,True,True,1.446433179129433,1.446433179129433
346,pR7,1.3093929886852553,21.0,1,[2936],one_led_group,1.3281821763003117,23,0.018789187615056324,False,False,1.3281821763003117,1.3281821763003117
347,pR7,1.5828393750054501,24.0,1,[2937],one_led_group,1.3194967746443804,26,0.2633426003610697,False,False,1.3194967746443804,1.3194967746443804
348,pR7,1.6312136994470792,16.0,1,[2938],one_led_group,1.6312136994470794,16,2.220446049250313e-16,True,True,1.6312136994470794,1.6312136994470794
349,pR7,1.4180377353906783,49.0,1,[2939],one_led_group,1.4011193714500911,51,0.01691836394058721,False,False,1.4011193714500911,1.4011193714500911
350,pR7,1.5996508708122998,132.0,1,[2940],one_led_group,1.5552990914724125,135,0.04435177933988732,False,False,1.5552990914724125,1.5552990914724125
351,pR7,1.3748420841903717,14.0,1,[2941],one_led_group,1.3316756331489763,15,0.04316645104139538,False,False,1.3316756331489763,1.3316756331489763
352,pR7,1.3770716245350962,13.0,1,[2942],one_led_group,1.377071624535096,13,2.220446049250313e-16,True,True,1.377071624535096,1.377071624535096
353,pR7,1.635696095724242,18.0,1,[2943],one_led_group,1.635696095724242,18,0.0,True,True,1.635696095724242,1.635696095724242
354,pR7,1.6997037558730004,11.0,1,[2944],one_led_group,1.2077895614567842,13,0.4919141944162162,False,False,1.2077895614567842,1.2077895614567842
355,pR7,1.4875358624254071,53.0,1,[2945],one_led_group,1.4838511494935362,54,0.0036847129318708927,False,False,1.4838511494935362,1.4838511494935362
356,pR7,1.4769010657553956,13.0,1,[2946],one_led_group,1.4769010657553956,13,0.0,True,True,1.4769010657553956,1.4769010657553956
357,pR7,1.4115078237380598,13.0,1,[2947],one_led_group,1.4115078237380598,13,0.0,True,True,1.4115078237380598,1.4115078237380598
358,pR7,1.581318969178427,11.0,1,[2948],one_led_group,1.0905966617998772,13,0.4907223073785498,False,False,1.0905966617998772,1.0905966617998772
359,pR7,1.5881497367029211,14.0,1,[2949],one_led_group,1.5881497367029211,14,0.0,True,True,1.5881497367029211,1.5881497367029211
360,pR7,1.7451345121909647,18.0,1,[2950],one_led_group,1.7451345121909652,18,4.440892098500626e-16,True,True,1.7451345121909652,1.7451345121909652
361,pR7,1.536707201423069,43.0,1,[2951],one_led_group,1.4010896761155036,45,0.13561752530756532,False,False,1.4010896761155036,1.4010896761155036
362,pR7,1.7684432544958766,31.0,1,[2952],one_led_group,1.7684432544958768,31,2.220446049250313e-16,True,True,1.7684432544958768,1.7684432544958768
363,pR7,1.682297902399657,18.0,1,[2953],one_led_group,1.5340644714888412,20,0.14823343091081576,False,False,1.5340644714888412,1.5340644714888412
364,pR7,1.6940365521617775,22.0,1,[2954],one_led_group,1.5470785443378212,23,0.1469580078239563,False,False,1.5470785443378212,1.5470785443378212
365,pR7,1.8096177162073839,10.0,1,[2955],one_led_group,1.8096177162073837,10,2.220446049250313e-16,True,True,1.8096177162073837,1.8096177162073837
366,pR7,1.5118031857953647,13.0,1,[2956],one_led_group,1.5118031857953644,13,2.220446049250313e-16,True,True,1.5118031857953644,1.5118031857953644
367,pR7,1.4473178859402671,14.0,1,[2957],one_led_group,1.4473178859402671,14,0.0,True,True,1.4473178859402671,1.4473178859402671
368,pR7,1.3431232770687294,25.0,1,[2958],one_led_group,1.340205273447531,26,0.0029180036211984284,False,False,1.340205273447531,1.340205273447531
369,pR7,1.6020309260366454,42.0,1,[2959],one_led_group,1.4616982536559477,44,0.1403326723806977,False,False,1.4616982536559477,1.4616982536559477
370,pR7,1.5447536835006692,53.0,1,[2960],one_led_group,1.538397955387653,54,0.006355728113016212,False,False,1.538397955387653,1.538397955387653
371,pR7,1.7364192294633949,71.0,1,[2961],one_led_group,1.64648037238615,74,0.0899388570772448,False,False,1.64648037238615,1.64648037238615
372,pR7,1.5515482411858919,23.0,1,[2962],one_led_group,1.551548241185892,23,2.220446049250313e-16,True,True,1.551548241185892,1.551548241185892
373,yR7,0.13728550380840268,16.0,1,[3340],one_led_group,0.1372855038084027,16,2.7755575615628914e-17,True,True,0.1372855038084027,0.1372855038084027
374,yR7,0.0962708062263545,16.0,1,[3341],one_led_group,0.09627080622635452,16,1.3877787807814457e-17,True,True,0.09627080622635452,0.09627080622635452
375,yR7,0.10782110957979642,29.0,1,[3342],one_led_group,0.10782110957979639,29,2.7755575615628914e-17,True,True,0.10782110957979639,0.10782110957979639
376,yR7,0.07485138754836493,62.0,1,[3343],one_led_group,0.07485138754836491,62,1.3877787807814457e-17,True,True,0.07485138754836491,0.07485138754836491
377,yR7,1.1078618665823705,9.0,1,[3344],one_led_group,1.1078618665823707,9,2.220446049250313e-16,True,True,1.1078618665823707,1.1078618665823707
378,yR7,0.6377201028231269,8.0,1,[3345],one_led_group,0.41626555051798897,9,0.2214545523051379,False,False,0.41626555051798897,0.41626555051798897
379,yR7,1.064394467789714,82.0,1,[3346],one_led_group,1.0048380038817275,85,0.05955646390798641,False,False,1.0048380038817275,1.0048380038817275
380,yR7,0.22842555053929617,27.0,1,[3347],one_led_group,0.22842555053929614,27,2.7755575615628914e-17,True,True,0.22842555053929614,0.22842555053929614
381,yR7,1.3340280216340383,22.0,1,[3348],one_led_group,1.3340280216340377,22,6.661338147750939e-16,True,True,1.3340280216340377,1.3340280216340377
382,yR7,0.4142205009182379,27.0,1,[3349],one_led_group,0.4142205009182379,27,0.0,True,True,0.4142205009182379,0.4142205009182379
383,yR7,0.46865612757910063,110.0,1,[3350],one_led_group,0.44383680998852054,113,0.024819317590580092,False,False,0.44383680998852054,0.44383680998852054
384,yR7,0.8170945343232069,3.0,1,[3351],one_led_group,0.8170945343232069,3,0.0,True,True,0.8170945343232069,0.8170945343232069
385,yR7,0.34475752452372854,13.0,1,[3352],one_led_group,0.3447575245237285,13,5.551115123125783e-17,True,True,0.3447575245237285,0.3447575245237285
386,yR7,0.13796096889088136,139.0,1,[3353],one_led_group,0.12035936728735608,142,0.01760160160352528,False,False,0.12035936728735608,0.12035936728735608
387,yR7,1.1638769005397358,24.0,1,[3354],one_led_group,1.1638769005397356,24,2.220446049250313e-16,True,True,1.1638769005397356,1.1638769005397356
388,yR7,0.32991778135905353,103.0,1,[3355],one_led_group,0.31196561817672175,105,0.017952163182331782,False,False,0.31196561817672175,0.31196561817672175
389,yR7,0.9586244758922771,38.0,1,[3356],one_led_group,0.9586244758922767,38,3.3306690738754696e-16,True,True,0.9586244758922767,0.9586244758922767
390,yR7,1.1911617668078083,46.0,1,[3357],one_led_group,1.1747250187084552,47,0.016436748099353027,False,False,1.1747250187084552,1.1747250187084552
391,yR7,0.6996083516520665,1.0,1,[3358],one_led_group,0.6996083516520666,1,1.1102230246251565e-16,True,True,0.6996083516520666,0.6996083516520666
392,yR7,0.4928237181218565,15.0,1,[3359],one_led_group,0.4928237181218565,15,0.0,True,True,0.4928237181218565,0.4928237181218565
393,yR7,0.5450062680205827,22.0,1,[3360],one_led_group,0.5450062680205827,22,0.0,True,True,0.5450062680205827,0.5450062680205827
394,yR7,1.1003500364845846,35.0,1,[3361],one_led_group,1.0603483228383992,36,0.04000171364618543,False,False,1.0603483228383992,1.0603483228383992
395,yR7,0.20949964185215203,28.0,1,[3362],one_led_group,0.16130780380417076,30,0.04819183804798127,False,False,0.16130780380417076,0.16130780380417076
396,yR7,0.1434106885218842,37.0,1,[3363],one_led_group,0.14341068852188424,37,2.7755575615628914e-17,True,True,0.14341068852188424,0.14341068852188424
397,yR7,1.2903105043240528,52.0,1,[3364],one_led_group,1.1992901980924078,54,0.09102030623164503,False,False,1.1992901980924078,1.1992901980924078
398,yR7,0.08023502012600355,13.0,1,[3365],one_led_group,0.08023502012600356,13,1.3877787807814457e-17,True,True,0.08023502012600356,0.08023502012600356
399,yR7,0.7393877909621892,38.0,1,[3366],one_led_group,0.7393877909621892,38,0.0,True,True,0.7393877909621892,0.7393877909621892
400,yR7,0.2897855865164307,9.0,1,[3367],one_led_group,0.2897855865164306,9,1.1102230246251565e-16,True,True,0.2897855865164306,0.2897855865164306
401,yR7,0.058948235844263584,13.0,1,[3368],one_led_group,0.0589482358442636,13,1.3877787807814457e-17,True,True,0.0589482358442636,0.0589482358442636
402,yR7,0.26448013946736343,13.0,1,[3369],one_led_group,0.2644801394673635,13,5.551115123125783e-17,True,True,0.2644801394673635,0.2644801394673635
403,yR7,0.54911066442507,1.0,1,[3370],one_led_group,0.5491106644250701,1,1.1102230246251565e-16,True,True,0.5491106644250701,0.5491106644250701
404,yR7,1.0972136468042275,12.0,1,[3371],one_led_group,1.0972136468042273,12,2.220446049250313e-16,True,True,1.0972136468042273,1.0972136468042273
405,yR7,1.1149229066239714,9.0,1,[3372],one_led_group,1.1149229066239714,9,0.0,True,True,1.1149229066239714,1.1149229066239714
406,yR7,0.3464352969792767,50.0,1,[3373],one_led_group,0.3464352969792766,50,1.1102230246251565e-16,True,True,0.3464352969792766,0.3464352969792766
407,yR7,0.1402906072521479,38.0,1,[3374],one_led_group,0.14029060725214784,38,5.551115123125783e-17,True,True,0.14029060725214784,0.14029060725214784
408,yR7,0.5991506977438388,77.0,1,[3375],one_led_group,0.5458114249660757,80,0.05333927277776307,False,False,0.5458114249660757,0.5458114249660757
409,yR7,0.4206608288878753,42.0,1,[3376],one_led_group,0.4206608288878753,42,0.0,True,True,0.4206608288878753,0.4206608288878753
410,yR7,0.26695625179209126,99.0,1,[3377],one_led_group,0.25449329512734115,101,0.012462956664750113,False,False,0.25449329512734115,0.25449329512734115
411,yR7,0.24724245514279317,99.0,1,[3378],one_led_group,0.23487942699983075,101,0.012363028142962418,False,False,0.23487942699983075,0.23487942699983075
412,yR7,1.1029779811964389,9.0,1,[3379],one_led_group,1.1029779811964386,9,2.220446049250313e-16,True,True,1.1029779811964386,1.1029779811964386
413,yR7,0.10311622783498754,29.0,1,[3380],one_led_group,0.10311622783498756,29,1.3877787807814457e-17,True,True,0.10311622783498756,0.10311622783498756
414,yR7,0.033194338049819326,62.0,1,[3381],one_led_group,0.033194338049819326,62,0.0,True,True,0.033194338049819326,0.033194338049819326
415,yR7,0.5954153879868817,13.0,1,[3382],one_led_group,0.5954153879868814,13,2.220446049250313e-16,True,True,0.5954153879868814,0.5954153879868814
416,yR7,0.5000744492359308,13.0,1,[3383],one_led_group,0.5000744492359307,13,1.1102230246251565e-16,True,True,0.5000744492359307,0.5000744492359307
417,yR7,0.49807971714502575,8.0,1,[3384],one_led_group,0.2675329091586432,9,0.23054680798638255,False,False,0.2675329091586432,0.2675329091586432
418,yR7,1.055179217410212,82.0,1,[3385],one_led_group,0.9822334970669464,85,0.07294572034326552,False,False,0.9822334970669464,0.9822334970669464
419,yR7,0.8194530438004319,13.0,1,[3386],one_led_group,0.819453043800432,13,1.1102230246251565e-16,True,True,0.819453043800432,0.819453043800432
420,yR7,0.18158824117029698,3.0,1,[3387],one_led_group,0.181588241170297,3,2.7755575615628914e-17,True,True,0.181588241170297,0.181588241170297
421,yR7,0.3309073234709032,3.0,1,[3388],one_led_group,0.3309073234709032,3,0.0,True,True,0.3309073234709032,0.3309073234709032
422,yR7,0.12037945634869392,37.0,1,[3389],one_led_group,0.12037945634869393,37,1.3877787807814457e-17,True,True,0.12037945634869393,0.12037945634869393
423,yR7,0.009496236879812539,24.0,1,[3390],one_led_group,0.009496236879812539,24,0.0,True,True,0.009496236879812539,0.009496236879812539
424,yR7,0.03686087925723231,24.0,1,[3391],one_led_group,0.03686087925723232,24,6.938893903907228e-18,True,True,0.03686087925723232,0.03686087925723232
425,yR7,0.273979823267327,27.0,1,[3392],one_led_group,0.2739798232673269,27,1.1102230246251565e-16,True,True,0.2739798232673269,0.2739798232673269
426,yR7,0.11503563526994595,31.0,1,[3393],one_led_group,0.11503563526994595,31,0.0,True,True,0.11503563526994595,0.11503563526994595
427,yR7,1.4547417718265467,22.0,1,[3394],one_led_group,1.4547417718265465,22,2.220446049250313e-16,True,True,1.4547417718265465,1.4547417718265465
428,yR7,0.3678443905190924,27.0,1,[3395],one_led_group,0.36784439051909223,27,1.6653345369377348e-16,True,True,0.36784439051909223,0.36784439051909223
429,yR7,1.0475802041645788,38.0,1,[3396],one_led_group,1.0475802041645788,38,0.0,True,True,1.0475802041645788,1.0475802041645788
430,yR7,0.45909162159444816,110.0,1,[3397],one_led_group,0.431743667719439,113,0.027347953875009157,False,False,0.431743667719439,0.431743667719439
431,yR7,0.5532768036498724,37.0,1,[3398],one_led_group,0.5532768036498724,37,0.0,True,True,0.5532768036498724,0.5532768036498724
432,yR7,1.1342683177227244,35.0,1,[3399],one_led_group,1.0997437417812395,36,0.03452457594148495,False,False,1.0997437417812395,1.0997437417812395
433,yR7,1.021445396911368,62.0,1,[3400],one_led_group,0.9551661574044743,64,0.06627923950689363,False,False,0.9551661574044743,0.9551661574044743
434,yR7,0.952035097273095,62.0,1,[3401],one_led_group,0.8896603873657936,64,0.06237470990730143,False,False,0.8896603873657936,0.8896603873657936
435,yR7,0.22814069326312805,48.0,1,[3402],one_led_group,0.22814069326312802,48,2.7755575615628914e-17,True,True,0.22814069326312802,0.22814069326312802
436,yR7,1.094864980567878,22.0,1,[3403],one_led_group,1.0948649805678778,22,2.220446049250313e-16,True,True,1.0948649805678778,1.0948649805678778
437,yR7,0.37779698845557125,16.0,1,[3404],one_led_group,0.3777969884555713,16,5.551115123125783e-17,True,True,0.3777969884555713,0.3777969884555713
438,yR7,0.45339288595835464,13.0,1,[3405],one_led_group,0.4533928859583547,13,5.551115123125783e-17,True,True,0.4533928859583547,0.4533928859583547
439,yR7,0.34729945514711663,59.0,1,[3406],one_led_group,0.2981850725012337,62,0.049114382645882915,False,False,0.2981850725012337,0.2981850725012337
440,yR7,0.33274586823618374,59.0,1,[3407],one_led_group,0.29265885227739535,62,0.040087015958788386,False,False,0.29265885227739535,0.29265885227739535
441,yR7,0.9557312796168616,41.0,1,[3408],one_led_group,0.9557312796168616,41,0.0,True,True,0.9557312796168616,0.9557312796168616
442,yR7,0.26846991419580324,49.0,1,[3409],one_led_group,0.2684699141958033,49,5.551115123125783e-17,True,True,0.2684699141958033,0.2684699141958033
443,yR7,0.26070808433112175,49.0,1,[3410],one_led_group,0.2607080843311217,49,5.551115123125783e-17,True,True,0.2607080843311217,0.2607080843311217
444,yR7,0.41891050860669027,77.0,1,[3411],one_led_group,0.3659264003879682,80,0.05298410821872207,False,False,0.3659264003879682,0.3659264003879682
445,yR7,0.15064287539946447,139.0,1,[3412],one_led_group,0.13279476053496114,142,0.01784811486450333,False,False,0.13279476053496114,0.13279476053496114
446,yR7,0.3804343992771028,103.0,1,[3413],one_led_group,0.3605465931606933,105,0.0198878061164095,False,False,0.3605465931606933,0.3605465931606933
447,yR7,1.2417290754902306,24.0,1,[3414],one_led_group,1.2417290754902306,24,0.0,True,True,1.2417290754902306,1.2417290754902306
448,yR7,0.23777031222615297,13.0,1,[3415],one_led_group,0.237770312226153,13,2.7755575615628914e-17,True,True,0.237770312226153,0.237770312226153
449,yR7,0.897936222455808,41.0,1,[3416],one_led_group,0.8979362224558078,41,1.1102230246251565e-16,True,True,0.8979362224558078,0.8979362224558078
450,yR7,0.4305566559189424,42.0,1,[3417],one_led_group,0.4305566559189425,42,1.1102230246251565e-16,True,True,0.4305566559189425,0.4305566559189425
451,yR7,0.8693196378665903,192.0,1,[3418],one_led_group,0.8413500789794698,195,0.027969558887120494,False,False,0.8413500789794698,0.8413500789794698
452,yR7,1.3425725943092108,55.0,1,[3419],one_led_group,1.3425725943092106,55,2.220446049250313e-16,True,True,1.3425725943092106,1.3425725943092106
453,yR7,1.3244692065043302,55.0,1,[3420],one_led_group,1.3244692065043298,55,4.440892098500626e-16,True,True,1.3244692065043298,1.3244692065043298
454,yR7,1.1447276883861262,46.0,1,[3421],one_led_group,1.1166608115808776,47,0.028066876805248553,False,False,1.1166608115808776,1.1166608115808776
455,yR7,-0.6524089443337803,1.0,1,[3422],one_led_group,-0.6524089443337802,1,1.1102230246251565e-16,True,True,-0.6524089443337802,-0.6524089443337802
456,yR7,1.145118587982706,3.0,1,[3423],one_led_group,1.145118587982706,3,0.0,True,True,1.145118587982706,1.145118587982706
457,yR7,1.5901897292349028,28.0,1,[3424],one_led_group,1.5901897292349028,28,0.0,True,True,1.5901897292349028,1.5901897292349028
458,yR7,1.7732538461449507,25.0,1,[3425],one_led_group,1.7732538461449507,25,0.0,True,True,1.7732538461449507,1.7732538461449507
459,yR7,0.11119780451886131,3.0,1,[3426],one_led_group,0.1111978045188613,3,1.3877787807814457e-17,True,True,0.1111978045188613,0.1111978045188613
460,yR7,0.11663374226880603,3.0,1,[3427],one_led_group,0.11663374226880602,3,1.3877787807814457e-17,True,True,0.11663374226880602,0.11663374226880602
461,yR7,0.8003288455891923,38.0,1,[3428],one_led_group,0.8003288455891924,38,1.1102230246251565e-16,True,True,0.8003288455891924,0.8003288455891924
462,yR7,0.3895168220243675,9.0,1,[3429],one_led_group,0.38951682202436744,9,5.551115123125783e-17,True,True,0.38951682202436744,0.38951682202436744
463,yR7,1.096382899441286,54.0,1,[3430],one_led_group,1.0562019365042283,55,0.04018096293705775,False,False,1.0562019365042283,1.0562019365042283
464,yR7,0.503854696820409,12.0,1,[3431],one_led_group,0.5038546968204091,12,1.1102230246251565e-16,True,True,0.5038546968204091,0.5038546968204091
465,yR7,-0.2040148558662335,13.0,1,[3432],one_led_group,-0.2040148558662335,13,0.0,True,True,-0.2040148558662335,-0.2040148558662335
466,yR7,0.21362784622194836,25.0,1,[3433],one_led_group,0.21362784622194844,25,8.326672684688674e-17,True,True,0.21362784622194844,0.21362784622194844
467,yR7,0.11313560803666509,84.0,1,[3434],one_led_group,0.10666624510353309,85,0.006469362933131995,False,False,0.10666624510353309,0.10666624510353309
468,yR7,0.03328925162882144,22.0,1,[3435],one_led_group,0.03328925162882143,22,6.938893903907228e-18,True,True,0.03328925162882143,0.03328925162882143
469,yR7,0.16252118680683458,48.0,1,[3436],one_led_group,0.16252118680683464,48,5.551115123125783e-17,True,True,0.16252118680683464,0.16252118680683464
470,yR7,1.2724604249148026,52.0,1,[3437],one_led_group,1.1785746026456798,54,0.09388582226912279,False,False,1.1785746026456798,1.1785746026456798
471,yR7,0.2306625472485468,13.0,1,[3438],one_led_group,0.2306625472485468,13,0.0,True,True,0.2306625472485468,0.2306625472485468
472,yR7,0.2979327974013458,28.0,1,[3439],one_led_group,0.23938813044805557,30,0.05854466695329025,False,False,0.23938813044805557,0.23938813044805557
473,yR7,0.9930130886709908,23.0,1,[3440],one_led_group,0.9930130886709907,23,1.1102230246251565e-16,True,True,0.9930130886709907,0.9930130886709907
474,yR7,0.13064960441412674,37.0,1,[3441],one_led_group,0.1306496044141267,37,2.7755575615628914e-17,True,True,0.1306496044141267,0.1306496044141267
475,yR7,0.20242554952095443,9.0,1,[3442],one_led_group,0.20242554952095443,9,0.0,True,True,0.20242554952095443,0.20242554952095443
476,yR7,0.10227393152885325,9.0,1,[3443],one_led_group,0.10227393152885322,9,2.7755575615628914e-17,True,True,0.10227393152885322,0.10227393152885322
477,yR7,-0.03746247321225451,13.0,1,[3444],one_led_group,-0.037462473212254516,13,6.938893903907228e-18,True,True,-0.037462473212254516,-0.037462473212254516
478,yR7,0.10011352260389275,12.0,1,[3445],one_led_group,0.10011352260389277,12,1.3877787807814457e-17,True,True,0.10011352260389277,0.10011352260389277
479,yR7,0.057936996489590574,12.0,1,[3446],one_led_group,0.057936996489590574,12,0.0,True,True,0.057936996489590574,0.057936996489590574
480,yR7,0.21450881562548338,13.0,1,[3447],one_led_group,0.21450881562548335,13,2.7755575615628914e-17,True,True,0.21450881562548335,0.21450881562548335
481,yR7,0.4556540036797296,12.0,1,[3448],one_led_group,0.4556540036797296,12,0.0,True,True,0.4556540036797296,0.4556540036797296
482,yR7,0.6788390758084157,13.0,1,[3449],one_led_group,0.6788390758084157,13,0.0,True,True,0.6788390758084157,0.6788390758084157
483,yR7,0.7829231193176076,23.0,1,[3450],one_led_group,0.7829231193176076,23,0.0,True,True,0.7829231193176076,0.7829231193176076
484,yR7,1.1509149805507473,23.0,1,[3451],one_led_group,1.1509149805507473,23,0.0,True,True,1.1509149805507473,1.1509149805507473
485,yR7,0.27075541342262704,13.0,1,[3452],one_led_group,0.2707554134226271,13,5.551115123125783e-17,True,True,0.2707554134226271,0.2707554134226271
486,yR7,0.08494121871780073,72.0,1,[3453],one_led_group,0.0524816053904131,75,0.032459613327387636,False,False,0.0524816053904131,0.0524816053904131
487,yR7,0.21291399037273395,85.0,1,[3454],one_led_group,0.18567601661772629,88,0.027237973755007666,False,False,0.18567601661772629,0.18567601661772629
488,yR7,0.14678278106400372,38.0,1,[3455],one_led_group,0.14678278106400375,38,2.7755575615628914e-17,True,True,0.14678278106400375,0.14678278106400375
489,yR7,0.2021593508332487,84.0,1,[3456],one_led_group,0.18266413392469005,85,0.019495216908558655,False,False,0.18266413392469005,0.18266413392469005
490,yR7,0.2510574767395103,85.0,1,[3457],one_led_group,0.2130836670109158,88,0.03797380972859449,False,False,0.2130836670109158,0.2130836670109158
491,yR7,0.14351061055075184,13.0,1,[3458],one_led_group,0.14351061055075187,13,2.7755575615628914e-17,True,True,0.14351061055075187,0.14351061055075187
492,yR7,1.2455932090375268,1.0,1,[3459],one_led_group,1.2455932090375272,1,4.440892098500626e-16,True,True,1.2455932090375272,1.2455932090375272
493,yR7,0.060056261088770393,1.0,1,[3460],one_led_group,0.06005626108877005,1,3.469446951953614e-16,True,True,0.06005626108877005,0.06005626108877005
494,yR7,1.4260340850816484,23.0,1,[3461],one_led_group,1.4260340850816484,23,0.0,True,True,1.4260340850816484,1.4260340850816484
495,yR7,1.37121045772054,23.0,1,[3462],one_led_group,1.3712104577205397,23,2.220446049250313e-16,True,True,1.3712104577205397,1.3712104577205397
496,yR7,1.5181940830641236,68.0,1,[3463],one_led_group,1.5315886741296916,69,0.013394591065567951,False,False,1.5315886741296916,1.5315886741296916
497,yR7,1.4092445172656893,68.0,1,[3464],one_led_group,1.4074481174608042,69,0.001796399804885107,False,False,1.4074481174608042,1.4074481174608042
498,yR7,0.9791229206869178,23.0,1,[3465],one_led_group,0.9791229206869178,23,0.0,True,True,0.9791229206869178,0.9791229206869178
499,yR7,0.4811214260361731,1.0,1,[3466],one_led_group,0.4811214260361729,1,1.6653345369377348e-16,True,True,0.4811214260361729,0.4811214260361729
500,yR7,1.2492697123157435,54.0,1,[3467],one_led_group,1.2252423661738978,55,0.02402734614184565,False,False,1.2252423661738978,1.2252423661738978
501,yR7,0.2670799654201675,31.0,1,[3468],one_led_group,0.2670799654201674,31,1.1102230246251565e-16,True,True,0.2670799654201674,0.2670799654201674
502,yR7,0.1262051914108218,23.0,1,[3469],one_led_group,0.1262051914108218,23,0.0,True,True,0.1262051914108218,0.1262051914108218
503,yR7,0.23342233193085682,3.0,1,[3470],one_led_group,0.2334223319308568,3,2.7755575615628914e-17,True,True,0.2334223319308568,0.2334223319308568
504,yR7,0.14845369111584145,26.0,1,[3471],one_led_group,0.14845369111584145,26,0.0,True,True,0.14845369111584145,0.14845369111584145
505,yR7,1.1872861461579376,1.0,1,[3472],one_led_group,1.1872861461579374,1,2.220446049250313e-16,True,True,1.1872861461579374,1.1872861461579374
506,yR7,0.5020496711093302,69.0,1,[3473],one_led_group,0.5020496711093302,69,0.0,True,True,0.5020496711093302,0.5020496711093302
507,yR7,0.4286774132534104,69.0,1,[3474],one_led_group,0.4286774132534103,69,1.1102230246251565e-16,True,True,0.4286774132534103,0.4286774132534103
508,yR7,0.27087089485346494,10.0,1,[3475],one_led_group,0.270870894853465,10,5.551115123125783e-17,True,True,0.270870894853465,0.270870894853465
509,yR7,0.2010462340377716,28.0,1,[3476],one_led_group,0.20104623403777164,28,2.7755575615628914e-17,True,True,0.20104623403777164,0.20104623403777164
510,yR7,1.2577863565295975,26.0,1,[3477],one_led_group,1.2577863565295972,26,2.220446049250313e-16,True,True,1.2577863565295972,1.2577863565295972
511,yR7,0.39571165511657336,8.0,1,[3478],one_led_group,0.4158525353750868,9,0.02014088025851346,False,False,0.4158525353750868,0.4158525353750868
512,yR7,0.090764174795416,8.0,1,[3479],one_led_group,-0.13376505082456888,9,0.2245292256199849,False,False,-0.13376505082456888,-0.13376505082456888
513,yR7,0.1909856213793722,13.0,1,[3480],one_led_group,0.19098562137937222,13,2.7755575615628914e-17,True,True,0.19098562137937222,0.19098562137937222
514,yR7,0.9520056332540211,15.0,1,[3483],one_led_group,0.9520056332540212,15,1.1102230246251565e-16,True,True,0.9520056332540212,0.9520056332540212
515,yR7,1.3340577051567084,60.0,1,[3484],one_led_group,1.3340577051567093,60,8.881784197001252e-16,True,True,1.3340577051567093,1.3340577051567093
516,yR7,0.2787796155893381,38.0,1,[3485],one_led_group,0.2787796155893381,38,0.0,True,True,0.2787796155893381,0.2787796155893381
517,yR7,0.1848971927155034,38.0,1,[3486],one_led_group,0.18489719271550337,38,2.7755575615628914e-17,True,True,0.18489719271550337,0.18489719271550337
518,yR7,0.367884769409015,50.0,1,[3487],one_led_group,0.3678847694090151,50,1.1102230246251565e-16,True,True,0.3678847694090151,0.3678847694090151
519,yR7,1.2649057721745982,39.0,1,[3488],one_led_group,1.1456790811271913,41,0.11922669104740691,False,False,1.1456790811271913,1.1456790811271913
520,yR7,1.1974560256084907,39.0,1,[3489],one_led_group,1.0780300124134048,41,0.11942601319508594,False,False,1.0780300124134048,1.0780300124134048
521,yR7,0.9130969232599726,15.0,1,[3490],one_led_group,0.9130969232599727,15,1.1102230246251565e-16,True,True,0.9130969232599727,0.9130969232599727
522,yR7,1.330020788550684,60.0,1,[3491],one_led_group,1.3300207885506843,60,2.220446049250313e-16,True,True,1.3300207885506843,1.3300207885506843
523,yR7,0.8403935393440475,14.0,1,[3492],one_led_group,0.8403935393440475,14,0.0,True,True,0.8403935393440475,0.8403935393440475
524,yR7,1.0453916865733146,9.0,1,[3493],one_led_group,1.0453916865733146,9,0.0,True,True,1.0453916865733146,1.0453916865733146
525,yR7,0.21037897638654185,72.0,1,[3494],one_led_group,0.16240557041770556,75,0.047973405968836286,False,False,0.16240557041770556,0.16240557041770556
526,yR7,0.8638201614532836,1.0,1,[3495],one_led_group,0.8638201614532836,1,0.0,True,True,0.8638201614532836,0.8638201614532836
527,yR7,1.082642484290847,26.0,1,[3496],one_led_group,1.0826424842908473,26,2.220446049250313e-16,True,True,1.0826424842908473,1.0826424842908473
528,yR7,0.3752062871162715,13.0,1,[3497],one_led_group,0.37520628711627163,13,1.1102230246251565e-16,True,True,0.37520628711627163,0.37520628711627163
529,yR7,0.062340977019653736,22.0,1,[3498],one_led_group,0.06234097701965375,22,1.3877787807814457e-17,True,True,0.06234097701965375,0.06234097701965375
530,yR7,0.8478155263523491,13.0,1,[3499],one_led_group,0.8478155263523492,13,1.1102230246251565e-16,True,True,0.8478155263523492,0.8478155263523492
531,yR7,0.41095097132968395,3.0,1,[3500],one_led_group,0.4109509713296839,3,5.551115123125783e-17,True,True,0.4109509713296839,0.4109509713296839
532,yR7,0.7421123558499682,21.0,1,[3501],one_led_group,0.7421123558499684,21,2.220446049250313e-16,True,True,0.7421123558499684,0.7421123558499684
533,yR7,0.3169676511158018,37.0,1,[3502],one_led_group,0.3169676511158017,37,5.551115123125783e-17,True,True,0.3169676511158017,0.3169676511158017
534,yR7,1.3381348712342493,140.0,1,[3503],one_led_group,1.2959074082700601,143,0.04222746296418922,False,False,1.2959074082700601,1.2959074082700601
535,yR7,0.809083231714814,81.0,1,[3504],one_led_group,0.8088703498403134,82,0.00021288187450063667,False,False,0.8088703498403134,0.8088703498403134
536,yR7,1.3777808064931598,39.0,1,[3505],one_led_group,1.2486458067724793,41,0.12913499972068054,False,False,1.2486458067724793,1.2486458067724793
537,yR7,1.3964918397751336,39.0,1,[3506],one_led_group,1.265388293899913,41,0.13110354587522055,False,False,1.265388293899913,1.265388293899913
538,yR7,0.1772826326771521,3.0,1,[3507],one_led_group,0.17728263267715214,3,2.7755575615628914e-17,True,True,0.17728263267715214,0.17728263267715214
539,yR7,1.485176358030173,88.0,1,[3508],one_led_group,1.4851763580301733,88,4.440892098500626e-16,True,True,1.4851763580301733,1.4851763580301733
540,yR7,1.2971399423598502,140.0,1,[3509],one_led_group,1.2594758957725682,143,0.03766404658728195,False,False,1.2594758957725682,1.2594758957725682
541,yR7,0.921268511414875,37.0,1,[3510],one_led_group,0.921268511414875,37,0.0,True,True,0.921268511414875,0.921268511414875
542,yR7,1.2738578075468567,23.0,1,[3511],one_led_group,1.2639327506270006,24,0.009925056919856123,False,False,1.2639327506270006,1.2639327506270006
543,yR7,0.7081297413282496,81.0,1,[3512],one_led_group,0.6960500891644893,82,0.01207965216376028,False,False,0.6960500891644893,0.6960500891644893
544,yR7,0.5046621732269249,134.0,1,[3513],one_led_group,0.4854384142342512,136,0.019223758992673645,False,False,0.4854384142342512,0.4854384142342512
545,yR7,1.2987675848107667,88.0,1,[3514],one_led_group,1.298767584810767,88,2.220446049250313e-16,True,True,1.298767584810767,1.298767584810767
546,yR7,0.4701163517054749,30.0,1,[3515],one_led_group,0.4701163517054748,30,1.1102230246251565e-16,True,True,0.4701163517054748,0.4701163517054748
547,yR7,1.2433979902943713,45.0,1,[3516],one_led_group,1.2244290845246972,46,0.018968905769674027,False,False,1.2244290845246972,1.2244290845246972
548,yR7,1.345553691574987,45.0,1,[3517],one_led_group,1.3305969366045074,46,0.014956754970479658,False,False,1.3305969366045074,1.3305969366045074
549,yR7,0.789598119692068,3.0,1,[3518],one_led_group,0.789598119692068,3,0.0,True,True,0.789598119692068,0.789598119692068
550,yR7,1.6007875792720387,12.0,1,[3519],one_led_group,1.6007875792720387,12,0.0,True,True,1.6007875792720387,1.6007875792720387
551,yR7,1.330873958126661,41.0,1,[3520],one_led_group,1.2115209863809466,43,0.11935297174571446,False,False,1.2115209863809466,1.2115209863809466
552,yR7,0.5861107328695666,30.0,1,[3521],one_led_group,0.5861107328695668,30,2.220446049250313e-16,True,True,0.5861107328695668,0.5861107328695668
553,yR7,1.4260888562045058,23.0,1,[3522],one_led_group,1.4260888562045058,23,0.0,True,True,1.4260888562045058,1.4260888562045058
554,yR7,1.5990939049140018,1.0,1,[3523],one_led_group,1.599093904914002,1,2.220446049250313e-16,True,True,1.599093904914002,1.599093904914002
555,yR7,1.9608816144201404,34.0,1,[3524],one_led_group,1.9608816144201404,34,0.0,True,True,1.9608816144201404,1.9608816144201404
556,yR7,0.7005431865394198,134.0,1,[3525],one_led_group,0.675908242123211,136,0.024634944416208837,False,False,0.675908242123211,0.675908242123211
557,yR7,1.9370198895303317,34.0,1,[3526],one_led_group,1.9370198895303314,34,2.220446049250313e-16,True,True,1.9370198895303314,1.9370198895303314
558,yR7,0.6685174020740645,38.0,1,[3527],one_led_group,0.6685174020740646,38,1.1102230246251565e-16,True,True,0.6685174020740646,0.6685174020740646
559,yR7,1.4701404528506725,4.0,1,[3528],one_led_group,1.4701404528506723,4,2.220446049250313e-16,True,True,1.4701404528506723,1.4701404528506723
560,yR7,1.3763542537087787,18.0,1,[3529],one_led_group,1.3763542537087785,18,2.220446049250313e-16,True,True,1.3763542537087785,1.3763542537087785
561,yR7,0.7442457908069292,12.0,1,[3530],one_led_group,0.7442457908069292,12,0.0,True,True,0.7442457908069292,0.7442457908069292
562,yR7,0.9971602375252756,15.0,1,[3531],one_led_group,0.9971602375252755,15,1.1102230246251565e-16,True,True,0.9971602375252755,0.9971602375252755
563,yR7,0.7975375486650966,12.0,1,[3532],one_led_group,0.7975375486650966,12,0.0,True,True,0.7975375486650966,0.7975375486650966
564,yR7,1.2279530784562225,23.0,1,[3533],one_led_group,1.1432227211102732,24,0.08473035734594925,False,False,1.1432227211102732,1.1432227211102732
565,yR7,1.269560547498534,3.0,1,[3534],one_led_group,1.2695605474985339,3,2.220446049250313e-16,True,True,1.2695605474985339,1.2695605474985339
566,yR7,1.15479904249173,13.0,1,[3535],one_led_group,1.1547990424917303,13,2.220446049250313e-16,True,True,1.1547990424917303,1.1547990424917303
567,yR7,1.3094009446800985,9.0,1,[3536],one_led_group,1.3094009446800987,9,2.220446049250313e-16,True,True,1.3094009446800987,1.3094009446800987
568,yR7,0.4783191897661873,35.0,1,[3537],one_led_group,0.4783191897661873,35,0.0,True,True,0.4783191897661873,0.4783191897661873
569,yR7,1.311422084782589,12.0,1,[3538],one_led_group,1.3114220847825895,12,4.440892098500626e-16,True,True,1.3114220847825895,1.3114220847825895
570,yR7,1.4666314356985406,37.0,1,[3539],one_led_group,1.4666314356985406,37,0.0,True,True,1.4666314356985406,1.4666314356985406
571,yR7,0.9787281251244161,15.0,1,[3540],one_led_group,0.9787281251244162,15,1.1102230246251565e-16,True,True,0.9787281251244162,0.9787281251244162
572,yR7,1.3435082039860917,26.0,1,[3541],one_led_group,1.3435082039860913,26,4.440892098500626e-16,True,True,1.3435082039860913,1.3435082039860913
573,yR7,1.353346145068557,88.0,1,[3542],one_led_group,1.2974035598777662,90,0.05594258519079087,False,False,1.2974035598777662,1.2974035598777662
574,yR7,1.3768685619711643,26.0,1,[3543],one_led_group,1.3768685619711643,26,0.0,True,True,1.3768685619711643,1.3768685619711643
575,yR7,1.3436153066055332,11.0,1,[3544],one_led_group,1.3436153066055327,11,4.440892098500626e-16,True,True,1.3436153066055327,1.3436153066055327
576,yR7,0.6152181169148373,35.0,1,[3545],one_led_group,0.6152181169148371,35,2.220446049250313e-16,True,True,0.6152181169148371,0.6152181169148371
577,yR7,1.346728069168805,18.0,1,[3546],one_led_group,1.346728069168805,18,0.0,True,True,1.346728069168805,1.346728069168805
578,yR7,1.5076239490445147,41.0,1,[3547],one_led_group,1.507623949044515,41,2.220446049250313e-16,True,True,1.507623949044515,1.507623949044515
579,yR7,0.9775002943149074,38.0,1,[3548],one_led_group,0.9775002943149076,38,2.220446049250313e-16,True,True,0.9775002943149076,0.9775002943149076
580,yR7,1.0970595271721884,4.0,1,[3549],one_led_group,1.0970595271721886,4,2.220446049250313e-16,True,True,1.0970595271721886,1.0970595271721886
581,yR7,1.328027870108914,37.0,1,[3550],one_led_group,1.3280278701089139,37,2.220446049250313e-16,True,True,1.3280278701089139,1.3280278701089139
582,yR7,1.406716985982105,25.0,1,[3551],one_led_group,1.4067169859821052,25,2.220446049250313e-16,True,True,1.4067169859821052,1.4067169859821052
583,yR7,1.2947605564970253,88.0,1,[3552],one_led_group,1.2371454830592503,90,0.057615073437774944,False,False,1.2371454830592503,1.2371454830592503
584,yR7,1.2125473046111375,41.0,1,[3553],one_led_group,1.101297863022613,43,0.11124944158852457,False,False,1.101297863022613,1.101297863022613
585,yR7,1.348062522846848,41.0,1,[3554],one_led_group,1.2244027775059103,43,0.1236597453409376,False,False,1.2244027775059103,1.2244027775059103
586,yR7,2.064220910342575,1.0,1,[3555],one_led_group,2.064220910342575,1,0.0,True,True,2.064220910342575,2.064220910342575
587,yR7,1.9982246659038796,1.0,1,[3556],one_led_group,1.9982246659038798,1,2.220446049250313e-16,True,True,1.9982246659038798,1.9982246659038798
588,yR7,1.77611979139624,15.0,1,[3557],one_led_group,1.7761197913962399,15,2.220446049250313e-16,True,True,1.7761197913962399,1.7761197913962399
589,yR7,1.1174768619212272,1.0,1,[3558],one_led_group,1.1174768619212272,1,0.0,True,True,1.1174768619212272,1.1174768619212272
590,yR7,1.6715235917498226,22.0,1,[3559],one_led_group,1.6715235917498226,22,0.0,True,True,1.6715235917498226,1.6715235917498226
591,yR7,1.337445531990593,73.0,1,[3560],one_led_group,1.2574348344271884,76,0.08001069756340451,False,False,1.2574348344271884,1.2574348344271884
592,yR7,1.4169097661739856,10.0,1,[3561],one_led_group,1.4169097661739856,10,0.0,True,True,1.4169097661739856,1.4169097661739856
593,yR7,1.2433461753508959,28.0,1,[3562],one_led_group,1.2433461753508954,28,4.440892098500626e-16,True,True,1.2433461753508954,1.2433461753508954
594,yR7,1.437509737161022,66.0,1,[3563],one_led_group,1.4375097371610226,66,6.661338147750939e-16,True,True,1.4375097371610226,1.4375097371610226
595,yR7,1.294246854739695,34.0,1,[3564],one_led_group,1.2846980048310475,35,0.009548849908647572,False,False,1.2846980048310475,1.2846980048310475
596,yR7,1.933113883482734,1.0,1,[3565],one_led_group,1.9331138834827335,1,4.440892098500626e-16,True,True,1.9331138834827335,1.9331138834827335
597,yR7,1.3997504900897586,38.0,1,[3566],one_led_group,1.3997504900897586,38,0.0,True,True,1.3997504900897586,1.3997504900897586
598,yR7,1.2670667824026556,34.0,1,[3567],one_led_group,1.2448054976003158,35,0.022261284802339798,False,False,1.2448054976003158,1.2448054976003158
599,yR7,1.3414453846010763,66.0,1,[3568],one_led_group,1.2368905169695532,69,0.10455486763152311,False,False,1.2368905169695532,1.2368905169695532
600,yR7,1.3236637523277923,73.0,1,[3569],one_led_group,1.2505129524194707,76,0.07315079990832163,False,False,1.2505129524194707,1.2505129524194707
601,yR7,1.2897958103917613,66.0,1,[3570],one_led_group,1.195920604382218,69,0.09387520600954335,False,False,1.195920604382218,1.195920604382218
602,yR7,1.4041925242124063,66.0,1,[3571],one_led_group,1.404192524212407,66,6.661338147750939e-16,True,True,1.404192524212407,1.404192524212407
603,yR7,1.8180916629696828,38.0,1,[3572],one_led_group,1.818091662969683,38,2.220446049250313e-16,True,True,1.818091662969683,1.818091662969683
604,yR7,1.2767602000364673,41.0,1,[3573],one_led_group,1.2767602000364677,41,4.440892098500626e-16,True,True,1.2767602000364677,1.2767602000364677
605,yR7,1.2578709388123546,11.0,1,[3574],one_led_group,1.2578709388123546,11,0.0,True,True,1.2578709388123546,1.2578709388123546
606,yR7,1.3755539596305286,131.0,1,[3575],one_led_group,1.324986089277371,134,0.050567870353157574,False,False,1.324986089277371,1.324986089277371
607,yR7,1.4603630149216535,1.0,1,[3576],one_led_group,1.460363014921654,1,4.440892098500626e-16,True,True,1.460363014921654,1.460363014921654
608,yR7,2.121394145123977,12.0,1,[3577],one_led_group,2.1213941451239777,12,8.881784197001252e-16,True,True,2.1213941451239777,2.1213941451239777
609,yR7,2.079638508586439,3.0,1,[3578],one_led_group,2.0796385085864393,3,4.440892098500626e-16,True,True,2.0796385085864393,2.0796385085864393
610,yR7,2.0736229696778232,13.0,1,[3579],one_led_group,2.073622969677823,13,4.440892098500626e-16,True,True,2.073622969677823,2.073622969677823
611,yR7,1.317901982860968,41.0,1,[3580],one_led_group,1.1985344524738801,43,0.1193675303870878,False,False,1.1985344524738801,1.1985344524738801
612,yR7,1.394477241623067,131.0,1,[3581],one_led_group,1.3498954535564205,134,0.04458178806664659,False,False,1.3498954535564205,1.3498954535564205
613,yR7,2.2212373843276727,28.0,1,[3582],one_led_group,2.2212373843276727,28,0.0,True,True,2.2212373843276727,2.2212373843276727
614,pR8,0.9594043859391499,29.0,1,[2963],one_led_group,0.9594043859391499,29,0.0,True,True,0.9594043859391499,0.9594043859391499
615,pR8,1.1494814513064935,19.0,1,[2964],one_led_group,1.2202014966862411,20,0.07072004537974763,False,False,1.2202014966862411,1.2202014966862411
616,pR8,1.35584151612002,12.0,1,[2965],one_led_group,1.3558415161200201,12,2.220446049250313e-16,True,True,1.3558415161200201,1.3558415161200201
617,pR8,1.2225999617590604,13.0,1,[2966],one_led_group,1.1606056611855038,14,0.06199430057355659,False,False,1.1606056611855038,1.1606056611855038
618,pR8,1.3469469815789998,14.0,1,[2967],one_led_group,1.3087085944859551,15,0.03823838709304472,False,False,1.3087085944859551,1.3087085944859551
619,pR8,1.5035784990445022,16.0,1,[2968],one_led_group,1.5035784990445022,16,0.0,True,True,1.5035784990445022,1.5035784990445022
620,pR8,0.8475166884626545,30.0,1,[2969],one_led_group,0.7314883956744628,31,0.11602829278819171,False,False,0.7314883956744628,0.7314883956744628
621,pR8,1.3209331016499566,23.0,1,[2970],one_led_group,1.3209331016499568,23,2.220446049250313e-16,True,True,1.3209331016499568,1.3209331016499568
622,pR8,1.2707369716953099,35.0,1,[2971],one_led_group,1.2619931419074377,36,0.008743829787872137,False,False,1.2619931419074377,1.2619931419074377
623,pR8,0.9838459348081934,6.0,1,[2972],one_led_group,0.9838459348081933,6,1.1102230246251565e-16,True,True,0.9838459348081933,0.9838459348081933
624,pR8,1.2343754723463012,36.0,1,[2973],one_led_group,1.2343754723463012,36,0.0,True,True,1.2343754723463012,1.2343754723463012
625,pR8,0.34221632244160916,13.0,1,[2974],one_led_group,0.2566245009923556,14,0.08559182144925354,False,False,0.2566245009923556,0.2566245009923556
626,pR8,1.189639332338069,17.0,1,[2975],one_led_group,1.1896393323380692,17,2.220446049250313e-16,True,True,1.1896393323380692,1.1896393323380692
627,pR8,1.0218260543460873,25.0,1,[2976],one_led_group,0.9693353915911997,26,0.05249066275488756,False,False,0.9693353915911997,0.9693353915911997
628,pR8,0.9193648746911371,12.0,1,[2977],one_led_group,0.9193648746911371,12,0.0,True,True,0.9193648746911371,0.9193648746911371
629,pR8,0.7425749029884827,23.0,1,[2978],one_led_group,0.7425749029884829,23,2.220446049250313e-16,True,True,0.7425749029884829,0.7425749029884829
630,pR8,1.3367258290524249,7.0,1,[2979],one_led_group,1.336725829052425,7,2.220446049250313e-16,True,True,1.336725829052425,1.336725829052425
631,pR8,0.8977882829565237,6.0,1,[2980],one_led_group,0.8977882829565237,6,0.0,True,True,0.8977882829565237,0.8977882829565237
632,pR8,1.3108520173082643,12.0,1,[2981],one_led_group,1.310852017308264,12,2.220446049250313e-16,True,True,1.310852017308264,1.310852017308264
633,pR8,1.049801515930803,33.0,1,[2982],one_led_group,1.0498015159308027,33,2.220446049250313e-16,True,True,1.0498015159308027,1.0498015159308027
634,pR8,1.3446721907731163,6.0,1,[2983],one_led_group,1.3446721907731165,6,2.220446049250313e-16,True,True,1.3446721907731165,1.3446721907731165
635,pR8,1.2894694944372251,26.0,1,[2984],one_led_group,1.264487485372098,27,0.024982009065127153,False,False,1.264487485372098,1.264487485372098
636,pR8,1.1210987727681017,1.0,1,[2985],one_led_group,1.1210987727681014,1,2.220446049250313e-16,True,True,1.1210987727681014,1.1210987727681014
637,pR8,0.9982449151333773,19.0,1,[2986],one_led_group,0.9982449151333771,19,2.220446049250313e-16,True,True,0.9982449151333771,0.9982449151333771
638,pR8,1.2307316519574922,81.0,1,[2987],one_led_group,1.230731651957492,81,2.220446049250313e-16,True,True,1.230731651957492,1.230731651957492
639,pR8,1.4937989162986895,6.0,1,[2988],one_led_group,1.4937989162986895,6,0.0,True,True,1.4937989162986895,1.4937989162986895
640,pR8,1.325391824259987,6.0,1,[2989],one_led_group,1.3253918242599874,6,4.440892098500626e-16,True,True,1.3253918242599874,1.3253918242599874
641,pR8,1.6600714224430193,22.0,1,[2990],one_led_group,1.660071422443019,22,2.220446049250313e-16,True,True,1.660071422443019,1.660071422443019
642,pR8,1.248204334612906,55.0,1,[2991],one_led_group,1.248204334612906,55,0.0,True,True,1.248204334612906,1.248204334612906
643,pR8,1.4115824955321756,7.0,1,[2992],one_led_group,1.4115824955321752,7,4.440892098500626e-16,True,True,1.4115824955321752,1.4115824955321752
644,pR8,0.7103832074925936,6.0,1,[2994],one_led_group,0.7103832074925936,6,0.0,True,True,0.7103832074925936,0.7103832074925936
645,pR8,1.0100012813753367,6.0,1,[2995],one_led_group,1.0100012813753365,6,2.220446049250313e-16,True,True,1.0100012813753365,1.0100012813753365
646,pR8,1.1685689051730055,17.0,1,[2996],one_led_group,1.1685689051730055,17,0.0,True,True,1.1685689051730055,1.1685689051730055
647,pR8,1.2409976744086766,23.0,1,[2997],one_led_group,1.197735932361494,24,0.04326174204718258,False,False,1.197735932361494,1.197735932361494
648,pR8,1.327351409056419,6.0,1,[2998],one_led_group,1.327351409056419,6,0.0,True,True,1.327351409056419,1.327351409056419
649,pR8,0.41641957505961985,34.0,1,[2999],one_led_group,0.4164195750596198,34,5.551115123125783e-17,True,True,0.4164195750596198,0.4164195750596198
650,pR8,1.1065499909341885,29.0,1,[3000],one_led_group,1.1065499909341887,29,2.220446049250313e-16,True,True,1.1065499909341887,1.1065499909341887
651,pR8,1.1841271282260557,31.0,1,[3001],one_led_group,1.1841271282260555,31,2.220446049250313e-16,True,True,1.1841271282260555,1.1841271282260555
652,pR8,1.2595373372042817,13.0,1,[3002],one_led_group,1.2595373372042817,13,0.0,True,True,1.2595373372042817,1.2595373372042817
653,pR8,0.8198256483845882,13.0,1,[3003],one_led_group,0.8198256483845879,13,2.220446049250313e-16,True,True,0.8198256483845879,0.8198256483845879
654,pR8,1.5230485425552287,9.0,1,[3004],one_led_group,1.5230485425552287,9,0.0,True,True,1.5230485425552287,1.5230485425552287
655,pR8,0.9990242110168059,29.0,1,[3005],one_led_group,0.9990242110168062,29,2.220446049250313e-16,True,True,0.9990242110168062,0.9990242110168062
656,pR8,0.5286527841828245,16.0,1,[3006],one_led_group,0.5286527841828245,16,0.0,True,True,0.5286527841828245,0.5286527841828245
657,pR8,1.43132011733799,9.0,1,[3007],one_led_group,1.4313201173379904,9,4.440892098500626e-16,True,True,1.4313201173379904,1.4313201173379904
658,pR8,1.2646630063924786,6.0,1,[3008],one_led_group,1.2646630063924789,6,2.220446049250313e-16,True,True,1.2646630063924789,1.2646630063924789
659,pR8,1.1750666210192617,32.0,1,[3009],one_led_group,1.175066621019262,32,2.220446049250313e-16,True,True,1.175066621019262,1.175066621019262
660,pR8,1.484730522891186,1.0,1,[3010],one_led_group,1.4847305228911862,1,2.220446049250313e-16,True,True,1.4847305228911862,1.4847305228911862
661,pR8,1.1675896755241708,13.0,1,[3011],one_led_group,1.1675896755241708,13,0.0,True,True,1.1675896755241708,1.1675896755241708
662,pR8,1.087946977716429,16.0,1,[3012],one_led_group,1.0879469777164288,16,2.220446049250313e-16,True,True,1.0879469777164288,1.0879469777164288
663,pR8,0.7474623506270535,6.0,1,[3013],one_led_group,0.7474623506270536,6,1.1102230246251565e-16,True,True,0.7474623506270536,0.7474623506270536
664,pR8,0.8522379448886603,42.0,1,[3014],one_led_group,0.8603152982477695,43,0.008077353359109196,False,False,0.8603152982477695,0.8603152982477695
665,pR8,0.7929894919564479,103.0,1,[3015],one_led_group,0.7832633194302538,104,0.00972617252619401,False,False,0.7832633194302538,0.7832633194302538
666,pR8,0.020768800258526794,16.0,1,[3016],one_led_group,0.020768800258526798,16,3.469446951953614e-18,True,True,0.020768800258526798,0.020768800258526798
667,pR8,0.03099507747288101,19.0,1,[3017],one_led_group,0.06589637544376661,20,0.034901297970885606,False,False,0.06589637544376661,0.06589637544376661
668,pR8,-0.2263205666477326,29.0,1,[3018],one_led_group,-0.22632056664773256,29,2.7755575615628914e-17,True,True,-0.22632056664773256,-0.22632056664773256
669,pR8,0.2583375292884366,12.0,1,[3019],one_led_group,0.2583375292884366,12,0.0,True,True,0.2583375292884366,0.2583375292884366
670,pR8,1.134923459701153,6.0,1,[3020],one_led_group,1.1349234597011533,6,2.220446049250313e-16,True,True,1.1349234597011533,1.1349234597011533
671,pR8,0.9890404800727853,30.0,1,[3021],one_led_group,0.9189424343836172,31,0.07009804568916811,False,False,0.9189424343836172,0.9189424343836172
672,pR8,1.2786826035001464,17.0,1,[3022],one_led_group,1.2786826035001464,17,0.0,True,True,1.2786826035001464,1.2786826035001464
673,pR8,0.7359933917860365,13.0,1,[3023],one_led_group,0.5541457598919192,14,0.18184763189411735,False,False,0.5541457598919192,0.5541457598919192
674,pR8,1.231559844220321,7.0,1,[3024],one_led_group,1.231559844220321,7,0.0,True,True,1.231559844220321,1.231559844220321
675,pR8,1.344140144505468,7.0,1,[3025],one_led_group,1.3441401445054677,7,2.220446049250313e-16,True,True,1.3441401445054677,1.3441401445054677
676,pR8,1.3558203993277158,28.0,1,[3026],one_led_group,1.355820399327716,28,2.220446049250313e-16,True,True,1.355820399327716,1.355820399327716
677,pR8,1.2876544142617075,28.0,1,[3027],one_led_group,1.2876544142617072,28,2.220446049250313e-16,True,True,1.2876544142617072,1.2876544142617072
678,pR8,0.9569914525966059,29.0,1,[3028],one_led_group,0.956991452596606,29,1.1102230246251565e-16,True,True,0.956991452596606,0.956991452596606
679,pR8,1.1168414638798316,19.0,1,[3029],one_led_group,1.0645827614192112,20,0.052258702460620476,False,False,1.0645827614192112,1.0645827614192112
680,pR8,0.9901864994295632,25.0,1,[3030],one_led_group,0.9172446227253767,26,0.0729418767041865,False,False,0.9172446227253767,0.9172446227253767
681,pR8,1.510412623676128,6.0,1,[3031],one_led_group,1.5104126236761282,6,2.220446049250313e-16,True,True,1.5104126236761282,1.5104126236761282
682,pR8,1.1005131173697056,6.0,1,[3032],one_led_group,1.1005131173697056,6,0.0,True,True,1.1005131173697056,1.1005131173697056
683,pR8,1.3470851233089738,14.0,1,[3033],one_led_group,1.3774283297149847,15,0.03034320640601096,False,False,1.3774283297149847,1.3774283297149847
684,pR8,1.1132813351824218,29.0,1,[3034],one_led_group,1.1132813351824218,29,0.0,True,True,1.1132813351824218,1.1132813351824218
685,pR8,0.8057956947244032,76.0,1,[3035],one_led_group,0.8057956947244035,76,3.3306690738754696e-16,True,True,0.8057956947244035,0.8057956947244035
686,pR8,0.6804925222516948,13.0,1,[3036],one_led_group,0.5209421163841375,14,0.1595504058675573,False,False,0.5209421163841375,0.5209421163841375
687,pR8,1.1274897145530065,30.0,1,[3037],one_led_group,1.0394792327225244,31,0.0880104818304821,False,False,1.0394792327225244,1.0394792327225244
688,pR8,1.347440788435948,17.0,1,[3038],one_led_group,1.347440788435948,17,0.0,True,True,1.347440788435948,1.347440788435948
689,pR8,1.3711088251018284,16.0,1,[3039],one_led_group,1.3711088251018286,16,2.220446049250313e-16,True,True,1.3711088251018286,1.3711088251018286
690,pR8,1.0399258407786542,30.0,1,[3041],one_led_group,0.9963417368028014,31,0.043584103975852884,False,False,0.9963417368028014,0.9963417368028014
691,pR8,1.2828453122197878,23.0,1,[3042],one_led_group,1.282845312219788,23,2.220446049250313e-16,True,True,1.282845312219788,1.282845312219788
692,pR8,1.3482526545066589,35.0,1,[3043],one_led_group,1.249399107337984,36,0.0988535471686749,False,False,1.249399107337984,1.249399107337984
693,pR8,1.2646622241193344,107.0,1,[3044],one_led_group,1.2646622241193348,107,4.440892098500626e-16,True,True,1.2646622241193348,1.2646622241193348
694,pR8,1.452614312572804,6.0,1,[3045],one_led_group,1.452614312572804,6,0.0,True,True,1.452614312572804,1.452614312572804
695,pR8,1.174231477952683,41.0,1,[3046],one_led_group,1.1742314779526832,41,2.220446049250313e-16,True,True,1.1742314779526832,1.1742314779526832
696,pR8,1.0395692135721792,77.0,1,[3047],one_led_group,1.0395692135721792,77,0.0,True,True,1.0395692135721792,1.0395692135721792
697,pR8,1.2025468046052994,7.0,1,[3048],one_led_group,1.2025468046052994,7,0.0,True,True,1.2025468046052994,1.2025468046052994
698,pR8,1.1862464685191223,30.0,1,[3049],one_led_group,1.132402273833303,31,0.05384419468581925,False,False,1.132402273833303,1.132402273833303
699,pR8,1.169999537196524,30.0,1,[3050],one_led_group,1.092738510789702,31,0.07726102640682186,False,False,1.092738510789702,1.092738510789702
700,pR8,1.3643122565065824,7.0,1,[3051],one_led_group,1.3643122565065826,7,2.220446049250313e-16,True,True,1.3643122565065826,1.3643122565065826
701,pR8,1.2735916642765055,7.0,1,[3052],one_led_group,1.2735916642765057,7,2.220446049250313e-16,True,True,1.2735916642765057,1.2735916642765057
702,pR8,0.09210882360340876,7.0,1,[3053],one_led_group,0.09210882360340879,7,2.7755575615628914e-17,True,True,0.09210882360340879,0.09210882360340879
703,pR8,-0.12461999318034221,6.0,1,[3054],one_led_group,-0.12461999318034217,6,4.163336342344337e-17,True,True,-0.12461999318034217,-0.12461999318034217
704,pR8,1.066640131028792,68.0,1,[3055],one_led_group,1.066640131028792,68,0.0,True,True,1.066640131028792,1.066640131028792
705,pR8,1.1365993978119748,25.0,1,[3056],one_led_group,1.0205489126050231,26,0.11605048520695171,False,False,1.0205489126050231,1.0205489126050231
706,pR8,1.0030306851450341,25.0,1,[3057],one_led_group,0.9268465520415812,26,0.07618413310345296,False,False,0.9268465520415812,0.9268465520415812
707,pR8,1.2485311762998117,36.0,1,[3058],one_led_group,1.2485311762998115,36,2.220446049250313e-16,True,True,1.2485311762998115,1.2485311762998115
708,pR8,1.0416490379385828,29.0,1,[3059],one_led_group,1.041649037938583,29,2.220446049250313e-16,True,True,1.041649037938583,1.041649037938583
709,pR8,1.3508831046259282,23.0,1,[3060],one_led_group,1.3393565013575757,24,0.011526603268352531,False,False,1.3393565013575757,1.3393565013575757
710,pR8,1.3746642282284909,23.0,1,[3061],one_led_group,1.384616853334232,24,0.00995262510574113,False,False,1.384616853334232,1.384616853334232
711,pR8,1.3489569657773508,12.0,1,[3062],one_led_group,1.3489569657773508,12,0.0,True,True,1.3489569657773508,1.3489569657773508
712,pR8,1.1827326307573482,20.0,1,[3063],one_led_group,1.1827326307573482,20,0.0,True,True,1.1827326307573482,1.1827326307573482
713,pR8,1.1616910104010656,20.0,1,[3064],one_led_group,1.1616910104010656,20,0.0,True,True,1.1616910104010656,1.1616910104010656
714,pR8,1.1159623332271116,6.0,1,[3065],one_led_group,1.1159623332271116,6,0.0,True,True,1.1159623332271116,1.1159623332271116
715,pR8,1.3943940271638848,6.0,1,[3066],one_led_group,1.3943940271638846,6,2.220446049250313e-16,True,True,1.3943940271638846,1.3943940271638846
716,pR8,0.3761852260645022,13.0,1,[3067],one_led_group,0.3362984554886897,14,0.039886770575812525,False,False,0.3362984554886897,0.3362984554886897
717,pR8,1.0043461057473981,42.0,1,[3068],one_led_group,0.9878051050717283,43,0.01654100067566988,False,False,0.9878051050717283,0.9878051050717283
718,pR8,1.0448430874289318,42.0,1,[3069],one_led_group,0.9993354386763509,43,0.045507648752580954,False,False,0.9993354386763509,0.9993354386763509
719,pR8,0.38953271456946625,19.0,1,[3070],one_led_group,0.3621778753346253,20,0.027354839234840944,False,False,0.3621778753346253,0.3621778753346253
720,pR8,0.9807205471230108,12.0,1,[3071],one_led_group,0.9807205471230108,12,0.0,True,True,0.9807205471230108,0.9807205471230108
721,pR8,0.6853549495886598,23.0,1,[3072],one_led_group,0.6853549495886597,23,1.1102230246251565e-16,True,True,0.6853549495886597,0.6853549495886597
722,pR8,1.3367270742698096,7.0,1,[3073],one_led_group,1.3367270742698096,7,0.0,True,True,1.3367270742698096,1.3367270742698096
723,pR8,0.696716473759534,6.0,1,[3074],one_led_group,0.696716473759534,6,0.0,True,True,0.696716473759534,0.696716473759534
724,pR8,0.2658523392743414,29.0,1,[3075],one_led_group,0.2658523392743414,29,0.0,True,True,0.2658523392743414,0.2658523392743414
725,pR8,1.2816799367990614,12.0,1,[3076],one_led_group,1.2816799367990614,12,0.0,True,True,1.2816799367990614,1.2816799367990614
726,pR8,0.9295792482092112,19.0,1,[3077],one_led_group,0.9295792482092115,19,2.220446049250313e-16,True,True,0.9295792482092115,0.9295792482092115
727,pR8,1.082478815829213,42.0,1,[3078],one_led_group,1.0321629120351303,43,0.05031590379408257,False,False,1.0321629120351303,1.0321629120351303
728,pR8,1.2923948233481108,12.0,1,[3079],one_led_group,1.2923948233481106,12,2.220446049250313e-16,True,True,1.2923948233481106,1.2923948233481106
729,pR8,0.9000536658429322,33.0,1,[3080],one_led_group,0.9000536658429322,33,0.0,True,True,0.9000536658429322,0.9000536658429322
730,pR8,0.36535861879716475,20.0,1,[3081],one_led_group,0.3653586187971648,20,5.551115123125783e-17,True,True,0.3653586187971648,0.3653586187971648
731,pR8,1.1641963970854827,6.0,1,[3082],one_led_group,1.164196397085483,6,2.220446049250313e-16,True,True,1.164196397085483,1.164196397085483
732,pR8,1.4755371049042032,6.0,1,[3083],one_led_group,1.4755371049042034,6,2.220446049250313e-16,True,True,1.4755371049042034,1.4755371049042034
733,pR8,1.2551072301122093,26.0,1,[3084],one_led_group,1.2270387255383397,27,0.028068504573869557,False,False,1.2270387255383397,1.2270387255383397
734,pR8,-0.17615008893579323,9.0,1,[3085],one_led_group,-0.17615008893579315,9,8.326672684688674e-17,True,True,-0.17615008893579315,-0.17615008893579315
735,pR8,1.2083105500472058,32.0,1,[3086],one_led_group,1.2083105500472058,32,0.0,True,True,1.2083105500472058,1.2083105500472058
736,pR8,1.0245725014126539,180.0,1,[3087],one_led_group,1.0204300709980727,182,0.0041424304145811774,False,False,1.0204300709980727,1.0204300709980727
737,pR8,0.8068122211267104,26.0,1,[3088],one_led_group,0.778481772684034,27,0.028330448442676404,False,False,0.778481772684034,0.778481772684034
738,pR8,0.8252616837757673,26.0,1,[3089],one_led_group,0.7970284786737325,27,0.028233205102034753,False,False,0.7970284786737325,0.7970284786737325
739,pR8,1.0003000922889476,6.0,1,[3090],one_led_group,1.0003000922889476,6,0.0,True,True,1.0003000922889476,1.0003000922889476
740,pR8,0.8486410136561461,6.0,1,[3091],one_led_group,0.8486410136561462,6,1.1102230246251565e-16,True,True,0.8486410136561462,0.8486410136561462
741,pR8,1.4808468734964662,6.0,1,[3092],one_led_group,1.4808468734964662,6,0.0,True,True,1.4808468734964662,1.4808468734964662
742,pR8,0.556231502135264,77.0,1,[3093],one_led_group,0.5562315021352636,77,3.3306690738754696e-16,True,True,0.5562315021352636,0.5562315021352636
743,pR8,0.5006091347661573,90.0,1,[3094],one_led_group,0.5006091347661572,90,1.1102230246251565e-16,True,True,0.5006091347661572,0.5006091347661572
744,pR8,0.45266355352116217,13.0,1,[3095],one_led_group,0.4526635535211623,13,1.1102230246251565e-16,True,True,0.4526635535211623,0.4526635535211623
745,pR8,1.1297013290881524,60.0,1,[3098],one_led_group,1.1297013290881524,60,0.0,True,True,1.1297013290881524,1.1297013290881524
746,pR8,0.9022393388445494,13.0,1,[3099],one_led_group,0.9022393388445494,13,0.0,True,True,0.9022393388445494,0.9022393388445494
747,pR8,0.7747819082920976,16.0,1,[3100],one_led_group,0.7747819082920977,16,1.1102230246251565e-16,True,True,0.7747819082920977,0.7747819082920977
748,pR8,0.9196159412397888,6.0,1,[3101],one_led_group,0.919615941239789,6,1.1102230246251565e-16,True,True,0.919615941239789,0.919615941239789
749,pR8,1.1127981427152565,12.0,1,[3102],one_led_group,1.1127981427152562,12,2.220446049250313e-16,True,True,1.1127981427152562,1.1127981427152562
750,pR8,1.1084601675316603,13.0,1,[3103],one_led_group,1.024591106880817,14,0.08386906065084343,False,False,1.024591106880817,1.024591106880817
751,pR8,1.3327365196309502,35.0,1,[3104],one_led_group,1.3265950329595653,36,0.0061414866713849214,False,False,1.3265950329595653,1.3265950329595653
752,pR8,0.4518287531500919,39.0,1,[3105],one_led_group,0.45182875315009197,39,5.551115123125783e-17,True,True,0.45182875315009197,0.45182875315009197
753,pR8,1.3805531398493576,1.0,1,[3106],one_led_group,1.3805531398493573,1,2.220446049250313e-16,True,True,1.3805531398493573,1.3805531398493573
754,pR8,0.24233418000504278,13.0,1,[3107],one_led_group,0.1825036397450494,14,0.059830540259993376,False,False,0.1825036397450494,0.1825036397450494
755,pR8,1.0644578977584302,96.0,1,[3108],one_led_group,1.0644578977584305,96,2.220446049250313e-16,True,True,1.0644578977584305,1.0644578977584305
756,pR8,1.2243100653218526,35.0,1,[3109],one_led_group,1.2243100653218526,35,0.0,True,True,1.2243100653218526,1.2243100653218526
757,pR8,1.0892860921627838,9.0,1,[3110],one_led_group,1.0892860921627836,9,2.220446049250313e-16,True,True,1.0892860921627836,1.0892860921627836
758,pR8,0.7587106177618504,7.0,1,[3111],one_led_group,0.591779822935433,8,0.16693079482641748,False,False,0.591779822935433,0.591779822935433
759,pR8,0.0605578748485814,7.0,1,[3112],one_led_group,0.060557874848581404,7,6.938893903907228e-18,True,True,0.060557874848581404,0.060557874848581404
760,pR8,-0.003517217615819506,6.0,1,[3113],one_led_group,-0.0035172176158195095,6,3.469446951953614e-18,True,True,-0.0035172176158195095,-0.0035172176158195095
761,pR8,1.2370527525966855,6.0,1,[3114],one_led_group,1.2370527525966855,6,0.0,True,True,1.2370527525966855,1.2370527525966855
762,pR8,1.011664914496123,48.0,1,[3115],one_led_group,1.011664914496123,48,0.0,True,True,1.011664914496123,1.011664914496123
763,pR8,0.8050303647486546,6.0,1,[3116],one_led_group,0.8050303647486547,6,1.1102230246251565e-16,True,True,0.8050303647486547,0.8050303647486547
764,pR8,1.1303516049569884,7.0,1,[3117],one_led_group,1.1303516049569884,7,0.0,True,True,1.1303516049569884,1.1303516049569884
765,pR8,1.0718659230410015,6.0,1,[3118],one_led_group,1.071865923041002,6,4.440892098500626e-16,True,True,1.071865923041002,1.071865923041002
766,pR8,1.255981915897244,16.0,1,[3119],one_led_group,1.255981915897244,16,0.0,True,True,1.255981915897244,1.255981915897244
767,pR8,1.0303067048732832,16.0,1,[3120],one_led_group,1.030306704873283,16,2.220446049250313e-16,True,True,1.030306704873283,1.030306704873283
768,pR8,1.4750853696044068,23.0,1,[3121],one_led_group,1.418336994172013,24,0.05674837543239386,False,False,1.418336994172013,1.418336994172013
769,pR8,0.5769918935248752,20.0,1,[3122],one_led_group,0.5769918935248755,20,2.220446049250313e-16,True,True,0.5769918935248755,0.5769918935248755
770,pR8,0.5536448842484395,16.0,1,[3123],one_led_group,0.5536448842484395,16,0.0,True,True,0.5536448842484395,0.5536448842484395
771,pR8,0.6876313476504282,39.0,1,[3124],one_led_group,0.6876313476504282,39,0.0,True,True,0.6876313476504282,0.6876313476504282
772,pR8,1.2759433770620767,13.0,1,[3125],one_led_group,1.2759433770620765,13,2.220446049250313e-16,True,True,1.2759433770620765,1.2759433770620765
773,pR8,1.2983104533050807,13.0,1,[3126],one_led_group,1.2983104533050804,13,2.220446049250313e-16,True,True,1.2983104533050804,1.2983104533050804
774,pR8,1.2668595830610132,19.0,1,[3127],one_led_group,1.2668595830610132,19,0.0,True,True,1.2668595830610132,1.2668595830610132
775,pR8,1.130598208599449,17.0,1,[3128],one_led_group,1.130598208599449,17,0.0,True,True,1.130598208599449,1.130598208599449
776,pR8,1.1456301853387496,29.0,1,[3129],one_led_group,1.1456301853387498,29,2.220446049250313e-16,True,True,1.1456301853387498,1.1456301853387498
777,pR8,1.1833727124377216,12.0,1,[3130],one_led_group,1.1833727124377216,12,0.0,True,True,1.1833727124377216,1.1833727124377216
778,pR8,1.2780080467405166,7.0,1,[3131],one_led_group,1.2780080467405168,7,2.220446049250313e-16,True,True,1.2780080467405168,1.2780080467405168
779,pR8,0.6786582125235153,30.0,1,[3132],one_led_group,0.6064970206276494,31,0.0721611918958659,False,False,0.6064970206276494,0.6064970206276494
780,pR8,0.6398767053217524,34.0,1,[3133],one_led_group,0.6398767053217527,34,2.220446049250313e-16,True,True,0.6398767053217527,0.6398767053217527
781,pR8,0.8443578168173665,7.0,1,[3134],one_led_group,0.78484462322965,8,0.05951319358771656,False,False,0.78484462322965,0.78484462322965
782,pR8,0.3699194367149771,29.0,1,[3135],one_led_group,0.369919436714977,29,1.1102230246251565e-16,True,True,0.369919436714977,0.369919436714977
783,pR8,0.2529082951803589,7.0,1,[3136],one_led_group,0.2529082951803589,7,0.0,True,True,0.2529082951803589,0.2529082951803589
784,pR8,1.2875849580167682,6.0,1,[3137],one_led_group,1.2875849580167682,6,0.0,True,True,1.2875849580167682,1.2875849580167682
785,pR8,1.3916876498696769,6.0,1,[3138],one_led_group,1.391687649869677,6,2.220446049250313e-16,True,True,1.391687649869677,1.391687649869677
786,pR8,1.229505165821759,19.0,1,[3139],one_led_group,1.1867215512356277,20,0.042783614586131335,False,False,1.1867215512356277,1.1867215512356277
787,pR8,1.3232364782539663,6.0,1,[3140],one_led_group,1.3232364782539665,6,2.220446049250313e-16,True,True,1.3232364782539665,1.3232364782539665
788,pR8,-0.7701326417343076,12.0,1,[3141],one_led_group,-0.7701326417343077,12,1.1102230246251565e-16,True,True,-0.7701326417343077,-0.7701326417343077
789,pR8,-0.7070629144205874,12.0,1,[3142],one_led_group,-0.7070629144205874,12,0.0,True,True,-0.7070629144205874,-0.7070629144205874
790,pR8,1.3342535612304505,30.0,1,[3143],one_led_group,1.3153037748271972,31,0.018949786403253288,False,False,1.3153037748271972,1.3153037748271972
791,pR8,1.0870501792518823,96.0,1,[3144],one_led_group,1.0870501792518823,96,0.0,True,True,1.0870501792518823,1.0870501792518823
792,pR8,1.3015407827551537,35.0,1,[3145],one_led_group,1.3015407827551537,35,0.0,True,True,1.3015407827551537,1.3015407827551537
793,pR8,1.2217647926784292,12.0,1,[3146],one_led_group,1.2217647926784292,12,0.0,True,True,1.2217647926784292,1.2217647926784292
794,pR8,1.2237427168491632,12.0,1,[3147],one_led_group,1.2237427168491635,12,2.220446049250313e-16,True,True,1.2237427168491635,1.2237427168491635
795,pR8,1.2376824502895025,12.0,1,[3148],one_led_group,1.2376824502895025,12,0.0,True,True,1.2376824502895025,1.2376824502895025
796,pR8,1.2425591786349643,6.0,1,[3149],one_led_group,1.2425591786349643,6,0.0,True,True,1.2425591786349643,1.2425591786349643
797,pR8,1.2624617717454656,19.0,1,[3150],one_led_group,1.1133988502954117,20,0.14906292145005384,False,False,1.1133988502954117,1.1133988502954117
798,pR8,1.5727364020759558,1.0,1,[3151],one_led_group,1.572736402075956,1,2.220446049250313e-16,True,True,1.572736402075956,1.572736402075956
799,pR8,0.598386144072706,13.0,1,[3152],one_led_group,0.5983861440727059,13,1.1102230246251565e-16,True,True,0.5983861440727059,0.5983861440727059
800,pR8,1.3539587138585651,35.0,1,[3153],one_led_group,1.3539587138585651,35,0.0,True,True,1.3539587138585651,1.3539587138585651
801,pR8,1.1584589016957734,35.0,1,[3154],one_led_group,1.158458901695773,35,4.440892098500626e-16,True,True,1.158458901695773,1.158458901695773
802,pR8,1.4010250650539195,12.0,1,[3155],one_led_group,1.40102506505392,12,4.440892098500626e-16,True,True,1.40102506505392,1.40102506505392
803,pR8,0.04633719056681734,25.0,1,[3156],one_led_group,0.046505343507870195,26,0.0001681529410528515,False,False,0.046505343507870195,0.046505343507870195
804,pR8,0.19086717290308028,25.0,1,[3157],one_led_group,0.17637692051392478,26,0.014490252389155495,False,False,0.17637692051392478,0.17637692051392478
805,pR8,0.530540452404669,14.0,1,[3158],one_led_group,0.46985812608000355,15,0.060682326324665414,False,False,0.46985812608000355,0.46985812608000355
806,pR8,0.5221556555339617,14.0,1,[3159],one_led_group,0.5640784295924984,15,0.04192277405853673,False,False,0.5640784295924984,0.5640784295924984
807,pR8,1.1279188222878105,25.0,1,[3160],one_led_group,1.0646783694354447,26,0.06324045285236579,False,False,1.0646783694354447,1.0646783694354447
808,pR8,0.40590496842737966,9.0,1,[3161],one_led_group,0.40590496842737955,9,1.1102230246251565e-16,True,True,0.40590496842737955,0.40590496842737955
809,pR8,-0.9393421058023063,7.0,1,[3162],one_led_group,-0.9393421058023061,7,1.1102230246251565e-16,True,True,-0.9393421058023061,-0.9393421058023061
810,pR8,-1.0856642305380109,7.0,1,[3163],one_led_group,-1.085664230538011,7,2.220446049250313e-16,True,True,-1.085664230538011,-1.085664230538011
811,pR8,1.4043100897266498,35.0,1,[3164],one_led_group,1.4159466108788412,36,0.011636521152191381,False,False,1.4159466108788412,1.4159466108788412
812,pR8,1.6260548349304484,6.0,1,[3165],one_led_group,1.6260548349304484,6,0.0,True,True,1.6260548349304484,1.6260548349304484
813,pR8,1.1135892867088448,19.0,1,[3166],one_led_group,1.1135892867088448,19,0.0,True,True,1.1135892867088448,1.1135892867088448
814,pR8,1.270018618171892,26.0,1,[3167],one_led_group,1.181063508978222,27,0.08895510919367,False,False,1.181063508978222,1.181063508978222
815,pR8,1.185107994805199,85.0,1,[3168],one_led_group,1.1851079948051986,85,4.440892098500626e-16,True,True,1.1851079948051986,1.1851079948051986
816,pR8,1.0765757499606146,111.0,1,[3169],one_led_group,1.062208700592977,112,0.014367049367637552,False,False,1.062208700592977,1.062208700592977
817,pR8,0.3775665051501881,9.0,1,[3170],one_led_group,0.3775665051501881,9,0.0,True,True,0.3775665051501881,0.3775665051501881
818,pR8,1.6086489864283446,9.0,1,[3171],one_led_group,1.6086489864283449,9,2.220446049250313e-16,True,True,1.6086489864283449,1.6086489864283449
819,pR8,1.1111400971580476,53.0,1,[3172],one_led_group,1.1111400971580483,53,6.661338147750939e-16,True,True,1.1111400971580483,1.1111400971580483
820,pR8,1.1957864740107762,30.0,1,[3173],one_led_group,1.1957864740107764,30,2.220446049250313e-16,True,True,1.1957864740107764,1.1957864740107764
821,pR8,0.8160106837039617,68.0,1,[3174],one_led_group,0.8160106837039619,68,2.220446049250313e-16,True,True,0.8160106837039619,0.8160106837039619
822,pR8,1.09407107148946,7.0,1,[3175],one_led_group,0.9972058258525291,8,0.09686524563693077,False,False,0.9972058258525291,0.9972058258525291
823,pR8,1.2809820062662474,7.0,1,[3176],one_led_group,0.9834918241712683,8,0.297490182094979,False,False,0.9834918241712683,0.9834918241712683
824,pR8,0.1254916235188903,12.0,1,[3177],one_led_group,0.12549162351889026,12,2.7755575615628914e-17,True,True,0.12549162351889026,0.12549162351889026
825,pR8,1.1379059923423331,13.0,1,[3178],one_led_group,1.1379059923423331,13,0.0,True,True,1.1379059923423331,1.1379059923423331
826,pR8,1.1368192376527892,13.0,1,[3179],one_led_group,1.1368192376527892,13,0.0,True,True,1.1368192376527892,1.1368192376527892
827,pR8,0.9833650700482117,48.0,1,[3180],one_led_group,0.9833650700482118,48,1.1102230246251565e-16,True,True,0.9833650700482118,0.9833650700482118
828,pR8,-0.7136770251662213,30.0,1,[3187],one_led_group,-0.664187237635834,31,0.04948978753038735,False,False,-0.664187237635834,-0.664187237635834
829,pR8,-0.6510816685240254,13.0,1,[3188],one_led_group,-0.4551726605481953,14,0.1959090079758301,False,False,-0.4551726605481953,-0.4551726605481953
830,pR8,0.6078008175407091,30.0,1,[3189],one_led_group,0.5407526460620266,31,0.06704817147868258,False,False,0.5407526460620266,0.5407526460620266
831,pR8,1.0526718494925682,7.0,1,[3190],one_led_group,0.9235706797377987,8,0.12910116975476948,False,False,0.9235706797377987,0.9235706797377987
832,pR8,-0.22147911264024617,6.0,1,[3191],one_led_group,-0.22147911264024614,6,2.7755575615628914e-17,True,True,-0.22147911264024614,-0.22147911264024614
833,pR8,-0.7752539115603725,12.0,1,[3192],one_led_group,-0.7752539115603726,12,1.1102230246251565e-16,True,True,-0.7752539115603726,-0.7752539115603726
834,pR8,-0.6859124681310601,12.0,1,[3193],one_led_group,-0.6859124681310601,12,0.0,True,True,-0.6859124681310601,-0.6859124681310601
835,pR8,-0.9826674528075603,30.0,1,[3194],one_led_group,-0.9506493348116222,31,0.03201811799593812,False,False,-0.9506493348116222,-0.9506493348116222
836,pR8,1.1961444452226946,83.0,1,[3195],one_led_group,1.1961444452226944,83,2.220446049250313e-16,True,True,1.1961444452226944,1.1961444452226944
837,pR8,-0.0558319876999173,28.0,1,[3196],one_led_group,-0.055831987699917304,28,6.938893903907228e-18,True,True,-0.055831987699917304,-0.055831987699917304
838,pR8,-0.10861034005539909,28.0,1,[3197],one_led_group,-0.10861034005539912,28,2.7755575615628914e-17,True,True,-0.10861034005539912,-0.10861034005539912
839,pR8,0.9016447015505573,103.0,1,[3198],one_led_group,0.8937989277359191,104,0.007845773814638246,False,False,0.8937989277359191,0.8937989277359191
840,pR8,0.9655979908806486,42.0,1,[3199],one_led_group,0.8944530503112907,43,0.07114494056935783,False,False,0.8944530503112907,0.8944530503112907
841,pR8,0.8827502480630335,6.0,1,[3200],one_led_group,0.8827502480630335,6,0.0,True,True,0.8827502480630335,0.8827502480630335
842,pR8,-0.6180384661520828,13.0,1,[3201],one_led_group,-0.49584262542162205,14,0.12219584073046075,False,False,-0.49584262542162205,-0.49584262542162205
843,pR8,-0.1938302227213434,6.0,1,[3202],one_led_group,-0.1938302227213434,6,0.0,True,True,-0.1938302227213434,-0.1938302227213434
844,pR8,1.2983437450281896,12.0,1,[3203],one_led_group,1.2983437450281896,12,0.0,True,True,1.2983437450281896,1.2983437450281896
845,pR8,1.3236970885344732,30.0,1,[3204],one_led_group,1.234265516963301,31,0.08943157157117221,False,False,1.234265516963301,1.234265516963301
846,pR8,0.053965184108439736,7.0,1,[3205],one_led_group,0.05396518410843974,7,6.938893903907228e-18,True,True,0.05396518410843974,0.05396518410843974
847,pR8,1.3138941939898015,7.0,1,[3206],one_led_group,1.3138941939898017,7,2.220446049250313e-16,True,True,1.3138941939898017,1.3138941939898017
848,pR8,1.0209258923054232,34.0,1,[3207],one_led_group,1.0209258923054232,34,0.0,True,True,1.0209258923054232,1.0209258923054232
849,pR8,1.1353987256757196,16.0,1,[3208],one_led_group,1.1353987256757196,16,0.0,True,True,1.1353987256757196,1.1353987256757196
850,pR8,-0.10853797320233298,29.0,1,[3209],one_led_group,-0.10853797320233297,29,1.3877787807814457e-17,True,True,-0.10853797320233297,-0.10853797320233297
851,pR8,1.0716832424344898,13.0,1,[3210],one_led_group,1.0716832424344895,13,2.220446049250313e-16,True,True,1.0716832424344895,1.0716832424344895
852,pR8,0.8665564708174223,68.0,1,[3211],one_led_group,0.8665564708174225,68,2.220446049250313e-16,True,True,0.8665564708174225,0.8665564708174225
853,pR8,-0.6002965459525224,13.0,1,[3212],one_led_group,-0.5738537117262158,14,0.026442834226306555,False,False,-0.5738537117262158,-0.5738537117262158
854,pR8,-0.1103527449467777,7.0,1,[3213],one_led_group,-0.007389248372610055,8,0.10296349657416765,False,False,-0.007389248372610055,-0.007389248372610055
855,pR8,1.1696793795649059,19.0,1,[3214],one_led_group,1.169679379564906,19,2.220446049250313e-16,True,True,1.169679379564906,1.169679379564906
856,pR8,0.6406319676084982,25.0,1,[3215],one_led_group,0.640631967608498,25,1.1102230246251565e-16,True,True,0.640631967608498,0.640631967608498
857,pR8,0.9129697256309196,7.0,1,[3216],one_led_group,0.9129697256309195,7,1.1102230246251565e-16,True,True,0.9129697256309195,0.9129697256309195
858,pR8,1.2196232698226501,13.0,1,[3217],one_led_group,1.2196232698226501,13,0.0,True,True,1.2196232698226501,1.2196232698226501
859,pR8,1.0050646893380157,76.0,1,[3218],one_led_group,1.0050646893380157,76,0.0,True,True,1.0050646893380157,1.0050646893380157
860,pR8,1.0384528516753462,13.0,1,[3219],one_led_group,1.0384528516753462,13,0.0,True,True,1.0384528516753462,1.0384528516753462
861,pR8,0.8628032266709226,6.0,1,[3220],one_led_group,0.8628032266709225,6,1.1102230246251565e-16,True,True,0.8628032266709225,0.8628032266709225
862,pR8,-0.19294467554296876,17.0,1,[3221],one_led_group,-0.1929446755429687,17,5.551115123125783e-17,True,True,-0.1929446755429687,-0.1929446755429687
863,pR8,-0.07113784453525102,16.0,1,[3222],one_led_group,-0.071137844535251,16,1.3877787807814457e-17,True,True,-0.071137844535251,-0.071137844535251
864,pR8,-1.535669583503219,13.0,1,[3223],one_led_group,-1.4197386357974118,14,0.11593094770580725,False,False,-1.4197386357974118,-1.4197386357974118
865,pR8,-1.246940268357926,13.0,1,[3224],one_led_group,-1.129888669456758,14,0.11705159890116801,False,False,-1.129888669456758,-1.129888669456758
866,pR8,1.0615837061626563,19.0,1,[3225],one_led_group,1.061583706162656,19,2.220446049250313e-16,True,True,1.061583706162656,1.061583706162656
867,pR8,1.3428032367306943,12.0,1,[3226],one_led_group,1.3428032367306943,12,0.0,True,True,1.3428032367306943,1.3428032367306943
868,pR8,-0.19996462150680258,19.0,1,[3227],one_led_group,-0.21096932049922837,20,0.011004698992425788,False,False,-0.21096932049922837,-0.21096932049922837
869,pR8,-0.05366689635414513,19.0,1,[3228],one_led_group,-0.03868455598214418,20,0.014982340372000948,False,False,-0.03868455598214418,-0.03868455598214418
870,pR8,-0.15863241942417866,19.0,1,[3229],one_led_group,-0.1651103181747082,20,0.006477898750529537,False,False,-0.1651103181747082,-0.1651103181747082
871,pR8,0.028041326783590996,6.0,1,[3230],one_led_group,0.028041326783590993,6,3.469446951953614e-18,True,True,0.028041326783590993,0.028041326783590993
872,pR8,-0.3614462059201446,6.0,1,[3231],one_led_group,-0.36144620592014465,6,5.551115123125783e-17,True,True,-0.36144620592014465,-0.36144620592014465
873,pR8,1.1727239818373931,13.0,1,[3232],one_led_group,1.1727239818373931,13,0.0,True,True,1.1727239818373931,1.1727239818373931
874,pR8,-1.0558363643295343,25.0,1,[3233],one_led_group,-0.9676653306183447,26,0.08817103371118962,False,False,-0.9676653306183447,-0.9676653306183447
875,pR8,0.7090222509254113,6.0,1,[3234],one_led_group,0.7090222509254113,6,0.0,True,True,0.7090222509254113,0.7090222509254113
876,pR8,-0.09189963982234728,6.0,1,[3235],one_led_group,-0.09189963982234729,6,1.3877787807814457e-17,True,True,-0.09189963982234729,-0.09189963982234729
877,pR8,1.3505009571878284,12.0,1,[3236],one_led_group,1.3505009571878286,12,2.220446049250313e-16,True,True,1.3505009571878286,1.3505009571878286
878,pR8,1.071457477422541,6.0,1,[3237],one_led_group,1.071457477422541,6,0.0,True,True,1.071457477422541,1.071457477422541
879,pR8,-0.31395288573789976,17.0,1,[3238],one_led_group,-0.3139528857378998,17,5.551115123125783e-17,True,True,-0.3139528857378998,-0.3139528857378998
880,pR8,1.327992396113613,64.0,1,[3239],one_led_group,1.3279923961136126,64,4.440892098500626e-16,True,True,1.3279923961136126,1.3279923961136126
881,pR8,-0.1921098460513914,16.0,1,[3240],one_led_group,-0.1921098460513914,16,0.0,True,True,-0.1921098460513914,-0.1921098460513914
882,pR8,1.250263225773135,23.0,1,[3241],one_led_group,1.250263225773135,23,0.0,True,True,1.250263225773135,1.250263225773135
883,pR8,0.557292389668713,1.0,1,[3242],one_led_group,0.5572923896687131,1,1.1102230246251565e-16,True,True,0.5572923896687131,0.5572923896687131
884,pR8,-0.32820087896906003,17.0,1,[3243],one_led_group,-0.32820087896906003,17,0.0,True,True,-0.32820087896906003,-0.32820087896906003
885,pR8,0.1945463900286195,42.0,1,[3244],one_led_group,0.20422548379817587,43,0.009679093769556363,False,False,0.20422548379817587,0.20422548379817587
886,pR8,-0.10614922385944402,16.0,1,[3245],one_led_group,-0.10614922385944403,16,1.3877787807814457e-17,True,True,-0.10614922385944403,-0.10614922385944403
887,pR8,0.3589540858572458,6.0,1,[3246],one_led_group,0.35895408585724575,6,5.551115123125783e-17,True,True,0.35895408585724575,0.35895408585724575
888,pR8,-0.16130583269603418,19.0,1,[3247],one_led_group,-0.14273248796462187,20,0.01857334473141231,False,False,-0.14273248796462187,-0.14273248796462187
889,pR8,0.15306429832149507,6.0,1,[3248],one_led_group,0.15306429832149504,6,2.7755575615628914e-17,True,True,0.15306429832149504,0.15306429832149504
890,pR8,-1.2152039768634584,25.0,1,[3249],one_led_group,-1.1541722913314276,26,0.061031685532030755,False,False,-1.1541722913314276,-1.1541722913314276
891,pR8,0.9510189587118427,19.0,1,[3250],one_led_group,0.9510189587118427,19,0.0,True,True,0.9510189587118427,0.9510189587118427
892,pR8,1.041967533949014,19.0,1,[3251],one_led_group,1.041967533949014,19,0.0,True,True,1.041967533949014,1.041967533949014
893,pR8,0.9593193645805937,6.0,1,[3252],one_led_group,0.9593193645805939,6,1.1102230246251565e-16,True,True,0.9593193645805939,0.9593193645805939
894,pR8,0.08827837814067259,19.0,1,[3253],one_led_group,0.08827837814067259,19,0.0,True,True,0.08827837814067259,0.08827837814067259
895,pR8,0.7773479970098531,1.0,1,[3254],one_led_group,0.7773479970098531,1,0.0,True,True,0.7773479970098531,0.7773479970098531
896,pR8,0.9586435112616344,13.0,1,[3255],one_led_group,0.9586435112616343,13,1.1102230246251565e-16,True,True,0.9586435112616343,0.9586435112616343
897,pR8,-0.45560654744030693,17.0,1,[3256],one_led_group,-0.455606547440307,17,5.551115123125783e-17,True,True,-0.455606547440307,-0.455606547440307
898,pR8,1.2289261902865845,13.0,1,[3257],one_led_group,1.2289261902865845,13,0.0,True,True,1.2289261902865845,1.2289261902865845
899,pR8,-0.06932944606919557,16.0,1,[3258],one_led_group,-0.06932944606919558,16,1.3877787807814457e-17,True,True,-0.06932944606919558,-0.06932944606919558
900,pR8,1.063936996831422,13.0,1,[3259],one_led_group,1.0639369968314223,13,2.220446049250313e-16,True,True,1.0639369968314223,1.0639369968314223
901,pR8,-0.3796150685034654,13.0,1,[3260],one_led_group,-0.34452443332894156,14,0.03509063517452382,False,False,-0.34452443332894156,-0.34452443332894156
902,pR8,0.1217968580858784,20.0,1,[3261],one_led_group,0.1217968580858784,20,0.0,True,True,0.1217968580858784,0.1217968580858784
903,pR8,0.28860665527408674,6.0,1,[3262],one_led_group,0.28860665527408685,6,1.1102230246251565e-16,True,True,0.28860665527408685,0.28860665527408685
904,pR8,0.24822806956507928,19.0,1,[3263],one_led_group,0.25078156273528746,20,0.002553493170208171,False,False,0.25078156273528746,0.25078156273528746
905,pR8,0.629210185606798,1.0,1,[3264],one_led_group,0.6292101856067978,1,2.220446049250313e-16,True,True,0.6292101856067978,0.6292101856067978
906,pR8,0.35688562275231056,6.0,1,[3265],one_led_group,0.35688562275231045,6,1.1102230246251565e-16,True,True,0.35688562275231045,0.35688562275231045
907,pR8,1.0214311897492179,57.0,1,[3266],one_led_group,1.021431189749218,57,2.220446049250313e-16,True,True,1.021431189749218,1.021431189749218
908,pR8,0.9390940043547182,12.0,1,[3267],one_led_group,0.9390940043547181,12,1.1102230246251565e-16,True,True,0.9390940043547181,0.9390940043547181
909,pR8,-0.6734083071111483,58.0,1,[3268],one_led_group,-0.6734083071111482,58,1.1102230246251565e-16,True,True,-0.6734083071111482,-0.6734083071111482
910,pR8,0.1269720991687173,6.0,1,[3269],one_led_group,0.12697209916871732,6,2.7755575615628914e-17,True,True,0.12697209916871732,0.12697209916871732
911,pR8,-0.6227180125101712,42.0,1,[3270],one_led_group,-0.6332423280702224,43,0.010524315560051178,False,False,-0.6332423280702224,-0.6332423280702224
912,pR8,-0.7458255870076116,58.0,1,[3271],one_led_group,-0.7458255870076115,58,1.1102230246251565e-16,True,True,-0.7458255870076115,-0.7458255870076115
913,pR8,0.24932724441279758,78.0,1,[3272],one_led_group,0.24932724441279747,78,1.1102230246251565e-16,True,True,0.24932724441279747,0.24932724441279747
914,pR8,0.6832511068121717,29.0,1,[3273],one_led_group,0.6832511068121718,29,1.1102230246251565e-16,True,True,0.6832511068121718,0.6832511068121718
915,pR8,0.17880685447478545,29.0,1,[3274],one_led_group,0.17880685447478548,29,2.7755575615628914e-17,True,True,0.17880685447478548,0.17880685447478548
916,pR8,0.41781336395920105,14.0,1,[3275],one_led_group,0.4027524516264391,15,0.015060912332761967,False,False,0.4027524516264391,0.4027524516264391
917,pR8,1.0402864045892104,17.0,1,[3276],one_led_group,1.0402864045892104,17,0.0,True,True,1.0402864045892104,1.0402864045892104
918,pR8,-1.2950567389724263,13.0,1,[3277],one_led_group,-1.1589568815987776,14,0.1360998573736487,False,False,-1.1589568815987776,-1.1589568815987776
919,pR8,0.9877091204148823,17.0,1,[3278],one_led_group,0.9877091204148826,17,2.220446049250313e-16,True,True,0.9877091204148826,0.9877091204148826
920,pR8,-0.6240419947218917,17.0,1,[3279],one_led_group,-0.6240419947218918,17,1.1102230246251565e-16,True,True,-0.6240419947218918,-0.6240419947218918
921,pR8,0.15199009125564863,9.0,1,[3280],one_led_group,0.15199009125564863,9,0.0,True,True,0.15199009125564863,0.15199009125564863
922,pR8,0.9655957070717395,12.0,1,[3281],one_led_group,0.9655957070717397,12,2.220446049250313e-16,True,True,0.9655957070717397,0.9655957070717397
923,pR8,0.8901270346754016,7.0,1,[3282],one_led_group,0.8901270346754017,7,1.1102230246251565e-16,True,True,0.8901270346754017,0.8901270346754017
924,pR8,0.6947773109434924,1.0,1,[3283],one_led_group,0.6947773109434925,1,1.1102230246251565e-16,True,True,0.6947773109434925,0.6947773109434925
925,pR8,-0.7557023857630902,17.0,1,[3284],one_led_group,-0.7557023857630902,17,0.0,True,True,-0.7557023857630902,-0.7557023857630902
926,pR8,0.19518130123368746,55.0,1,[3285],one_led_group,0.19518130123368746,55,0.0,True,True,0.19518130123368746,0.19518130123368746
927,pR8,1.204840434922365,23.0,1,[3286],one_led_group,1.204840434922365,23,0.0,True,True,1.204840434922365,1.204840434922365
928,pR8,0.5862191203517008,17.0,1,[3287],one_led_group,0.5862191203517008,17,0.0,True,True,0.5862191203517008,0.5862191203517008
929,pR8,0.8199132257049815,28.0,1,[3288],one_led_group,0.8199132257049815,28,0.0,True,True,0.8199132257049815,0.8199132257049815
930,pR8,0.0891354368833376,55.0,1,[3289],one_led_group,0.08913543688333757,55,2.7755575615628914e-17,True,True,0.08913543688333757,0.08913543688333757
931,pR8,0.29700770837210444,16.0,1,[3290],one_led_group,0.2970077083721044,16,5.551115123125783e-17,True,True,0.2970077083721044,0.2970077083721044
932,pR8,0.19126974772588407,14.0,1,[3291],one_led_group,0.1459467808763192,15,0.045322966849564855,False,False,0.1459467808763192,0.1459467808763192
933,pR8,0.010924001919362904,78.0,1,[3292],one_led_group,0.010924001919362884,78,2.0816681711721685e-17,True,True,0.010924001919362884,0.010924001919362884
934,pR8,0.3780704922880956,58.0,1,[3293],one_led_group,0.37807049228809564,58,5.551115123125783e-17,True,True,0.37807049228809564,0.37807049228809564
935,pR8,1.0288555375085853,6.0,1,[3294],one_led_group,1.0288555375085855,6,2.220446049250313e-16,True,True,1.0288555375085855,1.0288555375085855
936,pR8,-1.5693535218011048,13.0,1,[3295],one_led_group,-1.4231018677073617,14,0.14625165409374308,False,False,-1.4231018677073617,-1.4231018677073617
937,pR8,0.3628053220501724,29.0,1,[3296],one_led_group,0.3628053220501724,29,0.0,True,True,0.3628053220501724,0.3628053220501724
938,pR8,0.7311834517059218,6.0,1,[3297],one_led_group,0.7311834517059218,6,0.0,True,True,0.7311834517059218,0.7311834517059218
939,pR8,0.669300589979504,29.0,1,[3298],one_led_group,0.6693005899795041,29,1.1102230246251565e-16,True,True,0.6693005899795041,0.6693005899795041
940,pR8,0.8174874783863804,28.0,1,[3299],one_led_group,0.8174874783863805,28,1.1102230246251565e-16,True,True,0.8174874783863805,0.8174874783863805
941,pR8,-0.25771633707419983,28.0,1,[3300],one_led_group,-0.25771633707419983,28,0.0,True,True,-0.25771633707419983,-0.25771633707419983
942,pR8,-0.6887126894642775,13.0,1,[3301],one_led_group,-0.6525371562963126,14,0.03617553316796496,False,False,-0.6525371562963126,-0.6525371562963126
943,pR8,0.3950720929101941,19.0,1,[3302],one_led_group,0.37958523290776935,20,0.015486860002424718,False,False,0.37958523290776935,0.37958523290776935
944,pR8,-0.7438266600442729,13.0,1,[3303],one_led_group,-0.7438266600442728,13,1.1102230246251565e-16,True,True,-0.7438266600442728,-0.7438266600442728
945,pR8,0.038502608761075696,16.0,1,[3304],one_led_group,0.03850260876107573,16,3.469446951953614e-17,True,True,0.03850260876107573,0.03850260876107573
946,pR8,-0.3936787184510364,9.0,1,[3305],one_led_group,-0.39367871845103647,9,5.551115123125783e-17,True,True,-0.39367871845103647,-0.39367871845103647
947,pR8,-0.6654525353177707,7.0,1,[3306],one_led_group,-0.6654525353177707,7,0.0,True,True,-0.6654525353177707,-0.6654525353177707
948,pR8,0.45718905795028125,12.0,1,[3307],one_led_group,0.4571890579502813,12,5.551115123125783e-17,True,True,0.4571890579502813,0.4571890579502813
949,pR8,0.3693784014264221,70.0,1,[3308],one_led_group,0.36937840142642214,70,5.551115123125783e-17,True,True,0.36937840142642214,0.36937840142642214
950,pR8,0.3827271645453118,6.0,1,[3309],one_led_group,0.3827271645453118,6,0.0,True,True,0.3827271645453118,0.3827271645453118
951,pR8,0.12061250897012644,31.0,1,[3310],one_led_group,0.08373464184539763,32,0.03687786712472882,False,False,0.08373464184539763,0.08373464184539763
952,pR8,0.30890853518186384,13.0,1,[3311],one_led_group,0.3089085351818638,13,5.551115123125783e-17,True,True,0.3089085351818638,0.3089085351818638
953,pR8,0.1733092646317552,23.0,1,[3312],one_led_group,0.17330926463175525,23,5.551115123125783e-17,True,True,0.17330926463175525,0.17330926463175525
954,pR8,-0.4406729169868198,34.0,1,[3313],one_led_group,-0.44067291698681976,34,5.551115123125783e-17,True,True,-0.44067291698681976,-0.44067291698681976
955,pR8,-0.06424693815984646,7.0,1,[3314],one_led_group,-0.06424693815984646,7,0.0,True,True,-0.06424693815984646,-0.06424693815984646
956,pR8,-0.4015114284984141,41.0,1,[3315],one_led_group,-0.40151142849841415,41,5.551115123125783e-17,True,True,-0.40151142849841415,-0.40151142849841415
957,pR8,-0.04914251804868781,30.0,1,[3316],one_led_group,-0.04760070046699473,31,0.0015418175816930765,False,False,-0.04760070046699473,-0.04760070046699473
958,pR8,-0.595496092232721,7.0,1,[3317],one_led_group,-0.5954960922327209,7,1.1102230246251565e-16,True,True,-0.5954960922327209,-0.5954960922327209
959,pR8,-0.42866780197364085,82.0,1,[3318],one_led_group,-0.42866780197364085,82,0.0,True,True,-0.42866780197364085,-0.42866780197364085
960,pR8,0.004430619810897999,30.0,1,[3319],one_led_group,0.0035567276027490867,31,0.0008738922081489124,False,False,0.0035567276027490867,0.0035567276027490867
961,pR8,0.8132086906609451,7.0,1,[3320],one_led_group,0.8132086906609454,7,2.220446049250313e-16,True,True,0.8132086906609454,0.8132086906609454
962,pR8,0.7891094851175225,6.0,1,[3321],one_led_group,0.7891094851175225,6,0.0,True,True,0.7891094851175225,0.7891094851175225
963,pR8,0.08212104671388014,23.0,1,[3322],one_led_group,0.08212104671388017,23,2.7755575615628914e-17,True,True,0.08212104671388017,0.08212104671388017
964,pR8,0.7899753953694484,6.0,1,[3323],one_led_group,0.789975395369448,6,3.3306690738754696e-16,True,True,0.789975395369448,0.789975395369448
965,pR8,0.6878713693862825,7.0,1,[3324],one_led_group,0.6878713693862825,7,0.0,True,True,0.6878713693862825,0.6878713693862825
966,pR8,-0.7081730922615066,13.0,1,[3325],one_led_group,-0.7081730922615066,13,0.0,True,True,-0.7081730922615066,-0.7081730922615066
967,pR8,0.08525147397866265,132.0,1,[3326],one_led_group,0.0808970705602585,133,0.004354403418404151,False,False,0.0808970705602585,0.0808970705602585
968,pR8,-0.12946005282186226,16.0,1,[3327],one_led_group,-0.12946005282186224,16,2.7755575615628914e-17,True,True,-0.12946005282186224,-0.12946005282186224
969,pR8,-0.8445830834197027,17.0,1,[3328],one_led_group,-0.8445830834197028,17,1.1102230246251565e-16,True,True,-0.8445830834197028,-0.8445830834197028
970,pR8,-0.6593600743318949,12.0,1,[3329],one_led_group,-0.6593600743318949,12,0.0,True,True,-0.6593600743318949,-0.6593600743318949
971,pR8,-0.22480894996527967,42.0,1,[3330],one_led_group,-0.22231030251113462,43,0.0024986474541450476,False,False,-0.22231030251113462,-0.22231030251113462
972,pR8,-0.2802835390853723,6.0,1,[3331],one_led_group,-0.2802835390853723,6,0.0,True,True,-0.2802835390853723,-0.2802835390853723
973,pR8,-0.3576690980709162,25.0,1,[3332],one_led_group,-0.35766909807091635,25,1.6653345369377348e-16,True,True,-0.35766909807091635,-0.35766909807091635
974,pR8,-0.9364942708351217,32.0,1,[3333],one_led_group,-0.9364942708351215,32,2.220446049250313e-16,True,True,-0.9364942708351215,-0.9364942708351215
975,pR8,-0.7673729659575331,6.0,1,[3334],one_led_group,-0.7673729659575331,6,0.0,True,True,-0.7673729659575331,-0.7673729659575331
976,pR8,-0.24802347087061388,28.0,1,[3335],one_led_group,-0.24802347087061385,28,2.7755575615628914e-17,True,True,-0.24802347087061385,-0.24802347087061385
977,pR8,-0.7163657491381378,29.0,1,[3336],one_led_group,-0.7163657491381378,29,0.0,True,True,-0.7163657491381378,-0.7163657491381378
978,pR8,-0.28332318857878513,42.0,1,[3337],one_led_group,-0.2575867876929868,43,0.025736400885798316,False,False,-0.2575867876929868,-0.2575867876929868
979,pR8,-0.17336591653199723,6.0,1,[3338],one_led_group,-0.17336591653199726,6,2.7755575615628914e-17,True,True,-0.17336591653199726,-0.17336591653199726
980,pR8,-0.7770040303118312,38.0,1,[3339],one_led_group,-0.7770040303118313,38,1.1102230246251565e-16,True,True,-0.7770040303118313,-0.7770040303118313
981,yR8,1.4437842109072838,30.0,1,[3584],one_led_group,1.4437842109072834,30,4.440892098500626e-16,True,True,1.4437842109072834,1.4437842109072834
982,yR8,1.139406637834012,40.0,1,[3585],one_led_group,1.1219533243549202,41,0.017453313479091737,False,False,1.1219533243549202,1.1219533243549202
983,yR8,0.9830678656277501,28.0,1,[3586],one_led_group,0.9830678656277502,28,1.1102230246251565e-16,True,True,0.9830678656277502,0.9830678656277502
984,yR8,1.3247021894426088,52.0,1,[3587],one_led_group,1.3247021894426088,52,0.0,True,True,1.3247021894426088,1.3247021894426088
985,yR8,1.4568111278744418,16.0,1,[3588],one_led_group,1.456811127874442,16,2.220446049250313e-16,True,True,1.456811127874442,1.456811127874442
986,yR8,0.7314715371077909,51.0,1,[3589],one_led_group,0.7034271571076515,53,0.028044380000139424,False,False,0.7034271571076515,0.7034271571076515
987,yR8,0.7762080274884565,19.0,1,[3590],one_led_group,0.6448774180344172,21,0.1313306094540393,False,False,0.6448774180344172,0.6448774180344172
988,yR8,0.7320411475044197,26.0,1,[3591],one_led_group,0.7320411475044197,26,0.0,True,True,0.7320411475044197,0.7320411475044197
989,yR8,0.7808273720828653,8.0,1,[3592],one_led_group,0.7808273720828653,8,0.0,True,True,0.7808273720828653,0.7808273720828653
990,yR8,0.45506282789862956,29.0,1,[3593],one_led_group,0.4278136682845068,30,0.027249159614122775,False,False,0.4278136682845068,0.4278136682845068
991,yR8,0.5152388536769935,30.0,1,[3594],one_led_group,0.4754840584641114,32,0.03975479521288211,False,False,0.4754840584641114,0.4754840584641114
992,yR8,0.7861921232492364,15.0,1,[3595],one_led_group,0.7861921232492364,15,0.0,True,True,0.7861921232492364,0.7861921232492364
993,yR8,0.4139417076007986,3.0,1,[3596],one_led_group,0.41394170760079846,3,1.6653345369377348e-16,True,True,0.41394170760079846,0.41394170760079846
994,yR8,1.5661606574907991,2.0,1,[3597],one_led_group,1.5661606574907991,2,0.0,True,True,1.5661606574907991,1.5661606574907991
995,yR8,0.5820431439119897,18.0,1,[3598],one_led_group,0.5820431439119897,18,0.0,True,True,0.5820431439119897,0.5820431439119897
996,yR8,1.013235648283749,74.0,1,[3599],one_led_group,1.000986516370311,75,0.012249131913437905,False,False,1.000986516370311,1.000986516370311
997,yR8,0.9141418051273266,28.0,1,[3600],one_led_group,0.9141418051273266,28,0.0,True,True,0.9141418051273266,0.9141418051273266
998,yR8,0.8950498701532945,30.0,1,[3601],one_led_group,0.7922244468484243,32,0.10282542330487021,False,False,0.7922244468484243,0.7922244468484243
999,yR8,1.0662063322643318,65.0,1,[3602],one_led_group,1.066206332264332,65,2.220446049250313e-16,True,True,1.066206332264332,1.066206332264332
1000,yR8,0.9940840075315701,36.0,1,[3603],one_led_group,0.9219551491967756,38,0.07212885833479454,False,False,0.9219551491967756,0.9219551491967756
1001,yR8,1.2614237897672609,21.0,1,[3604],one_led_group,1.2614237897672607,21,2.220446049250313e-16,True,True,1.2614237897672607,1.2614237897672607
1002,yR8,1.264352159829537,64.0,1,[3605],one_led_group,1.2643521598295369,64,2.220446049250313e-16,True,True,1.2643521598295369,1.2643521598295369
1003,yR8,1.112053601446077,38.0,1,[3606],one_led_group,1.112053601446077,38,0.0,True,True,1.112053601446077,1.112053601446077
1004,yR8,0.537402912020135,29.0,1,[3607],one_led_group,0.5203124494487602,30,0.01709046257137481,False,False,0.5203124494487602,0.5203124494487602
1005,yR8,1.0840868032520963,19.0,1,[3608],one_led_group,0.9207306019824716,21,0.1633562012696247,False,False,0.9207306019824716,0.9207306019824716
1006,yR8,1.053869494078524,74.0,1,[3609],one_led_group,1.0304359984134386,75,0.023433495665085458,False,False,1.0304359984134386,1.0304359984134386
1007,yR8,1.104094895217752,46.0,1,[3610],one_led_group,1.0278164312880052,48,0.07627846392974691,False,False,1.0278164312880052,1.0278164312880052
1008,yR8,1.1373986259244904,8.0,1,[3611],one_led_group,1.1373986259244906,8,2.220446049250313e-16,True,True,1.1373986259244906,1.1373986259244906
1009,yR8,1.3278325487859157,30.0,1,[3612],one_led_group,1.3278325487859162,30,4.440892098500626e-16,True,True,1.3278325487859162,1.3278325487859162
1010,yR8,1.368851045117461,40.0,1,[3613],one_led_group,1.3688510451174607,40,2.220446049250313e-16,True,True,1.3688510451174607,1.3688510451174607
1011,yR8,1.4885668903775462,37.0,1,[3615],one_led_group,1.488566890377546,37,2.220446049250313e-16,True,True,1.488566890377546,1.488566890377546
1012,yR8,0.4749749665436297,45.0,1,[3616],one_led_group,0.47497496654362975,45,5.551115123125783e-17,True,True,0.47497496654362975,0.47497496654362975
1013,yR8,1.1841886867544782,39.0,1,[3617],one_led_group,1.1841886867544784,39,2.220446049250313e-16,True,True,1.1841886867544784,1.1841886867544784
1014,yR8,0.9663829533781525,16.0,1,[3618],one_led_group,0.8685003823651845,18,0.09788257101296804,False,False,0.8685003823651845,0.8685003823651845
1015,yR8,0.2808023550642709,9.0,1,[3619],one_led_group,0.280802355064271,9,5.551115123125783e-17,True,True,0.280802355064271,0.280802355064271
1016,yR8,0.587613231341032,58.0,1,[3620],one_led_group,0.5876132313410318,58,2.220446049250313e-16,True,True,0.5876132313410318,0.5876132313410318
1017,yR8,0.900651494561921,25.0,1,[3621],one_led_group,0.9006514945619211,25,1.1102230246251565e-16,True,True,0.9006514945619211,0.9006514945619211
1018,yR8,0.7060292168155319,30.0,1,[3622],one_led_group,0.7060292168155319,30,0.0,True,True,0.7060292168155319,0.7060292168155319
1019,yR8,1.2192764479769693,6.0,1,[3623],one_led_group,1.2192764479769695,6,2.220446049250313e-16,True,True,1.2192764479769695,1.2192764479769695
1020,yR8,0.1350055013811849,26.0,1,[3624],one_led_group,0.135005501381185,26,1.1102230246251565e-16,True,True,0.135005501381185,0.135005501381185
1021,yR8,0.7620328109698722,11.0,1,[3625],one_led_group,0.7620328109698721,11,1.1102230246251565e-16,True,True,0.7620328109698721,0.7620328109698721
1022,yR8,0.45622168750752107,52.0,1,[3626],one_led_group,0.45622168750752123,52,1.6653345369377348e-16,True,True,0.45622168750752123,0.45622168750752123
1023,yR8,0.7181901038642916,6.0,1,[3627],one_led_group,0.7181901038642914,6,2.220446049250313e-16,True,True,0.7181901038642914,0.7181901038642914
1024,yR8,1.186815645186005,39.0,1,[3628],one_led_group,1.186815645186005,39,0.0,True,True,1.186815645186005,1.186815645186005
1025,yR8,1.223107616776718,16.0,1,[3629],one_led_group,1.2231076167767185,16,4.440892098500626e-16,True,True,1.2231076167767185,1.2231076167767185
1026,yR8,0.6707294050347462,11.0,1,[3630],one_led_group,0.6707294050347463,11,1.1102230246251565e-16,True,True,0.6707294050347463,0.6707294050347463
1027,yR8,0.49831716343221455,67.0,1,[3631],one_led_group,0.4983171634322143,67,2.220446049250313e-16,True,True,0.4983171634322143,0.4983171634322143
1028,yR8,1.0650428377972951,48.0,1,[3632],one_led_group,0.938656154213355,51,0.12638668358394012,False,False,0.938656154213355,0.938656154213355
1029,yR8,1.3086161146845978,16.0,1,[3633],one_led_group,1.3086161146845978,16,0.0,True,True,1.3086161146845978,1.3086161146845978
1030,yR8,1.2352499125363587,3.0,1,[3634],one_led_group,1.235249912536359,3,2.220446049250313e-16,True,True,1.235249912536359,1.235249912536359
1031,yR8,1.3569749006238465,14.0,1,[3635],one_led_group,1.3569749006238463,14,2.220446049250313e-16,True,True,1.3569749006238463,1.3569749006238463
1032,yR8,0.34834897572981377,56.0,1,[3636],one_led_group,0.3412091924259464,57,0.007139783303867386,False,False,0.3412091924259464,0.3412091924259464
1033,yR8,0.556241821900563,11.0,1,[3637],one_led_group,0.5562418219005629,11,1.1102230246251565e-16,True,True,0.5562418219005629,0.5562418219005629
1034,yR8,0.26738727295103354,16.0,1,[3638],one_led_group,0.2799714224645855,18,0.012584149513551968,False,False,0.2799714224645855,0.2799714224645855
1035,yR8,0.16675932449797687,48.0,1,[3639],one_led_group,0.1667593244979768,48,5.551115123125783e-17,True,True,0.1667593244979768,0.1667593244979768
1036,yR8,1.2933608438347803,71.0,1,[3640],one_led_group,1.2933608438347806,71,2.220446049250313e-16,True,True,1.2933608438347806,1.2933608438347806
1037,yR8,0.6470809961033345,40.0,1,[3641],one_led_group,0.6470809961033346,40,1.1102230246251565e-16,True,True,0.6470809961033346,0.6470809961033346
1038,yR8,0.7832667423004828,63.0,1,[3642],one_led_group,0.7832667423004827,63,1.1102230246251565e-16,True,True,0.7832667423004827,0.7832667423004827
1039,yR8,1.0542023374069542,14.0,1,[3643],one_led_group,1.0542023374069542,14,0.0,True,True,1.0542023374069542,1.0542023374069542
1040,yR8,1.1244782605880619,11.0,1,[3644],one_led_group,1.124478260588062,11,2.220446049250313e-16,True,True,1.124478260588062,1.124478260588062
1041,yR8,0.9639618587158255,8.0,1,[3645],one_led_group,0.9639618587158256,8,1.1102230246251565e-16,True,True,0.9639618587158256,0.9639618587158256
1042,yR8,1.0504875538736116,59.0,1,[3646],one_led_group,1.0504875538736118,59,2.220446049250313e-16,True,True,1.0504875538736118,1.0504875538736118
1043,yR8,1.119364778192187,16.0,1,[3647],one_led_group,1.119364778192187,16,0.0,True,True,1.119364778192187,1.119364778192187
1044,yR8,1.0815525269879058,24.0,1,[3648],one_led_group,1.0815525269879058,24,0.0,True,True,1.0815525269879058,1.0815525269879058
1045,yR8,0.06430487326357752,6.0,1,[3649],one_led_group,0.06430487326357744,6,8.326672684688674e-17,True,True,0.06430487326357744,0.06430487326357744
1046,yR8,0.3932651369890633,10.0,1,[3650],one_led_group,0.3932651369890633,10,0.0,True,True,0.3932651369890633,0.3932651369890633
1047,yR8,0.2702796987741535,16.0,1,[3651],one_led_group,0.2702796987741535,16,0.0,True,True,0.2702796987741535,0.2702796987741535
1048,yR8,0.15528602670272554,11.0,1,[3652],one_led_group,0.0809086163468084,12,0.07437741035591713,False,False,0.0809086163468084,0.0809086163468084
1049,yR8,0.3610752396781832,40.0,1,[3653],one_led_group,0.36107523967818317,40,5.551115123125783e-17,True,True,0.36107523967818317,0.36107523967818317
1050,yR8,0.3242293546001075,24.0,1,[3654],one_led_group,0.32422935460010743,24,5.551115123125783e-17,True,True,0.32422935460010743,0.32422935460010743
1051,yR8,0.32612323007327254,30.0,1,[3655],one_led_group,0.32612323007327254,30,0.0,True,True,0.32612323007327254,0.32612323007327254
1052,yR8,1.290351405886898,29.0,1,[3656],one_led_group,1.290351405886898,29,0.0,True,True,1.290351405886898,1.290351405886898
1053,yR8,0.9849028018120302,19.0,1,[3657],one_led_group,0.8399138496692812,21,0.14498895214274898,False,False,0.8399138496692812,0.8399138496692812
1054,yR8,1.1804970577048628,193.0,1,[3658],one_led_group,1.1638476576311738,195,0.01664940007368898,False,False,1.1638476576311738,1.1638476576311738
1055,yR8,1.1667644121683949,14.0,1,[3659],one_led_group,1.1667644121683949,14,0.0,True,True,1.1667644121683949,1.1667644121683949
1056,yR8,0.9438310205034054,17.0,1,[3660],one_led_group,0.9048079503041251,19,0.03902307019928031,False,False,0.9048079503041251,0.9048079503041251
1057,yR8,1.348627206661734,45.0,1,[3661],one_led_group,1.348627206661734,45,0.0,True,True,1.348627206661734,1.348627206661734
1058,yR8,0.8915722656868871,75.0,1,[3662],one_led_group,0.8063560420460225,78,0.08521622364086456,False,False,0.8063560420460225,0.8063560420460225
1059,yR8,0.8820742708293816,13.0,1,[3663],one_led_group,0.8820742708293818,13,2.220446049250313e-16,True,True,0.8820742708293818,0.8820742708293818
1060,yR8,1.041350490774593,30.0,1,[3665],one_led_group,0.83996105828812,33,0.201389432486473,False,False,0.83996105828812,0.83996105828812
1061,yR8,1.109721982369556,47.0,1,[3666],one_led_group,1.1097219823695557,47,4.440892098500626e-16,True,True,1.1097219823695557,1.1097219823695557
1062,yR8,0.898759897613733,57.0,1,[3667],one_led_group,0.8256593448783238,60,0.07310055273540916,False,False,0.8256593448783238,0.8256593448783238
1063,yR8,0.9362800594968678,38.0,1,[3668],one_led_group,0.9012840914276038,39,0.03499596806926397,False,False,0.9012840914276038,0.9012840914276038
1064,yR8,0.8981215218301184,19.0,1,[3669],one_led_group,0.7489384369734216,21,0.14918308485669685,False,False,0.7489384369734216,0.7489384369734216
1065,yR8,1.0234455130338616,27.0,1,[3670],one_led_group,1.0234455130338616,27,0.0,True,True,1.0234455130338616,1.0234455130338616
1066,yR8,0.9554327798237885,27.0,1,[3671],one_led_group,0.9554327798237883,27,2.220446049250313e-16,True,True,0.9554327798237883,0.9554327798237883
1067,yR8,1.2738822414843392,3.0,1,[3672],one_led_group,1.273882241484339,3,2.220446049250313e-16,True,True,1.273882241484339,1.273882241484339
1068,yR8,0.9610276758165488,3.0,1,[3673],one_led_group,0.961027675816549,3,2.220446049250313e-16,True,True,0.961027675816549,0.961027675816549
1069,yR8,1.0812987384378305,44.0,1,[3674],one_led_group,1.0812987384378305,44,0.0,True,True,1.0812987384378305,1.0812987384378305
1070,yR8,1.1387026672312508,44.0,1,[3675],one_led_group,1.1387026672312508,44,0.0,True,True,1.1387026672312508,1.1387026672312508
1071,yR8,0.9521520985928678,25.0,1,[3676],one_led_group,0.893935073272092,27,0.05821702532077577,False,False,0.893935073272092,0.893935073272092
1072,yR8,0.8057236166561624,25.0,1,[3677],one_led_group,0.7351316074827936,27,0.07059200917336883,False,False,0.7351316074827936,0.7351316074827936
1073,yR8,1.4864033116594821,30.0,1,[3679],one_led_group,1.4864033116594821,30,0.0,True,True,1.4864033116594821,1.4864033116594821
1074,yR8,1.418678013402163,40.0,1,[3680],one_led_group,1.3690581715865764,41,0.04961984181558665,False,False,1.3690581715865764,1.3690581715865764
1075,yR8,0.9923714775400235,28.0,1,[3681],one_led_group,0.9923714775400237,28,2.220446049250313e-16,True,True,0.9923714775400237,0.9923714775400237
1076,yR8,0.876040307306038,70.0,1,[3682],one_led_group,0.792581066973488,74,0.08345924033255003,False,False,0.792581066973488,0.792581066973488
1077,yR8,1.1963093449327122,52.0,1,[3683],one_led_group,1.1963093449327122,52,0.0,True,True,1.1963093449327122,1.1963093449327122
1078,yR8,0.38516485819163343,13.0,1,[3684],one_led_group,0.3851648581916335,13,5.551115123125783e-17,True,True,0.3851648581916335,0.3851648581916335
1079,yR8,0.607316599354734,13.0,1,[3685],one_led_group,0.607316599354734,13,0.0,True,True,0.607316599354734,0.607316599354734
1080,yR8,0.8058487977123987,26.0,1,[3686],one_led_group,0.8058487977123987,26,0.0,True,True,0.8058487977123987,0.8058487977123987
1081,yR8,0.8780197381680054,8.0,1,[3687],one_led_group,0.8780197381680056,8,2.220446049250313e-16,True,True,0.8780197381680056,0.8780197381680056
1082,yR8,0.712881237833719,15.0,1,[3688],one_led_group,0.7128812378337189,15,1.1102230246251565e-16,True,True,0.7128812378337189,0.7128812378337189
1083,yR8,1.3242431418409601,16.0,1,[3689],one_led_group,1.3242431418409604,16,2.220446049250313e-16,True,True,1.3242431418409604,1.3242431418409604
1084,yR8,0.9843175119789878,14.0,1,[3690],one_led_group,0.9843175119789878,14,0.0,True,True,0.9843175119789878,0.9843175119789878
1085,yR8,0.6601614537582877,13.0,1,[3691],one_led_group,0.6601614537582878,13,1.1102230246251565e-16,True,True,0.6601614537582878,0.6601614537582878
1086,yR8,1.295265633285286,16.0,1,[3692],one_led_group,1.2952656332852859,16,2.220446049250313e-16,True,True,1.2952656332852859,1.2952656332852859
1087,yR8,1.082373544215263,11.0,1,[3693],one_led_group,0.9682655673974598,12,0.11410797681780327,False,False,0.9682655673974598,0.9682655673974598
1088,yR8,1.065275981323838,11.0,1,[3694],one_led_group,1.0090547399816951,12,0.05622124134214279,False,False,1.0090547399816951,1.0090547399816951
1089,yR8,0.9376052215158606,8.0,1,[3695],one_led_group,0.9376052215158605,8,1.1102230246251565e-16,True,True,0.9376052215158605,0.9376052215158605
1090,yR8,0.8401107611091986,8.0,1,[3696],one_led_group,0.8401107611091987,8,1.1102230246251565e-16,True,True,0.8401107611091987,0.8401107611091987
1091,yR8,0.60168222792118,16.0,1,[3697],one_led_group,0.60168222792118,16,0.0,True,True,0.60168222792118,0.60168222792118
1092,yR8,1.1293978571369225,16.0,1,[3698],one_led_group,1.1293978571369225,16,0.0,True,True,1.1293978571369225,1.1293978571369225
1093,yR8,0.5650411092120199,59.0,1,[3699],one_led_group,0.5103934673201537,62,0.05464764189186622,False,False,0.5103934673201537,0.5103934673201537
1094,yR8,1.2897148564629182,74.0,1,[3700],one_led_group,1.2897148564629184,74,2.220446049250313e-16,True,True,1.2897148564629184,1.2897148564629184
1095,yR8,0.9750877567525275,30.0,1,[3701],one_led_group,0.9750877567525275,30,0.0,True,True,0.9750877567525275,0.9750877567525275
1096,yR8,0.9023254853903894,30.0,1,[3702],one_led_group,0.9023254853903896,30,2.220446049250313e-16,True,True,0.9023254853903896,0.9023254853903896
1097,yR8,0.7791577021187189,3.0,1,[3703],one_led_group,0.7791577021187189,3,0.0,True,True,0.7791577021187189,0.7791577021187189
1098,yR8,1.1415250057524668,19.0,1,[3704],one_led_group,0.9304470104474744,21,0.2110779953049925,False,False,0.9304470104474744,0.9304470104474744
1099,yR8,1.4080229334278118,2.0,1,[3705],one_led_group,1.4080229334278118,2,0.0,True,True,1.4080229334278118,1.4080229334278118
1100,yR8,1.4569039263326324,32.0,1,[3706],one_led_group,1.4569039263326324,32,0.0,True,True,1.4569039263326324,1.4569039263326324
1101,yR8,0.8104889156411355,18.0,1,[3707],one_led_group,0.8104889156411355,18,0.0,True,True,0.8104889156411355,0.8104889156411355
1102,yR8,0.8865984331744031,74.0,1,[3708],one_led_group,0.8633080330023997,75,0.023290400172003456,False,False,0.8633080330023997,0.8633080330023997
1103,yR8,1.1939123168106651,30.0,1,[3709],one_led_group,1.0740111220339834,32,0.11990119477668171,False,False,1.0740111220339834,1.0740111220339834
1104,yR8,0.9833776079269102,28.0,1,[3710],one_led_group,0.98337760792691,28,2.220446049250313e-16,True,True,0.98337760792691,0.98337760792691
1105,yR8,0.9055554427857224,36.0,1,[3711],one_led_group,0.8270654079698453,38,0.07849003481587713,False,False,0.8270654079698453,0.8270654079698453
1106,yR8,1.1492148445515669,65.0,1,[3712],one_led_group,1.1492148445515666,65,2.220446049250313e-16,True,True,1.1492148445515666,1.1492148445515666
1107,yR8,0.6417913125922478,119.0,1,[3713],one_led_group,0.6417913125922478,119,0.0,True,True,0.6417913125922478,0.6417913125922478
1108,yR8,1.2084285975230367,41.0,1,[3714],one_led_group,1.121147057179779,44,0.08728154034325764,False,False,1.121147057179779,1.121147057179779
1109,yR8,1.346838223208612,21.0,1,[3715],one_led_group,1.3468382232086116,21,4.440892098500626e-16,True,True,1.3468382232086116,1.3468382232086116
1110,yR8,1.0317101542993754,10.0,1,[3716],one_led_group,1.0317101542993756,10,2.220446049250313e-16,True,True,1.0317101542993756,1.0317101542993756
1111,yR8,1.1040795047703837,45.0,1,[3717],one_led_group,1.1040795047703835,45,2.220446049250313e-16,True,True,1.1040795047703835,1.1040795047703835
1112,yR8,0.6321743428176553,11.0,1,[3718],one_led_group,0.6321743428176554,11,1.1102230246251565e-16,True,True,0.6321743428176554,0.6321743428176554
1113,yR8,0.5405802518654141,67.0,1,[3719],one_led_group,0.5405802518654139,67,2.220446049250313e-16,True,True,0.5405802518654139,0.5405802518654139
1114,yR8,1.0797758477635058,16.0,1,[3720],one_led_group,1.079775847763506,16,2.220446049250313e-16,True,True,1.079775847763506,1.079775847763506
1115,yR8,0.9512117211632215,20.0,1,[3721],one_led_group,0.9512117211632217,20,2.220446049250313e-16,True,True,0.9512117211632217,0.9512117211632217
1116,yR8,1.0277327275561678,20.0,1,[3722],one_led_group,1.027732727556168,20,2.220446049250313e-16,True,True,1.027732727556168,1.027732727556168
1117,yR8,1.2484456919525364,9.0,1,[3723],one_led_group,1.2484456919525362,9,2.220446049250313e-16,True,True,1.2484456919525362,1.2484456919525362
1118,yR8,0.6902187894868069,13.0,1,[3724],one_led_group,0.690218789486807,13,1.1102230246251565e-16,True,True,0.690218789486807,0.690218789486807
1119,yR8,0.595404845320013,13.0,1,[3725],one_led_group,0.5954048453200129,13,1.1102230246251565e-16,True,True,0.5954048453200129,0.5954048453200129
1120,yR8,1.3527797344578185,31.0,1,[3726],one_led_group,1.3527797344578185,31,0.0,True,True,1.3527797344578185,1.3527797344578185
1121,yR8,0.446241497521641,137.0,1,[3727],one_led_group,0.4517330396076731,138,0.005491542086032086,False,False,0.4517330396076731,0.4517330396076731
1122,yR8,0.9197424297184871,7.0,1,[3728],one_led_group,0.9197424297184872,7,1.1102230246251565e-16,True,True,0.9197424297184872,0.9197424297184872
1123,yR8,0.8016013480390526,59.0,1,[3729],one_led_group,0.7408009893848432,62,0.06080035865420941,False,False,0.7408009893848432,0.7408009893848432
1124,yR8,0.7940213472652828,59.0,1,[3730],one_led_group,0.7321658832795159,62,0.06185546398576691,False,False,0.7321658832795159,0.7321658832795159
1125,yR8,1.1098710836152388,102.0,1,[3731],one_led_group,1.1098710836152388,102,0.0,True,True,1.1098710836152388,1.1098710836152388
1126,yR8,1.131941680114084,75.0,1,[3732],one_led_group,1.1319416801140838,75,2.220446049250313e-16,True,True,1.1319416801140838,1.1319416801140838
1127,yR8,0.8060305907191395,16.0,1,[3733],one_led_group,0.7739938008679693,18,0.0320367898511702,False,False,0.7739938008679693,0.7739938008679693
1128,yR8,0.8597372015326082,16.0,1,[3734],one_led_group,0.8289864868161383,18,0.03075071471646995,False,False,0.8289864868161383,0.8289864868161383
1129,yR8,0.7900657573125571,47.0,1,[3735],one_led_group,0.790065757312557,47,1.1102230246251565e-16,True,True,0.790065757312557,0.790065757312557
1130,yR8,0.7182725235598388,47.0,1,[3736],one_led_group,0.7182725235598388,47,0.0,True,True,0.7182725235598388,0.7182725235598388
1131,yR8,0.34637284238213767,29.0,1,[3737],one_led_group,0.34121539064733114,30,0.0051574517348065285,False,False,0.34121539064733114,0.34121539064733114
1132,yR8,1.020856705773463,11.0,1,[3738],one_led_group,1.0208567057734628,11,2.220446049250313e-16,True,True,1.0208567057734628,1.0208567057734628
1133,yR8,0.9672847855220584,11.0,1,[3739],one_led_group,0.9672847855220585,11,1.1102230246251565e-16,True,True,0.9672847855220585,0.9672847855220585
1134,yR8,0.9620863477206878,16.0,1,[3740],one_led_group,0.9620863477206877,16,1.1102230246251565e-16,True,True,0.9620863477206877,0.9620863477206877
1135,yR8,0.799280014154812,16.0,1,[3741],one_led_group,0.7992800141548119,16,1.1102230246251565e-16,True,True,0.7992800141548119,0.7992800141548119
1136,yR8,1.0256409577017815,3.0,1,[3742],one_led_group,1.0256409577017815,3,0.0,True,True,1.0256409577017815,1.0256409577017815
1137,yR8,0.9005146461659289,19.0,1,[3743],one_led_group,0.9005146461659289,19,0.0,True,True,0.9005146461659289,0.9005146461659289
1138,yR8,1.0233686510936468,18.0,1,[3744],one_led_group,1.023368651093647,18,2.220446049250313e-16,True,True,1.023368651093647,1.023368651093647
1139,yR8,0.852453508684694,18.0,1,[3745],one_led_group,0.852453508684694,18,0.0,True,True,0.852453508684694,0.852453508684694
1140,yR8,0.9860015429097357,93.0,1,[3746],one_led_group,0.9293769937706498,96,0.05662454913908599,False,False,0.9293769937706498,0.9293769937706498
1141,yR8,0.982276086267197,46.0,1,[3747],one_led_group,0.9208201723474247,48,0.06145591391977223,False,False,0.9208201723474247,0.9208201723474247
1142,yR8,0.6675753898164662,38.0,1,[3748],one_led_group,0.6675753898164662,38,0.0,True,True,0.6675753898164662,0.6675753898164662
1143,yR8,0.965488217671275,17.0,1,[3749],one_led_group,0.7830972863621342,19,0.18239093130914086,False,False,0.7830972863621342,0.7830972863621342
1144,yR8,1.349988846953042,45.0,1,[3750],one_led_group,1.349988846953042,45,0.0,True,True,1.349988846953042,1.349988846953042
1145,yR8,0.8194003977737339,8.0,1,[3751],one_led_group,0.819400397773734,8,1.1102230246251565e-16,True,True,0.819400397773734,0.819400397773734
1146,yR8,1.2896242707991792,30.0,1,[3753],one_led_group,1.2896242707991792,30,0.0,True,True,1.2896242707991792,1.2896242707991792
1147,yR8,1.394601956255825,40.0,1,[3754],one_led_group,1.3946019562558252,40,2.220446049250313e-16,True,True,1.3946019562558252,1.3946019562558252
1148,yR8,1.4219150914418826,37.0,1,[3755],one_led_group,1.4219150914418828,37,2.220446049250313e-16,True,True,1.4219150914418828,1.4219150914418828
1149,yR8,0.8332353402699509,75.0,1,[3756],one_led_group,0.7555488142854809,78,0.07768652598447001,False,False,0.7555488142854809,0.7555488142854809
1150,yR8,0.2536549971990278,45.0,1,[3757],one_led_group,0.2536549971990277,45,1.1102230246251565e-16,True,True,0.2536549971990277,0.2536549971990277
1151,yR8,1.1520468674323772,54.0,1,[3758],one_led_group,1.1520468674323772,54,0.0,True,True,1.1520468674323772,1.1520468674323772
1152,yR8,0.9088865790022516,30.0,1,[3759],one_led_group,0.7922634966959717,33,0.11662308230627982,False,False,0.7922634966959717,0.7922634966959717
1153,yR8,0.7512015486100941,38.0,1,[3760],one_led_group,0.7512015486100944,38,2.220446049250313e-16,True,True,0.7512015486100944,0.7512015486100944
1154,yR8,0.3956872374774118,3.0,1,[3761],one_led_group,0.3956872374774118,3,0.0,True,True,0.3956872374774118,0.3956872374774118
1155,yR8,1.074794911810213,39.0,1,[3762],one_led_group,1.074794911810213,39,0.0,True,True,1.074794911810213,1.074794911810213
1156,yR8,1.0222825925839791,76.0,1,[3763],one_led_group,1.0222825925839785,76,6.661338147750939e-16,True,True,1.0222825925839785,1.0222825925839785
1157,yR8,1.0026592302356196,16.0,1,[3764],one_led_group,0.858447327758427,18,0.14421190247719262,False,False,0.858447327758427,0.858447327758427
1158,yR8,0.9859015727420702,19.0,1,[3765],one_led_group,0.9859015727420705,19,2.220446049250313e-16,True,True,0.9859015727420705,0.9859015727420705
1159,yR8,0.9841578903569532,47.0,1,[3766],one_led_group,0.984157890356953,47,2.220446049250313e-16,True,True,0.984157890356953,0.984157890356953
1160,yR8,0.215149399865024,9.0,1,[3767],one_led_group,0.21514939986502404,9,5.551115123125783e-17,True,True,0.21514939986502404,0.21514939986502404
1161,yR8,1.2909046647177937,10.0,1,[3768],one_led_group,1.2909046647177935,10,2.220446049250313e-16,True,True,1.2909046647177935,1.2909046647177935
1162,yR8,0.8530611532195994,390.0,1,[3769],one_led_group,0.8349813747874658,396,0.018079778432133597,False,False,0.8349813747874658,0.8349813747874658
1163,yR8,-0.6914964374789975,11.0,1,[3770],one_led_group,-0.6914964374789975,11,0.0,True,True,-0.6914964374789975,-0.6914964374789975
1164,yR8,-0.6562383339101772,11.0,1,[3771],one_led_group,-0.6562383339101772,11,0.0,True,True,-0.6562383339101772,-0.6562383339101772
1165,yR8,-0.33724790581729913,53.0,1,[3772],one_led_group,-0.33724790581729913,53,0.0,True,True,-0.33724790581729913,-0.33724790581729913
1166,yR8,-0.4192926170410333,53.0,1,[3773],one_led_group,-0.41929261704103343,53,1.1102230246251565e-16,True,True,-0.41929261704103343,-0.41929261704103343
1167,yR8,0.1375505949261814,26.0,1,[3774],one_led_group,0.13755059492618144,26,2.7755575615628914e-17,True,True,0.13755059492618144,0.13755059492618144
1168,yR8,0.6243999044168754,63.0,1,[3775],one_led_group,0.6243999044168755,63,1.1102230246251565e-16,True,True,0.6243999044168755,0.6243999044168755
1169,yR8,-0.7079287744990657,177.0,1,[3776],one_led_group,-0.6994289649926008,178,0.008499809506464895,False,False,-0.6994289649926008,-0.6994289649926008
1170,yR8,-0.6919022022702601,190.0,1,[3777],one_led_group,-0.6827355002103239,191,0.009166702059936194,False,False,-0.6827355002103239,-0.6827355002103239
1171,yR8,-0.9702614789854286,13.0,1,[3778],one_led_group,-0.9702614789854286,13,0.0,True,True,-0.9702614789854286,-0.9702614789854286
1172,yR8,0.7725448488738955,103.0,1,[3781],one_led_group,0.7725448488738955,103,0.0,True,True,0.7725448488738955,0.7725448488738955
1173,yR8,0.6784085273031684,29.0,1,[3782],one_led_group,0.6375011409978156,30,0.04090738630535273,False,False,0.6375011409978156,0.6375011409978156
1174,yR8,0.8605590040841067,29.0,1,[3783],one_led_group,0.8222481438628267,30,0.03831086022127994,False,False,0.8222481438628267,0.8222481438628267
1175,yR8,0.4112895303950354,45.0,1,[3784],one_led_group,0.4112895303950355,45,1.1102230246251565e-16,True,True,0.4112895303950355,0.4112895303950355
1176,yR8,0.470808245447783,29.0,1,[3785],one_led_group,0.43294365378979194,30,0.037864591657991054,False,False,0.43294365378979194,0.43294365378979194
1177,yR8,0.8430771158917715,9.0,1,[3786],one_led_group,0.8430771158917715,9,0.0,True,True,0.8430771158917715,0.8430771158917715
1178,yR8,0.9523669494244705,59.0,1,[3787],one_led_group,0.9523669494244704,59,1.1102230246251565e-16,True,True,0.9523669494244704,0.9523669494244704
1179,yR8,0.8017270943115182,19.0,1,[3788],one_led_group,0.676060305587342,21,0.12566678872417625,False,False,0.676060305587342,0.676060305587342
1180,yR8,0.9709554014509623,27.0,1,[3789],one_led_group,0.9709554014509623,27,0.0,True,True,0.9709554014509623,0.9709554014509623
1181,yR8,1.2464205727074087,11.0,1,[3790],one_led_group,1.2464205727074087,11,0.0,True,True,1.2464205727074087,1.2464205727074087
1182,yR8,1.0237873692036776,198.0,1,[3791],one_led_group,1.0176584583189552,199,0.006128910884722449,False,False,1.0176584583189552,1.0176584583189552
1183,yR8,1.2473279028455804,41.0,1,[3792],one_led_group,1.1231622608420264,44,0.12416564200355396,False,False,1.1231622608420264,1.1231622608420264
1184,yR8,0.8930405445432897,17.0,1,[3793],one_led_group,0.7659611357623524,19,0.12707940878093738,False,False,0.7659611357623524,0.7659611357623524
1185,yR8,0.9948563171905139,11.0,1,[3794],one_led_group,0.9948563171905139,11,0.0,True,True,0.9948563171905139,0.9948563171905139
1186,yR8,1.1042424605796348,32.0,1,[3795],one_led_group,1.104242460579635,32,2.220446049250313e-16,True,True,1.104242460579635,1.104242460579635
1187,yR8,0.9402947030572424,24.0,1,[3796],one_led_group,0.9111104753457326,26,0.029184227711509747,False,False,0.9111104753457326,0.9111104753457326
1188,yR8,0.8493755485913616,7.0,1,[3797],one_led_group,0.8493755485913616,7,0.0,True,True,0.8493755485913616,0.8493755485913616
1189,yR8,1.6468670446342768,2.0,1,[3798],one_led_group,1.6468670446342768,2,0.0,True,True,1.6468670446342768,1.6468670446342768
1190,yR8,1.2100125476362429,9.0,1,[3799],one_led_group,1.2100125476362427,9,2.220446049250313e-16,True,True,1.2100125476362427,1.2100125476362427
1191,yR8,1.3326789883661276,31.0,1,[3800],one_led_group,1.3326789883661272,31,4.440892098500626e-16,True,True,1.3326789883661272,1.3326789883661272
1192,yR8,0.9817111417704828,29.0,1,[3801],one_led_group,0.981711141770483,29,2.220446049250313e-16,True,True,0.981711141770483,0.981711141770483
1193,yR8,0.8354889799681516,29.0,1,[3802],one_led_group,0.8354889799681517,29,1.1102230246251565e-16,True,True,0.8354889799681517,0.8354889799681517
1194,yR8,0.8428033077419315,8.0,1,[3803],one_led_group,0.8428033077419314,8,1.1102230246251565e-16,True,True,0.8428033077419314,0.8428033077419314
1195,yR8,0.92087097234985,8.0,1,[3804],one_led_group,0.92087097234985,8,0.0,True,True,0.92087097234985,0.92087097234985
1196,yR8,0.9243051671892761,13.0,1,[3805],one_led_group,0.9243051671892759,13,2.220446049250313e-16,True,True,0.9243051671892759,0.9243051671892759
1197,yR8,0.5068458500198502,13.0,1,[3806],one_led_group,0.5068458500198502,13,0.0,True,True,0.5068458500198502,0.5068458500198502
1198,yR8,0.26392892696233244,48.0,1,[3807],one_led_group,0.26392892696233233,48,1.1102230246251565e-16,True,True,0.26392892696233233,0.26392892696233233
1199,yR8,1.2505163919326652,78.0,1,[3808],one_led_group,1.250516391932665,78,2.220446049250313e-16,True,True,1.250516391932665,1.250516391932665
1200,yR8,0.9456281623740364,48.0,1,[3809],one_led_group,0.8452643499998705,51,0.1003638123741658,False,False,0.8452643499998705,0.8452643499998705
1201,yR8,1.467059944748199,16.0,1,[3810],one_led_group,1.4670599447481987,16,2.220446049250313e-16,True,True,1.4670599447481987,1.4670599447481987
1202,yR8,0.7968241953381304,16.0,1,[3811],one_led_group,0.7968241953381303,16,1.1102230246251565e-16,True,True,0.7968241953381303,0.7968241953381303
1203,yR8,1.0512596735734883,16.0,1,[3812],one_led_group,1.0512596735734878,16,4.440892098500626e-16,True,True,1.0512596735734878,1.0512596735734878
1204,yR8,1.3546212938627105,3.0,1,[3813],one_led_group,1.3546212938627107,3,2.220446049250313e-16,True,True,1.3546212938627107,1.3546212938627107
1205,yR8,0.735483364567659,10.0,1,[3814],one_led_group,0.7354833645676588,10,1.1102230246251565e-16,True,True,0.7354833645676588,0.7354833645676588
1206,yR8,0.9434171495048399,24.0,1,[3815],one_led_group,0.9434171495048398,24,1.1102230246251565e-16,True,True,0.9434171495048398,0.9434171495048398
1207,yR8,1.0239273619205165,34.0,1,[3816],one_led_group,1.0239273619205165,34,0.0,True,True,1.0239273619205165,1.0239273619205165
1208,yR8,0.38242210185346254,16.0,1,[3817],one_led_group,0.37032971287670463,18,0.012092388976757906,False,False,0.37032971287670463,0.37032971287670463
1209,yR8,1.0349887359728225,76.0,1,[3818],one_led_group,1.0349887359728227,76,2.220446049250313e-16,True,True,1.0349887359728227,1.0349887359728227
1210,yR8,1.2821133829115499,14.0,1,[3819],one_led_group,1.2821133829115499,14,0.0,True,True,1.2821133829115499,1.2821133829115499
1211,yR8,1.2775025990988451,14.0,1,[3820],one_led_group,1.2775025990988451,14,0.0,True,True,1.2775025990988451,1.2775025990988451
1212,yR8,0.832920286343252,59.0,1,[3821],one_led_group,0.8329202863432522,59,2.220446049250313e-16,True,True,0.8329202863432522,0.8329202863432522
1213,yR8,0.4614923328872105,13.0,1,[3822],one_led_group,0.4614923328872106,13,1.1102230246251565e-16,True,True,0.4614923328872106,0.4614923328872106
1214,yR8,0.6631675465601079,8.0,1,[3823],one_led_group,0.6631675465601078,8,1.1102230246251565e-16,True,True,0.6631675465601078,0.6631675465601078
1215,yR8,0.41537474604842206,67.0,1,[3824],one_led_group,0.40548156354156917,68,0.009893182506852893,False,False,0.40548156354156917,0.40548156354156917
1216,yR8,0.9049003452859967,14.0,1,[3825],one_led_group,0.9049003452859967,14,0.0,True,True,0.9049003452859967,0.9049003452859967
1217,yR8,1.0365549497826423,71.0,1,[3826],one_led_group,1.0365549497826423,71,0.0,True,True,1.0365549497826423,1.0365549497826423
1218,yR8,1.755489963674523,12.0,1,[3827],one_led_group,1.755489963674523,12,0.0,True,True,1.755489963674523,1.755489963674523
1219,yR8,1.111463395760032,16.0,1,[3828],one_led_group,1.1114633957600322,16,2.220446049250313e-16,True,True,1.1114633957600322,1.1114633957600322
1220,yR8,0.7444053276082233,27.0,1,[3829],one_led_group,0.7444053276082232,27,1.1102230246251565e-16,True,True,0.7444053276082232,0.7444053276082232
1221,yR8,0.8651705526988399,27.0,1,[3830],one_led_group,0.8651705526988399,27,0.0,True,True,0.8651705526988399,0.8651705526988399
1222,yR8,1.0803754969619561,37.0,1,[3831],one_led_group,0.9949790193802495,39,0.08539647758170665,False,False,0.9949790193802495,0.9949790193802495
1223,yR8,1.5995315826578203,3.0,1,[3832],one_led_group,1.5995315826578203,3,0.0,True,True,1.5995315826578203,1.5995315826578203
1224,yR8,1.625999568043982,61.0,1,[3833],one_led_group,1.6259995680439816,61,4.440892098500626e-16,True,True,1.6259995680439816,1.6259995680439816
1225,yR8,1.2050901829501346,18.0,1,[3834],one_led_group,1.2050901829501344,18,2.220446049250313e-16,True,True,1.2050901829501344,1.2050901829501344
1226,yR8,0.9551872418835591,29.0,1,[3835],one_led_group,0.9240287587573359,30,0.031158483126223158,False,False,0.9240287587573359,0.9240287587573359
1227,yR8,0.8380521602783928,27.0,1,[3836],one_led_group,0.8380521602783929,27,1.1102230246251565e-16,True,True,0.8380521602783929,0.8380521602783929
1228,yR8,0.9015961856305255,11.0,1,[3837],one_led_group,0.9015961856305253,11,1.1102230246251565e-16,True,True,0.9015961856305253,0.9015961856305253
1229,yR8,1.1108059947267594,40.0,1,[3838],one_led_group,1.1108059947267597,40,2.220446049250313e-16,True,True,1.1108059947267597,1.1108059947267597
1230,yR8,0.9360135636334984,40.0,1,[3839],one_led_group,0.9360135636334984,40,0.0,True,True,0.9360135636334984,0.9360135636334984
1231,yR8,1.2201475638181367,14.0,1,[3840],one_led_group,1.2201475638181367,14,0.0,True,True,1.2201475638181367,1.2201475638181367
1232,yR8,-0.8727891936507435,11.0,1,[3841],one_led_group,-0.8727891936507437,11,2.220446049250313e-16,True,True,-0.8727891936507437,-0.8727891936507437
1233,yR8,-0.7176190013554117,11.0,1,[3842],one_led_group,-0.7176190013554118,11,1.1102230246251565e-16,True,True,-0.7176190013554118,-0.7176190013554118
1234,yR8,0.7486617889711125,27.0,1,[3843],one_led_group,0.7106677560563568,29,0.03799403291475567,False,False,0.7106677560563568,0.7106677560563568
1235,yR8,1.1128768930434902,225.0,1,[3844],one_led_group,1.1040880589869246,226,0.008788834056565609,False,False,1.1040880589869246,1.1040880589869246
1236,yR8,0.9586916120626364,17.0,1,[3845],one_led_group,0.8537656722610647,19,0.10492593980157172,False,False,0.8537656722610647,0.8537656722610647
1237,yR8,0.7173666751812152,29.0,1,[3846],one_led_group,0.7048640314715517,30,0.012502643709663475,False,False,0.7048640314715517,0.7048640314715517
1238,yR8,1.0983884635863077,32.0,1,[3847],one_led_group,1.098388463586308,32,2.220446049250313e-16,True,True,1.098388463586308,1.098388463586308
1239,yR8,0.7348434416167425,52.0,1,[3848],one_led_group,0.7348434416167422,52,3.3306690738754696e-16,True,True,0.7348434416167422,0.7348434416167422
1240,yR8,0.9830587531842323,38.0,1,[3849],one_led_group,0.9830587531842323,38,0.0,True,True,0.9830587531842323,0.9830587531842323
1241,yR8,1.3666492900323008,14.0,1,[3850],one_led_group,1.3666492900323006,14,2.220446049250313e-16,True,True,1.3666492900323006,1.3666492900323006
1242,yR8,1.312501350262138,18.0,1,[3851],one_led_group,1.312501350262138,18,0.0,True,True,1.312501350262138,1.312501350262138
1243,yR8,0.6846950395553959,11.0,1,[3852],one_led_group,0.684695039555396,11,1.1102230246251565e-16,True,True,0.684695039555396,0.684695039555396
1244,yR8,1.2148978594074877,14.0,1,[3853],one_led_group,1.2148978594074877,14,0.0,True,True,1.2148978594074877,1.2148978594074877
1245,yR8,-1.1420662773844907,16.0,1,[3854],one_led_group,-1.142066277384491,16,2.220446049250313e-16,True,True,-1.142066277384491,-1.142066277384491
1246,yR8,-1.1136947708174405,16.0,1,[3855],one_led_group,-1.1136947708174403,16,2.220446049250313e-16,True,True,-1.1136947708174403,-1.1136947708174403
1247,yR8,0.9596438392840041,24.0,1,[3856],one_led_group,0.9596438392840043,24,2.220446049250313e-16,True,True,0.9596438392840043,0.9596438392840043
1248,yR8,2.197518219003073,1.0,1,[3857],one_led_group,2.1975182190030735,1,4.440892098500626e-16,True,True,2.1975182190030735,2.1975182190030735
1249,yR8,1.4266236029673132,1.0,1,[3858],one_led_group,1.4266236029673136,1,4.440892098500626e-16,True,True,1.4266236029673136,1.4266236029673136
1250,yR8,0.9207580348780323,24.0,1,[3859],one_led_group,0.9207580348780323,24,0.0,True,True,0.9207580348780323,0.9207580348780323
1251,yR8,0.12888803969089993,6.0,1,[3860],one_led_group,0.12888803969089993,6,0.0,True,True,0.12888803969089993,0.12888803969089993
1252,yR8,-0.6448255041832445,34.0,1,[3861],one_led_group,-0.6448255041832445,34,0.0,True,True,-0.6448255041832445,-0.6448255041832445
1253,yR8,-0.6426282178619248,34.0,1,[3862],one_led_group,-0.6426282178619249,34,1.1102230246251565e-16,True,True,-0.6426282178619249,-0.6426282178619249
1254,yR8,-1.3467544302908017,56.0,1,[3863],one_led_group,-1.304927526817654,57,0.04182690347314777,False,False,-1.304927526817654,-1.304927526817654
1255,yR8,-1.089136465806565,56.0,1,[3864],one_led_group,-1.0326241702434185,57,0.05651229556314652,False,False,-1.0326241702434185,-1.0326241702434185
1256,yR8,-0.8983599792427084,17.0,1,[3865],one_led_group,-0.8983599792427083,17,1.1102230246251565e-16,True,True,-0.8983599792427083,-0.8983599792427083
1257,yR8,-0.9819239862544686,17.0,1,[3866],one_led_group,-0.9819239862544684,17,2.220446049250313e-16,True,True,-0.9819239862544684,-0.9819239862544684
1258,yR8,-0.2791142379384356,36.0,1,[3867],one_led_group,-0.2791142379384355,36,1.1102230246251565e-16,True,True,-0.2791142379384355,-0.2791142379384355
1259,yR8,-0.2786468050731863,36.0,1,[3868],one_led_group,-0.2786468050731863,36,0.0,True,True,-0.2786468050731863,-0.2786468050731863
1260,yR8,0.5238972615754244,48.0,1,[3869],one_led_group,0.4660301541762448,51,0.05786710739917955,False,False,0.4660301541762448,0.4660301541762448
1261,yR8,0.7174240313040213,9.0,1,[3870],one_led_group,0.7174240313040213,9,0.0,True,True,0.7174240313040213,0.7174240313040213
1262,yR8,0.9239091609150234,19.0,1,[3871],one_led_group,0.7848669503649852,21,0.13904221055003818,False,False,0.7848669503649852,0.7848669503649852
1263,yR8,0.31550084605418427,45.0,1,[3872],one_led_group,0.31550084605418427,45,0.0,True,True,0.31550084605418427,0.31550084605418427
1264,yR8,1.5489898900105925,32.0,1,[3873],one_led_group,1.5489898900105927,32,2.220446049250313e-16,True,True,1.5489898900105927,1.5489898900105927
1265,yR8,0.8097551728304867,11.0,1,[3874],one_led_group,0.8097551728304865,11,2.220446049250313e-16,True,True,0.8097551728304865,0.8097551728304865
1266,yR8,1.1009707730473577,36.0,1,[3875],one_led_group,1.100970773047358,36,2.220446049250313e-16,True,True,1.100970773047358,1.100970773047358
1267,yR8,0.9716389651268734,68.0,1,[3876],one_led_group,0.9716389651268734,68,0.0,True,True,0.9716389651268734,0.9716389651268734
1268,yR8,1.0418129527561424,104.0,1,[3877],one_led_group,1.0418129527561424,104,0.0,True,True,1.0418129527561424,1.0418129527561424
1269,yR8,1.0515132293782268,67.0,1,[3878],one_led_group,1.015581365999078,69,0.035931863379148776,False,False,1.015581365999078,1.015581365999078
1270,yR8,1.1297777076632909,67.0,1,[3879],one_led_group,1.1006389501944795,69,0.029138757468811338,False,False,1.1006389501944795,1.1006389501944795
1271,yR8,1.172300824815132,39.0,1,[3880],one_led_group,1.172300824815132,39,0.0,True,True,1.172300824815132,1.172300824815132
1272,yR8,0.9902652741398686,12.0,1,[3881],one_led_group,0.9902652741398684,12,2.220446049250313e-16,True,True,0.9902652741398684,0.9902652741398684
1273,yR8,0.9418263868687856,12.0,1,[3882],one_led_group,0.9418263868687856,12,0.0,True,True,0.9418263868687856,0.9418263868687856
1274,yR8,0.8534813308780196,39.0,1,[3883],one_led_group,0.8534813308780198,39,2.220446049250313e-16,True,True,0.8534813308780198,0.8534813308780198
1275,yR8,1.1538422847332892,24.0,1,[3884],one_led_group,1.1538422847332894,24,2.220446049250313e-16,True,True,1.1538422847332894,1.1538422847332894
1276,yR8,1.0087689844038001,41.0,1,[3885],one_led_group,1.0087689844038,41,2.220446049250313e-16,True,True,1.0087689844038,1.0087689844038
1277,yR8,1.0665742344064515,40.0,1,[3886],one_led_group,1.0665742344064522,40,6.661338147750939e-16,True,True,1.0665742344064522,1.0665742344064522
1278,yR8,-0.21816447323434152,9.0,1,[3887],one_led_group,-0.21816447323434154,9,2.7755575615628914e-17,True,True,-0.21816447323434154,-0.21816447323434154
1279,yR8,-0.14096734668040736,103.0,1,[3888],one_led_group,-0.14096734668040736,103,0.0,True,True,-0.14096734668040736,-0.14096734668040736
1280,yR8,1.3866119868218774,9.0,1,[3889],one_led_group,1.3866119868218771,9,2.220446049250313e-16,True,True,1.3866119868218771,1.3866119868218771
1281,yR8,1.0573082400920415,9.0,1,[3890],one_led_group,1.0573082400920415,9,0.0,True,True,1.0573082400920415,1.0573082400920415
1282,yR8,0.9349018647189294,13.0,1,[3892],one_led_group,0.9349018647189292,13,2.220446049250313e-16,True,True,0.9349018647189292,0.9349018647189292
1283,yR8,1.1528358270746644,14.0,1,[3893],one_led_group,1.1528358270746641,14,2.220446049250313e-16,True,True,1.1528358270746641,1.1528358270746641
1284,yR8,0.9679256207421021,14.0,1,[3894],one_led_group,0.9679256207421022,14,1.1102230246251565e-16,True,True,0.9679256207421022,0.9679256207421022
1285,yR8,1.2267217470019538,2.0,1,[3895],one_led_group,1.2267217470019536,2,2.220446049250313e-16,True,True,1.2267217470019536,1.2267217470019536
1286,yR8,1.20916630614856,78.0,1,[3896],one_led_group,1.20916630614856,78,0.0,True,True,1.20916630614856,1.20916630614856
1287,yR8,0.8040409228079978,29.0,1,[3897],one_led_group,0.7528511967757976,30,0.05118972603220018,False,False,0.7528511967757976,0.7528511967757976
1288,yR8,0.4681739676142769,30.0,1,[3902],one_led_group,0.420241737251026,32,0.047932230363250894,False,False,0.420241737251026,0.420241737251026
1289,yR8,0.8097310510350137,38.0,1,[3903],one_led_group,0.8097310510350136,38,1.1102230246251565e-16,True,True,0.8097310510350136,0.8097310510350136
1290,yR8,1.389819480387165,12.0,1,[3904],one_led_group,1.3898194803871649,12,2.220446049250313e-16,True,True,1.3898194803871649,1.3898194803871649
1291,yR8,0.9717919196267325,6.0,1,[3906],one_led_group,0.9717919196267323,6,2.220446049250313e-16,True,True,0.9717919196267323,0.9717919196267323
1292,yR8,0.42587774337880474,62.0,1,[3907],one_led_group,0.4258777433788048,62,5.551115123125783e-17,True,True,0.4258777433788048,0.4258777433788048
1293,yR8,0.957335984168582,19.0,1,[3908],one_led_group,0.7945758586360632,21,0.16276012553251884,False,False,0.7945758586360632,0.7945758586360632
1294,yR8,0.9582571928987037,59.0,1,[3909],one_led_group,0.8820869744015769,63,0.0761702184971268,False,False,0.8820869744015769,0.8820869744015769
1295,yR8,0.7024602878590971,29.0,1,[3910],one_led_group,0.6832735253816361,30,0.019186762477460984,False,False,0.6832735253816361,0.6832735253816361
1296,yR8,1.076072098335366,11.0,1,[3911],one_led_group,0.9708096394886234,12,0.10526245884674257,False,False,0.9708096394886234,0.9708096394886234
1297,yR8,0.6659094449171968,11.0,1,[3912],one_led_group,0.665909444917197,11,1.1102230246251565e-16,True,True,0.665909444917197,0.665909444917197
1298,yR8,0.9612477639315397,81.0,1,[3913],one_led_group,0.9612477639315395,81,1.1102230246251565e-16,True,True,0.9612477639315395,0.9612477639315395
1299,yR8,0.24513971225432418,19.0,1,[3914],one_led_group,0.21767494249261712,21,0.02746476976170706,False,False,0.21767494249261712,0.21767494249261712
1300,yR8,1.4504781543225655,2.0,1,[3915],one_led_group,1.4504781543225653,2,2.220446049250313e-16,True,True,1.4504781543225653,1.4504781543225653
1301,yR8,1.0787983377795285,2.0,1,[3916],one_led_group,1.0787983377795285,2,0.0,True,True,1.0787983377795285,1.0787983377795285
1302,yR8,0.669806639439044,36.0,1,[3917],one_led_group,0.6698066394390437,36,2.220446049250313e-16,True,True,0.6698066394390437,0.6698066394390437
1303,yR8,0.578412450153618,36.0,1,[3918],one_led_group,0.5784124501536179,36,1.1102230246251565e-16,True,True,0.5784124501536179,0.5784124501536179
1304,yR8,1.1317973946335083,193.0,1,[3919],one_led_group,1.1202953704136525,195,0.0115020242198558,False,False,1.1202953704136525,1.1202953704136525
1305,yR8,0.7858908349839714,19.0,1,[3920],one_led_group,0.6331204425735923,21,0.15277039241037904,False,False,0.6331204425735923,0.6331204425735923
1306,yR8,1.1356028385664998,29.0,1,[3921],one_led_group,1.1356028385664998,29,0.0,True,True,1.1356028385664998,1.1356028385664998
1307,yR8,-0.32183244804312144,9.0,1,[3922],one_led_group,-0.32183244804312144,9,0.0,True,True,-0.32183244804312144,-0.32183244804312144
1308,yR8,0.8800127225280122,78.0,1,[3923],one_led_group,0.8800127225280124,78,2.220446049250313e-16,True,True,0.8800127225280124,0.8800127225280124
1309,yR8,-0.39645997957146883,19.0,1,[3924],one_led_group,-0.3402021257056096,21,0.05625785386585924,False,False,-0.3402021257056096,-0.3402021257056096
1310,yR8,0.0558899664025908,11.0,1,[3925],one_led_group,0.055889966402590786,11,1.3877787807814457e-17,True,True,0.055889966402590786,0.055889966402590786
1311,yR8,0.9857729723098986,78.0,1,[3926],one_led_group,0.985772972309899,78,4.440892098500626e-16,True,True,0.985772972309899,0.985772972309899
1312,yR8,0.7849927212861972,38.0,1,[3928],one_led_group,0.784992721286197,38,2.220446049250313e-16,True,True,0.784992721286197,0.784992721286197
1313,yR8,0.39917416013433554,62.0,1,[3929],one_led_group,0.39917416013433543,62,1.1102230246251565e-16,True,True,0.39917416013433543,0.39917416013433543
1314,yR8,0.6592522512217043,11.0,1,[3930],one_led_group,0.5516277946015694,12,0.10762445662013487,False,False,0.5516277946015694,0.5516277946015694
1315,yR8,0.7774430580835447,18.0,1,[3931],one_led_group,0.7774430580835447,18,0.0,True,True,0.7774430580835447,0.7774430580835447
1316,yR8,0.8073152529877599,27.0,1,[3932],one_led_group,0.7588078632878082,29,0.04850738969995161,False,False,0.7588078632878082,0.7588078632878082
1317,yR8,1.043994748921758,3.0,1,[3933],one_led_group,1.043994748921758,3,0.0,True,True,1.043994748921758,1.043994748921758
1318,yR8,0.7516323020495571,52.0,1,[3934],one_led_group,0.751632302049557,52,1.1102230246251565e-16,True,True,0.751632302049557,0.751632302049557
1319,yR8,0.262325176125994,16.0,1,[3935],one_led_group,0.262325176125994,16,0.0,True,True,0.262325176125994,0.262325176125994
1320,yR8,0.288817375234522,60.0,1,[3936],one_led_group,0.28881737523452183,60,1.6653345369377348e-16,True,True,0.28881737523452183,0.28881737523452183
1321,yR8,0.5293014096857029,25.0,1,[3937],one_led_group,0.5293014096857029,25,0.0,True,True,0.5293014096857029,0.5293014096857029
1322,yR8,1.1817244813972336,37.0,1,[3939],one_led_group,1.0820761097619602,39,0.0996483716352734,False,False,1.0820761097619602,1.0820761097619602
1323,yR8,1.6679516764265636,61.0,1,[3940],one_led_group,1.6679516764265632,61,4.440892098500626e-16,True,True,1.6679516764265632,1.6679516764265632
1324,yR8,-0.12491581137870598,103.0,1,[3941],one_led_group,-0.1249158113787059,103,8.326672684688674e-17,True,True,-0.1249158113787059,-0.1249158113787059
1325,yR8,0.5346027875027681,19.0,1,[3942],one_led_group,0.42905106409094307,21,0.10555172341182506,False,False,0.42905106409094307,0.42905106409094307
1326,yR8,1.1223172799243266,11.0,1,[3943],one_led_group,1.1223172799243268,11,2.220446049250313e-16,True,True,1.1223172799243268,1.1223172799243268
1327,yR8,0.8754441173041446,24.0,1,[3944],one_led_group,0.7472480504453697,26,0.12819606685877494,False,False,0.7472480504453697,0.7472480504453697
1328,yR8,1.0324259269887526,2.0,1,[3945],one_led_group,1.0324259269887524,2,2.220446049250313e-16,True,True,1.0324259269887524,1.0324259269887524
1329,yR8,0.8992751763624371,10.0,1,[3946],one_led_group,0.8992751763624371,10,0.0,True,True,0.8992751763624371,0.8992751763624371
1330,yR8,0.4688539213458612,13.0,1,[3947],one_led_group,0.46885392134586124,13,5.551115123125783e-17,True,True,0.46885392134586124,0.46885392134586124
1331,yR8,0.36224399792811796,24.0,1,[3948],one_led_group,0.36224399792811796,24,0.0,True,True,0.36224399792811796,0.36224399792811796
1332,yR8,0.666831404088683,16.0,1,[3949],one_led_group,0.6668314040886832,16,2.220446049250313e-16,True,True,0.6668314040886832,0.6668314040886832
1333,yR8,0.754243033153947,16.0,1,[3950],one_led_group,0.754243033153947,16,0.0,True,True,0.754243033153947,0.754243033153947
1334,yR8,0.5230626598712264,14.0,1,[3951],one_led_group,0.5230626598712264,14,0.0,True,True,0.5230626598712264,0.5230626598712264
1335,yR8,0.005186371942179879,6.0,1,[3952],one_led_group,0.005186371942179875,6,3.469446951953614e-18,True,True,0.005186371942179875,0.005186371942179875
1336,yR8,0.9461525377287313,30.0,1,[3953],one_led_group,0.9461525377287313,30,0.0,True,True,0.9461525377287313,0.9461525377287313
1337,yR8,1.1351204313564822,74.0,1,[3954],one_led_group,1.1351204313564827,74,4.440892098500626e-16,True,True,1.1351204313564827,1.1351204313564827
1338,yR8,1.059870308396468,16.0,1,[3955],one_led_group,1.059870308396468,16,0.0,True,True,1.059870308396468,1.059870308396468
1339,yR8,0.9067918683482458,16.0,1,[3956],one_led_group,0.9067918683482459,16,1.1102230246251565e-16,True,True,0.9067918683482459,0.9067918683482459
1340,yR8,0.9093166367175849,34.0,1,[3957],one_led_group,0.909316636717585,34,1.1102230246251565e-16,True,True,0.909316636717585,0.909316636717585
1341,yR8,1.2584490849366674,12.0,1,[3958],one_led_group,1.2584490849366672,12,2.220446049250313e-16,True,True,1.2584490849366672,1.2584490849366672
1342,yR8,1.0559369519434956,30.0,1,[3959],one_led_group,1.0559369519434953,30,2.220446049250313e-16,True,True,1.0559369519434953,1.0559369519434953
1343,yR8,0.9674942820101491,29.0,1,[3960],one_led_group,0.9044578794760828,30,0.06303640253406628,False,False,0.9044578794760828,0.9044578794760828
1344,yR8,1.065749241793037,29.0,1,[3961],one_led_group,1.065749241793037,29,0.0,True,True,1.065749241793037,1.065749241793037
1345,yR8,0.6960130032290953,8.0,1,[3962],one_led_group,0.6960130032290953,8,0.0,True,True,0.6960130032290953,0.6960130032290953
1346,yR8,-1.0452911704067198,29.0,1,[3963],one_led_group,-1.04529117040672,29,2.220446049250313e-16,True,True,-1.04529117040672,-1.04529117040672
1347,yR8,-0.9040083375632209,29.0,1,[3964],one_led_group,-0.9040083375632209,29,0.0,True,True,-0.9040083375632209,-0.9040083375632209
1348,yR8,0.07069361511618105,54.0,1,[3965],one_led_group,0.07069361511618102,54,2.7755575615628914e-17,True,True,0.07069361511618102,0.07069361511618102
1349,yR8,1.2604222030804417,42.0,1,[3966],one_led_group,1.2604222030804417,42,0.0,True,True,1.2604222030804417,1.2604222030804417
1350,yR8,1.087494854720598,54.0,1,[3967],one_led_group,1.0874948547205974,54,6.661338147750939e-16,True,True,1.0874948547205974,1.0874948547205974
1351,yR8,0.014044849907598005,25.0,1,[3968],one_led_group,0.03358822445678545,27,0.019543374549187444,False,False,0.03358822445678545,0.03358822445678545
1352,yR8,1.0438315585092377,11.0,1,[3969],one_led_group,0.9331434872848865,12,0.1106880712243512,False,False,0.9331434872848865,0.9331434872848865
1353,yR8,-1.4427222087787668,8.0,1,[3970],one_led_group,-1.1009137425471667,10,0.3418084662316001,False,False,-1.1009137425471667,-1.1009137425471667
1354,yR8,-1.5922859360112565,8.0,1,[3971],one_led_group,-1.3135211712356218,10,0.2787647647756346,False,False,-1.3135211712356218,-1.3135211712356218
1355,yR8,-0.6450098725797294,3.0,1,[3972],one_led_group,-0.6450098725797296,3,2.220446049250313e-16,True,True,-0.6450098725797296,-0.6450098725797296
1356,yR8,-0.9445966566025762,25.0,1,[3973],one_led_group,-0.944596656602576,25,2.220446049250313e-16,True,True,-0.944596656602576,-0.944596656602576
1357,yR8,-0.8481336191131701,25.0,1,[3974],one_led_group,-0.8481336191131703,25,2.220446049250313e-16,True,True,-0.8481336191131703,-0.8481336191131703
1358,yR8,1.0416221869835243,32.0,1,[3975],one_led_group,1.0416221869835243,32,0.0,True,True,1.0416221869835243,1.0416221869835243
1359,yR8,-0.7628929995385948,56.0,1,[3976],one_led_group,-0.7350135455841449,57,0.027879453954449906,False,False,-0.7350135455841449,-0.7350135455841449
1360,yR8,-0.0896480847713219,49.0,1,[3977],one_led_group,-0.0896480847713219,49,0.0,True,True,-0.0896480847713219,-0.0896480847713219
1361,yR8,-0.06117577001682793,25.0,1,[3978],one_led_group,-0.02493731753244222,27,0.036238452484385716,False,False,-0.02493731753244222,-0.02493731753244222
1362,yR8,0.15664223853161666,54.0,1,[3979],one_led_group,0.1566422385316166,54,5.551115123125783e-17,True,True,0.1566422385316166,0.1566422385316166
1363,yR8,0.924093441372724,30.0,1,[3980],one_led_group,0.924093441372724,30,0.0,True,True,0.924093441372724,0.924093441372724
1364,yR8,0.9035140556782871,27.0,1,[3981],one_led_group,0.903514055678287,27,1.1102230246251565e-16,True,True,0.903514055678287,0.903514055678287
1365,yR8,1.260708258336649,11.0,1,[3982],one_led_group,1.0893691366252451,12,0.17133912171140375,False,False,1.0893691366252451,1.0893691366252451
1366,yR8,0.5768180044204786,129.0,1,[3983],one_led_group,0.5768180044204788,129,2.220446049250313e-16,True,True,0.5768180044204788,0.5768180044204788
1367,yR8,-0.13002610943609763,56.0,1,[3984],one_led_group,-0.13002610943609758,56,5.551115123125783e-17,True,True,-0.13002610943609758,-0.13002610943609758
1368,yR8,0.8085752132345126,7.0,1,[3985],one_led_group,0.8085752132345128,7,1.1102230246251565e-16,True,True,0.8085752132345128,0.8085752132345128
1369,yR8,0.5984133327749361,3.0,1,[3986],one_led_group,0.5984133327749361,3,0.0,True,True,0.5984133327749361,0.5984133327749361
1370,yR8,0.8214869372966557,24.0,1,[3987],one_led_group,0.8214869372966557,24,0.0,True,True,0.8214869372966557,0.8214869372966557
1371,yR8,0.8111932641272819,58.0,1,[3988],one_led_group,0.7820802548893927,59,0.029113009237889176,False,False,0.7820802548893927,0.7820802548893927
1372,yR8,1.0758145078614223,67.0,1,[3989],one_led_group,1.0672615716754987,68,0.008552936185923565,False,False,1.0672615716754987,1.0672615716754987
1373,yR8,1.2876466313102644,42.0,1,[3990],one_led_group,1.287646631310264,42,4.440892098500626e-16,True,True,1.287646631310264,1.287646631310264
1374,yR8,1.191989808790577,12.0,1,[3991],one_led_group,1.191989808790577,12,0.0,True,True,1.191989808790577,1.191989808790577
1375,yR8,-0.6249464684000847,29.0,1,[3992],one_led_group,-0.5884709766261823,30,0.03647549177390241,False,False,-0.5884709766261823,-0.5884709766261823
1376,yR8,1.0710655711877046,28.0,1,[3993],one_led_group,1.0710655711877044,28,2.220446049250313e-16,True,True,1.0710655711877044,1.0710655711877044
1377,yR8,0.618768936624319,8.0,1,[3994],one_led_group,0.618768936624319,8,0.0,True,True,0.618768936624319,0.618768936624319
1378,yR8,1.2271146984129493,51.0,1,[3995],one_led_group,1.2271146984129495,51,2.220446049250313e-16,True,True,1.2271146984129495,1.2271146984129495
1379,yR8,0.06514962132788688,14.0,1,[3996],one_led_group,0.06514962132788689,14,1.3877787807814457e-17,True,True,0.06514962132788689,0.06514962132788689
1380,yR8,-1.023442190704992,3.0,1,[3997],one_led_group,-1.0234421907049922,3,2.220446049250313e-16,True,True,-1.0234421907049922,-1.0234421907049922
1381,yR8,-0.043284913684549994,49.0,1,[3998],one_led_group,-0.043284913684549994,49,0.0,True,True,-0.043284913684549994,-0.043284913684549994
1382,yR8,-0.6607163413209373,56.0,1,[3999],one_led_group,-0.6307814552902403,57,0.02993488603069694,False,False,-0.6307814552902403,-0.6307814552902403
1383,yR8,0.7894992409875677,30.0,1,[4000],one_led_group,0.7894992409875677,30,0.0,True,True,0.7894992409875677,0.7894992409875677
1384,yR8,1.0366109774525685,30.0,1,[4001],one_led_group,1.0366109774525685,30,0.0,True,True,1.0366109774525685,1.0366109774525685
1385,yR8,-0.1626919405503977,34.0,1,[4002],one_led_group,-0.16269194055039765,34,5.551115123125783e-17,True,True,-0.16269194055039765,-0.16269194055039765
1386,yR8,-0.18903384635547546,34.0,1,[4003],one_led_group,-0.1890338463554755,34,2.7755575615628914e-17,True,True,-0.1890338463554755,-0.1890338463554755
1387,yR8,1.1060267096704652,32.0,1,[4004],one_led_group,1.106026709670465,32,2.220446049250313e-16,True,True,1.106026709670465,1.106026709670465
1388,yR8,0.20470717281241416,19.0,1,[4005],one_led_group,0.16460782547133837,21,0.040099347341075786,False,False,0.16460782547133837,0.16460782547133837
1389,yR8,1.1752921878004738,27.0,1,[4006],one_led_group,1.1752921878004736,27,2.220446049250313e-16,True,True,1.1752921878004736,1.1752921878004736
1390,yR8,1.248980663223003,7.0,1,[4007],one_led_group,1.248980663223003,7,0.0,True,True,1.248980663223003,1.248980663223003
1391,yR8,0.8663122155096612,34.0,1,[4008],one_led_group,0.8663122155096611,34,1.1102230246251565e-16,True,True,0.8663122155096611,0.8663122155096611
1392,yR8,-2.053925712290585,13.0,1,[4009],one_led_group,-2.053925712290585,13,0.0,True,True,-2.053925712290585,-2.053925712290585
1393,yR8,-0.4186072379554144,38.0,1,[4010],one_led_group,-0.4128566285826399,39,0.005750609372774496,False,False,-0.4128566285826399,-0.4128566285826399
1394,yR8,-0.2561640238389409,19.0,1,[4011],one_led_group,-0.2561640238389409,19,0.0,True,True,-0.2561640238389409,-0.2561640238389409
1395,yR8,-0.7073540093589624,16.0,1,[4012],one_led_group,-0.7073540093589624,16,0.0,True,True,-0.7073540093589624,-0.7073540093589624
1396,yR8,0.8312446024990735,24.0,1,[4013],one_led_group,0.8312446024990736,24,1.1102230246251565e-16,True,True,0.8312446024990736,0.8312446024990736
1397,yR8,-1.0827649939990092,29.0,1,[4015],one_led_group,-0.9950202514917851,30,0.08774474250722408,False,False,-0.9950202514917851,-0.9950202514917851
1398,yR8,-0.8885023980599565,30.0,1,[4016],one_led_group,-0.7327968403868482,33,0.15570555767310823,False,False,-0.7327968403868482,-0.7327968403868482
1399,yR8,-1.3070838773933542,27.0,1,[4017],one_led_group,-1.3070838773933542,27,0.0,True,True,-1.3070838773933542,-1.3070838773933542
1400,yR8,-1.1303190051842742,13.0,1,[4018],one_led_group,-1.1303190051842742,13,0.0,True,True,-1.1303190051842742,-1.1303190051842742
1401,yR8,1.6524153439356002,2.0,1,[4019],one_led_group,1.6524153439356004,2,2.220446049250313e-16,True,True,1.6524153439356004,1.6524153439356004
1402,yR8,-0.15423560294320993,19.0,1,[4020],one_led_group,-0.11622019212622574,21,0.03801541081698419,False,False,-0.11622019212622574,-0.11622019212622574
1403,yR8,-0.2355194123171916,18.0,1,[4021],one_led_group,-0.2355194123171916,18,0.0,True,True,-0.2355194123171916,-0.2355194123171916
1404,yR8,0.01753139524968035,101.0,1,[4022],one_led_group,0.01753139524968037,101,1.734723475976807e-17,True,True,0.01753139524968037,0.01753139524968037
1405,yR8,-0.7114485485606442,29.0,1,[4023],one_led_group,-0.6525604783506603,30,0.05888807020998388,False,False,-0.6525604783506603,-0.6525604783506603
1406,yR8,-0.22365204944943828,14.0,1,[4025],one_led_group,-0.22365204944943826,14,2.7755575615628914e-17,True,True,-0.22365204944943826,-0.22365204944943826
1407,yR8,-1.2482288179124728,76.0,1,[4026],one_led_group,-1.2482288179124723,76,4.440892098500626e-16,True,True,-1.2482288179124723,-1.2482288179124723
1408,yR8,-1.1923313427709543,10.0,1,[4027],one_led_group,-1.1923313427709545,10,2.220446049250313e-16,True,True,-1.1923313427709545,-1.1923313427709545
1409,yR8,-1.585164559043894,16.0,1,[4028],one_led_group,-1.5851645590438943,16,2.220446049250313e-16,True,True,-1.5851645590438943,-1.5851645590438943
1410,yR8,1.2837158660604686,51.0,1,[4029],one_led_group,1.2837158660604682,51,4.440892098500626e-16,True,True,1.2837158660604682,1.2837158660604682
1411,yR8,0.9196650639332452,28.0,1,[4030],one_led_group,0.919665063933245,28,2.220446049250313e-16,True,True,0.919665063933245,0.919665063933245
1412,yR8,1.2479049832123768,67.0,1,[4031],one_led_group,1.198643411594802,68,0.04926157161757483,False,False,1.198643411594802,1.198643411594802
1413,yR8,-1.1981317924547275,102.0,1,[4032],one_led_group,-1.1981317924547272,102,2.220446049250313e-16,True,True,-1.1981317924547272,-1.1981317924547272
1414,yR8,0.45549883124413343,65.0,1,[4033],one_led_group,0.4554988312441333,65,1.1102230246251565e-16,True,True,0.4554988312441333,0.4554988312441333
1415,yR8,0.3652238083871118,11.0,1,[4034],one_led_group,0.3652238083871119,11,5.551115123125783e-17,True,True,0.3652238083871119,0.3652238083871119
1416,yR8,0.07429089143504035,129.0,1,[4035],one_led_group,0.07429089143504036,129,1.3877787807814457e-17,True,True,0.07429089143504036,0.07429089143504036
1417,yR8,-0.08477779402012844,11.0,1,[4036],one_led_group,0.06364501513268128,12,0.14842280915280973,False,False,0.06364501513268128,0.06364501513268128
1418,yR8,-0.2171373295236192,56.0,1,[4037],one_led_group,-0.21713732952361917,56,2.7755575615628914e-17,True,True,-0.21713732952361917,-0.21713732952361917
1419,yR8,-0.07093854199475395,24.0,1,[4038],one_led_group,-0.07093854199475397,24,1.3877787807814457e-17,True,True,-0.07093854199475397,-0.07093854199475397
1420,yR8,0.6204978044502364,16.0,1,[4039],one_led_group,0.6204978044502363,16,1.1102230246251565e-16,True,True,0.6204978044502363,0.6204978044502363
1421,yR8,0.7655330030877157,10.0,1,[4040],one_led_group,0.7655330030877157,10,0.0,True,True,0.7655330030877157,0.7655330030877157
1422,yR8,-0.01572664697776779,19.0,1,[4041],one_led_group,-0.015726646977767794,19,3.469446951953614e-18,True,True,-0.015726646977767794,-0.015726646977767794
1423,yR8,1.0904040610881698,100.0,1,[4042],one_led_group,1.09040406108817,100,2.220446049250313e-16,True,True,1.09040406108817,1.09040406108817
1424,yR8,-1.3464441813490005,13.0,1,[4043],one_led_group,-1.346444181349001,13,4.440892098500626e-16,True,True,-1.346444181349001,-1.346444181349001
1425,yR8,0.16858287549861314,1.0,1,[4044],one_led_group,0.16858287549861328,1,1.3877787807814457e-16,True,True,0.16858287549861328,0.16858287549861328
1426,yR8,-0.30468506159636,3.0,1,[4045],one_led_group,-0.3046850615963599,3,1.1102230246251565e-16,True,True,-0.3046850615963599,-0.3046850615963599
1427,yR8,0.2548996748264855,3.0,1,[4046],one_led_group,0.2548996748264854,3,1.1102230246251565e-16,True,True,0.2548996748264854,0.2548996748264854
1428,yR8,-0.626968547813188,3.0,1,[4047],one_led_group,-0.626968547813188,3,0.0,True,True,-0.626968547813188,-0.626968547813188
1429,yR8,-0.6350555631128368,59.0,1,[4048],one_led_group,-0.5551647795027705,62,0.0798907836100663,False,False,-0.5551647795027705,-0.5551647795027705
1430,yR8,-0.026740960298979516,25.0,1,[4049],one_led_group,-0.026740960298979523,25,6.938893903907228e-18,True,True,-0.026740960298979523,-0.026740960298979523
1431,yR8,-0.12427998518995498,17.0,1,[4050],one_led_group,-0.12427998518995498,17,0.0,True,True,-0.12427998518995498,-0.12427998518995498
1432,yR8,0.12200380671850573,25.0,1,[4051],one_led_group,0.12200380671850575,25,1.3877787807814457e-17,True,True,0.12200380671850575,0.12200380671850575
1433,yR8,-0.38745940016861163,17.0,1,[4052],one_led_group,-0.3874594001686116,17,5.551115123125783e-17,True,True,-0.3874594001686116,-0.3874594001686116
1434,yR8,-0.14366551155555315,14.0,1,[4053],one_led_group,-0.14366551155555315,14,0.0,True,True,-0.14366551155555315,-0.14366551155555315
1435,yR8,-0.24848103961334014,3.0,1,[4054],one_led_group,-0.24848103961334014,3,0.0,True,True,-0.24848103961334014,-0.24848103961334014
1436,yR8,1.0225934557928869,100.0,1,[4055],one_led_group,1.0225934557928866,100,2.220446049250313e-16,True,True,1.0225934557928866,1.0225934557928866
1437,yR8,-0.4959348487225463,9.0,1,[4056],one_led_group,-0.1615957701736236,11,0.3343390785489227,False,False,-0.1615957701736236,-0.1615957701736236
1438,yR8,0.6491986706515119,65.0,1,[4057],one_led_group,0.6491986706515117,65,2.220446049250313e-16,True,True,0.6491986706515117,0.6491986706515117
1439,yR8,-0.028093601758515892,140.0,1,[4058],one_led_group,-0.028093601758515854,140,3.8163916471489756e-17,True,True,-0.028093601758515854,-0.028093601758515854
1440,yR8,-0.44393466166822204,11.0,1,[4059],one_led_group,-0.25131700297974646,12,0.19261765868847558,False,False,-0.25131700297974646,-0.25131700297974646
1441,yR8,-0.09949016173832251,1.0,1,[4060],one_led_group,-0.09949016173832237,1,1.3877787807814457e-16,True,True,-0.09949016173832237,-0.09949016173832237
1442,yR8,0.19636566048014717,69.0,1,[4061],one_led_group,0.19636566048014703,69,1.3877787807814457e-16,True,True,0.19636566048014703,0.19636566048014703
1443,yR8,-0.8842662345996152,13.0,1,[4063],one_led_group,-0.8842662345996152,13,0.0,True,True,-0.8842662345996152,-0.8842662345996152
1444,yR8,-1.03743783751477,86.0,1,[4064],one_led_group,-0.9488275720826012,90,0.08861026543216877,False,False,-0.9488275720826012,-0.9488275720826012
1445,yR8,-0.7774080053738531,66.0,1,[4065],one_led_group,-0.6988300388291837,69,0.07857796654466942,False,False,-0.6988300388291837,-0.6988300388291837
1446,yR8,-0.45102885365526096,17.0,1,[4066],one_led_group,-0.451028853655261,17,5.551115123125783e-17,True,True,-0.451028853655261,-0.451028853655261
1447,yR8,-0.30025653777859185,17.0,1,[4067],one_led_group,-0.30025653777859185,17,0.0,True,True,-0.30025653777859185,-0.30025653777859185
1448,yR8,-0.8823955497841675,18.0,1,[4068],one_led_group,-0.8823955497841673,18,1.1102230246251565e-16,True,True,-0.8823955497841673,-0.8823955497841673
1449,yR8,-1.4614789600318419,29.0,1,[4069],one_led_group,-1.3709043145410358,30,0.09057464549080607,False,False,-1.3709043145410358,-1.3709043145410358
1450,yR8,-1.4406535156913183,19.0,1,[4070],one_led_group,-1.1677706777258547,21,0.27288283796546353,False,False,-1.1677706777258547,-1.1677706777258547
1451,yR8,-1.1718024233233126,16.0,1,[4071],one_led_group,-1.1718024233233129,16,2.220446049250313e-16,True,True,-1.1718024233233129,-1.1718024233233129
1452,yR8,-0.8901916078804606,17.0,1,[4072],one_led_group,-0.8901916078804608,17,2.220446049250313e-16,True,True,-0.8901916078804608,-0.8901916078804608
1453,yR8,-0.837850889344328,38.0,1,[4073],one_led_group,-0.8065129424239749,39,0.03133794692035319,False,False,-0.8065129424239749,-0.8065129424239749
1454,yR8,-0.9384871203306088,16.0,1,[4074],one_led_group,-0.9384871203306088,16,0.0,True,True,-0.9384871203306088,-0.9384871203306088
1455,yR8,-0.1481077357213905,19.0,1,[4075],one_led_group,-0.14810773572139055,19,5.551115123125783e-17,True,True,-0.14810773572139055,-0.14810773572139055
1456,yR8,-0.2825227409417302,10.0,1,[4076],one_led_group,-0.2825227409417302,10,0.0,True,True,-0.2825227409417302,-0.2825227409417302
1457,yR8,-0.26094896470785106,6.0,1,[4077],one_led_group,-0.2609489647078511,6,5.551115123125783e-17,True,True,-0.2609489647078511,-0.2609489647078511
1458,yR8,0.24784370717994916,18.0,1,[4078],one_led_group,0.2478437071799492,18,2.7755575615628914e-17,True,True,0.2478437071799492,0.2478437071799492
1459,yR8,0.45476877422963347,11.0,1,[4079],one_led_group,0.4547687742296336,11,1.1102230246251565e-16,True,True,0.4547687742296336,0.4547687742296336
1460,yR8,0.09431188429331652,22.0,1,[4080],one_led_group,0.09431188429331652,22,0.0,True,True,0.09431188429331652,0.09431188429331652
1461,yR8,-0.5683019676830254,30.0,1,[4081],one_led_group,-0.5683019676830257,30,2.220446049250313e-16,True,True,-0.5683019676830257,-0.5683019676830257
1462,yR8,-0.45738058985760494,43.0,1,[4082],one_led_group,-0.45738058985760505,43,1.1102230246251565e-16,True,True,-0.45738058985760505,-0.45738058985760505
1463,yR8,-0.3184847292049081,40.0,1,[4083],one_led_group,-0.3045621497730042,41,0.013922579431903892,False,False,-0.3045621497730042,-0.3045621497730042
1464,yR8,0.11586743775252853,11.0,1,[4084],one_led_group,0.11586743775252856,11,2.7755575615628914e-17,True,True,0.11586743775252856,0.11586743775252856
1465,yR8,-0.6440886225875663,43.0,1,[4085],one_led_group,-0.5812464022905247,45,0.06284222029704156,False,False,-0.5812464022905247,-0.5812464022905247
1466,yR8,-0.2335521602005733,10.0,1,[4086],one_led_group,-0.23355216020057332,10,2.7755575615628914e-17,True,True,-0.23355216020057332,-0.23355216020057332
1467,yR8,0.07525290424385275,9.0,1,[4087],one_led_group,0.07525290424385273,9,2.7755575615628914e-17,True,True,0.07525290424385273,0.07525290424385273
1468,yR8,0.15003629591535853,14.0,1,[4088],one_led_group,0.15003629591535855,14,2.7755575615628914e-17,True,True,0.15003629591535855,0.15003629591535855
1469,yR8,-0.5134551641207122,16.0,1,[4089],one_led_group,-0.361482430531719,18,0.15197273358899321,False,False,-0.361482430531719,-0.361482430531719
1470,yR8,0.603389521536544,30.0,1,[4090],one_led_group,0.603389521536544,30,0.0,True,True,0.603389521536544,0.603389521536544
1471,yR8,0.5432154371670703,16.0,1,[4091],one_led_group,0.5432154371670704,16,1.1102230246251565e-16,True,True,0.5432154371670704,0.5432154371670704
1472,yR8,0.5861934810132691,99.0,1,[4092],one_led_group,0.5853756425819981,100,0.000817838431270923,False,False,0.5853756425819981,0.5853756425819981
1473,yR8,0.036804872666452826,15.0,1,[4093],one_led_group,0.036804872666452805,15,2.0816681711721685e-17,True,True,0.036804872666452805,0.036804872666452805
1474,yR8,-0.2912219223596543,11.0,1,[4094],one_led_group,-0.2912219223596542,11,5.551115123125783e-17,True,True,-0.2912219223596542,-0.2912219223596542
1475,yR8,0.36194290093739717,36.0,1,[4095],one_led_group,0.3619429009373971,36,5.551115123125783e-17,True,True,0.3619429009373971,0.3619429009373971
1476,yR8,-0.32451217528856063,38.0,1,[4096],one_led_group,-0.3641426457000232,39,0.03963047041146256,False,False,-0.3641426457000232,-0.3641426457000232
1477,yR8,-0.19281119041906852,18.0,1,[4097],one_led_group,-0.1928111904190685,18,2.7755575615628914e-17,True,True,-0.1928111904190685,-0.1928111904190685
1478,yR8,0.3764366208522357,11.0,1,[4098],one_led_group,0.3764366208522358,11,5.551115123125783e-17,True,True,0.3764366208522358,0.3764366208522358
1479,yR8,0.6450692318171268,145.0,1,[4099],one_led_group,0.636012969706293,146,0.00905626211083388,False,False,0.636012969706293,0.636012969706293
1480,yR8,0.4150910029758568,36.0,1,[4100],one_led_group,0.41509100297585694,36,1.1102230246251565e-16,True,True,0.41509100297585694,0.41509100297585694
1481,yR8,-0.48290338550371564,11.0,1,[4101],one_led_group,-0.48290338550371553,11,1.1102230246251565e-16,True,True,-0.48290338550371553,-0.48290338550371553
1482,yR8,-0.4360097934270314,33.0,1,[4102],one_led_group,-0.3941449782129888,35,0.04186481521404262,False,False,-0.3941449782129888,-0.3941449782129888
1483,yR8,0.20888928109713692,18.0,1,[4103],one_led_group,0.20888928109713692,18,0.0,True,True,0.20888928109713692,0.20888928109713692
1484,yR8,-0.059760093823817105,60.0,1,[4104],one_led_group,-0.05976009382381711,60,6.938893903907228e-18,True,True,-0.05976009382381711,-0.05976009382381711
1485,yR8,-0.08281331993550609,9.0,1,[4105],one_led_group,-0.08281331993550609,9,0.0,True,True,-0.08281331993550609,-0.08281331993550609
1486,yR8,0.06709637272155976,14.0,1,[4106],one_led_group,0.06709637272155976,14,0.0,True,True,0.06709637272155976,0.06709637272155976
1487,yR8,-0.13746747483294514,60.0,1,[4107],one_led_group,-0.13746747483294516,60,2.7755575615628914e-17,True,True,-0.13746747483294516,-0.13746747483294516
1488,yR8,-0.3909340135420914,33.0,1,[4108],one_led_group,-0.3281335172277717,35,0.06280049631431972,False,False,-0.3281335172277717,-0.3281335172277717
1489,yR8,-0.38805512786600366,56.0,1,[4109],one_led_group,-0.39357586600971894,57,0.005520738143715287,False,False,-0.39357586600971894,-0.39357586600971894
1490,yR8,-0.2930558172058565,10.0,1,[4110],one_led_group,-0.2930558172058565,10,0.0,True,True,-0.2930558172058565,-0.2930558172058565
1491,yR8,0.08382946092024132,15.0,1,[4111],one_led_group,0.08382946092024134,15,1.3877787807814457e-17,True,True,0.08382946092024134,0.08382946092024134
1492,yR8,-0.9787587929031976,16.0,1,[4112],one_led_group,-0.6866538290702542,18,0.2921049638329434,False,False,-0.6866538290702542,-0.6866538290702542
1493,yR8,-0.4651061851765591,199.0,1,[4113],one_led_group,-0.44840833266165614,202,0.016697852514902967,False,False,-0.44840833266165614,-0.44840833266165614
1494,yR8,-0.7364652417123164,9.0,1,[4114],one_led_group,-0.4501499531019174,11,0.286315288610399,False,False,-0.4501499531019174,-0.4501499531019174
1495,yR8,-0.7281954133894804,3.0,1,[4115],one_led_group,-0.7281954133894804,3,0.0,True,True,-0.7281954133894804,-0.7281954133894804
1496,yR8,-0.08923875551100627,14.0,1,[4116],one_led_group,-0.08923875551100627,14,0.0,True,True,-0.08923875551100627,-0.08923875551100627
1497,yR8,-0.9223618527371263,11.0,1,[4117],one_led_group,-0.7296129529329852,12,0.19274889980414112,False,False,-0.7296129529329852,-0.7296129529329852
1498,yR8,-1.852598546307876,27.0,1,[4118],one_led_group,-1.8525985463078758,27,2.220446049250313e-16,True,True,-1.8525985463078758,-1.8525985463078758
1499,yR8,-1.5689562466919045,29.0,1,[4119],one_led_group,-1.4982710532267944,30,0.07068519346511004,False,False,-1.4982710532267944,-1.4982710532267944
1500,yR8,-1.0496177175163088,29.0,1,[4120],one_led_group,-1.0496177175163088,29,0.0,True,True,-1.0496177175163088,-1.0496177175163088
1501,yR8,-1.3158655911738266,36.0,1,[4121],one_led_group,-1.2129927002723115,38,0.10287289090151508,False,False,-1.2129927002723115,-1.2129927002723115
1502,yR8,-0.6798884100837669,98.0,1,[4122],one_led_group,-0.6798884100837668,98,1.1102230246251565e-16,True,True,-0.6798884100837668,-0.6798884100837668
1503,yR8,-0.40565465810158047,6.0,1,[4123],one_led_group,-0.40565465810158047,6,0.0,True,True,-0.40565465810158047,-0.40565465810158047
1504,yR8,-0.9890191022881015,19.0,1,[4124],one_led_group,-0.7927907844315312,21,0.19622831785657036,False,False,-0.7927907844315312,-0.7927907844315312
1505,yR8,-0.9862142459220645,19.0,1,[4125],one_led_group,-0.7639620044082562,21,0.2222522415138083,False,False,-0.7639620044082562,-0.7639620044082562
1506,yR8,-1.139921076455925,30.0,1,[4126],one_led_group,-1.1399210764559249,30,2.220446049250313e-16,True,True,-1.1399210764559249,-1.1399210764559249
1507,yR8,-1.2358336297235528,83.0,1,[4127],one_led_group,-1.2358336297235526,83,2.220446049250313e-16,True,True,-1.2358336297235526,-1.2358336297235526
1508,yR8,-0.5655487552260204,11.0,1,[4128],one_led_group,-0.5655487552260204,11,0.0,True,True,-0.5655487552260204,-0.5655487552260204
1509,yR8,-1.2192705873431182,16.0,1,[4129],one_led_group,-1.219270587343118,16,2.220446049250313e-16,True,True,-1.219270587343118,-1.219270587343118
1510,yR8,-1.4010036285759457,66.0,1,[4130],one_led_group,-1.2773827484938083,69,0.12362088008213745,False,False,-1.2773827484938083,-1.2773827484938083
1511,yR8,-0.966387620022834,17.0,1,[4131],one_led_group,-0.966387620022834,17,0.0,True,True,-0.966387620022834,-0.966387620022834
1512,yR8,-1.4196515550140816,96.0,1,[4132],one_led_group,-1.3663390034332246,98,0.053312551580857015,False,False,-1.3663390034332246,-1.3663390034332246
1513,yR8,-1.264864232678311,36.0,1,[4133],one_led_group,-1.122112642554912,38,0.1427515901233991,False,False,-1.122112642554912,-1.122112642554912
1514,yR8,-0.6516238394947022,98.0,1,[4134],one_led_group,-0.6516238394947019,98,2.220446049250313e-16,True,True,-0.6516238394947019,-0.6516238394947019
1515,yR8,-1.1831879519145805,113.0,1,[4135],one_led_group,-1.1831879519145803,113,2.220446049250313e-16,True,True,-1.1831879519145803,-1.1831879519145803
1516,yR8,-0.9060708299210065,11.0,1,[4136],one_led_group,-0.9060708299210066,11,1.1102230246251565e-16,True,True,-0.9060708299210066,-0.9060708299210066
1517,pDm8,0.7122653389546388,6.0,0,[],unavailable_same_type,,,,,,,
1518,pDm8,0.3369781529921792,6.0,0,[],unavailable_same_type,,,,,,,
1519,pDm8,0.699852461921967,3.0,0,[],unavailable_same_type,,,,,,,
1520,pDm8,0.3856924309738891,10.0,0,[],unavailable_same_type,,,,,,,
1521,pDm8,0.663426205979505,34.0,0,[],unavailable_same_type,,,,,,,
1522,pDm8,0.42505000017018857,16.0,0,[],unavailable_same_type,,,,,,,
1523,pDm8,1.2583690927364717,7.0,0,[],unavailable_same_type,,,,,,,
1524,pDm8,1.3779870123696927,7.0,0,[],unavailable_same_type,,,,,,,
1525,pDm8,1.994014003848704,20.0,0,[],unavailable_same_type,,,,,,,
1526,pDm8,1.4473674839060153,36.0,0,[],unavailable_same_type,,,,,,,
1527,pDm8,1.2690327410845563,12.0,0,[],unavailable_same_type,,,,,,,
1528,pDm8,1.914555822109976,27.0,0,[],unavailable_same_type,,,,,,,
1529,pDm8,2.198729124002754,17.0,0,[],unavailable_same_type,,,,,,,
1530,pDm8,1.0901162436332046,23.0,0,[],unavailable_same_type,,,,,,,
1531,pDm8,0.9390036757505372,31.0,0,[],unavailable_same_type,,,,,,,
1532,pDm8,0.8941713793336848,16.0,0,[],unavailable_same_type,,,,,,,
1533,pDm8,0.8379739595308727,33.0,0,[],unavailable_same_type,,,,,,,
1534,pDm8,0.9943841385886701,10.0,0,[],unavailable_same_type,,,,,,,
1535,pDm8,1.4956784661108333,153.0,0,[],unavailable_same_type,,,,,,,
1536,pDm8,1.7243365680373661,11.0,0,[],unavailable_same_type,,,,,,,
1537,pDm8,1.5177291643271222,17.0,0,[],unavailable_same_type,,,,,,,
1538,pDm8,1.318936992999486,8.0,0,[],unavailable_same_type,,,,,,,
1539,pDm8,1.0633111395503556,7.0,0,[],unavailable_same_type,,,,,,,
1540,pDm8,0.7357291523127637,31.0,0,[],unavailable_same_type,,,,,,,
1541,pDm8,0.9796730888821019,7.0,0,[],unavailable_same_type,,,,,,,
1542,pDm8,1.0215962212639285,32.0,0,[],unavailable_same_type,,,,,,,
1543,pDm8,0.2909727628261031,17.0,0,[],unavailable_same_type,,,,,,,
1544,pDm8,0.3777139607362698,20.0,0,[],unavailable_same_type,,,,,,,
1545,pDm8,0.8202100200615934,10.0,0,[],unavailable_same_type,,,,,,,
1546,pDm8,1.612194134139688,10.0,0,[],unavailable_same_type,,,,,,,
1547,pDm8,0.622247421864393,9.0,0,[],unavailable_same_type,,,,,,,
1548,pDm8,1.0482639650113663,89.0,0,[],unavailable_same_type,,,,,,,
1549,pDm8,0.215819483610534,10.0,0,[],unavailable_same_type,,,,,,,
1550,pDm8,0.9301564358396798,13.0,0,[],unavailable_same_type,,,,,,,
1551,pDm8,1.4320076415971195,113.0,0,[],unavailable_same_type,,,,,,,
1552,pDm8,1.6483277831981835,11.0,0,[],unavailable_same_type,,,,,,,
1553,pDm8,1.5577478537700518,75.0,0,[],unavailable_same_type,,,,,,,
1554,pDm8,1.4911983664489317,4.0,0,[],unavailable_same_type,,,,,,,
1555,pDm8,1.8272886868854035,26.0,0,[],unavailable_same_type,,,,,,,
1556,pDm8,1.5674676402552048,56.0,0,[],unavailable_same_type,,,,,,,
1557,pDm8,1.4153870632482375,50.0,0,[],unavailable_same_type,,,,,,,
1558,pDm8,1.2845870255988896,75.0,0,[],unavailable_same_type,,,,,,,
1559,pDm8,2.8560739634010623,10.0,0,[],unavailable_same_type,,,,,,,
1560,pDm8,1.0282449720433995,6.0,0,[],unavailable_same_type,,,,,,,
1561,pDm8,1.925056663003682,5.0,0,[],unavailable_same_type,,,,,,,
1562,pDm8,0.9843340111035372,26.0,0,[],unavailable_same_type,,,,,,,
1563,pDm8,0.8106592502679816,17.0,0,[],unavailable_same_type,,,,,,,
1564,pDm8,1.9320220327856692,7.0,0,[],unavailable_same_type,,,,,,,
1565,pDm8,2.1634674290573788,6.0,0,[],unavailable_same_type,,,,,,,
1566,pDm8,2.4869315480037373,6.0,0,[],unavailable_same_type,,,,,,,
1567,pDm8,1.0126078716015163,45.0,0,[],unavailable_same_type,,,,,,,
1568,pDm8,1.5874506101745645,64.0,0,[],unavailable_same_type,,,,,,,
1569,pDm8,1.3915648079604375,72.0,0,[],unavailable_same_type,,,,,,,
1570,pDm8,1.6355309445686188,10.0,0,[],unavailable_same_type,,,,,,,
1571,pDm8,0.8814303912365525,15.0,0,[],unavailable_same_type,,,,,,,
1572,pDm8,1.0105580093918844,62.0,0,[],unavailable_same_type,,,,,,,
1573,pDm8,1.49549101617403,12.0,0,[],unavailable_same_type,,,,,,,
1574,pDm8,1.131589071533366,55.0,0,[],unavailable_same_type,,,,,,,
1575,pDm8,1.0239667302793103,5.0,0,[],unavailable_same_type,,,,,,,
1576,pDm8,1.466805330962463,31.0,0,[],unavailable_same_type,,,,,,,
1577,pDm8,1.6050819427523428,30.0,0,[],unavailable_same_type,,,,,,,
1578,pDm8,1.8733710246323967,5.0,0,[],unavailable_same_type,,,,,,,
1579,pDm8,1.4701988715104466,25.0,0,[],unavailable_same_type,,,,,,,
1580,pDm8,1.5632740742918174,23.0,0,[],unavailable_same_type,,,,,,,
1581,pDm8,1.1172785161726624,4.0,0,[],unavailable_same_type,,,,,,,
1582,pDm8,-0.020191347032549177,20.0,0,[],unavailable_same_type,,,,,,,
1583,pDm8,0.6768001619223695,215.0,0,[],unavailable_same_type,,,,,,,
1584,pDm8,0.4846486137626601,22.0,0,[],unavailable_same_type,,,,,,,
1585,pDm8,-0.005365129346355911,37.0,0,[],unavailable_same_type,,,,,,,
1586,pDm8,-0.4642542863759084,25.0,0,[],unavailable_same_type,,,,,,,
1587,pDm8,1.0975379713064572,19.0,0,[],unavailable_same_type,,,,,,,
1588,pDm8,0.5770145577561954,10.0,0,[],unavailable_same_type,,,,,,,
1589,pDm8,0.5790921738383208,18.0,0,[],unavailable_same_type,,,,,,,
1590,pDm8,0.5240707775521295,18.0,0,[],unavailable_same_type,,,,,,,
1591,pDm8,0.40112049816597384,8.0,0,[],unavailable_same_type,,,,,,,
1592,pDm8,0.44594465710001663,8.0,0,[],unavailable_same_type,,,,,,,
1593,pDm8,1.2416158500512928,7.0,0,[],unavailable_same_type,,,,,,,
1594,pDm8,0.2935254809247194,17.0,0,[],unavailable_same_type,,,,,,,
1595,pDm8,0.34376785053925146,17.0,0,[],unavailable_same_type,,,,,,,
1596,pDm8,0.6529604631234995,3.0,0,[],unavailable_same_type,,,,,,,
1597,pDm8,0.49881973618788294,10.0,0,[],unavailable_same_type,,,,,,,
1598,pDm8,1.339275420028034,7.0,0,[],unavailable_same_type,,,,,,,
1599,pDm8,0.6579837370898642,34.0,0,[],unavailable_same_type,,,,,,,
1600,pDm8,1.4488417933192914,56.0,0,[],unavailable_same_type,,,,,,,
1601,pDm8,0.2791968426432126,16.0,0,[],unavailable_same_type,,,,,,,
1602,pDm8,1.172299146516917,20.0,0,[],unavailable_same_type,,,,,,,
1603,pDm8,1.3432769798601716,16.0,0,[],unavailable_same_type,,,,,,,
1604,pDm8,1.436442808631206,36.0,0,[],unavailable_same_type,,,,,,,
1605,pDm8,1.8213017458214662,27.0,0,[],unavailable_same_type,,,,,,,
1606,pDm8,1.2684310266222982,29.0,0,[],unavailable_same_type,,,,,,,
1607,pDm8,1.4541064209722012,18.0,0,[],unavailable_same_type,,,,,,,
1608,pDm8,1.172679558852749,10.0,0,[],unavailable_same_type,,,,,,,
1609,pDm8,1.2324045468408096,10.0,0,[],unavailable_same_type,,,,,,,
1610,pDm8,1.3558135814889138,12.0,0,[],unavailable_same_type,,,,,,,
1611,pDm8,0.6874266881631542,127.0,0,[],unavailable_same_type,,,,,,,
1612,pDm8,0.37025087944114865,7.0,0,[],unavailable_same_type,,,,,,,
1613,pDm8,0.5287968424684621,7.0,0,[],unavailable_same_type,,,,,,,
1614,pDm8,0.24586498890257408,10.0,0,[],unavailable_same_type,,,,,,,
1615,pDm8,0.20897473462447955,10.0,0,[],unavailable_same_type,,,,,,,
1616,pDm8,0.5547015166147922,35.0,0,[],unavailable_same_type,,,,,,,
1617,pDm8,0.17050558530339713,17.0,0,[],unavailable_same_type,,,,,,,
1618,pDm8,1.3413049443087903,17.0,0,[],unavailable_same_type,,,,,,,
1619,pDm8,1.0118540949145183,23.0,0,[],unavailable_same_type,,,,,,,
1620,pDm8,1.039573247165205,31.0,0,[],unavailable_same_type,,,,,,,
1621,pDm8,1.1504026573683162,16.0,0,[],unavailable_same_type,,,,,,,
1622,pDm8,1.4946603312177476,216.0,0,[],unavailable_same_type,,,,,,,
1623,pDm8,-0.4790859200933939,45.0,0,[],unavailable_same_type,,,,,,,
1624,pDm8,1.17461557622963,33.0,0,[],unavailable_same_type,,,,,,,
1625,pDm8,1.3351120617896606,125.0,0,[],unavailable_same_type,,,,,,,
1626,pDm8,2.5195515158659854,10.0,0,[],unavailable_same_type,,,,,,,
1627,pDm8,1.2422406813103386,20.0,0,[],unavailable_same_type,,,,,,,
1628,pDm8,1.2466021631336999,20.0,0,[],unavailable_same_type,,,,,,,
1629,pDm8,0.38894987245354457,8.0,0,[],unavailable_same_type,,,,,,,
1630,pDm8,-0.13831377307336423,10.0,0,[],unavailable_same_type,,,,,,,
1631,pDm8,1.5402922709978115,118.0,0,[],unavailable_same_type,,,,,,,
1632,pDm8,1.3057676370186786,17.0,0,[],unavailable_same_type,,,,,,,
1633,pDm8,2.0912115539381237,17.0,0,[],unavailable_same_type,,,,,,,
1634,pDm8,1.8432127875649407,5.0,0,[],unavailable_same_type,,,,,,,
1635,pDm8,1.0895197212263665,45.0,0,[],unavailable_same_type,,,,,,,
1636,pDm8,0.8986174255818993,45.0,0,[],unavailable_same_type,,,,,,,
1637,pDm8,1.280644458995588,163.0,0,[],unavailable_same_type,,,,,,,
1638,pDm8,1.242564676764468,55.0,0,[],unavailable_same_type,,,,,,,
1639,pDm8,0.8438787475991169,23.0,0,[],unavailable_same_type,,,,,,,
1640,pDm8,1.2560362067814055,23.0,0,[],unavailable_same_type,,,,,,,
1641,pDm8,1.0783410246264598,7.0,0,[],unavailable_same_type,,,,,,,
1642,pDm8,1.610680766652526,36.0,0,[],unavailable_same_type,,,,,,,
1643,pDm8,0.4308040599809734,12.0,0,[],unavailable_same_type,,,,,,,
1644,pDm8,0.4882168316774657,11.0,0,[],unavailable_same_type,,,,,,,
1645,pDm8,0.950068403809475,6.0,0,[],unavailable_same_type,,,,,,,
1646,pDm8,0.7389381388042219,17.0,0,[],unavailable_same_type,,,,,,,
1647,pDm8,1.374413508269401,17.0,0,[],unavailable_same_type,,,,,,,
1648,pDm8,1.441612515496019,18.0,0,[],unavailable_same_type,,,,,,,
1649,pDm8,1.218608222961256,18.0,0,[],unavailable_same_type,,,,,,,
1650,pDm8,0.8765986926086143,31.0,0,[],unavailable_same_type,,,,,,,
1651,pDm8,1.0025082484620955,39.0,0,[],unavailable_same_type,,,,,,,
1652,pDm8,1.3700336045395716,7.0,0,[],unavailable_same_type,,,,,,,
1653,pDm8,1.0785225616714307,3.0,0,[],unavailable_same_type,,,,,,,
1654,pDm8,-0.010454374431658345,37.0,0,[],unavailable_same_type,,,,,,,
1655,pDm8,0.577007424911697,17.0,0,[],unavailable_same_type,,,,,,,
1656,pDm8,0.27319971787694775,20.0,0,[],unavailable_same_type,,,,,,,
1657,pDm8,0.32687521795654584,10.0,0,[],unavailable_same_type,,,,,,,
1658,pDm8,-0.2876467229881868,25.0,0,[],unavailable_same_type,,,,,,,
1659,pDm8,1.7186628943279547,10.0,0,[],unavailable_same_type,,,,,,,
1660,pDm8,0.6333862043557595,17.0,0,[],unavailable_same_type,,,,,,,
1661,pDm8,0.9092078782946833,19.0,0,[],unavailable_same_type,,,,,,,
1662,pDm8,1.2314618665047714,10.0,0,[],unavailable_same_type,,,,,,,
1663,pDm8,1.0286050359854069,98.0,0,[],unavailable_same_type,,,,,,,
1664,pDm8,-0.014372343679306374,96.0,0,[],unavailable_same_type,,,,,,,
1665,pDm8,0.3797381506271318,10.0,0,[],unavailable_same_type,,,,,,,
1666,pDm8,1.8532878017483452,17.0,0,[],unavailable_same_type,,,,,,,
1667,pDm8,1.6439969567514459,10.0,0,[],unavailable_same_type,,,,,,,
1668,pDm8,0.6771582252019085,318.0,0,[],unavailable_same_type,,,,,,,
1669,pDm8,0.01102755446060009,10.0,0,[],unavailable_same_type,,,,,,,
1670,pDm8,-0.01234336366610595,10.0,0,[],unavailable_same_type,,,,,,,
1671,pDm8,2.241689065393434,26.0,0,[],unavailable_same_type,,,,,,,
1672,pDm8,1.6820934050963872,56.0,0,[],unavailable_same_type,,,,,,,
1673,pDm8,-0.09254402305043584,146.0,0,[],unavailable_same_type,,,,,,,
1674,pDm8,-0.06427299593591065,225.0,0,[],unavailable_same_type,,,,,,,
1675,pDm8,0.08073520777239954,79.0,0,[],unavailable_same_type,,,,,,,
1676,pDm8,1.1243274313782208,31.0,0,[],unavailable_same_type,,,,,,,
1677,pDm8,0.9683848176917599,28.0,0,[],unavailable_same_type,,,,,,,
1678,pDm8,1.1719570473888126,3.0,0,[],unavailable_same_type,,,,,,,
1679,pDm8,1.5132913243551485,136.0,0,[],unavailable_same_type,,,,,,,
1680,pDm8,2.0461064522805668,10.0,0,[],unavailable_same_type,,,,,,,
1681,pDm8,1.3572777177426496,15.0,0,[],unavailable_same_type,,,,,,,
1682,pDm8,2.2361462852344816,6.0,0,[],unavailable_same_type,,,,,,,
1683,pDm8,2.2810102334436424,10.0,0,[],unavailable_same_type,,,,,,,
1684,pDm8,1.5384238089284799,26.0,0,[],unavailable_same_type,,,,,,,
1685,pDm8,1.2319308925791668,8.0,0,[],unavailable_same_type,,,,,,,
1686,pDm8,0.0459002046534197,73.0,0,[],unavailable_same_type,,,,,,,
1687,pDm8,1.4307069822376506,14.0,0,[],unavailable_same_type,,,,,,,
1688,pDm8,1.4474366697062135,7.0,0,[],unavailable_same_type,,,,,,,
1689,pDm8,0.8499442084358187,7.0,0,[],unavailable_same_type,,,,,,,
1690,pDm8,0.6539323494296535,34.0,0,[],unavailable_same_type,,,,,,,
1691,pDm8,0.6522537498572606,8.0,0,[],unavailable_same_type,,,,,,,
1692,pDm8,0.9938127383943025,173.0,0,[],unavailable_same_type,,,,,,,
1693,pDm8,-0.41644141788893474,45.0,0,[],unavailable_same_type,,,,,,,
1694,pDm8,1.3077856841619817,12.0,0,[],unavailable_same_type,,,,,,,
1695,pDm8,0.2446071800525638,6.0,0,[],unavailable_same_type,,,,,,,
1696,pDm8,1.1127428986309778,5.0,0,[],unavailable_same_type,,,,,,,
1697,pDm8,2.210707345265532,17.0,0,[],unavailable_same_type,,,,,,,
1698,pDm8,-0.2156066572562163,10.0,0,[],unavailable_same_type,,,,,,,
1699,pDm8,0.9477463114064787,16.0,0,[],unavailable_same_type,,,,,,,
1700,pDm8,0.7500762196317368,16.0,0,[],unavailable_same_type,,,,,,,
1701,pDm8,2.0221609363765625,6.0,0,[],unavailable_same_type,,,,,,,
1702,pDm8,0.8557345545578748,130.0,0,[],unavailable_same_type,,,,,,,
1703,pDm8,1.238438371033911,6.0,0,[],unavailable_same_type,,,,,,,
1704,pDm8,0.9719691472451404,12.0,0,[],unavailable_same_type,,,,,,,
1705,pDm8,1.6486068334459776,12.0,0,[],unavailable_same_type,,,,,,,
1706,pDm8,0.7959012003751973,18.0,0,[],unavailable_same_type,,,,,,,
1707,pDm8,1.0736799631685854,26.0,0,[],unavailable_same_type,,,,,,,
1708,pDm8,1.1558638541980315,19.0,0,[],unavailable_same_type,,,,,,,
1709,pDm8,0.9699646238744377,19.0,0,[],unavailable_same_type,,,,,,,
1710,pDm8,0.8178085505390952,36.0,0,[],unavailable_same_type,,,,,,,
1711,pDm8,0.7895141498896917,18.0,0,[],unavailable_same_type,,,,,,,
1712,pDm8,0.3696995695020101,5.0,0,[],unavailable_same_type,,,,,,,
1713,pDm8,0.6770341671489277,23.0,0,[],unavailable_same_type,,,,,,,
1714,pDm8,1.4495320226604336,29.0,0,[],unavailable_same_type,,,,,,,
1715,pDm8,0.47324610737641837,17.0,0,[],unavailable_same_type,,,,,,,
1716,pDm8,0.3487743575639364,96.0,0,[],unavailable_same_type,,,,,,,
1717,pDm8,1.1650056903876067,17.0,0,[],unavailable_same_type,,,,,,,
1718,pDm8,1.0809485063493323,22.0,0,[],unavailable_same_type,,,,,,,
1719,pDm8,0.28375793708320546,73.0,0,[],unavailable_same_type,,,,,,,
1720,pDm8,1.056767956054848,18.0,0,[],unavailable_same_type,,,,,,,
1721,pDm8,0.6041647274107638,5.0,0,[],unavailable_same_type,,,,,,,
1722,pDm8,0.5765452166621469,5.0,0,[],unavailable_same_type,,,,,,,
1723,pDm8,1.6497946441040654,13.0,0,[],unavailable_same_type,,,,,,,
1724,pDm8,1.7477139180434718,12.0,0,[],unavailable_same_type,,,,,,,
1725,pDm8,0.6507024197732084,8.0,0,[],unavailable_same_type,,,,,,,
1726,pDm8,0.9420444743706845,45.0,0,[],unavailable_same_type,,,,,,,
1727,pDm8,1.212722482832616,8.0,0,[],unavailable_same_type,,,,,,,
1728,pDm8,-0.02832692242467772,37.0,0,[],unavailable_same_type,,,,,,,
1729,pDm8,1.4604005771543886,10.0,0,[],unavailable_same_type,,,,,,,
1730,pDm8,1.2982867579023576,10.0,0,[],unavailable_same_type,,,,,,,
1731,pDm8,0.2048593324191879,33.0,0,[],unavailable_same_type,,,,,,,
1732,pDm8,1.03058120383203,5.0,0,[],unavailable_same_type,,,,,,,
1733,pDm8,0.22129078174145492,3.0,0,[],unavailable_same_type,,,,,,,
1734,pDm8,0.8503292393139014,29.0,0,[],unavailable_same_type,,,,,,,
1735,pDm8,0.6678042729765855,29.0,0,[],unavailable_same_type,,,,,,,
1736,pDm8,-0.7506274808247152,26.0,0,[],unavailable_same_type,,,,,,,
1737,pDm8,-0.6907420587410498,26.0,0,[],unavailable_same_type,,,,,,,
1738,pDm8,0.919514755663077,207.0,0,[],unavailable_same_type,,,,,,,
1739,pDm8,0.9650002420169892,20.0,0,[],unavailable_same_type,,,,,,,
1740,pDm8,0.42160254696385785,6.0,0,[],unavailable_same_type,,,,,,,
1741,pDm8,1.0594881828017315,27.0,0,[],unavailable_same_type,,,,,,,
1742,pDm8,0.7422093552309474,8.0,0,[],unavailable_same_type,,,,,,,
1743,pDm8,1.0656148579605842,7.0,0,[],unavailable_same_type,,,,,,,
1744,pDm8,0.8327275975311156,28.0,0,[],unavailable_same_type,,,,,,,
1745,pDm8,0.7716446807044879,62.0,0,[],unavailable_same_type,,,,,,,
1746,pDm8,0.4649434201710178,9.0,0,[],unavailable_same_type,,,,,,,
1747,pDm8,0.4100977772944821,5.0,0,[],unavailable_same_type,,,,,,,
1748,pDm8,0.5717543219113378,6.0,0,[],unavailable_same_type,,,,,,,
1749,pDm8,0.5392448877052621,15.0,0,[],unavailable_same_type,,,,,,,
1750,pDm8,1.0119149610313125,65.0,0,[],unavailable_same_type,,,,,,,
1751,pDm8,1.0738528856600278,65.0,0,[],unavailable_same_type,,,,,,,
1752,pDm8,0.8487266050437806,11.0,0,[],unavailable_same_type,,,,,,,
1753,pDm8,0.47398071231997596,11.0,0,[],unavailable_same_type,,,,,,,
1754,pDm8,-0.10143032255020124,16.0,0,[],unavailable_same_type,,,,,,,
1755,pDm8,-0.07367830780245707,10.0,0,[],unavailable_same_type,,,,,,,
1756,pDm8,-0.03597983465503344,6.0,0,[],unavailable_same_type,,,,,,,
1757,pDm8,0.6929174872857548,5.0,0,[],unavailable_same_type,,,,,,,
1758,pDm8,-0.19676826569424102,14.0,0,[],unavailable_same_type,,,,,,,
1759,pDm8,-0.15770593498231383,14.0,0,[],unavailable_same_type,,,,,,,
1760,pDm8,0.07879622495521042,33.0,0,[],unavailable_same_type,,,,,,,
1761,pDm8,0.09001246201817793,33.0,0,[],unavailable_same_type,,,,,,,
1762,pDm8,1.6781629561985376,55.0,0,[],unavailable_same_type,,,,,,,
1763,pDm8,-0.6391190132835011,25.0,0,[],unavailable_same_type,,,,,,,
1764,pDm8,-0.5673842429507149,25.0,0,[],unavailable_same_type,,,,,,,
1765,pDm8,0.3687614601408887,35.0,0,[],unavailable_same_type,,,,,,,
1766,pDm8,1.8759042502243393,16.0,0,[],unavailable_same_type,,,,,,,
1767,pDm8,0.01412823830489752,6.0,0,[],unavailable_same_type,,,,,,,
1768,pDm8,0.18862245800047525,17.0,0,[],unavailable_same_type,,,,,,,
1769,pDm8,0.6904457362949108,18.0,0,[],unavailable_same_type,,,,,,,
1770,pDm8,0.2095729635878038,7.0,0,[],unavailable_same_type,,,,,,,
1771,pDm8,0.6386525227382805,28.0,0,[],unavailable_same_type,,,,,,,
1772,pDm8,0.6127877513289751,106.0,0,[],unavailable_same_type,,,,,,,
1773,pDm8,0.8344947837343643,120.0,0,[],unavailable_same_type,,,,,,,
1774,pDm8,0.6762727069386327,226.0,0,[],unavailable_same_type,,,,,,,
1775,pDm8,0.4108487511970596,45.0,0,[],unavailable_same_type,,,,,,,
1776,pDm8,0.2477673330637731,45.0,0,[],unavailable_same_type,,,,,,,
1777,pDm8,0.7576465039387008,16.0,0,[],unavailable_same_type,,,,,,,
1778,pDm8,0.8942489529749494,16.0,0,[],unavailable_same_type,,,,,,,
1779,pDm8,0.6468421838040425,33.0,0,[],unavailable_same_type,,,,,,,
1780,pDm8,0.940253912586878,109.0,0,[],unavailable_same_type,,,,,,,
1781,pDm8,0.1592544671144466,155.0,0,[],unavailable_same_type,,,,,,,
1782,pDm8,0.9781924865700197,6.0,0,[],unavailable_same_type,,,,,,,
1783,pDm8,0.9725829373270597,6.0,0,[],unavailable_same_type,,,,,,,
1784,pDm8,0.634346959887047,12.0,0,[],unavailable_same_type,,,,,,,
1785,pDm8,-0.15841966172656677,7.0,0,[],unavailable_same_type,,,,,,,
1786,pDm8,0.5893292881150377,130.0,0,[],unavailable_same_type,,,,,,,
1787,pDm8,-0.6886869543243135,42.0,0,[],unavailable_same_type,,,,,,,
1788,pDm8,0.0028543427263572224,8.0,0,[],unavailable_same_type,,,,,,,
1789,pDm8,0.39463467751590897,12.0,0,[],unavailable_same_type,,,,,,,
1790,pDm8,0.8008687135925462,3.0,0,[],unavailable_same_type,,,,,,,
1791,pDm8,-0.545642885534565,27.0,0,[],unavailable_same_type,,,,,,,
1792,pDm8,-0.09395523619996182,27.0,0,[],unavailable_same_type,,,,,,,
1793,pDm8,-0.5662965523142977,12.0,0,[],unavailable_same_type,,,,,,,
1794,pDm8,-0.680946581091235,39.0,0,[],unavailable_same_type,,,,,,,
1795,pDm8,1.2605388510666287,10.0,0,[],unavailable_same_type,,,,,,,
1796,pDm8,-0.0277177684856255,4.0,0,[],unavailable_same_type,,,,,,,
1797,pDm8,-0.8287377495796822,12.0,0,[],unavailable_same_type,,,,,,,
1798,pDm8,0.6974067778351998,142.0,0,[],unavailable_same_type,,,,,,,
1799,pDm8,-0.8481906227730699,20.0,0,[],unavailable_same_type,,,,,,,
1800,pDm8,-0.8632257960407342,10.0,0,[],unavailable_same_type,,,,,,,
1801,pDm8,0.2882268838755421,215.0,0,[],unavailable_same_type,,,,,,,
1802,pDm8,0.1071419486209938,20.0,0,[],unavailable_same_type,,,,,,,
1803,pDm8,0.7238606044994055,17.0,0,[],unavailable_same_type,,,,,,,
1804,pDm8,-0.06374331400106183,17.0,0,[],unavailable_same_type,,,,,,,
1805,pDm8,0.005319025358675782,10.0,0,[],unavailable_same_type,,,,,,,
1806,pDm8,0.7970369945561272,19.0,0,[],unavailable_same_type,,,,,,,
1807,pDm8,1.650627212119902,12.0,0,[],unavailable_same_type,,,,,,,
1808,pDm8,1.3677500747795364,7.0,0,[],unavailable_same_type,,,,,,,
1809,pDm8,0.019127742827852585,27.0,0,[],unavailable_same_type,,,,,,,
1810,pDm8,0.009240905940276987,17.0,0,[],unavailable_same_type,,,,,,,
1811,pDm8,-0.12619712334073901,10.0,0,[],unavailable_same_type,,,,,,,
1812,pDm8,1.3549447046633056,20.0,0,[],unavailable_same_type,,,,,,,
1813,pDm8,1.9793421075552717,27.0,0,[],unavailable_same_type,,,,,,,
1814,pDm8,0.4686614436672821,13.0,0,[],unavailable_same_type,,,,,,,
1815,pDm8,1.2224074369599018,6.0,0,[],unavailable_same_type,,,,,,,
1816,pDm8,0.2753685169075904,23.0,0,[],unavailable_same_type,,,,,,,
1817,pDm8,0.9663685009121693,59.0,0,[],unavailable_same_type,,,,,,,
1818,pDm8,0.8505047280332191,67.0,0,[],unavailable_same_type,,,,,,,
1819,pDm8,-0.4764743763639797,37.0,0,[],unavailable_same_type,,,,,,,
1820,pDm8,-0.0029011282123188762,33.0,0,[],unavailable_same_type,,,,,,,
1821,pDm8,1.5567612883955402,11.0,0,[],unavailable_same_type,,,,,,,
1822,pDm8,0.27982630612196663,155.0,0,[],unavailable_same_type,,,,,,,
1823,pDm8,0.1875461229673899,36.0,0,[],unavailable_same_type,,,,,,,
1824,pDm8,-0.5723448785408454,8.0,0,[],unavailable_same_type,,,,,,,
1825,pDm8,1.1411772391095711,21.0,0,[],unavailable_same_type,,,,,,,
1826,pDm8,1.2024984381515114,20.0,0,[],unavailable_same_type,,,,,,,
1827,pDm8,0.4394063204041642,14.0,0,[],unavailable_same_type,,,,,,,
1828,pDm8,0.9829351295194418,28.0,0,[],unavailable_same_type,,,,,,,
1829,pDm8,0.53682363756313,16.0,0,[],unavailable_same_type,,,,,,,
1830,pDm8,0.12146950350320639,33.0,0,[],unavailable_same_type,,,,,,,
1831,pDm8,0.2653396394307152,127.0,0,[],unavailable_same_type,,,,,,,
1832,pDm8,1.0765647379252863,3.0,0,[],unavailable_same_type,,,,,,,
1833,pDm8,0.3021537514875308,10.0,0,[],unavailable_same_type,,,,,,,
1834,pDm8,0.46860398698231176,8.0,0,[],unavailable_same_type,,,,,,,
1835,pDm8,1.7217029755681943,10.0,0,[],unavailable_same_type,,,,,,,
1836,pDm8,2.762885709335315,10.0,0,[],unavailable_same_type,,,,,,,
1837,pDm8,-0.5258366798306856,44.0,0,[],unavailable_same_type,,,,,,,
1838,pDm8,-0.8121940480390223,29.0,0,[],unavailable_same_type,,,,,,,
1839,pDm8,-0.7416060902012971,29.0,0,[],unavailable_same_type,,,,,,,
1840,pDm8,-0.8610360314927102,4.0,0,[],unavailable_same_type,,,,,,,
1841,pDm8,-0.14657586586505783,33.0,0,[],unavailable_same_type,,,,,,,
1842,pDm8,0.09769577370448543,17.0,0,[],unavailable_same_type,,,,,,,
1843,pDm8,0.12574874178103718,6.0,0,[],unavailable_same_type,,,,,,,
1844,pDm8,0.192255982335569,10.0,0,[],unavailable_same_type,,,,,,,
1845,pDm8,-0.7233207739399197,8.0,0,[],unavailable_same_type,,,,,,,
1846,pDm8,-0.5712141332555338,8.0,0,[],unavailable_same_type,,,,,,,
1847,pDm8,-0.21563710396524943,10.0,0,[],unavailable_same_type,,,,,,,
1848,pDm8,-0.2794478733764872,10.0,0,[],unavailable_same_type,,,,,,,
1849,pDm8,-0.0009365728782741375,33.0,0,[],unavailable_same_type,,,,,,,
1850,pDm8,-0.8461487566952847,13.0,0,[],unavailable_same_type,,,,,,,
1851,pDm8,-0.2185915495825857,5.0,0,[],unavailable_same_type,,,,,,,
1852,pDm8,-0.09154230001838996,16.0,0,[],unavailable_same_type,,,,,,,
1853,pDm8,0.21360809425472496,10.0,0,[],unavailable_same_type,,,,,,,
1854,pDm8,0.07006720644324509,32.0,0,[],unavailable_same_type,,,,,,,
1855,pDm8,0.04465680942970066,5.0,0,[],unavailable_same_type,,,,,,,
1856,pDm8,0.5133445700702193,6.0,0,[],unavailable_same_type,,,,,,,
1857,pDm8,0.47746208398336165,10.0,0,[],unavailable_same_type,,,,,,,
1858,pDm8,0.4919320113203541,132.0,0,[],unavailable_same_type,,,,,,,
1859,pDm8,0.155084490333985,22.0,0,[],unavailable_same_type,,,,,,,
1860,pDm8,-0.41001236644922734,44.0,0,[],unavailable_same_type,,,,,,,
1861,pDm8,-0.7059181947774629,43.0,0,[],unavailable_same_type,,,,,,,
1862,pDm8,0.009950052101344694,33.0,0,[],unavailable_same_type,,,,,,,
1863,pDm8,0.08448114624366461,6.0,0,[],unavailable_same_type,,,,,,,
1864,pDm8,-0.11837227605033032,16.0,0,[],unavailable_same_type,,,,,,,
1865,pDm8,-0.9714653978060331,13.0,0,[],unavailable_same_type,,,,,,,
1866,pDm8,0.9013148904274846,9.0,0,[],unavailable_same_type,,,,,,,
1867,pDm8,-0.5388476666023118,10.0,0,[],unavailable_same_type,,,,,,,
1868,pDm8,-0.9975121738891264,13.0,0,[],unavailable_same_type,,,,,,,
1869,pDm8,-0.74497365870959,10.0,0,[],unavailable_same_type,,,,,,,
1870,pDm8,-1.4065216675771128,3.0,0,[],unavailable_same_type,,,,,,,
1871,pDm8,0.5812806794502435,9.0,0,[],unavailable_same_type,,,,,,,
1872,pDm8,-0.036942422020546484,33.0,0,[],unavailable_same_type,,,,,,,
1873,pDm8,-0.28036788959522924,37.0,0,[],unavailable_same_type,,,,,,,
1874,pDm8,0.676030624492074,3.0,0,[],unavailable_same_type,,,,,,,
1875,pDm8,0.05738604266843118,18.0,0,[],unavailable_same_type,,,,,,,
1876,pDm8,-0.7853603128339909,5.0,0,[],unavailable_same_type,,,,,,,
1877,pDm8,-0.6472441589035473,12.0,0,[],unavailable_same_type,,,,,,,
1878,pDm8,-0.0903303845247345,10.0,0,[],unavailable_same_type,,,,,,,
1879,pDm8,-0.8095634275643271,10.0,0,[],unavailable_same_type,,,,,,,
1880,pDm8,-0.8059474390087445,27.0,0,[],unavailable_same_type,,,,,,,
1881,pDm8,-0.08304349463982705,27.0,0,[],unavailable_same_type,,,,,,,
1882,pDm8,-0.04975183980966032,3.0,0,[],unavailable_same_type,,,,,,,
1883,pDm8,0.012779204515519643,5.0,0,[],unavailable_same_type,,,,,,,
1884,pDm8,0.5349315728464419,6.0,0,[],unavailable_same_type,,,,,,,
1885,pDm8,-0.7945153973237771,10.0,0,[],unavailable_same_type,,,,,,,
1886,pDm8,-0.008360626119126264,22.0,0,[],unavailable_same_type,,,,,,,
1887,pDm8,-0.70620942173539,7.0,0,[],unavailable_same_type,,,,,,,
1888,pDm8,-0.23599896676922846,10.0,0,[],unavailable_same_type,,,,,,,
1889,pDm8,1.0833395177000915,6.0,0,[],unavailable_same_type,,,,,,,
1890,pDm8,-0.43725740617925135,5.0,0,[],unavailable_same_type,,,,,,,
1891,pDm8,-0.44364833578426166,6.0,0,[],unavailable_same_type,,,,,,,
1892,pDm8,-0.4048836529457693,7.0,0,[],unavailable_same_type,,,,,,,
1893,pDm8,0.35804513958383055,179.0,0,[],unavailable_same_type,,,,,,,
1894,pDm8,-0.38239852467743607,8.0,0,[],unavailable_same_type,,,,,,,
1895,pDm8,-0.3668351189195303,12.0,0,[],unavailable_same_type,,,,,,,
1896,pDm8,-0.4659833878493233,86.0,0,[],unavailable_same_type,,,,,,,
1897,pDm8,0.10641697694266498,6.0,0,[],unavailable_same_type,,,,,,,
1898,pDm8,-0.49687434259897423,43.0,0,[],unavailable_same_type,,,,,,,
1899,pDm8,-0.5700108418549134,86.0,0,[],unavailable_same_type,,,,,,,
1900,pDm8,-0.4387018246684878,166.0,0,[],unavailable_same_type,,,,,,,
1901,pDm8,-0.3968929599808497,11.0,0,[],unavailable_same_type,,,,,,,
1902,pDm8,-0.33322118868677447,9.0,0,[],unavailable_same_type,,,,,,,
1903,pDm8,-0.45190935828880835,87.0,0,[],unavailable_same_type,,,,,,,
1904,pDm8,0.34341053168960867,10.0,0,[],unavailable_same_type,,,,,,,
1905,pDm8,-0.31633271088413245,24.0,0,[],unavailable_same_type,,,,,,,
1906,pDm8,-0.09099310860588279,11.0,0,[],unavailable_same_type,,,,,,,
1907,pDm8,-0.9193060087318583,7.0,0,[],unavailable_same_type,,,,,,,
1908,pDm8,-0.46868258363090265,35.0,0,[],unavailable_same_type,,,,,,,
1909,pDm8,0.1612087912840778,33.0,0,[],unavailable_same_type,,,,,,,
1910,pDm8,-0.27591346999228106,22.0,0,[],unavailable_same_type,,,,,,,
1911,pDm8,-0.8109679148005905,8.0,0,[],unavailable_same_type,,,,,,,
1912,pDm8,-0.42996696439639803,20.0,0,[],unavailable_same_type,,,,,,,
1913,pDm8,-0.36912215307224344,14.0,0,[],unavailable_same_type,,,,,,,
1914,pDm8,-0.2068440005581548,23.0,0,[],unavailable_same_type,,,,,,,
1915,pDm8,-0.4493685800936231,46.0,0,[],unavailable_same_type,,,,,,,
1916,pDm8,-0.4437575043144412,11.0,0,[],unavailable_same_type,,,,,,,
1917,pDm8,-0.44759706292228907,182.0,0,[],unavailable_same_type,,,,,,,
1918,pDm8,-0.4088013551576374,37.0,0,[],unavailable_same_type,,,,,,,
1919,pDm8,0.043317964238601174,10.0,0,[],unavailable_same_type,,,,,,,
1920,pDm8,0.3509231873388666,38.0,0,[],unavailable_same_type,,,,,,,
1921,pDm8,-0.21317981017114243,6.0,0,[],unavailable_same_type,,,,,,,
1922,pDm8,-0.7367872583168635,10.0,0,[],unavailable_same_type,,,,,,,
1923,pDm8,-0.5381444203980292,7.0,0,[],unavailable_same_type,,,,,,,
1924,pDm8,-0.836492976096426,12.0,0,[],unavailable_same_type,,,,,,,
1925,pDm8,-0.7631093051301108,11.0,0,[],unavailable_same_type,,,,,,,
1926,pDm8,-0.43701765821404076,182.0,0,[],unavailable_same_type,,,,,,,
1927,pDm8,-0.4765837681797037,166.0,0,[],unavailable_same_type,,,,,,,
1928,pDm8,-0.5253789913017688,107.0,0,[],unavailable_same_type,,,,,,,
1929,pDm8,-0.7652217564388578,7.0,0,[],unavailable_same_type,,,,,,,
1930,pDm8,-0.12269629257031303,10.0,0,[],unavailable_same_type,,,,,,,
1931,pDm8,-0.5638541560985824,144.0,0,[],unavailable_same_type,,,,,,,
1932,pDm8,-0.09869468293009864,10.0,0,[],unavailable_same_type,,,,,,,
1933,pDm8,-0.33949959294021437,7.0,0,[],unavailable_same_type,,,,,,,
1934,pDm8,-0.4009018819037705,48.0,0,[],unavailable_same_type,,,,,,,
1935,pDm8,-0.023734738072404355,6.0,0,[],unavailable_same_type,,,,,,,
1936,pDm8,-0.9056156406605026,11.0,0,[],unavailable_same_type,,,,,,,
1937,pDm8,-0.06658360821951338,17.0,0,[],unavailable_same_type,,,,,,,
1938,pDm8,-0.619881879926068,27.0,0,[],unavailable_same_type,,,,,,,
1939,pDm8,-0.10190228590144779,27.0,0,[],unavailable_same_type,,,,,,,
1940,pDm8,-0.7517964589812802,23.0,0,[],unavailable_same_type,,,,,,,
1941,pDm8,-0.5441245005303846,34.0,0,[],unavailable_same_type,,,,,,,
1942,pDm8,-0.7787256190223466,15.0,0,[],unavailable_same_type,,,,,,,
1943,pDm8,-0.5926105385328667,17.0,0,[],unavailable_same_type,,,,,,,
1944,pDm8,-0.5816194998658896,75.0,0,[],unavailable_same_type,,,,,,,
1945,pDm8,-0.24010456570060804,17.0,0,[],unavailable_same_type,,,,,,,
1946,pDm8,-0.8728703546365166,21.0,0,[],unavailable_same_type,,,,,,,
1947,pDm8,-0.46072526620708715,27.0,0,[],unavailable_same_type,,,,,,,
1948,pDm8,-0.44038573025148325,19.0,0,[],unavailable_same_type,,,,,,,
1949,pDm8,-0.5991288012094593,7.0,0,[],unavailable_same_type,,,,,,,
1950,pDm8,-0.04146258597606448,10.0,0,[],unavailable_same_type,,,,,,,
1951,pDm8,-0.06043920210952003,17.0,0,[],unavailable_same_type,,,,,,,
1952,pDm8,-0.5003182914126227,156.0,0,[],unavailable_same_type,,,,,,,
1953,pDm8,-0.6974861151536889,8.0,0,[],unavailable_same_type,,,,,,,
1954,pDm8,-0.7314953323780287,49.0,0,[],unavailable_same_type,,,,,,,
1955,pDm8,-0.36523120504503476,6.0,0,[],unavailable_same_type,,,,,,,
1956,pDm8,-0.030206726467990577,10.0,0,[],unavailable_same_type,,,,,,,
1957,pDm8,-0.239885583951886,9.0,0,[],unavailable_same_type,,,,,,,
1958,pDm8,-0.2301272458729907,12.0,0,[],unavailable_same_type,,,,,,,
1959,pDm8,-0.30122337000651156,5.0,0,[],unavailable_same_type,,,,,,,
1960,pDm8,-0.5548657028119909,17.0,0,[],unavailable_same_type,,,,,,,
1961,pDm8,-0.5565385102302991,213.0,0,[],unavailable_same_type,,,,,,,
1962,pDm8,-0.09598435182144074,10.0,0,[],unavailable_same_type,,,,,,,
1963,pDm8,-0.7632868047564528,15.0,0,[],unavailable_same_type,,,,,,,
1964,pDm8,-0.03872492789917737,10.0,0,[],unavailable_same_type,,,,,,,
1965,pDm8,-0.21972959996957547,10.0,0,[],unavailable_same_type,,,,,,,
1966,pDm8,0.046996039495953046,27.0,0,[],unavailable_same_type,,,,,,,
1967,pDm8,-0.11632306563555084,20.0,0,[],unavailable_same_type,,,,,,,
1968,pDm8,-0.48684674460317295,26.0,0,[],unavailable_same_type,,,,,,,
1969,pDm8,-0.6481612177139613,23.0,0,[],unavailable_same_type,,,,,,,
1970,pDm8,-0.08350539169314446,6.0,0,[],unavailable_same_type,,,,,,,
1971,pDm8,-0.7525742522627583,166.0,0,[],unavailable_same_type,,,,,,,
1972,pDm8,-0.8018710078481203,30.0,0,[],unavailable_same_type,,,,,,,
1973,pDm8,-0.47854739658439144,6.0,0,[],unavailable_same_type,,,,,,,
1974,pDm8,-1.612747859371547,3.0,0,[],unavailable_same_type,,,,,,,
1975,pDm8,-0.9248780537249252,18.0,0,[],unavailable_same_type,,,,,,,
1976,pDm8,-0.7163311772605004,36.0,0,[],unavailable_same_type,,,,,,,
1977,pDm8,-0.6377218119508591,15.0,0,[],unavailable_same_type,,,,,,,
1978,pDm8,-0.09885244758902091,10.0,0,[],unavailable_same_type,,,,,,,
1979,pDm8,-0.013566673011917054,17.0,0,[],unavailable_same_type,,,,,,,
1980,pDm8,0.050642439308354485,6.0,0,[],unavailable_same_type,,,,,,,
1981,pDm8,-0.6680541295857843,34.0,0,[],unavailable_same_type,,,,,,,
1982,pDm8,-0.6645281479784929,6.0,0,[],unavailable_same_type,,,,,,,
1983,pDm8,-0.5639121214350885,6.0,0,[],unavailable_same_type,,,,,,,
1984,pDm8,-0.6987756461878195,24.0,0,[],unavailable_same_type,,,,,,,
1985,pDm8,-0.5747260275808711,24.0,0,[],unavailable_same_type,,,,,,,
1986,pDm8,-0.6536533866891122,29.0,0,[],unavailable_same_type,,,,,,,
1987,pDm8,-0.9733910142810771,34.0,0,[],unavailable_same_type,,,,,,,
1988,pDm8,-0.6964207632513614,24.0,0,[],unavailable_same_type,,,,,,,
1989,pDm8,-1.1305273105197826,17.0,0,[],unavailable_same_type,,,,,,,
1990,pDm8,-1.1157816248065986,11.0,0,[],unavailable_same_type,,,,,,,
1991,pDm8,-0.14590504030391058,17.0,0,[],unavailable_same_type,,,,,,,
1992,pDm8,-0.7605122077443,78.0,0,[],unavailable_same_type,,,,,,,
1993,pDm8,-0.12976201110334898,33.0,0,[],unavailable_same_type,,,,,,,
1994,pDm8,-0.8511555908947859,63.0,0,[],unavailable_same_type,,,,,,,
1995,pDm8,-0.6370745581820696,41.0,0,[],unavailable_same_type,,,,,,,
1996,yDm8,-0.13131834081760277,7.0,0,[],unavailable_same_type,,,,,,,
1997,yDm8,0.24064653261489935,25.0,0,[],unavailable_same_type,,,,,,,
1998,yDm8,-0.9960407935808294,27.0,0,[],unavailable_same_type,,,,,,,
1999,yDm8,0.028479722209064934,11.0,0,[],unavailable_same_type,,,,,,,
2000,yDm8,-0.823648715507261,31.0,0,[],unavailable_same_type,,,,,,,
2001,yDm8,-1.1442180978283596,22.0,0,[],unavailable_same_type,,,,,,,
2002,yDm8,0.6604799924016549,11.0,0,[],unavailable_same_type,,,,,,,
2003,yDm8,0.03656501607909777,20.0,0,[],unavailable_same_type,,,,,,,
2004,yDm8,-0.18953916199575047,22.0,0,[],unavailable_same_type,,,,,,,
2005,yDm8,-0.42308943567589763,65.0,0,[],unavailable_same_type,,,,,,,
2006,yDm8,-0.7315899177336044,7.0,0,[],unavailable_same_type,,,,,,,
2007,yDm8,0.6531071699662301,31.0,0,[],unavailable_same_type,,,,,,,
2008,yDm8,-0.06423456503706178,14.0,0,[],unavailable_same_type,,,,,,,
2009,yDm8,-1.2176334862462976,7.0,0,[],unavailable_same_type,,,,,,,
2010,yDm8,0.7343716294222729,34.0,0,[],unavailable_same_type,,,,,,,
2011,yDm8,-1.1521293926204201,51.0,0,[],unavailable_same_type,,,,,,,
2012,yDm8,-0.743105143635845,8.0,0,[],unavailable_same_type,,,,,,,
2013,yDm8,-1.0740336882553287,12.0,0,[],unavailable_same_type,,,,,,,
2014,yDm8,-1.4040963920876628,15.0,0,[],unavailable_same_type,,,,,,,
2015,yDm8,-0.7242275757855611,15.0,0,[],unavailable_same_type,,,,,,,
2016,yDm8,-0.32967436606452555,38.0,0,[],unavailable_same_type,,,,,,,
2017,yDm8,-0.816254192004804,48.0,0,[],unavailable_same_type,,,,,,,
2018,yDm8,-1.695515127067209,9.0,0,[],unavailable_same_type,,,,,,,
2019,yDm8,-0.9909870512608148,13.0,0,[],unavailable_same_type,,,,,,,
2020,yDm8,-0.6683965294063835,26.0,0,[],unavailable_same_type,,,,,,,
2021,yDm8,-0.9851521954872838,8.0,0,[],unavailable_same_type,,,,,,,
2022,yDm8,-0.6249650917235291,11.0,0,[],unavailable_same_type,,,,,,,
2023,yDm8,-0.6438953251222502,12.0,0,[],unavailable_same_type,,,,,,,
2024,yDm8,0.16952690428279757,21.0,0,[],unavailable_same_type,,,,,,,
2025,yDm8,-1.143545740684741,30.0,0,[],unavailable_same_type,,,,,,,
2026,yDm8,-1.17268932603583,12.0,0,[],unavailable_same_type,,,,,,,
2027,yDm8,-1.3479377128574017,21.0,0,[],unavailable_same_type,,,,,,,
2028,yDm8,-1.1492087582115376,19.0,0,[],unavailable_same_type,,,,,,,
2029,yDm8,0.2925038964697135,106.0,0,[],unavailable_same_type,,,,,,,
2030,yDm8,0.6097822073074392,9.0,0,[],unavailable_same_type,,,,,,,
2031,yDm8,-0.36967146146455815,11.0,0,[],unavailable_same_type,,,,,,,
2032,yDm8,0.13568734495278553,9.0,0,[],unavailable_same_type,,,,,,,
2033,yDm8,0.27039924586417396,22.0,0,[],unavailable_same_type,,,,,,,
2034,yDm8,0.39397063892393724,22.0,0,[],unavailable_same_type,,,,,,,
2035,yDm8,-1.034125803960206,27.0,0,[],unavailable_same_type,,,,,,,
2036,yDm8,0.26655304604882274,7.0,0,[],unavailable_same_type,,,,,,,
2037,yDm8,0.41392318822860125,25.0,0,[],unavailable_same_type,,,,,,,
2038,yDm8,-0.3420295238192489,31.0,0,[],unavailable_same_type,,,,,,,
2039,yDm8,0.207485611252306,11.0,0,[],unavailable_same_type,,,,,,,
2040,yDm8,-0.8477221958604269,31.0,0,[],unavailable_same_type,,,,,,,
2041,yDm8,0.07762823276318552,4.0,0,[],unavailable_same_type,,,,,,,
2042,yDm8,0.26788789709008126,4.0,0,[],unavailable_same_type,,,,,,,
2043,yDm8,-1.0325155286557757,22.0,0,[],unavailable_same_type,,,,,,,
2044,yDm8,0.044300989280937626,37.0,0,[],unavailable_same_type,,,,,,,
2045,yDm8,-0.8505667115007274,21.0,0,[],unavailable_same_type,,,,,,,
2046,yDm8,0.31960802241525565,11.0,0,[],unavailable_same_type,,,,,,,
2047,yDm8,0.24744944715455514,18.0,0,[],unavailable_same_type,,,,,,,
2048,yDm8,-0.17792611251740417,20.0,0,[],unavailable_same_type,,,,,,,
2049,yDm8,0.8947645798787427,8.0,0,[],unavailable_same_type,,,,,,,
2050,yDm8,-0.03223911771706275,22.0,0,[],unavailable_same_type,,,,,,,
2051,yDm8,-1.1247978446007953,86.0,0,[],unavailable_same_type,,,,,,,
2052,yDm8,-0.3538807039727953,11.0,0,[],unavailable_same_type,,,,,,,
2053,yDm8,-0.6266131678104108,86.0,0,[],unavailable_same_type,,,,,,,
2054,yDm8,-0.21356222164903757,7.0,0,[],unavailable_same_type,,,,,,,
2055,yDm8,-0.6392782673673288,7.0,0,[],unavailable_same_type,,,,,,,
2056,yDm8,-1.2423405603051878,82.0,0,[],unavailable_same_type,,,,,,,
2057,yDm8,0.017263650240425137,34.0,0,[],unavailable_same_type,,,,,,,
2058,yDm8,-0.20390376406496347,34.0,0,[],unavailable_same_type,,,,,,,
2059,yDm8,-0.3404825835851841,65.0,0,[],unavailable_same_type,,,,,,,
2060,yDm8,-0.555533812485564,23.0,0,[],unavailable_same_type,,,,,,,
2061,yDm8,-0.9595168469578351,7.0,0,[],unavailable_same_type,,,,,,,
2062,yDm8,-0.039517929197854955,11.0,0,[],unavailable_same_type,,,,,,,
2063,yDm8,0.38428912722191105,11.0,0,[],unavailable_same_type,,,,,,,
2064,yDm8,0.14785138717227375,31.0,0,[],unavailable_same_type,,,,,,,
2065,yDm8,0.07095140223886699,14.0,0,[],unavailable_same_type,,,,,,,
2066,yDm8,-0.3754352812618859,14.0,0,[],unavailable_same_type,,,,,,,
2067,yDm8,1.0167292878370486,9.0,0,[],unavailable_same_type,,,,,,,
2068,yDm8,-0.9660562090640065,7.0,0,[],unavailable_same_type,,,,,,,
2069,yDm8,0.30672981262597615,15.0,0,[],unavailable_same_type,,,,,,,
2070,yDm8,0.34836406239633944,9.0,0,[],unavailable_same_type,,,,,,,
2071,yDm8,-0.45423938218674387,14.0,0,[],unavailable_same_type,,,,,,,
2072,yDm8,0.5835866667891457,34.0,0,[],unavailable_same_type,,,,,,,
2073,yDm8,-0.4598677917841525,50.0,0,[],unavailable_same_type,,,,,,,
2074,yDm8,1.154013567061401,8.0,0,[],unavailable_same_type,,,,,,,
2075,yDm8,-1.4401725899311326,11.0,0,[],unavailable_same_type,,,,,,,
2076,yDm8,-0.3937229814180983,133.0,0,[],unavailable_same_type,,,,,,,
2077,yDm8,-1.026453567263967,15.0,0,[],unavailable_same_type,,,,,,,
2078,yDm8,-1.2570394988743578,97.0,0,[],unavailable_same_type,,,,,,,
2079,yDm8,-1.219213705677541,118.0,0,[],unavailable_same_type,,,,,,,
2080,yDm8,-1.3103588285776993,21.0,0,[],unavailable_same_type,,,,,,,
2081,yDm8,0.5240551892438482,29.0,0,[],unavailable_same_type,,,,,,,
2082,yDm8,0.31910542357704086,21.0,0,[],unavailable_same_type,,,,,,,
2083,yDm8,1.0532081536038504,8.0,0,[],unavailable_same_type,,,,,,,
2084,yDm8,-0.8068577583062341,34.0,0,[],unavailable_same_type,,,,,,,
2085,yDm8,-0.5429024806505023,11.0,0,[],unavailable_same_type,,,,,,,
2086,yDm8,-0.9292891927787552,16.0,0,[],unavailable_same_type,,,,,,,
2087,yDm8,-0.8461315249554036,18.0,0,[],unavailable_same_type,,,,,,,
2088,yDm8,-0.7300008803745209,51.0,0,[],unavailable_same_type,,,,,,,
2089,yDm8,-1.3854196043734863,13.0,0,[],unavailable_same_type,,,,,,,
2090,yDm8,0.9860947994546467,16.0,0,[],unavailable_same_type,,,,,,,
2091,yDm8,0.3234635619096404,51.0,0,[],unavailable_same_type,,,,,,,
2092,yDm8,-1.0704048072872994,11.0,0,[],unavailable_same_type,,,,,,,
2093,yDm8,0.4519232734548434,63.0,0,[],unavailable_same_type,,,,,,,
2094,yDm8,0.3385882796700675,12.0,0,[],unavailable_same_type,,,,,,,
2095,yDm8,0.3350161998426612,12.0,0,[],unavailable_same_type,,,,,,,
2096,yDm8,-0.16315039268816214,50.0,0,[],unavailable_same_type,,,,,,,
2097,yDm8,-0.8440775308148921,51.0,0,[],unavailable_same_type,,,,,,,
2098,yDm8,-1.167652674188556,22.0,0,[],unavailable_same_type,,,,,,,
2099,yDm8,-0.9116756783574215,31.0,0,[],unavailable_same_type,,,,,,,
2100,yDm8,-0.98204769574871,21.0,0,[],unavailable_same_type,,,,,,,
2101,yDm8,0.2489866190647044,7.0,0,[],unavailable_same_type,,,,,,,
2102,yDm8,1.0204605332524654,9.0,0,[],unavailable_same_type,,,,,,,
2103,yDm8,0.34189490860663035,9.0,0,[],unavailable_same_type,,,,,,,
2104,yDm8,-1.473933698924459,14.0,0,[],unavailable_same_type,,,,,,,
2105,yDm8,-1.4592551487184298,14.0,0,[],unavailable_same_type,,,,,,,
2106,yDm8,0.3243247343228486,51.0,0,[],unavailable_same_type,,,,,,,
2107,yDm8,-0.168207209156732,7.0,0,[],unavailable_same_type,,,,,,,
2108,yDm8,0.3744430061997911,9.0,0,[],unavailable_same_type,,,,,,,
2109,yDm8,0.34454170009889185,13.0,0,[],unavailable_same_type,,,,,,,
2110,yDm8,0.36391441295800536,13.0,0,[],unavailable_same_type,,,,,,,
2111,yDm8,-0.11255065340201134,12.0,0,[],unavailable_same_type,,,,,,,
2112,yDm8,-0.3998503584987945,12.0,0,[],unavailable_same_type,,,,,,,
2113,yDm8,0.5536513748759148,7.0,0,[],unavailable_same_type,,,,,,,
2114,yDm8,0.5609154627247408,7.0,0,[],unavailable_same_type,,,,,,,
2115,yDm8,-1.4680430341400006,24.0,0,[],unavailable_same_type,,,,,,,
2116,yDm8,-1.0995804576446138,24.0,0,[],unavailable_same_type,,,,,,,
2117,yDm8,-0.7612433929199788,47.0,0,[],unavailable_same_type,,,,,,,
2118,yDm8,-0.9148030688516656,8.0,0,[],unavailable_same_type,,,,,,,
2119,yDm8,0.15101471550780107,9.0,0,[],unavailable_same_type,,,,,,,
2120,yDm8,-0.14429772158214835,18.0,0,[],unavailable_same_type,,,,,,,
2121,yDm8,-0.20414792184520283,39.0,0,[],unavailable_same_type,,,,,,,
2122,yDm8,-0.22988092410502947,45.0,0,[],unavailable_same_type,,,,,,,
2123,yDm8,-0.13317830808435888,106.0,0,[],unavailable_same_type,,,,,,,
2124,yDm8,0.15704326241440963,22.0,0,[],unavailable_same_type,,,,,,,
2125,yDm8,-0.8523988144313065,8.0,0,[],unavailable_same_type,,,,,,,
2126,yDm8,0.5068554708795221,22.0,0,[],unavailable_same_type,,,,,,,
2127,yDm8,0.5735871457686761,22.0,0,[],unavailable_same_type,,,,,,,
2128,yDm8,-0.01070200335482829,21.0,0,[],unavailable_same_type,,,,,,,
2129,yDm8,-0.6704779940032032,19.0,0,[],unavailable_same_type,,,,,,,
2130,yDm8,-0.08295315443012259,40.0,0,[],unavailable_same_type,,,,,,,
2131,yDm8,0.3007798560013645,7.0,0,[],unavailable_same_type,,,,,,,
2132,yDm8,-1.2521191056279093,86.0,0,[],unavailable_same_type,,,,,,,
2133,yDm8,-0.6400345021276752,40.0,0,[],unavailable_same_type,,,,,,,
2134,yDm8,-0.7725979217395178,40.0,0,[],unavailable_same_type,,,,,,,
2135,yDm8,0.15159169060370786,11.0,0,[],unavailable_same_type,,,,,,,
2136,yDm8,-0.03366029977267459,63.0,0,[],unavailable_same_type,,,,,,,
2137,yDm8,-1.0917987834150051,18.0,0,[],unavailable_same_type,,,,,,,
2138,yDm8,0.3443086789419594,7.0,0,[],unavailable_same_type,,,,,,,
2139,yDm8,-0.9072852249875865,24.0,0,[],unavailable_same_type,,,,,,,
2140,yDm8,-0.9372472131639887,13.0,0,[],unavailable_same_type,,,,,,,
2141,yDm8,-0.5774529193702488,11.0,0,[],unavailable_same_type,,,,,,,
2142,yDm8,-1.2799959987342526,18.0,0,[],unavailable_same_type,,,,,,,
2143,yDm8,-0.3531988473497423,59.0,0,[],unavailable_same_type,,,,,,,
2144,yDm8,-0.07459754739816413,106.0,0,[],unavailable_same_type,,,,,,,
2145,yDm8,-1.1630853353801114,20.0,0,[],unavailable_same_type,,,,,,,
2146,yDm8,-0.677502649316014,7.0,0,[],unavailable_same_type,,,,,,,
2147,yDm8,-1.2909078207855078,19.0,0,[],unavailable_same_type,,,,,,,
2148,yDm8,-1.2618549923225146,12.0,0,[],unavailable_same_type,,,,,,,
2149,yDm8,-1.244658228572045,21.0,0,[],unavailable_same_type,,,,,,,
2150,yDm8,-1.1499624719271888,34.0,0,[],unavailable_same_type,,,,,,,
2151,yDm8,0.2644336593450353,9.0,0,[],unavailable_same_type,,,,,,,
2152,yDm8,-1.1966051080093913,86.0,0,[],unavailable_same_type,,,,,,,
2153,yDm8,-0.03859379050059503,16.0,0,[],unavailable_same_type,,,,,,,
2154,yDm8,-0.6906686086203805,4.0,0,[],unavailable_same_type,,,,,,,
2155,yDm8,-1.3847057359442274,19.0,0,[],unavailable_same_type,,,,,,,
2156,yDm8,-0.5992570617082748,11.0,0,[],unavailable_same_type,,,,,,,
2157,yDm8,-1.4170355045415612,21.0,0,[],unavailable_same_type,,,,,,,
2158,yDm8,-0.8411087273141936,23.0,0,[],unavailable_same_type,,,,,,,
2159,yDm8,-0.29599738411247417,37.0,0,[],unavailable_same_type,,,,,,,
2160,yDm8,0.09552556608884263,20.0,0,[],unavailable_same_type,,,,,,,
2161,yDm8,-0.16508570067917935,31.0,0,[],unavailable_same_type,,,,,,,
2162,yDm8,-0.4278699137142225,4.0,0,[],unavailable_same_type,,,,,,,
2163,yDm8,-0.6477621508510693,23.0,0,[],unavailable_same_type,,,,,,,
2164,yDm8,-1.5004343447497492,20.0,0,[],unavailable_same_type,,,,,,,
2165,yDm8,-1.5413131021395388,20.0,0,[],unavailable_same_type,,,,,,,
2166,yDm8,-0.08078969508744015,15.0,0,[],unavailable_same_type,,,,,,,
2167,yDm8,-0.5122055812949268,9.0,0,[],unavailable_same_type,,,,,,,
2168,yDm8,-0.0368570925466679,11.0,0,[],unavailable_same_type,,,,,,,
2169,yDm8,-1.5897986625089753,29.0,0,[],unavailable_same_type,,,,,,,
2170,yDm8,-0.6567055854338387,4.0,0,[],unavailable_same_type,,,,,,,
2171,yDm8,-0.8422678332062666,19.0,0,[],unavailable_same_type,,,,,,,
2172,yDm8,-0.40736752253623315,11.0,0,[],unavailable_same_type,,,,,,,
2173,yDm8,-1.1553358030616019,78.0,0,[],unavailable_same_type,,,,,,,
2174,yDm8,-0.5547801976501427,23.0,0,[],unavailable_same_type,,,,,,,
2175,yDm8,-0.6083764482272187,31.0,0,[],unavailable_same_type,,,,,,,
2176,yDm8,-0.054268495356465794,20.0,0,[],unavailable_same_type,,,,,,,
2177,yDm8,-1.3192806140727493,29.0,0,[],unavailable_same_type,,,,,,,
2178,yDm8,-1.24113983151132,11.0,0,[],unavailable_same_type,,,,,,,
2179,yDm8,-1.3614860789851932,11.0,0,[],unavailable_same_type,,,,,,,
2180,yDm8,-0.969473871652852,11.0,0,[],unavailable_same_type,,,,,,,
2181,yDm8,-0.8344272815884428,30.0,0,[],unavailable_same_type,,,,,,,
2182,yDm8,-0.4199526314152826,31.0,0,[],unavailable_same_type,,,,,,,
2183,yDm8,-1.2650753729455124,19.0,0,[],unavailable_same_type,,,,,,,
2184,yDm8,-1.1883579002911915,11.0,0,[],unavailable_same_type,,,,,,,
2185,yDm8,-1.7471604664174005,7.0,0,[],unavailable_same_type,,,,,,,
2186,yDm8,-1.3094032239717301,16.0,0,[],unavailable_same_type,,,,,,,
2187,yDm8,-0.19952347103762236,7.0,0,[],unavailable_same_type,,,,,,,
2188,yDm8,-1.4491612286152633,11.0,0,[],unavailable_same_type,,,,,,,
2189,yDm8,-1.0916757542235496,7.0,0,[],unavailable_same_type,,,,,,,
2190,yDm8,-1.2425492866147025,86.0,0,[],unavailable_same_type,,,,,,,
2191,yDm8,-1.2425743784869285,52.0,0,[],unavailable_same_type,,,,,,,
2192,yDm8,-1.0458170424363402,31.0,0,[],unavailable_same_type,,,,,,,
2193,yDm8,-1.25871600166664,52.0,0,[],unavailable_same_type,,,,,,,
2194,yDm8,-0.8905356354672808,51.0,0,[],unavailable_same_type,,,,,,,
2195,yDm8,-1.1902910516057617,56.0,0,[],unavailable_same_type,,,,,,,
2196,yDm8,-1.2185890738388725,4.0,0,[],unavailable_same_type,,,,,,,
2197,yDm8,-1.4827480710852015,11.0,0,[],unavailable_same_type,,,,,,,
2198,yDm8,-1.0469360402382024,39.0,0,[],unavailable_same_type,,,,,,,
2199,yDm8,-0.6036964328552886,49.0,0,[],unavailable_same_type,,,,,,,
2200,yDm8,-1.1803854514721377,30.0,0,[],unavailable_same_type,,,,,,,
2201,yDm8,-1.3783533611278702,20.0,0,[],unavailable_same_type,,,,,,,
2202,yDm8,-1.184092002438576,9.0,0,[],unavailable_same_type,,,,,,,
2203,yDm8,-1.6121552287580538,11.0,0,[],unavailable_same_type,,,,,,,
2204,yDm8,-1.3482360642517555,13.0,0,[],unavailable_same_type,,,,,,,
2205,yDm8,-0.7345470287146242,49.0,0,[],unavailable_same_type,,,,,,,
2206,yDm8,-1.1004409468598635,51.0,0,[],unavailable_same_type,,,,,,,
2207,yDm8,-1.441953310889138,56.0,0,[],unavailable_same_type,,,,,,,
2208,yDm8,-1.3291439889816292,54.0,0,[],unavailable_same_type,,,,,,,
2209,yDm8,-1.42092917094141,16.0,0,[],unavailable_same_type,,,,,,,
2210,yDm8,-1.2847787344762105,18.0,0,[],unavailable_same_type,,,,,,,
2211,yDm8,-1.1215954514818187,22.0,0,[],unavailable_same_type,,,,,,,
2212,yDm8,-1.4961943579130224,11.0,0,[],unavailable_same_type,,,,,,,
2213,yDm8,-1.3242973855497626,7.0,0,[],unavailable_same_type,,,,,,,
2214,yDm8,-1.1755917044118047,23.0,0,[],unavailable_same_type,,,,,,,
2215,yDm8,-1.0280070235468384,13.0,0,[],unavailable_same_type,,,,,,,
2216,yDm8,-1.3383720647555806,63.0,0,[],unavailable_same_type,,,,,,,
2217,yDm8,-0.6495854164417949,7.0,0,[],unavailable_same_type,,,,,,,
2218,yDm8,-1.6133509459040456,4.0,0,[],unavailable_same_type,,,,,,,
2219,yDm8,-1.5152024863916567,9.0,0,[],unavailable_same_type,,,,,,,
2220,yDm8,-2.0306424850794498,11.0,0,[],unavailable_same_type,,,,,,,
2221,yDm8,-1.109769429274502,70.0,0,[],unavailable_same_type,,,,,,,
2222,yDm8,-1.1542851885963128,4.0,0,[],unavailable_same_type,,,,,,,
2223,yDm8,-1.1038583290728017,20.0,0,[],unavailable_same_type,,,,,,,
2224,yDm8,-1.5632759338049582,7.0,0,[],unavailable_same_type,,,,,,,
2225,yDm8,-1.1935726387442187,74.0,0,[],unavailable_same_type,,,,,,,
2226,yDm8,-1.274174630551741,13.0,0,[],unavailable_same_type,,,,,,,
2227,yDm8,-0.9437078598584087,27.0,0,[],unavailable_same_type,,,,,,,
2228,yDm8,-1.2998684712041668,94.0,0,[],unavailable_same_type,,,,,,,
2229,yDm8,-1.4306009569536953,24.0,0,[],unavailable_same_type,,,,,,,
2230,yDm8,-0.9011578055150851,9.0,0,[],unavailable_same_type,,,,,,,
2231,yDm8,-1.8549486368657815,7.0,0,[],unavailable_same_type,,,,,,,
2232,yDm8,-1.5867110039982852,7.0,0,[],unavailable_same_type,,,,,,,
2233,yDm8,-1.4612570143780317,23.0,0,[],unavailable_same_type,,,,,,,
2234,yDm8,-1.6232929048492744,15.0,0,[],unavailable_same_type,,,,,,,
2235,yDm8,-1.0177450519195288,21.0,0,[],unavailable_same_type,,,,,,,
2236,yDm8,-1.628932491226989,8.0,0,[],unavailable_same_type,,,,,,,
2237,yDm8,-1.6217284779829881,33.0,0,[],unavailable_same_type,,,,,,,
2238,yDm8,-1.4939598017845308,14.0,0,[],unavailable_same_type,,,,,,,
2239,yDm8,-1.250013289637764,15.0,0,[],unavailable_same_type,,,,,,,
2240,yDm8,-1.083852745711798,29.0,0,[],unavailable_same_type,,,,,,,
2241,Tm5a,0.21716003923825097,2.0,1,[602],one_led_group,0.21716003923825095,2,2.7755575615628914e-17,True,True,0.21716003923825095,0.21716003923825095
2242,Tm5a,0.1300082446408425,60.0,1,[604],one_led_group,0.19334004305929503,67,0.06333179841845252,False,False,0.19334004305929503,0.19334004305929503
2243,Tm5a,-0.014373819567272433,4.0,1,[605],one_led_group,-0.01437381956727235,4,8.326672684688674e-17,True,True,-0.01437381956727235,-0.01437381956727235
2244,Tm5a,0.13272872912331413,31.0,1,[606],one_led_group,0.13272872912331415,31,2.7755575615628914e-17,True,True,0.13272872912331415,0.13272872912331415
2245,Tm5a,0.10344433633916153,12.0,1,[607],one_led_group,0.2670968847513849,14,0.16365254841222335,False,False,0.2670968847513849,0.2670968847513849
2246,Tm5a,0.14181406131827137,4.0,1,[608],one_led_group,0.14181406131827143,4,5.551115123125783e-17,True,True,0.14181406131827143,0.14181406131827143
2247,Tm5a,0.3076108656391354,2.0,1,[609],one_led_group,0.3076108656391353,2,1.1102230246251565e-16,True,True,0.3076108656391353,0.3076108656391353
2248,Tm5a,-0.028214381229192613,10.0,1,[610],one_led_group,0.08373210329259932,12,0.11194648452179193,False,False,0.08373210329259932,0.08373210329259932
2249,Tm5a,-0.07573298224784954,9.0,1,[611],one_led_group,-0.07573298224784954,9,0.0,True,True,-0.07573298224784954,-0.07573298224784954
2250,Tm5a,0.2659382509469928,9.0,1,[612],one_led_group,0.23871918418771196,14,0.027219066759280847,False,False,0.23871918418771196,0.23871918418771196
2251,Tm5a,-0.2548487937707809,8.0,1,[613],one_led_group,-0.254848793770781,8,1.1102230246251565e-16,True,True,-0.254848793770781,-0.254848793770781
2252,Tm5a,0.5115578088236302,12.0,1,[614],one_led_group,0.3135536682724273,16,0.1980041405512029,False,False,0.3135536682724273,0.3135536682724273
2253,Tm5a,0.34311541058731393,31.0,1,[616],one_led_group,0.3395717641876561,33,0.0035436463996578182,False,False,0.3395717641876561,0.3395717641876561
2254,Tm5a,0.4834964458425965,26.0,1,[617],one_led_group,0.39888935910447954,29,0.08460708673811695,False,False,0.39888935910447954,0.39888935910447954
2255,Tm5a,0.1256483204599776,13.0,1,[618],one_led_group,0.21555241089577679,14,0.0899040904357992,False,False,0.21555241089577679,0.21555241089577679
2256,Tm5a,1.3136519213507858,2.0,1,[619],one_led_group,1.313651921350786,2,2.220446049250313e-16,True,True,1.313651921350786,1.313651921350786
2257,Tm5a,0.10625828926482266,12.0,1,[620],one_led_group,0.1032230179977553,16,0.0030352712670673604,False,False,0.1032230179977553,0.1032230179977553
2258,Tm5a,0.42211109867222696,24.0,1,[622],one_led_group,0.423320371472949,26,0.0012092728007220277,False,False,0.423320371472949,0.423320371472949
2259,Tm5a,0.24659419000213548,11.0,1,[623],one_led_group,0.15505781473781557,14,0.0915363752643199,False,False,0.15505781473781557,0.15505781473781557
2260,Tm5a,0.34903795696735934,11.0,1,[624],one_led_group,0.3490379569673594,11,5.551115123125783e-17,True,True,0.3490379569673594,0.3490379569673594
2261,Tm5a,0.05238017148349737,13.0,1,[625],one_led_group,0.031040773822679685,14,0.021339397660817685,False,False,0.031040773822679685,0.031040773822679685
2262,Tm5a,-0.09273411075610075,5.0,1,[626],one_led_group,-0.09273411075610069,5,5.551115123125783e-17,True,True,-0.09273411075610069,-0.09273411075610069
2263,Tm5a,-0.02591233484314417,51.0,1,[628],one_led_group,-0.02591233484314416,51,1.0408340855860843e-17,True,True,-0.02591233484314416,-0.02591233484314416
2264,Tm5a,-0.1487592386698199,9.0,1,[629],one_led_group,-0.14875923866981988,9,2.7755575615628914e-17,True,True,-0.14875923866981988,-0.14875923866981988
2265,Tm5a,0.2298439029368208,22.0,1,[631],one_led_group,0.17641888635615133,27,0.05342501658066948,False,False,0.17641888635615133,0.17641888635615133
2266,Tm5a,-0.07456483007745983,11.0,1,[632],one_led_group,-0.07456483007745984,11,1.3877787807814457e-17,True,True,-0.07456483007745984,-0.07456483007745984
2267,Tm5a,-0.32500883844436673,4.0,1,[633],one_led_group,-0.32500883844436673,4,0.0,True,True,-0.32500883844436673,-0.32500883844436673
2268,Tm5a,-0.3866504694342793,45.0,1,[634],one_led_group,-0.21185425150007486,50,0.1747962179342044,False,False,-0.21185425150007486,-0.21185425150007486
2269,Tm5a,0.04902873410220824,17.0,1,[635],one_led_group,0.020854449488491245,18,0.028174284613716995,False,False,0.020854449488491245,0.020854449488491245
2270,Tm5a,0.2724769559923257,5.0,1,[636],one_led_group,0.27247695599232563,5,5.551115123125783e-17,True,True,0.27247695599232563,0.27247695599232563
2271,Tm5a,0.42419669081027844,18.0,1,[637],one_led_group,0.42419669081027844,18,0.0,True,True,0.42419669081027844,0.42419669081027844
2272,Tm5a,-0.16997332866804665,17.0,1,[639],one_led_group,-0.08307305103332265,21,0.08690027763472401,False,False,-0.08307305103332265,-0.08307305103332265
2273,Tm5a,0.018799240796713617,20.0,1,[640],one_led_group,0.16693181510718233,24,0.14813257431046872,False,False,0.16693181510718233,0.16693181510718233
2274,Tm5a,0.06324195088259127,41.0,1,[641],one_led_group,0.08388132743257211,43,0.02063937654998084,False,False,0.08388132743257211,0.08388132743257211
2275,Tm5a,0.02210334458708998,14.0,1,[642],one_led_group,-0.020392139656524356,17,0.04249548424361434,False,False,-0.020392139656524356,-0.020392139656524356
2276,Tm5a,-0.0019722917707736144,14.0,1,[643],one_led_group,-0.0019722917707736343,14,1.9949319973733282e-17,True,True,-0.0019722917707736343,-0.0019722917707736343
2277,Tm5a,0.21165797488842145,16.0,1,[644],one_led_group,0.12706368168983617,17,0.08459429319858527,False,False,0.12706368168983617,0.12706368168983617
2278,Tm5a,0.024691366241315262,3.0,1,[645],one_led_group,0.17063727216848615,4,0.14594590592717088,False,False,0.17063727216848615,0.17063727216848615
2279,Tm5a,0.10189611383019957,4.0,1,[646],one_led_group,0.10189611383019959,4,1.3877787807814457e-17,True,True,0.10189611383019959,0.10189611383019959
2280,Tm5a,0.3660369597627668,21.0,1,[647],one_led_group,0.3660369597627668,21,0.0,True,True,0.3660369597627668,0.3660369597627668
2281,Tm5a,0.0037535325738443817,21.0,1,[648],one_led_group,0.003753532573844381,21,8.673617379884035e-19,True,True,0.003753532573844381,0.003753532573844381
2282,Tm5a,0.21103701367933253,23.0,1,[649],one_led_group,0.21103701367933264,23,1.1102230246251565e-16,True,True,0.21103701367933264,0.21103701367933264
2283,Tm5a,0.23400167889955667,3.0,1,[650],one_led_group,0.2340016788995567,3,2.7755575615628914e-17,True,True,0.2340016788995567,0.2340016788995567
2284,Tm5a,-0.14171183616039423,3.0,1,[651],one_led_group,-0.1578260137057703,4,0.016114177545376057,False,False,-0.1578260137057703,-0.1578260137057703
2285,Tm5a,0.03356440422814415,4.0,1,[652],one_led_group,0.03356440422814416,4,1.3877787807814457e-17,True,True,0.03356440422814416,0.03356440422814416
2286,Tm5a,0.32888295465463635,22.0,1,[653],one_led_group,0.3288829546546364,22,5.551115123125783e-17,True,True,0.3288829546546364,0.3288829546546364
2287,Tm5a,0.460746683064459,1.0,1,[654],one_led_group,0.5092645138762335,2,0.04851783081177452,False,False,0.5092645138762335,0.5092645138762335
2288,Tm5a,0.6398645770078979,45.0,1,[655],one_led_group,0.4751682279187932,53,0.1646963490891047,False,False,0.4751682279187932,0.4751682279187932
2289,Tm5a,0.3908448856248267,5.0,1,[656],one_led_group,0.39084488562482667,5,5.551115123125783e-17,True,True,0.39084488562482667,0.39084488562482667
2290,Tm5a,0.2933897841413695,2.0,1,[657],one_led_group,0.29338978414136974,2,2.220446049250313e-16,True,True,0.29338978414136974,0.29338978414136974
2291,Tm5a,0.19148487180526355,11.0,1,[658],one_led_group,0.19148487180526352,11,2.7755575615628914e-17,True,True,0.19148487180526352,0.19148487180526352
2292,Tm5a,0.6744842009062783,43.0,1,[659],one_led_group,0.5852826392504863,49,0.08920156165579196,False,False,0.5852826392504863,0.5852826392504863
2293,Tm5a,-0.046046099228051314,53.0,1,[660],one_led_group,-0.004449847770126139,55,0.04159625145792518,False,False,-0.004449847770126139,-0.004449847770126139
2294,Tm5a,0.31992034308557354,7.0,1,[661],one_led_group,0.3199203430855735,7,5.551115123125783e-17,True,True,0.3199203430855735,0.3199203430855735
2295,Tm5a,0.19921552184513763,21.0,1,[662],one_led_group,0.1992155218451377,21,5.551115123125783e-17,True,True,0.1992155218451377,0.1992155218451377
2296,Tm5a,-0.9286493001355647,7.0,1,[663],one_led_group,-0.8633837667063209,8,0.0652655334292438,False,False,-0.8633837667063209,-0.8633837667063209
2297,Tm5a,0.12630072173862045,12.0,1,[665],one_led_group,0.14500672866786657,16,0.018706006929246122,False,False,0.14500672866786657,0.14500672866786657
2298,Tm5a,0.2635591722114071,9.0,1,[666],one_led_group,0.3695366124440957,14,0.10597744023268857,False,False,0.3695366124440957,0.3695366124440957
2299,Tm5a,0.1167117102679958,19.0,1,[668],one_led_group,0.11671171026799584,19,4.163336342344337e-17,True,True,0.11671171026799584,0.11671171026799584
2300,Tm5a,0.6902676452091887,1.0,1,[669],one_led_group,0.6902676452091888,1,1.1102230246251565e-16,True,True,0.6902676452091888,0.6902676452091888
2301,Tm5a,-2.8345700988144493,1.0,1,[670],one_led_group,-2.8345700988144484,1,8.881784197001252e-16,True,True,-2.8345700988144484,-2.8345700988144484
2302,Tm5a,1.1209447277307276,2.0,1,[671],one_led_group,1.1209447277307278,2,2.220446049250313e-16,True,True,1.1209447277307278,1.1209447277307278
2303,Tm5a,0.7139249077519275,15.0,1,[672],one_led_group,0.3794019152373802,19,0.3345229925145473,False,False,0.3794019152373802,0.3794019152373802
2304,Tm5a,0.32612203006876667,8.0,1,[673],one_led_group,0.32612203006876656,8,1.1102230246251565e-16,True,True,0.32612203006876656,0.32612203006876656
2305,Tm5a,0.8428176492324148,23.0,1,[674],one_led_group,0.8428176492324148,23,0.0,True,True,0.8428176492324148,0.8428176492324148
2306,Tm5a,0.3444191241752323,9.0,1,[675],one_led_group,0.3444191241752323,9,0.0,True,True,0.3444191241752323,0.3444191241752323
2307,Tm5a,-0.10051478804567811,17.0,1,[676],one_led_group,-0.08856412890442734,18,0.011950659141250763,False,False,-0.08856412890442734,-0.08856412890442734
2308,Tm5a,-0.16211849610129797,4.0,1,[677],one_led_group,-0.16211849610129797,4,0.0,True,True,-0.16211849610129797,-0.16211849610129797
2309,Tm5a,0.3178420761357903,41.0,1,[678],one_led_group,0.31784207613579035,41,5.551115123125783e-17,True,True,0.31784207613579035,0.31784207613579035
2310,Tm5a,0.5242013950678185,12.0,1,[679],one_led_group,0.41471542648516424,14,0.10948596858265425,False,False,0.41471542648516424,0.41471542648516424
2311,Tm5a,0.19030606470012093,7.0,1,[680],one_led_group,0.19030606470012093,7,0.0,True,True,0.19030606470012093,0.19030606470012093
2312,Tm5a,0.2978052458521224,9.0,1,[681],one_led_group,0.563706277560712,10,0.2659010317085896,False,False,0.563706277560712,0.563706277560712
2313,Tm5a,0.017116510197780342,7.0,1,[682],one_led_group,0.017116510197780356,7,1.3877787807814457e-17,True,True,0.017116510197780356,0.017116510197780356
2314,Tm5a,-0.2762020601311886,7.0,1,[683],one_led_group,-0.2762020601311886,7,0.0,True,True,-0.2762020601311886,-0.2762020601311886
2315,Tm5a,-0.12686170906954108,5.0,1,[685],one_led_group,-0.1268617090695411,5,2.7755575615628914e-17,True,True,-0.1268617090695411,-0.1268617090695411
2316,Tm5a,0.1552337472536318,17.0,1,[686],one_led_group,0.09601409465939008,19,0.05921965259424171,False,False,0.09601409465939008,0.09601409465939008
2317,Tm5a,0.24640267001842503,2.0,1,[687],one_led_group,0.24640267001842506,2,2.7755575615628914e-17,True,True,0.24640267001842506,0.24640267001842506
2318,Tm5a,0.5198463277395096,5.0,1,[688],one_led_group,0.5198463277395097,5,1.1102230246251565e-16,True,True,0.5198463277395097,0.5198463277395097
2319,Tm5a,-0.24958215435292558,18.0,1,[689],one_led_group,-0.16363675011373582,23,0.08594540423918975,False,False,-0.16363675011373582,-0.16363675011373582
2320,Tm5a,-0.3098512629389046,5.0,1,[690],one_led_group,-0.30985126293890464,5,5.551115123125783e-17,True,True,-0.30985126293890464,-0.30985126293890464
2321,Tm5a,0.8690842036446451,1.0,1,[692],one_led_group,0.3796145695046507,2,0.4894696341399944,False,False,0.3796145695046507,0.3796145695046507
2322,Tm5a,0.1894665018600839,12.0,1,[693],one_led_group,0.21563608848297763,14,0.02616958662289373,False,False,0.21563608848297763,0.21563608848297763
2323,Tm5a,0.38923448636515806,21.0,1,[694],one_led_group,0.33578987297444673,23,0.053444613390711326,False,False,0.33578987297444673,0.33578987297444673
2324,Tm5a,1.5082761332050085,5.0,1,[695],one_led_group,1.5082761332050083,5,2.220446049250313e-16,True,True,1.5082761332050083,1.5082761332050083
2325,Tm5a,1.0838662844991074,5.0,1,[696],one_led_group,1.0838662844991072,5,2.220446049250313e-16,True,True,1.0838662844991072,1.0838662844991072
2326,Tm5a,0.15637129820874818,4.0,1,[697],one_led_group,0.15637129820874815,4,2.7755575615628914e-17,True,True,0.15637129820874815,0.15637129820874815
2327,Tm5a,0.649112559858063,2.0,1,[698],one_led_group,0.6491125598580633,2,2.220446049250313e-16,True,True,0.6491125598580633,0.6491125598580633
2328,Tm5a,-0.14667632028034544,5.0,1,[699],one_led_group,-0.14667632028034547,5,2.7755575615628914e-17,True,True,-0.14667632028034547,-0.14667632028034547
2329,Tm5a,-0.7401203221696068,7.0,1,[701],one_led_group,-0.5424157475866712,8,0.19770457458293555,False,False,-0.5424157475866712,-0.5424157475866712
2330,Tm5a,-0.08925196141534299,71.0,1,[702],one_led_group,-0.07381282592604603,74,0.015439135489296957,False,False,-0.07381282592604603,-0.07381282592604603
2331,Tm5a,-0.06660381065881958,20.0,1,[703],one_led_group,-0.028748919280888092,26,0.03785489137793149,False,False,-0.028748919280888092,-0.028748919280888092
2332,Tm5a,0.09652510455472427,59.0,1,[704],one_led_group,0.12058449660952317,61,0.0240593920547989,False,False,0.12058449660952317,0.12058449660952317
2333,Tm5a,-0.4796623193429205,1.0,1,[705],one_led_group,-0.47966231934292036,1,1.1102230246251565e-16,True,True,-0.47966231934292036,-0.47966231934292036
2334,Tm5a,0.13865645433919083,17.0,1,[706],one_led_group,0.072345576069811,21,0.06631087826937983,False,False,0.072345576069811,0.072345576069811
2335,Tm5a,0.11989248948550682,55.0,1,[707],one_led_group,0.1836428699083133,63,0.06375038042280648,False,False,0.1836428699083133,0.1836428699083133
2336,Tm5a,-0.8543447076976654,4.0,1,[708],one_led_group,-0.8543447076976656,4,2.220446049250313e-16,True,True,-0.8543447076976656,-0.8543447076976656
2337,Tm5a,0.16709038061440898,5.0,1,[709],one_led_group,0.16709038061440898,5,0.0,True,True,0.16709038061440898,0.16709038061440898
2338,Tm5a,-0.2425106022882076,14.0,1,[710],one_led_group,-0.02726306288055465,18,0.21524753940765293,False,False,-0.02726306288055465,-0.02726306288055465
2339,Tm5a,-0.2621481977437981,12.0,1,[713],one_led_group,-0.019382609283195525,16,0.2427655884606026,False,False,-0.019382609283195525,-0.019382609283195525
2340,Tm5a,0.14493884292294879,12.0,1,[714],one_led_group,0.09772532759760663,16,0.047213515325342154,False,False,0.09772532759760663,0.09772532759760663
2341,Tm5a,-0.0213716666310589,47.0,1,[715],one_led_group,0.05450531371114801,49,0.07587698034220691,False,False,0.05450531371114801,0.05450531371114801
2342,Tm5a,0.008429056540352881,47.0,1,[716],one_led_group,0.061560227334660336,49,0.05313117079430746,False,False,0.061560227334660336,0.061560227334660336
2343,Tm5a,-1.6341794694785072,4.0,1,[718],one_led_group,-1.0284691442942404,5,0.6057103251842668,False,False,-1.0284691442942404,-1.0284691442942404
2344,Tm5a,-0.23471399069351512,4.0,1,[719],one_led_group,-0.22426627895430648,5,0.010447711739208637,False,False,-0.22426627895430648,-0.22426627895430648
2345,Tm5a,0.09686179574968232,43.0,1,[720],one_led_group,0.14253633145623507,45,0.04567453570655275,False,False,0.14253633145623507,0.14253633145623507
2346,Tm5a,0.39554320489944544,6.0,1,[721],one_led_group,0.3955432048994454,6,5.551115123125783e-17,True,True,0.3955432048994454,0.3955432048994454
2347,Tm5a,-0.08351414081290871,9.0,1,[722],one_led_group,-0.08351414081290873,9,1.3877787807814457e-17,True,True,-0.08351414081290873,-0.08351414081290873
2348,Tm5a,-0.09569044484854088,9.0,1,[723],one_led_group,-0.06974592690639562,14,0.02594451794214525,False,False,-0.06974592690639562,-0.06974592690639562
2349,Tm5a,0.1502407167173136,2.0,1,[724],one_led_group,0.15024071671731365,2,5.551115123125783e-17,True,True,0.15024071671731365,0.15024071671731365
2350,Tm5a,-0.08396464002664308,60.0,1,[726],one_led_group,0.01003853997659236,67,0.09400318000323545,False,False,0.01003853997659236,0.01003853997659236
2351,Tm5a,0.20947378082443646,4.0,1,[727],one_led_group,0.20947378082443643,4,2.7755575615628914e-17,True,True,0.20947378082443643,0.20947378082443643
2352,Tm5a,0.1875414747569944,20.0,1,[729],one_led_group,0.06096518241586673,24,0.12657629234112766,False,False,0.06096518241586673,0.06096518241586673
2353,Tm5a,0.23531000225184134,57.0,1,[730],one_led_group,0.22164446117805117,62,0.013665541073790172,False,False,0.22164446117805117,0.22164446117805117
2354,Tm5a,-0.818045206928704,13.0,1,[731],one_led_group,-0.7932555316290254,14,0.02478967529967857,False,False,-0.7932555316290254,-0.7932555316290254
2355,Tm5a,0.39489129794578204,5.0,1,[732],one_led_group,0.39489129794578204,5,0.0,True,True,0.39489129794578204,0.39489129794578204
2356,Tm5a,0.128251765416929,10.0,1,[733],one_led_group,0.1541514394068948,12,0.025899673989965788,False,False,0.1541514394068948,0.1541514394068948
2357,Tm5a,0.42350002594859354,9.0,1,[734],one_led_group,0.42350002594859354,9,0.0,True,True,0.42350002594859354,0.42350002594859354
2358,Tm5a,0.03936973169753551,5.0,1,[735],one_led_group,0.03936973169753553,5,2.0816681711721685e-17,True,True,0.03936973169753553,0.03936973169753553
2359,Tm5a,0.3377910073183538,6.0,1,[736],one_led_group,0.24902456647550616,9,0.08876644084284765,False,False,0.24902456647550616,0.24902456647550616
2360,Tm5a,0.07107874934035667,6.0,1,[737],one_led_group,-0.11826022377466248,9,0.18933897311501915,False,False,-0.11826022377466248,-0.11826022377466248
2361,Tm5a,-0.03871580825389455,15.0,1,[738],one_led_group,0.019058046003397028,16,0.057773854257291576,False,False,0.019058046003397028,0.019058046003397028
2362,Tm5a,0.5266889665622163,14.0,1,[740],one_led_group,0.41726232535774255,18,0.10942664120447376,False,False,0.41726232535774255,0.41726232535774255
2363,Tm5a,0.6687159115929658,46.0,1,[741],one_led_group,0.5678111249197793,51,0.10090478667318659,False,False,0.5678111249197793,0.5678111249197793
2364,Tm5a,0.07037075577194338,35.0,1,[742],one_led_group,0.030007145691285226,40,0.040363610080658155,False,False,0.030007145691285226,0.030007145691285226
2365,Tm5a,-0.12089622762591261,16.0,1,[743],one_led_group,0.09340458396165277,23,0.21430081158756537,False,False,0.09340458396165277,0.09340458396165277
2366,Tm5a,-0.637504010746564,13.0,1,[744],one_led_group,-0.2215077879046376,18,0.41599622284192644,False,False,-0.2215077879046376,-0.2215077879046376
2367,Tm5a,-0.35940500360928146,2.0,1,[745],one_led_group,0.7668791753820884,4,1.1262841789913698,False,False,0.7668791753820884,0.7668791753820884
2368,Tm5a,1.0968459580539112,1.0,1,[746],one_led_group,1.0968459580539114,1,2.220446049250313e-16,True,True,1.0968459580539114,1.0968459580539114
2369,Tm5a,0.09681767747908772,44.0,1,[747],one_led_group,0.07932534868085545,47,0.017492328798232273,False,False,0.07932534868085545,0.07932534868085545
2370,Tm5a,0.9235810055832239,11.0,1,[748],one_led_group,0.8504067333412487,12,0.07317427224197515,False,False,0.8504067333412487,0.8504067333412487
2371,Tm5a,0.25486670769644343,4.0,1,[749],one_led_group,0.2548667076964435,4,5.551115123125783e-17,True,True,0.2548667076964435,0.2548667076964435
2372,Tm5a,0.3336805983021434,4.0,1,[750],one_led_group,0.33368059830214336,4,5.551115123125783e-17,True,True,0.33368059830214336,0.33368059830214336
2373,Tm5a,0.17519319676172604,12.0,1,[751],one_led_group,0.04018977906892899,13,0.13500341769279706,False,False,0.04018977906892899,0.04018977906892899
2374,Tm5a,0.09854272534266048,13.0,1,[752],one_led_group,0.07270049347801762,14,0.025842231864642864,False,False,0.07270049347801762,0.07270049347801762
2375,Tm5a,-0.21492251515214686,12.0,1,[753],one_led_group,0.15194334617758012,16,0.366865861329727,False,False,0.15194334617758012,0.15194334617758012
2376,Tm5a,-0.45129569218699256,5.0,1,[755],one_led_group,-0.4512956921869925,5,5.551115123125783e-17,True,True,-0.4512956921869925,-0.4512956921869925
2377,Tm5a,0.07689806423332864,51.0,1,[757],one_led_group,0.07689806423332864,51,0.0,True,True,0.07689806423332864,0.07689806423332864
2378,Tm5a,0.23006746386503849,5.0,1,[759],one_led_group,0.23006746386503854,5,5.551115123125783e-17,True,True,0.23006746386503854,0.23006746386503854
2379,Tm5a,0.01589763567200268,22.0,1,[760],one_led_group,0.015897635672002672,22,6.938893903907228e-18,True,True,0.015897635672002672,0.015897635672002672
2380,Tm5a,0.12843221082207273,33.0,1,[761],one_led_group,0.16441698520964512,38,0.03598477438757239,False,False,0.16441698520964512,0.16441698520964512
2381,Tm5a,0.40192467439498974,9.0,1,[762],one_led_group,0.40192467439498974,9,0.0,True,True,0.40192467439498974,0.40192467439498974
2382,Tm5a,0.4270528988107481,56.0,1,[763],one_led_group,0.35831940715210253,62,0.06873349165864556,False,False,0.35831940715210253,0.35831940715210253
2383,Tm5a,0.291530914823173,14.0,1,[764],one_led_group,0.291530914823173,14,0.0,True,True,0.291530914823173,0.291530914823173
2384,Tm5a,0.5992873670979064,4.0,1,[765],one_led_group,0.5992873670979064,4,0.0,True,True,0.5992873670979064,0.5992873670979064
2385,Tm5a,0.11063214215849888,5.0,1,[766],one_led_group,0.11063214215849888,5,0.0,True,True,0.11063214215849888,0.11063214215849888
2386,Tm5a,0.37517820307044003,73.0,1,[767],one_led_group,0.39194151262074395,82,0.016763309550303918,False,False,0.39194151262074395,0.39194151262074395
2387,Tm5a,0.13991823765404626,28.0,1,[768],one_led_group,0.13991823765404626,28,0.0,True,True,0.13991823765404626,0.13991823765404626
2388,Tm5a,-0.04897820238562079,12.0,1,[769],one_led_group,0.07568214430476854,16,0.12466034669038933,False,False,0.07568214430476854,0.07568214430476854
2389,Tm5a,0.18116700333302868,7.0,1,[770],one_led_group,0.18116700333302868,7,0.0,True,True,0.18116700333302868,0.18116700333302868
2390,Tm5a,-0.10651644788179405,53.0,1,[771],one_led_group,-0.07038751834002507,55,0.03612892954176898,False,False,-0.07038751834002507,-0.07038751834002507
2391,Tm5a,-0.11888536626178199,7.0,1,[772],one_led_group,-0.025041952484270984,8,0.09384341377751101,False,False,-0.025041952484270984,-0.025041952484270984
2392,Tm5a,0.14070741726549893,56.0,1,[773],one_led_group,0.12817170659694688,59,0.012535710668552053,False,False,0.12817170659694688,0.12817170659694688
2393,Tm5a,0.17390573455865002,56.0,1,[774],one_led_group,0.15657879742256198,59,0.017326937136088044,False,False,0.15657879742256198,0.15657879742256198
2394,Tm5a,0.39863901194427187,22.0,1,[775],one_led_group,0.2344490072527108,26,0.16419000469156106,False,False,0.2344490072527108,0.2344490072527108
2395,Tm5a,-0.0373184404285481,22.0,1,[776],one_led_group,-0.027147433344860455,26,0.010171007083687646,False,False,-0.027147433344860455,-0.027147433344860455
2396,Tm5a,0.018667219358758116,13.0,1,[777],one_led_group,0.27449664759088405,18,0.25582942823212595,False,False,0.27449664759088405,0.27449664759088405
2397,Tm5a,0.014049078934648473,26.0,1,[778],one_led_group,0.014049078934648471,26,1.734723475976807e-18,True,True,0.014049078934648471,0.014049078934648471
2398,Tm5a,0.026100300799022567,44.0,1,[780],one_led_group,0.02377233599069422,49,0.002327964808328347,False,False,0.02377233599069422,0.02377233599069422
2399,Tm5a,0.20182224346823222,15.0,1,[781],one_led_group,0.20182224346823222,15,0.0,True,True,0.20182224346823222,0.20182224346823222
2400,Tm5a,0.048853031430554764,38.0,1,[782],one_led_group,-0.012766616577546406,43,0.06161964800810117,False,False,-0.012766616577546406,-0.012766616577546406
2401,Tm5a,-0.03518623910918427,38.0,1,[783],one_led_group,-0.05097593177886235,43,0.015789692669678085,False,False,-0.05097593177886235,-0.05097593177886235
2402,Tm5a,-2.4148845100767686,3.0,1,[784],one_led_group,-2.414884510076769,3,4.440892098500626e-16,True,True,-2.414884510076769,-2.414884510076769
2403,Tm5a,-0.9423168172764967,3.0,1,[785],one_led_group,-0.9423168172764967,3,0.0,True,True,-0.9423168172764967,-0.9423168172764967
2404,Tm5a,-0.09640668359659002,45.0,1,[786],one_led_group,-0.018548814204734934,50,0.07785786939185509,False,False,-0.018548814204734934,-0.018548814204734934
2405,Tm5a,0.07472349770164599,17.0,1,[787],one_led_group,0.13029021736850246,18,0.05556671966685647,False,False,0.13029021736850246,0.13029021736850246
2406,Tm5a,0.4110290057940035,18.0,1,[788],one_led_group,0.41102900579400337,18,1.1102230246251565e-16,True,True,0.41102900579400337,0.41102900579400337
2407,Tm5a,-0.13261476290996202,23.0,1,[789],one_led_group,-0.05108481953108849,28,0.08152994337887354,False,False,-0.05108481953108849,-0.05108481953108849
2408,Tm5a,-0.40854094287897047,4.0,1,[790],one_led_group,-0.40854094287897047,4,0.0,True,True,-0.40854094287897047,-0.40854094287897047
2409,Tm5a,0.004448387585156794,4.0,1,[791],one_led_group,0.0044483875851567805,4,1.3877787807814457e-17,True,True,0.0044483875851567805,0.0044483875851567805
2410,Tm5a,-0.010956876798182451,16.0,1,[792],one_led_group,0.02425740304994726,17,0.035214279848129706,False,False,0.02425740304994726,0.02425740304994726
2411,Tm5a,0.47014470708011097,16.0,1,[793],one_led_group,0.48679898121381143,17,0.016654274133700464,False,False,0.48679898121381143,0.48679898121381143
2412,Tm5a,-0.40571124312818985,5.0,1,[794],one_led_group,-0.4057112431281899,5,5.551115123125783e-17,True,True,-0.4057112431281899,-0.4057112431281899
2413,Tm5a,0.15120303220719952,38.0,1,[795],one_led_group,0.15120303220719955,38,2.7755575615628914e-17,True,True,0.15120303220719955,0.15120303220719955
2414,Tm5a,0.5852137073745085,9.0,1,[796],one_led_group,0.5852137073745084,9,1.1102230246251565e-16,True,True,0.5852137073745084,0.5852137073745084
2415,Tm5a,0.07830417212001553,55.0,1,[797],one_led_group,0.118994726298266,63,0.040690554178250474,False,False,0.118994726298266,0.118994726298266
2416,Tm5a,0.2451237708678084,4.0,1,[798],one_led_group,0.27906743784030014,5,0.03394366697249174,False,False,0.27906743784030014,0.27906743784030014
2417,Tm5a,0.2819801576709407,4.0,1,[800],one_led_group,0.28198015767094065,4,5.551115123125783e-17,True,True,0.28198015767094065,0.28198015767094065
2418,Tm5a,-1.4709140200430042,9.0,1,[801],one_led_group,-1.4709140200430042,9,0.0,True,True,-1.4709140200430042,-1.4709140200430042
2419,Tm5a,-0.05333584893959458,9.0,1,[802],one_led_group,-0.05333584893959456,9,2.0816681711721685e-17,True,True,-0.05333584893959456,-0.05333584893959456
2420,Tm5a,0.05502770901431258,28.0,1,[803],one_led_group,0.00277710259739476,31,0.05225060641691782,False,False,0.00277710259739476,0.00277710259739476
2421,Tm5a,0.033464244463885726,41.0,1,[805],one_led_group,0.015425921241150192,43,0.018038323222735533,False,False,0.015425921241150192,0.015425921241150192
2422,Tm5a,-0.1738862463984437,17.0,1,[806],one_led_group,-0.14548107478409222,21,0.028405171614351465,False,False,-0.14548107478409222,-0.14548107478409222
2423,Tm5a,0.09540699138074231,20.0,1,[807],one_led_group,0.07665367834293274,24,0.01875331303780957,False,False,0.07665367834293274,0.07665367834293274
2424,Tm5a,0.0046739452278478245,1.0,1,[808],one_led_group,0.004673945227847809,1,1.5612511283791264e-17,True,True,0.004673945227847809,0.004673945227847809
2425,Tm5a,0.2848271877676314,15.0,1,[809],one_led_group,0.29070883160169525,16,0.0058816438340638655,False,False,0.29070883160169525,0.29070883160169525
2426,Tm5a,-0.12968393060717381,3.0,1,[810],one_led_group,-0.10600429793473864,4,0.02367963267243517,False,False,-0.10600429793473864,-0.10600429793473864
2427,Tm5a,0.10742518050388457,16.0,1,[811],one_led_group,0.029190459945057815,17,0.07823472055882676,False,False,0.029190459945057815,0.029190459945057815
2428,Tm5a,0.10233851141885679,17.0,1,[812],one_led_group,0.26237134387785305,21,0.16003283245899624,False,False,0.26237134387785305,0.26237134387785305
2429,Tm5a,0.21911849429541083,25.0,1,[813],one_led_group,0.2191184942954109,25,5.551115123125783e-17,True,True,0.2191184942954109,0.2191184942954109
2430,Tm5a,0.3112692539141098,47.0,1,[814],one_led_group,0.3112692539141099,47,1.1102230246251565e-16,True,True,0.3112692539141099,0.3112692539141099
2431,Tm5a,-0.26533183588468023,12.0,1,[815],one_led_group,-0.2653318358846803,12,5.551115123125783e-17,True,True,-0.2653318358846803,-0.2653318358846803
2432,Tm5a,0.3867004255719722,9.0,1,[816],one_led_group,0.38670042557197215,9,5.551115123125783e-17,True,True,0.38670042557197215,0.38670042557197215
2433,Tm5a,0.11701508285272774,14.0,1,[817],one_led_group,0.11701508285272774,14,0.0,True,True,0.11701508285272774,0.11701508285272774
2434,Tm5a,0.08915513009129658,14.0,1,[818],one_led_group,0.08915513009129657,14,1.3877787807814457e-17,True,True,0.08915513009129657,0.08915513009129657
2435,Tm5a,-0.0022041098981179946,14.0,1,[819],one_led_group,0.00761659760277108,18,0.009820707500889075,False,False,0.00761659760277108,0.00761659760277108
2436,Tm5a,0.053760132613898545,23.0,1,[820],one_led_group,0.05376013261389856,23,1.3877787807814457e-17,True,True,0.05376013261389856,0.05376013261389856
2437,Tm5a,-0.17807216698629302,21.0,1,[821],one_led_group,-0.178072166986293,21,2.7755575615628914e-17,True,True,-0.178072166986293,-0.178072166986293
2438,Tm5a,0.14820676851325185,29.0,1,[822],one_led_group,0.08260753444607208,32,0.06559923406717977,False,False,0.08260753444607208,0.08260753444607208
2439,Tm5a,1.5822089918777067,56.0,1,[823],one_led_group,1.5050931202089493,58,0.07711587166875744,False,False,1.5050931202089493,1.5050931202089493
2440,Tm5a,1.6171755262164969,56.0,1,[824],one_led_group,1.5527989964498414,58,0.06437652976665542,False,False,1.5527989964498414,1.5527989964498414
2441,Tm5a,-0.6412113393633677,3.0,1,[825],one_led_group,-0.6412113393633675,3,2.220446049250313e-16,True,True,-0.6412113393633675,-0.6412113393633675
2442,Tm5a,0.3453431457662654,3.0,1,[826],one_led_group,0.3327850177100388,4,0.01255812805622658,False,False,0.3327850177100388,0.3327850177100388
2443,Tm5a,0.4490461463619902,3.0,1,[827],one_led_group,0.4490461463619903,3,1.1102230246251565e-16,True,True,0.4490461463619903,0.4490461463619903
2444,Tm5a,0.10910241533683006,11.0,1,[828],one_led_group,0.021966886828105752,14,0.0871355285087243,False,False,0.021966886828105752,0.021966886828105752
2445,Tm5a,-0.108506853202609,5.0,1,[829],one_led_group,-0.108506853202609,5,0.0,True,True,-0.108506853202609,-0.108506853202609
2446,Tm5a,-0.1430706455103404,5.0,1,[830],one_led_group,-0.1430706455103404,5,0.0,True,True,-0.1430706455103404,-0.1430706455103404
2447,Tm5a,0.8624850926236822,4.0,1,[831],one_led_group,0.862485092623682,4,2.220446049250313e-16,True,True,0.862485092623682,0.862485092623682
2448,Tm5a,0.02033921312722645,9.0,1,[832],one_led_group,0.14044706038127178,14,0.12010784725404533,False,False,0.14044706038127178,0.14044706038127178
2449,Tm5a,0.6735758686953819,9.0,1,[833],one_led_group,0.6735758686953817,9,2.220446049250313e-16,True,True,0.6735758686953817,0.6735758686953817
2450,Tm5a,0.020104896009957688,22.0,1,[834],one_led_group,0.020104896009957688,22,0.0,True,True,0.020104896009957688,0.020104896009957688
2451,Tm5a,0.48791430201998864,7.0,1,[835],one_led_group,0.4879143020199888,7,1.6653345369377348e-16,True,True,0.4879143020199888,0.4879143020199888
2452,Tm5a,0.17020623997444786,235.0,1,[836],one_led_group,0.17643394119270903,257,0.006227701218261161,False,False,0.17643394119270903,0.17643394119270903
2453,Tm5a,-1.9676557359897866,3.0,1,[837],one_led_group,-1.073176318237573,4,0.8944794177522135,False,False,-1.073176318237573,-1.073176318237573
2454,Tm5a,1.0658315433758954,3.0,1,[838],one_led_group,0.9193654133881439,4,0.14646612998775144,False,False,0.9193654133881439,0.9193654133881439
2455,Tm5a,0.023951103958821073,4.0,1,[841],one_led_group,0.02395110395882108,4,6.938893903907228e-18,True,True,0.02395110395882108,0.02395110395882108
2456,Tm5a,-0.42172135388637827,4.0,1,[842],one_led_group,-0.4217213538863782,4,5.551115123125783e-17,True,True,-0.4217213538863782,-0.4217213538863782
2457,Tm5a,0.38634803400267764,16.0,1,[844],one_led_group,0.3157110060649293,17,0.07063702793774834,False,False,0.3157110060649293,0.3157110060649293
2458,Tm5a,0.7792035262644436,47.0,1,[845],one_led_group,0.7542868807152681,50,0.024916645549175498,False,False,0.7542868807152681,0.7542868807152681
2459,Tm5a,0.8501489871274478,76.0,1,[846],one_led_group,0.7468086103565995,83,0.10334037677084829,False,False,0.7468086103565995,0.7468086103565995
2460,Tm5a,0.7899836121000955,29.0,1,[847],one_led_group,0.6099629156505879,33,0.18002069644950758,False,False,0.6099629156505879,0.6099629156505879
2461,Tm5a,-0.18036327419819445,1.0,1,[850],one_led_group,-0.5902126922358516,2,0.4098494180376572,False,False,-0.5902126922358516,-0.5902126922358516
2462,Tm5a,-0.03429889115497799,1.0,1,[851],one_led_group,0.30802389423455245,2,0.3423227853895304,False,False,0.30802389423455245,0.30802389423455245
2463,Tm5a,0.1806977762145474,53.0,1,[852],one_led_group,0.16894326559987127,55,0.011754510614676139,False,False,0.16894326559987127,0.16894326559987127
2464,Tm5a,0.01678087108878116,4.0,1,[855],one_led_group,0.01678087108878117,4,1.0408340855860843e-17,True,True,0.01678087108878117,0.01678087108878117
2465,Tm5a,0.5884755939590011,14.0,1,[856],one_led_group,0.5884755939590011,14,0.0,True,True,0.5884755939590011,0.5884755939590011
2466,Tm5a,0.11818553646713048,8.0,1,[857],one_led_group,0.1181855364671305,8,1.3877787807814457e-17,True,True,0.1181855364671305,0.1181855364671305
2467,Tm5a,0.2553429872774688,8.0,1,[858],one_led_group,0.2553429872774688,8,0.0,True,True,0.2553429872774688,0.2553429872774688
2468,Tm5a,-0.25893594156057714,9.0,1,[859],one_led_group,0.002180122271552295,14,0.26111606383212943,False,False,0.002180122271552295,0.002180122271552295
2469,Tm5a,0.26709712700962485,9.0,1,[860],one_led_group,0.26709712700962485,9,0.0,True,True,0.26709712700962485,0.26709712700962485
2470,Tm5a,-0.15639593410150063,1.0,1,[861],one_led_group,-0.1563959341015006,1,2.7755575615628914e-17,True,True,-0.1563959341015006,-0.1563959341015006
2471,Tm5a,0.02495436738801195,23.0,1,[862],one_led_group,0.0621500658530283,31,0.037195698465016344,False,False,0.0621500658530283,0.0621500658530283
2472,Tm5a,0.3754894849942268,8.0,1,[863],one_led_group,0.37548948499422674,8,5.551115123125783e-17,True,True,0.37548948499422674,0.37548948499422674
2473,Tm5a,-0.10749257109118829,2.0,1,[864],one_led_group,0.32820494149820034,4,0.4356975125893886,False,False,0.32820494149820034,0.32820494149820034
2474,Tm5a,0.07811571286530736,9.0,1,[865],one_led_group,0.07811571286530737,9,1.3877787807814457e-17,True,True,0.07811571286530737,0.07811571286530737
2475,Tm5a,0.2610991199461387,22.0,1,[866],one_led_group,0.26109911994613877,22,5.551115123125783e-17,True,True,0.26109911994613877,0.26109911994613877
2476,Tm5a,0.07689581399453829,14.0,1,[867],one_led_group,0.07689581399453828,14,1.3877787807814457e-17,True,True,0.07689581399453828,0.07689581399453828
2477,Tm5a,-0.3286506477979218,12.0,1,[868],one_led_group,-0.017508251272362788,16,0.31114239652555903,False,False,-0.017508251272362788,-0.017508251272362788
2478,Tm5a,0.5032396590357685,2.0,1,[869],one_led_group,0.5032396590357685,2,0.0,True,True,0.5032396590357685,0.5032396590357685
2479,Tm5a,0.6114503978459093,16.0,1,[871],one_led_group,0.5756491207678517,17,0.03580127707805758,False,False,0.5756491207678517,0.5756491207678517
2480,Tm5a,0.21137884448015196,36.0,1,[872],one_led_group,0.21137884448015204,36,8.326672684688674e-17,True,True,0.21137884448015204,0.21137884448015204
2481,Tm5a,1.1031900252932456,3.0,1,[873],one_led_group,1.1031900252932454,3,2.220446049250313e-16,True,True,1.1031900252932454,1.1031900252932454
2482,Tm5a,0.48779630098762494,17.0,1,[874],one_led_group,0.20966763299378788,21,0.27812866799383706,False,False,0.20966763299378788,0.20966763299378788
2483,Tm5a,0.011884496208886399,28.0,1,[875],one_led_group,0.05124489166745822,30,0.039360395458571826,False,False,0.05124489166745822,0.05124489166745822
2484,Tm5a,-0.07081468925547958,36.0,1,[876],one_led_group,0.07529186040387732,42,0.1461065496593569,False,False,0.07529186040387732,0.07529186040387732
2485,Tm5a,-0.11419873618751572,51.0,1,[877],one_led_group,-0.07457488997778572,54,0.03962384620973,False,False,-0.07457488997778572,-0.07457488997778572
2486,Tm5a,-0.18121808493641714,12.0,1,[878],one_led_group,-0.013256049699573384,16,0.16796203523684375,False,False,-0.013256049699573384,-0.013256049699573384
2487,Tm5a,-0.016352937239456238,5.0,1,[879],one_led_group,-0.01635293723945628,5,4.163336342344337e-17,True,True,-0.01635293723945628,-0.01635293723945628
2488,Tm5a,0.017707678153914726,18.0,1,[880],one_led_group,0.017707678153914715,18,1.0408340855860843e-17,True,True,0.017707678153914715,0.017707678153914715
2489,Tm5a,0.1112977624285387,39.0,1,[881],one_led_group,0.17261319518070872,44,0.061315432752170024,False,False,0.17261319518070872,0.17261319518070872
2490,Tm5a,0.08751808010692144,21.0,1,[882],one_led_group,0.08751808010692144,21,0.0,True,True,0.08751808010692144,0.08751808010692144
2491,Tm5a,-0.022451794101446477,21.0,1,[883],one_led_group,-0.02245179410144648,21,3.469446951953614e-18,True,True,-0.02245179410144648,-0.02245179410144648
2492,Tm5a,-0.13014979134820984,2.0,1,[884],one_led_group,-0.13014979134820984,2,0.0,True,True,-0.13014979134820984,-0.13014979134820984
2493,Tm5a,0.06352424626622347,2.0,1,[885],one_led_group,0.0635242462662235,2,2.7755575615628914e-17,True,True,0.0635242462662235,0.0635242462662235
2494,Tm5a,0.4764564404485506,2.0,1,[886],one_led_group,0.47645644044855073,2,1.1102230246251565e-16,True,True,0.47645644044855073,0.47645644044855073
2495,Tm5a,-0.06638152315883743,9.0,1,[887],one_led_group,-0.1520883262322248,10,0.08570680307338736,False,False,-0.1520883262322248,-0.1520883262322248
2496,Tm5a,0.23262713076919087,10.0,1,[888],one_led_group,0.23262713076919095,10,8.326672684688674e-17,True,True,0.23262713076919095,0.23262713076919095
2497,Tm5a,0.1387540889126744,10.0,1,[889],one_led_group,0.13875408891267452,10,1.1102230246251565e-16,True,True,0.13875408891267452,0.13875408891267452
2498,Tm5a,-0.11630642333493876,19.0,1,[890],one_led_group,-0.11630642333493876,19,0.0,True,True,-0.11630642333493876,-0.11630642333493876
2499,Tm5a,-0.19320779310379282,61.0,1,[891],one_led_group,-0.17018310444677542,64,0.0230246886570174,False,False,-0.17018310444677542,-0.17018310444677542
2500,Tm5a,0.2943777963086139,4.0,1,[892],one_led_group,0.2943777963086138,4,5.551115123125783e-17,True,True,0.2943777963086138,0.2943777963086138
2501,Tm5a,-0.6770262264864487,1.0,1,[893],one_led_group,-0.6770262264864488,1,1.1102230246251565e-16,True,True,-0.6770262264864488,-0.6770262264864488
2502,Tm5a,0.47493510647153814,5.0,1,[894],one_led_group,0.47493510647153814,5,0.0,True,True,0.47493510647153814,0.47493510647153814
2503,Tm5a,0.01070793233476403,15.0,1,[895],one_led_group,0.010707932334764029,15,1.734723475976807e-18,True,True,0.010707932334764029,0.010707932334764029
2504,Tm5a,0.20821283259768492,7.0,1,[896],one_led_group,0.2082128325976849,7,2.7755575615628914e-17,True,True,0.2082128325976849,0.2082128325976849
2505,Tm5a,0.22834186888327265,15.0,1,[897],one_led_group,0.21727504610193515,16,0.011066822781337499,False,False,0.21727504610193515,0.21727504610193515
2506,Tm5a,0.5399983729467345,10.0,1,[898],one_led_group,0.5399983729467344,10,1.1102230246251565e-16,True,True,0.5399983729467344,0.5399983729467344
2507,Tm5a,0.28759954672230154,4.0,1,[899],one_led_group,0.2875995467223016,4,5.551115123125783e-17,True,True,0.2875995467223016,0.2875995467223016
2508,Tm5a,-0.2873290813778309,5.0,1,[900],one_led_group,-0.287329081377831,5,5.551115123125783e-17,True,True,-0.287329081377831,-0.287329081377831
2509,Tm5a,0.22864633333868403,4.0,1,[901],one_led_group,0.22864633333868406,4,2.7755575615628914e-17,True,True,0.22864633333868406,0.22864633333868406
2510,Tm5a,0.4096517838357811,9.0,1,[902],one_led_group,0.4096517838357811,9,0.0,True,True,0.4096517838357811,0.4096517838357811
2511,Tm5a,0.06401466146629783,5.0,1,[903],one_led_group,0.220267483298219,7,0.15625282183192116,False,False,0.220267483298219,0.220267483298219
2512,Tm5a,0.46471407708228973,5.0,1,[904],one_led_group,0.46471407708228984,5,1.1102230246251565e-16,True,True,0.46471407708228984,0.46471407708228984
2513,Tm5a,-0.41637186592679104,1.0,1,[905],one_led_group,-0.9024111600029948,2,0.4860392940762038,False,False,-0.9024111600029948,-0.9024111600029948
2514,Tm5a,-3.638465671907866,1.0,1,[906],one_led_group,-3.041298168444791,2,0.597167503463075,False,False,-3.041298168444791,-3.041298168444791
2515,Tm5a,0.5840578800462375,9.0,1,[908],one_led_group,0.5840578800462376,9,1.1102230246251565e-16,True,True,0.5840578800462376,0.5840578800462376
2516,Tm5a,-0.04477918408148328,29.0,1,[909],one_led_group,-0.10716164623245178,32,0.0623824621509685,False,False,-0.10716164623245178,-0.10716164623245178
2517,Tm5a,-0.013789146104996331,15.0,1,[910],one_led_group,-0.013789146104996338,15,6.938893903907228e-18,True,True,-0.013789146104996338,-0.013789146104996338
2518,Tm5a,-0.05712720685438723,1.0,1,[911],one_led_group,-0.0571272068543871,1,1.249000902703301e-16,True,True,-0.0571272068543871,-0.0571272068543871
2519,Tm5a,-0.18079868023298087,5.0,1,[912],one_led_group,-0.7951281526507408,7,0.6143294724177599,False,False,-0.7951281526507408,-0.7951281526507408
2520,Tm5a,0.20754332476902387,36.0,1,[913],one_led_group,0.20754332476902382,36,5.551115123125783e-17,True,True,0.20754332476902382,0.20754332476902382
2521,Tm5a,0.4700702200656663,5.0,1,[914],one_led_group,0.47007022006566634,5,5.551115123125783e-17,True,True,0.47007022006566634,0.47007022006566634
2522,Tm5a,0.09136707086371011,5.0,1,[915],one_led_group,0.11361281682009079,7,0.02224574595638068,False,False,0.11361281682009079,0.11361281682009079
2523,Tm5a,-0.08481684067699423,5.0,1,[916],one_led_group,-0.08643743304063933,7,0.0016205923636451042,False,False,-0.08643743304063933,-0.08643743304063933
2524,Tm5a,-0.2086674707607874,5.0,1,[917],one_led_group,-0.20866747076078745,5,5.551115123125783e-17,True,True,-0.20866747076078745,-0.20866747076078745
2525,Tm5a,0.5304859174704515,17.0,1,[918],one_led_group,0.3741587570871998,21,0.15632716038325167,False,False,0.3741587570871998,0.3741587570871998
2526,Tm5a,0.1213461989321063,8.0,1,[919],one_led_group,0.12134619893210633,8,2.7755575615628914e-17,True,True,0.12134619893210633,0.12134619893210633
2527,Tm5a,-0.39476905673182755,4.0,1,[920],one_led_group,-0.3947690567318276,4,5.551115123125783e-17,True,True,-0.3947690567318276,-0.3947690567318276
2528,Tm5a,0.6002281953736498,10.0,1,[921],one_led_group,0.6271959335171609,12,0.026967738143511055,False,False,0.6271959335171609,0.6271959335171609
2529,Tm5a,-0.41724565762904314,5.0,1,[922],one_led_group,-0.4172456576290432,5,5.551115123125783e-17,True,True,-0.4172456576290432,-0.4172456576290432
2530,Tm5a,-0.033666251113650424,17.0,1,[923],one_led_group,-0.10538141036234393,18,0.07171515924869351,False,False,-0.10538141036234393,-0.10538141036234393
2531,Tm5a,0.108528786234818,7.0,1,[924],one_led_group,0.108528786234818,7,0.0,True,True,0.108528786234818,0.108528786234818
2532,Tm5a,0.09537722550316578,59.0,1,[925],one_led_group,0.10969741770080971,62,0.014320192197643924,False,False,0.10969741770080971,0.10969741770080971
2533,Tm5a,0.10951771977632593,10.0,1,[927],one_led_group,0.10951771977632603,10,9.71445146547012e-17,True,True,0.10951771977632603,0.10951771977632603
2534,Tm5a,-0.07425343464921452,25.0,1,[928],one_led_group,-0.07425343464921451,25,1.3877787807814457e-17,True,True,-0.07425343464921451,-0.07425343464921451
2535,Tm5a,0.6521194118987672,4.0,1,[929],one_led_group,0.30162571437104263,5,0.3504936975277246,False,False,0.30162571437104263,0.30162571437104263
2536,Tm5a,0.06078460730363231,2.0,1,[930],one_led_group,0.06078460730363233,2,2.0816681711721685e-17,True,True,0.06078460730363233,0.06078460730363233
2537,Tm5a,-0.020011111372043842,7.0,1,[931],one_led_group,-0.020011111372043866,7,2.42861286636753e-17,True,True,-0.020011111372043866,-0.020011111372043866
2538,Tm5a,0.3454534793370298,4.0,1,[933],one_led_group,0.3454534793370299,4,1.1102230246251565e-16,True,True,0.3454534793370299,0.3454534793370299
2539,Tm5a,-0.01526403665021066,8.0,1,[934],one_led_group,-0.015264036650210672,8,1.214306433183765e-17,True,True,-0.015264036650210672,-0.015264036650210672
2540,Tm5a,-0.08346083551858073,42.0,1,[935],one_led_group,-0.08346083551858072,42,1.3877787807814457e-17,True,True,-0.08346083551858072,-0.08346083551858072
2541,Tm5a,-0.3728635679240041,3.0,1,[936],one_led_group,-0.3728635679240053,3,1.2212453270876722e-15,True,True,-0.3728635679240053,-0.3728635679240053
2542,Tm5a,0.04071221472311418,24.0,1,[937],one_led_group,0.05864626437618982,31,0.017934049653075636,False,False,0.05864626437618982,0.05864626437618982
2543,Tm5a,0.09976632438884,36.0,1,[938],one_led_group,0.08374889454863597,42,0.01601742984020403,False,False,0.08374889454863597,0.08374889454863597
2544,Tm5a,0.012040502111402108,50.0,1,[939],one_led_group,0.012040502111402123,50,1.5612511283791264e-17,True,True,0.012040502111402123,0.012040502111402123
2545,Tm5a,0.8500499893412681,5.0,1,[940],one_led_group,0.8500499893412685,5,4.440892098500626e-16,True,True,0.8500499893412685,0.8500499893412685
2546,Tm5a,-0.2615437358826709,25.0,1,[941],one_led_group,-0.26154373588267094,25,5.551115123125783e-17,True,True,-0.26154373588267094,-0.26154373588267094
2547,Tm5a,0.06485216441195987,51.0,1,[942],one_led_group,0.08671270092771542,54,0.02186053651575555,False,False,0.08671270092771542,0.08671270092771542
2548,Tm5a,-0.6973860610675928,5.0,1,[943],one_led_group,-0.6973860610675929,5,1.1102230246251565e-16,True,True,-0.6973860610675929,-0.6973860610675929
2549,Tm5a,0.4892586298838802,5.0,1,[944],one_led_group,0.48925862988388014,5,5.551115123125783e-17,True,True,0.48925862988388014,0.48925862988388014
2550,Tm5a,0.5032011643898785,3.0,1,[946],one_led_group,0.24007121364264605,4,0.26312995074723244,False,False,0.24007121364264605,0.24007121364264605
2551,Tm5a,0.6128596687968769,3.0,1,[947],one_led_group,0.5289248680317226,4,0.08393480076515436,False,False,0.5289248680317226,0.5289248680317226
2552,Tm5a,-0.17522717858101203,3.0,1,[948],one_led_group,-0.17522717858101178,3,2.498001805406602e-16,True,True,-0.17522717858101178,-0.17522717858101178
2553,Tm5a,-0.3240300659482881,5.0,1,[949],one_led_group,-0.07767078933429805,6,0.24635927661399004,False,False,-0.07767078933429805,-0.07767078933429805
2554,Tm5a,0.14074934161908556,28.0,1,[950],one_led_group,0.14568662876563765,30,0.0049372871465520884,False,False,0.14568662876563765,0.14568662876563765
2555,Tm5a,2.6444515125431183,14.0,1,[951],one_led_group,2.6444515125431183,14,0.0,True,True,2.6444515125431183,2.6444515125431183
2556,Tm5a,1.4725951133955424,14.0,1,[952],one_led_group,1.4725951133955424,14,0.0,True,True,1.4725951133955424,1.4725951133955424
2557,Tm5a,-0.012043603463139827,17.0,1,[953],one_led_group,0.059431473755766275,19,0.0714750772189061,False,False,0.059431473755766275,0.059431473755766275
2558,Tm5a,0.07483478943738762,8.0,1,[954],one_led_group,0.07483478943738767,8,4.163336342344337e-17,True,True,0.07483478943738767,0.07483478943738767
2559,Tm5a,0.06712055330667062,12.0,1,[955],one_led_group,-0.07564744440171224,14,0.14276799770838286,False,False,-0.07564744440171224,-0.07564744440171224
2560,Tm5a,0.04299674131401458,4.0,1,[956],one_led_group,0.04299674131401465,4,6.938893903907228e-17,True,True,0.04299674131401465,0.04299674131401465
2561,Tm5a,0.7449602413396084,4.0,1,[957],one_led_group,0.7449602413396084,4,0.0,True,True,0.7449602413396084,0.7449602413396084
2562,Tm5a,-0.3972456615775549,8.0,1,[958],one_led_group,-0.397245661577555,8,5.551115123125783e-17,True,True,-0.397245661577555,-0.397245661577555
2563,Tm5a,0.16879696934667526,9.0,1,[959],one_led_group,0.1687969693466752,9,5.551115123125783e-17,True,True,0.1687969693466752,0.1687969693466752
2564,Tm5a,1.0438242866250518,49.0,1,[960],one_led_group,1.0021742087050736,51,0.04165007791997821,False,False,1.0021742087050736,1.0021742087050736
2565,Tm5a,1.1786076089167437,49.0,1,[961],one_led_group,1.1461606223454015,51,0.03244698657134215,False,False,1.1461606223454015,1.1461606223454015
2566,Tm5a,-0.11720251915614113,9.0,1,[962],one_led_group,-0.11720251915614106,9,6.938893903907228e-17,True,True,-0.11720251915614106,-0.11720251915614106
2567,Tm5a,0.08357486563923684,21.0,1,[963],one_led_group,0.08357486563923684,21,0.0,True,True,0.08357486563923684,0.08357486563923684
2568,Tm5a,0.10745989422535922,21.0,1,[964],one_led_group,0.10745989422535919,21,2.7755575615628914e-17,True,True,0.10745989422535919,0.10745989422535919
2569,Tm5a,0.0567319626544722,12.0,1,[966],one_led_group,0.053693268594303754,14,0.003038694060168448,False,False,0.053693268594303754,0.053693268594303754
2570,Tm5a,0.28110043872329465,74.0,1,[968],one_led_group,0.21517142706927944,84,0.06592901165401521,False,False,0.21517142706927944,0.21517142706927944
2571,Tm5a,0.7347799805865641,14.0,1,[969],one_led_group,0.39379613922989903,18,0.3409838413566651,False,False,0.39379613922989903,0.39379613922989903
2572,Tm5a,1.4754280535451978,14.0,1,[970],one_led_group,0.90623931268314,18,0.5691887408620578,False,False,0.90623931268314,0.90623931268314
2573,Tm5a,0.2672190148836119,4.0,1,[971],one_led_group,0.26721901488361177,4,1.1102230246251565e-16,True,True,0.26721901488361177,0.26721901488361177
2574,Tm5a,0.27375842015949625,4.0,1,[972],one_led_group,0.2737584201594964,4,1.6653345369377348e-16,True,True,0.2737584201594964,0.2737584201594964
2575,Tm5a,0.03563007788973408,44.0,1,[973],one_led_group,0.036861235429861895,47,0.001231157540127814,False,False,0.036861235429861895,0.036861235429861895
2576,Tm5a,0.6563024667996837,22.0,1,[974],one_led_group,0.6393505414225558,26,0.016951925377127974,False,False,0.6393505414225558,0.6393505414225558
2577,Tm5a,-0.29032159251703493,4.0,1,[976],one_led_group,-0.29032159251703493,4,0.0,True,True,-0.29032159251703493,-0.29032159251703493
2578,Tm5a,2.7235960544708595,12.0,1,[977],one_led_group,2.723596054470859,12,4.440892098500626e-16,True,True,2.723596054470859,2.723596054470859
2579,Tm5a,2.230570790641796,12.0,1,[978],one_led_group,2.2305707906417958,12,4.440892098500626e-16,True,True,2.2305707906417958,2.2305707906417958
2580,Tm5a,0.6112360855130241,16.0,1,[979],one_led_group,0.5014333294090455,17,0.1098027561039786,False,False,0.5014333294090455,0.5014333294090455
2581,Tm5a,0.514807551049473,12.0,1,[980],one_led_group,0.31527466921503894,16,0.19953288183443402,False,False,0.31527466921503894,0.31527466921503894
2582,Tm5a,0.183422829637331,12.0,1,[981],one_led_group,0.05245628938376366,13,0.13096654025356735,False,False,0.05245628938376366,0.05245628938376366
2583,Tm5a,0.018842170220097522,15.0,1,[982],one_led_group,0.018842170220097525,15,3.469446951953614e-18,True,True,0.018842170220097525,0.018842170220097525
2584,Tm5a,1.453970077263179,7.0,1,[983],one_led_group,1.4539700772631787,7,2.220446049250313e-16,True,True,1.4539700772631787,1.4539700772631787
2585,Tm5a,1.3649951468061763,7.0,1,[984],one_led_group,1.364995146806176,7,2.220446049250313e-16,True,True,1.364995146806176,1.364995146806176
2586,Tm5a,0.09075390858950358,43.0,1,[985],one_led_group,0.10891586443320696,48,0.01816195584370338,False,False,0.10891586443320696,0.10891586443320696
2587,Tm5a,0.13513848225079453,43.0,1,[986],one_led_group,0.14276146498278586,48,0.007622982731991329,False,False,0.14276146498278586,0.14276146498278586
2588,Tm5a,0.13640785546636175,30.0,1,[987],one_led_group,0.1555236101690701,31,0.01911575470270835,False,False,0.1555236101690701,0.1555236101690701
2589,Tm5a,0.1549669342078939,22.0,1,[988],one_led_group,0.09904031502296207,27,0.05592661918493183,False,False,0.09904031502296207,0.09904031502296207
2590,Tm5a,-0.020046540511791233,52.0,1,[989],one_led_group,0.0237635889762497,58,0.04381012948804093,False,False,0.0237635889762497,0.0237635889762497
2591,Tm5a,-0.12677813286446132,6.0,1,[990],one_led_group,-0.05987412376900056,9,0.06690400909546076,False,False,-0.05987412376900056,-0.05987412376900056
2592,Tm5a,0.19013524163354142,44.0,1,[991],one_led_group,0.16786029776903946,46,0.02227494386450196,False,False,0.16786029776903946,0.16786029776903946
2593,Tm5a,0.6547096214959696,5.0,1,[992],one_led_group,0.6547096214959693,5,2.220446049250313e-16,True,True,0.6547096214959693,0.6547096214959693
2594,Tm5a,0.05059916290292157,55.0,1,[993],one_led_group,0.035101354924883706,60,0.015497807978037861,False,False,0.035101354924883706,0.035101354924883706
2595,Tm5a,-0.14838271210676193,10.0,1,[994],one_led_group,-0.14838271210676185,10,8.326672684688674e-17,True,True,-0.14838271210676185,-0.14838271210676185
2596,Tm5a,-0.03585697192851639,10.0,1,[995],one_led_group,-0.03585697192851641,10,2.0816681711721685e-17,True,True,-0.03585697192851641,-0.03585697192851641
2597,Tm5a,0.2321049778893825,13.0,1,[996],one_led_group,0.1299730306293946,14,0.10213194725998789,False,False,0.1299730306293946,0.1299730306293946
2598,Tm5a,-0.3571574864798256,13.0,1,[997],one_led_group,-0.3037959711503159,14,0.05336151532950967,False,False,-0.3037959711503159,-0.3037959711503159
2599,Tm5a,-0.0527228165380968,18.0,1,[998],one_led_group,-0.040876639843897083,19,0.011846176694199718,False,False,-0.040876639843897083,-0.040876639843897083
2600,Tm5a,-0.033980042004721524,9.0,1,[999],one_led_group,-0.03398004200472152,9,6.938893903907228e-18,True,True,-0.03398004200472152,-0.03398004200472152
2601,Tm5a,1.8737364340359306,13.0,1,[1000],one_led_group,1.8737364340359304,13,2.220446049250313e-16,True,True,1.8737364340359304,1.8737364340359304
2602,Tm5a,0.1922708726960108,2.0,1,[1001],one_led_group,0.19227087269601084,2,2.7755575615628914e-17,True,True,0.19227087269601084,0.19227087269601084
2603,Tm5a,-0.01703146933875207,17.0,1,[1002],one_led_group,-0.0288484077239854,18,0.01181693838523333,False,False,-0.0288484077239854,-0.0288484077239854
2604,Tm5a,-0.23617045116397542,27.0,1,[1003],one_led_group,-0.12569561867018172,29,0.1104748324937937,False,False,-0.12569561867018172,-0.12569561867018172
2605,Tm5a,-0.35550680539689605,5.0,1,[1004],one_led_group,-0.35550680539689605,5,0.0,True,True,-0.35550680539689605,-0.35550680539689605
2606,Tm5a,0.8011191266709439,39.0,1,[1005],one_led_group,0.6431420951537833,43,0.15797703151716058,False,False,0.6431420951537833,0.6431420951537833
2607,Tm5a,-1.0094572838911824,4.0,1,[1006],one_led_group,-1.0094572838911826,4,2.220446049250313e-16,True,True,-1.0094572838911826,-1.0094572838911826
2608,Tm5a,0.3048745751223369,5.0,1,[1007],one_led_group,0.3048745751223369,5,0.0,True,True,0.3048745751223369,0.3048745751223369
2609,Tm5a,0.18162217737911332,5.0,1,[1008],one_led_group,0.18162217737911335,5,2.7755575615628914e-17,True,True,0.18162217737911335,0.18162217737911335
2610,Tm5a,0.03291349271765891,11.0,1,[1009],one_led_group,0.03371850433534179,12,0.0008050116176828853,False,False,0.03371850433534179,0.03371850433534179
2611,Tm5a,-0.0883088494638885,61.0,1,[1012],one_led_group,-0.049837342128235144,64,0.03847150733565336,False,False,-0.049837342128235144,-0.049837342128235144
2612,Tm5a,0.7386526902097078,3.0,1,[1013],one_led_group,0.7386526902097078,3,0.0,True,True,0.7386526902097078,0.7386526902097078
2613,Tm5a,0.019341156911150875,8.0,1,[1014],one_led_group,0.019341156911150875,8,0.0,True,True,0.019341156911150875,0.019341156911150875
2614,Tm5a,0.524907860868537,5.0,1,[1017],one_led_group,0.5249078608685369,5,1.1102230246251565e-16,True,True,0.5249078608685369,0.5249078608685369
2615,Tm5a,0.013037826922661474,5.0,1,[1018],one_led_group,0.013037826922661472,5,1.734723475976807e-18,True,True,0.013037826922661472,0.013037826922661472
2616,Tm5a,1.192384942551188,85.0,1,[1019],one_led_group,1.0729960985087017,93,0.1193888440424864,False,False,1.0729960985087017,1.0729960985087017
2617,Tm5a,0.5551956830128743,4.0,1,[1020],one_led_group,0.5551956830128744,4,1.1102230246251565e-16,True,True,0.5551956830128744,0.5551956830128744
2618,Tm5a,-4.5938574586270754e-05,27.0,1,[1022],one_led_group,0.026997698568075386,28,0.027043637142661656,False,False,0.026997698568075386,0.026997698568075386
2619,Tm5a,0.5933870853661286,5.0,1,[1024],one_led_group,0.5933870853661285,5,1.1102230246251565e-16,True,True,0.5933870853661285,0.5933870853661285
2620,Tm5a,0.640899961730362,5.0,1,[1025],one_led_group,0.640899961730362,5,0.0,True,True,0.640899961730362,0.640899961730362
2621,Tm5a,1.3439810109061585,5.0,1,[1026],one_led_group,1.3439810109061583,5,2.220446049250313e-16,True,True,1.3439810109061583,1.3439810109061583
2622,Tm5a,0.07459366160515991,44.0,1,[1027],one_led_group,0.12553917781016005,47,0.05094551620500014,False,False,0.12553917781016005,0.12553917781016005
2623,Tm5a,-0.5060819587347634,9.0,1,[1028],one_led_group,-0.5060819587347634,9,0.0,True,True,-0.5060819587347634,-0.5060819587347634
2624,Tm5a,0.9710141375024129,32.0,1,[1029],one_led_group,0.9710141375024132,32,2.220446049250313e-16,True,True,0.9710141375024132,0.9710141375024132
2625,Tm5a,1.1613588579485594,32.0,1,[1030],one_led_group,1.1613588579485592,32,2.220446049250313e-16,True,True,1.1613588579485592,1.1613588579485592
2626,Tm5a,0.03183236948627498,79.0,1,[1031],one_led_group,0.0508364775578888,87,0.019004108071613825,False,False,0.0508364775578888,0.0508364775578888
2627,Tm5a,1.0681395054765521,15.0,1,[1032],one_led_group,1.0681395054765523,15,2.220446049250313e-16,True,True,1.0681395054765523,1.0681395054765523
2628,Tm5a,1.169114267695434,59.0,1,[1033],one_led_group,1.07618725947,62,0.0929270082254341,False,False,1.07618725947,1.07618725947
2629,Tm5a,-0.09565094227060589,9.0,1,[1034],one_led_group,0.023186234943959865,14,0.11883717721456576,False,False,0.023186234943959865,0.023186234943959865
2630,Tm5a,1.33974731291045,17.0,1,[1035],one_led_group,1.3397473129104498,17,2.220446049250313e-16,True,True,1.3397473129104498,1.3397473129104498
2631,Tm5a,0.12943216947093675,9.0,1,[1036],one_led_group,0.12943216947093675,9,0.0,True,True,0.12943216947093675,0.12943216947093675
2632,Tm5a,0.367838440436392,8.0,1,[1037],one_led_group,0.367838440436392,8,0.0,True,True,0.367838440436392,0.367838440436392
2633,Tm5a,0.6700114239588528,7.0,1,[1038],one_led_group,0.6700114239588528,7,0.0,True,True,0.6700114239588528,0.6700114239588528
2634,Tm5a,0.3454188129988083,8.0,1,[1039],one_led_group,0.3454188129988083,8,0.0,True,True,0.3454188129988083,0.3454188129988083
2635,Tm5a,1.8042247490734922,5.0,1,[1040],one_led_group,1.8042247490734922,5,0.0,True,True,1.8042247490734922,1.8042247490734922
2636,Tm5a,0.5771542220090119,13.0,1,[1041],one_led_group,0.41353420007239466,18,0.16362002193661723,False,False,0.41353420007239466,0.41353420007239466
2637,Tm5a,-0.0049654491202467356,8.0,1,[1042],one_led_group,0.04965005284762496,9,0.054615501967871696,False,False,0.04965005284762496,0.04965005284762496
2638,Tm5a,0.3935215640251307,2.0,1,[1043],one_led_group,0.11845332142202035,4,0.27506824260311036,False,False,0.11845332142202035,0.11845332142202035
2639,Tm5a,-0.267373228323097,8.0,1,[1044],one_led_group,-0.20638587244260756,9,0.06098735588048945,False,False,-0.20638587244260756,-0.20638587244260756
2640,Tm5a,0.0020563062269025973,71.0,1,[1045],one_led_group,0.030721124815648558,74,0.02866481858874596,False,False,0.030721124815648558,0.030721124815648558
2641,Tm5a,-0.600345088569798,7.0,1,[1046],one_led_group,-0.44216287845016927,8,0.15818221011962869,False,False,-0.44216287845016927,-0.44216287845016927
2642,Tm5a,-0.022895446044578303,1.0,1,[1047],one_led_group,-0.02289544604457827,1,3.122502256758253e-17,True,True,-0.02289544604457827,-0.02289544604457827
2643,Tm5a,0.34112246317106215,14.0,1,[1048],one_led_group,0.34112246317106215,14,0.0,True,True,0.34112246317106215,0.34112246317106215
2644,Tm5a,0.7332212554971561,3.0,1,[1049],one_led_group,0.7332212554971562,3,1.1102230246251565e-16,True,True,0.7332212554971562,0.7332212554971562
2645,Tm5a,0.6889836470687042,4.0,1,[1050],one_led_group,0.6889836470687041,4,1.1102230246251565e-16,True,True,0.6889836470687041,0.6889836470687041
2646,Tm5a,0.0687745059318659,4.0,1,[1051],one_led_group,0.0687745059318659,4,0.0,True,True,0.0687745059318659,0.0687745059318659
2647,Tm5a,0.5280246605030262,20.0,1,[1052],one_led_group,0.3646018853498255,27,0.1634227751532007,False,False,0.3646018853498255,0.3646018853498255
2648,Tm5a,0.08599899988672717,59.0,1,[1053],one_led_group,0.11300948768923937,62,0.027010487802512195,False,False,0.11300948768923937,0.11300948768923937
2649,Tm5a,0.3309885082045022,4.0,1,[1054],one_led_group,0.3309885082045022,4,0.0,True,True,0.3309885082045022,0.3309885082045022
2650,Tm5a,0.40529149283137456,14.0,1,[1056],one_led_group,0.4052914928313746,14,5.551115123125783e-17,True,True,0.4052914928313746,0.4052914928313746
2651,Tm5a,-0.03940969646853617,5.0,1,[1058],one_led_group,-0.039409696468536135,5,3.469446951953614e-17,True,True,-0.039409696468536135,-0.039409696468536135
2652,Tm5a,0.502234717782097,5.0,1,[1059],one_led_group,0.502234717782097,5,0.0,True,True,0.502234717782097,0.502234717782097
2653,Tm5a,0.16043136706677358,4.0,1,[1060],one_led_group,0.16300026496672962,5,0.002568897899956041,False,False,0.16300026496672962,0.16300026496672962
2654,Tm5a,0.14314944238778865,12.0,1,[1061],one_led_group,0.1143366194130867,14,0.028812822974701946,False,False,0.1143366194130867,0.1143366194130867
2655,Tm5a,0.7193318520575088,5.0,1,[1062],one_led_group,0.03454041271898919,7,0.6847914393385196,False,False,0.03454041271898919,0.03454041271898919
2656,Tm5a,-0.06786203861550874,6.0,1,[1063],one_led_group,-0.19246671005213717,7,0.12460467143662843,False,False,-0.19246671005213717,-0.19246671005213717
2657,Tm5a,0.25407728891186604,28.0,1,[1064],one_led_group,0.254077288911866,28,5.551115123125783e-17,True,True,0.254077288911866,0.254077288911866
2658,Tm5a,-0.43498291034482245,10.0,1,[1065],one_led_group,-0.4349829103448224,10,5.551115123125783e-17,True,True,-0.4349829103448224,-0.4349829103448224
2659,Tm5a,0.0609269467955451,7.0,1,[1066],one_led_group,0.06092694679554509,7,6.938893903907228e-18,True,True,0.06092694679554509,0.06092694679554509
2660,Tm5a,1.075754054952651,39.0,1,[1067],one_led_group,0.948770446637649,43,0.126983608315002,False,False,0.948770446637649,0.948770446637649
2661,Tm5a,0.17492080431533127,5.0,1,[1068],one_led_group,0.39280638406850116,7,0.21788557975316988,False,False,0.39280638406850116,0.39280638406850116
2662,Tm5a,0.2662875548236873,18.0,1,[1069],one_led_group,0.2662875548236873,18,0.0,True,True,0.2662875548236873,0.2662875548236873
2663,Tm5a,0.10655934896771678,15.0,1,[1070],one_led_group,0.12360163316870301,16,0.017042284200986232,False,False,0.12360163316870301,0.12360163316870301
2664,Tm5a,0.33452890080641245,5.0,1,[1071],one_led_group,0.33452890080641245,5,0.0,True,True,0.33452890080641245,0.33452890080641245
2665,Tm5a,0.2773602179855089,4.0,1,[1072],one_led_group,0.2773602179855089,4,0.0,True,True,0.2773602179855089,0.2773602179855089
2666,Tm5a,0.5705372325035177,4.0,1,[1073],one_led_group,0.5705372325035177,4,0.0,True,True,0.5705372325035177,0.5705372325035177
2667,Tm5a,-0.9826049559750831,1.0,1,[1074],one_led_group,-1.1367817412560401,2,0.15417678528095702,False,False,-1.1367817412560401,-1.1367817412560401
2668,Tm5a,-1.000568871380483,12.0,1,[1075],one_led_group,-0.653757275390798,14,0.34681159598968503,False,False,-0.653757275390798,-0.653757275390798
2669,Tm5a,0.3002484499506043,16.0,1,[1076],one_led_group,0.3002484499506043,16,0.0,True,True,0.3002484499506043,0.3002484499506043
2670,Tm5a,-0.03930629731244838,35.0,1,[1077],one_led_group,0.012161434551504228,40,0.05146773186395261,False,False,0.012161434551504228,0.012161434551504228
2671,Tm5a,-0.010429125187283358,9.0,1,[1078],one_led_group,0.06414831779463846,14,0.07457744298192182,False,False,0.06414831779463846,0.06414831779463846
2672,Tm5a,0.0088253322923995,16.0,1,[1081],one_led_group,0.008825332292399481,16,1.9081958235744878e-17,True,True,0.008825332292399481,0.008825332292399481
2673,Tm5a,0.13439160022024513,5.0,1,[1082],one_led_group,0.13439160022024507,5,5.551115123125783e-17,True,True,0.13439160022024507,0.13439160022024507
2674,Tm5a,0.18819359264676647,38.0,1,[1083],one_led_group,0.14739036408872772,43,0.04080322855803875,False,False,0.14739036408872772,0.14739036408872772
2675,Tm5a,0.4453193743572707,11.0,1,[1084],one_led_group,0.4453193743572708,11,1.1102230246251565e-16,True,True,0.4453193743572708,0.4453193743572708
2676,Tm5a,0.32548218067645884,8.0,1,[1085],one_led_group,0.32548218067645884,8,0.0,True,True,0.32548218067645884,0.32548218067645884
2677,Tm5a,-0.051705708152793205,14.0,1,[1086],one_led_group,-0.051705708152793246,14,4.163336342344337e-17,True,True,-0.051705708152793246,-0.051705708152793246
2678,Tm5a,1.5868181906783467,10.0,1,[1087],one_led_group,1.5868181906783463,10,4.440892098500626e-16,True,True,1.5868181906783463,1.5868181906783463
2679,Tm5a,0.6701087914535836,10.0,1,[1088],one_led_group,0.6701087914535837,10,1.1102230246251565e-16,True,True,0.6701087914535837,0.6701087914535837
2680,Tm5a,1.5687133595249425,50.0,1,[1089],one_led_group,1.1928158189076248,60,0.3758975406173177,False,False,1.1928158189076248,1.1928158189076248
2681,Tm5a,1.6277565222393287,50.0,1,[1090],one_led_group,1.2567730424433001,60,0.3709834797960285,False,False,1.2567730424433001,1.2567730424433001
2682,Tm5a,0.36558450257152525,12.0,1,[1091],one_led_group,0.3655845025715252,12,5.551115123125783e-17,True,True,0.3655845025715252,0.3655845025715252
2683,Tm5a,0.14605774221921872,14.0,1,[1092],one_led_group,0.14605774221921877,14,5.551115123125783e-17,True,True,0.14605774221921877,0.14605774221921877
2684,Tm5a,0.06801410817213589,5.0,1,[1093],one_led_group,0.06801410817213593,5,4.163336342344337e-17,True,True,0.06801410817213593,0.06801410817213593
2685,Tm5a,-0.7862892383143328,5.0,1,[1094],one_led_group,-0.7862892383143325,5,3.3306690738754696e-16,True,True,-0.7862892383143325,-0.7862892383143325
2686,Tm5a,0.3407389484335188,4.0,1,[1095],one_led_group,0.34073894843351876,4,5.551115123125783e-17,True,True,0.34073894843351876,0.34073894843351876
2687,Tm5a,0.6272595611186347,13.0,1,[1096],one_led_group,0.5259093568059081,14,0.10135020431272657,False,False,0.5259093568059081,0.5259093568059081
2688,Tm5a,1.3329168728629912,48.0,1,[1097],one_led_group,1.332916872862991,48,2.220446049250313e-16,True,True,1.332916872862991,1.332916872862991
2689,Tm5a,0.01988059812823154,5.0,1,[1098],one_led_group,0.019880598128231508,5,3.122502256758253e-17,True,True,0.019880598128231508,0.019880598128231508
2690,Tm5a,0.6824209696377536,60.0,1,[1100],one_led_group,0.5763613343548172,68,0.10605963528293638,False,False,0.5763613343548172,0.5763613343548172
2691,Tm5a,0.963595627455858,5.0,1,[1101],one_led_group,0.963595627455858,5,0.0,True,True,0.963595627455858,0.963595627455858
2692,Tm5a,-0.2069845876834552,14.0,1,[1102],one_led_group,-0.20698458768345512,14,8.326672684688674e-17,True,True,-0.20698458768345512,-0.20698458768345512
2693,Tm5a,0.24494854917114367,4.0,1,[1104],one_led_group,0.24664633853994622,6,0.0016977893688025492,False,False,0.24664633853994622,0.24664633853994622
2694,Tm5a,0.40862673208816963,13.0,1,[1105],one_led_group,0.4086267320881696,13,5.551115123125783e-17,True,True,0.4086267320881696,0.4086267320881696
2695,Tm5a,0.9467513532313002,5.0,1,[1106],one_led_group,0.9467513532313001,5,1.1102230246251565e-16,True,True,0.9467513532313001,0.9467513532313001
2696,Tm5a,1.8674304990996349,3.0,1,[1107],one_led_group,1.8674304990996344,3,4.440892098500626e-16,True,True,1.8674304990996344,1.8674304990996344
2697,Tm5a,0.1559021812453175,6.0,1,[1108],one_led_group,0.20054229238822316,9,0.04464011114290567,False,False,0.20054229238822316,0.20054229238822316
2698,Tm5a,-0.34380109526172076,1.0,1,[1109],one_led_group,-0.34380109526172065,1,1.1102230246251565e-16,True,True,-0.34380109526172065,-0.34380109526172065
2699,Tm5a,0.731510657447446,29.0,1,[1110],one_led_group,0.6115367996059934,32,0.11997385784145265,False,False,0.6115367996059934,0.6115367996059934
2700,Tm5a,0.22147486834697408,38.0,1,[1111],one_led_group,0.19012953715825393,43,0.031345331188720155,False,False,0.19012953715825393,0.19012953715825393
2701,Tm5a,0.19535797153045115,62.0,1,[1112],one_led_group,0.22215168974781113,69,0.026793718217359985,False,False,0.22215168974781113,0.22215168974781113
2702,Tm5a,-0.11816095269996758,9.0,1,[1114],one_led_group,-0.06915290041704733,14,0.04900805228292025,False,False,-0.06915290041704733,-0.06915290041704733
2703,Tm5a,-0.09652368637785168,20.0,1,[1115],one_led_group,-0.002540717602655664,24,0.09398296877519602,False,False,-0.002540717602655664,-0.002540717602655664
2704,Tm5a,-0.13840213781335878,7.0,1,[1116],one_led_group,-0.2064981483827437,8,0.06809601056938491,False,False,-0.2064981483827437,-0.2064981483827437
2705,Tm5a,-0.3020311736152124,14.0,1,[1117],one_led_group,-0.30203117361521237,14,5.551115123125783e-17,True,True,-0.30203117361521237,-0.30203117361521237
2706,Tm5a,0.7364572243724988,9.0,1,[1118],one_led_group,0.7364572243724986,9,2.220446049250313e-16,True,True,0.7364572243724986,0.7364572243724986
2707,Tm5a,1.474636997354385,16.0,1,[1119],one_led_group,1.4746369973543851,16,2.220446049250313e-16,True,True,1.4746369973543851,1.4746369973543851
2708,Tm5a,1.0185204761821602,23.0,1,[1120],one_led_group,1.0185204761821602,23,0.0,True,True,1.0185204761821602,1.0185204761821602
2709,Tm5a,1.51388097297051,9.0,1,[1121],one_led_group,1.5138809729705103,9,2.220446049250313e-16,True,True,1.5138809729705103,1.5138809729705103
2710,Tm5a,0.2503477806784578,13.0,1,[1123],one_led_group,0.2434945247381283,14,0.006853255940329511,False,False,0.2434945247381283,0.2434945247381283
2711,Tm5a,0.5408662444331869,5.0,1,[1124],one_led_group,0.5408662444331871,5,2.220446049250313e-16,True,True,0.5408662444331871,0.5408662444331871
2712,Tm5a,1.407494988132262,16.0,1,[1125],one_led_group,1.4074949881322623,16,2.220446049250313e-16,True,True,1.4074949881322623,1.4074949881322623
2713,Tm5a,1.5137196168939788,16.0,1,[1126],one_led_group,1.5137196168939788,16,0.0,True,True,1.5137196168939788,1.5137196168939788
2714,Tm5a,0.04209568183421446,3.0,1,[1127],one_led_group,0.04209568183421445,3,6.938893903907228e-18,True,True,0.04209568183421445,0.04209568183421445
2715,Tm5a,0.45222775745323907,9.0,1,[1128],one_led_group,0.4522277574532391,9,5.551115123125783e-17,True,True,0.4522277574532391,0.4522277574532391
2716,Tm5a,0.4329581157941543,3.0,1,[1129],one_led_group,0.43295811579415416,3,1.1102230246251565e-16,True,True,0.43295811579415416,0.43295811579415416
2717,Tm5a,0.1442246647846377,5.0,1,[1130],one_led_group,0.14422466478463775,5,5.551115123125783e-17,True,True,0.14422466478463775,0.14422466478463775
2718,Tm5a,-0.6750851789675906,1.0,1,[1131],one_led_group,-0.6750851789675902,1,3.3306690738754696e-16,True,True,-0.6750851789675902,-0.6750851789675902
2719,Tm5a,-0.7947899227436304,1.0,1,[1132],one_led_group,-0.7947899227436324,1,1.9984014443252818e-15,True,True,-0.7947899227436324,-0.7947899227436324
2720,Tm5a,-1.0418983862279316,1.0,1,[1133],one_led_group,-1.0418983862279316,1,0.0,True,True,-1.0418983862279316,-1.0418983862279316
2721,Tm5a,0.22289605944196583,4.0,1,[1134],one_led_group,0.22289605944196586,4,2.7755575615628914e-17,True,True,0.22289605944196586,0.22289605944196586
2722,Tm5a,0.46327539658488853,4.0,1,[1135],one_led_group,0.49737427488307,6,0.03409887829818148,False,False,0.49737427488307,0.49737427488307
2723,Tm5a,0.5735005661221871,5.0,1,[1136],one_led_group,0.5735005661221871,5,0.0,True,True,0.5735005661221871,0.5735005661221871
2724,Tm5a,-0.4064261261193948,3.0,1,[1138],one_led_group,-0.40642612611939494,3,1.1102230246251565e-16,True,True,-0.40642612611939494,-0.40642612611939494
2725,Tm5a,0.3861332482578548,16.0,1,[1139],one_led_group,0.38613324825785483,16,5.551115123125783e-17,True,True,0.38613324825785483,0.38613324825785483
2726,Tm5a,1.621070069764301,3.0,1,[1141],one_led_group,1.6210700697643012,3,2.220446049250313e-16,True,True,1.6210700697643012,1.6210700697643012
2727,Tm5a,0.1943999542306016,11.0,1,[1142],one_led_group,0.19439995423060158,11,2.7755575615628914e-17,True,True,0.19439995423060158,0.19439995423060158
2728,Tm5a,0.6459743317469574,5.0,1,[1143],one_led_group,0.6459743317469573,5,1.1102230246251565e-16,True,True,0.6459743317469573,0.6459743317469573
2729,Tm5a,1.1698375024664807,9.0,1,[1144],one_led_group,1.1698375024664807,9,0.0,True,True,1.1698375024664807,1.1698375024664807
2730,Tm5a,2.0361863453353983,1.0,1,[1145],one_led_group,2.0361863453353983,1,0.0,True,True,2.0361863453353983,2.0361863453353983
2731,Tm5a,1.085786879625689,17.0,1,[1146],one_led_group,1.085786879625689,17,0.0,True,True,1.085786879625689,1.085786879625689
2732,Tm5a,0.798979339759892,9.0,1,[1147],one_led_group,0.7989793397598919,9,1.1102230246251565e-16,True,True,0.7989793397598919,0.7989793397598919
2733,Tm5a,1.1338834654555832,3.0,1,[1148],one_led_group,0.3477577327944831,4,0.7861257326611001,False,False,0.3477577327944831,0.3477577327944831
2734,Tm5a,1.0747584085482391,2.0,1,[1149],one_led_group,1.0747584085482391,2,0.0,True,True,1.0747584085482391,1.0747584085482391
2735,Tm5a,1.0638325593769193,11.0,1,[1150],one_led_group,1.0638325593769193,11,0.0,True,True,1.0638325593769193,1.0638325593769193
2736,Tm5a,1.406688201419233,9.0,1,[1151],one_led_group,1.4066882014192332,9,2.220446049250313e-16,True,True,1.4066882014192332,1.4066882014192332
2737,Tm5a,0.84816958634409,18.0,1,[1152],one_led_group,0.8709204424922206,19,0.02275085614813055,False,False,0.8709204424922206,0.8709204424922206
2738,Tm5a,0.316511261505667,5.0,1,[1153],one_led_group,0.31651126150566705,5,5.551115123125783e-17,True,True,0.31651126150566705,0.31651126150566705
2739,Tm5a,1.2147057541764543,3.0,1,[1154],one_led_group,1.214705754176454,3,2.220446049250313e-16,True,True,1.214705754176454,1.214705754176454
2740,Tm5a,0.9478950828288272,9.0,1,[1155],one_led_group,0.9478950828288273,9,1.1102230246251565e-16,True,True,0.9478950828288273,0.9478950828288273
2741,Tm5a,0.7078481719082922,4.0,1,[1156],one_led_group,0.7078481719082922,4,0.0,True,True,0.7078481719082922,0.7078481719082922
2742,Tm5a,0.4290324160499874,51.0,1,[1157],one_led_group,0.4318549274615801,56,0.002822511411592732,False,False,0.4318549274615801,0.4318549274615801
2743,Tm5a,1.0052611844824175,2.0,1,[1158],one_led_group,1.0052611844824177,2,2.220446049250313e-16,True,True,1.0052611844824177,1.0052611844824177
2744,Tm5a,1.6817177604872833,4.0,1,[1159],one_led_group,1.2117523243142123,5,0.46996543617307096,False,False,1.2117523243142123,1.2117523243142123
2745,Tm5a,0.2677794673143636,62.0,1,[1160],one_led_group,0.2447322152518771,69,0.02304725206248648,False,False,0.2447322152518771,0.2447322152518771
2746,Tm5a,0.6381300122547594,21.0,1,[1161],one_led_group,0.6570972237751699,24,0.018967211520410476,False,False,0.6570972237751699,0.6570972237751699
2747,Tm5a,1.5993777367735167,12.0,1,[1162],one_led_group,1.262674104162508,14,0.33670363261100866,False,False,1.262674104162508,1.262674104162508
2748,Tm5a,0.6230887419694974,4.0,1,[1164],one_led_group,0.3582648634619419,5,0.26482387850755545,False,False,0.3582648634619419,0.3582648634619419
2749,Tm5a,-0.7723199464015629,7.0,1,[1165],one_led_group,-0.6571232784170348,8,0.1151966679845281,False,False,-0.6571232784170348,-0.6571232784170348
2750,Tm5a,0.33224709782771994,20.0,1,[1166],one_led_group,0.3077136962737938,24,0.024533401553926137,False,False,0.3077136962737938,0.3077136962737938
2751,Tm5a,0.1038247743868586,2.0,1,[1167],one_led_group,0.10382477438685844,2,1.5265566588595902e-16,True,True,0.10382477438685844,0.10382477438685844
2752,Tm5a,0.7546237044420209,33.0,1,[1168],one_led_group,0.6295234010310311,38,0.12510030341098977,False,False,0.6295234010310311,0.6295234010310311
2753,Tm5a,2.261683629380151,5.0,1,[1169],one_led_group,2.261683629380151,5,0.0,True,True,2.261683629380151,2.261683629380151
2754,Tm5a,1.4233663340942686,15.0,1,[1170],one_led_group,1.4233663340942686,15,0.0,True,True,1.4233663340942686,1.4233663340942686
2755,Tm5a,0.7569585403952599,1.0,1,[1171],one_led_group,0.7002700243473532,2,0.0566885160479067,False,False,0.7002700243473532,0.7002700243473532
2756,Tm5a,0.8407169272330748,30.0,1,[1172],one_led_group,0.7143241408780072,32,0.12639278635506757,False,False,0.7143241408780072,0.7143241408780072
2757,Tm5a,0.9102228755586784,61.0,1,[1173],one_led_group,0.8308460023711085,66,0.07937687318756992,False,False,0.8308460023711085,0.8308460023711085
2758,Tm5a,0.6280599432914086,4.0,1,[1174],one_led_group,0.6280599432914085,4,1.1102230246251565e-16,True,True,0.6280599432914085,0.6280599432914085
2759,Tm5a,0.8040868658929511,13.0,1,[1175],one_led_group,0.8040868658929512,13,1.1102230246251565e-16,True,True,0.8040868658929512,0.8040868658929512
2760,Tm5a,0.15276832677871544,3.0,1,[1176],one_led_group,0.0673564441936361,4,0.08541188258507934,False,False,0.0673564441936361,0.0673564441936361
2761,Tm5a,2.022507349874046,3.0,1,[1177],one_led_group,2.0225073498740453,3,4.440892098500626e-16,True,True,2.0225073498740453,2.0225073498740453
2762,Tm5a,0.45633021818799985,13.0,1,[1178],one_led_group,0.45633021818799985,13,0.0,True,True,0.45633021818799985,0.45633021818799985
2763,Tm5a,1.802441131358069,10.0,1,[1179],one_led_group,1.8024411313580693,10,2.220446049250313e-16,True,True,1.8024411313580693,1.8024411313580693
2764,Tm5a,0.9544505860779962,64.0,1,[1180],one_led_group,0.8026741895703507,74,0.1517763965076454,False,False,0.8026741895703507,0.8026741895703507
2765,Tm5a,1.7442243099736963,11.0,1,[1181],one_led_group,1.7442243099736965,11,2.220446049250313e-16,True,True,1.7442243099736965,1.7442243099736965
2766,Tm5a,1.3431948732720744,33.0,1,[1182],one_led_group,1.343194873272074,33,4.440892098500626e-16,True,True,1.343194873272074,1.343194873272074
2767,Tm5a,1.4580205196454636,4.0,1,[1183],one_led_group,1.4580205196454636,4,0.0,True,True,1.4580205196454636,1.4580205196454636
2768,Tm5a,2.2330119082177577,8.0,1,[1184],one_led_group,2.2330119082177577,8,0.0,True,True,2.2330119082177577,2.2330119082177577
2769,Tm5a,0.6532207827311878,5.0,1,[1185],one_led_group,0.2851988165329239,6,0.3680219661982639,False,False,0.2851988165329239,0.2851988165329239
2770,Tm5a,0.761357968481762,19.0,1,[1186],one_led_group,0.5291098666674686,22,0.23224810181429334,False,False,0.5291098666674686,0.5291098666674686
2771,Tm5a,0.6507538563657178,5.0,1,[1187],one_led_group,0.6507538563657177,5,1.1102230246251565e-16,True,True,0.6507538563657177,0.6507538563657177
2772,Tm5a,0.6595309986751045,11.0,1,[1188],one_led_group,0.6595309986751046,11,1.1102230246251565e-16,True,True,0.6595309986751046,0.6595309986751046
2773,Tm5a,0.47130515687407215,5.0,1,[1190],one_led_group,0.47130515687407215,5,0.0,True,True,0.47130515687407215,0.47130515687407215
2774,Tm5a,0.857674254723305,22.0,1,[1191],one_led_group,0.857674254723305,22,0.0,True,True,0.857674254723305,0.857674254723305
2775,Tm5a,1.2089454050323953,16.0,1,[1192],one_led_group,1.2089454050323953,16,0.0,True,True,1.2089454050323953,1.2089454050323953
2776,Tm5a,1.1191701937160565,1.0,1,[1193],one_led_group,0.4299215388205385,2,0.689248654895518,False,False,0.4299215388205385,0.4299215388205385
2777,Tm5a,-0.016996220233724345,12.0,1,[1194],one_led_group,-0.0509405354688378,14,0.03394431523511345,False,False,-0.0509405354688378,-0.0509405354688378
2778,Tm5a,1.8316927174659683,3.0,1,[1195],one_led_group,1.0363487732020826,4,0.7953439442638857,False,False,1.0363487732020826,1.0363487732020826
2779,Tm5a,0.3028345407844285,61.0,1,[1197],one_led_group,0.26181092178898563,69,0.04102361899544288,False,False,0.26181092178898563,0.26181092178898563
2780,Tm5a,-0.2616411595576581,3.0,1,[1198],one_led_group,-0.26164115955765804,3,5.551115123125783e-17,True,True,-0.26164115955765804,-0.26164115955765804
2781,Tm5a,0.7995158037874717,9.0,1,[1199],one_led_group,0.7995158037874716,9,1.1102230246251565e-16,True,True,0.7995158037874716,0.7995158037874716
2782,Tm5a,0.6214151067075467,24.0,1,[1200],one_led_group,0.45042509710936746,28,0.17099000959817928,False,False,0.45042509710936746,0.45042509710936746
2783,Tm5a,-0.9676393375162349,1.0,1,[1201],one_led_group,-0.9676393375162351,1,2.220446049250313e-16,True,True,-0.9676393375162351,-0.9676393375162351
2784,Tm5a,1.2869279294172498,9.0,1,[1202],one_led_group,1.2869279294172498,9,0.0,True,True,1.2869279294172498,1.2869279294172498
2785,Tm5a,1.0192060524238165,9.0,1,[1203],one_led_group,1.0192060524238162,9,2.220446049250313e-16,True,True,1.0192060524238162,1.0192060524238162
2786,Tm5a,1.4875069670655154,9.0,1,[1204],one_led_group,1.4875069670655148,9,6.661338147750939e-16,True,True,1.4875069670655148,1.4875069670655148
2787,Tm5a,0.5297353175457855,61.0,1,[1205],one_led_group,0.4735514564873345,69,0.05618386105845102,False,False,0.4735514564873345,0.4735514564873345
2788,Tm5a,0.9111437518149594,4.0,1,[1206],one_led_group,0.9111437518149594,4,0.0,True,True,0.9111437518149594,0.9111437518149594
2789,Tm5a,1.353410878365711,1.0,1,[1207],one_led_group,1.3534108783657128,1,1.7763568394002505e-15,True,True,1.3534108783657128,1.3534108783657128
2790,Tm5a,1.167498199770096,2.0,1,[1209],one_led_group,1.1674981997700962,2,2.220446049250313e-16,True,True,1.1674981997700962,1.1674981997700962
2791,Tm5a,1.7941377799910467,20.0,1,[1210],one_led_group,1.794137779991047,20,2.220446049250313e-16,True,True,1.794137779991047,1.794137779991047
2792,Tm5a,0.894267750695587,31.0,1,[1211],one_led_group,0.7593451940821067,34,0.1349225566134803,False,False,0.7593451940821067,0.7593451940821067
2793,Tm5a,1.4770805848640711,61.0,1,[1212],one_led_group,1.296497960130282,66,0.18058262473378917,False,False,1.296497960130282,1.296497960130282
2794,Tm5a,1.2679567477519618,3.0,1,[1213],one_led_group,1.2679567477519618,3,0.0,True,True,1.2679567477519618,1.2679567477519618
2795,Tm5a,1.6436371056314367,16.0,1,[1214],one_led_group,1.4894659897621376,17,0.1541711158692991,False,False,1.4894659897621376,1.4894659897621376
2796,Tm5a,0.8931399020135221,10.0,1,[1215],one_led_group,0.893139902013522,10,1.1102230246251565e-16,True,True,0.893139902013522,0.893139902013522
2797,Tm5a,1.2788819352769027,56.0,1,[1216],one_led_group,1.2492440722428977,59,0.029637863034005063,False,False,1.2492440722428977,1.2492440722428977
2798,Tm5a,0.3932572576022143,3.0,1,[1217],one_led_group,0.20827118898558605,4,0.18498606861662825,False,False,0.20827118898558605,0.20827118898558605
2799,Tm5a,0.3540155351308249,2.0,1,[1218],one_led_group,0.35401553513082495,2,5.551115123125783e-17,True,True,0.35401553513082495,0.35401553513082495
2800,Tm5a,1.1978575765479442,30.0,1,[1219],one_led_group,1.1978575765479442,30,0.0,True,True,1.1978575765479442,1.1978575765479442
2801,Tm5a,1.2638124654733838,15.0,1,[1220],one_led_group,1.2638124654733836,15,2.220446049250313e-16,True,True,1.2638124654733836,1.2638124654733836
2802,Tm5a,2.235205604788095,17.0,1,[1221],one_led_group,1.3998447815371269,22,0.8353608232509679,False,False,1.3998447815371269,1.3998447815371269
2803,Tm5a,1.009599294370252,11.0,1,[1222],one_led_group,0.8820643228493708,13,0.12753497152088134,False,False,0.8820643228493708,0.8820643228493708
2804,Tm5a,-0.08739736351949799,5.0,1,[1224],one_led_group,-0.08739736351949831,5,3.191891195797325e-16,True,True,-0.08739736351949831,-0.08739736351949831
2805,Tm5a,0.03665168528468511,1.0,1,[1225],one_led_group,0.03665168528468499,1,1.249000902703301e-16,True,True,0.03665168528468499,0.03665168528468499
2806,Tm5a,1.2700580827712942,12.0,1,[1226],one_led_group,0.821627894918886,16,0.4484301878524082,False,False,0.821627894918886,0.821627894918886
2807,Tm5a,0.6270110611499445,2.0,1,[1227],one_led_group,0.6270110611499446,2,1.1102230246251565e-16,True,True,0.6270110611499446,0.6270110611499446
2808,Tm5a,1.5650266913179023,9.0,1,[1228],one_led_group,1.5650266913179018,9,4.440892098500626e-16,True,True,1.5650266913179018,1.5650266913179018
2809,Tm5a,1.8777000235824777,17.0,1,[1229],one_led_group,1.8777000235824777,17,0.0,True,True,1.8777000235824777,1.8777000235824777
2810,Tm5a,1.7868622195189692,9.0,1,[1230],one_led_group,1.786862219518969,9,2.220446049250313e-16,True,True,1.786862219518969,1.786862219518969
2811,Tm5a,1.3236518837797746,4.0,1,[1231],one_led_group,1.3236518837797746,4,0.0,True,True,1.3236518837797746,1.3236518837797746
2812,Tm5a,0.949329532806545,3.0,1,[1232],one_led_group,0.9493295328065448,3,2.220446049250313e-16,True,True,0.9493295328065448,0.9493295328065448
2813,Tm5a,1.054869772620519,9.0,1,[1233],one_led_group,1.0548697726205192,9,2.220446049250313e-16,True,True,1.0548697726205192,1.0548697726205192
2814,Tm5a,1.610484828223665,18.0,1,[1234],one_led_group,1.203005565305664,23,0.4074792629180011,False,False,1.203005565305664,1.203005565305664
2815,Tm5a,1.9991909703634263,21.0,1,[1235],one_led_group,1.9991909703634267,21,4.440892098500626e-16,True,True,1.9991909703634267,1.9991909703634267
2816,Tm5a,1.628235350289319,17.0,1,[1236],one_led_group,1.2798127000395079,20,0.3484226502498111,False,False,1.2798127000395079,1.2798127000395079
2817,Tm5a,1.9527018929020554,3.0,1,[1237],one_led_group,1.952701892902055,3,4.440892098500626e-16,True,True,1.952701892902055,1.952701892902055
2818,Tm5a,1.7769524231070826,18.0,1,[1238],one_led_group,1.7769524231070821,18,4.440892098500626e-16,True,True,1.7769524231070821,1.7769524231070821
2819,Tm5a,0.9188096385618116,2.0,1,[1239],one_led_group,0.029002426418587968,3,0.8898072121432237,False,False,0.029002426418587968,0.029002426418587968
2820,Tm5a,1.8905483272753831,5.0,1,[1240],one_led_group,1.8905483272753834,5,2.220446049250313e-16,True,True,1.8905483272753834,1.8905483272753834
2821,Tm5a,1.496737181972632,14.0,1,[1241],one_led_group,1.4967371819726318,14,2.220446049250313e-16,True,True,1.4967371819726318,1.4967371819726318
2822,Tm5a,1.658540281234718,5.0,1,[1242],one_led_group,1.6585402812347183,5,2.220446049250313e-16,True,True,1.6585402812347183,1.6585402812347183
2823,Tm5a,1.788576045520729,5.0,1,[1244],one_led_group,1.788576045520729,5,0.0,True,True,1.788576045520729,1.788576045520729
2824,Tm5a,1.9405949356455265,19.0,1,[1245],one_led_group,1.3240258523980724,23,0.6165690832474542,False,False,1.3240258523980724,1.3240258523980724
2825,Tm5a,1.8160604846491175,32.0,1,[1246],one_led_group,1.7664466213761794,33,0.04961386327293815,False,False,1.7664466213761794,1.7664466213761794
2826,Tm5a,1.581196044583978,34.0,1,[1247],one_led_group,1.4849196728945895,36,0.09627637168938863,False,False,1.4849196728945895,1.4849196728945895
2827,Tm5a,1.221004333674682,13.0,1,[1248],one_led_group,1.2210043336746823,13,2.220446049250313e-16,True,True,1.2210043336746823,1.2210043336746823
2828,Tm5a,1.8711264527575777,6.0,1,[1249],one_led_group,1.5073424522009558,7,0.36378400055662197,False,False,1.5073424522009558,1.5073424522009558
2829,Tm5a,2.259023275338973,22.0,1,[1250],one_led_group,2.1600924334321827,23,0.09893084190679025,False,False,2.1600924334321827,2.1600924334321827
2830,Tm5a,1.5216784248790094,22.0,1,[1251],one_led_group,0.899630772382143,28,0.6220476524968664,False,False,0.899630772382143,0.899630772382143
2831,Tm5a,1.0777090704708316,24.0,1,[1252],one_led_group,0.9320754232367384,26,0.14563364723409322,False,False,0.9320754232367384,0.9320754232367384
2832,Tm5a,1.7847278987110295,15.0,1,[1253],one_led_group,1.78472789871103,15,4.440892098500626e-16,True,True,1.78472789871103,1.78472789871103
2833,Tm5a,0.18842795561034661,1.0,1,[1255],one_led_group,0.1884279556103463,1,3.0531133177191805e-16,True,True,0.1884279556103463,0.1884279556103463
2834,Tm5a,0.4928085025631092,4.0,1,[1256],one_led_group,0.4928085025631092,4,0.0,True,True,0.4928085025631092,0.4928085025631092
2835,Tm5a,1.6471667814815643,6.0,1,[1257],one_led_group,0.8972230926037622,9,0.749943688877802,False,False,0.8972230926037622,0.8972230926037622
2836,Tm5a,1.5487289173046153,21.0,1,[1258],one_led_group,1.1213553017635325,26,0.4273736155410828,False,False,1.1213553017635325,1.1213553017635325
2837,Tm5a,1.2823680902296597,8.0,1,[1259],one_led_group,1.2823680902296595,8,2.220446049250313e-16,True,True,1.2823680902296595,1.2823680902296595
2838,Tm5a,0.5918539472395309,9.0,1,[1260],one_led_group,0.591853947239531,9,1.1102230246251565e-16,True,True,0.591853947239531,0.591853947239531
2839,Tm5a,1.545890822160578,2.0,1,[1261],one_led_group,0.4517499918921019,4,1.094140830268476,False,False,0.4517499918921019,0.4517499918921019
2840,Tm5a,1.9451491883633938,51.0,1,[1262],one_led_group,1.8759195174099392,53,0.06922967095345456,False,False,1.8759195174099392,1.8759195174099392
2841,Tm5a,0.4511923107673833,3.0,1,[1263],one_led_group,0.20411234046138416,4,0.24707997030599915,False,False,0.20411234046138416,0.20411234046138416
2842,Tm5a,-0.3291693397208991,12.0,1,[1264],one_led_group,-0.2878600018809436,14,0.04130933783995555,False,False,-0.2878600018809436,-0.2878600018809436
2843,Tm5a,1.3488160455953453,53.0,1,[1265],one_led_group,1.2931660268225251,56,0.055650018772820165,False,False,1.2931660268225251,1.2931660268225251
2844,Tm5a,0.18995636342480657,16.0,1,[1267],one_led_group,0.21731869702747006,17,0.02736233360266349,False,False,0.21731869702747006,0.21731869702747006
2845,Tm5a,1.366281617552706,59.0,1,[1269],one_led_group,1.109682586773207,67,0.25659903077949897,False,False,1.109682586773207,1.109682586773207
2846,Tm5a,2.2149838192931455,2.0,1,[1270],one_led_group,2.2149838192931455,2,0.0,True,True,2.2149838192931455,2.2149838192931455
2847,Tm5a,2.3090686056175604,32.0,1,[1272],one_led_group,2.2302570453935657,33,0.07881156022399471,False,False,2.2302570453935657,2.2302570453935657
2848,Tm5a,1.2814022999719588,66.0,1,[1273],one_led_group,1.1836230779525068,71,0.097779222019452,False,False,1.1836230779525068,1.1836230779525068
2849,Tm5a,1.0139771489894545,16.0,1,[1274],one_led_group,0.8234261067963723,17,0.19055104219308217,False,False,0.8234261067963723,0.8234261067963723
2850,Tm5a,1.5647748707459286,9.0,1,[1275],one_led_group,1.5647748707459286,9,0.0,True,True,1.5647748707459286,1.5647748707459286
2851,Tm5a,1.5209557154939366,46.0,1,[1276],one_led_group,1.111284927033833,56,0.40967078846010363,False,False,1.111284927033833,1.111284927033833
2852,Tm5a,1.4889123312025245,19.0,1,[1277],one_led_group,1.1235220921093119,23,0.36539023909321267,False,False,1.1235220921093119,1.1235220921093119
2853,Tm5a,-0.3748305592452565,1.0,1,[1278],one_led_group,-0.3748305592452561,1,3.885780586188048e-16,True,True,-0.3748305592452561,-0.3748305592452561
2854,Tm5a,0.08313982299619253,9.0,1,[1280],one_led_group,0.08313982299619255,9,1.3877787807814457e-17,True,True,0.08313982299619255,0.08313982299619255
2855,Tm5a,0.33599882299147205,2.0,1,[1281],one_led_group,0.33599882299147205,2,0.0,True,True,0.33599882299147205,0.33599882299147205
2856,Tm5a,2.004554431785984,44.0,1,[1282],one_led_group,1.9749586334195615,45,0.029595798366422565,False,False,1.9749586334195615,1.9749586334195615
2857,Tm5a,1.3389304992001034,4.0,1,[1283],one_led_group,1.3389304992001037,4,2.220446049250313e-16,True,True,1.3389304992001037,1.3389304992001037
2858,Tm5a,1.9612495117437174,83.0,1,[1284],one_led_group,1.7147685991856045,92,0.24648091255811289,False,False,1.7147685991856045,1.7147685991856045
2859,Tm5a,1.5267440333051947,18.0,1,[1285],one_led_group,1.526744033305195,18,2.220446049250313e-16,True,True,1.526744033305195,1.526744033305195
2860,Tm5a,2.3020353119885373,22.0,1,[1286],one_led_group,1.8742564536702349,25,0.4277788583183024,False,False,1.8742564536702349,1.8742564536702349
2861,Tm5a,1.4342547603107505,23.0,1,[1287],one_led_group,1.0284787573408372,28,0.40577600296991334,False,False,1.0284787573408372,1.0284787573408372
2862,Tm5a,1.876691931839367,36.0,1,[1288],one_led_group,1.8766919318393671,36,2.220446049250313e-16,True,True,1.8766919318393671,1.8766919318393671
2863,Tm5a,0.881613708119348,1.0,1,[1289],one_led_group,0.881613708119348,1,0.0,True,True,0.881613708119348,0.881613708119348
2864,Tm5a,1.7810952460637548,9.0,1,[1292],one_led_group,1.7810952460637546,9,2.220446049250313e-16,True,True,1.7810952460637546,1.7810952460637546
2865,Tm5a,1.5141854333926992,12.0,1,[1293],one_led_group,0.8243243083265557,16,0.6898611250661435,False,False,0.8243243083265557,0.8243243083265557
2866,Tm5a,1.174835907539963,3.0,1,[1294],one_led_group,1.1748359075399633,3,2.220446049250313e-16,True,True,1.1748359075399633,1.1748359075399633
2867,Tm5a,2.126888688658834,5.0,1,[1295],one_led_group,2.126888688658833,5,8.881784197001252e-16,True,True,2.126888688658833,2.126888688658833
2868,Tm5a,1.5282028182251557,13.0,1,[1296],one_led_group,1.528202818225156,13,2.220446049250313e-16,True,True,1.528202818225156,1.528202818225156
2869,Tm5a,1.409431401727639,13.0,1,[1297],one_led_group,1.3386619416357892,14,0.07076946009184981,False,False,1.3386619416357892,1.3386619416357892
2870,Tm5a,1.5266785291263882,5.0,1,[1298],one_led_group,1.526678529126388,5,2.220446049250313e-16,True,True,1.526678529126388,1.526678529126388
2871,Tm5a,1.70944488119258,8.0,1,[1299],one_led_group,1.7094448811925802,8,2.220446049250313e-16,True,True,1.7094448811925802,1.7094448811925802
2872,Tm5a,3.059516144995064,8.0,1,[1300],one_led_group,3.059516144995064,8,0.0,True,True,3.059516144995064,3.059516144995064
2873,Tm5a,1.846733261211846,5.0,1,[1301],one_led_group,1.8467332612118466,5,6.661338147750939e-16,True,True,1.8467332612118466,1.8467332612118466
2874,Tm5a,1.8725297769248483,9.0,1,[1302],one_led_group,1.8725297769248483,9,0.0,True,True,1.8725297769248483,1.8725297769248483
2875,Tm5a,1.9640234339382758,7.0,1,[1303],one_led_group,1.7952626504916425,8,0.16876078344663337,False,False,1.7952626504916425,1.7952626504916425
2876,Tm5a,3.122637084597275,5.0,1,[1304],one_led_group,3.122637084597275,5,0.0,True,True,3.122637084597275,3.122637084597275
2877,Tm5a,1.898164489300241,43.0,1,[1305],one_led_group,1.4066973238379623,50,0.49146716546227864,False,False,1.4066973238379623,1.4066973238379623
2878,Tm5a,1.3898442907794781,24.0,1,[1307],one_led_group,1.1985295228551391,26,0.191314767924339,False,False,1.1985295228551391,1.1985295228551391
2879,Tm5a,2.5351935449109475,5.0,1,[1308],one_led_group,1.6223930836139946,7,0.9128004612969529,False,False,1.6223930836139946,1.6223930836139946
2880,Tm5a,1.8485300666153937,81.0,1,[1309],one_led_group,1.6062088900170242,89,0.2423211765983695,False,False,1.6062088900170242,1.6062088900170242
2881,Tm5a,1.4034700630811554,9.0,1,[1310],one_led_group,1.4034700630811554,9,0.0,True,True,1.4034700630811554,1.4034700630811554
2882,Tm5a,2.16096908833472,14.0,1,[1311],one_led_group,1.2199872125469566,18,0.9409818757877635,False,False,1.2199872125469566,1.2199872125469566
2883,Tm5a,1.2265603107294767,20.0,1,[1313],one_led_group,0.8359467079123609,24,0.39061360281711577,False,False,0.8359467079123609,0.8359467079123609
2884,Tm5a,0.9855618141968394,13.0,1,[1314],one_led_group,1.075100135997448,14,0.0895383218006085,False,False,1.075100135997448,1.075100135997448
2885,Tm5a,2.272324468094831,16.0,1,[1315],one_led_group,2.1952659996697563,17,0.0770584684250748,False,False,2.1952659996697563,2.1952659996697563
2886,Tm5a,1.7325194368149253,29.0,1,[1316],one_led_group,1.40897032052781,33,0.32354911628711536,False,False,1.40897032052781,1.40897032052781
2887,Tm5b,0.051732237675342,19.0,1,[1317],one_led_group,0.05173223767534198,19,2.0816681711721685e-17,True,True,0.05173223767534198,0.05173223767534198
2888,Tm5b,0.24307780030858034,4.0,1,[1318],one_led_group,0.19760558641655235,5,0.04547221389202799,False,False,0.19760558641655235,0.19760558641655235
2889,Tm5b,0.5940583216528647,2.0,1,[1319],one_led_group,0.594058321652865,2,3.3306690738754696e-16,True,True,0.594058321652865,0.594058321652865
2890,Tm5b,0.20879501798633843,50.0,1,[1320],one_led_group,0.2087950179863384,50,2.7755575615628914e-17,True,True,0.2087950179863384,0.2087950179863384
2891,Tm5b,-0.013029268482044434,8.0,1,[1321],one_led_group,-0.041677505837036444,11,0.028648237354992008,False,False,-0.041677505837036444,-0.041677505837036444
2892,Tm5b,0.472060997690653,34.0,1,[1322],one_led_group,0.42810624797204666,39,0.043954749718606356,False,False,0.42810624797204666,0.42810624797204666
2893,Tm5b,0.16951867440250498,13.0,1,[1323],one_led_group,0.5011101471674939,19,0.3315914727649889,False,False,0.5011101471674939,0.5011101471674939
2894,Tm5b,1.0017978219064958,17.0,1,[1324],one_led_group,1.0017978219064958,17,0.0,True,True,1.0017978219064958,1.0017978219064958
2895,Tm5b,-0.31265451455662063,7.0,1,[1325],one_led_group,0.08894429806011488,17,0.4015988126167355,False,False,0.08894429806011488,0.08894429806011488
2896,Tm5b,2.38114760212634,4.0,1,[1326],one_led_group,1.703622985506882,5,0.6775246166194577,False,False,1.703622985506882,1.703622985506882
2897,Tm5b,2.197329729416188,19.0,1,[1327],one_led_group,2.1973297294161886,19,4.440892098500626e-16,True,True,2.1973297294161886,2.1973297294161886
2898,Tm5b,0.16656187052457963,8.0,1,[1328],one_led_group,0.1200385767561559,11,0.046523293768423735,False,False,0.1200385767561559,0.1200385767561559
2899,Tm5b,1.2714563822604086,13.0,1,[1329],one_led_group,0.27151492780615805,25,0.9999414544542505,False,False,0.27151492780615805,0.27151492780615805
2900,Tm5b,-2.3101720209146386,1.0,1,[1330],one_led_group,-0.5623295462279605,2,1.747842474686678,False,False,-0.5623295462279605,-0.5623295462279605
2901,Tm5b,1.2810151478976908,13.0,1,[1331],one_led_group,0.9135191864741407,24,0.3674959614235501,False,False,0.9135191864741407,0.9135191864741407
2902,Tm5b,-0.2078086699358919,1.0,1,[1332],one_led_group,-0.2078086699358921,1,1.942890293094024e-16,True,True,-0.2078086699358921,-0.2078086699358921
2903,Tm5b,0.6487022711597892,9.0,1,[1333],one_led_group,0.6659062044355686,10,0.017203933275779404,False,False,0.6659062044355686,0.6659062044355686
2904,Tm5b,2.163431613150336,3.0,1,[1334],one_led_group,1.6398763116212878,4,0.5235553015290482,False,False,1.6398763116212878,1.6398763116212878
2905,Tm5b,1.6324584211214594,2.0,1,[1335],one_led_group,1.3470499149745716,3,0.28540850614688784,False,False,1.3470499149745716,1.3470499149745716
2906,Tm5b,-1.533753047797255,7.0,1,[1336],one_led_group,0.2742048851238053,17,1.8079579329210602,False,False,0.2742048851238053,0.2742048851238053
2907,Tm5b,2.114919659811627,5.0,1,[1337],one_led_group,2.114919659811626,5,8.881784197001252e-16,True,True,2.114919659811626,2.114919659811626
2908,Tm5b,0.43824883596788383,69.0,1,[1338],one_led_group,0.43824883596788383,69,0.0,True,True,0.43824883596788383,0.43824883596788383
2909,Tm5b,0.8867783823108292,8.0,1,[1339],one_led_group,0.4331880219219201,11,0.4535903603889091,False,False,0.4331880219219201,0.4331880219219201
2910,Tm5b,0.7492795401545214,1.0,1,[1340],one_led_group,0.7492795401545211,1,2.220446049250313e-16,True,True,0.7492795401545211,0.7492795401545211
2911,Tm5b,0.41892224251692217,35.0,1,[1341],one_led_group,0.2569142535166333,38,0.1620079890002889,False,False,0.2569142535166333,0.2569142535166333
2912,Tm5b,0.5606678575409949,10.0,1,[1342],one_led_group,0.560667857540995,10,1.1102230246251565e-16,True,True,0.560667857540995,0.560667857540995
2913,Tm5b,0.9753734191473598,32.0,1,[1343],one_led_group,0.8637544029274197,35,0.11161901621994008,False,False,0.8637544029274197,0.8637544029274197
2914,Tm5b,-0.564149745912671,9.0,1,[1344],one_led_group,0.04390342560346306,19,0.608053171516134,False,False,0.04390342560346306,0.04390342560346306
2915,Tm5b,0.41396832743264167,9.0,1,[1345],one_led_group,0.3103979189565094,10,0.10357040847613225,False,False,0.3103979189565094,0.3103979189565094
2916,Tm5b,0.756455000779954,16.0,1,[1346],one_led_group,0.5048387752613694,27,0.25161622551858454,False,False,0.5048387752613694,0.5048387752613694
2917,Tm5b,0.6065601296113167,9.0,1,[1347],one_led_group,0.4297088388673586,10,0.17685129074395806,False,False,0.4297088388673586,0.4297088388673586
2918,Tm5b,0.19072757041939994,33.0,1,[1348],one_led_group,0.19072757041939997,33,2.7755575615628914e-17,True,True,0.19072757041939997,0.19072757041939997
2919,Tm5b,0.3076931057983785,49.0,1,[1349],one_led_group,0.30769310579837855,49,5.551115123125783e-17,True,True,0.30769310579837855,0.30769310579837855
2920,Tm5b,0.6585415614457074,2.0,1,[1350],one_led_group,0.46221830615323684,3,0.19632325529247058,False,False,0.46221830615323684,0.46221830615323684
2921,Tm5b,0.49253752227264896,58.0,1,[1351],one_led_group,0.4652995123391549,63,0.027238009933494067,False,False,0.4652995123391549,0.4652995123391549
2922,Tm5b,2.1160393248727334,41.0,1,[1352],one_led_group,2.1160393248727334,41,0.0,True,True,2.1160393248727334,2.1160393248727334
2923,Tm5b,1.3460154264686663,1.0,1,[1353],one_led_group,1.3460154264686666,1,2.220446049250313e-16,True,True,1.3460154264686666,1.3460154264686666
2924,Tm5b,-0.38825197199439404,2.0,1,[1354],one_led_group,-0.19587777385158003,3,0.192374198142814,False,False,-0.19587777385158003,-0.19587777385158003
2925,Tm5b,1.0065963564256233,1.0,1,[1355],one_led_group,1.0065963564256228,1,4.440892098500626e-16,True,True,1.0065963564256228,1.0065963564256228
2926,Tm5b,0.31001735182575846,9.0,1,[1356],one_led_group,0.31001735182575857,9,1.1102230246251565e-16,True,True,0.31001735182575857,0.31001735182575857
2927,Tm5b,-0.02644674669153285,19.0,1,[1357],one_led_group,-0.02644674669153285,19,0.0,True,True,-0.02644674669153285,-0.02644674669153285
2928,Tm5b,-0.21678838541575293,3.0,1,[1358],one_led_group,-0.05899626245407026,5,0.15779212296168266,False,False,-0.05899626245407026,-0.05899626245407026
2929,Tm5b,2.563750279701164,7.0,1,[1359],one_led_group,2.5637502797011638,7,4.440892098500626e-16,True,True,2.5637502797011638,2.5637502797011638
2930,Tm5b,0.2050017571199955,1.0,1,[1360],one_led_group,-0.1797674119521883,4,0.3847691690721838,False,False,-0.1797674119521883,-0.1797674119521883
2931,Tm5b,0.8080124988541557,32.0,1,[1361],one_led_group,0.7680075871223815,35,0.04000491173177423,False,False,0.7680075871223815,0.7680075871223815
2932,Tm5b,0.33190095128434177,3.0,1,[1362],one_led_group,0.3319009512843418,3,5.551115123125783e-17,True,True,0.3319009512843418,0.3319009512843418
2933,Tm5b,0.03764573832292662,14.0,1,[1363],one_led_group,-0.017939465881479665,19,0.05558520420440628,False,False,-0.017939465881479665,-0.017939465881479665
2934,Tm5b,0.14569703492987587,4.0,1,[1364],one_led_group,0.14569703492987585,4,2.7755575615628914e-17,True,True,0.14569703492987585,0.14569703492987585
2935,Tm5b,-0.008469696297932561,9.0,1,[1365],one_led_group,-0.05857537481509719,10,0.05010567851716463,False,False,-0.05857537481509719,-0.05857537481509719
2936,Tm5b,0.6144436389645627,14.0,1,[1366],one_led_group,0.4086549464172111,19,0.20578869254735155,False,False,0.4086549464172111,0.4086549464172111
2937,Tm5b,2.902144078507622,9.0,1,[1367],one_led_group,2.4611482411303576,10,0.44099583737726444,False,False,2.4611482411303576,2.4611482411303576
2938,Tm5b,3.215570931510649,9.0,1,[1368],one_led_group,3.2155709315106495,9,4.440892098500626e-16,True,True,3.2155709315106495,3.2155709315106495
2939,Tm5b,1.36544054620518,41.0,1,[1370],one_led_group,1.1100628480590096,46,0.2553776981461704,False,False,1.1100628480590096,1.1100628480590096
2940,Tm5b,0.062380305173154356,59.0,1,[1371],one_led_group,0.062380305173154356,59,0.0,True,True,0.062380305173154356,0.062380305173154356
2941,Tm5b,1.7879562634040387,1.0,1,[1372],one_led_group,1.7879562634040385,1,2.220446049250313e-16,True,True,1.7879562634040385,1.7879562634040385
2942,Tm5b,1.1136233783261167,32.0,1,[1373],one_led_group,0.9557331832513281,37,0.15789019507478863,False,False,0.9557331832513281,0.9557331832513281
2943,Tm5b,1.0451830999968248,15.0,1,[1374],one_led_group,0.7146599528391869,20,0.33052314715763786,False,False,0.7146599528391869,0.7146599528391869
2944,Tm5b,0.6287241478469532,12.0,1,[1375],one_led_group,-0.09056063029342427,23,0.7192847781403775,False,False,-0.09056063029342427,-0.09056063029342427
2945,Tm5b,3.060739379441467,33.0,1,[1376],one_led_group,3.060739379441467,33,0.0,True,True,3.060739379441467,3.060739379441467
2946,Tm5b,2.8577923130213567,9.0,1,[1377],one_led_group,2.8577923130213567,9,0.0,True,True,2.8577923130213567,2.8577923130213567
2947,Tm5b,2.5999424282911545,26.0,1,[1378],one_led_group,2.5999424282911545,26,0.0,True,True,2.5999424282911545,2.5999424282911545
2948,Tm5b,1.4456174347948056,1.0,1,[1379],one_led_group,1.4456174347948052,1,4.440892098500626e-16,True,True,1.4456174347948052,1.4456174347948052
2949,Tm5b,1.7829063304005126,28.0,1,[1380],one_led_group,1.4389492496301641,34,0.3439570807703485,False,False,1.4389492496301641,1.4389492496301641
2950,Tm5b,2.36939738027045,40.0,1,[1381],one_led_group,2.2517205305980816,42,0.11767684967236836,False,False,2.2517205305980816,2.2517205305980816
2951,Tm5b,1.97308474164632,5.0,1,[1382],one_led_group,1.7524366411222543,6,0.2206481005240657,False,False,1.7524366411222543,1.7524366411222543
2952,Tm5b,0.9917586472648791,5.0,1,[1383],one_led_group,0.991758647264879,5,1.1102230246251565e-16,True,True,0.991758647264879,0.991758647264879
2953,Tm5b,3.98876355067943,23.0,1,[1384],one_led_group,3.98876355067943,23,0.0,True,True,3.98876355067943,3.98876355067943
2954,Tm5b,0.8428237133072434,49.0,1,[1385],one_led_group,0.8428237133072433,49,1.1102230246251565e-16,True,True,0.8428237133072433,0.8428237133072433
2955,Tm5b,0.8093942586219732,2.0,1,[1386],one_led_group,0.5959254516330773,3,0.21346880698889592,False,False,0.5959254516330773,0.5959254516330773
2956,Tm5b,0.5707702370741418,1.0,1,[1387],one_led_group,0.5707702370741415,1,2.220446049250313e-16,True,True,0.5707702370741415,0.5707702370741415
2957,Tm5b,2.7977743984477934,17.0,1,[1388],one_led_group,2.797774398447794,17,4.440892098500626e-16,True,True,2.797774398447794,2.797774398447794
2958,Tm5b,1.5657647893874727,26.0,1,[1389],one_led_group,1.3281048495794232,29,0.23765993980804945,False,False,1.3281048495794232,1.3281048495794232
2959,Tm5b,0.23945142381249718,4.0,1,[1390],one_led_group,0.11704818470092783,9,0.12240323911156935,False,False,0.11704818470092783,0.11704818470092783
2960,Tm5b,1.0530691186898313,1.0,1,[1393],one_led_group,1.0530691186898316,1,2.220446049250313e-16,True,True,1.0530691186898316,1.0530691186898316
2961,Tm5b,0.6487280697847216,6.0,1,[1394],one_led_group,0.7474269188160377,8,0.0986988490313161,False,False,0.7474269188160377,0.7474269188160377
2962,Tm5b,0.19869559070713877,4.0,1,[1395],one_led_group,0.19869559070713871,4,5.551115123125783e-17,True,True,0.19869559070713871,0.19869559070713871
2963,Tm5b,0.301615103980074,9.0,1,[1396],one_led_group,0.11101758472072928,10,0.19059751925934473,False,False,0.11101758472072928,0.11101758472072928
2964,Tm5b,0.006442774367218589,23.0,1,[1397],one_led_group,0.006442774367218574,23,1.474514954580286e-17,True,True,0.006442774367218574,0.006442774367218574
2965,Tm5b,2.1712801196114233,19.0,1,[1398],one_led_group,2.1712801196114233,19,0.0,True,True,2.1712801196114233,2.1712801196114233
2966,Tm5b,2.404991087023316,41.0,1,[1399],one_led_group,2.404991087023316,41,0.0,True,True,2.404991087023316,2.404991087023316
2967,Tm5b,1.3239420451352153,8.0,1,[1400],one_led_group,0.7993488867132602,11,0.5245931584219551,False,False,0.7993488867132602,0.7993488867132602
2968,Tm5b,0.6141799249418048,1.0,1,[1401],one_led_group,0.614179924941805,1,1.1102230246251565e-16,True,True,0.614179924941805,0.614179924941805
2969,Tm5b,1.1574347146669055,32.0,1,[1402],one_led_group,1.016773551261424,35,0.14066116340548152,False,False,1.016773551261424,1.016773551261424
2970,Tm5b,1.7007687767650204,7.0,1,[1404],one_led_group,-0.06843414161435808,17,1.7692029183793785,False,False,-0.06843414161435808,-0.06843414161435808
2971,Tm5b,1.2495524264383866,12.0,1,[1405],one_led_group,0.8183745608421034,18,0.43117786559628324,False,False,0.8183745608421034,0.8183745608421034
2972,Tm5b,-0.05707115578517141,26.0,1,[1406],one_led_group,-0.057071155785171426,26,1.3877787807814457e-17,True,True,-0.057071155785171426,-0.057071155785171426
2973,Tm5b,0.07291131147070774,15.0,1,[1407],one_led_group,0.07291131147070776,15,1.3877787807814457e-17,True,True,0.07291131147070776,0.07291131147070776
2974,Tm5b,0.9453304896753443,1.0,1,[1408],one_led_group,0.9453304896753442,1,1.1102230246251565e-16,True,True,0.9453304896753442,0.9453304896753442
2975,Tm5b,1.4972505820807782,33.0,1,[1409],one_led_group,1.497250582080778,33,2.220446049250313e-16,True,True,1.497250582080778,1.497250582080778
2976,Tm5b,2.3282353350083747,49.0,1,[1410],one_led_group,2.328235335008374,49,4.440892098500626e-16,True,True,2.328235335008374,2.328235335008374
2977,Tm5b,1.3779738619230038,64.0,1,[1411],one_led_group,1.3050612991556327,68,0.07291256276737101,False,False,1.3050612991556327,1.3050612991556327
2978,Tm5b,0.5344061853909907,1.0,1,[1412],one_led_group,0.5344061853909907,1,0.0,True,True,0.5344061853909907,0.5344061853909907
2979,Tm5b,0.49825182835169884,3.0,1,[1413],one_led_group,0.49825182835169873,3,1.1102230246251565e-16,True,True,0.49825182835169873,0.49825182835169873
2980,Tm5b,0.45039301022679645,46.0,1,[1414],one_led_group,0.37099289135331104,50,0.07940011887348541,False,False,0.37099289135331104,0.37099289135331104
2981,Tm5b,-0.5730474454372567,4.0,1,[1415],one_led_group,-0.5730474454372566,4,1.1102230246251565e-16,True,True,-0.5730474454372566,-0.5730474454372566
2982,Tm5b,0.3024268230921299,49.0,1,[1416],one_led_group,0.3024268230921299,49,0.0,True,True,0.3024268230921299,0.3024268230921299
2983,Tm5b,0.49570144871313465,30.0,1,[1417],one_led_group,0.4014774525190623,33,0.09422399619407235,False,False,0.4014774525190623,0.4014774525190623
2984,Tm5b,-1.5191840374794483,1.0,1,[1418],one_led_group,-1.519184037479448,1,2.220446049250313e-16,True,True,-1.519184037479448,-1.519184037479448
2985,Tm5b,0.003609062788446124,3.0,1,[1419],one_led_group,0.0036090627884461934,3,6.938893903907228e-17,True,True,0.0036090627884461934,0.0036090627884461934
2986,Tm5b,2.30034700939736,26.0,1,[1420],one_led_group,2.30034700939736,26,0.0,True,True,2.30034700939736,2.30034700939736
2987,Tm5b,2.292425763294149,33.0,1,[1421],one_led_group,2.2924257632941494,33,4.440892098500626e-16,True,True,2.2924257632941494,2.2924257632941494
2988,Tm5b,2.0686524750179704,5.0,1,[1422],one_led_group,2.157571347358634,6,0.08891887234066376,False,False,2.157571347358634,2.157571347358634
2989,Tm5b,2.165014887129576,15.0,1,[1423],one_led_group,2.1650148871295767,15,8.881784197001252e-16,True,True,2.1650148871295767,2.1650148871295767
2990,Tm5b,0.6703399576954636,1.0,1,[1424],one_led_group,0.6703399576954638,1,2.220446049250313e-16,True,True,0.6703399576954638,0.6703399576954638
2991,Tm5b,2.8260694683021095,3.0,1,[1425],one_led_group,2.82606946830211,3,4.440892098500626e-16,True,True,2.82606946830211,2.82606946830211
2992,Tm5b,1.5955512453961376,17.0,1,[1426],one_led_group,1.595551245396138,17,4.440892098500626e-16,True,True,1.595551245396138,1.595551245396138
2993,Tm5b,-0.25145216736801734,12.0,1,[1427],one_led_group,-0.2306950843082097,17,0.02075708305980764,False,False,-0.2306950843082097,-0.2306950843082097
2994,Tm5b,0.020118618199426792,75.0,1,[1428],one_led_group,0.020118618199426796,75,3.469446951953614e-18,True,True,0.020118618199426796,0.020118618199426796
2995,Tm5b,0.4185867009433684,27.0,1,[1429],one_led_group,0.06692765252973294,39,0.3516590484136355,False,False,0.06692765252973294,0.06692765252973294
2996,Tm5b,0.23142475204342294,46.0,1,[1430],one_led_group,0.2253115186566063,49,0.00611323338681663,False,False,0.2253115186566063,0.2253115186566063
2997,Tm5b,1.3266385528274613,8.0,1,[1431],one_led_group,0.9019088708892782,11,0.42472968193818317,False,False,0.9019088708892782,0.9019088708892782
2998,Tm5b,0.0884250221651451,2.0,1,[1432],one_led_group,-0.05099792265087213,3,0.13942294481601722,False,False,-0.05099792265087213,-0.05099792265087213
2999,Tm5b,0.2673842872026661,16.0,1,[1433],one_led_group,0.05954781320879975,22,0.20783647399386634,False,False,0.05954781320879975,0.05954781320879975
3000,Tm5b,0.2856585488742001,9.0,1,[1434],one_led_group,0.1966715242691585,10,0.08898702460504163,False,False,0.1966715242691585,0.1966715242691585
3001,Tm5b,0.07387309173095628,28.0,1,[1435],one_led_group,0.07387309173095631,28,2.7755575615628914e-17,True,True,0.07387309173095631,0.07387309173095631
3002,Tm5b,0.1750790080274624,1.0,1,[1436],one_led_group,0.17507900802746224,1,1.6653345369377348e-16,True,True,0.17507900802746224,0.17507900802746224
3003,Tm5b,0.25247755729672977,39.0,1,[1437],one_led_group,0.17247022936386747,47,0.0800073279328623,False,False,0.17247022936386747,0.17247022936386747
3004,Tm5b,-0.08551177395397945,8.0,1,[1438],one_led_group,-0.11008430779685258,13,0.024572533842873126,False,False,-0.11008430779685258,-0.11008430779685258
3005,Tm5b,-0.2082544949572546,41.0,1,[1439],one_led_group,-0.20825449495725454,41,5.551115123125783e-17,True,True,-0.20825449495725454,-0.20825449495725454
3006,Tm5b,1.2603361379771651,1.0,1,[1440],one_led_group,1.260336137977165,1,2.220446049250313e-16,True,True,1.260336137977165,1.260336137977165
3007,Tm5b,0.6239006277023594,9.0,1,[1441],one_led_group,0.6239006277023594,9,0.0,True,True,0.6239006277023594,0.6239006277023594
3008,Tm5b,0.26129126622525467,50.0,1,[1442],one_led_group,0.26129126622525467,50,0.0,True,True,0.26129126622525467,0.26129126622525467
3009,Tm5b,0.6090065999933498,41.0,1,[1443],one_led_group,0.6090065999933498,41,0.0,True,True,0.6090065999933498,0.6090065999933498
3010,Tm5b,0.09592275795930996,9.0,1,[1444],one_led_group,0.09592275795931002,9,5.551115123125783e-17,True,True,0.09592275795931002,0.09592275795931002
3011,Tm5b,-0.1187720320917641,1.0,1,[1445],one_led_group,-0.11877203209176401,1,8.326672684688674e-17,True,True,-0.11877203209176401,-0.11877203209176401
3012,Tm5b,0.16866374995511232,1.0,1,[1446],one_led_group,0.16866374995511224,1,8.326672684688674e-17,True,True,0.16866374995511224,0.16866374995511224
3013,Tm5b,0.019950219531533937,7.0,1,[1447],one_led_group,0.39669229780276266,12,0.37674207827122874,False,False,0.39669229780276266,0.39669229780276266
3014,Tm5b,-0.18217411568201922,7.0,1,[1448],one_led_group,-0.16287097677515222,12,0.019303138906866996,False,False,-0.16287097677515222,-0.16287097677515222
3015,Tm5b,0.709277770437109,4.0,1,[1449],one_led_group,0.7092777704371092,4,1.1102230246251565e-16,True,True,0.7092777704371092,0.7092777704371092
3016,Tm5b,0.4493270048963896,4.0,1,[1450],one_led_group,0.44932700489638966,4,5.551115123125783e-17,True,True,0.44932700489638966,0.44932700489638966
3017,Tm5b,1.2988731741804063,1.0,1,[1451],one_led_group,1.2988731741804067,1,4.440892098500626e-16,True,True,1.2988731741804067,1.2988731741804067
3018,Tm5b,1.0104507400589695,1.0,1,[1452],one_led_group,1.0104507400589695,1,0.0,True,True,1.0104507400589695,1.0104507400589695
3019,Tm5b,0.49191460393559494,5.0,1,[1453],one_led_group,0.4629836656187041,6,0.028930938316890864,False,False,0.4629836656187041,0.4629836656187041
3020,Tm5b,0.14890818767579952,5.0,1,[1454],one_led_group,-0.07214852811372709,6,0.22105671578952663,False,False,-0.07214852811372709,-0.07214852811372709
3021,Tm5b,-0.16670422609833296,4.0,1,[1455],one_led_group,-0.028761388392556063,5,0.1379428377057769,False,False,-0.028761388392556063,-0.028761388392556063
3022,Tm5b,0.2519390448847813,9.0,1,[1456],one_led_group,0.2565020954258033,10,0.004563050541022018,False,False,0.2565020954258033,0.2565020954258033
3023,Tm5b,0.28394769829026434,9.0,1,[1457],one_led_group,0.16217277878429334,10,0.121774919505971,False,False,0.16217277878429334,0.16217277878429334
3024,Tm5b,0.6515279689696768,14.0,1,[1458],one_led_group,0.3928390359427022,25,0.2586889330269746,False,False,0.3928390359427022,0.3928390359427022
3025,Tm5b,0.6744298013307574,14.0,1,[1459],one_led_group,0.19065071975683673,25,0.48377908157392063,False,False,0.19065071975683673,0.19065071975683673
3026,Tm5b,-0.021094914036421157,19.0,1,[1460],one_led_group,-0.021094914036421174,19,1.734723475976807e-17,True,True,-0.021094914036421174,-0.021094914036421174
3027,Tm5b,-0.855388013569972,2.0,1,[1461],one_led_group,-0.8553880135699719,2,1.1102230246251565e-16,True,True,-0.8553880135699719,-0.8553880135699719
3028,Tm5b,0.07833350108706691,11.0,1,[1462],one_led_group,0.2037599847415044,22,0.12542648365443748,False,False,0.2037599847415044,0.2037599847415044
3029,Tm5b,0.34415830235252365,50.0,1,[1463],one_led_group,0.3441583023525236,50,5.551115123125783e-17,True,True,0.3441583023525236,0.3441583023525236
3030,Tm5b,1.7445148719508439,8.0,1,[1464],one_led_group,1.4783944529760007,11,0.2661204189748432,False,False,1.4783944529760007,1.4783944529760007
3031,Tm5b,-0.15267200033241118,34.0,1,[1465],one_led_group,-0.06746014129538008,39,0.0852118590370311,False,False,-0.06746014129538008,-0.06746014129538008
3032,Tm5b,0.13808167245987565,13.0,1,[1466],one_led_group,0.45925967612293056,19,0.32117800366305493,False,False,0.45925967612293056,0.45925967612293056
3033,Tm5b,1.1446378793934784,8.0,1,[1467],one_led_group,0.9125067998867074,11,0.23213107950677103,False,False,0.9125067998867074,0.9125067998867074
3034,Tm5b,2.1928598039464484,19.0,1,[1468],one_led_group,2.192859803946449,19,4.440892098500626e-16,True,True,2.192859803946449,2.192859803946449
3035,Tm5b,0.06140383034976652,14.0,1,[1469],one_led_group,0.18820569413426982,27,0.1268018637845033,False,False,0.18820569413426982,0.18820569413426982
3036,Tm5b,0.8887949375063882,4.0,1,[1470],one_led_group,0.8887949375063882,4,0.0,True,True,0.8887949375063882,0.8887949375063882
3037,Tm5b,0.7389886282845218,15.0,1,[1471],one_led_group,0.7389886282845218,15,0.0,True,True,0.7389886282845218,0.7389886282845218
3038,Tm5b,0.7558253601869499,19.0,1,[1472],one_led_group,0.7558253601869498,19,1.1102230246251565e-16,True,True,0.7558253601869498,0.7558253601869498
3039,Tm5b,1.2332573860853846,13.0,1,[1473],one_led_group,0.3357622816126111,24,0.8974951044727735,False,False,0.3357622816126111,0.3357622816126111
3040,Tm5b,1.6401592980588824,3.0,1,[1474],one_led_group,1.6401592980588822,3,2.220446049250313e-16,True,True,1.6401592980588822,1.6401592980588822
3041,Tm5b,0.9552497060736148,9.0,1,[1475],one_led_group,0.8817980026245456,10,0.07345170344906926,False,False,0.8817980026245456,0.8817980026245456
3042,Tm5b,0.7779459919895299,26.0,1,[1476],one_led_group,0.707739828699441,29,0.07020616329008889,False,False,0.707739828699441,0.707739828699441
3043,Tm5b,0.761868778497781,17.0,1,[1477],one_led_group,0.7618687784977809,17,1.1102230246251565e-16,True,True,0.7618687784977809,0.7618687784977809
3044,Tm5b,0.5258663592117371,33.0,1,[1478],one_led_group,0.5258663592117371,33,0.0,True,True,0.5258663592117371,0.5258663592117371
3045,Tm5b,-0.2306507312150216,1.0,1,[1479],one_led_group,-0.23065073121502155,1,5.551115123125783e-17,True,True,-0.23065073121502155,-0.23065073121502155
3046,Tm5b,-0.02147741933579908,62.0,1,[1480],one_led_group,-0.024871004038704715,65,0.0033935847029056346,False,False,-0.024871004038704715,-0.024871004038704715
3047,Tm5b,0.7141677225376576,6.0,1,[1481],one_led_group,0.7141677225376574,6,2.220446049250313e-16,True,True,0.7141677225376574,0.7141677225376574
3048,Tm5b,1.0294696393930687,6.0,1,[1482],one_led_group,1.0294696393930691,6,4.440892098500626e-16,True,True,1.0294696393930691,1.0294696393930691
3049,Tm5b,0.17390505607587844,1.0,1,[1483],one_led_group,0.1739050560758788,1,3.608224830031759e-16,True,True,0.1739050560758788,0.1739050560758788
3050,Tm5b,1.8045049682302126,5.0,1,[1484],one_led_group,1.3765224202054522,7,0.4279825480247603,False,False,1.3765224202054522,1.3765224202054522
3051,Tm5b,0.08550282203421476,59.0,1,[1485],one_led_group,0.08550282203421476,59,0.0,True,True,0.08550282203421476,0.08550282203421476
3052,Tm5b,0.1573193625096037,11.0,1,[1486],one_led_group,-0.18221344094934097,16,0.33953280345894465,False,False,-0.18221344094934097,-0.18221344094934097
3053,Tm5b,1.6909075286230768,41.0,1,[1487],one_led_group,1.6644397195253495,42,0.02646780909772728,False,False,1.6644397195253495,1.6644397195253495
3054,Tm5b,0.10007554572121682,7.0,1,[1488],one_led_group,0.06382657891113273,17,0.03624896681008409,False,False,0.06382657891113273,0.06382657891113273
3055,Tm5b,0.05118788520932178,11.0,1,[1489],one_led_group,0.08295771858212253,17,0.03176983337280075,False,False,0.08295771858212253,0.08295771858212253
3056,Tm5b,2.167216940330653,5.0,1,[1490],one_led_group,2.167216940330653,5,0.0,True,True,2.167216940330653,2.167216940330653
3057,Tm5b,0.010900902744086729,41.0,1,[1491],one_led_group,0.010900902744086735,41,6.938893903907228e-18,True,True,0.010900902744086735,0.010900902744086735
3058,Tm5b,0.9351752900408025,5.0,1,[1492],one_led_group,0.9351752900408024,5,1.1102230246251565e-16,True,True,0.9351752900408024,0.9351752900408024
3059,Tm5b,0.36305292632287306,69.0,1,[1494],one_led_group,0.3630529263228731,69,5.551115123125783e-17,True,True,0.3630529263228731,0.3630529263228731
3060,Tm5b,0.2930046752368661,8.0,1,[1495],one_led_group,0.23024419716932076,11,0.06276047806754531,False,False,0.23024419716932076,0.23024419716932076
3061,Tm5b,0.10716419572900503,1.0,1,[1496],one_led_group,0.10716419572900504,1,1.3877787807814457e-17,True,True,0.10716419572900504,0.10716419572900504
3062,Tm5b,1.4819942791006242,35.0,1,[1497],one_led_group,1.3110487690335515,38,0.1709455100670727,False,False,1.3110487690335515,1.3110487690335515
3063,Tm5b,-0.1942070524508853,26.0,1,[1499],one_led_group,-0.1997321941081924,29,0.005525141657307109,False,False,-0.1997321941081924,-0.1997321941081924
3064,Tm5b,0.993811913103821,41.0,1,[1500],one_led_group,0.5584705589919622,54,0.4353413541118588,False,False,0.5584705589919622,0.5584705589919622
3065,Tm5b,0.1709659656379199,10.0,1,[1501],one_led_group,0.1709659656379199,10,0.0,True,True,0.1709659656379199,0.1709659656379199
3066,Tm5b,3.477795141805936,1.0,1,[1502],one_led_group,3.4777951418059363,1,4.440892098500626e-16,True,True,3.4777951418059363,3.4777951418059363
3067,Tm5b,1.664840835752693,73.0,1,[1503],one_led_group,1.4554595499935696,82,0.2093812857591233,False,False,1.4554595499935696,1.4554595499935696
3068,Tm5b,0.5223808485324116,16.0,1,[1504],one_led_group,0.05145909241688873,27,0.4709217561155229,False,False,0.05145909241688873,0.05145909241688873
3069,Tm5b,0.2638016795288719,9.0,1,[1505],one_led_group,0.1259739095177793,10,0.13782777001109262,False,False,0.1259739095177793,0.1259739095177793
3070,Tm5b,1.1387671057191293,17.0,1,[1506],one_led_group,1.1387671057191295,17,2.220446049250313e-16,True,True,1.1387671057191295,1.1387671057191295
3071,Tm5b,2.4456073448993902,68.0,1,[1507],one_led_group,2.445607344899391,68,8.881784197001252e-16,True,True,2.445607344899391,2.445607344899391
3072,Tm5b,0.6728119346582352,3.0,1,[1508],one_led_group,0.7427463670323761,4,0.06993443237414088,False,False,0.7427463670323761,0.7427463670323761
3073,Tm5b,-0.5134323515369554,4.0,1,[1509],one_led_group,-0.27704651156181254,5,0.2363858399751429,False,False,-0.27704651156181254,-0.27704651156181254
3074,Tm5b,0.18413165433922957,41.0,1,[1510],one_led_group,0.1841316543392296,41,2.7755575615628914e-17,True,True,0.1841316543392296,0.1841316543392296
3075,Tm5b,0.2810390056354173,9.0,1,[1511],one_led_group,0.22087148964657405,10,0.060167515988843234,False,False,0.22087148964657405,0.22087148964657405
3076,Tm5b,0.9561108853749593,49.0,1,[1512],one_led_group,0.9561108853749593,49,0.0,True,True,0.9561108853749593,0.9561108853749593
3077,Tm5b,1.7306683022305087,17.0,1,[1513],one_led_group,1.7306683022305092,17,4.440892098500626e-16,True,True,1.7306683022305092,1.7306683022305092
3078,Tm5b,-0.060813137894223,8.0,1,[1514],one_led_group,-0.1454664967939653,11,0.08465335889974232,False,False,-0.1454664967939653,-0.1454664967939653
3079,Tm5b,-0.07788040035194911,2.0,1,[1515],one_led_group,0.03434829396384048,4,0.11222869431578959,False,False,0.03434829396384048,0.03434829396384048
3080,Tm5b,0.7911773317253319,2.0,1,[1516],one_led_group,0.17741029875112913,4,0.6137670329742028,False,False,0.17741029875112913,0.17741029875112913
3081,Tm5b,1.9393386810543927,41.0,1,[1517],one_led_group,1.9393386810543927,41,0.0,True,True,1.9393386810543927,1.9393386810543927
3082,Tm5b,2.2118024826640617,41.0,1,[1518],one_led_group,2.2118024826640617,41,0.0,True,True,2.2118024826640617,2.2118024826640617
3083,Tm5b,0.19102844867150934,1.0,1,[1519],one_led_group,0.1910284486715096,1,2.498001805406602e-16,True,True,0.1910284486715096,0.1910284486715096
3084,Tm5b,1.9695032753739945,8.0,1,[1520],one_led_group,0.6349127911272604,19,1.3345904842467342,False,False,0.6349127911272604,0.6349127911272604
3085,Tm5b,0.5945439743836207,8.0,1,[1521],one_led_group,0.10265732141877623,19,0.49188665296484446,False,False,0.10265732141877623,0.10265732141877623
3086,Tm5b,-0.08794908015623525,16.0,1,[1522],one_led_group,-0.08794908015623525,16,0.0,True,True,-0.08794908015623525,-0.08794908015623525
3087,Tm5b,-1.5060184582728688,1.0,1,[1524],one_led_group,-0.4754632270748635,2,1.0305552311980053,False,False,-0.4754632270748635,-0.4754632270748635
3088,Tm5b,1.4802789071027596,9.0,1,[1525],one_led_group,1.336574580646629,10,0.14370432645613063,False,False,1.336574580646629,1.336574580646629
3089,Tm5b,1.063739080203344,9.0,1,[1526],one_led_group,0.9903856361540011,10,0.07335344404934285,False,False,0.9903856361540011,0.9903856361540011
3090,Tm5b,-0.4470526785045788,9.0,1,[1527],one_led_group,-0.3494106034974053,10,0.09764207500717348,False,False,-0.3494106034974053,-0.3494106034974053
3091,Tm5b,0.7231934917908838,30.0,1,[1528],one_led_group,0.6669595179598498,33,0.05623397383103401,False,False,0.6669595179598498,0.6669595179598498
3092,Tm5b,2.4221071892892065,59.0,1,[1529],one_led_group,2.422107189289206,59,4.440892098500626e-16,True,True,2.422107189289206,2.422107189289206
3093,Tm5b,1.0044964708803856,4.0,1,[1530],one_led_group,1.0044964708803856,4,0.0,True,True,1.0044964708803856,1.0044964708803856
3094,Tm5b,-0.17836444201330753,33.0,1,[1531],one_led_group,-0.1783644420133075,33,2.7755575615628914e-17,True,True,-0.1783644420133075,-0.1783644420133075
3095,Tm5b,0.29790892094545857,12.0,1,[1532],one_led_group,0.011245157756907893,23,0.2866637631885507,False,False,0.011245157756907893,0.011245157756907893
3096,Tm5b,0.7930254585730621,12.0,1,[1533],one_led_group,0.11131955056886877,23,0.6817059080041933,False,False,0.11131955056886877,0.11131955056886877
3097,Tm5b,0.6244555056385499,8.0,1,[1534],one_led_group,0.33023121361510405,11,0.29422429202344585,False,False,0.33023121361510405,0.33023121361510405
3098,Tm5b,-0.3115629890904585,8.0,1,[1535],one_led_group,-0.29847636096577884,11,0.013086628124679645,False,False,-0.29847636096577884,-0.29847636096577884
3099,Tm5b,0.12623876049871804,60.0,1,[1536],one_led_group,0.12623876049871802,60,2.7755575615628914e-17,True,True,0.12623876049871802,0.12623876049871802
3100,Tm5b,0.3233714666757031,60.0,1,[1537],one_led_group,0.3233714666757031,60,0.0,True,True,0.3233714666757031,0.3233714666757031
3101,Tm5b,0.3581816609890378,82.0,1,[1538],one_led_group,0.35818166098903775,82,5.551115123125783e-17,True,True,0.35818166098903775,0.35818166098903775
3102,Tm5b,0.8643082909709535,60.0,1,[1539],one_led_group,0.7969400913964139,66,0.06736819957453966,False,False,0.7969400913964139,0.7969400913964139
3103,Tm5b,2.085737870647392,1.0,1,[1540],one_led_group,2.0857378706473924,1,4.440892098500626e-16,True,True,2.0857378706473924,2.0857378706473924
3104,Tm5b,0.881856700112726,1.0,1,[1541],one_led_group,0.8818567001127251,1,8.881784197001252e-16,True,True,0.8818567001127251,0.8818567001127251
3105,Tm5b,0.1452043347175667,49.0,1,[1542],one_led_group,0.1452043347175667,49,0.0,True,True,0.1452043347175667,0.1452043347175667
3106,Tm5b,0.964287544257943,46.0,1,[1543],one_led_group,0.7629186131664937,60,0.20136893109144938,False,False,0.7629186131664937,0.7629186131664937
3107,Tm5b,0.5630532593769514,46.0,1,[1544],one_led_group,0.4251886434475935,60,0.1378646159293579,False,False,0.4251886434475935,0.4251886434475935
3108,Tm5b,0.21129814190577115,19.0,1,[1545],one_led_group,0.2112981419057711,19,5.551115123125783e-17,True,True,0.2112981419057711,0.2112981419057711
3109,Tm5b,0.4416570039779774,19.0,1,[1546],one_led_group,0.44165700397797747,19,5.551115123125783e-17,True,True,0.44165700397797747,0.44165700397797747
3110,Tm5b,0.7838749342632635,2.0,1,[1547],one_led_group,0.6724947227189699,3,0.11138021154429356,False,False,0.6724947227189699,0.6724947227189699
3111,Tm5b,3.0110421070754576,41.0,1,[1548],one_led_group,3.0110421070754576,41,0.0,True,True,3.0110421070754576,3.0110421070754576
3112,Tm5b,-0.0005231481184286528,1.0,1,[1549],one_led_group,-0.3396968809313581,3,0.33917373281292945,False,False,-0.3396968809313581,-0.3396968809313581
3113,Tm5b,0.3023740390347635,39.0,1,[1550],one_led_group,0.2125877710453959,47,0.08978626798936762,False,False,0.2125877710453959,0.2125877710453959
3114,Tm5b,0.7325932038547235,35.0,1,[1551],one_led_group,0.6739399170698895,38,0.05865328678483395,False,False,0.6739399170698895,0.6739399170698895
3115,Tm5b,-0.11075399419069562,3.0,1,[1552],one_led_group,-0.01810429432737549,5,0.09264969986332013,False,False,-0.01810429432737549,-0.01810429432737549
3116,Tm5b,1.21800771754443,8.0,1,[1553],one_led_group,1.21800771754443,8,0.0,True,True,1.21800771754443,1.21800771754443
3117,Tm5b,-0.08548525662350946,1.0,1,[1554],one_led_group,-0.08548525662350942,1,4.163336342344337e-17,True,True,-0.08548525662350942,-0.08548525662350942
3118,Tm5b,0.7689425198832736,1.0,1,[1555],one_led_group,0.09268912652919464,4,0.6762533933540789,False,False,0.09268912652919464,0.09268912652919464
3119,Tm5b,0.5003731401706357,9.0,1,[1556],one_led_group,0.5003731401706357,9,0.0,True,True,0.5003731401706357,0.5003731401706357
3120,Tm5b,0.14652090347411365,19.0,1,[1557],one_led_group,0.1465209034741136,19,5.551115123125783e-17,True,True,0.1465209034741136,0.1465209034741136
3121,Tm5b,2.0066646915134574,7.0,1,[1558],one_led_group,2.0066646915134574,7,0.0,True,True,2.0066646915134574,2.0066646915134574
3122,Tm5b,-0.3470486356309018,16.0,1,[1559],one_led_group,-0.21530141560386273,22,0.1317472200270391,False,False,-0.21530141560386273,-0.21530141560386273
3123,Tm5b,-0.33497159445376246,9.0,1,[1560],one_led_group,-0.2379671184498926,10,0.09700447600386986,False,False,-0.2379671184498926,-0.2379671184498926
3124,Tm5b,0.10965228487471246,58.0,1,[1561],one_led_group,0.10267977062219907,61,0.006972514252513384,False,False,0.10267977062219907,0.10267977062219907
3125,Tm5b,0.19852804280188302,4.0,1,[1562],one_led_group,0.19852804280188308,4,5.551115123125783e-17,True,True,0.19852804280188308,0.19852804280188308
3126,Tm5b,0.23185517856026863,14.0,1,[1563],one_led_group,0.34040225097349935,19,0.10854707241323072,False,False,0.34040225097349935,0.34040225097349935
3127,Tm5b,-0.19713665636667752,14.0,1,[1564],one_led_group,-0.18920307802606262,19,0.007933578340614894,False,False,-0.18920307802606262,-0.18920307802606262
3128,Tm5b,0.4760786505341395,3.0,1,[1565],one_led_group,0.4760786505341393,3,2.220446049250313e-16,True,True,0.4760786505341393,0.4760786505341393
3129,Tm5b,-0.0626404176683433,9.0,1,[1566],one_led_group,-0.10489975585717862,10,0.042259338188835316,False,False,-0.10489975585717862,-0.10489975585717862
3130,Tm5b,1.7748885752419647,9.0,1,[1567],one_led_group,1.5505386342485494,10,0.22434994099341532,False,False,1.5505386342485494,1.5505386342485494
3131,Tm5b,-0.055754904187972576,28.0,1,[1568],one_led_group,-0.055754904187972576,28,0.0,True,True,-0.055754904187972576,-0.055754904187972576
3132,Tm5b,3.0866827082645854,9.0,1,[1569],one_led_group,3.0866827082645854,9,0.0,True,True,3.0866827082645854,3.0866827082645854
3133,Tm5b,1.5967995131255481,41.0,1,[1570],one_led_group,1.2754606465017246,48,0.3213388666238235,False,False,1.2754606465017246,1.2754606465017246
3134,Tm5b,-0.6492213116728551,1.0,1,[1571],one_led_group,0.04913803846819239,3,0.6983593501410476,False,False,0.04913803846819239,0.04913803846819239
3135,Tm5b,1.4246288630384447,9.0,1,[1572],one_led_group,1.4246288630384445,9,2.220446049250313e-16,True,True,1.4246288630384445,1.4246288630384445
3136,Tm5b,0.3855995689372869,1.0,1,[1573],one_led_group,0.38559956893728664,1,2.7755575615628914e-16,True,True,0.38559956893728664,0.38559956893728664
3137,Tm5b,0.6544594685413789,32.0,1,[1574],one_led_group,0.5742091020179801,37,0.08025036652339879,False,False,0.5742091020179801,0.5742091020179801
3138,Tm5b,1.512776943038288,8.0,1,[1575],one_led_group,1.5127769430382882,8,2.220446049250313e-16,True,True,1.5127769430382882,1.5127769430382882
3139,Tm5b,0.03476404270912208,59.0,1,[1576],one_led_group,0.03476404270912209,59,6.938893903907228e-18,True,True,0.03476404270912209,0.03476404270912209
3140,Tm5b,0.05453275255677538,80.0,1,[1577],one_led_group,0.018381374880285333,98,0.03615137767649004,False,False,0.018381374880285333,0.018381374880285333
3141,Tm5b,0.12565868332205538,80.0,1,[1578],one_led_group,0.11801536992015935,98,0.007643313401896029,False,False,0.11801536992015935,0.11801536992015935
3142,Tm5b,0.8389639320464936,15.0,1,[1579],one_led_group,0.5105475859227883,20,0.3284163461237053,False,False,0.5105475859227883,0.5105475859227883
3143,Tm5b,0.28494515376305796,26.0,1,[1580],one_led_group,0.24139656220223935,29,0.04354859156081861,False,False,0.24139656220223935,0.24139656220223935
3144,Tm5b,1.8362871204938662,17.0,1,[1581],one_led_group,1.8362871204938662,17,0.0,True,True,1.8362871204938662,1.8362871204938662
3145,Tm5b,2.0183742258319346,12.0,1,[1582],one_led_group,1.4418411629358239,23,0.5765330628961107,False,False,1.4418411629358239,1.4418411629358239
3146,Tm5b,1.9173395029827363,1.0,1,[1583],one_led_group,1.9173395029827365,1,2.220446049250313e-16,True,True,1.9173395029827365,1.9173395029827365
3147,Tm5b,0.4019085940821591,32.0,1,[1584],one_led_group,0.30190717946052537,35,0.10000141462163376,False,False,0.30190717946052537,0.30190717946052537
3148,Tm5b,0.1400852064158764,316.0,1,[1585],one_led_group,0.09161459468284254,354,0.048470611733033866,False,False,0.09161459468284254,0.09161459468284254
3149,Tm5b,-0.1490730308714712,9.0,1,[1586],one_led_group,-0.14907303087147122,9,2.7755575615628914e-17,True,True,-0.14907303087147122,-0.14907303087147122
3150,Tm5b,-0.4994105664891061,9.0,1,[1587],one_led_group,-0.4994105664891062,9,1.1102230246251565e-16,True,True,-0.4994105664891062,-0.4994105664891062
3151,Tm5b,3.953696942791175,23.0,1,[1590],one_led_group,3.9536969427911743,23,4.440892098500626e-16,True,True,3.9536969427911743,3.9536969427911743
3152,Tm5b,1.7344331575369927,26.0,1,[1591],one_led_group,1.4922770147754894,29,0.24215614276150332,False,False,1.4922770147754894,1.4922770147754894
3153,Tm5b,1.9056127248839256,64.0,1,[1592],one_led_group,1.7594420083430955,68,0.14617071654083014,False,False,1.7594420083430955,1.7594420083430955
3154,Tm5b,-0.8708050103334142,2.0,1,[1593],one_led_group,-0.8708050103334143,2,1.1102230246251565e-16,True,True,-0.8708050103334143,-0.8708050103334143
3155,Tm5b,-0.06954143098725839,78.0,1,[1594],one_led_group,-0.06954143098725837,78,1.3877787807814457e-17,True,True,-0.06954143098725837,-0.06954143098725837
3156,Tm5b,0.039263976215216774,101.0,1,[1595],one_led_group,0.039263976215216774,101,0.0,True,True,0.039263976215216774,0.039263976215216774
3157,Tm5b,0.045720324064863295,23.0,1,[1596],one_led_group,0.04572032406486328,23,1.3877787807814457e-17,True,True,0.04572032406486328,0.04572032406486328
3158,Tm5b,2.5158783503623035,82.0,1,[1599],one_led_group,2.5158783503623035,82,0.0,True,True,2.5158783503623035,2.5158783503623035
3159,Tm5b,-0.7079980533950915,8.0,1,[1600],one_led_group,-0.44164622959671435,11,0.26635182379837713,False,False,-0.44164622959671435,-0.44164622959671435
3160,Tm5b,-0.28772342888588065,8.0,1,[1601],one_led_group,-0.22285431220113266,11,0.06486911668474798,False,False,-0.22285431220113266,-0.22285431220113266
3161,Tm5b,0.46173250823171835,3.0,1,[1602],one_led_group,0.46173250823171835,3,0.0,True,True,0.46173250823171835,0.46173250823171835
3162,Tm5b,0.018722195106040396,2.0,1,[1603],one_led_group,0.015067960735147878,3,0.0036542343708925173,False,False,0.015067960735147878,0.015067960735147878
3163,Tm5b,-0.5692004553928981,1.0,1,[1604],one_led_group,-0.5692004553928982,1,1.1102230246251565e-16,True,True,-0.5692004553928982,-0.5692004553928982
3164,Tm5b,0.3592888141816406,1.0,1,[1605],one_led_group,0.35928881418164094,1,3.3306690738754696e-16,True,True,0.35928881418164094,0.35928881418164094
3165,Tm5b,0.556458571329168,7.0,1,[1606],one_led_group,-0.0317519393546663,17,0.5882105106838342,False,False,-0.0317519393546663,-0.0317519393546663
3166,Tm5b,1.4538907582398626,1.0,1,[1607],one_led_group,1.0216905207703673,2,0.4322002374694953,False,False,1.0216905207703673,1.0216905207703673
3167,Tm5b,0.5859220348103428,5.0,1,[1608],one_led_group,0.2059563655053834,6,0.37996566930495934,False,False,0.2059563655053834,0.2059563655053834
3168,Tm5b,1.586270172321046,4.0,1,[1609],one_led_group,1.114489296895742,5,0.4717808754253039,False,False,1.114489296895742,1.114489296895742
3169,Tm5b,2.2042505127823735,1.0,1,[1610],one_led_group,2.2042505127823735,1,0.0,True,True,2.2042505127823735,2.2042505127823735
3170,Tm5b,1.6670839532054647,9.0,1,[1611],one_led_group,1.3587300007134058,10,0.3083539524920589,False,False,1.3587300007134058,1.3587300007134058
3171,Tm5b,-0.3380147840694123,4.0,1,[1612],one_led_group,-0.485995385293197,9,0.1479806012237847,False,False,-0.485995385293197,-0.485995385293197
3172,Tm5b,0.8911514071536667,8.0,1,[1613],one_led_group,0.42300735888584906,13,0.46814404826781764,False,False,0.42300735888584906,0.42300735888584906
3173,Tm5b,0.007640296641774005,82.0,1,[1614],one_led_group,0.007640296641774035,82,3.0357660829594124e-17,True,True,0.007640296641774035,0.007640296641774035
3174,Tm5b,2.010759629842456,41.0,1,[1615],one_led_group,2.010759629842456,41,0.0,True,True,2.010759629842456,2.010759629842456
3175,Tm5b,-0.06401460269934613,33.0,1,[1616],one_led_group,-0.0640146026993461,33,2.7755575615628914e-17,True,True,-0.0640146026993461,-0.0640146026993461
3176,Tm5b,0.23909948712820905,75.0,1,[1617],one_led_group,0.307771934318558,91,0.06867244719034893,False,False,0.307771934318558,0.307771934318558
3177,Tm5b,0.04361102019231868,9.0,1,[1618],one_led_group,0.043611020192318696,9,1.3877787807814457e-17,True,True,0.043611020192318696,0.043611020192318696
3178,Tm5b,0.1265729233531663,58.0,1,[1619],one_led_group,0.12657292335316633,58,2.7755575615628914e-17,True,True,0.12657292335316633,0.12657292335316633
3179,Tm5b,-0.22221308714821417,8.0,1,[1620],one_led_group,-0.3641476245524211,11,0.14193453740420695,False,False,-0.3641476245524211,-0.3641476245524211
3180,Tm5b,0.21470195160812278,41.0,1,[1621],one_led_group,0.2147019516081228,41,2.7755575615628914e-17,True,True,0.2147019516081228,0.2147019516081228
3181,Tm5b,0.053276409276658686,6.0,1,[1622],one_led_group,0.05327640927665872,6,3.469446951953614e-17,True,True,0.05327640927665872,0.05327640927665872
3182,Tm5b,-0.27713711045040823,5.0,1,[1623],one_led_group,-0.05272981627410316,7,0.22440729417630506,False,False,-0.05272981627410316,-0.05272981627410316
3183,Tm5b,0.19344611693953176,1.0,1,[1624],one_led_group,-0.04663987383677212,4,0.24008599077630388,False,False,-0.04663987383677212,-0.04663987383677212
3184,Tm5b,0.3778363050138207,1.0,1,[1625],one_led_group,0.3778363050138205,1,2.220446049250313e-16,True,True,0.3778363050138205,0.3778363050138205
3185,Tm5b,-0.021928059727462267,9.0,1,[1626],one_led_group,-0.003369759227392732,10,0.018558300500069534,False,False,-0.003369759227392732,-0.003369759227392732
3186,Tm5b,1.293771381674531,4.0,1,[1627],one_led_group,1.2937713816745315,4,4.440892098500626e-16,True,True,1.2937713816745315,1.2937713816745315
3187,Tm5b,0.08078999237450055,16.0,1,[1628],one_led_group,0.08078999237450052,16,2.7755575615628914e-17,True,True,0.08078999237450052,0.08078999237450052
3188,Tm5b,0.5058142905872104,9.0,1,[1629],one_led_group,0.3523606133032054,10,0.153453677284005,False,False,0.3523606133032054,0.3523606133032054
3189,Tm5b,0.7170951006108854,1.0,1,[1630],one_led_group,0.7170951006108857,1,2.220446049250313e-16,True,True,0.7170951006108857,0.7170951006108857
3190,Tm5b,0.18993302554457103,1.0,1,[1631],one_led_group,0.18993302554457103,1,0.0,True,True,0.18993302554457103,0.18993302554457103
3191,Tm5b,1.18566671050849,9.0,1,[1632],one_led_group,1.1856667105084897,9,2.220446049250313e-16,True,True,1.1856667105084897,1.1856667105084897
3192,Tm5b,0.3805292613700851,9.0,1,[1633],one_led_group,0.380529261370085,9,5.551115123125783e-17,True,True,0.380529261370085,0.380529261370085
3193,Tm5b,0.35852282107428063,38.0,1,[1634],one_led_group,0.356451285379633,39,0.0020715356946476304,False,False,0.356451285379633,0.356451285379633
3194,Tm5b,0.7242872324375657,7.0,1,[1635],one_led_group,0.7242872324375657,7,0.0,True,True,0.7242872324375657,0.7242872324375657
3195,Tm5b,0.19460112437457372,7.0,1,[1636],one_led_group,0.19460112437457364,7,8.326672684688674e-17,True,True,0.19460112437457364,0.19460112437457364
3196,Tm5b,0.12424654006464245,6.0,1,[1637],one_led_group,0.2997313218603004,8,0.17548478179565793,False,False,0.2997313218603004,0.2997313218603004
3197,Tm5b,0.02571571913051254,82.0,1,[1638],one_led_group,0.025715719130512547,82,6.938893903907228e-18,True,True,0.025715719130512547,0.025715719130512547
3198,Tm5b,-0.5927900180367537,1.0,1,[1639],one_led_group,-0.5927900180367538,1,1.1102230246251565e-16,True,True,-0.5927900180367538,-0.5927900180367538
3199,Tm5b,-1.0613118285803262,1.0,1,[1640],one_led_group,-0.3861130964891476,2,0.6751987320911786,False,False,-0.3861130964891476,-0.3861130964891476
3200,Tm5b,-0.2519060456668744,4.0,1,[1641],one_led_group,-0.25190604566687447,4,5.551115123125783e-17,True,True,-0.25190604566687447,-0.25190604566687447
3201,Tm5b,0.26655383499020546,9.0,1,[1642],one_led_group,0.2117429863454118,10,0.05481084864479366,False,False,0.2117429863454118,0.2117429863454118
3202,Tm5b,2.966399584457846,33.0,1,[1643],one_led_group,2.9663995844578452,33,8.881784197001252e-16,True,True,2.9663995844578452,2.9663995844578452
3203,Tm5b,0.05881602350725464,23.0,1,[1644],one_led_group,0.05881602350725464,23,0.0,True,True,0.05881602350725464,0.05881602350725464
3204,Tm5b,0.15870200445695487,58.0,1,[1645],one_led_group,0.12376754627251621,61,0.03493445818443866,False,False,0.12376754627251621,0.12376754627251621
3205,Tm5b,0.8379645835252008,26.0,1,[1646],one_led_group,0.7060210187948734,29,0.1319435647303273,False,False,0.7060210187948734,0.7060210187948734
3206,Tm5b,-0.23775873235783426,2.0,1,[1647],one_led_group,-0.3211320070012604,3,0.08337327464342612,False,False,-0.3211320070012604,-0.3211320070012604
3207,Tm5b,-0.026629417214864066,2.0,1,[1648],one_led_group,-0.40362976613268237,3,0.3770003489178183,False,False,-0.40362976613268237,-0.40362976613268237
3208,Tm5b,1.3442692250602164,3.0,1,[1649],one_led_group,1.3442692250602164,3,0.0,True,True,1.3442692250602164,1.3442692250602164
3209,Tm5b,0.9976179665259012,12.0,1,[1651],one_led_group,0.7274672784556527,18,0.27015068807024845,False,False,0.7274672784556527,0.7274672784556527
3210,Tm5b,0.11502972964954876,33.0,1,[1652],one_led_group,0.11502972964954875,33,1.3877787807814457e-17,True,True,0.11502972964954875,0.11502972964954875
3211,Tm5b,-0.1650153504931309,2.0,1,[1653],one_led_group,-0.10172004846531786,3,0.06329530202781304,False,False,-0.10172004846531786,-0.10172004846531786
3212,Tm5b,-0.7515335976160176,1.0,1,[1654],one_led_group,-0.7515335976160176,1,0.0,True,True,-0.7515335976160176,-0.7515335976160176
3213,Tm5b,0.02446719125351985,82.0,1,[1655],one_led_group,0.024467191253519847,82,3.469446951953614e-18,True,True,0.024467191253519847,0.024467191253519847
3214,Tm5b,-0.3784494404262954,8.0,1,[1657],one_led_group,-0.5877683382623795,11,0.2093188978360841,False,False,-0.5877683382623795,-0.5877683382623795
3215,Tm5b,0.1327382670226,4.0,1,[1658],one_led_group,0.13273826702260003,4,2.7755575615628914e-17,True,True,0.13273826702260003,0.13273826702260003
3216,Tm5b,2.265183170654167,60.0,1,[1659],one_led_group,2.265183170654167,60,0.0,True,True,2.265183170654167,2.265183170654167
3217,Tm5b,0.47889830311473774,33.0,1,[1660],one_led_group,0.47889830311473774,33,0.0,True,True,0.47889830311473774,0.47889830311473774
3218,Tm5b,-0.09594229209108315,15.0,1,[1661],one_led_group,-0.09594229209108315,15,0.0,True,True,-0.09594229209108315,-0.09594229209108315
3219,Tm5b,1.573928784944745,33.0,1,[1662],one_led_group,1.5739287849447452,33,2.220446049250313e-16,True,True,1.5739287849447452,1.5739287849447452
3220,Tm5b,-0.08563388853062645,26.0,1,[1663],one_led_group,-0.08563388853062645,26,0.0,True,True,-0.08563388853062645,-0.08563388853062645
3221,Tm5b,-0.15986293396691595,1.0,1,[1664],one_led_group,-0.15986293396691575,1,1.942890293094024e-16,True,True,-0.15986293396691575,-0.15986293396691575
3222,Tm5b,-0.2377086762775194,3.0,1,[1665],one_led_group,-0.23770867627751938,3,2.7755575615628914e-17,True,True,-0.23770867627751938,-0.23770867627751938
3223,Tm5b,-0.14015041468655984,15.0,1,[1666],one_led_group,0.12582021393487222,26,0.26597062862143206,False,False,0.12582021393487222,0.12582021393487222
3224,Tm5b,0.10428805677546425,60.0,1,[1667],one_led_group,0.10428805677546428,60,2.7755575615628914e-17,True,True,0.10428805677546428,0.10428805677546428
3225,Tm5b,2.0742845471585407,1.0,1,[1668],one_led_group,2.074284547158541,1,4.440892098500626e-16,True,True,2.074284547158541,2.074284547158541
3226,Tm5b,0.6457512144026172,5.0,1,[1669],one_led_group,0.4907520930771041,11,0.15499912132551308,False,False,0.4907520930771041,0.4907520930771041
3227,Tm5b,0.5378524757442735,8.0,1,[1670],one_led_group,0.3889243466365503,11,0.14892812910772324,False,False,0.3889243466365503,0.3889243466365503
3228,Tm5b,-0.03015292123447631,1.0,1,[1671],one_led_group,-0.030152921234476215,1,9.367506770274758e-17,True,True,-0.030152921234476215,-0.030152921234476215
3229,Tm5b,0.15401389645249058,5.0,1,[1673],one_led_group,0.28245889015074677,6,0.12844499369825618,False,False,0.28245889015074677,0.28245889015074677
3230,Tm5b,0.12074585196406838,41.0,1,[1674],one_led_group,0.12074585196406838,41,0.0,True,True,0.12074585196406838,0.12074585196406838
3231,Tm5b,0.14082688511039496,19.0,1,[1675],one_led_group,0.14082688511039493,19,2.7755575615628914e-17,True,True,0.14082688511039493,0.14082688511039493
3232,Tm5b,-0.15326441559920784,23.0,1,[1676],one_led_group,-0.15326441559920786,23,2.7755575615628914e-17,True,True,-0.15326441559920786,-0.15326441559920786
3233,Tm5b,0.038239302265335944,23.0,1,[1677],one_led_group,0.038239302265335944,23,0.0,True,True,0.038239302265335944,0.038239302265335944
3234,Tm5b,0.35257001657075204,9.0,1,[1678],one_led_group,0.31104655445323315,15,0.041523462117518894,False,False,0.31104655445323315,0.31104655445323315
3235,Tm5b,0.37359334423448054,9.0,1,[1679],one_led_group,0.4567950652105988,11,0.08320172097611828,False,False,0.4567950652105988,0.4567950652105988
3236,Tm5b,0.31531355999850863,75.0,1,[1680],one_led_group,0.24788627000560715,91,0.06742728999290148,False,False,0.24788627000560715,0.24788627000560715
3237,Tm5b,0.5679094963394687,1.0,1,[1681],one_led_group,0.5679094963394691,1,3.3306690738754696e-16,True,True,0.5679094963394691,0.5679094963394691
3238,Tm5b,0.025893382552708007,5.0,1,[1682],one_led_group,0.2612775696819131,8,0.2353841871292051,False,False,0.2612775696819131,0.2612775696819131
3239,Tm5b,0.912032530163067,4.0,1,[1683],one_led_group,-0.060908366929207675,9,0.9729408970922746,False,False,-0.060908366929207675,-0.060908366929207675
3240,Tm5b,0.052205557169882844,91.0,1,[1684],one_led_group,0.05220555716988282,91,2.0816681711721685e-17,True,True,0.05220555716988282,0.05220555716988282
3241,Tm5b,-0.520945349017375,1.0,1,[1685],one_led_group,-0.520945349017375,1,0.0,True,True,-0.520945349017375,-0.520945349017375
3242,Tm5b,-0.005696568017247701,6.0,1,[1686],one_led_group,-0.005696568017247661,6,3.9898639947466563e-17,True,True,-0.005696568017247661,-0.005696568017247661
3243,Tm5b,0.4754220155497538,69.0,1,[1687],one_led_group,0.4754220155497536,69,1.6653345369377348e-16,True,True,0.4754220155497536,0.4754220155497536
3244,Tm5b,0.40338480889780326,8.0,1,[1688],one_led_group,0.1579340253958573,11,0.24545078350194596,False,False,0.1579340253958573,0.1579340253958573
3245,Tm5b,-0.40966070624733614,9.0,1,[1689],one_led_group,-0.21812138400034337,10,0.19153932224699277,False,False,-0.21812138400034337,-0.21812138400034337
3246,Tm5b,-0.1093278392388716,8.0,1,[1690],one_led_group,-0.19729640138267152,11,0.08796856214379992,False,False,-0.19729640138267152,-0.19729640138267152
3247,Tm5b,0.8190732720648358,9.0,1,[1691],one_led_group,0.7139049691533281,10,0.1051683029115077,False,False,0.7139049691533281,0.7139049691533281
3248,Tm5b,0.06555462852562598,60.0,1,[1692],one_led_group,0.06555462852562595,60,2.7755575615628914e-17,True,True,0.06555462852562595,0.06555462852562595
3249,Tm5b,0.4308887039946348,9.0,1,[1693],one_led_group,0.8194170946605589,15,0.3885283906659241,False,False,0.8194170946605589,0.8194170946605589
3250,Tm5b,0.12536398141216615,46.0,1,[1694],one_led_group,0.12348460671258321,50,0.0018793746995829363,False,False,0.12348460671258321,0.12348460671258321
3251,Tm5b,0.1204179058477602,1.0,1,[1695],one_led_group,0.12041790584776013,1,6.938893903907228e-17,True,True,0.12041790584776013,0.12041790584776013
3252,Tm5b,2.5091812972721286,1.0,1,[1696],one_led_group,2.5091812972721286,1,0.0,True,True,2.5091812972721286,2.5091812972721286
3253,Tm5b,0.38207886821106396,1.0,1,[1697],one_led_group,0.38207886821106396,1,0.0,True,True,0.38207886821106396,0.38207886821106396
3254,Tm5b,0.01579612864308894,23.0,1,[1698],one_led_group,0.015796128643088915,23,2.42861286636753e-17,True,True,0.015796128643088915,0.015796128643088915
3255,Tm5b,0.49573194415747796,3.0,1,[1699],one_led_group,0.49573194415747784,3,1.1102230246251565e-16,True,True,0.49573194415747784,0.49573194415747784
3256,Tm5b,0.22660321018699933,20.0,1,[1700],one_led_group,0.26173064792291223,21,0.0351274377359129,False,False,0.26173064792291223,0.26173064792291223
3257,Tm5b,0.2246466848730684,17.0,1,[1701],one_led_group,0.32908223034061407,18,0.10443554546754566,False,False,0.32908223034061407,0.32908223034061407
3258,Tm5b,-0.26981325884668694,26.0,1,[1702],one_led_group,-0.23426022287123607,37,0.03555303597545087,False,False,-0.23426022287123607,-0.23426022287123607
3259,Tm5b,-0.265616504787462,26.0,1,[1703],one_led_group,-0.20043442179517906,37,0.06518208299228295,False,False,-0.20043442179517906,-0.20043442179517906
3260,Tm5b,0.5435787009751465,1.0,1,[1704],one_led_group,0.5435787009751465,1,0.0,True,True,0.5435787009751465,0.5435787009751465
3261,Tm5b,0.10056234129818009,11.0,1,[1705],one_led_group,0.6328976967996292,17,0.5323353555014491,False,False,0.6328976967996292,0.6328976967996292
3262,Tm5b,0.24045245762994896,39.0,1,[1706],one_led_group,0.190586657199046,52,0.04986580043090297,False,False,0.190586657199046,0.190586657199046
3263,Tm5b,0.5840951694199756,39.0,1,[1707],one_led_group,0.10775906514265512,52,0.47633610427732054,False,False,0.10775906514265512,0.10775906514265512
3264,Tm5b,0.3544625592053637,11.0,1,[1708],one_led_group,0.36585758172282495,17,0.011395022517461273,False,False,0.36585758172282495,0.36585758172282495
3265,Tm5b,1.92424278002402,1.0,1,[1709],one_led_group,1.9242427800240203,1,2.220446049250313e-16,True,True,1.9242427800240203,1.9242427800240203
3266,Tm5b,1.4607943510988477,18.0,1,[1710],one_led_group,0.5199932807504182,31,0.9408010703484295,False,False,0.5199932807504182,0.5199932807504182
3267,Tm5b,-0.027256697968012795,19.0,1,[1711],one_led_group,-0.027256697968012788,19,6.938893903907228e-18,True,True,-0.027256697968012788,-0.027256697968012788
3268,Tm5b,0.05550721930613967,19.0,1,[1712],one_led_group,0.055507219306139645,19,2.7755575615628914e-17,True,True,0.055507219306139645,0.055507219306139645
3269,Tm5b,-0.049946519164505994,4.0,1,[1713],one_led_group,-0.049946519164506,4,6.938893903907228e-18,True,True,-0.049946519164506,-0.049946519164506
3270,Tm5b,0.35110489533510963,4.0,1,[1714],one_led_group,0.3511048953351097,4,5.551115123125783e-17,True,True,0.3511048953351097,0.3511048953351097
3271,Tm5b,0.24550686957240764,11.0,1,[1715],one_led_group,0.10544882349098753,16,0.1400580460814201,False,False,0.10544882349098753,0.10544882349098753
3272,Tm5b,2.273367910739848,41.0,1,[1716],one_led_group,2.2733679107398483,41,4.440892098500626e-16,True,True,2.2733679107398483,2.2733679107398483
3273,Tm5b,0.023420940882221655,2.0,1,[1717],one_led_group,-0.11388324509138219,3,0.13730418597360383,False,False,-0.11388324509138219,-0.11388324509138219
3274,Tm5b,0.09791545443749984,33.0,1,[1718],one_led_group,0.09791545443749987,33,2.7755575615628914e-17,True,True,0.09791545443749987,0.09791545443749987
3275,Tm5b,0.04364256865562961,26.0,1,[1719],one_led_group,0.043642568655629606,26,6.938893903907228e-18,True,True,0.043642568655629606,0.043642568655629606
3276,Tm5b,-0.11068527647818661,26.0,1,[1720],one_led_group,-0.11068527647818664,26,2.7755575615628914e-17,True,True,-0.11068527647818664,-0.11068527647818664
3277,Tm5b,2.0221526279027073,8.0,1,[1721],one_led_group,1.1933214661092073,13,0.8288311617935,False,False,1.1933214661092073,1.1933214661092073
3278,Tm5b,0.09607198294560622,41.0,1,[1722],one_led_group,0.09607198294560622,41,0.0,True,True,0.09607198294560622,0.09607198294560622
3279,Tm5b,0.03187069729393424,11.0,1,[1723],one_led_group,0.24583301161267018,17,0.21396231431873594,False,False,0.24583301161267018,0.24583301161267018
3280,Tm5b,1.2525725584543514,9.0,1,[1724],one_led_group,1.02784813959156,10,0.2247244188627915,False,False,1.02784813959156,1.02784813959156
3281,Tm5b,0.40389906552172733,33.0,1,[1725],one_led_group,0.37628074118620625,37,0.027618324335521083,False,False,0.37628074118620625,0.37628074118620625
3282,Tm5b,0.026132277949933436,33.0,1,[1726],one_led_group,0.06896737910859464,37,0.04283510115866121,False,False,0.06896737910859464,0.06896737910859464
3283,Tm5b,0.5992906735544755,85.0,1,[1727],one_led_group,0.5370210492026947,93,0.06226962435178085,False,False,0.5370210492026947,0.5370210492026947
3284,Tm5b,-0.30675228924381903,13.0,1,[1728],one_led_group,0.19249926905285175,24,0.4992515582966708,False,False,0.19249926905285175,0.19249926905285175
3285,Tm5b,0.4323875750994815,98.0,1,[1729],one_led_group,0.43449132662966017,117,0.002103751530178666,False,False,0.43449132662966017,0.43449132662966017
3286,Tm5b,0.23304421522618868,8.0,1,[1730],one_led_group,0.013580080717000705,11,0.21946413450918797,False,False,0.013580080717000705,0.013580080717000705
3287,Tm5b,0.08531242434214693,8.0,1,[1731],one_led_group,0.16558003705168248,11,0.08026761270953554,False,False,0.16558003705168248,0.16558003705168248
3288,Tm5b,0.12616530908268664,26.0,1,[1732],one_led_group,0.12616530908268667,26,2.7755575615628914e-17,True,True,0.12616530908268667,0.12616530908268667
3289,Tm5b,0.09002386454827185,56.0,1,[1733],one_led_group,0.09002386454827185,56,0.0,True,True,0.09002386454827185,0.09002386454827185
3290,Tm5b,0.1381671772679953,82.0,1,[1734],one_led_group,0.13816717726799532,82,2.7755575615628914e-17,True,True,0.13816717726799532,0.13816717726799532
3291,Tm5b,0.49811343212179265,3.0,1,[1735],one_led_group,0.49811343212179277,3,1.1102230246251565e-16,True,True,0.49811343212179277,0.49811343212179277
3292,Tm5b,0.07524538050876602,33.0,1,[1736],one_led_group,0.07524538050876599,33,2.7755575615628914e-17,True,True,0.07524538050876599,0.07524538050876599
3293,Tm5b,0.16642873627978494,19.0,1,[1737],one_led_group,0.16642873627978494,19,0.0,True,True,0.16642873627978494,0.16642873627978494
3294,Tm5b,-0.12787092892266075,19.0,1,[1738],one_led_group,-0.12787092892266072,19,2.7755575615628914e-17,True,True,-0.12787092892266072,-0.12787092892266072
3295,Tm5b,0.13376344321720957,11.0,1,[1739],one_led_group,0.13927060008526868,17,0.00550715686805911,False,False,0.13927060008526868,0.13927060008526868
3296,Tm5b,0.5955241996460339,11.0,1,[1740],one_led_group,0.7299899457938467,17,0.13446574614781281,False,False,0.7299899457938467,0.7299899457938467
3297,Tm5b,0.09641735974454882,43.0,1,[1741],one_led_group,0.06401152530280295,47,0.03240583444174587,False,False,0.06401152530280295,0.06401152530280295
3298,Tm5b,-0.09106943676129133,49.0,1,[1742],one_led_group,-0.08142555242303136,53,0.009643884338259967,False,False,-0.08142555242303136,-0.08142555242303136
3299,Tm5b,0.1588708621302442,15.0,1,[1743],one_led_group,0.15887086213024423,15,2.7755575615628914e-17,True,True,0.15887086213024423,0.15887086213024423
3300,Tm5b,-0.0021325059647154527,33.0,1,[1744],one_led_group,-0.0021325059647154506,33,2.168404344971009e-18,True,True,-0.0021325059647154506,-0.0021325059647154506
3301,Tm5b,0.16615085489691037,26.0,1,[1745],one_led_group,0.16615085489691037,26,0.0,True,True,0.16615085489691037,0.16615085489691037
3302,Tm5b,-1.2464099257606869,1.0,1,[1746],one_led_group,-1.2464099257606867,1,2.220446049250313e-16,True,True,-1.2464099257606867,-1.2464099257606867
3303,Tm5b,0.43975086284326564,1.0,1,[1747],one_led_group,0.3625062479633347,2,0.07724461487993095,False,False,0.3625062479633347,0.3625062479633347
3304,Tm5b,0.3513143075597638,15.0,1,[1748],one_led_group,0.35131430755976384,15,5.551115123125783e-17,True,True,0.35131430755976384,0.35131430755976384
3305,Tm5b,-0.017267384729371595,23.0,1,[1749],one_led_group,-0.017267384729371598,23,3.469446951953614e-18,True,True,-0.017267384729371598,-0.017267384729371598
3306,Tm5b,-0.42191123256808993,8.0,1,[1750],one_led_group,-0.27397696346671696,13,0.14793426910137297,False,False,-0.27397696346671696,-0.27397696346671696
3307,Tm5b,0.3358586433014028,38.0,1,[1751],one_led_group,0.3637191254685091,39,0.027860482167106293,False,False,0.3637191254685091,0.3637191254685091
3308,Tm5b,0.23458303046658827,41.0,1,[1752],one_led_group,0.23458303046658818,41,8.326672684688674e-17,True,True,0.23458303046658818,0.23458303046658818
3309,Tm5b,0.15494295413732512,82.0,1,[1755],one_led_group,0.15494295413732517,82,5.551115123125783e-17,True,True,0.15494295413732517,0.15494295413732517
3310,Tm5b,0.15261337419371385,26.0,1,[1758],one_led_group,0.1526133741937138,26,5.551115123125783e-17,True,True,0.1526133741937138,0.1526133741937138
3311,Tm5b,-0.11815126301008118,19.0,1,[1761],one_led_group,-0.11815126301008115,19,2.7755575615628914e-17,True,True,-0.11815126301008115,-0.11815126301008115
3312,Tm5b,0.17798299594444136,23.0,1,[1762],one_led_group,0.17798299594444136,23,0.0,True,True,0.17798299594444136,0.17798299594444136
3313,Tm5b,-0.05525043698596488,43.0,1,[1763],one_led_group,-0.034562435138728274,49,0.020688001847236605,False,False,-0.034562435138728274,-0.034562435138728274
3314,Tm5b,0.6734758194256748,26.0,1,[1764],one_led_group,0.5856482956699808,29,0.08782752375569403,False,False,0.5856482956699808,0.5856482956699808
3315,Tm5b,-0.21680430028160802,13.0,1,[1765],one_led_group,-0.14163155211547493,19,0.07517274816613309,False,False,-0.14163155211547493,-0.14163155211547493
3316,Tm5b,0.9073184112737487,15.0,1,[1766],one_led_group,0.9073184112737488,15,1.1102230246251565e-16,True,True,0.9073184112737488,0.9073184112737488
3317,Tm5b,-0.03630479274822155,19.0,1,[1767],one_led_group,-0.03630479274822154,19,6.938893903907228e-18,True,True,-0.03630479274822154,-0.03630479274822154
3318,Tm5b,0.0623341360886293,43.0,1,[1768],one_led_group,0.07000684487256253,47,0.007672708783933238,False,False,0.07000684487256253,0.07000684487256253
3319,Tm5b,-0.010849096938445157,19.0,1,[1769],one_led_group,-0.010849096938445163,19,5.204170427930421e-18,True,True,-0.010849096938445163,-0.010849096938445163
3320,Tm5b,1.1921798105481354,32.0,1,[1770],one_led_group,1.002098562198668,35,0.19008124834946738,False,False,1.002098562198668,1.002098562198668
3321,Tm5b,1.501691443062208,32.0,1,[1771],one_led_group,1.3210784637870119,35,0.18061297927519604,False,False,1.3210784637870119,1.3210784637870119
3322,Tm5b,0.5577992866152501,1.0,1,[1772],one_led_group,0.5577992866152502,1,1.1102230246251565e-16,True,True,0.5577992866152502,0.5577992866152502
3323,Tm5b,0.7841724866789607,1.0,1,[1773],one_led_group,0.7841724866789604,1,2.220446049250313e-16,True,True,0.7841724866789604,0.7841724866789604
3324,Tm5b,0.06229191576955668,19.0,1,[1774],one_led_group,0.06229191576955668,19,0.0,True,True,0.06229191576955668,0.06229191576955668
3325,Tm5b,0.0659705881958825,59.0,1,[1775],one_led_group,0.0659705881958825,59,0.0,True,True,0.0659705881958825,0.0659705881958825
3326,Tm5b,-0.2764902022827739,4.0,1,[1776],one_led_group,-0.0047576064887812075,5,0.27173259579399267,False,False,-0.0047576064887812075,-0.0047576064887812075
3327,Tm5b,-0.6217904155077889,12.0,1,[1777],one_led_group,0.043375917332294345,24,0.6651663328400832,False,False,0.043375917332294345,0.043375917332294345
3328,Tm5b,-0.07371476471031553,16.0,1,[1778],one_led_group,-0.13771291567893773,29,0.0639981509686222,False,False,-0.13771291567893773,-0.13771291567893773
3329,Tm5b,0.3023360737168848,73.0,1,[1779],one_led_group,0.1944859009286878,88,0.107850172788197,False,False,0.1944859009286878,0.1944859009286878
3330,Tm5b,0.16704058314792042,64.0,1,[1780],one_led_group,0.17226384422211805,68,0.005223261074197627,False,False,0.17226384422211805,0.17226384422211805
3331,Tm5b,0.23973577128482923,7.0,1,[1781],one_led_group,-0.007093990073831134,9,0.24682976135866036,False,False,-0.007093990073831134,-0.007093990073831134
3332,Tm5b,-0.14731038618369557,32.0,1,[1782],one_led_group,-0.10750968898166813,35,0.039800697202027446,False,False,-0.10750968898166813,-0.10750968898166813
3333,Tm5b,0.36636133419282874,2.0,1,[1783],one_led_group,0.3663613341928287,2,5.551115123125783e-17,True,True,0.3663613341928287,0.3663613341928287
3334,Tm5b,0.02906063026618875,32.0,1,[1784],one_led_group,0.04872285790956062,35,0.019662227643371874,False,False,0.04872285790956062,0.04872285790956062
3335,Tm5b,0.5282993397882891,5.0,1,[1785],one_led_group,0.6522373311256843,6,0.12393799133739514,False,False,0.6522373311256843,0.6522373311256843
3336,Tm5b,-0.1083401641365436,4.0,1,[1786],one_led_group,-0.04377748789399154,5,0.06456267624255206,False,False,-0.04377748789399154,-0.04377748789399154
3337,Tm5b,0.9504656630029257,4.0,1,[1787],one_led_group,0.5623323243044996,5,0.38813333869842603,False,False,0.5623323243044996,0.5623323243044996
3338,Tm5b,1.1875535625291405,8.0,1,[1788],one_led_group,0.775883293126805,11,0.4116702694023354,False,False,0.775883293126805,0.775883293126805
3339,Tm5b,-0.882459140071325,8.0,1,[1789],one_led_group,-0.8338044255502486,11,0.04865471452107639,False,False,-0.8338044255502486,-0.8338044255502486
3340,Tm5b,0.39449145257220825,1.0,1,[1790],one_led_group,0.3447339260234952,2,0.04975752654871307,False,False,0.3447339260234952,0.3447339260234952
3341,Tm5b,-0.8282534110293518,9.0,1,[1791],one_led_group,-0.8282534110293519,9,1.1102230246251565e-16,True,True,-0.8282534110293519,-0.8282534110293519
3342,Tm5b,-0.13446080470934635,9.0,1,[1792],one_led_group,-0.1344608047093464,9,5.551115123125783e-17,True,True,-0.1344608047093464,-0.1344608047093464
3343,Tm5b,-0.009188499193313309,75.0,1,[1793],one_led_group,-0.0091884991933133,75,8.673617379884035e-18,True,True,-0.0091884991933133,-0.0091884991933133
3344,Tm5b,0.12056112269878747,12.0,1,[1794],one_led_group,-0.06965076289738403,17,0.1902118855961715,False,False,-0.06965076289738403,-0.06965076289738403
3345,Tm5b,0.2057433792753922,9.0,1,[1795],one_led_group,0.15487235004003813,10,0.05087102923535408,False,False,0.15487235004003813,0.15487235004003813
3346,Tm5b,0.09791631757880215,9.0,1,[1796],one_led_group,0.09791631757880216,9,1.3877787807814457e-17,True,True,0.09791631757880216,0.09791631757880216
3347,Tm5b,-0.3439213349389601,9.0,1,[1797],one_led_group,-0.2817867844002907,10,0.0621345505386694,False,False,-0.2817867844002907,-0.2817867844002907
3348,Tm5b,-0.02840724548899058,13.0,1,[1798],one_led_group,-0.1270853123637365,19,0.09867806687474591,False,False,-0.1270853123637365,-0.1270853123637365
3349,Tm5b,-0.2929907016256866,1.0,1,[1799],one_led_group,-0.29299070162568674,1,1.6653345369377348e-16,True,True,-0.29299070162568674,-0.29299070162568674
3350,Tm5b,0.7917721663836998,9.0,1,[1800],one_led_group,0.5821195865995595,11,0.2096525797841403,False,False,0.5821195865995595,0.5821195865995595
3351,Tm5b,0.8918031168407682,15.0,1,[1801],one_led_group,0.29068522492532367,26,0.6011178919154445,False,False,0.29068522492532367,0.29068522492532367
3352,Tm5b,0.40534330642437666,8.0,1,[1802],one_led_group,0.402838145797069,11,0.0025051606273076565,False,False,0.402838145797069,0.402838145797069
3353,Tm5b,0.7492286645754334,15.0,1,[1803],one_led_group,0.7492286645754332,15,1.1102230246251565e-16,True,True,0.7492286645754332,0.7492286645754332
3354,Tm5b,1.5363875015138917,1.0,1,[1804],one_led_group,1.5363875015138917,1,0.0,True,True,1.5363875015138917,1.5363875015138917
3355,Tm5b,0.9866054389870078,3.0,1,[1805],one_led_group,0.9866054389870081,3,3.3306690738754696e-16,True,True,0.9866054389870081,0.9866054389870081
3356,Tm5b,0.5415584425174171,19.0,1,[1806],one_led_group,0.541558442517417,19,1.1102230246251565e-16,True,True,0.541558442517417,0.541558442517417
3357,Tm5b,0.8422808545430295,41.0,1,[1807],one_led_group,0.8422808545430296,41,1.1102230246251565e-16,True,True,0.8422808545430296,0.8422808545430296
3358,Tm5b,1.04796327586743,9.0,1,[1808],one_led_group,1.04796327586743,9,0.0,True,True,1.04796327586743,1.04796327586743
3359,Tm5b,2.9715851765775674,4.0,1,[1809],one_led_group,0.8103275519544818,9,2.1612576246230857,False,False,0.8103275519544818,0.8103275519544818
3360,Tm5b,1.1231519691351146,5.0,1,[1810],one_led_group,1.1361514159107466,11,0.012999446775632029,False,False,1.1361514159107466,1.1361514159107466
3361,Tm5b,0.3899467037420539,9.0,1,[1811],one_led_group,0.25468965701799623,10,0.1352570467240577,False,False,0.25468965701799623,0.25468965701799623
3362,Tm5b,0.21355043782407224,23.0,1,[1812],one_led_group,0.2135504378240722,23,2.7755575615628914e-17,True,True,0.2135504378240722,0.2135504378240722
3363,Tm5b,-0.07663649695032805,60.0,1,[1813],one_led_group,-0.07663649695032808,60,2.7755575615628914e-17,True,True,-0.07663649695032808,-0.07663649695032808
3364,Tm5b,-0.10262436473011764,23.0,1,[1814],one_led_group,-0.1026243647301177,23,5.551115123125783e-17,True,True,-0.1026243647301177,-0.1026243647301177
3365,Tm5b,-0.3906555692988305,4.0,1,[1815],one_led_group,-0.4870684117480416,9,0.09641284244921111,False,False,-0.4870684117480416,-0.4870684117480416
3366,Tm5b,0.2118166992169765,26.0,1,[1816],one_led_group,0.18274789014110893,29,0.029068809075867563,False,False,0.18274789014110893,0.18274789014110893
3367,Tm5b,0.5577085258460827,4.0,1,[1817],one_led_group,0.48401080373900257,9,0.07369772210708009,False,False,0.48401080373900257,0.48401080373900257
3368,Tm5b,0.07693677794796781,5.0,1,[1818],one_led_group,-0.03726098975848994,7,0.11419776770645776,False,False,-0.03726098975848994,-0.03726098975848994
3369,Tm5b,0.22083897316465442,62.0,1,[1819],one_led_group,0.2012052523931257,65,0.019633720771528723,False,False,0.2012052523931257,0.2012052523931257
3370,Tm5b,1.6564036362549206,17.0,1,[1820],one_led_group,1.6564036362549206,17,0.0,True,True,1.6564036362549206,1.6564036362549206
3371,Tm5b,0.11852313009457591,1.0,1,[1821],one_led_group,0.11852313009457571,1,1.942890293094024e-16,True,True,0.11852313009457571,0.11852313009457571
3372,Tm5b,0.10004277780466408,9.0,1,[1822],one_led_group,0.10004277780466413,9,4.163336342344337e-17,True,True,0.10004277780466413,0.10004277780466413
3373,Tm5b,0.530889113377944,33.0,1,[1823],one_led_group,0.530889113377944,33,0.0,True,True,0.530889113377944,0.530889113377944
3374,Tm5b,0.5126148081917387,23.0,1,[1824],one_led_group,0.5126148081917388,23,1.1102230246251565e-16,True,True,0.5126148081917388,0.5126148081917388
3375,Tm5b,0.19790326794565613,26.0,1,[1825],one_led_group,0.1979032679456561,26,2.7755575615628914e-17,True,True,0.1979032679456561,0.1979032679456561
3376,Tm5b,0.024358357407900457,59.0,1,[1826],one_led_group,0.024358357407900478,59,2.0816681711721685e-17,True,True,0.024358357407900478,0.024358357407900478
3377,Tm5b,0.6535581684975541,6.0,1,[1827],one_led_group,0.653558168497554,6,1.1102230246251565e-16,True,True,0.653558168497554,0.653558168497554
3378,Tm5b,0.8308921846164773,7.0,1,[1828],one_led_group,0.907443614004964,8,0.07655142938848669,False,False,0.907443614004964,0.907443614004964
3379,Tm5b,0.7258407715494773,7.0,1,[1829],one_led_group,0.6625149099561259,8,0.0633258615933514,False,False,0.6625149099561259,0.6625149099561259
3380,Tm5b,0.07318385845268756,2.0,1,[1830],one_led_group,0.19469854838665154,3,0.12151468993396398,False,False,0.19469854838665154,0.19469854838665154
3381,Tm5b,-0.12619009993495253,4.0,1,[1831],one_led_group,0.2874225430082801,5,0.41361264294323263,False,False,0.2874225430082801,0.2874225430082801
3382,Tm5b,-0.04018700816265464,26.0,1,[1832],one_led_group,-0.04018700816265465,26,6.938893903907228e-18,True,True,-0.04018700816265465,-0.04018700816265465
3383,Tm5b,0.203288235629338,17.0,1,[1833],one_led_group,0.20328823562933807,17,5.551115123125783e-17,True,True,0.20328823562933807,0.20328823562933807
3384,Tm5b,0.17128342984939232,19.0,1,[1834],one_led_group,0.17128342984939232,19,0.0,True,True,0.17128342984939232,0.17128342984939232
3385,Tm5b,0.11044351045607827,19.0,1,[1835],one_led_group,0.1104435104560783,19,2.7755575615628914e-17,True,True,0.1104435104560783,0.1104435104560783
3386,Tm5b,-0.6835497626876939,8.0,1,[1836],one_led_group,-0.4679822697390271,11,0.21556749294866673,False,False,-0.4679822697390271,-0.4679822697390271
3387,Tm5b,0.20203531248175008,19.0,1,[1837],one_led_group,-0.052438840050914634,33,0.2544741525326647,False,False,-0.052438840050914634,-0.052438840050914634
3388,Tm5b,0.004120411387183923,50.0,1,[1838],one_led_group,0.004120411387183949,50,2.6020852139652106e-17,True,True,0.004120411387183949,0.004120411387183949
3389,Tm5b,0.18112959148450772,3.0,1,[1839],one_led_group,0.23389546932451932,4,0.052765877840011605,False,False,0.23389546932451932,0.23389546932451932
3390,Tm5b,-0.7679643242825434,8.0,1,[1840],one_led_group,-0.596595843830855,11,0.1713684804516884,False,False,-0.596595843830855,-0.596595843830855
3391,Tm5b,-3.093794653824703,8.0,1,[1841],one_led_group,-2.6662758744430732,11,0.42751877938162997,False,False,-2.6662758744430732,-2.6662758744430732
3392,Tm5b,0.16947518772341003,2.0,1,[1842],one_led_group,0.16947518772341008,2,5.551115123125783e-17,True,True,0.16947518772341008,0.16947518772341008
3393,Tm5b,-0.20771515189420378,11.0,1,[1843],one_led_group,-0.20771515189420378,11,0.0,True,True,-0.20771515189420378,-0.20771515189420378
3394,Tm5b,0.04522152112183988,28.0,1,[1844],one_led_group,0.0452215211218399,28,2.0816681711721685e-17,True,True,0.0452215211218399,0.0452215211218399
3395,Tm5b,-0.11656634363195306,28.0,1,[1845],one_led_group,-0.11656634363195306,28,0.0,True,True,-0.11656634363195306,-0.11656634363195306
3396,Tm5b,2.3993913291358924,9.0,1,[1846],one_led_group,1.9995093739641336,10,0.39988195517175873,False,False,1.9995093739641336,1.9995093739641336
3397,Tm5b,-0.054392073016168184,44.0,1,[1847],one_led_group,0.021274289874899488,60,0.07566636289106768,False,False,0.021274289874899488,0.021274289874899488
3398,Tm5b,-0.1697828825492293,44.0,1,[1848],one_led_group,0.011010924549651867,60,0.18079380709888115,False,False,0.011010924549651867,0.011010924549651867
3399,Tm5b,1.4726945131153761,10.0,1,[1849],one_led_group,0.9692761859248084,16,0.5034183271905678,False,False,0.9692761859248084,0.9692761859248084
3400,Tm5b,0.14031926035302963,7.0,1,[1850],one_led_group,-0.3854099972667947,13,0.5257292576198244,False,False,-0.3854099972667947,-0.3854099972667947
3401,Tm5b,-0.5322630084173131,7.0,1,[1851],one_led_group,-0.0956435889654846,13,0.4366194194518285,False,False,-0.0956435889654846,-0.0956435889654846
3402,Tm5b,-0.015609207522687019,1.0,1,[1852],one_led_group,-0.015609207522686908,1,1.1102230246251565e-16,True,True,-0.015609207522686908,-0.015609207522686908
3403,Tm5b,-0.009814173859445477,11.0,1,[1853],one_led_group,-0.00981417385944544,11,3.642919299551295e-17,True,True,-0.00981417385944544,-0.00981417385944544
3404,Tm5b,0.03442606030529722,38.0,1,[1854],one_led_group,0.10022186710502297,43,0.06579580679972574,False,False,0.10022186710502297,0.10022186710502297
3405,Tm5b,0.1196648719861678,9.0,1,[1855],one_led_group,0.2353308884039061,10,0.11566601641773828,False,False,0.2353308884039061,0.2353308884039061
3406,Tm5b,-0.2659444114675814,9.0,1,[1856],one_led_group,-0.21066553594635845,10,0.05527887552122296,False,False,-0.21066553594635845,-0.21066553594635845
3407,Tm5b,0.1822199028473705,41.0,1,[1857],one_led_group,0.18221990284737044,41,5.551115123125783e-17,True,True,0.18221990284737044,0.18221990284737044
3408,Tm5b,0.3029276285554288,36.0,1,[1858],one_led_group,0.26361526166540294,40,0.039312366890025874,False,False,0.26361526166540294,0.26361526166540294
3409,Tm5b,0.128598122918711,4.0,1,[1859],one_led_group,0.21190188731328807,5,0.08330376439457707,False,False,0.21190188731328807,0.21190188731328807
3410,Tm5b,0.8098487451593368,2.0,1,[1860],one_led_group,0.8098487451593368,2,0.0,True,True,0.8098487451593368,0.8098487451593368
3411,Tm5b,0.10846598074754076,17.0,1,[1861],one_led_group,0.10846598074754074,17,1.3877787807814457e-17,True,True,0.10846598074754074,0.10846598074754074
3412,Tm5b,0.8413203350915383,10.0,1,[1862],one_led_group,0.8656309011086759,16,0.024310566017137658,False,False,0.8656309011086759,0.8656309011086759
3413,Tm5b,-1.095116638810448,7.0,1,[1863],one_led_group,0.16368842011344883,17,1.2588050589238968,False,False,0.16368842011344883,0.16368842011344883
3414,Tm5b,0.7589912881281157,18.0,1,[1864],one_led_group,0.7589912881281156,18,1.1102230246251565e-16,True,True,0.7589912881281156,0.7589912881281156
3415,Tm5b,2.5123449128093784,9.0,1,[1865],one_led_group,2.103072971618187,10,0.4092719411911916,False,False,2.103072971618187,2.103072971618187
3416,Tm5b,0.05013996121180859,82.0,1,[1866],one_led_group,0.05013996121180859,82,0.0,True,True,0.05013996121180859,0.05013996121180859
3417,Tm5b,0.2912190706372648,6.0,1,[1867],one_led_group,0.2912190706372648,6,0.0,True,True,0.2912190706372648,0.2912190706372648
3418,Tm5b,-0.5204182649256893,1.0,1,[1868],one_led_group,-0.5204182649256892,1,1.1102230246251565e-16,True,True,-0.5204182649256892,-0.5204182649256892
3419,Tm5b,0.07731876514495377,19.0,1,[1869],one_led_group,-0.11783568964414669,33,0.19515445478910046,False,False,-0.11783568964414669,-0.11783568964414669
3420,Tm5b,0.043739215721714464,16.0,1,[1870],one_led_group,0.5024353676201905,22,0.458696151898476,False,False,0.5024353676201905,0.5024353676201905
3421,Tm5b,-0.7134022282108798,8.0,1,[1871],one_led_group,-0.3821467279421656,11,0.33125550026871425,False,False,-0.3821467279421656,-0.3821467279421656
3422,Tm5b,-0.4629559211021758,1.0,1,[1872],one_led_group,-0.46295592110217587,1,5.551115123125783e-17,True,True,-0.46295592110217587,-0.46295592110217587
3423,Tm5b,-0.25129150189853616,39.0,1,[1873],one_led_group,-0.24271081007722958,43,0.00858069182130658,False,False,-0.24271081007722958,-0.24271081007722958
3424,Tm5b,0.1542704285370238,50.0,1,[1874],one_led_group,0.15427042853702383,50,2.7755575615628914e-17,True,True,0.15427042853702383,0.15427042853702383
3425,Tm5b,0.03976293629300276,50.0,1,[1875],one_led_group,0.03976293629300277,50,6.938893903907228e-18,True,True,0.03976293629300277,0.03976293629300277
3426,Tm5b,0.0239830608150875,41.0,1,[1876],one_led_group,0.023983060815087498,41,3.469446951953614e-18,True,True,0.023983060815087498,0.023983060815087498
3427,Tm5b,0.26753192805649206,28.0,1,[1877],one_led_group,0.35849042027952177,39,0.09095849222302971,False,False,0.35849042027952177,0.35849042027952177
3428,Tm5b,0.019426851239969435,11.0,1,[1878],one_led_group,0.019426851239969446,11,1.0408340855860843e-17,True,True,0.019426851239969446,0.019426851239969446
3429,Tm5b,-0.05335503701279248,5.0,1,[1879],one_led_group,-0.2686201056621791,6,0.2152650686493866,False,False,-0.2686201056621791,-0.2686201056621791
3430,Tm5b,-0.04309075138590278,33.0,1,[1880],one_led_group,0.009294252987894179,37,0.05238500437379696,False,False,0.009294252987894179,0.009294252987894179
3431,Tm5b,-0.09423462551402165,9.0,1,[1881],one_led_group,-0.09647020732604275,10,0.0022355818120211035,False,False,-0.09647020732604275,-0.09647020732604275
3432,Tm5b,-0.25115530886461057,1.0,1,[1882],one_led_group,-0.25115530886461057,1,0.0,True,True,-0.25115530886461057,-0.25115530886461057
3433,Tm5b,-0.534934273359646,8.0,1,[1883],one_led_group,-0.5523044278507693,11,0.017370154491123224,False,False,-0.5523044278507693,-0.5523044278507693
3434,Tm5b,-0.037594634366276185,11.0,1,[1884],one_led_group,-0.037594634366276206,11,2.0816681711721685e-17,True,True,-0.037594634366276206,-0.037594634366276206
3435,Tm5b,-0.22854621905692443,15.0,1,[1885],one_led_group,-0.22854621905692443,15,0.0,True,True,-0.22854621905692443,-0.22854621905692443
3436,Tm5b,0.013874208742436943,41.0,1,[1886],one_led_group,0.01387420874243693,41,1.214306433183765e-17,True,True,0.01387420874243693,0.01387420874243693
3437,Tm5b,-0.35321425954868346,15.0,1,[1887],one_led_group,-0.3532142595486835,15,5.551115123125783e-17,True,True,-0.3532142595486835,-0.3532142595486835
3438,Tm5b,0.41445428533804624,5.0,1,[1888],one_led_group,0.4439713598799636,7,0.029517074541917376,False,False,0.4439713598799636,0.4439713598799636
3439,Tm5b,-1.0281615822795078,1.0,1,[1889],one_led_group,0.2511767791256425,2,1.2793383614051503,False,False,0.2511767791256425,0.2511767791256425
3440,Tm5b,-0.2309785315824928,4.0,1,[1890],one_led_group,-0.13629577612453408,5,0.0946827554579587,False,False,-0.13629577612453408,-0.13629577612453408
3441,Tm5b,1.5177585207381241,1.0,1,[1891],one_led_group,1.517758520738124,1,2.220446049250313e-16,True,True,1.517758520738124,1.517758520738124
3442,Tm5b,0.695806507210686,8.0,1,[1892],one_led_group,0.4193124168363109,11,0.27649409037437517,False,False,0.4193124168363109,0.4193124168363109
3443,Tm5b,-0.01617859779909486,9.0,1,[1893],one_led_group,0.1092706978526817,10,0.12544929565177657,False,False,0.1092706978526817,0.1092706978526817
3444,Tm5b,-0.20428118376246793,9.0,1,[1894],one_led_group,-0.0720373939088611,10,0.13224378985360682,False,False,-0.0720373939088611,-0.0720373939088611
3445,Tm5b,-0.43209614548374814,4.0,1,[1895],one_led_group,-0.13323996459533324,5,0.2988561808884149,False,False,-0.13323996459533324,-0.13323996459533324
3446,Tm5b,0.9696967745408954,7.0,1,[1896],one_led_group,-0.2610955230360189,17,1.2307922975769143,False,False,-0.2610955230360189,-0.2610955230360189
3447,Tm5b,-0.2569677361502813,2.0,1,[1897],one_led_group,0.03449094624098894,3,0.2914586823912702,False,False,0.03449094624098894,0.03449094624098894
3448,Tm5b,-0.9733505394762884,1.0,1,[1898],one_led_group,-0.9733505394762885,1,1.1102230246251565e-16,True,True,-0.9733505394762885,-0.9733505394762885
3449,Tm5b,-0.33460299567542146,2.0,1,[1899],one_led_group,-0.8923926107044625,3,0.5577896150290411,False,False,-0.8923926107044625,-0.8923926107044625
3450,Tm5b,-0.10262854445812133,9.0,1,[1900],one_led_group,-0.10262854445812139,9,5.551115123125783e-17,True,True,-0.10262854445812139,-0.10262854445812139
3451,Tm5b,-0.4574958331900446,1.0,1,[1901],one_led_group,-0.45749583319004455,1,5.551115123125783e-17,True,True,-0.45749583319004455,-0.45749583319004455
3452,Tm5b,-0.9131206674463027,9.0,1,[1902],one_led_group,-0.5798550826294244,10,0.3332655848168783,False,False,-0.5798550826294244,-0.5798550826294244
3453,Tm5b,0.36069259939276727,2.0,1,[1903],one_led_group,0.02638100614107488,5,0.3343115932516924,False,False,0.02638100614107488,0.02638100614107488
3454,Tm5b,-0.4898547314445961,8.0,1,[1904],one_led_group,-0.10990086190037908,11,0.37995386954421706,False,False,-0.10990086190037908,-0.10990086190037908
3455,Tm5b,0.1415286593964465,9.0,1,[1905],one_led_group,0.15127949862897522,14,0.00975083923252873,False,False,0.15127949862897522,0.15127949862897522
3456,Tm5b,0.10923592942014516,10.0,1,[1906],one_led_group,-0.04521387433110293,15,0.1544498037512481,False,False,-0.04521387433110293,-0.04521387433110293
3457,Tm5b,-0.4596100683529531,9.0,1,[1907],one_led_group,-0.40851048911643434,10,0.051099579236518755,False,False,-0.40851048911643434,-0.40851048911643434
3458,Tm5b,0.1432788413222162,19.0,1,[1908],one_led_group,0.14327884132221613,19,5.551115123125783e-17,True,True,0.14327884132221613,0.14327884132221613
3459,Tm5b,0.0037424985582853137,1.0,1,[1909],one_led_group,0.00374249855828529,1,2.3852447794681098e-17,True,True,0.00374249855828529,0.00374249855828529
3460,Tm5b,-0.15751376027142278,2.0,1,[1910],one_led_group,-0.15751376027142278,2,0.0,True,True,-0.15751376027142278,-0.15751376027142278
3461,Tm5b,0.09510910497914103,23.0,1,[1911],one_led_group,0.09510910497914102,23,1.3877787807814457e-17,True,True,0.09510910497914102,0.09510910497914102
3462,Tm5b,-0.08389330908698542,19.0,1,[1912],one_led_group,-0.08389330908698538,19,4.163336342344337e-17,True,True,-0.08389330908698538,-0.08389330908698538
3463,Tm5b,-0.05805880046449315,30.0,1,[1913],one_led_group,-0.015526377729318029,33,0.04253242273517512,False,False,-0.015526377729318029,-0.015526377729318029
3464,Tm5b,0.14331523597536688,41.0,1,[1914],one_led_group,0.14331523597536686,41,2.7755575615628914e-17,True,True,0.14331523597536686,0.14331523597536686
3465,Tm5b,0.04459001983283017,39.0,1,[1915],one_led_group,0.05578785785954047,43,0.011197838026710302,False,False,0.05578785785954047,0.05578785785954047
3466,Tm5b,-0.38387187870317546,1.0,1,[1916],one_led_group,-0.38387187870317563,1,1.6653345369377348e-16,True,True,-0.38387187870317563,-0.38387187870317563
3467,Tm5b,-0.17123089924823187,33.0,1,[1917],one_led_group,-0.17123089924823182,33,5.551115123125783e-17,True,True,-0.17123089924823182,-0.17123089924823182
3468,Tm5b,-0.15743594881986503,30.0,1,[1918],one_led_group,-0.12308104699894967,33,0.03435490182091536,False,False,-0.12308104699894967,-0.12308104699894967
3469,Tm5b,-0.07612357756879536,9.0,1,[1919],one_led_group,0.06849082397964544,10,0.1446144015484408,False,False,0.06849082397964544,0.06849082397964544
3470,Tm5b,-0.019822681036905664,28.0,1,[1920],one_led_group,0.037867095501207176,39,0.057689776538112844,False,False,0.037867095501207176,0.037867095501207176
3471,Tm5b,0.2289366186745552,50.0,1,[1921],one_led_group,0.2289366186745552,50,0.0,True,True,0.2289366186745552,0.2289366186745552
3472,Tm5b,0.013604621647910781,35.0,1,[1922],one_led_group,-0.027547183052410034,36,0.041151804700320815,False,False,-0.027547183052410034,-0.027547183052410034
3473,Tm5b,0.13071394944624565,29.0,1,[1923],one_led_group,0.14061198494768995,32,0.009898035501444302,False,False,0.14061198494768995,0.14061198494768995
3474,Tm5b,0.011820808791835322,33.0,1,[1924],one_led_group,0.011820808791835325,33,3.469446951953614e-18,True,True,0.011820808791835325,0.011820808791835325
3475,Tm5b,-0.19525627479286548,20.0,1,[1925],one_led_group,-0.1952562747928655,20,2.7755575615628914e-17,True,True,-0.1952562747928655,-0.1952562747928655
3476,Tm5b,-0.041342860710224326,49.0,1,[1926],one_led_group,-0.04134286071022433,49,6.938893903907228e-18,True,True,-0.04134286071022433,-0.04134286071022433
3477,Tm5b,-0.02500787253765153,33.0,1,[1927],one_led_group,-0.025007872537651545,33,1.3877787807814457e-17,True,True,-0.025007872537651545,-0.025007872537651545
3478,Tm5b,-0.40793460771869966,7.0,1,[1928],one_led_group,-0.03817354129998287,17,0.3697610664187168,False,False,-0.03817354129998287,-0.03817354129998287
3479,Tm5b,0.12584140710947808,1.0,1,[1929],one_led_group,0.1258414071094781,1,2.7755575615628914e-17,True,True,0.1258414071094781,0.1258414071094781
3480,Tm5b,-0.29773317229588947,4.0,1,[1930],one_led_group,-0.29773317229588947,4,0.0,True,True,-0.29773317229588947,-0.29773317229588947
3481,Tm5b,-0.13242545594929128,2.0,1,[1931],one_led_group,0.10987620350346616,3,0.24230165945275745,False,False,0.10987620350346616,0.10987620350346616
3482,Tm5b,-0.9544533684828727,2.0,1,[1932],one_led_group,-0.9544533684828727,2,0.0,True,True,-0.9544533684828727,-0.9544533684828727
3483,Tm5b,-0.10812159399160261,9.0,1,[1933],one_led_group,-0.10812159399160265,9,4.163336342344337e-17,True,True,-0.10812159399160265,-0.10812159399160265
3484,Tm5b,-0.5956935704062377,8.0,1,[1934],one_led_group,-0.3025125089558468,11,0.2931810614503909,False,False,-0.3025125089558468,-0.3025125089558468
3485,Tm5b,-0.7595477959355296,8.0,1,[1935],one_led_group,-0.4974219437121041,11,0.2621258522234255,False,False,-0.4974219437121041,-0.4974219437121041
3486,Tm5b,0.09405314877516371,42.0,1,[1936],one_led_group,0.08717380202099125,48,0.006879346754172469,False,False,0.08717380202099125,0.08717380202099125
3487,Tm5b,-0.4653800373707308,5.0,1,[1937],one_led_group,-0.6491975431302383,6,0.18381750575950745,False,False,-0.6491975431302383,-0.6491975431302383
3488,Tm5b,0.19145012886815382,5.0,1,[1938],one_led_group,-0.05049360749774893,6,0.24194373636590275,False,False,-0.05049360749774893,-0.05049360749774893
3489,Tm5b,-0.1409005343131025,26.0,1,[1939],one_led_group,-0.0795585494052074,29,0.06134198490789511,False,False,-0.0795585494052074,-0.0795585494052074
3490,Tm5b,-0.027881257208093934,35.0,1,[1940],one_led_group,-0.009247223926023122,36,0.018634033282070812,False,False,-0.009247223926023122,-0.009247223926023122
3491,Tm5b,-0.5694514595269515,1.0,1,[1941],one_led_group,0.30291751546780377,2,0.8723689749947553,False,False,0.30291751546780377,0.30291751546780377
3492,Tm5b,-0.21935233626703213,5.0,1,[1942],one_led_group,0.055033391912340655,6,0.2743857281793728,False,False,0.055033391912340655,0.055033391912340655
3493,Tm5b,0.03245974170996512,43.0,1,[1943],one_led_group,0.013780211658140399,46,0.018679530051824725,False,False,0.013780211658140399,0.013780211658140399
3494,Tm5b,0.7774950707565759,1.0,1,[1944],one_led_group,0.777495070756576,1,1.1102230246251565e-16,True,True,0.777495070756576,0.777495070756576
3495,Tm5b,-0.36368373403946697,28.0,1,[1945],one_led_group,-0.36368373403946697,28,0.0,True,True,-0.36368373403946697,-0.36368373403946697
3496,Tm5b,-0.050801366733371205,23.0,1,[1946],one_led_group,-0.05080136673337119,23,1.3877787807814457e-17,True,True,-0.05080136673337119,-0.05080136673337119
3497,Tm5b,-0.08349535576693899,26.0,1,[1947],one_led_group,-0.08349535576693895,26,4.163336342344337e-17,True,True,-0.08349535576693895,-0.08349535576693895
3498,Tm5b,-0.007281709758702769,28.0,1,[1948],one_led_group,-0.007281709758702777,28,7.806255641895632e-18,True,True,-0.007281709758702777,-0.007281709758702777
3499,Tm5b,0.18815746735234182,4.0,1,[1949],one_led_group,0.2655320280459083,10,0.07737456069356649,False,False,0.2655320280459083,0.2655320280459083
3500,Tm5b,-0.4969159633399152,8.0,1,[1950],one_led_group,-0.47190999627979663,11,0.025005967060118595,False,False,-0.47190999627979663,-0.47190999627979663
3501,Tm5b,0.003589628779656588,56.0,1,[1951],one_led_group,0.003589628779656583,56,5.204170427930421e-18,True,True,0.003589628779656583,0.003589628779656583
3502,Tm5b,-0.4220619380134324,4.0,1,[1952],one_led_group,-0.42206193801343234,4,5.551115123125783e-17,True,True,-0.42206193801343234,-0.42206193801343234
3503,Tm5b,0.0756196002410945,16.0,1,[1953],one_led_group,0.26253620958208784,22,0.18691660934099336,False,False,0.26253620958208784,0.26253620958208784
3504,Tm5b,0.5613539620225104,4.0,1,[1954],one_led_group,0.5613539620225103,4,1.1102230246251565e-16,True,True,0.5613539620225103,0.5613539620225103
3505,Tm5b,0.28995189975112334,50.0,1,[1955],one_led_group,0.2899518997511234,50,5.551115123125783e-17,True,True,0.2899518997511234,0.2899518997511234
3506,Tm5b,0.004250296916302074,41.0,1,[1956],one_led_group,0.004250296916302069,41,5.204170427930421e-18,True,True,0.004250296916302069,0.004250296916302069
3507,Tm5b,0.05092816001585463,9.0,1,[1957],one_led_group,-0.015438163558983298,10,0.06636632357483793,False,False,-0.015438163558983298,-0.015438163558983298
3508,Tm5b,0.2642662639614036,8.0,1,[1958],one_led_group,0.2715569594641229,11,0.007290695502719269,False,False,0.2715569594641229,0.2715569594641229
3509,Tm5b,2.24009311372057,7.0,1,[1959],one_led_group,-0.2750405741960648,17,2.515133687916635,False,False,-0.2750405741960648,-0.2750405741960648
3510,Tm5b,-0.06835578272486158,61.0,1,[1960],one_led_group,-0.06571115626473069,65,0.002644626460130889,False,False,-0.06571115626473069,-0.06571115626473069
3511,Tm5b,0.1860206375253133,18.0,1,[1961],one_led_group,0.3019537484457574,29,0.11593311092044409,False,False,0.3019537484457574,0.3019537484457574
3512,Tm5b,0.24453540594154793,6.0,1,[1962],one_led_group,0.41498399277657433,8,0.1704485868350264,False,False,0.41498399277657433,0.41498399277657433
3513,Tm5b,-0.0818859437047172,56.0,1,[1963],one_led_group,-0.08188594370471718,56,2.7755575615628914e-17,True,True,-0.08188594370471718,-0.08188594370471718
3514,Tm5b,-0.09779913164839128,7.0,1,[1964],one_led_group,0.05853910635204797,17,0.15633823800043925,False,False,0.05853910635204797,0.05853910635204797
3515,Tm5b,-0.44766052568538484,4.0,1,[1965],one_led_group,-0.4476605256853847,4,1.1102230246251565e-16,True,True,-0.4476605256853847,-0.4476605256853847
3516,Tm5b,-0.25408498289934045,64.0,1,[1966],one_led_group,-0.25682161970607503,68,0.0027366368067345825,False,False,-0.25682161970607503,-0.25682161970607503
3517,Tm5b,-0.2026495878525363,20.0,1,[1967],one_led_group,-0.20264958785253628,20,2.7755575615628914e-17,True,True,-0.20264958785253628,-0.20264958785253628
3518,Tm5b,0.02427740287638518,49.0,1,[1968],one_led_group,0.024277402876385155,49,2.42861286636753e-17,True,True,0.024277402876385155,0.024277402876385155
3519,Tm5b,-0.1303399618849009,33.0,1,[1969],one_led_group,-0.1303399618849009,33,0.0,True,True,-0.1303399618849009,-0.1303399618849009
3520,Tm5b,0.42266454885524457,1.0,1,[1970],one_led_group,0.4226645488552445,1,5.551115123125783e-17,True,True,0.4226645488552445,0.4226645488552445
3521,Tm5b,0.2685686097908036,1.0,1,[1971],one_led_group,0.26856860979080355,1,5.551115123125783e-17,True,True,0.26856860979080355,0.26856860979080355
3522,Tm5b,-1.4970171975741855,2.0,1,[1972],one_led_group,-1.4970171975741855,2,0.0,True,True,-1.4970171975741855,-1.4970171975741855
3523,Tm5b,-0.09873309298348938,9.0,1,[1973],one_led_group,-0.0987330929834894,9,1.3877787807814457e-17,True,True,-0.0987330929834894,-0.0987330929834894
3524,Tm5b,-0.014300276853996775,50.0,1,[1974],one_led_group,-0.012398475632952596,55,0.0019018012210441793,False,False,-0.012398475632952596,-0.012398475632952596
3525,Tm5b,-1.2249520660349345,4.0,1,[1975],one_led_group,-0.6010583952145659,10,0.6238936708203685,False,False,-0.6010583952145659,-0.6010583952145659
3526,Tm5b,-0.05251028956170293,49.0,1,[1976],one_led_group,-0.05251028956170294,49,1.3877787807814457e-17,True,True,-0.05251028956170294,-0.05251028956170294
3527,Tm5b,0.29404046617266016,10.0,1,[1977],one_led_group,0.35494731028003046,15,0.060906844107370295,False,False,0.35494731028003046,0.35494731028003046
3528,Tm5b,-0.08596804326695244,9.0,1,[1978],one_led_group,0.008406758339388998,10,0.09437480160634144,False,False,0.008406758339388998,0.008406758339388998
3529,Tm5b,0.3961681377919358,8.0,1,[1979],one_led_group,0.3715352320021252,11,0.024632905789810644,False,False,0.3715352320021252,0.3715352320021252
3530,Tm5b,-0.3267671644585014,4.0,1,[1980],one_led_group,-0.32676716445850146,4,5.551115123125783e-17,True,True,-0.32676716445850146,-0.32676716445850146
3531,Tm5b,0.8390480737119587,10.0,1,[1981],one_led_group,0.5060964117742638,20,0.3329516619376949,False,False,0.5060964117742638,0.5060964117742638
3532,Tm5b,0.8137284991022389,8.0,1,[1982],one_led_group,0.6248889164828261,11,0.1888395826194128,False,False,0.6248889164828261,0.6248889164828261
3533,Tm5b,-0.2733767305495292,6.0,1,[1983],one_led_group,-0.45159206928883205,7,0.17821533873930284,False,False,-0.45159206928883205,-0.45159206928883205
3534,Tm5b,-2.053696429928233,1.0,1,[1984],one_led_group,-2.053696429928233,1,0.0,True,True,-2.053696429928233,-2.053696429928233
3535,Tm5b,0.14745409138451113,60.0,1,[1985],one_led_group,0.14745409138451113,60,0.0,True,True,0.14745409138451113,0.14745409138451113
3536,Tm5b,0.4345984661143216,18.0,1,[1986],one_led_group,0.8202299818215549,29,0.3856315157072333,False,False,0.8202299818215549,0.8202299818215549
3537,Tm5b,0.0943439825899766,9.0,1,[1987],one_led_group,0.16556844583978078,10,0.07122446324980418,False,False,0.16556844583978078,0.16556844583978078
3538,Tm5b,-0.5257402082710699,4.0,1,[1988],one_led_group,-0.52574020827107,4,1.1102230246251565e-16,True,True,-0.52574020827107,-0.52574020827107
3539,Tm5b,0.8558383259503578,2.0,1,[1989],one_led_group,0.5921493627347499,5,0.26368896321560786,False,False,0.5921493627347499,0.5921493627347499
3540,Tm5b,-0.05671991297555563,1.0,1,[1990],one_led_group,-0.056719912975555564,1,6.245004513516506e-17,True,True,-0.056719912975555564,-0.056719912975555564
3541,Tm5b,-0.0023628843652227713,15.0,1,[1991],one_led_group,-0.0023628843652228207,15,4.9439619065339e-17,True,True,-0.0023628843652228207,-0.0023628843652228207
3542,Tm5b,0.10220157061979207,26.0,1,[1992],one_led_group,0.13669041148376387,29,0.034488840863971804,False,False,0.13669041148376387,0.13669041148376387
3543,Tm5b,0.14729699001439145,9.0,1,[1993],one_led_group,0.1472969900143914,9,5.551115123125783e-17,True,True,0.1472969900143914,0.1472969900143914
3544,Tm5b,-0.02731045849913277,9.0,1,[1994],one_led_group,0.03151586993131246,14,0.05882632843044523,False,False,0.03151586993131246,0.03151586993131246
3545,Tm5b,0.4131284669536721,6.0,1,[1995],one_led_group,0.46829726618062545,8,0.055168799226953336,False,False,0.46829726618062545,0.46829726618062545
3546,Tm5b,0.18765813236146603,9.0,1,[1996],one_led_group,0.14186008349172513,10,0.0457980488697409,False,False,0.14186008349172513,0.14186008349172513
3547,Tm5b,0.4496069524820595,1.0,1,[1997],one_led_group,0.4496069524820595,1,0.0,True,True,0.4496069524820595,0.4496069524820595
3548,Tm5b,-0.15881807422305957,29.0,1,[1998],one_led_group,-0.1418804801196331,32,0.016937594103426462,False,False,-0.1418804801196331,-0.1418804801196331
3549,Tm5b,-0.4139214307894591,4.0,1,[1999],one_led_group,0.06835925048718426,7,0.48228068127664336,False,False,0.06835925048718426,0.06835925048718426
3550,Tm5b,-0.10255565263460535,48.0,1,[2000],one_led_group,-0.11845938944849545,51,0.015903736813890096,False,False,-0.11845938944849545,-0.11845938944849545
3551,Tm5b,0.03785532873438592,5.0,1,[2001],one_led_group,-0.24163309382995596,8,0.27948842256434187,False,False,-0.24163309382995596,-0.24163309382995596
3552,Tm5b,0.7498803472691612,1.0,1,[2002],one_led_group,0.7498803472691612,1,0.0,True,True,0.7498803472691612,0.7498803472691612
3553,Tm5b,0.057295129330741365,9.0,1,[2003],one_led_group,0.05729512933074137,9,6.938893903907228e-18,True,True,0.05729512933074137,0.05729512933074137
3554,Tm5b,0.061087450262763555,33.0,1,[2004],one_led_group,0.06108745026276355,33,6.938893903907228e-18,True,True,0.06108745026276355,0.06108745026276355
3555,Tm5b,-0.16749187534192103,48.0,1,[2005],one_led_group,-0.14379673956493064,54,0.023695135776990395,False,False,-0.14379673956493064,-0.14379673956493064
3556,Tm5b,0.42256333173757693,3.0,1,[2006],one_led_group,0.422563331737577,3,5.551115123125783e-17,True,True,0.422563331737577,0.422563331737577
3557,Tm5b,0.19073876274809437,15.0,1,[2007],one_led_group,0.1907387627480944,15,2.7755575615628914e-17,True,True,0.1907387627480944,0.1907387627480944
3558,Tm5b,-0.05336193979444787,33.0,1,[2008],one_led_group,-0.05336193979444785,33,2.0816681711721685e-17,True,True,-0.05336193979444785,-0.05336193979444785
3559,Tm5b,0.003643117831848556,49.0,1,[2009],one_led_group,0.0036431178318485444,49,1.1709383462843448e-17,True,True,0.0036431178318485444,0.0036431178318485444
3560,Tm5b,0.09714080657107635,41.0,1,[2010],one_led_group,0.09714080657107632,41,2.7755575615628914e-17,True,True,0.09714080657107632,0.09714080657107632
3561,Tm5b,-0.014219102574779858,8.0,1,[2011],one_led_group,-0.011491137347307263,11,0.002727965227472595,False,False,-0.011491137347307263,-0.011491137347307263
3562,Tm5b,0.5014092575340799,5.0,1,[2012],one_led_group,0.5747949549329553,10,0.07338569739887535,False,False,0.5747949549329553,0.5747949549329553
3563,Tm5b,0.21061328515933758,6.0,1,[2013],one_led_group,0.21061328515933753,6,5.551115123125783e-17,True,True,0.21061328515933753,0.21061328515933753
3564,Tm5b,0.07268349416165076,39.0,1,[2014],one_led_group,0.10316041202875012,52,0.030476917867099357,False,False,0.10316041202875012,0.10316041202875012
3565,Tm5b,0.31822540702877433,1.0,1,[2015],one_led_group,0.3182254070287741,1,2.220446049250313e-16,True,True,0.3182254070287741,0.3182254070287741
3566,Tm5b,0.6113940042679652,2.0,1,[2016],one_led_group,0.6113940042679653,2,1.1102230246251565e-16,True,True,0.6113940042679653,0.6113940042679653
3567,Tm5b,0.01629717689580031,32.0,1,[2017],one_led_group,0.016297176895800312,32,3.469446951953614e-18,True,True,0.016297176895800312,0.016297176895800312
3568,Tm5b,-0.04265844204765542,59.0,1,[2018],one_led_group,-0.04265844204765542,59,0.0,True,True,-0.04265844204765542,-0.04265844204765542
3569,Tm5b,-0.09827514661314805,66.0,1,[2019],one_led_group,-0.09972358109142337,72,0.0014484344782753206,False,False,-0.09972358109142337,-0.09972358109142337
3570,Tm5b,-0.26012167824583005,8.0,1,[2020],one_led_group,-0.12938181592475156,11,0.13073986232107848,False,False,-0.12938181592475156,-0.12938181592475156
3571,Tm5b,0.5948594768171132,9.0,1,[2021],one_led_group,0.7874746621561216,20,0.19261518533900845,False,False,0.7874746621561216,0.7874746621561216
3572,Tm5b,0.7653396140430491,8.0,1,[2022],one_led_group,0.7009485223444708,11,0.06439109169857826,False,False,0.7009485223444708,0.7009485223444708
3573,Tm5b,0.35509197239861245,9.0,1,[2023],one_led_group,0.2415503709712971,10,0.11354160142731534,False,False,0.2415503709712971,0.2415503709712971
3574,Tm5b,-0.28331876131365685,6.0,1,[2024],one_led_group,0.19678032794812658,8,0.48009908926178346,False,False,0.19678032794812658,0.19678032794812658
3575,Tm5b,-0.07891237369458899,19.0,1,[2025],one_led_group,-0.07891237369458896,19,2.7755575615628914e-17,True,True,-0.07891237369458896,-0.07891237369458896
3576,Tm5b,0.005467048516910843,50.0,1,[2026],one_led_group,0.005467048516910844,50,1.734723475976807e-18,True,True,0.005467048516910844,0.005467048516910844
3577,Tm5b,-0.1834492412779337,33.0,1,[2027],one_led_group,-0.18344924127793366,33,2.7755575615628914e-17,True,True,-0.18344924127793366,-0.18344924127793366
3578,Tm5b,0.03698486282982362,91.0,1,[2028],one_led_group,0.036984862829823634,91,1.3877787807814457e-17,True,True,0.036984862829823634,0.036984862829823634
3579,Tm5b,-0.459620808023248,9.0,1,[2029],one_led_group,-0.18642981208203144,10,0.27319099594121654,False,False,-0.18642981208203144,-0.18642981208203144
3580,Tm5b,0.1406727391696791,9.0,1,[2030],one_led_group,0.08891155389525318,20,0.051761185274425914,False,False,0.08891155389525318,0.08891155389525318
3581,Tm5b,-0.47803303418918575,17.0,1,[2031],one_led_group,-0.4780330341891858,17,5.551115123125783e-17,True,True,-0.4780330341891858,-0.4780330341891858
3582,Tm5b,-0.026825916958625944,42.0,1,[2032],one_led_group,-0.007614175501560919,55,0.019211741457065026,False,False,-0.007614175501560919,-0.007614175501560919
3583,Tm5b,-0.22061009561567888,9.0,1,[2033],one_led_group,-0.22061009561567893,9,5.551115123125783e-17,True,True,-0.22061009561567893,-0.22061009561567893
3584,Tm5b,-0.11358326168247393,5.0,1,[2034],one_led_group,-0.16199396869096772,10,0.048410707008493786,False,False,-0.16199396869096772,-0.16199396869096772
3585,Tm5b,0.35312380651544917,8.0,1,[2035],one_led_group,0.20991568331193974,11,0.14320812320350942,False,False,0.20991568331193974,0.20991568331193974
3586,Tm5b,0.18776815949810918,17.0,1,[2036],one_led_group,0.18776815949810918,17,0.0,True,True,0.18776815949810918,0.18776815949810918
3587,Tm5b,-0.17118945016192216,69.0,1,[2037],one_led_group,-0.17118945016192216,69,0.0,True,True,-0.17118945016192216,-0.17118945016192216
3588,Tm5b,-0.1378669335936423,15.0,1,[2038],one_led_group,-0.13786693359364235,15,5.551115123125783e-17,True,True,-0.13786693359364235,-0.13786693359364235
3589,Tm5b,-0.025890471693691332,87.0,1,[2039],one_led_group,0.01508133543945041,99,0.04097180713314174,False,False,0.01508133543945041,0.01508133543945041
3590,Tm5b,-0.48935147829726683,1.0,1,[2040],one_led_group,-0.4893514782972669,1,5.551115123125783e-17,True,True,-0.4893514782972669,-0.4893514782972669
3591,Tm5b,0.23210812151463603,6.0,1,[2041],one_led_group,0.23210812151463603,6,0.0,True,True,0.23210812151463603,0.23210812151463603
3592,Tm5b,0.04259679134087728,123.0,1,[2042],one_led_group,0.04259679134087728,123,0.0,True,True,0.04259679134087728,0.04259679134087728
3593,Tm5b,0.2412175034809977,6.0,1,[2043],one_led_group,0.22010711495064583,8,0.02111038853035188,False,False,0.22010711495064583,0.22010711495064583
3594,Tm5b,-0.1531471381911696,34.0,1,[2044],one_led_group,-0.062186757500480014,37,0.09096038069068958,False,False,-0.062186757500480014,-0.062186757500480014
3595,Tm5b,-0.13727006012367077,15.0,1,[2045],one_led_group,0.051875031273000825,30,0.1891450913966716,False,False,0.051875031273000825,0.051875031273000825
3596,Tm5b,-0.05725540581974527,1.0,1,[2046],one_led_group,-0.05725540581974525,1,1.3877787807814457e-17,True,True,-0.05725540581974525,-0.05725540581974525
3597,Tm5b,0.4813068327931127,4.0,1,[2047],one_led_group,0.4813068327931127,4,0.0,True,True,0.4813068327931127,0.4813068327931127
3598,Tm5b,-0.07379193468726876,41.0,1,[2048],one_led_group,-0.07379193468726875,41,1.3877787807814457e-17,True,True,-0.07379193468726875,-0.07379193468726875
3599,Tm5b,0.03386402447139314,50.0,1,[2049],one_led_group,0.03386402447139312,50,2.0816681711721685e-17,True,True,0.03386402447139312,0.03386402447139312
3600,Tm5b,-0.08608346117870239,19.0,1,[2050],one_led_group,-0.08608346117870236,19,2.7755575615628914e-17,True,True,-0.08608346117870236,-0.08608346117870236
3601,Tm5b,-0.5804528874244301,26.0,1,[2051],one_led_group,-0.5061123465936265,29,0.07434054083080366,False,False,-0.5061123465936265,-0.5061123465936265
3602,Tm5b,0.017730004978863075,17.0,1,[2052],one_led_group,0.050535791271740974,22,0.0328057862928779,False,False,0.050535791271740974,0.050535791271740974
3603,Tm5b,-0.00209114098498426,1.0,1,[2054],one_led_group,0.5358691998850404,2,0.5379603408700248,False,False,0.5358691998850404,0.5358691998850404
3604,Tm5b,-2.0256629697559645,1.0,1,[2056],one_led_group,-0.7210736856050582,2,1.3045892841509064,False,False,-0.7210736856050582,-0.7210736856050582
3605,Tm5b,0.37828624845056036,8.0,1,[2057],one_led_group,0.6803433424912374,11,0.30205709404067704,False,False,0.6803433424912374,0.6803433424912374
3606,Tm5b,-0.49068204943573096,8.0,1,[2058],one_led_group,-0.31667800917316563,11,0.17400404026256533,False,False,-0.31667800917316563,-0.31667800917316563
3607,Tm5b,-0.07191311811257518,36.0,1,[2059],one_led_group,-0.0719131181125752,36,1.3877787807814457e-17,True,True,-0.0719131181125752,-0.0719131181125752
3608,Tm5b,0.06789360415094081,6.0,1,[2060],one_led_group,0.011625828429258874,7,0.056267775721681935,False,False,0.011625828429258874,0.011625828429258874
3609,Tm5b,0.23008353897650924,1.0,1,[2061],one_led_group,0.23008353897650924,1,0.0,True,True,0.23008353897650924,0.23008353897650924
3610,Tm5b,-0.1549107672412846,23.0,1,[2062],one_led_group,-0.1549107672412846,23,0.0,True,True,-0.1549107672412846,-0.1549107672412846
3611,Tm5b,-1.6925617166291262e-06,49.0,1,[2063],one_led_group,-0.021888377980348487,67,0.021886685418631858,False,False,-0.021888377980348487,-0.021888377980348487
3612,Tm5b,-0.0076091074566298,49.0,1,[2064],one_led_group,-0.007609107456629778,49,2.2551405187698492e-17,True,True,-0.007609107456629778,-0.007609107456629778
3613,Tm5b,0.16092200650333127,1.0,1,[2065],one_led_group,0.16092200650333144,1,1.6653345369377348e-16,True,True,0.16092200650333144,0.16092200650333144
3614,Tm5b,0.009041878942704444,4.0,1,[2066],one_led_group,0.009041878942704473,4,2.949029909160572e-17,True,True,0.009041878942704473,0.009041878942704473
3615,Tm5b,-0.019777613622252648,69.0,1,[2067],one_led_group,-0.01977761362225262,69,2.7755575615628914e-17,True,True,-0.01977761362225262,-0.01977761362225262
3616,Tm5b,0.0037387904094169666,17.0,1,[2068],one_led_group,0.04760278350775797,22,0.043863993098341006,False,False,0.04760278350775797,0.04760278350775797
3617,Tm5b,0.061671110913850205,36.0,1,[2069],one_led_group,0.06167111091385021,36,6.938893903907228e-18,True,True,0.06167111091385021,0.06167111091385021
3618,Tm5b,-0.10934174861049901,23.0,1,[2070],one_led_group,-0.10934174861049896,23,5.551115123125783e-17,True,True,-0.10934174861049896,-0.10934174861049896
3619,Tm5b,-0.09042912190111961,49.0,1,[2071],one_led_group,-0.09042912190111962,49,1.3877787807814457e-17,True,True,-0.09042912190111962,-0.09042912190111962
3620,Tm5c,1.080435527038786,25.0,1,[2073],one_led_group,0.9891842513034744,26,0.09125127573531155,False,False,0.9891842513034744,0.9891842513034744
3621,Tm5c,1.7285250556894438,47.0,1,[2074],one_led_group,1.4727030143030806,55,0.2558220413863632,False,False,1.4727030143030806,1.4727030143030806
3622,Tm5c,1.2080766990211083,42.0,1,[2075],one_led_group,1.2080766990211085,42,2.220446049250313e-16,True,True,1.2080766990211085,1.2080766990211085
3623,Tm5c,0.7287047688526668,49.0,1,[2076],one_led_group,0.6661059204181097,51,0.0625988484345571,False,False,0.6661059204181097,0.6661059204181097
3624,Tm5c,1.0593057991974557,73.0,1,[2077],one_led_group,0.9918610011949077,74,0.06744479800254799,False,False,0.9918610011949077,0.9918610011949077
3625,Tm5c,0.8326269343296501,24.0,1,[2078],one_led_group,0.7746760283641722,25,0.05795090596547792,False,False,0.7746760283641722,0.7746760283641722
3626,Tm5c,0.8277228924369252,44.0,1,[2079],one_led_group,0.8277228924369253,44,1.1102230246251565e-16,True,True,0.8277228924369253,0.8277228924369253
3627,Tm5c,-0.202055501111811,6.0,1,[2080],one_led_group,0.08296050070152157,14,0.2850160018133326,False,False,0.08296050070152157,0.08296050070152157
3628,Tm5c,0.46670888598220184,44.0,1,[2081],one_led_group,0.4667088859822017,44,1.1102230246251565e-16,True,True,0.4667088859822017,0.4667088859822017
3629,Tm5c,0.5980715176036943,32.0,1,[2082],one_led_group,0.5668048309858152,36,0.031266686617879014,False,False,0.5668048309858152,0.5668048309858152
3630,Tm5c,2.229267199362496,2.0,1,[2083],one_led_group,2.2292671993624964,2,4.440892098500626e-16,True,True,2.2292671993624964,2.2292671993624964
3631,Tm5c,1.078667075415518,44.0,1,[2084],one_led_group,1.0786670754155183,44,2.220446049250313e-16,True,True,1.0786670754155183,1.0786670754155183
3632,Tm5c,0.4193071163663795,12.0,1,[2085],one_led_group,0.4193071163663795,12,0.0,True,True,0.4193071163663795,0.4193071163663795
3633,Tm5c,0.6190520466884303,15.0,1,[2086],one_led_group,0.5502822412208795,17,0.06876980546755074,False,False,0.5502822412208795,0.5502822412208795
3634,Tm5c,1.3470482765913292,25.0,1,[2087],one_led_group,1.2396337972910876,26,0.10741447930024162,False,False,1.2396337972910876,1.2396337972910876
3635,Tm5c,1.252553516313472,17.0,1,[2088],one_led_group,1.0071979246078235,25,0.24535559170564847,False,False,1.0071979246078235,1.0071979246078235
3636,Tm5c,1.0722771207026527,68.0,1,[2089],one_led_group,1.0337299495716183,69,0.03854717113103434,False,False,1.0337299495716183,1.0337299495716183
3637,Tm5c,1.1082552416998535,73.0,1,[2090],one_led_group,1.0846114196073946,75,0.023643822092458855,False,False,1.0846114196073946,1.0846114196073946
3638,Tm5c,1.0086455214965346,14.0,1,[2091],one_led_group,1.0086455214965346,14,0.0,True,True,1.0086455214965346,1.0086455214965346
3639,Tm5c,1.456328218934409,22.0,1,[2092],one_led_group,1.2675777642092287,26,0.18875045472518015,False,False,1.2675777642092287,1.2675777642092287
3640,Tm5c,0.9148078460975777,46.0,1,[2093],one_led_group,0.9148078460975778,46,1.1102230246251565e-16,True,True,0.9148078460975778,0.9148078460975778
3641,Tm5c,1.1355211090915365,157.0,1,[2094],one_led_group,1.1070921035668255,161,0.02842900552471095,False,False,1.1070921035668255,1.1070921035668255
3642,Tm5c,0.5247676518634573,16.0,1,[2095],one_led_group,0.5247676518634573,16,0.0,True,True,0.5247676518634573,0.5247676518634573
3643,Tm5c,1.4125249364094645,28.0,1,[2096],one_led_group,1.4125249364094639,28,6.661338147750939e-16,True,True,1.4125249364094639,1.4125249364094639
3644,Tm5c,1.3440021161691054,15.0,1,[2097],one_led_group,1.3440021161691051,15,2.220446049250313e-16,True,True,1.3440021161691051,1.3440021161691051
3645,Tm5c,1.1977861399358525,84.0,1,[2098],one_led_group,1.1537899685017754,88,0.04399617143407708,False,False,1.1537899685017754,1.1537899685017754
3646,Tm5c,1.5481199513315373,30.0,1,[2099],one_led_group,1.5481199513315373,30,0.0,True,True,1.5481199513315373,1.5481199513315373
3647,Tm5c,0.49383491822389974,49.0,1,[2100],one_led_group,0.4643782547648233,51,0.029456663459076438,False,False,0.4643782547648233,0.4643782547648233
3648,Tm5c,0.9719997946101314,21.0,1,[2101],one_led_group,0.8854188609893783,23,0.08658093362075314,False,False,0.8854188609893783,0.8854188609893783
3649,Tm5c,1.4638883728866077,109.0,1,[2102],one_led_group,1.4053304084777187,112,0.05855796440888894,False,False,1.4053304084777187,1.4053304084777187
3650,Tm5c,0.8240352090971014,27.0,1,[2103],one_led_group,0.8240352090971014,27,0.0,True,True,0.8240352090971014,0.8240352090971014
3651,Tm5c,0.3287597821741374,14.0,1,[2104],one_led_group,0.361090569034222,15,0.03233078686008456,False,False,0.361090569034222,0.361090569034222
3652,Tm5c,0.5947878482896627,86.0,1,[2105],one_led_group,0.5995104608801776,88,0.004722612590514874,False,False,0.5995104608801776,0.5995104608801776
3653,Tm5c,0.5616551325846342,167.0,1,[2106],one_led_group,0.5374422384505908,171,0.024212894134043372,False,False,0.5374422384505908,0.5374422384505908
3654,Tm5c,0.45932096327027633,34.0,1,[2107],one_led_group,0.45932096327027633,34,0.0,True,True,0.45932096327027633,0.45932096327027633
3655,Tm5c,0.8708187855659635,32.0,1,[2108],one_led_group,0.8708187855659638,32,3.3306690738754696e-16,True,True,0.8708187855659638,0.8708187855659638
3656,Tm5c,0.8099212861955644,1.0,1,[2109],one_led_group,0.8099212861955642,1,1.1102230246251565e-16,True,True,0.8099212861955642,0.8099212861955642
3657,Tm5c,1.2238431051881906,52.0,1,[2110],one_led_group,1.1747283178816024,53,0.04911478730658825,False,False,1.1747283178816024,1.1747283178816024
3658,Tm5c,1.038530028550611,177.0,1,[2111],one_led_group,1.024438683597675,180,0.014091344952935847,False,False,1.024438683597675,1.024438683597675
3659,Tm5c,0.49829063384846556,69.0,1,[2112],one_led_group,0.4982906338484653,69,2.7755575615628914e-16,True,True,0.4982906338484653,0.4982906338484653
3660,Tm5c,1.4305103565446744,24.0,1,[2114],one_led_group,1.290160449974378,25,0.14034990657029645,False,False,1.290160449974378,1.290160449974378
3661,Tm5c,1.3490684528635193,26.0,1,[2115],one_led_group,1.349068452863519,26,2.220446049250313e-16,True,True,1.349068452863519,1.349068452863519
3662,Tm5c,1.5061581032733378,17.0,1,[2116],one_led_group,1.2462876063925514,21,0.25987049688078634,False,False,1.2462876063925514,1.2462876063925514
3663,Tm5c,1.3560388688898464,27.0,1,[2117],one_led_group,1.2666020355286203,28,0.0894368333612261,False,False,1.2666020355286203,1.2666020355286203
3664,Tm5c,0.7902233642142107,15.0,1,[2118],one_led_group,0.7902233642142106,15,1.1102230246251565e-16,True,True,0.7902233642142106,0.7902233642142106
3665,Tm5c,1.5108876052423725,12.0,1,[2119],one_led_group,1.510887605242373,12,4.440892098500626e-16,True,True,1.510887605242373,1.510887605242373
3666,Tm5c,0.2116540764119717,20.0,1,[2120],one_led_group,0.1789063491208915,28,0.03274772729108019,False,False,0.1789063491208915,0.1789063491208915
3667,Tm5c,0.5730464380877719,53.0,1,[2121],one_led_group,0.5730464380877719,53,0.0,True,True,0.5730464380877719,0.5730464380877719
3668,Tm5c,1.7568969889557273,46.0,1,[2122],one_led_group,1.756896988955727,46,2.220446049250313e-16,True,True,1.756896988955727,1.756896988955727
3669,Tm5c,0.6982522299210395,78.0,1,[2123],one_led_group,0.6945562529142981,80,0.003695977006741402,False,False,0.6945562529142981,0.6945562529142981
3670,Tm5c,0.47676909751706714,161.0,1,[2124],one_led_group,0.4769135717301225,164,0.00014447421305535668,False,False,0.4769135717301225,0.4769135717301225
3671,Tm5c,0.6611031996758309,1.0,1,[2125],one_led_group,0.6611031996758308,1,1.1102230246251565e-16,True,True,0.6611031996758308,0.6611031996758308
3672,Tm5c,1.617634917222306,10.0,1,[2126],one_led_group,1.617634917222306,10,0.0,True,True,1.617634917222306,1.617634917222306
3673,Tm5c,1.0436929962353136,34.0,1,[2127],one_led_group,1.0436929962353139,34,2.220446049250313e-16,True,True,1.0436929962353139,1.0436929962353139
3674,Tm5c,0.6683651194940267,31.0,1,[2128],one_led_group,0.6892362993592017,32,0.02087117986517506,False,False,0.6892362993592017,0.6892362993592017
3675,Tm5c,1.6230113658710639,46.0,1,[2130],one_led_group,1.6230113658710634,46,4.440892098500626e-16,True,True,1.6230113658710634,1.6230113658710634
3676,Tm5c,0.41097868318664416,1.0,1,[2131],one_led_group,0.41097868318664427,1,1.1102230246251565e-16,True,True,0.41097868318664427,0.41097868318664427
3677,Tm5c,0.025822356524888422,80.0,1,[2132],one_led_group,0.02582235652488842,80,3.469446951953614e-18,True,True,0.02582235652488842,0.02582235652488842
3678,Tm5c,0.8447637709459755,23.0,1,[2133],one_led_group,0.8314592401994442,25,0.013304530746531373,False,False,0.8314592401994442,0.8314592401994442
3679,Tm5c,0.1419075198805499,17.0,1,[2134],one_led_group,0.14190751988054995,17,5.551115123125783e-17,True,True,0.14190751988054995,0.14190751988054995
3680,Tm5c,-0.06351891715147362,22.0,1,[2135],one_led_group,-0.056767390872068425,23,0.006751526279405194,False,False,-0.056767390872068425,-0.056767390872068425
3681,Tm5c,0.3595319623037458,39.0,1,[2136],one_led_group,0.35953196230374584,39,5.551115123125783e-17,True,True,0.35953196230374584,0.35953196230374584
3682,Tm5c,0.3324595026277598,15.0,1,[2137],one_led_group,0.3361394582280314,16,0.003679955600271567,False,False,0.3361394582280314,0.3361394582280314
3683,Tm5c,0.06484598946155105,25.0,1,[2138],one_led_group,0.06484598946155104,25,1.3877787807814457e-17,True,True,0.06484598946155104,0.06484598946155104
3684,Tm5c,1.2322751138213814,48.0,1,[2139],one_led_group,1.1420652364303538,50,0.0902098773910276,False,False,1.1420652364303538,1.1420652364303538
3685,Tm5c,1.3300991937080973,60.0,1,[2140],one_led_group,1.1381840137702726,67,0.1919151799378247,False,False,1.1381840137702726,1.1381840137702726
3686,Tm5c,1.295737042657969,255.0,1,[2141],one_led_group,1.2783627495116736,258,0.01737429314629546,False,False,1.2783627495116736,1.2783627495116736
3687,Tm5c,1.3474210718130148,23.0,1,[2142],one_led_group,1.190665295101172,25,0.15675577671184282,False,False,1.190665295101172,1.190665295101172
3688,Tm5c,1.3801748515806302,56.0,1,[2143],one_led_group,1.3599636379423155,57,0.020211213638314796,False,False,1.3599636379423155,1.3599636379423155
3689,Tm5c,1.0389516713216482,86.0,1,[2144],one_led_group,1.0121735241338443,90,0.026778147187803913,False,False,1.0121735241338443,1.0121735241338443
3690,Tm5c,1.4769737256768387,44.0,1,[2145],one_led_group,1.4769737256768387,44,0.0,True,True,1.4769737256768387,1.4769737256768387
3691,Tm5c,1.4209304171647132,14.0,1,[2146],one_led_group,1.4209304171647132,14,0.0,True,True,1.4209304171647132,1.4209304171647132
3692,Tm5c,0.9373402659902491,44.0,1,[2147],one_led_group,0.9373402659902491,44,0.0,True,True,0.9373402659902491,0.9373402659902491
3693,Tm5c,0.6801516371357235,36.0,1,[2148],one_led_group,0.6801516371357236,36,1.1102230246251565e-16,True,True,0.6801516371357236,0.6801516371357236
3694,Tm5c,1.5044324477088682,44.0,1,[2149],one_led_group,1.5044324477088684,44,2.220446049250313e-16,True,True,1.5044324477088684,1.5044324477088684
3695,Tm5c,0.898825090728449,44.0,1,[2150],one_led_group,0.8988250907284489,44,1.1102230246251565e-16,True,True,0.8988250907284489,0.8988250907284489
3696,Tm5c,0.8541099627348271,39.0,1,[2151],one_led_group,0.7968433923993468,41,0.05726657033548033,False,False,0.7968433923993468,0.7968433923993468
3697,Tm5c,1.1544376992279781,39.0,1,[2152],one_led_group,1.075775385868606,41,0.07866231335937202,False,False,1.075775385868606,1.075775385868606
3698,Tm5c,1.481335128040352,20.0,1,[2153],one_led_group,0.7062001216483254,28,0.7751350063920266,False,False,0.7062001216483254,0.7062001216483254
3699,Tm5c,0.8189419045536754,20.0,1,[2154],one_led_group,0.4453337924208583,28,0.37360811213281714,False,False,0.4453337924208583,0.4453337924208583
3700,Tm5c,0.7860440281357605,49.0,1,[2155],one_led_group,0.7502492710588827,51,0.03579475707687774,False,False,0.7502492710588827,0.7502492710588827
3701,Tm5c,0.7860021934566624,10.0,1,[2156],one_led_group,0.8146225616064248,12,0.02862036814976232,False,False,0.8146225616064248,0.8146225616064248
3702,Tm5c,1.148183024885996,10.0,1,[2157],one_led_group,1.017617260604572,12,0.1305657642814242,False,False,1.017617260604572,1.017617260604572
3703,Tm5c,1.0243881316373857,24.0,1,[2159],one_led_group,0.9519116538245963,25,0.07247647781278943,False,False,0.9519116538245963,0.9519116538245963
3704,Tm5c,1.586156941971608,25.0,1,[2160],one_led_group,1.4891001317030164,26,0.09705681026859159,False,False,1.4891001317030164,1.4891001317030164
3705,Tm5c,1.441879680147718,47.0,1,[2161],one_led_group,1.0821783837780712,55,0.3597012963696469,False,False,1.0821783837780712,1.0821783837780712
3706,Tm5c,0.7069638719906958,44.0,1,[2162],one_led_group,0.7069638719906958,44,0.0,True,True,0.7069638719906958,0.7069638719906958
3707,Tm5c,1.5615304127575624,42.0,1,[2163],one_led_group,1.5615304127575627,42,2.220446049250313e-16,True,True,1.5615304127575627,1.5615304127575627
3708,Tm5c,1.331931012807022,80.0,1,[2164],one_led_group,1.3319310128070219,80,2.220446049250313e-16,True,True,1.3319310128070219,1.3319310128070219
3709,Tm5c,1.074996974764476,53.0,1,[2165],one_led_group,1.0405567057956664,55,0.034440268968809695,False,False,1.0405567057956664,1.0405567057956664
3710,Tm5c,1.1077680726032977,133.0,1,[2166],one_led_group,1.0769476024147495,135,0.030820470188548166,False,False,1.0769476024147495,1.0769476024147495
3711,Tm5c,-0.25919917304147505,6.0,1,[2167],one_led_group,-0.1069241414495113,14,0.15227503159196376,False,False,-0.1069241414495113,-0.1069241414495113
3712,Tm5c,0.5909008193787065,32.0,1,[2168],one_led_group,0.5263632041314006,36,0.06453761524730595,False,False,0.5263632041314006,0.5263632041314006
3713,Tm5c,1.3895977209502293,73.0,1,[2169],one_led_group,1.3927245261544308,74,0.0031268052042014993,False,False,1.3927245261544308,1.3927245261544308
3714,Tm5c,0.4771441105932288,69.0,1,[2170],one_led_group,0.49488831010244216,71,0.017744199509213354,False,False,0.49488831010244216,0.49488831010244216
3715,Tm5c,0.5412805678500091,57.0,1,[2171],one_led_group,0.5146807956560177,58,0.026599772193991456,False,False,0.5146807956560177,0.5146807956560177
3716,Tm5c,1.3348375559531203,15.0,1,[2172],one_led_group,1.3294818078624722,16,0.005355748090648094,False,False,1.3294818078624722,1.3294818078624722
3717,Tm5c,0.9523809710624083,15.0,1,[2173],one_led_group,0.9299907693911961,16,0.022390201671212195,False,False,0.9299907693911961,0.9299907693911961
3718,Tm5c,0.3292181474309292,44.0,1,[2174],one_led_group,0.3292181474309292,44,0.0,True,True,0.3292181474309292,0.3292181474309292
3719,Tm5c,1.1048336142286803,239.0,1,[2175],one_led_group,1.0785990901795437,244,0.02623452404913662,False,False,1.0785990901795437,1.0785990901795437
3720,Tm5c,0.94536495698523,2.0,1,[2176],one_led_group,0.9453649569852303,2,2.220446049250313e-16,True,True,0.9453649569852303,0.9453649569852303
3721,Tm5c,1.2059155613770025,19.0,1,[2177],one_led_group,0.533255825596719,26,0.6726597357802835,False,False,0.533255825596719,0.533255825596719
3722,Tm5c,1.2240739315972031,19.0,1,[2178],one_led_group,0.7671672442384053,26,0.4569066873587978,False,False,0.7671672442384053,0.7671672442384053
3723,Tm5c,0.9873419843587399,29.0,1,[2179],one_led_group,0.9873419843587395,29,3.3306690738754696e-16,True,True,0.9873419843587395,0.9873419843587395
3724,Tm5c,0.9934098622289828,29.0,1,[2180],one_led_group,0.9934098622289829,29,1.1102230246251565e-16,True,True,0.9934098622289829,0.9934098622289829
3725,Tm5c,1.284927747081261,21.0,1,[2181],one_led_group,0.7187606780109805,29,0.5661670690702805,False,False,0.7187606780109805,0.7187606780109805
3726,Tm5c,1.3314680519451412,44.0,1,[2182],one_led_group,1.3314680519451414,44,2.220446049250313e-16,True,True,1.3314680519451414,1.3314680519451414
3727,Tm5c,0.2730346916917992,12.0,1,[2183],one_led_group,0.2730346916917993,12,5.551115123125783e-17,True,True,0.2730346916917993,0.2730346916917993
3728,Tm5c,0.9933896679720282,69.0,1,[2184],one_led_group,0.9657100638836937,70,0.027679604088334475,False,False,0.9657100638836937,0.9657100638836937
3729,Tm5c,0.8609026655208234,1.0,1,[2185],one_led_group,0.8609026655208234,1,0.0,True,True,0.8609026655208234,0.8609026655208234
3730,Tm5c,0.8254012381574957,29.0,1,[2187],one_led_group,0.8191712773532299,31,0.006229960804265744,False,False,0.8191712773532299,0.8191712773532299
3731,Tm5c,0.36563165972755673,15.0,1,[2188],one_led_group,0.2860964850038757,17,0.07953517472368105,False,False,0.2860964850038757,0.2860964850038757
3732,Tm5c,1.0479942040962875,25.0,1,[2189],one_led_group,0.9883654555091167,26,0.05962874858717082,False,False,0.9883654555091167,0.9883654555091167
3733,Tm5c,1.2951095396037453,32.0,1,[2190],one_led_group,1.285107428881461,33,0.010002110722284296,False,False,1.285107428881461,1.285107428881461
3734,Tm5c,1.127973967595628,68.0,1,[2191],one_led_group,1.0917619201229767,69,0.036212047472651276,False,False,1.0917619201229767,1.0917619201229767
3735,Tm5c,1.0495866129606675,17.0,1,[2192],one_led_group,0.7454906973314569,25,0.30409591562921057,False,False,0.7454906973314569,0.7454906973314569
3736,Tm5c,1.444594586606882,14.0,1,[2193],one_led_group,1.4445945866068814,14,4.440892098500626e-16,True,True,1.4445945866068814,1.4445945866068814
3737,Tm5c,1.356926735133825,73.0,1,[2194],one_led_group,1.3208284110978787,75,0.03609832403594626,False,False,1.3208284110978787,1.3208284110978787
3738,Tm5c,0.5481670872426057,287.0,1,[2195],one_led_group,0.5406715272690208,293,0.007495559973584864,False,False,0.5406715272690208,0.5406715272690208
3739,Tm5c,0.5445275960822705,22.0,1,[2196],one_led_group,0.4714127290633179,26,0.07311486701895265,False,False,0.4714127290633179,0.4714127290633179
3740,Tm5c,0.9795776289011924,25.0,1,[2197],one_led_group,0.9795776289011923,25,1.1102230246251565e-16,True,True,0.9795776289011923,0.9795776289011923
3741,Tm5c,1.1588510715019298,229.0,1,[2198],one_led_group,1.1350948613973553,233,0.023756210104574516,False,False,1.1350948613973553,1.1350948613973553
3742,Tm5c,0.5368529125843776,69.0,1,[2199],one_led_group,0.5368529125843778,69,2.220446049250313e-16,True,True,0.5368529125843778,0.5368529125843778
3743,Tm5c,0.540100859249905,19.0,1,[2200],one_led_group,0.28285237580971756,26,0.25724848344018747,False,False,0.28285237580971756,0.28285237580971756
3744,Tm5c,0.6271925782789933,19.0,1,[2201],one_led_group,0.3099940852536267,26,0.3171984930253666,False,False,0.3099940852536267,0.3099940852536267
3745,Tm5c,0.9740863797022987,22.0,1,[2202],one_led_group,0.9784458449774699,24,0.0043594652751711704,False,False,0.9784458449774699,0.9784458449774699
3746,Tm5c,0.8171574433799149,22.0,1,[2203],one_led_group,0.7783660471059103,24,0.03879139627400463,False,False,0.7783660471059103,0.7783660471059103
3747,Tm5c,1.5920858644498683,40.0,1,[2204],one_led_group,1.5920858644498685,40,2.220446049250313e-16,True,True,1.5920858644498685,1.5920858644498685
3748,Tm5c,0.14529377637463167,222.0,1,[2205],one_led_group,0.16209135350754808,226,0.016797577132916408,False,False,0.16209135350754808,0.16209135350754808
3749,Tm5c,0.7541933905440361,15.0,1,[2206],one_led_group,0.7541933905440359,15,2.220446049250313e-16,True,True,0.7541933905440359,0.7541933905440359
3750,Tm5c,1.0783693023034568,68.0,1,[2207],one_led_group,1.0445817115659632,69,0.0337875907374936,False,False,1.0445817115659632,1.0445817115659632
3751,Tm5c,1.1414339469054515,68.0,1,[2208],one_led_group,1.1125896622691966,69,0.02884428463625488,False,False,1.1125896622691966,1.1125896622691966
3752,Tm5c,1.0332356376913947,203.0,1,[2209],one_led_group,1.0159246871863041,207,0.017310950505090572,False,False,1.0159246871863041,1.0159246871863041
3753,Tm5c,1.0554768048748144,31.0,1,[2210],one_led_group,1.0567821387534209,32,0.0013053338786064295,False,False,1.0567821387534209,1.0567821387534209
3754,Tm5c,0.7098549619108222,42.0,1,[2211],one_led_group,0.7098549619108222,42,0.0,True,True,0.7098549619108222,0.7098549619108222
3755,Tm5c,0.6853190047088601,42.0,1,[2212],one_led_group,0.6853190047088602,42,1.1102230246251565e-16,True,True,0.6853190047088602,0.6853190047088602
3756,Tm5c,1.146308426690079,57.0,1,[2213],one_led_group,1.051951521965756,59,0.0943569047243229,False,False,1.051951521965756,1.051951521965756
3757,Tm5c,1.2452626047188073,57.0,1,[2214],one_led_group,1.2101477438899764,59,0.035114860828830974,False,False,1.2101477438899764,1.2101477438899764
3758,Tm5c,0.6377933650435809,45.0,1,[2215],one_led_group,0.5115545702859241,53,0.12623879475765676,False,False,0.5115545702859241,0.5115545702859241
3759,Tm5c,0.631354028885427,41.0,1,[2216],one_led_group,0.5603868662991291,43,0.07096716258629787,False,False,0.5603868662991291,0.5603868662991291
3760,Tm5c,1.7730784559579535,46.0,1,[2217],one_led_group,1.7730784559579533,46,2.220446049250313e-16,True,True,1.7730784559579533,1.7730784559579533
3761,Tm5c,1.363604472223958,46.0,1,[2218],one_led_group,1.3636044722239578,46,2.220446049250313e-16,True,True,1.3636044722239578,1.3636044722239578
3762,Tm5c,1.4124528874237505,44.0,1,[2219],one_led_group,1.4124528874237503,44,2.220446049250313e-16,True,True,1.4124528874237503,1.4124528874237503
3763,Tm5c,1.3889469434402932,44.0,1,[2220],one_led_group,1.388946943440293,44,2.220446049250313e-16,True,True,1.388946943440293,1.388946943440293
3764,Tm5c,0.5938530292861578,16.0,1,[2221],one_led_group,0.5938530292861579,16,1.1102230246251565e-16,True,True,0.5938530292861579,0.5938530292861579
3765,Tm5c,0.7801606356473209,24.0,1,[2222],one_led_group,0.6792620219363452,25,0.10089861371097564,False,False,0.6792620219363452,0.6792620219363452
3766,Tm5c,2.429198361805313,1.0,1,[2223],one_led_group,2.429198361805312,1,8.881784197001252e-16,True,True,2.429198361805312,2.429198361805312
3767,Tm5c,1.3062019441763286,56.0,1,[2224],one_led_group,1.2747611761823037,57,0.031440767994024954,False,False,1.2747611761823037,1.2747611761823037
3768,Tm5c,1.1747537349162127,86.0,1,[2225],one_led_group,1.1505820823222468,90,0.02417165259396592,False,False,1.1505820823222468,1.1505820823222468
3769,Tm5c,1.896286919282517,15.0,1,[2226],one_led_group,1.896286919282517,15,0.0,True,True,1.896286919282517,1.896286919282517
3770,Tm5c,1.5945143375017152,28.0,1,[2227],one_led_group,1.5945143375017143,28,8.881784197001252e-16,True,True,1.5945143375017143,1.5945143375017143
3771,Tm5c,1.4480395335057126,30.0,1,[2228],one_led_group,1.4480395335057128,30,2.220446049250313e-16,True,True,1.4480395335057128,1.4480395335057128
3772,Tm5c,1.2782020081137322,84.0,1,[2229],one_led_group,1.2163250605028078,88,0.06187694761092444,False,False,1.2163250605028078,1.2163250605028078
3773,Tm5c,0.7554059355275824,21.0,1,[2230],one_led_group,0.7389230210246597,23,0.01648291450292272,False,False,0.7389230210246597,0.7389230210246597
3774,Tm5c,0.588315328657272,49.0,1,[2231],one_led_group,0.5883407540459479,51,2.5425388675892613e-05,False,False,0.5883407540459479,0.5883407540459479
3775,Tm5c,0.9382246817470785,44.0,1,[2232],one_led_group,0.9382246817470791,44,5.551115123125783e-16,True,True,0.9382246817470791,0.9382246817470791
3776,Tm5c,0.8623202752318649,32.0,1,[2233],one_led_group,0.8460073388217216,33,0.01631293641014331,False,False,0.8460073388217216,0.8460073388217216
3777,Tm5c,0.9875681482755052,44.0,1,[2234],one_led_group,0.9875681482755053,44,1.1102230246251565e-16,True,True,0.9875681482755053,0.9875681482755053
3778,Tm5c,1.0315018288674955,25.0,1,[2235],one_led_group,0.9396214071977561,26,0.09188042166973942,False,False,0.9396214071977561,0.9396214071977561
3779,Tm5c,0.40151179592221925,45.0,1,[2236],one_led_group,0.2793457709703752,53,0.12216602495184403,False,False,0.2793457709703752,0.2793457709703752
3780,Tm5c,1.598680729143091,109.0,1,[2237],one_led_group,1.555017742792942,112,0.04366298635014898,False,False,1.555017742792942,1.555017742792942
3781,Tm5c,0.8372114732851635,169.0,1,[2238],one_led_group,0.828634880397549,172,0.008576592887614587,False,False,0.828634880397549,0.828634880397549
3782,Tm5c,0.9944676222817417,27.0,1,[2239],one_led_group,0.9944676222817416,27,1.1102230246251565e-16,True,True,0.9944676222817416,0.9944676222817416
3783,Tm5c,0.8326565481717358,41.0,1,[2240],one_led_group,0.7423321743773823,43,0.09032437379435354,False,False,0.7423321743773823,0.7423321743773823
3784,Tm5c,0.9105386536005334,36.0,1,[2241],one_led_group,0.9105386536005334,36,0.0,True,True,0.9105386536005334,0.9105386536005334
3785,Tm5c,0.2816494188283481,14.0,1,[2242],one_led_group,0.18298812734676648,15,0.09866129148158162,False,False,0.18298812734676648,0.18298812734676648
3786,Tm5c,1.52528010898461,32.0,1,[2243],one_led_group,1.53203819941211,33,0.006758090427499974,False,False,1.53203819941211,1.53203819941211
3787,Tm5c,1.0254049127502145,25.0,1,[2244],one_led_group,1.0254049127502145,25,0.0,True,True,1.0254049127502145,1.0254049127502145
3788,Tm5c,0.7205305799021013,510.0,1,[2245],one_led_group,0.6862345494043188,528,0.034296030497782515,False,False,0.6862345494043188,0.6862345494043188
3789,Tm5c,0.09506631504539031,26.0,1,[2246],one_led_group,0.09506631504539031,26,0.0,True,True,0.09506631504539031,0.09506631504539031
3790,Tm5c,0.06834802906513714,26.0,1,[2247],one_led_group,0.06834802906513711,26,2.7755575615628914e-17,True,True,0.06834802906513711,0.06834802906513711
3791,Tm5c,0.053620990697785795,64.0,1,[2248],one_led_group,0.05588137605012423,68,0.002260385352338433,False,False,0.05588137605012423,0.05588137605012423
3792,Tm5c,0.26196795058424366,64.0,1,[2249],one_led_group,0.269042230230495,68,0.007074279646251347,False,False,0.269042230230495,0.269042230230495
3793,Tm5c,0.8554568616080489,32.0,1,[2250],one_led_group,0.8554568616080488,32,1.1102230246251565e-16,True,True,0.8554568616080488,0.8554568616080488
3794,Tm5c,-0.10329889554072873,201.0,1,[2251],one_led_group,-0.09848878102428411,205,0.0048101145164446135,False,False,-0.09848878102428411,-0.09848878102428411
3795,Tm5c,-0.12388210793219757,266.0,1,[2252],one_led_group,-0.11288622878358265,270,0.010995879148614926,False,False,-0.11288622878358265,-0.11288622878358265
3796,Tm5c,-0.09401610853292522,65.0,1,[2253],one_led_group,-0.09401610853292519,65,2.7755575615628914e-17,True,True,-0.09401610853292519,-0.09401610853292519
3797,Tm5c,0.6150850738769212,239.0,1,[2256],one_led_group,0.6005423919248346,244,0.014542681952086634,False,False,0.6005423919248346,0.6005423919248346
3798,Tm5c,0.8097198413315841,34.0,1,[2257],one_led_group,0.8097198413315841,34,0.0,True,True,0.8097198413315841,0.8097198413315841
3799,Tm5c,1.4289465786908586,1.0,1,[2259],one_led_group,1.4289465786908588,1,2.220446049250313e-16,True,True,1.4289465786908588,1.4289465786908588
3800,Tm5c,1.133283200224185,1.0,1,[2260],one_led_group,1.133283200224185,1,0.0,True,True,1.133283200224185,1.133283200224185
3801,Tm5c,0.7562114805465853,58.0,1,[2261],one_led_group,0.7574136396739247,60,0.0012021591273394527,False,False,0.7574136396739247,0.7574136396739247
3802,Tm5c,0.5701092964220952,30.0,1,[2262],one_led_group,0.5701092964220952,30,0.0,True,True,0.5701092964220952,0.5701092964220952
3803,Tm5c,0.39741267150308585,167.0,1,[2263],one_led_group,0.3902499279649208,168,0.0071627435381650395,False,False,0.3902499279649208,0.3902499279649208
3804,Tm5c,0.3885812652729977,24.0,1,[2264],one_led_group,0.3458521116607197,25,0.04272915361227797,False,False,0.3458521116607197,0.3458521116607197
3805,Tm5c,1.1001338877094715,44.0,1,[2265],one_led_group,1.1001338877094717,44,2.220446049250313e-16,True,True,1.1001338877094717,1.1001338877094717
3806,Tm5c,1.5179003858907774,44.0,1,[2266],one_led_group,1.5179003858907778,44,4.440892098500626e-16,True,True,1.5179003858907778,1.5179003858907778
3807,Tm5c,1.4632729578185868,262.0,1,[2267],one_led_group,1.4210727688083202,267,0.042200189010266564,False,False,1.4210727688083202,1.4210727688083202
3808,Tm5c,1.2437034413704962,33.0,1,[2268],one_led_group,1.2437034413704962,33,0.0,True,True,1.2437034413704962,1.2437034413704962
3809,Tm5c,1.0759193233546716,1.0,1,[2269],one_led_group,1.0759193233546713,1,2.220446049250313e-16,True,True,1.0759193233546713,1.0759193233546713
3810,Tm5c,0.1594886386300371,10.0,1,[2270],one_led_group,0.1594886386300371,10,0.0,True,True,0.1594886386300371,0.1594886386300371
3811,Tm5c,1.4309686770349583,40.0,1,[2271],one_led_group,1.430968677034958,40,4.440892098500626e-16,True,True,1.430968677034958,1.430968677034958
3812,Tm5c,0.25642341026046384,14.0,1,[2272],one_led_group,0.25642341026046384,14,0.0,True,True,0.25642341026046384,0.25642341026046384
3813,Tm5c,1.6548513228360284,1.0,1,[2273],one_led_group,1.6548513228360284,1,0.0,True,True,1.6548513228360284,1.6548513228360284
3814,Tm5c,1.9879544991202724,1.0,1,[2274],one_led_group,1.9879544991202727,1,2.220446049250313e-16,True,True,1.9879544991202727,1.9879544991202727
3815,Tm5c,0.5393010295785164,12.0,1,[2275],one_led_group,0.3749526642400397,13,0.16434836533847674,False,False,0.3749526642400397,0.3749526642400397
3816,Tm5c,0.5174207628813323,12.0,1,[2276],one_led_group,0.447152008335483,13,0.0702687545458493,False,False,0.447152008335483,0.447152008335483
3817,Tm5c,1.3765108618871964,5.0,1,[2277],one_led_group,1.3765108618871964,5,0.0,True,True,1.3765108618871964,1.3765108618871964
3818,Tm5c,1.605777782566168,5.0,1,[2278],one_led_group,1.605777782566168,5,0.0,True,True,1.605777782566168,1.605777782566168
3819,Tm5c,0.6044318628338748,53.0,1,[2279],one_led_group,0.6044318628338746,53,2.220446049250313e-16,True,True,0.6044318628338746,0.6044318628338746
3820,Tm5c,1.3084142896152433,187.0,1,[2280],one_led_group,1.2774755855619229,190,0.030938704053320443,False,False,1.2774755855619229,1.2774755855619229
3821,Tm5c,1.3413969613186982,24.0,1,[2281],one_led_group,1.274755860400664,25,0.06664110091803432,False,False,1.274755860400664,1.274755860400664
3822,Tm5c,1.6151403117520189,26.0,1,[2282],one_led_group,1.6151403117520187,26,2.220446049250313e-16,True,True,1.6151403117520187,1.6151403117520187
3823,Tm5c,1.151671192902364,17.0,1,[2283],one_led_group,1.069208785328308,21,0.08246240757405587,False,False,1.069208785328308,1.069208785328308
3824,Tm5c,1.1088806845037444,6.0,1,[2284],one_led_group,1.1088806845037444,6,0.0,True,True,1.1088806845037444,1.1088806845037444
3825,Tm5c,1.0124934586135113,39.0,1,[2285],one_led_group,1.0124934586135115,39,2.220446049250313e-16,True,True,1.0124934586135115,1.0124934586135115
3826,Tm5c,1.7152584838243128,27.0,1,[2286],one_led_group,1.601500234040632,28,0.11375824978368088,False,False,1.601500234040632,1.601500234040632
3827,Tm5c,1.2529375588311271,30.0,1,[2287],one_led_group,1.2529375588311271,30,0.0,True,True,1.2529375588311271,1.2529375588311271
3828,Tm5c,1.31927842620853,30.0,1,[2288],one_led_group,1.31927842620853,30,0.0,True,True,1.31927842620853,1.31927842620853
3829,Tm5c,1.2947640548943091,1.0,1,[2289],one_led_group,1.2947640548943093,1,2.220446049250313e-16,True,True,1.2947640548943093,1.2947640548943093
3830,Tm5c,1.0491372671684058,1.0,1,[2290],one_led_group,1.049137267168406,1,2.220446049250313e-16,True,True,1.049137267168406,1.049137267168406
3831,Tm5c,2.2015963225232618,12.0,1,[2291],one_led_group,2.2015963225232613,12,4.440892098500626e-16,True,True,2.2015963225232613,2.2015963225232613
3832,Tm5c,1.6484587576827905,34.0,1,[2292],one_led_group,1.648458757682791,34,4.440892098500626e-16,True,True,1.648458757682791,1.648458757682791
3833,Tm5c,1.9103873128144504,34.0,1,[2293],one_led_group,1.9103873128144504,34,0.0,True,True,1.9103873128144504,1.9103873128144504
3834,Tm5c,0.5349738748434673,20.0,1,[2294],one_led_group,0.2810806951212192,28,0.25389317972224806,False,False,0.2810806951212192,0.2810806951212192
3835,Tm5c,0.8300114913242603,169.0,1,[2295],one_led_group,0.8078008012753916,172,0.022210690048868775,False,False,0.8078008012753916,0.8078008012753916
3836,Tm5c,0.6886757464792262,23.0,1,[2296],one_led_group,0.6429620617779023,25,0.045713684701323976,False,False,0.6429620617779023,0.6429620617779023
3837,Tm5c,0.32833839261723446,167.0,1,[2297],one_led_group,0.3257975612265202,168,0.00254083139071426,False,False,0.3257975612265202,0.3257975612265202
3838,Tm5c,0.41772907535150516,57.0,1,[2298],one_led_group,0.4006547659546981,58,0.01707430939680704,False,False,0.4006547659546981,0.4006547659546981
3839,Tm5c,0.9211699521935851,69.0,1,[2299],one_led_group,0.8889959615211498,71,0.032173990672435315,False,False,0.8889959615211498,0.8889959615211498
3840,Tm5c,0.8268192805246252,39.0,1,[2300],one_led_group,0.8268192805246252,39,0.0,True,True,0.8268192805246252,0.8268192805246252
3841,Tm5c,0.8724927667759369,1.0,1,[2301],one_led_group,0.8724927667759369,1,0.0,True,True,0.8724927667759369,0.8724927667759369
3842,Tm5c,1.281558260401884,6.0,1,[2302],one_led_group,1.2815582604018845,6,4.440892098500626e-16,True,True,1.2815582604018845,1.2815582604018845
3843,Tm5c,1.456356295890474,46.0,1,[2303],one_led_group,1.4563562958904739,46,2.220446049250313e-16,True,True,1.4563562958904739,1.4563562958904739
3844,Tm5c,0.3931433717873644,5.0,1,[2304],one_led_group,0.10055907647484745,12,0.29258429531251695,False,False,0.10055907647484745,0.10055907647484745
3845,Tm5c,1.1129103226625527,69.0,1,[2305],one_led_group,1.0739940138002064,70,0.038916308862346316,False,False,1.0739940138002064,1.0739940138002064
3846,Tm5c,0.5973372751121728,29.0,1,[2306],one_led_group,0.5973372751121729,29,1.1102230246251565e-16,True,True,0.5973372751121729,0.5973372751121729
3847,Tm5c,0.9395435207140543,29.0,1,[2307],one_led_group,0.9395435207140546,29,2.220446049250313e-16,True,True,0.9395435207140546,0.9395435207140546
3848,Tm5c,0.8208796591455844,1.0,1,[2308],one_led_group,0.8208796591455845,1,1.1102230246251565e-16,True,True,0.8208796591455845,0.8208796591455845
3849,Tm5c,1.5430124219756232,29.0,1,[2309],one_led_group,1.543012421975623,29,2.220446049250313e-16,True,True,1.543012421975623,1.543012421975623
3850,Tm5c,1.8203482643351998,10.0,1,[2310],one_led_group,1.8203482643351996,10,2.220446049250313e-16,True,True,1.8203482643351996,1.8203482643351996
3851,Tm5c,1.2450772406584691,53.0,1,[2311],one_led_group,1.2450772406584687,53,4.440892098500626e-16,True,True,1.2450772406584687,1.2450772406584687
3852,Tm5c,0.9236493247668592,34.0,1,[2312],one_led_group,0.8197161526237111,42,0.10393317214314812,False,False,0.8197161526237111,0.8197161526237111
3853,Tm5c,1.360977343280409,71.0,1,[2313],one_led_group,1.3609773432804089,71,2.220446049250313e-16,True,True,1.3609773432804089,1.3609773432804089
3854,Tm5c,-0.39400700389121457,68.0,1,[2314],one_led_group,-0.3823937465108609,69,0.011613257380353681,False,False,-0.3823937465108609,-0.3823937465108609
3855,Tm5c,-0.256372549755389,68.0,1,[2315],one_led_group,-0.24394476056095046,69,0.012427789194438515,False,False,-0.24394476056095046,-0.24394476056095046
3856,Tm5c,1.1940953512117556,306.0,1,[2317],one_led_group,1.1725089875676566,311,0.021586363644098938,False,False,1.1725089875676566,1.1725089875676566
3857,Tm5c,1.4971126043096663,1.0,1,[2318],one_led_group,1.4971126043096663,1,0.0,True,True,1.4971126043096663,1.4971126043096663
3858,Tm5c,1.5385295104709589,33.0,1,[2319],one_led_group,1.5385295104709587,33,2.220446049250313e-16,True,True,1.5385295104709587,1.5385295104709587
3859,Tm5c,0.5597122338725181,18.0,1,[2320],one_led_group,0.46398858270501425,20,0.09572365116750386,False,False,0.46398858270501425,0.46398858270501425
3860,Tm5c,1.2598621575683382,71.0,1,[2321],one_led_group,1.259862157568338,71,2.220446049250313e-16,True,True,1.259862157568338,1.259862157568338
3861,Tm5c,1.0796280434441035,34.0,1,[2322],one_led_group,0.8370641745517451,42,0.24256386889235837,False,False,0.8370641745517451,0.8370641745517451
3862,Tm5c,1.1061639305442592,18.0,1,[2323],one_led_group,0.8633188478783715,22,0.24284508266588767,False,False,0.8633188478783715,0.8633188478783715
3863,Tm5c,1.0077053682409927,18.0,1,[2324],one_led_group,0.9614357207907063,22,0.04626964745028639,False,False,0.9614357207907063,0.9614357207907063
3864,Tm5c,1.4654764947957741,53.0,1,[2325],one_led_group,1.4123897204765308,55,0.05308677431924336,False,False,1.4123897204765308,1.4123897204765308
3865,Tm5c,1.2234726007594738,53.0,1,[2326],one_led_group,1.2017078919150745,55,0.021764708844399294,False,False,1.2017078919150745,1.2017078919150745
3866,Tm5c,-0.6634840275056223,7.0,1,[2327],one_led_group,-0.3764040121309008,9,0.2870800153747215,False,False,-0.3764040121309008,-0.3764040121309008
3867,Tm5c,-0.39307699398080415,7.0,1,[2328],one_led_group,-0.2520926831618864,9,0.14098431081891777,False,False,-0.2520926831618864,-0.2520926831618864
3868,Tm5c,0.0019522621294942965,20.0,1,[2329],one_led_group,0.17793500271972373,27,0.17598274059022945,False,False,0.17793500271972373,0.17793500271972373
3869,Tm5c,-0.09165824104117222,20.0,1,[2330],one_led_group,0.13816821508303648,27,0.2298264561242087,False,False,0.13816821508303648,0.13816821508303648
3870,Tm5c,0.47647426907261275,5.0,1,[2331],one_led_group,0.47647426907261287,5,1.1102230246251565e-16,True,True,0.47647426907261287,0.47647426907261287
3871,Tm5c,-0.1621639365577381,5.0,1,[2332],one_led_group,-0.16216393655773803,5,5.551115123125783e-17,True,True,-0.16216393655773803,-0.16216393655773803
3872,Tm5c,0.6898422142379401,24.0,1,[2333],one_led_group,0.6206619538473549,25,0.06918026039058522,False,False,0.6206619538473549,0.6206619538473549
3873,Tm5c,-0.19412420674192155,23.0,1,[2334],one_led_group,-0.10776657284102659,25,0.08635763390089496,False,False,-0.10776657284102659,-0.10776657284102659
3874,Tm5c,-0.43112704673163826,50.0,1,[2335],one_led_group,-0.37056018770230087,53,0.060566859029337394,False,False,-0.37056018770230087,-0.37056018770230087
3875,Tm5c,-0.40128196939388083,50.0,1,[2336],one_led_group,-0.3589868481246031,53,0.04229512126927776,False,False,-0.3589868481246031,-0.3589868481246031
3876,Tm5c,0.37848486918582075,30.0,1,[2337],one_led_group,0.3784848691858207,30,5.551115123125783e-17,True,True,0.3784848691858207,0.3784848691858207
3877,Tm5c,1.413561983796157,69.0,1,[2338],one_led_group,1.3744200372618565,70,0.03914194653430059,False,False,1.3744200372618565,1.3744200372618565
3878,Tm5c,1.3280213041319762,21.0,1,[2339],one_led_group,0.5383432515606196,29,0.7896780525713566,False,False,0.5383432515606196,0.5383432515606196
3879,Tm5c,0.8005248860739413,58.0,1,[2340],one_led_group,0.7936136320027921,60,0.006911254071149231,False,False,0.7936136320027921,0.7936136320027921
3880,Tm5c,1.2146363327525573,29.0,1,[2341],one_led_group,1.1828488665812458,31,0.03178746617131156,False,False,1.1828488665812458,1.1828488665812458
3881,Tm5c,1.261748380156155,86.0,1,[2342],one_led_group,1.2388452894825273,87,0.022903090673627835,False,False,1.2388452894825273,1.2388452894825273
3882,Tm5c,1.2636741954698663,147.0,1,[2343],one_led_group,1.2360823526192846,150,0.027591842850581694,False,False,1.2360823526192846,1.2360823526192846
3883,Tm5c,1.390518204985509,233.0,1,[2344],one_led_group,1.3500837853570387,237,0.040434419628470275,False,False,1.3500837853570387,1.3500837853570387
3884,Tm5c,0.08515016293330571,23.0,1,[2345],one_led_group,0.147376931276364,25,0.06222676834305829,False,False,0.147376931276364,0.147376931276364
3885,Tm5c,0.9769703882841088,18.0,1,[2346],one_led_group,0.8976942210154949,20,0.07927616726861386,False,False,0.8976942210154949,0.8976942210154949
3886,Tm5c,0.875862206151311,41.0,1,[2347],one_led_group,0.875862206151311,41,0.0,True,True,0.875862206151311,0.875862206151311
3887,Tm5c,1.0502758493562978,41.0,1,[2348],one_led_group,1.0502758493562976,41,2.220446049250313e-16,True,True,1.0502758493562976,1.0502758493562976
3888,Tm5c,1.1830917615396237,18.0,1,[2349],one_led_group,1.1205681087719928,20,0.06252365276763094,False,False,1.1205681087719928,1.1205681087719928
3889,Tm5c,1.450646034141173,46.0,1,[2350],one_led_group,1.450646034141173,46,0.0,True,True,1.450646034141173,1.450646034141173
3890,Tm5c,1.129160894795947,60.0,1,[2351],one_led_group,1.129160894795947,60,0.0,True,True,1.129160894795947,1.129160894795947
3891,Tm5c,1.0494756380507602,128.0,1,[2352],one_led_group,1.0041619369489123,132,0.04531370110184785,False,False,1.0041619369489123,1.0041619369489123
3892,Tm5c,-0.051890566487449066,207.0,1,[2353],one_led_group,-0.036073650505110015,212,0.01581691598233905,False,False,-0.036073650505110015,-0.036073650505110015
3893,Tm5c,1.5528893234623058,14.0,1,[2354],one_led_group,1.5528893234623058,14,0.0,True,True,1.5528893234623058,1.5528893234623058
3894,Tm5c,0.6719904134000304,39.0,1,[2355],one_led_group,0.6719904134000304,39,0.0,True,True,0.6719904134000304,0.6719904134000304
3895,Tm5c,1.313985428519046,187.0,1,[2356],one_led_group,1.2861580694362331,190,0.027827359082812864,False,False,1.2861580694362331,1.2861580694362331
3896,Tm5c,-0.8893789707320272,5.0,1,[2361],one_led_group,0.41078003403225344,12,1.3001590047642806,False,False,0.41078003403225344,0.41078003403225344
3897,Tm5c,-0.09805986818791428,24.0,1,[2362],one_led_group,-0.08794913066540362,25,0.010110737522510654,False,False,-0.08794913066540362,-0.08794913066540362
3898,Tm5c,0.5295478218604786,1.0,1,[2363],one_led_group,0.5295478218604784,1,1.1102230246251565e-16,True,True,0.5295478218604784,0.5295478218604784
3899,Tm5c,0.9745007411436958,5.0,1,[2364],one_led_group,0.1212473633560589,12,0.8532533777876369,False,False,0.1212473633560589,0.1212473633560589
3900,Tm5c,0.2214863720883224,5.0,1,[2365],one_led_group,0.020966735078251513,12,0.2005196370100709,False,False,0.020966735078251513,0.020966735078251513
3901,Tm5c,0.39621603399422717,58.0,1,[2366],one_led_group,0.39410936366136873,62,0.00210667033285844,False,False,0.39410936366136873,0.39410936366136873
3902,Tm5c,0.6431527799150308,39.0,1,[2367],one_led_group,0.643152779915031,39,1.1102230246251565e-16,True,True,0.643152779915031,0.643152779915031
3903,Tm5c,0.3040321461299425,14.0,1,[2368],one_led_group,0.30403214612994234,14,1.6653345369377348e-16,True,True,0.30403214612994234,0.30403214612994234
3904,Tm5c,0.6642117033415647,24.0,1,[2369],one_led_group,0.5903444592283985,25,0.07386724411316614,False,False,0.5903444592283985,0.5903444592283985
3905,Tm5c,0.610467227980819,24.0,1,[2370],one_led_group,0.5651716954022432,25,0.04529553257857577,False,False,0.5651716954022432,0.5651716954022432
3906,Tm5c,-0.1627993629726681,24.0,1,[2371],one_led_group,-0.145004864395661,25,0.0177944985770071,False,False,-0.145004864395661,-0.145004864395661
3907,Tm5c,1.2713012224568259,188.0,1,[2372],one_led_group,1.245658370867995,192,0.02564285158883095,False,False,1.245658370867995,1.245658370867995
3908,Tm5c,0.918045738366577,14.0,1,[2373],one_led_group,0.918045738366577,14,0.0,True,True,0.918045738366577,0.918045738366577
3909,Tm5c,0.9393580214446647,14.0,1,[2374],one_led_group,0.9393580214446644,14,3.3306690738754696e-16,True,True,0.9393580214446644,0.9393580214446644
3910,Tm5c,0.8408590222327383,47.0,1,[2375],one_led_group,0.7470382357165227,55,0.09382078651621562,False,False,0.7470382357165227,0.7470382357165227
3911,Tm5c,0.9570701695273162,47.0,1,[2376],one_led_group,0.9021867909556107,55,0.05488337857170544,False,False,0.9021867909556107,0.9021867909556107
3912,Tm5c,1.1814000593011957,255.0,1,[2377],one_led_group,1.1636435519123727,258,0.017756507388823062,False,False,1.1636435519123727,1.1636435519123727
3913,Tm5c,1.1544483992551589,60.0,1,[2378],one_led_group,1.0480164460201675,67,0.10643195323499133,False,False,1.0480164460201675,1.0480164460201675
3914,Tm5c,1.2561364391030012,48.0,1,[2379],one_led_group,1.1756430288624862,50,0.08049341024051504,False,False,1.1756430288624862,1.1756430288624862
3915,Tm5c,0.49655766338096485,55.0,1,[2380],one_led_group,0.5032033240958212,57,0.006645660714856394,False,False,0.5032033240958212,0.5032033240958212
3916,Tm5c,0.6387488611439206,55.0,1,[2381],one_led_group,0.6197643831018806,57,0.018984478042039954,False,False,0.6197643831018806,0.6197643831018806
3917,Tm5c,-0.17551217335602787,5.0,1,[2382],one_led_group,-0.19972328468383274,12,0.024211111327804874,False,False,-0.19972328468383274,-0.19972328468383274
3918,Tm5c,0.1632480720684534,58.0,1,[2383],one_led_group,0.2022970086489918,62,0.0390489365805384,False,False,0.2022970086489918,0.2022970086489918
3919,Tm5c,1.8806849765479388,1.0,1,[2384],one_led_group,1.8806849765479388,1,0.0,True,True,1.8806849765479388,1.8806849765479388
3920,Tm5c,1.6427843182664303,29.0,1,[2386],one_led_group,1.6427843182664306,29,2.220446049250313e-16,True,True,1.6427843182664306,1.6427843182664306
3921,Tm5c,0.7690862122426504,18.0,1,[2387],one_led_group,0.6147293552048367,20,0.15435685703781366,False,False,0.6147293552048367,0.6147293552048367
3922,Tm5c,0.8278567516178177,39.0,1,[2388],one_led_group,0.8278567516178179,39,2.220446049250313e-16,True,True,0.8278567516178179,0.8278567516178179
3923,Tm5c,0.6620966963579252,57.0,1,[2389],one_led_group,0.6627039911502499,58,0.0006072947923246863,False,False,0.6627039911502499,0.6627039911502499
3924,Tm5c,0.6831388429480142,73.0,1,[2390],one_led_group,0.6542682291339996,74,0.028870613814014567,False,False,0.6542682291339996,0.6542682291339996
3925,Tm5c,1.9844507958305342,69.0,1,[2391],one_led_group,1.943978834829884,70,0.04047196100065009,False,False,1.943978834829884,1.943978834829884
3926,Tm5c,1.2237968928936258,53.0,1,[2392],one_led_group,1.2237968928936256,53,2.220446049250313e-16,True,True,1.2237968928936256,1.2237968928936256
3927,Tm5c,-0.14318782029873622,207.0,1,[2393],one_led_group,-0.12423860617511757,212,0.01894921412361865,False,False,-0.12423860617511757,-0.12423860617511757
3928,Tm5c,-0.296532350886941,5.0,1,[2394],one_led_group,0.17610171678618583,12,0.4726340676731269,False,False,0.17610171678618583,0.17610171678618583
3929,Tm5c,1.4774634429673763,44.0,1,[2395],one_led_group,1.4774634429673765,44,2.220446049250313e-16,True,True,1.4774634429673765,1.4774634429673765
3930,Tm5c,1.3882879853629322,1.0,1,[2396],one_led_group,1.3882879853629322,1,0.0,True,True,1.3882879853629322,1.3882879853629322
3931,Tm5c,0.4148162677152782,14.0,1,[2397],one_led_group,0.4148162677152782,14,0.0,True,True,0.4148162677152782,0.4148162677152782
3932,Tm5c,1.1085333662406056,17.0,1,[2398],one_led_group,1.1085333662406054,17,2.220446049250313e-16,True,True,1.1085333662406054,1.1085333662406054
3933,Tm5c,0.8869949997024076,57.0,1,[2399],one_led_group,0.8672950113359714,58,0.01969998836643616,False,False,0.8672950113359714,0.8672950113359714
3934,Tm5c,0.8932366524949307,48.0,1,[2400],one_led_group,0.8552489191049929,50,0.03798773338993777,False,False,0.8552489191049929,0.8552489191049929
3935,Tm5c,0.736880055046705,46.0,1,[2401],one_led_group,0.736880055046705,46,0.0,True,True,0.736880055046705,0.736880055046705
3936,Tm5c,1.157698756515915,1.0,1,[2402],one_led_group,0.9703502383815641,2,0.18734851813435083,False,False,0.9703502383815641,0.9703502383815641
3937,Tm5c,1.2435168446479603,239.0,1,[2403],one_led_group,1.203436010658572,244,0.04008083398938833,False,False,1.203436010658572,1.203436010658572
3938,Tm5c,0.36337630630687406,14.0,1,[2404],one_led_group,0.3633763063068741,14,5.551115123125783e-17,True,True,0.3633763063068741,0.3633763063068741
3939,Tm5c,0.7588403442168208,15.0,1,[2405],one_led_group,0.7588403442168208,15,0.0,True,True,0.7588403442168208,0.7588403442168208
3940,Tm5c,0.9429506783270772,15.0,1,[2406],one_led_group,0.9429506783270775,15,2.220446049250313e-16,True,True,0.9429506783270775,0.9429506783270775
3941,Tm5c,0.8176587922371858,87.0,1,[2407],one_led_group,0.7629866963987696,90,0.05467209583841626,False,False,0.7629866963987696,0.7629866963987696
3942,Tm5c,1.1230133558502045,6.0,1,[2408],one_led_group,1.1230133558502045,6,0.0,True,True,1.1230133558502045,1.1230133558502045
3943,Tm5c,0.8755346139855623,6.0,1,[2409],one_led_group,0.8755346139855623,6,0.0,True,True,0.8755346139855623,0.8755346139855623
3944,Tm5c,0.41601949868105503,10.0,1,[2410],one_led_group,0.4340485405877761,12,0.018029041906721055,False,False,0.4340485405877761,0.4340485405877761
3945,Tm5c,0.9545132371127608,34.0,1,[2411],one_led_group,0.954513237112761,34,2.220446049250313e-16,True,True,0.954513237112761,0.954513237112761
3946,Tm5c,0.9316027951867191,68.0,1,[2412],one_led_group,0.9093354000446014,69,0.02226739514211762,False,False,0.9093354000446014,0.9093354000446014
3947,Tm5c,1.2050519052844624,14.0,1,[2413],one_led_group,1.2050519052844628,14,4.440892098500626e-16,True,True,1.2050519052844628,1.2050519052844628
3948,Tm5c,0.21558581602176405,49.0,1,[2414],one_led_group,0.16065433011842487,53,0.05493148590333918,False,False,0.16065433011842487,0.16065433011842487
3949,Tm5c,1.0341038316053022,40.0,1,[2415],one_led_group,1.0341038316053022,40,0.0,True,True,1.0341038316053022,1.0341038316053022
3950,Tm5c,1.4051357419077255,32.0,1,[2416],one_led_group,1.4109347148835394,33,0.0057989729758138875,False,False,1.4109347148835394,1.4109347148835394
3951,Tm5c,0.23386874167177268,45.0,1,[2417],one_led_group,0.16336252369840262,52,0.07050621797337006,False,False,0.16336252369840262,0.16336252369840262
3952,Tm5c,0.36062721261591857,46.0,1,[2418],one_led_group,0.3322210048408895,53,0.028406207775029058,False,False,0.3322210048408895,0.3322210048408895
3953,Tm5c,0.21259129729365558,46.0,1,[2419],one_led_group,0.1652554119491111,53,0.0473358853445445,False,False,0.1652554119491111,0.1652554119491111
3954,Tm5c,1.1900186188056112,14.0,1,[2420],one_led_group,1.190018618805611,14,2.220446049250313e-16,True,True,1.190018618805611,1.190018618805611
3955,Tm5c,0.13591117278486825,34.0,1,[2421],one_led_group,0.09098748929072857,42,0.04492368349413968,False,False,0.09098748929072857,0.09098748929072857
3956,Tm5c,0.37752965939515815,44.0,1,[2422],one_led_group,0.3775296593951581,44,5.551115123125783e-17,True,True,0.3775296593951581,0.3775296593951581
3957,Tm5c,0.18105296349559602,44.0,1,[2423],one_led_group,0.181052963495596,44,2.7755575615628914e-17,True,True,0.181052963495596,0.181052963495596
3958,Tm5c,1.3679893552543614,22.0,1,[2424],one_led_group,1.29261878572599,23,0.07537056952837129,False,False,1.29261878572599,1.29261878572599
3959,Tm5c,-0.47571693802447396,25.0,1,[2425],one_led_group,-0.4381694506633674,26,0.03754748736110658,False,False,-0.4381694506633674,-0.4381694506633674
3960,Tm5c,-0.022066889113965284,1.0,1,[2426],one_led_group,0.3203787022123946,2,0.3424455913263599,False,False,0.3203787022123946,0.3203787022123946
3961,Tm5c,-1.0358721030120335,1.0,1,[2427],one_led_group,-1.0358721030120337,1,2.220446049250313e-16,True,True,-1.0358721030120337,-1.0358721030120337
3962,Tm5c,0.4337070980223867,45.0,1,[2428],one_led_group,0.29468287170308977,52,0.13902422631929695,False,False,0.29468287170308977,0.29468287170308977
3963,Tm5c,0.11328973553089434,49.0,1,[2429],one_led_group,0.10622177957876194,53,0.0070679559521324015,False,False,0.10622177957876194,0.10622177957876194
3964,Tm5c,0.9987509633377358,34.0,1,[2430],one_led_group,0.9987509633377359,34,1.1102230246251565e-16,True,True,0.9987509633377359,0.9987509633377359
3965,Tm5c,1.0898292562174796,70.0,1,[2431],one_led_group,1.0760300032405248,71,0.013799252976954834,False,False,1.0760300032405248,1.0760300032405248
3966,Tm5c,1.2972118982426246,39.0,1,[2432],one_led_group,1.2972118982426242,39,4.440892098500626e-16,True,True,1.2972118982426242,1.2972118982426242
3967,Tm5c,1.0643627291676794,14.0,1,[2433],one_led_group,1.0643627291676794,14,0.0,True,True,1.0643627291676794,1.0643627291676794
3968,Tm5c,0.7128508748758885,183.0,1,[2434],one_led_group,0.7072757713740352,187,0.005575103501853307,False,False,0.7072757713740352,0.7072757713740352
3969,Tm5c,0.34479067005604913,14.0,1,[2435],one_led_group,0.3447906700560491,14,5.551115123125783e-17,True,True,0.3447906700560491,0.3447906700560491
3970,Tm5c,-0.23075885234559948,6.0,1,[2436],one_led_group,-0.1962136356717698,13,0.034545216673829676,False,False,-0.1962136356717698,-0.1962136356717698
3971,Tm5c,0.5974260657686505,38.0,1,[2437],one_led_group,0.5974260657686506,38,1.1102230246251565e-16,True,True,0.5974260657686506,0.5974260657686506
3972,Tm5c,0.1832454235090199,10.0,1,[2438],one_led_group,0.18324542350901996,10,5.551115123125783e-17,True,True,0.18324542350901996,0.18324542350901996
3973,Tm5c,0.8505257963498628,32.0,1,[2439],one_led_group,0.8505257963498629,32,1.1102230246251565e-16,True,True,0.8505257963498629,0.8505257963498629
3974,Tm5c,0.3211654561589051,15.0,1,[2440],one_led_group,0.2636488620991574,16,0.05751659405974774,False,False,0.2636488620991574,0.2636488620991574
3975,Tm5c,1.0023876715541735,68.0,1,[2441],one_led_group,0.9753289846552157,69,0.02705868689895785,False,False,0.9753289846552157,0.9753289846552157
3976,Tm5c,1.3658703948003583,45.0,1,[2442],one_led_group,1.3658703948003585,45,2.220446049250313e-16,True,True,1.3658703948003585,1.3658703948003585
3977,Tm5c,1.251650812194508,40.0,1,[2443],one_led_group,1.2516508121945076,40,4.440892098500626e-16,True,True,1.2516508121945076,1.2516508121945076
3978,Tm5c,0.8336080277804253,10.0,1,[2444],one_led_group,0.7551145558948398,12,0.07849347188558553,False,False,0.7551145558948398,0.7551145558948398
3979,Tm5c,1.4078312253739569,26.0,1,[2445],one_led_group,1.403598924961906,27,0.0042323004120508045,False,False,1.403598924961906,1.403598924961906
3980,Tm5c,1.4822973819215768,14.0,1,[2446],one_led_group,1.4822973819215772,14,4.440892098500626e-16,True,True,1.4822973819215772,1.4822973819215772
3981,Tm5c,1.142964249654675,16.0,1,[2447],one_led_group,1.142964249654675,16,0.0,True,True,1.142964249654675,1.142964249654675
3982,Tm5c,0.10452885786220271,34.0,1,[2448],one_led_group,0.22278883677601996,42,0.11825997891381725,False,False,0.22278883677601996,0.22278883677601996
3983,Tm5c,-0.1624579631163654,1.0,1,[2449],one_led_group,-0.16245796311636546,1,5.551115123125783e-17,True,True,-0.16245796311636546,-0.16245796311636546
3984,Tm5c,-0.5222310618053747,25.0,1,[2450],one_led_group,-0.47152316352964474,26,0.05070789827572997,False,False,-0.47152316352964474,-0.47152316352964474
3985,Tm5c,-0.039390002933769534,15.0,1,[2451],one_led_group,-0.05538605018742579,16,0.015996047253656255,False,False,-0.05538605018742579,-0.05538605018742579
3986,Tm5c,0.21879245176319204,15.0,1,[2452],one_led_group,0.24597971562944665,16,0.027187263866254613,False,False,0.24597971562944665,0.24597971562944665
3987,Tm5c,0.15148916688104785,44.0,1,[2453],one_led_group,0.16185073664488356,46,0.010361569763835704,False,False,0.16185073664488356,0.16185073664488356
3988,Tm5c,0.07083309772983888,44.0,1,[2454],one_led_group,0.0908775031916398,46,0.020044405461800918,False,False,0.0908775031916398,0.0908775031916398
3989,Tm5c,1.5294352688461603,27.0,1,[2455],one_led_group,1.457958382042619,28,0.07147688680354136,False,False,1.457958382042619,1.457958382042619
3990,Tm5c,1.354195523337919,22.0,1,[2456],one_led_group,1.2452335161173849,23,0.10896200722053417,False,False,1.2452335161173849,1.2452335161173849
3991,Tm5c,1.2015468082858634,109.0,1,[2457],one_led_group,1.1994776640853706,110,0.0020691442004927563,False,False,1.1994776640853706,1.1994776640853706
3992,Tm5c,1.0221627872032732,6.0,1,[2458],one_led_group,0.20325876831474204,13,0.8189040188885313,False,False,0.20325876831474204,0.20325876831474204
3993,Tm5c,0.8316313703754784,32.0,1,[2459],one_led_group,0.8316313703754782,32,2.220446049250313e-16,True,True,0.8316313703754782,0.8316313703754782
3994,Tm5c,0.7424679491283841,87.0,1,[2460],one_led_group,0.7137395053712761,90,0.028728443757108035,False,False,0.7137395053712761,0.7137395053712761
3995,Tm5c,-0.023174424715367698,34.0,1,[2461],one_led_group,-0.023174424715367688,34,1.0408340855860843e-17,True,True,-0.023174424715367688,-0.023174424715367688
3996,Tm5c,0.21323144688662118,68.0,1,[2462],one_led_group,0.21160765907424076,69,0.0016237878123804284,False,False,0.21160765907424076,0.21160765907424076
3997,Tm5c,1.164879336427466,27.0,1,[2463],one_led_group,1.1084632858268995,28,0.05641605060056665,False,False,1.1084632858268995,1.1084632858268995
3998,Tm5c,-0.9345132394436128,1.0,1,[2464],one_led_group,0.3054445494548979,2,1.2399577888985107,False,False,0.3054445494548979,0.3054445494548979
3999,Tm5c,0.311644675389608,84.0,1,[2465],one_led_group,0.31164467538960805,84,5.551115123125783e-17,True,True,0.31164467538960805,0.31164467538960805
4000,Tm5c,0.5793506158233922,15.0,1,[2466],one_led_group,0.5793506158233921,15,1.1102230246251565e-16,True,True,0.5793506158233921,0.5793506158233921
4001,Tm5c,0.3645373059008098,44.0,1,[2467],one_led_group,0.3645373059008099,44,1.1102230246251565e-16,True,True,0.3645373059008099,0.3645373059008099
4002,Tm5c,-0.02575311481492451,45.0,1,[2468],one_led_group,-0.009344311141226778,47,0.016408803673697733,False,False,-0.009344311141226778,-0.009344311141226778
4003,Tm5c,0.7202419854343841,169.0,1,[2469],one_led_group,0.7140295265389651,171,0.006212458895418993,False,False,0.7140295265389651,0.7140295265389651
4004,Tm5c,0.19863319441074387,129.0,1,[2470],one_led_group,0.2033279007426014,130,0.004694706331857534,False,False,0.2033279007426014,0.2033279007426014
4005,Tm5c,1.175156175482911,16.0,1,[2471],one_led_group,1.1751561754829107,16,2.220446049250313e-16,True,True,1.1751561754829107,1.1751561754829107
4006,Tm5c,1.0803511417709049,26.0,1,[2472],one_led_group,1.0085247948115468,27,0.07182634695935808,False,False,1.0085247948115468,1.0085247948115468
4007,Tm5c,1.707618087083797,45.0,1,[2473],one_led_group,1.707618087083798,45,1.1102230246251565e-15,True,True,1.707618087083798,1.707618087083798
4008,Tm5c,0.2599555131193224,129.0,1,[2474],one_led_group,0.26361203547746725,130,0.0036565223581448425,False,False,0.26361203547746725,0.26361203547746725
4009,Tm5c,0.47372915198399174,254.0,1,[2475],one_led_group,0.4664600263100993,256,0.007269125673892429,False,False,0.4664600263100993,0.4664600263100993
4010,Tm5c,0.4807224125983805,14.0,1,[2476],one_led_group,0.4807224125983805,14,0.0,True,True,0.4807224125983805,0.4807224125983805
4011,Tm5c,0.32360286724123605,74.0,1,[2477],one_led_group,0.297687281901605,76,0.025915585339631064,False,False,0.297687281901605,0.297687281901605
4012,Tm5c,0.2360332549050784,76.0,1,[2478],one_led_group,0.23603325490507854,76,1.3877787807814457e-16,True,True,0.23603325490507854,0.23603325490507854
4013,Tm5c,1.0095333290512873,46.0,1,[2479],one_led_group,1.0095333290512871,46,2.220446049250313e-16,True,True,1.0095333290512871,1.0095333290512871
4014,Tm5c,-0.3050664983820561,7.0,1,[2480],one_led_group,-0.261424425832787,9,0.04364207254926905,False,False,-0.261424425832787,-0.261424425832787
4015,Tm5c,0.8010300986757687,46.0,1,[2481],one_led_group,0.8010300986757685,46,2.220446049250313e-16,True,True,0.8010300986757685,0.8010300986757685
4016,Tm5c,-0.532726261383855,1.0,1,[2482],one_led_group,-0.532726261383855,1,0.0,True,True,-0.532726261383855,-0.532726261383855
4017,Tm5c,0.6601762142052852,38.0,1,[2483],one_led_group,0.6601762142052853,38,1.1102230246251565e-16,True,True,0.6601762142052853,0.6601762142052853
4018,Tm5c,2.4590656378329183,1.0,1,[2484],one_led_group,1.0432081894614993,2,1.415857448371419,False,False,1.0432081894614993,1.0432081894614993
4019,Tm5c,0.5337990137917111,22.0,1,[2485],one_led_group,0.4941816326552464,23,0.039617381136464735,False,False,0.4941816326552464,0.4941816326552464
4020,Tm5c,0.7682921147864034,100.0,1,[2486],one_led_group,0.7682921147864035,100,1.1102230246251565e-16,True,True,0.7682921147864035,0.7682921147864035
4021,Tm5c,0.4435967145263919,52.0,1,[2487],one_led_group,0.42002837116871883,53,0.02356834335767305,False,False,0.42002837116871883,0.42002837116871883
4022,Tm5c,0.7953776603391436,34.0,1,[2488],one_led_group,0.7953776603391438,34,2.220446049250313e-16,True,True,0.7953776603391438,0.7953776603391438
4023,Tm5c,-0.13545387001070827,1.0,1,[2489],one_led_group,-0.1354538700107083,1,2.7755575615628914e-17,True,True,-0.1354538700107083,-0.1354538700107083
4024,Tm5c,1.1242371638306998,128.0,1,[2490],one_led_group,1.0874309580795172,131,0.03680620575118265,False,False,1.0874309580795172,1.0874309580795172
4025,Tm5c,0.07769366389322412,34.0,1,[2491],one_led_group,0.07769366389322409,34,2.7755575615628914e-17,True,True,0.07769366389322409,0.07769366389322409
4026,Tm5c,0.2402621709350687,5.0,1,[2492],one_led_group,0.24026217093506866,5,2.7755575615628914e-17,True,True,0.24026217093506866,0.24026217093506866
4027,Tm5c,0.20015859208946743,26.0,1,[2493],one_led_group,0.21864068154152647,27,0.018482089452059036,False,False,0.21864068154152647,0.21864068154152647
4028,Tm5c,0.4914946739041795,15.0,1,[2494],one_led_group,0.44497273786789654,16,0.04652193603628296,False,False,0.44497273786789654,0.44497273786789654
4029,Tm5c,0.2660734690462669,26.0,1,[2495],one_led_group,0.32323964601055477,27,0.057166176964287885,False,False,0.32323964601055477,0.32323964601055477
4030,Tm5c,0.27188161571046054,26.0,1,[2496],one_led_group,0.25663349324760637,28,0.015248122462854174,False,False,0.25663349324760637,0.25663349324760637
4031,Tm5c,-0.1931677240527705,1.0,1,[2497],one_led_group,-0.1931677240527705,1,0.0,True,True,-0.1931677240527705,-0.1931677240527705
4032,Tm5c,1.0955517697534574,32.0,1,[2498],one_led_group,1.0955517697534574,32,0.0,True,True,1.0955517697534574,1.0955517697534574
4033,Tm5c,-0.4940769134246297,1.0,1,[2499],one_led_group,-0.49407691342462945,1,2.7755575615628914e-16,True,True,-0.49407691342462945,-0.49407691342462945
4034,Tm5c,0.01875846321032129,26.0,1,[2500],one_led_group,-0.0025904461633165193,28,0.02134890937363781,False,False,-0.0025904461633165193,-0.0025904461633165193
4035,Tm5c,0.08794014863296551,18.0,1,[2501],one_led_group,0.1950364824940972,25,0.10709633386113168,False,False,0.1950364824940972,0.1950364824940972
4036,Tm5c,0.4822691862645262,24.0,1,[2502],one_led_group,0.43337422518692137,25,0.048894961077604826,False,False,0.43337422518692137,0.43337422518692137
4037,Tm5c,1.1393917027279512,32.0,1,[2503],one_led_group,1.139391702727951,32,2.220446049250313e-16,True,True,1.139391702727951,1.139391702727951
4038,Tm5c,0.9336538113306007,128.0,1,[2504],one_led_group,0.9053500066500257,131,0.028303804680574918,False,False,0.9053500066500257,0.9053500066500257
4039,Tm5c,-0.33876485097184444,5.0,1,[2505],one_led_group,0.08451560230974604,12,0.4232804532815905,False,False,0.08451560230974604,0.08451560230974604
4040,Tm5c,0.6266131749338284,254.0,1,[2506],one_led_group,0.620933916866202,256,0.005679258067626369,False,False,0.620933916866202,0.620933916866202
4041,Tm5c,0.2365436412871749,164.0,1,[2507],one_led_group,0.23540224107489913,166,0.0011414002122757672,False,False,0.23540224107489913,0.23540224107489913
4042,Tm5c,-0.1506544294217332,5.0,1,[2508],one_led_group,-0.15065442942173327,5,5.551115123125783e-17,True,True,-0.15065442942173327,-0.15065442942173327
4043,Tm5c,0.559456416140028,209.0,1,[2509],one_led_group,0.5465408013093673,212,0.012915614830660616,False,False,0.5465408013093673,0.5465408013093673
4044,Tm5c,0.11817183336164507,45.0,1,[2510],one_led_group,0.11019266675984875,47,0.007979166601796317,False,False,0.11019266675984875,0.11019266675984875
4045,Tm5c,0.381679502226649,44.0,1,[2511],one_led_group,0.38167950222664904,44,5.551115123125783e-17,True,True,0.38167950222664904,0.38167950222664904
4046,Tm5c,-0.14204287267065663,7.0,1,[2512],one_led_group,-0.12842034407256703,9,0.0136225285980896,False,False,-0.12842034407256703,-0.12842034407256703
4047,Tm5c,0.4845951812580228,18.0,1,[2513],one_led_group,0.16744550406455358,25,0.3171496771934692,False,False,0.16744550406455358,0.16744550406455358
4048,Tm5c,1.1781457056075706,1.0,1,[2514],one_led_group,1.1781457056075704,1,2.220446049250313e-16,True,True,1.1781457056075704,1.1781457056075704
4049,Tm5c,0.11120771408273884,24.0,1,[2515],one_led_group,0.10914385434080184,25,0.002063859741936999,False,False,0.10914385434080184,0.10914385434080184
4050,Tm5c,0.06218736185093143,44.0,1,[2516],one_led_group,0.062187361850931405,44,2.7755575615628914e-17,True,True,0.062187361850931405,0.062187361850931405
4051,Tm5c,-0.2596174972881375,1.0,1,[2517],one_led_group,-0.25961749728813754,1,5.551115123125783e-17,True,True,-0.25961749728813754,-0.25961749728813754
4052,Tm5c,-0.03025179911489957,15.0,1,[2518],one_led_group,-0.030251799114899558,15,1.0408340855860843e-17,True,True,-0.030251799114899558,-0.030251799114899558
4053,Tm5c,-0.20920811702380376,19.0,1,[2519],one_led_group,-0.19011425367638402,21,0.01909386334741975,False,False,-0.19011425367638402,-0.19011425367638402
4054,Tm5c,-0.05354221438309422,68.0,1,[2520],one_led_group,-0.06014497656741621,69,0.006602762184321986,False,False,-0.06014497656741621,-0.06014497656741621
4055,Tm5c,0.17761482227142902,15.0,1,[2521],one_led_group,0.17761482227142902,15,0.0,True,True,0.17761482227142902,0.17761482227142902
4056,Tm5c,0.2929340000487864,84.0,1,[2522],one_led_group,0.29293400004878634,84,5.551115123125783e-17,True,True,0.29293400004878634,0.29293400004878634
4057,Tm5c,-0.42773629908690464,23.0,1,[2523],one_led_group,-0.344026324868731,25,0.08370997421817361,False,False,-0.344026324868731,-0.344026324868731
4058,Tm5c,0.22513593260949197,44.0,1,[2524],one_led_group,0.225135932609492,44,2.7755575615628914e-17,True,True,0.225135932609492,0.225135932609492
4059,Tm5c,0.029796081125454395,30.0,1,[2525],one_led_group,0.02979608112545441,30,1.3877787807814457e-17,True,True,0.02979608112545441,0.02979608112545441
4060,Tm5c,0.20830411331153315,158.0,1,[2526],one_led_group,0.2075124871037335,160,0.0007916262077996561,False,False,0.2075124871037335,0.2075124871037335
4061,Tm5c,0.10007859914200576,2.0,1,[2527],one_led_group,0.0886477561636329,3,0.011430842978372865,False,False,0.0886477561636329,0.0886477561636329
4062,Tm5c,0.41831788137845766,22.0,1,[2528],one_led_group,0.35472766518101656,23,0.0635902161974411,False,False,0.35472766518101656,0.35472766518101656
4063,Tm5c,0.4117336399308808,39.0,1,[2529],one_led_group,0.4117336399308809,39,1.1102230246251565e-16,True,True,0.4117336399308809,0.4117336399308809
4064,Tm5c,0.6713120986432983,13.0,1,[2530],one_led_group,0.6713120986432983,13,0.0,True,True,0.6713120986432983,0.6713120986432983
4065,Tm5c,0.5001063236000217,50.0,1,[2531],one_led_group,0.48596827000277476,52,0.014138053597246958,False,False,0.48596827000277476,0.48596827000277476
4066,Tm5c,0.24886584848669996,26.0,1,[2532],one_led_group,0.24886584848669996,26,0.0,True,True,0.24886584848669996,0.24886584848669996
4067,Tm5c,0.9412035060904883,14.0,1,[2533],one_led_group,0.9412035060904884,14,1.1102230246251565e-16,True,True,0.9412035060904884,0.9412035060904884
4068,Tm5c,0.517425985177067,137.0,1,[2534],one_led_group,0.5175388390943498,138,0.00011285391728288463,False,False,0.5175388390943498,0.5175388390943498
4069,Tm5c,0.2289530815866638,103.0,1,[2535],one_led_group,0.22523393863503913,107,0.0037191429516246766,False,False,0.22523393863503913,0.22523393863503913
4070,Tm5c,0.2803522667347232,10.0,1,[2536],one_led_group,0.2803522667347232,10,0.0,True,True,0.2803522667347232,0.2803522667347232
4071,Tm5c,0.6060144062294679,15.0,1,[2537],one_led_group,0.668572317272541,16,0.06255791104307307,False,False,0.668572317272541,0.668572317272541
4072,Tm5c,0.800386150770949,34.0,1,[2538],one_led_group,0.8003861507709493,34,3.3306690738754696e-16,True,True,0.8003861507709493,0.8003861507709493
4073,Tm5c,0.8294928220275813,24.0,1,[2539],one_led_group,0.7595485952547901,25,0.06994422677279122,False,False,0.7595485952547901,0.7595485952547901
4074,Tm5c,2.179105250449058,1.0,1,[2540],one_led_group,2.1791052504490573,1,4.440892098500626e-16,True,True,2.1791052504490573,2.1791052504490573
4075,Tm5c,0.5950071522735803,44.0,1,[2541],one_led_group,0.5950071522735804,44,1.1102230246251565e-16,True,True,0.5950071522735804,0.5950071522735804
4076,Tm5c,-0.09951556814042203,30.0,1,[2542],one_led_group,-0.09951556814042202,30,1.3877787807814457e-17,True,True,-0.09951556814042202,-0.09951556814042202
4077,Tm5c,0.4150377124615818,254.0,1,[2543],one_led_group,0.4087676405775615,259,0.00627007188402029,False,False,0.4087676405775615,0.4087676405775615
4078,Tm5c,0.9296100999024752,34.0,1,[2544],one_led_group,0.9296100999024753,34,1.1102230246251565e-16,True,True,0.9296100999024753,0.9296100999024753
4079,Tm5c,0.6504338935713159,15.0,1,[2545],one_led_group,0.6837003861093759,16,0.03326649253806002,False,False,0.6837003861093759,0.6837003861093759
4080,Tm5c,0.5373181219003496,44.0,1,[2546],one_led_group,0.5373181219003497,44,1.1102230246251565e-16,True,True,0.5373181219003497,0.5373181219003497
4081,Tm5c,0.3449030533166395,44.0,1,[2547],one_led_group,0.3449030533166395,44,0.0,True,True,0.3449030533166395,0.3449030533166395
4082,Tm5c,0.4117010146015051,53.0,1,[2548],one_led_group,0.3948664526383163,57,0.016834561963188777,False,False,0.3948664526383163,0.3948664526383163
4083,Tm5c,0.05948354637136445,13.0,1,[2549],one_led_group,0.059483546371364465,13,1.3877787807814457e-17,True,True,0.059483546371364465,0.059483546371364465
4084,Tm5c,0.5926713271164745,50.0,1,[2550],one_led_group,0.6222909307854301,52,0.029619603668955552,False,False,0.6222909307854301,0.6222909307854301
4085,Tm5c,0.5294355875072939,53.0,1,[2551],one_led_group,0.504453674659949,57,0.024981912847344967,False,False,0.504453674659949,0.504453674659949
4086,Tm5c,0.3473373381849455,44.0,1,[2552],one_led_group,0.34733733818494544,44,5.551115123125783e-17,True,True,0.34733733818494544,0.34733733818494544
4087,Tm5c,0.6659673159939992,69.0,1,[2553],one_led_group,0.6381442035463446,70,0.027823112447654563,False,False,0.6381442035463446,0.6381442035463446
4088,Tm5c,-0.6580657777219014,23.0,1,[2554],one_led_group,-0.5156249280953318,25,0.14244084962656967,False,False,-0.5156249280953318,-0.5156249280953318
4089,Tm5c,0.44314648606081686,10.0,1,[2555],one_led_group,0.44314648606081697,10,1.1102230246251565e-16,True,True,0.44314648606081697,0.44314648606081697
4090,Tm5c,0.14944014042404122,26.0,1,[2556],one_led_group,0.14944014042404122,26,0.0,True,True,0.14944014042404122,0.14944014042404122
4091,Tm5c,0.1903169578085477,221.0,1,[2557],one_led_group,0.18629044029954536,225,0.0040265175090023475,False,False,0.18629044029954536,0.18629044029954536
4092,Tm5c,1.1590643106426268,5.0,1,[2558],one_led_group,0.047044031595118864,12,1.112020279047508,False,False,0.047044031595118864,0.047044031595118864
4093,Tm5c,0.5817897183207278,24.0,1,[2559],one_led_group,0.5398143277253526,25,0.04197539059537514,False,False,0.5398143277253526,0.5398143277253526
4094,Tm5c,-0.1910745101030314,1.0,1,[2560],one_led_group,-0.19107451010303142,1,2.7755575615628914e-17,True,True,-0.19107451010303142,-0.19107451010303142
4095,Tm5c,0.4732304634468444,24.0,1,[2561],one_led_group,0.43405822750089207,25,0.039172235945952316,False,False,0.43405822750089207,0.43405822750089207
4096,Tm5c,1.292307860754871,1.0,1,[2562],one_led_group,1.292307860754871,1,0.0,True,True,1.292307860754871,1.292307860754871
4097,Tm5c,0.3739075397777936,44.0,1,[2563],one_led_group,0.3739075397777937,44,5.551115123125783e-17,True,True,0.3739075397777937,0.3739075397777937
4098,Tm5c,0.22644071496126866,56.0,1,[2564],one_led_group,0.22843511436115732,57,0.0019943993998886578,False,False,0.22843511436115732,0.22843511436115732
4099,Tm5c,0.16589110200644436,84.0,1,[2565],one_led_group,0.1508397071813536,86,0.01505139482509077,False,False,0.1508397071813536,0.1508397071813536
4100,Tm5c,-0.2315299939939431,66.0,1,[2566],one_led_group,-0.21643739202400694,67,0.01509260196993617,False,False,-0.21643739202400694,-0.21643739202400694
4101,Tm5c,0.5264437095546125,64.0,1,[2567],one_led_group,0.5264437095546124,64,1.1102230246251565e-16,True,True,0.5264437095546124,0.5264437095546124
4102,Tm5c,0.07454878689512034,15.0,1,[2568],one_led_group,0.07454878689512036,15,1.3877787807814457e-17,True,True,0.07454878689512036,0.07454878689512036
4103,Tm5c,0.19463007996629683,69.0,1,[2569],one_led_group,0.1933255201279398,70,0.0013045598383570334,False,False,0.1933255201279398,0.1933255201279398
4104,Tm5c,-0.24565869581668726,19.0,1,[2570],one_led_group,-0.17895283878235538,21,0.06670585703433188,False,False,-0.17895283878235538,-0.17895283878235538
4105,Tm5c,0.19914122902719894,69.0,1,[2571],one_led_group,0.19329736220335073,70,0.005843866823848215,False,False,0.19329736220335073,0.19329736220335073
4106,Tm5c,0.134527385607334,56.0,1,[2572],one_led_group,0.1095914627231223,57,0.02493592288421169,False,False,0.1095914627231223,0.1095914627231223
4107,Tm5c,0.17989605321208552,84.0,1,[2573],one_led_group,0.1907547884524285,86,0.010858735240342976,False,False,0.1907547884524285,0.1907547884524285
4108,Tm5c,-0.10678610167899573,66.0,1,[2574],one_led_group,-0.10582434288839145,67,0.0009617587906042835,False,False,-0.10582434288839145,-0.10582434288839145
4109,Tm5c,0.2966791499979345,64.0,1,[2575],one_led_group,0.2966791499979343,64,1.6653345369377348e-16,True,True,0.2966791499979343,0.2966791499979343
4110,Tm20,0.48236643003532825,7.0,1,[0],one_led_group,0.4823664300353281,7,1.6653345369377348e-16,True,True,0.4823664300353281,0.4823664300353281
4111,Tm20,0.17634307827233933,10.0,1,[1],one_led_group,0.14127377040569622,11,0.03506930786664311,False,False,0.14127377040569622,0.14127377040569622
4112,Tm20,2.318892992308086,26.0,1,[2],one_led_group,2.3188929923080863,26,4.440892098500626e-16,True,True,2.3188929923080863,2.3188929923080863
4113,Tm20,1.0582679683384455,13.0,1,[3],one_led_group,0.9794776479115901,14,0.07879032042685541,False,False,0.9794776479115901,0.9794776479115901
4114,Tm20,0.677488072430271,35.0,1,[4],one_led_group,0.3256253014945958,54,0.3518627709356752,False,False,0.3256253014945958,0.3256253014945958
4115,Tm20,1.840693850837313,21.0,1,[5],one_led_group,1.7145211815115793,24,0.12617266932573368,False,False,1.7145211815115793,1.7145211815115793
4116,Tm20,-0.0838359683558905,16.0,1,[6],one_led_group,-0.08383596835589047,16,2.7755575615628914e-17,True,True,-0.08383596835589047,-0.08383596835589047
4117,Tm20,0.3117848312512499,6.0,1,[7],one_led_group,0.09012778033251867,9,0.22165705091873122,False,False,0.09012778033251867,0.09012778033251867
4118,Tm20,-1.2013335236554876,1.0,1,[8],one_led_group,-0.12519536640847295,2,1.0761381572470148,False,False,-0.12519536640847295,-0.12519536640847295
4119,Tm20,0.17438284096172538,5.0,1,[9],one_led_group,0.17438284096172538,5,0.0,True,True,0.17438284096172538,0.17438284096172538
4120,Tm20,0.33817484942249526,7.0,1,[10],one_led_group,0.33689817782024956,8,0.0012766716022457048,False,False,0.33689817782024956,0.33689817782024956
4121,Tm20,0.257460065778451,26.0,1,[11],one_led_group,0.25746006577845104,26,5.551115123125783e-17,True,True,0.25746006577845104,0.25746006577845104
4122,Tm20,0.47764633748910457,9.0,1,[12],one_led_group,0.4776463374891046,9,5.551115123125783e-17,True,True,0.4776463374891046,0.4776463374891046
4123,Tm20,0.21923701281579636,5.0,1,[13],one_led_group,0.21923701281579627,5,8.326672684688674e-17,True,True,0.21923701281579627,0.21923701281579627
4124,Tm20,1.577260326664651,2.0,1,[14],one_led_group,1.5772603266646512,2,2.220446049250313e-16,True,True,1.5772603266646512,1.5772603266646512
4125,Tm20,-0.029887372702331216,16.0,1,[15],one_led_group,0.19265063219018422,23,0.22253800489251543,False,False,0.19265063219018422,0.19265063219018422
4126,Tm20,0.5293532281805593,4.0,1,[16],one_led_group,0.5293532281805593,4,0.0,True,True,0.5293532281805593,0.5293532281805593
4127,Tm20,0.21563994807092107,7.0,1,[17],one_led_group,0.215639948070921,7,8.326672684688674e-17,True,True,0.215639948070921,0.215639948070921
4128,Tm20,1.7515190274467025,7.0,1,[18],one_led_group,1.4869901340160645,8,0.264528893430638,False,False,1.4869901340160645,1.4869901340160645
4129,Tm20,1.1746838394299957,7.0,1,[19],one_led_group,0.8485893372650395,8,0.32609450216495617,False,False,0.8485893372650395,0.8485893372650395
4130,Tm20,-0.6202509112928725,19.0,1,[20],one_led_group,-0.1349411096206651,33,0.4853098016722074,False,False,-0.1349411096206651,-0.1349411096206651
4131,Tm20,-0.11507186254376135,8.0,1,[21],one_led_group,-0.2339188038963271,11,0.11884694135256575,False,False,-0.2339188038963271,-0.2339188038963271
4132,Tm20,1.1304806786087644,7.0,1,[22],one_led_group,1.1304806786087644,7,0.0,True,True,1.1304806786087644,1.1304806786087644
4133,Tm20,0.9453407258249165,12.0,1,[23],one_led_group,0.6796961179964888,16,0.2656446078284277,False,False,0.6796961179964888,0.6796961179964888
4134,Tm20,1.7978926340641657,26.0,1,[24],one_led_group,1.7978926340641666,26,8.881784197001252e-16,True,True,1.7978926340641666,1.7978926340641666
4135,Tm20,0.35333898168922057,8.0,1,[25],one_led_group,0.5077624572714452,9,0.15442347558222463,False,False,0.5077624572714452,0.5077624572714452
4136,Tm20,1.710207410729506,13.0,1,[26],one_led_group,1.4820369708119756,16,0.2281704399175304,False,False,1.4820369708119756,1.4820369708119756
4137,Tm20,0.27294315753134996,15.0,1,[27],one_led_group,0.09273567818195454,23,0.1802074793493954,False,False,0.09273567818195454,0.09273567818195454
4138,Tm20,0.14107865116075627,4.0,1,[28],one_led_group,0.14107865116075624,4,2.7755575615628914e-17,True,True,0.14107865116075624,0.14107865116075624
4139,Tm20,0.7311164531432471,24.0,1,[29],one_led_group,0.7311164531432474,24,2.220446049250313e-16,True,True,0.7311164531432474,0.7311164531432474
4140,Tm20,0.634189648065284,94.0,1,[30],one_led_group,0.48930627739756055,109,0.14488337066772344,False,False,0.48930627739756055,0.48930627739756055
4141,Tm20,0.16857778579396276,7.0,1,[31],one_led_group,-0.07267031429283191,8,0.24124810008679468,False,False,-0.07267031429283191,-0.07267031429283191
4142,Tm20,1.8061441960277083,26.0,1,[32],one_led_group,1.8061441960277083,26,0.0,True,True,1.8061441960277083,1.8061441960277083
4143,Tm20,0.5131293547854613,1.0,1,[33],one_led_group,0.03092881628574612,2,0.48220053849971517,False,False,0.03092881628574612,0.03092881628574612
4144,Tm20,0.4654553450614425,7.0,1,[34],one_led_group,0.3449639952529681,8,0.12049134980847437,False,False,0.3449639952529681,0.3449639952529681
4145,Tm20,1.2048122159032977,3.0,1,[35],one_led_group,1.0652520742827714,4,0.13956014162052632,False,False,1.0652520742827714,1.0652520742827714
4146,Tm20,0.5669713096029548,6.0,1,[36],one_led_group,0.20469053613028573,13,0.36228077347266907,False,False,0.20469053613028573,0.20469053613028573
4147,Tm20,1.609987510170921,20.0,1,[37],one_led_group,0.5690003649480817,29,1.0409871452228392,False,False,0.5690003649480817,0.5690003649480817
4148,Tm20,2.863840522519702,4.0,1,[38],one_led_group,2.8638405225197014,4,4.440892098500626e-16,True,True,2.8638405225197014,2.8638405225197014
4149,Tm20,0.5698484041945823,7.0,1,[39],one_led_group,-0.017183955073005408,14,0.5870323592675877,False,False,-0.017183955073005408,-0.017183955073005408
4150,Tm20,1.0796880797396027,4.0,1,[40],one_led_group,1.079688079739603,4,2.220446049250313e-16,True,True,1.079688079739603,1.079688079739603
4151,Tm20,0.7573954032900306,17.0,1,[41],one_led_group,0.6754969260047547,20,0.08189847728527588,False,False,0.6754969260047547,0.6754969260047547
4152,Tm20,0.19418739004570146,26.0,1,[42],one_led_group,0.19418739004570143,26,2.7755575615628914e-17,True,True,0.19418739004570143,0.19418739004570143
4153,Tm20,1.3285796367487703,51.0,1,[43],one_led_group,1.0639426342630212,61,0.2646370024857492,False,False,1.0639426342630212,1.0639426342630212
4154,Tm20,-0.6889285597014627,1.0,1,[44],one_led_group,-0.12011074862318494,2,0.5688178110782778,False,False,-0.12011074862318494,-0.12011074862318494
4155,Tm20,-0.6505973587733171,13.0,1,[45],one_led_group,-0.10432596513208385,22,0.5462713936412333,False,False,-0.10432596513208385,-0.10432596513208385
4156,Tm20,0.12605217505229702,12.0,1,[46],one_led_group,0.24775893522716771,14,0.1217067601748707,False,False,0.24775893522716771,0.24775893522716771
4157,Tm20,0.36289532863490154,17.0,1,[47],one_led_group,0.30649368464446786,18,0.05640164399043368,False,False,0.30649368464446786,0.30649368464446786
4158,Tm20,0.2782690423427874,135.0,1,[48],one_led_group,0.2671234723053106,150,0.011145570037476793,False,False,0.2671234723053106,0.2671234723053106
4159,Tm20,0.33537670790815843,4.0,1,[49],one_led_group,0.3824722973241398,5,0.047095589415981354,False,False,0.3824722973241398,0.3824722973241398
4160,Tm20,0.5868263263204537,6.0,1,[50],one_led_group,0.586826326320454,6,2.220446049250313e-16,True,True,0.586826326320454,0.586826326320454
4161,Tm20,0.233468991372452,1.0,1,[51],one_led_group,-0.3529814682969386,2,0.5864504596693906,False,False,-0.3529814682969386,-0.3529814682969386
4162,Tm20,0.017664526250576986,7.0,1,[52],one_led_group,0.017664526250577,7,1.3877787807814457e-17,True,True,0.017664526250577,0.017664526250577
4163,Tm20,-2.2182562397553824,8.0,1,[53],one_led_group,-1.7085592339341429,13,0.5096970058212396,False,False,-1.7085592339341429,-1.7085592339341429
4164,Tm20,0.8263571620238265,89.0,1,[54],one_led_group,0.7194687322478144,97,0.1068884297760121,False,False,0.7194687322478144,0.7194687322478144
4165,Tm20,-0.5318440336516573,9.0,1,[55],one_led_group,-0.658904542412224,15,0.12706050876056663,False,False,-0.658904542412224,-0.658904542412224
4166,Tm20,0.005532454252710101,4.0,1,[56],one_led_group,0.005532454252710095,4,6.071532165918825e-18,True,True,0.005532454252710095,0.005532454252710095
4167,Tm20,-0.01856552458505521,3.0,1,[57],one_led_group,-0.018565524585055188,3,2.0816681711721685e-17,True,True,-0.018565524585055188,-0.018565524585055188
4168,Tm20,0.9663654579220989,12.0,1,[58],one_led_group,0.772168318904546,15,0.19419713901755298,False,False,0.772168318904546,0.772168318904546
4169,Tm20,-0.05415096057305472,7.0,1,[59],one_led_group,-0.05415096057305469,7,2.7755575615628914e-17,True,True,-0.05415096057305469,-0.05415096057305469
4170,Tm20,2.295322961826771,1.0,1,[60],one_led_group,2.2953229618267716,1,4.440892098500626e-16,True,True,2.2953229618267716,2.2953229618267716
4171,Tm20,0.09749782414979023,7.0,1,[61],one_led_group,0.07321659697503821,8,0.02428122717475202,False,False,0.07321659697503821,0.07321659697503821
4172,Tm20,-0.9852898144160023,2.0,1,[62],one_led_group,-0.9852898144160023,2,0.0,True,True,-0.9852898144160023,-0.9852898144160023
4173,Tm20,-0.03203268881561873,1.0,1,[63],one_led_group,0.1433443365042113,2,0.17537702531983002,False,False,0.1433443365042113,0.1433443365042113
4174,Tm20,-0.1220948158134012,5.0,1,[64],one_led_group,-0.12209481581340118,5,2.7755575615628914e-17,True,True,-0.12209481581340118,-0.12209481581340118
4175,Tm20,0.09523184101881953,37.0,1,[65],one_led_group,0.08357310171043532,54,0.011658739308384208,False,False,0.08357310171043532,0.08357310171043532
4176,Tm20,-0.0989036982922195,1.0,1,[66],one_led_group,-0.09890369829222001,1,5.134781488891349e-16,True,True,-0.09890369829222001,-0.09890369829222001
4177,Tm20,1.267504155424304,60.0,1,[67],one_led_group,0.9982042290587768,70,0.26929992636552724,False,False,0.9982042290587768,0.9982042290587768
4178,Tm20,-0.5722187504038425,2.0,1,[68],one_led_group,-0.5748773746148649,5,0.0026586242110223646,False,False,-0.5748773746148649,-0.5748773746148649
4179,Tm20,0.1679670718200575,48.0,1,[69],one_led_group,0.1337254028635713,51,0.0342416689564862,False,False,0.1337254028635713,0.1337254028635713
4180,Tm20,1.436497688447927,5.0,1,[70],one_led_group,1.4364976884479268,5,2.220446049250313e-16,True,True,1.4364976884479268,1.4364976884479268
4181,Tm20,0.1940414908967036,8.0,1,[71],one_led_group,0.08109583968156348,11,0.11294565121514014,False,False,0.08109583968156348,0.08109583968156348
4182,Tm20,0.7322509941099468,54.0,1,[72],one_led_group,0.671768125708905,56,0.06048286840104178,False,False,0.671768125708905,0.671768125708905
4183,Tm20,-0.45827356436585015,1.0,1,[73],one_led_group,-0.05435344048116786,2,0.4039201238846823,False,False,-0.05435344048116786,-0.05435344048116786
4184,Tm20,0.5544048707824444,5.0,1,[74],one_led_group,0.5544048707824444,5,0.0,True,True,0.5544048707824444,0.5544048707824444
4185,Tm20,0.5847507034157905,56.0,1,[75],one_led_group,0.515793543225926,63,0.06895716018986453,False,False,0.515793543225926,0.515793543225926
4186,Tm20,0.6854587989662473,9.0,1,[76],one_led_group,0.35828349667671955,13,0.32717530228952774,False,False,0.35828349667671955,0.35828349667671955
4187,Tm20,1.1093220787220168,2.0,1,[77],one_led_group,1.109322078722017,2,2.220446049250313e-16,True,True,1.109322078722017,1.109322078722017
4188,Tm20,0.7543733084296608,24.0,1,[78],one_led_group,0.7543733084296605,24,2.220446049250313e-16,True,True,0.7543733084296605,0.7543733084296605
4189,Tm20,-0.05943166722618235,14.0,1,[79],one_led_group,-0.022692990055780345,15,0.03673867717040201,False,False,-0.022692990055780345,-0.022692990055780345
4190,Tm20,-0.04557790238478638,31.0,1,[81],one_led_group,-0.005654794740082407,37,0.03992310764470397,False,False,-0.005654794740082407,-0.005654794740082407
4191,Tm20,0.003577574133277789,26.0,1,[82],one_led_group,0.0027974756516515836,28,0.0007800984816262054,False,False,0.0027974756516515836,0.0027974756516515836
4192,Tm20,0.11516714865816784,14.0,1,[83],one_led_group,0.20998900816809066,18,0.09482185950992282,False,False,0.20998900816809066,0.20998900816809066
4193,Tm20,0.14213205732486633,28.0,1,[84],one_led_group,0.13379814046432298,29,0.008333916860543356,False,False,0.13379814046432298,0.13379814046432298
4194,Tm20,-0.057081603168235344,4.0,1,[85],one_led_group,-0.05708160316823535,4,6.938893903907228e-18,True,True,-0.05708160316823535,-0.05708160316823535
4195,Tm20,0.9901840797227521,21.0,1,[86],one_led_group,0.8695556889640305,24,0.12062839075872167,False,False,0.8695556889640305,0.8695556889640305
4196,Tm20,0.4742815187852978,10.0,1,[87],one_led_group,0.41728862155772906,13,0.05699289722756873,False,False,0.41728862155772906,0.41728862155772906
4197,Tm20,0.9405048190822008,137.0,1,[88],one_led_group,0.8107587452051989,155,0.129746073877002,False,False,0.8107587452051989,0.8107587452051989
4198,Tm20,1.390882027619337,7.0,1,[89],one_led_group,1.3908820276193372,7,2.220446049250313e-16,True,True,1.3908820276193372,1.3908820276193372
4199,Tm20,0.23340665856183507,8.0,1,[90],one_led_group,0.1040993657810207,9,0.12930729278081438,False,False,0.1040993657810207,0.1040993657810207
4200,Tm20,0.18744670468065333,26.0,1,[91],one_led_group,0.13312372042288312,42,0.05432298425777021,False,False,0.13312372042288312,0.13312372042288312
4201,Tm20,0.7671159608156947,10.0,1,[92],one_led_group,0.7671159608156947,10,0.0,True,True,0.7671159608156947,0.7671159608156947
4202,Tm20,0.959090759117073,7.0,1,[93],one_led_group,0.9590907591170728,7,2.220446049250313e-16,True,True,0.9590907591170728,0.9590907591170728
4203,Tm20,1.3128021601706428,7.0,1,[94],one_led_group,1.0544549676528092,8,0.25834719251783356,False,False,1.0544549676528092,1.0544549676528092
4204,Tm20,0.9329889620395415,5.0,1,[95],one_led_group,0.9329889620395416,5,1.1102230246251565e-16,True,True,0.9329889620395416,0.9329889620395416
4205,Tm20,0.7407320831754948,7.0,1,[96],one_led_group,0.682930070754684,8,0.05780201242081073,False,False,0.682930070754684,0.682930070754684
4206,Tm20,0.8629632662067941,7.0,1,[97],one_led_group,0.7105504080483116,8,0.1524128581584825,False,False,0.7105504080483116,0.7105504080483116
4207,Tm20,1.0657677660716904,7.0,1,[98],one_led_group,1.0657677660716904,7,0.0,True,True,1.0657677660716904,1.0657677660716904
4208,Tm20,0.855249093478761,7.0,1,[99],one_led_group,0.8552490934787608,7,2.220446049250313e-16,True,True,0.8552490934787608,0.8552490934787608
4209,Tm20,1.3643470716047228,7.0,1,[100],one_led_group,1.364347071604723,7,2.220446049250313e-16,True,True,1.364347071604723,1.364347071604723
4210,Tm20,0.7617175286575213,5.0,1,[101],one_led_group,0.7617175286575214,5,1.1102230246251565e-16,True,True,0.7617175286575214,0.7617175286575214
4211,Tm20,0.450407744919815,5.0,1,[102],one_led_group,0.45040774491981495,5,5.551115123125783e-17,True,True,0.45040774491981495,0.45040774491981495
4212,Tm20,0.867443882659075,23.0,1,[103],one_led_group,0.5122712671825533,33,0.3551726154765217,False,False,0.5122712671825533,0.5122712671825533
4213,Tm20,0.6109532890541568,23.0,1,[104],one_led_group,0.4922759731708179,33,0.11867731588333891,False,False,0.4922759731708179,0.4922759731708179
4214,Tm20,0.12067876011380323,22.0,1,[105],one_led_group,0.06533394128668929,25,0.05534481882711394,False,False,0.06533394128668929,0.06533394128668929
4215,Tm20,0.6159135693508092,1.0,1,[106],one_led_group,0.6159135693508091,1,1.1102230246251565e-16,True,True,0.6159135693508091,0.6159135693508091
4216,Tm20,0.8260540146346137,1.0,1,[107],one_led_group,0.826054014634614,1,3.3306690738754696e-16,True,True,0.826054014634614,0.826054014634614
4217,Tm20,0.9037271700489669,10.0,1,[108],one_led_group,0.8585417694752195,11,0.045185400573747314,False,False,0.8585417694752195,0.8585417694752195
4218,Tm20,0.25839668404218114,6.0,1,[109],one_led_group,0.15077264752984057,7,0.10762403651234057,False,False,0.15077264752984057,0.15077264752984057
4219,Tm20,1.0262977258302617,26.0,1,[110],one_led_group,1.0262977258302615,26,2.220446049250313e-16,True,True,1.0262977258302615,1.0262977258302615
4220,Tm20,0.8115536010160563,13.0,1,[111],one_led_group,0.7415507517033707,14,0.07000284931268563,False,False,0.7415507517033707,0.7415507517033707
4221,Tm20,0.41539312615960106,35.0,1,[112],one_led_group,0.18321037287244704,54,0.23218275328715401,False,False,0.18321037287244704,0.18321037287244704
4222,Tm20,0.33792325134558326,33.0,1,[113],one_led_group,0.317713528873269,34,0.020209722472314284,False,False,0.317713528873269,0.317713528873269
4223,Tm20,0.09016423375921356,7.0,1,[114],one_led_group,0.09016423375921363,7,6.938893903907228e-17,True,True,0.09016423375921363,0.09016423375921363
4224,Tm20,1.5380732563689927,21.0,1,[115],one_led_group,1.4643771998620496,24,0.07369605650694311,False,False,1.4643771998620496,1.4643771998620496
4225,Tm20,2.045349329321729,28.0,1,[116],one_led_group,1.8026595955110896,31,0.2426897338106393,False,False,1.8026595955110896,1.8026595955110896
4226,Tm20,1.6744619244341234,28.0,1,[117],one_led_group,1.4494908984302934,31,0.22497102600383,False,False,1.4494908984302934,1.4494908984302934
4227,Tm20,0.45698635671699045,9.0,1,[118],one_led_group,0.4569863567169905,9,5.551115123125783e-17,True,True,0.4569863567169905,0.4569863567169905
4228,Tm20,1.0706570347315403,16.0,1,[119],one_led_group,0.5972987251668441,23,0.47335830956469616,False,False,0.5972987251668441,0.5972987251668441
4229,Tm20,0.659132241903156,4.0,1,[120],one_led_group,0.659132241903156,4,0.0,True,True,0.659132241903156,0.659132241903156
4230,Tm20,0.22217170476807052,6.0,1,[121],one_led_group,0.04692136642998069,7,0.17525033833808984,False,False,0.04692136642998069,0.04692136642998069
4231,Tm20,-0.6834296049732208,4.0,1,[122],one_led_group,-0.6834296049732208,4,0.0,True,True,-0.6834296049732208,-0.6834296049732208
4232,Tm20,-0.0702323047755595,27.0,1,[123],one_led_group,-0.07091548775095567,30,0.000683182975396171,False,False,-0.07091548775095567,-0.07091548775095567
4233,Tm20,0.7252386618936457,8.0,1,[124],one_led_group,0.5727836733260795,11,0.15245498856756623,False,False,0.5727836733260795,0.5727836733260795
4234,Tm20,-0.02400228768160453,7.0,1,[125],one_led_group,-0.024002287681604444,7,8.673617379884035e-17,True,True,-0.024002287681604444,-0.024002287681604444
4235,Tm20,1.1038827778556632,86.0,1,[126],one_led_group,0.9252354477700687,100,0.17864733008559452,False,False,0.9252354477700687,0.9252354477700687
4236,Tm20,0.7202651752250632,5.0,1,[127],one_led_group,0.7202651752250631,5,1.1102230246251565e-16,True,True,0.7202651752250631,0.7202651752250631
4237,Tm20,0.8483536484128538,13.0,1,[128],one_led_group,0.7014441333989117,19,0.14690951501394212,False,False,0.7014441333989117,0.7014441333989117
4238,Tm20,2.3653211059719412,7.0,1,[129],one_led_group,2.1423600104855547,8,0.22296109548638654,False,False,2.1423600104855547,2.1423600104855547
4239,Tm20,1.6923120288250273,7.0,1,[130],one_led_group,1.213950324051607,8,0.4783617047734203,False,False,1.213950324051607,1.213950324051607
4240,Tm20,-0.5594853934320133,19.0,1,[131],one_led_group,-0.17976363138000195,33,0.37972176205201136,False,False,-0.17976363138000195,-0.17976363138000195
4241,Tm20,1.2579285337238488,26.0,1,[132],one_led_group,1.257928533723849,26,2.220446049250313e-16,True,True,1.257928533723849,1.257928533723849
4242,Tm20,-0.06807131756860708,8.0,1,[133],one_led_group,-0.2563306918169187,11,0.18825937424831163,False,False,-0.2563306918169187,-0.2563306918169187
4243,Tm20,0.6671870876182798,7.0,1,[134],one_led_group,0.6671870876182798,7,0.0,True,True,0.6671870876182798,0.6671870876182798
4244,Tm20,1.0994211914676024,26.0,1,[135],one_led_group,1.0994211914676022,26,2.220446049250313e-16,True,True,1.0994211914676022,1.0994211914676022
4245,Tm20,1.8632417967509383,27.0,1,[136],one_led_group,1.6228320875985127,30,0.24040970915242554,False,False,1.6228320875985127,1.6228320875985127
4246,Tm20,0.7829264026665598,26.0,1,[137],one_led_group,0.78292640266656,26,2.220446049250313e-16,True,True,0.78292640266656,0.78292640266656
4247,Tm20,1.5473218537168438,8.0,1,[138],one_led_group,1.3174707428368748,9,0.229851110879969,False,False,1.3174707428368748,1.3174707428368748
4248,Tm20,0.791190286691468,12.0,1,[139],one_led_group,0.45121216314706725,16,0.3399781235444007,False,False,0.45121216314706725,0.45121216314706725
4249,Tm20,0.055519190978970616,8.0,1,[140],one_led_group,0.027115387878978194,9,0.028403803099992422,False,False,0.027115387878978194,0.027115387878978194
4250,Tm20,0.9254439241915042,15.0,1,[141],one_led_group,0.40358171025188283,23,0.5218622139396214,False,False,0.40358171025188283,0.40358171025188283
4251,Tm20,1.5853450097774533,13.0,1,[142],one_led_group,1.3597670232659358,16,0.2255779865115175,False,False,1.3597670232659358,1.3597670232659358
4252,Tm20,0.13164016651653312,156.0,1,[143],one_led_group,0.11140156292411299,173,0.020238603592420135,False,False,0.11140156292411299,0.11140156292411299
4253,Tm20,1.1827683076831577,26.0,1,[144],one_led_group,1.1827683076831577,26,0.0,True,True,1.1827683076831577,1.1827683076831577
4254,Tm20,0.7115667342623108,4.0,1,[145],one_led_group,0.7115667342623109,4,1.1102230246251565e-16,True,True,0.7115667342623109,0.7115667342623109
4255,Tm20,1.073111690127151,44.0,1,[146],one_led_group,0.9588030255931664,47,0.11430866453398447,False,False,0.9588030255931664,0.9588030255931664
4256,Tm20,0.9202938418408332,97.0,1,[147],one_led_group,0.8312167540935952,110,0.08907708774723799,False,False,0.8312167540935952,0.8312167540935952
4257,Tm20,-0.4050826130370086,9.0,1,[148],one_led_group,-0.3162654661392929,15,0.08881714689771569,False,False,-0.3162654661392929,-0.3162654661392929
4258,Tm20,0.18591977085766992,4.0,1,[149],one_led_group,0.18591977085766986,4,5.551115123125783e-17,True,True,0.18591977085766986,0.18591977085766986
4259,Tm20,1.4861320969329255,7.0,1,[150],one_led_group,1.4861320969329255,7,0.0,True,True,1.4861320969329255,1.4861320969329255
4260,Tm20,1.4160225570107312,7.0,1,[151],one_led_group,1.416022557010731,7,2.220446049250313e-16,True,True,1.416022557010731,1.416022557010731
4261,Tm20,1.0051320098528997,4.0,1,[152],one_led_group,1.0051320098528997,4,0.0,True,True,1.0051320098528997,1.0051320098528997
4262,Tm20,-0.5280613982835771,28.0,1,[153],one_led_group,-0.1755965380478122,45,0.35246486023576495,False,False,-0.1755965380478122,-0.1755965380478122
4263,Tm20,0.48462548520794907,28.0,1,[154],one_led_group,0.04688150879350592,45,0.4377439764144431,False,False,0.04688150879350592,0.04688150879350592
4264,Tm20,1.2834939587065206,5.0,1,[156],one_led_group,1.2834939587065208,5,2.220446049250313e-16,True,True,1.2834939587065208,1.2834939587065208
4265,Tm20,1.9094120428904018,1.0,1,[157],one_led_group,1.9094120428904011,1,6.661338147750939e-16,True,True,1.9094120428904011,1.9094120428904011
4266,Tm20,0.09496336571868512,1.0,1,[158],one_led_group,0.09496336571868502,1,9.71445146547012e-17,True,True,0.09496336571868502,0.09496336571868502
4267,Tm20,0.33592810253091404,5.0,1,[159],one_led_group,0.335928102530914,5,5.551115123125783e-17,True,True,0.335928102530914,0.335928102530914
4268,Tm20,0.010311852783631682,113.0,1,[160],one_led_group,0.026005134666041478,129,0.015693281882409794,False,False,0.026005134666041478,0.026005134666041478
4269,Tm20,0.5373707666498909,26.0,1,[161],one_led_group,0.5373707666498908,26,1.1102230246251565e-16,True,True,0.5373707666498908,0.5373707666498908
4270,Tm20,0.07759337615019067,7.0,1,[162],one_led_group,0.07759337615019062,7,5.551115123125783e-17,True,True,0.07759337615019062,0.07759337615019062
4271,Tm20,0.5909025071458549,8.0,1,[163],one_led_group,0.5165665221730067,9,0.07433598497284821,False,False,0.5165665221730067,0.5165665221730067
4272,Tm20,0.16107029619509378,8.0,1,[164],one_led_group,-0.00044341757061620396,9,0.16151371376570997,False,False,-0.00044341757061620396,-0.00044341757061620396
4273,Tm20,0.8968684935614617,33.0,1,[165],one_led_group,0.8206784856595934,34,0.07619000790186825,False,False,0.8206784856595934,0.8206784856595934
4274,Tm20,1.3350735890008238,33.0,1,[166],one_led_group,1.2765725865222577,34,0.058501002478566155,False,False,1.2765725865222577,1.2765725865222577
4275,Tm20,0.8222480446463972,118.0,1,[167],one_led_group,0.7076172833092778,133,0.11463076133711947,False,False,0.7076172833092778,0.7076172833092778
4276,Tm20,0.3786120541901848,65.0,1,[168],one_led_group,0.16075583412257852,76,0.21785622006760627,False,False,0.16075583412257852,0.16075583412257852
4277,Tm20,0.29065139624215225,8.0,1,[169],one_led_group,0.04961054035225058,15,0.24104085588990168,False,False,0.04961054035225058,0.04961054035225058
4278,Tm20,0.8192881921785106,8.0,1,[170],one_led_group,0.48701394662802194,15,0.3322742455504886,False,False,0.48701394662802194,0.48701394662802194
4279,Tm20,0.7087664558943734,5.0,1,[171],one_led_group,0.7087664558943734,5,0.0,True,True,0.7087664558943734,0.7087664558943734
4280,Tm20,0.9813506932449949,5.0,1,[172],one_led_group,0.981350693244995,5,1.1102230246251565e-16,True,True,0.981350693244995,0.981350693244995
4281,Tm20,0.04705508445242569,7.0,1,[173],one_led_group,-0.20010358023249236,8,0.24715866468491804,False,False,-0.20010358023249236,-0.20010358023249236
4282,Tm20,-0.20310062062397824,2.0,1,[174],one_led_group,-0.20310062062397827,2,2.7755575615628914e-17,True,True,-0.20310062062397827,-0.20310062062397827
4283,Tm20,0.3799295420454444,7.0,1,[175],one_led_group,0.3799295420454444,7,0.0,True,True,0.3799295420454444,0.3799295420454444
4284,Tm20,1.18995055632842,3.0,1,[178],one_led_group,0.6685407891958748,4,0.5214097671325453,False,False,0.6685407891958748,0.6685407891958748
4285,Tm20,1.2744308140246476,1.0,1,[179],one_led_group,0.3021194300138252,2,0.9723113840108224,False,False,0.3021194300138252,0.3021194300138252
4286,Tm20,0.7100216268451703,7.0,1,[180],one_led_group,0.6405384015695228,10,0.06948322527564754,False,False,0.6405384015695228,0.6405384015695228
4287,Tm20,0.6911124394722119,17.0,1,[181],one_led_group,0.5407895885025216,20,0.15032285096969034,False,False,0.5407895885025216,0.5407895885025216
4288,Tm20,1.346282030984338,26.0,1,[182],one_led_group,1.3462820309843382,26,2.220446049250313e-16,True,True,1.3462820309843382,1.3462820309843382
4289,Tm20,1.7036118455385403,7.0,1,[183],one_led_group,1.3691768844433936,8,0.3344349610951467,False,False,1.3691768844433936,1.3691768844433936
4290,Tm20,0.3894409476845163,7.0,1,[184],one_led_group,0.3949931849838234,8,0.0055522372993070945,False,False,0.3949931849838234,0.3949931849838234
4291,Tm20,-0.05953522603441578,26.0,1,[185],one_led_group,0.10088840014827269,42,0.16042362618268846,False,False,0.10088840014827269,0.10088840014827269
4292,Tm20,0.8186167007481451,10.0,1,[186],one_led_group,0.818616700748145,10,1.1102230246251565e-16,True,True,0.818616700748145,0.818616700748145
4293,Tm20,0.9161494894913569,20.0,1,[187],one_led_group,0.5364757202008613,29,0.37967376929049557,False,False,0.5364757202008613,0.5364757202008613
4294,Tm20,1.1171040808732167,6.0,1,[188],one_led_group,0.6430719850890292,13,0.4740320957841875,False,False,0.6430719850890292,0.6430719850890292
4295,Tm20,0.23645995339547182,7.0,1,[189],one_led_group,0.2713444171178912,14,0.03488446372241938,False,False,0.2713444171178912,0.2713444171178912
4296,Tm20,0.7576547763798668,4.0,1,[190],one_led_group,0.7576547763798669,4,1.1102230246251565e-16,True,True,0.7576547763798669,0.7576547763798669
4297,Tm20,1.1658407475223174,17.0,1,[191],one_led_group,1.0333519527663941,20,0.13248879475592323,False,False,1.0333519527663941,1.0333519527663941
4298,Tm20,1.098366444632991,4.0,1,[192],one_led_group,1.0983664446329913,4,2.220446049250313e-16,True,True,1.0983664446329913,1.0983664446329913
4299,Tm20,0.7026609906595572,4.0,1,[193],one_led_group,0.7026609906595572,4,0.0,True,True,0.7026609906595572,0.7026609906595572
4300,Tm20,-0.15064194518798288,26.0,1,[194],one_led_group,-0.1506419451879829,26,2.7755575615628914e-17,True,True,-0.1506419451879829,-0.1506419451879829
4301,Tm20,0.3396707990346163,2.0,1,[195],one_led_group,0.33967079903461617,2,1.1102230246251565e-16,True,True,0.33967079903461617,0.33967079903461617
4302,Tm20,1.3820394217238587,4.0,1,[196],one_led_group,0.44708455433823785,7,0.934954867385621,False,False,0.44708455433823785,0.44708455433823785
4303,Tm20,0.23888721029028148,1.0,1,[197],one_led_group,0.6840994633878507,2,0.4452122530975692,False,False,0.6840994633878507,0.6840994633878507
4304,Tm20,0.5337328505529015,7.0,1,[198],one_led_group,0.49526794799249174,8,0.0384649025604098,False,False,0.49526794799249174,0.49526794799249174
4305,Tm20,-0.21679225780238692,7.0,1,[199],one_led_group,-0.29070997626892603,10,0.0739177184665391,False,False,-0.29070997626892603,-0.29070997626892603
4306,Tm20,1.6706854186860256,51.0,1,[200],one_led_group,1.322497267706826,61,0.34818815097919953,False,False,1.322497267706826,1.322497267706826
4307,Tm20,0.043980822160591626,79.0,1,[201],one_led_group,0.015338029652381666,90,0.02864279250820996,False,False,0.015338029652381666,0.015338029652381666
4308,Tm20,-0.12150635341604586,7.0,1,[202],one_led_group,-0.1215063534160458,7,5.551115123125783e-17,True,True,-0.1215063534160458,-0.1215063534160458
4309,Tm20,-0.4044914519465982,7.0,1,[203],one_led_group,-0.40449145194659825,7,5.551115123125783e-17,True,True,-0.40449145194659825,-0.40449145194659825
4310,Tm20,0.704161162466133,13.0,1,[204],one_led_group,0.3377416609684728,22,0.3664195014976602,False,False,0.3377416609684728,0.3377416609684728
4311,Tm20,0.3785847116490633,17.0,1,[205],one_led_group,0.3117168951442764,20,0.0668678165047869,False,False,0.3117168951442764,0.3117168951442764
4312,Tm20,0.9814592558149519,5.0,1,[206],one_led_group,0.9814592558149521,5,2.220446049250313e-16,True,True,0.9814592558149521,0.9814592558149521
4313,Tm20,-0.08338127393606808,12.0,1,[207],one_led_group,-0.13198079624665224,14,0.04859952231058416,False,False,-0.13198079624665224,-0.13198079624665224
4314,Tm20,0.05893219639053741,30.0,1,[208],one_led_group,0.040928273880745054,35,0.018003922509792353,False,False,0.040928273880745054,0.040928273880745054
4315,Tm20,1.762461988500091,27.0,1,[209],one_led_group,1.531952210953066,30,0.23050977754702484,False,False,1.531952210953066,1.531952210953066
4316,Tm20,1.499531513721798,32.0,1,[210],one_led_group,1.392981658005666,35,0.10654985571613196,False,False,1.392981658005666,1.392981658005666
4317,Tm20,1.061462492948704,12.0,1,[211],one_led_group,1.061462492948704,12,0.0,True,True,1.061462492948704,1.061462492948704
4318,Tm20,0.24701938156639316,245.0,1,[212],one_led_group,0.18994753450339322,289,0.05707184706299995,False,False,0.18994753450339322,0.18994753450339322
4319,Tm20,-0.406582054449277,36.0,1,[213],one_led_group,-0.14783232270745056,55,0.2587497317418264,False,False,-0.14783232270745056,-0.14783232270745056
4320,Tm20,-0.27009330420691635,36.0,1,[214],one_led_group,0.04556393044362322,55,0.3156572346505396,False,False,0.04556393044362322,0.04556393044362322
4321,Tm20,0.2324552729502075,6.0,1,[215],one_led_group,0.2324552729502075,6,0.0,True,True,0.2324552729502075,0.2324552729502075
4322,Tm20,0.2547087089027729,6.0,1,[216],one_led_group,0.254708708902773,6,5.551115123125783e-17,True,True,0.254708708902773,0.254708708902773
4323,Tm20,0.3050776856485617,6.0,1,[217],one_led_group,0.30507768564856164,6,5.551115123125783e-17,True,True,0.30507768564856164,0.30507768564856164
4324,Tm20,0.020548006738237885,147.0,1,[218],one_led_group,0.04764125845086586,160,0.027093251712627973,False,False,0.04764125845086586,0.04764125845086586
4325,Tm20,-0.09366354302472006,155.0,1,[219],one_led_group,-0.07725580273244499,171,0.01640774029227507,False,False,-0.07725580273244499,-0.07725580273244499
4326,Tm20,0.31104510810106645,8.0,1,[220],one_led_group,0.31991022007791764,11,0.008865111976851192,False,False,0.31991022007791764,0.31991022007791764
4327,Tm20,0.06779854506709272,50.0,1,[223],one_led_group,-0.028973333658342457,56,0.09677187872543518,False,False,-0.028973333658342457,-0.028973333658342457
4328,Tm20,1.1789306621898095,54.0,1,[224],one_led_group,1.1094113866780164,56,0.06951927551179304,False,False,1.1094113866780164,1.1094113866780164
4329,Tm20,1.2093641778185904,7.0,1,[225],one_led_group,0.8987299561957496,8,0.3106342216228408,False,False,0.8987299561957496,0.8987299561957496
4330,Tm20,1.4519839177547866,7.0,1,[226],one_led_group,1.0379772495481772,8,0.4140066682066095,False,False,1.0379772495481772,1.0379772495481772
4331,Tm20,0.9589721759242998,6.0,1,[227],one_led_group,0.9589721759242996,6,2.220446049250313e-16,True,True,0.9589721759242996,0.9589721759242996
4332,Tm20,0.502135070700719,30.0,1,[228],one_led_group,0.12196801542919625,45,0.38016705527152284,False,False,0.12196801542919625,0.12196801542919625
4333,Tm20,0.05092365176976986,45.0,1,[229],one_led_group,0.028502042723945836,49,0.022421609045824024,False,False,0.028502042723945836,0.028502042723945836
4334,Tm20,0.774464129732587,26.0,1,[230],one_led_group,0.7744641297325869,26,1.1102230246251565e-16,True,True,0.7744641297325869,0.7744641297325869
4335,Tm20,0.03994295397413,8.0,1,[231],one_led_group,0.13583678109397615,9,0.09589382711984615,False,False,0.13583678109397615,0.13583678109397615
4336,Tm20,1.906571621095678,7.0,1,[232],one_led_group,1.5614123629177274,8,0.34515925817795057,False,False,1.5614123629177274,1.5614123629177274
4337,Tm20,1.353072638325184,137.0,1,[233],one_led_group,1.1697497645458197,155,0.1833228737793644,False,False,1.1697497645458197,1.1697497645458197
4338,Tm20,0.8756407295962967,26.0,1,[234],one_led_group,0.8756407295962968,26,1.1102230246251565e-16,True,True,0.8756407295962968,0.8756407295962968
4339,Tm20,0.57042944821722,20.0,1,[235],one_led_group,0.2976851537476968,29,0.2727442944695232,False,False,0.2976851537476968,0.2976851537476968
4340,Tm20,-0.11793993170614014,2.0,1,[236],one_led_group,-0.11793993170614003,2,1.1102230246251565e-16,True,True,-0.11793993170614003,-0.11793993170614003
4341,Tm20,1.2573128456808564,5.0,1,[237],one_led_group,1.2573128456808564,5,0.0,True,True,1.2573128456808564,1.2573128456808564
4342,Tm20,0.39072393213395484,4.0,1,[238],one_led_group,0.3907239321339548,4,5.551115123125783e-17,True,True,0.3907239321339548,0.3907239321339548
4343,Tm20,0.36206063982488057,26.0,1,[239],one_led_group,0.3620606398248806,26,5.551115123125783e-17,True,True,0.3620606398248806,0.3620606398248806
4344,Tm20,0.5158141241422781,2.0,1,[240],one_led_group,0.515814124142278,2,1.1102230246251565e-16,True,True,0.515814124142278,0.515814124142278
4345,Tm20,0.025179775288805526,6.0,1,[241],one_led_group,-0.06050028000058114,10,0.08568005528938667,False,False,-0.06050028000058114,-0.06050028000058114
4346,Tm20,0.9421598171178817,13.0,1,[242],one_led_group,0.6404025681225642,16,0.3017572489953174,False,False,0.6404025681225642,0.6404025681225642
4347,Tm20,0.5416189964316639,4.0,1,[244],one_led_group,0.5416189964316638,4,1.1102230246251565e-16,True,True,0.5416189964316638,0.5416189964316638
4348,Tm20,1.0414356183981714,5.0,1,[245],one_led_group,1.0414356183981712,5,2.220446049250313e-16,True,True,1.0414356183981712,1.0414356183981712
4349,Tm20,0.8283663271893805,2.0,1,[246],one_led_group,0.8283663271893806,2,1.1102230246251565e-16,True,True,0.8283663271893806,0.8283663271893806
4350,Tm20,0.7870107168841608,8.0,1,[249],one_led_group,0.6218536073488742,11,0.16515710953528662,False,False,0.6218536073488742,0.6218536073488742
4351,Tm20,0.7651516547968535,8.0,1,[250],one_led_group,0.42435311453385594,11,0.3407985402629976,False,False,0.42435311453385594,0.42435311453385594
4352,Tm20,-0.19559271463575817,1.0,1,[251],one_led_group,-0.1955927146357581,1,5.551115123125783e-17,True,True,-0.1955927146357581,-0.1955927146357581
4353,Tm20,1.575675530422636,59.0,1,[252],one_led_group,1.3247060655918204,67,0.2509694648308156,False,False,1.3247060655918204,1.3247060655918204
4354,Tm20,0.5060120488774215,3.0,1,[253],one_led_group,0.5060120488774216,3,1.1102230246251565e-16,True,True,0.5060120488774216,0.5060120488774216
4355,Tm20,1.3538461159799493,12.0,1,[254],one_led_group,1.0935176788464274,15,0.26032843713352194,False,False,1.0935176788464274,1.0935176788464274
4356,Tm20,0.08685898134759211,2.0,1,[255],one_led_group,0.2587337244845599,3,0.17187474313696777,False,False,0.2587337244845599,0.2587337244845599
4357,Tm20,0.578674324410682,1.0,1,[256],one_led_group,-0.5089589596484626,2,1.0876332840591445,False,False,-0.5089589596484626,-0.5089589596484626
4358,Tm20,0.444196651992735,1.0,1,[257],one_led_group,-0.2231046557725287,2,0.6673013077652636,False,False,-0.2231046557725287,-0.2231046557725287
4359,Tm20,-0.4111321382194363,37.0,1,[259],one_led_group,0.059297175355460696,54,0.470429313574897,False,False,0.059297175355460696,0.059297175355460696
4360,Tm20,0.4910546804523645,79.0,1,[260],one_led_group,0.42527902306593457,90,0.06577565738642993,False,False,0.42527902306593457,0.42527902306593457
4361,Tm20,1.1756946349512407,1.0,1,[261],one_led_group,1.175694634951241,1,2.220446049250313e-16,True,True,1.175694634951241,1.175694634951241
4362,Tm20,-0.050591866457977495,45.0,1,[262],one_led_group,-0.07090849440118273,49,0.020316627943205233,False,False,-0.07090849440118273,-0.07090849440118273
4363,Tm20,-0.01431990847317619,27.0,1,[263],one_led_group,0.03881531467145992,30,0.05313522314463611,False,False,0.03881531467145992,0.03881531467145992
4364,Tm20,1.5774669445851741,16.0,1,[264],one_led_group,1.4112504142160935,17,0.16621653036908057,False,False,1.4112504142160935,1.4112504142160935
4365,Tm20,1.1263328902261043,16.0,1,[265],one_led_group,1.0004637083499646,17,0.1258691818761397,False,False,1.0004637083499646,1.0004637083499646
4366,Tm20,1.2996797122070671,5.0,1,[266],one_led_group,1.2996797122070674,5,2.220446049250313e-16,True,True,1.2996797122070674,1.2996797122070674
4367,Tm20,-0.13876666553459657,16.0,1,[267],one_led_group,-0.13876666553459666,16,8.326672684688674e-17,True,True,-0.13876666553459666,-0.13876666553459666
4368,Tm20,-0.06882338256077855,7.0,1,[268],one_led_group,-0.11349843018885691,8,0.04467504762807836,False,False,-0.11349843018885691,-0.11349843018885691
4369,Tm20,0.31682266952003724,7.0,1,[269],one_led_group,0.2928838469967927,8,0.02393882252324453,False,False,0.2928838469967927,0.2928838469967927
4370,Tm20,0.18189246057215164,6.0,1,[270],one_led_group,0.08767742502185898,7,0.09421503555029266,False,False,0.08767742502185898,0.08767742502185898
4371,Tm20,-0.39423219642117646,2.0,1,[271],one_led_group,-0.16797995024787726,3,0.2262522461732992,False,False,-0.16797995024787726,-0.16797995024787726
4372,Tm20,1.4444189765875486,60.0,1,[272],one_led_group,1.194768125211098,70,0.2496508513764506,False,False,1.194768125211098,1.194768125211098
4373,Tm20,0.6566792205667353,4.0,1,[273],one_led_group,0.6566792205667356,4,2.220446049250313e-16,True,True,0.6566792205667356,0.6566792205667356
4374,Tm20,-1.2087986583022574,13.0,1,[274],one_led_group,-0.16768689530095499,21,1.0411117630013025,False,False,-0.16768689530095499,-0.16768689530095499
4375,Tm20,1.1391619815724123,1.0,1,[275],one_led_group,0.021819548172418046,2,1.1173424333999944,False,False,0.021819548172418046,0.021819548172418046
4376,Tm20,0.11287195055641504,1.0,1,[276],one_led_group,-0.08309075179486686,2,0.19596270235128188,False,False,-0.08309075179486686,-0.08309075179486686
4377,Tm20,1.6270855257297254,5.0,1,[277],one_led_group,1.6270855257297252,5,2.220446049250313e-16,True,True,1.6270855257297252,1.6270855257297252
4378,Tm20,1.2960332569118516,7.0,1,[278],one_led_group,1.1581500454237226,8,0.137883211488129,False,False,1.1581500454237226,1.1581500454237226
4379,Tm20,0.6891247162840768,19.0,1,[279],one_led_group,0.341768672997735,25,0.3473560432863418,False,False,0.341768672997735,0.341768672997735
4380,Tm20,1.1134198075954458,4.0,1,[280],one_led_group,1.1134198075954456,4,2.220446049250313e-16,True,True,1.1134198075954456,1.1134198075954456
4381,Tm20,0.8280115588285557,8.0,1,[281],one_led_group,0.6186530535889792,11,0.20935850523957655,False,False,0.6186530535889792,0.6186530535889792
4382,Tm20,0.7774188729714723,26.0,1,[282],one_led_group,0.7774188729714724,26,1.1102230246251565e-16,True,True,0.7774188729714724,0.7774188729714724
4383,Tm20,0.9610332975333487,7.0,1,[283],one_led_group,0.7187194394435454,8,0.2423138580898032,False,False,0.7187194394435454,0.7187194394435454
4384,Tm20,1.4551089723256736,5.0,1,[284],one_led_group,1.4551089723256734,5,2.220446049250313e-16,True,True,1.4551089723256734,1.4551089723256734
4385,Tm20,0.028000954590375632,30.0,1,[285],one_led_group,0.0783429750510999,35,0.050342020460724266,False,False,0.0783429750510999,0.0783429750510999
4386,Tm20,0.3973505629645907,13.0,1,[286],one_led_group,0.04018943604609235,22,0.35716112691849833,False,False,0.04018943604609235,0.04018943604609235
4387,Tm20,0.33590678960687553,10.0,1,[287],one_led_group,0.47467919027099725,11,0.13877240066412172,False,False,0.47467919027099725,0.47467919027099725
4388,Tm20,0.49012386640088706,8.0,1,[288],one_led_group,0.24950586998835422,9,0.24061799641253284,False,False,0.24950586998835422,0.24950586998835422
4389,Tm20,1.3891754240162901,17.0,1,[289],one_led_group,1.1764165532993922,20,0.21275887071689792,False,False,1.1764165532993922,1.1764165532993922
4390,Tm20,2.092824743286584,22.0,1,[290],one_led_group,0.8508097588740067,32,1.2420149844125774,False,False,0.8508097588740067,0.8508097588740067
4391,Tm20,1.3853780980368262,137.0,1,[291],one_led_group,1.1598451451226897,155,0.22553295291413655,False,False,1.1598451451226897,1.1598451451226897
4392,Tm20,-0.16015173507208585,20.0,1,[292],one_led_group,0.06519413178889304,29,0.2253458668609789,False,False,0.06519413178889304,0.06519413178889304
4393,Tm20,1.1034120328074297,4.0,1,[293],one_led_group,1.1034120328074297,4,0.0,True,True,1.1034120328074297,1.1034120328074297
4394,Tm20,1.4155224114613083,9.0,1,[294],one_led_group,1.0443686455930132,12,0.37115376586829507,False,False,1.0443686455930132,1.0443686455930132
4395,Tm20,1.676388328375398,7.0,1,[295],one_led_group,0.5234754150237665,12,1.1529129133516314,False,False,0.5234754150237665,0.5234754150237665
4396,Tm20,2.0325959571703303,7.0,1,[296],one_led_group,0.72517552531016,12,1.3074204318601703,False,False,0.72517552531016,0.72517552531016
4397,Tm20,1.507787527220858,5.0,1,[297],one_led_group,1.507787527220858,5,0.0,True,True,1.507787527220858,1.507787527220858
4398,Tm20,0.9531167812313927,33.0,1,[298],one_led_group,0.8998142098616041,34,0.053302571369788554,False,False,0.8998142098616041,0.8998142098616041
4399,Tm20,0.9364778402855124,17.0,1,[299],one_led_group,0.8200493383259705,20,0.11642850195954191,False,False,0.8200493383259705,0.8200493383259705
4400,Tm20,-0.5522712207846853,13.0,1,[300],one_led_group,-0.22615833702572655,22,0.32611288375895875,False,False,-0.22615833702572655,-0.22615833702572655
4401,Tm20,-0.6410585768293472,1.0,1,[301],one_led_group,0.24601475494211167,2,0.8870733317714589,False,False,0.24601475494211167,0.24601475494211167
4402,Tm20,-1.6950705177924301,1.0,1,[302],one_led_group,0.3632492782233053,2,2.0583197960157356,False,False,0.3632492782233053,0.3632492782233053
4403,Tm20,3.2980796267608814,1.0,1,[303],one_led_group,0.4668472547089353,2,2.831232372051946,False,False,0.4668472547089353,0.4668472547089353
4404,Tm20,-0.6735666240284431,13.0,1,[304],one_led_group,0.05606179451243407,23,0.7296284185408772,False,False,0.05606179451243407,0.05606179451243407
4405,Tm20,-0.9150138879142925,13.0,1,[305],one_led_group,0.1236886809284889,23,1.0387025688427813,False,False,0.1236886809284889,0.1236886809284889
4406,Tm20,-0.03407002629743599,1.0,1,[307],one_led_group,-0.03407002629743605,1,6.245004513516506e-17,True,True,-0.03407002629743605,-0.03407002629743605
4407,Tm20,0.2226160314619836,1.0,1,[308],one_led_group,0.2226160314619836,1,0.0,True,True,0.2226160314619836,0.2226160314619836
4408,Tm20,1.2548450795496373,35.0,1,[310],one_led_group,0.8196080376747245,42,0.43523704187491286,False,False,0.8196080376747245,0.8196080376747245
4409,Tm20,0.7582229467909966,35.0,1,[311],one_led_group,0.5075710293924998,42,0.2506519173984968,False,False,0.5075710293924998,0.5075710293924998
4410,Tm20,1.0950990541320083,4.0,1,[312],one_led_group,0.7436214341377827,5,0.35147761999422555,False,False,0.7436214341377827,0.7436214341377827
4411,Tm20,1.182549484098803,8.0,1,[313],one_led_group,0.9036566253115069,11,0.27889285878729597,False,False,0.9036566253115069,0.9036566253115069
4412,Tm20,0.8710341746822611,8.0,1,[314],one_led_group,0.6327450977167317,11,0.23828907696552937,False,False,0.6327450977167317,0.6327450977167317
4413,Tm20,0.38185301266993993,5.0,1,[315],one_led_group,0.38185301266994004,5,1.1102230246251565e-16,True,True,0.38185301266994004,0.38185301266994004
4414,Tm20,0.1738788577926363,5.0,1,[316],one_led_group,0.1738788577926363,5,0.0,True,True,0.1738788577926363,0.1738788577926363
4415,Tm20,0.6087470718273427,4.0,1,[317],one_led_group,0.6087470718273427,4,0.0,True,True,0.6087470718273427,0.6087470718273427
4416,Tm20,0.09976478145223823,33.0,1,[318],one_led_group,0.10107294215294088,34,0.0013081607007026513,False,False,0.10107294215294088,0.10107294215294088
4417,Tm20,0.14386347972932256,33.0,1,[319],one_led_group,0.13532270879717706,34,0.008540770932145503,False,False,0.13532270879717706,0.13532270879717706
4418,Tm20,-0.2799583417447825,14.0,1,[320],one_led_group,-0.03443932947886484,20,0.24551901226591766,False,False,-0.03443932947886484,-0.03443932947886484
4419,Tm20,0.11409327204353611,14.0,1,[321],one_led_group,0.07291712541778747,20,0.041176146625748644,False,False,0.07291712541778747,0.07291712541778747
4420,Tm20,0.12541158665984997,12.0,1,[322],one_led_group,0.09938693904038297,15,0.026024647619467003,False,False,0.09938693904038297,0.09938693904038297
4421,Tm20,0.532926171010782,12.0,1,[323],one_led_group,0.4627458511166483,15,0.0701803198941337,False,False,0.4627458511166483,0.4627458511166483
4422,Tm20,1.0663637923008469,5.0,1,[324],one_led_group,1.0663637923008469,5,0.0,True,True,1.0663637923008469,1.0663637923008469
4423,Tm20,0.02932087383571198,7.0,1,[325],one_led_group,-0.009227719242729887,8,0.03854859307844187,False,False,-0.009227719242729887,-0.009227719242729887
4424,Tm20,0.6428207088459981,26.0,1,[326],one_led_group,0.6428207088459981,26,0.0,True,True,0.6428207088459981,0.6428207088459981
4425,Tm20,-0.050743017203855656,16.0,1,[327],one_led_group,-0.19735393095314308,18,0.14661091374928742,False,False,-0.19735393095314308,-0.19735393095314308
4426,Tm20,-0.2646870281844499,16.0,1,[328],one_led_group,-0.35711431352270356,18,0.09242728533825367,False,False,-0.35711431352270356,-0.35711431352270356
4427,Tm20,0.29926514970118323,30.0,1,[329],one_led_group,0.23659224477261379,45,0.06267290492856945,False,False,0.23659224477261379,0.23659224477261379
4428,Tm20,1.4884610980632982,26.0,1,[330],one_led_group,1.4884610980632984,26,2.220446049250313e-16,True,True,1.4884610980632984,1.4884610980632984
4429,Tm20,0.7001310425264503,13.0,1,[331],one_led_group,0.3230594720791584,19,0.3770715704472919,False,False,0.3230594720791584,0.3230594720791584
4430,Tm20,0.6533490268861991,6.0,1,[332],one_led_group,0.6533490268861989,6,2.220446049250313e-16,True,True,0.6533490268861989,0.6533490268861989
4431,Tm20,-0.0325939743674152,16.0,1,[333],one_led_group,-0.03259397436741518,16,2.0816681711721685e-17,True,True,-0.03259397436741518,-0.03259397436741518
4432,Tm20,0.7872539283773371,9.0,1,[334],one_led_group,0.7872539283773372,9,1.1102230246251565e-16,True,True,0.7872539283773372,0.7872539283773372
4433,Tm20,0.9144595215368678,9.0,1,[335],one_led_group,0.9144595215368678,9,0.0,True,True,0.9144595215368678,0.9144595215368678
4434,Tm20,1.0609141914492226,12.0,1,[336],one_led_group,1.0609141914492226,12,0.0,True,True,1.0609141914492226,1.0609141914492226
4435,Tm20,0.7716276969843843,12.0,1,[337],one_led_group,0.771627696984384,12,2.220446049250313e-16,True,True,0.771627696984384,0.771627696984384
4436,Tm20,1.531858886741409,53.0,1,[338],one_led_group,1.1766916911167598,63,0.35516719562464916,False,False,1.1766916911167598,1.1766916911167598
4437,Tm20,1.554172789489096,34.0,1,[339],one_led_group,1.3562807616803914,37,0.19789202780870463,False,False,1.3562807616803914,1.3562807616803914
4438,Tm20,1.2858835100954806,87.0,1,[340],one_led_group,1.0237243929817148,100,0.2621591171137658,False,False,1.0237243929817148,1.0237243929817148
4439,Tm20,1.1124028949745177,9.0,1,[341],one_led_group,1.112402894974518,9,2.220446049250313e-16,True,True,1.112402894974518,1.112402894974518
4440,Tm20,0.446943140920511,38.0,1,[342],one_led_group,0.3122282176328666,55,0.1347149232876444,False,False,0.3122282176328666,0.3122282176328666
4441,Tm20,0.8390358339286886,38.0,1,[343],one_led_group,0.573044958836295,55,0.2659908750923936,False,False,0.573044958836295,0.573044958836295
4442,Tm20,0.6806343967921554,9.0,1,[344],one_led_group,0.6806343967921555,9,1.1102230246251565e-16,True,True,0.6806343967921555,0.6806343967921555
4443,Tm20,1.0801675795949854,24.0,1,[345],one_led_group,1.0801675795949859,24,4.440892098500626e-16,True,True,1.0801675795949859,1.0801675795949859
4444,Tm20,1.4310344524081373,73.0,1,[346],one_led_group,1.2233822410951907,82,0.20765221131294664,False,False,1.2233822410951907,1.2233822410951907
4445,Tm20,0.6020368368544828,11.0,1,[347],one_led_group,0.6185349999783639,14,0.016498163123881082,False,False,0.6185349999783639,0.6185349999783639
4446,Tm20,-0.7974480609518421,7.0,1,[348],one_led_group,-0.05538557007992436,12,0.7420624908719177,False,False,-0.05538557007992436,-0.05538557007992436
4447,Tm20,-0.027394438679742197,50.0,1,[350],one_led_group,0.00687001837948276,61,0.034264457059224956,False,False,0.00687001837948276,0.00687001837948276
4448,Tm20,0.7566381460690323,7.0,1,[351],one_led_group,0.4885678940088446,8,0.26807025206018775,False,False,0.4885678940088446,0.4885678940088446
4449,Tm20,0.19388393269269386,2.0,1,[352],one_led_group,0.193883932692694,2,1.3877787807814457e-16,True,True,0.193883932692694,0.193883932692694
4450,Tm20,-0.017515719192583032,6.0,1,[353],one_led_group,-0.16033135181341837,7,0.14281563262083535,False,False,-0.16033135181341837,-0.16033135181341837
4451,Tm20,0.7799072633351302,59.0,1,[356],one_led_group,0.5877321924022113,67,0.19217507093291886,False,False,0.5877321924022113,0.5877321924022113
4452,Tm20,0.032207635268005026,7.0,1,[361],one_led_group,0.03808196868570256,8,0.005874333417697532,False,False,0.03808196868570256,0.03808196868570256
4453,Tm20,0.8459075511947136,13.0,1,[362],one_led_group,0.21960702532307846,21,0.6263005258716352,False,False,0.21960702532307846,0.21960702532307846
4454,Tm20,-0.13955089201230217,6.0,1,[363],one_led_group,-0.011917187575954755,7,0.12763370443634742,False,False,-0.011917187575954755,-0.011917187575954755
4455,Tm20,0.3199336633400371,32.0,1,[364],one_led_group,0.01728830560129869,46,0.3026453577387384,False,False,0.01728830560129869,0.01728830560129869
4456,Tm20,0.20035461389876,4.0,1,[365],one_led_group,0.12901670727443496,5,0.07133790662432504,False,False,0.12901670727443496,0.12901670727443496
4457,Tm20,0.04063985138354095,26.0,1,[366],one_led_group,0.04063985138354094,26,6.938893903907228e-18,True,True,0.04063985138354094,0.04063985138354094
4458,Tm20,0.12021901965327207,6.0,1,[367],one_led_group,0.12402815576024373,7,0.0038091361069716584,False,False,0.12402815576024373,0.12402815576024373
4459,Tm20,-0.04852754693668648,26.0,1,[368],one_led_group,-0.0485275469366865,26,1.3877787807814457e-17,True,True,-0.0485275469366865,-0.0485275469366865
4460,Tm20,-0.8041908916050664,2.0,1,[369],one_led_group,-0.8041908916050665,2,1.1102230246251565e-16,True,True,-0.8041908916050665,-0.8041908916050665
4461,Tm20,0.722819009511827,2.0,1,[370],one_led_group,0.7228190095118268,2,2.220446049250313e-16,True,True,0.7228190095118268,0.7228190095118268
4462,Tm20,1.1144692749451137,84.0,1,[371],one_led_group,0.9458172646006032,96,0.1686520103445105,False,False,0.9458172646006032,0.9458172646006032
4463,Tm20,-0.012623548057572872,9.0,1,[372],one_led_group,-0.012623548057572808,9,6.418476861114186e-17,True,True,-0.012623548057572808,-0.012623548057572808
4464,Tm20,-0.017421732191153484,9.0,1,[373],one_led_group,-0.01742173219115348,9,3.469446951953614e-18,True,True,-0.01742173219115348,-0.01742173219115348
4465,Tm20,-0.13126285257530626,7.0,1,[374],one_led_group,-0.1549964851958784,8,0.023733632620572126,False,False,-0.1549964851958784,-0.1549964851958784
4466,Tm20,1.0347492753284893,7.0,1,[375],one_led_group,0.44059163903022475,12,0.5941576362982646,False,False,0.44059163903022475,0.44059163903022475
4467,Tm20,0.5918638795791545,15.0,1,[376],one_led_group,0.6087660028531263,16,0.01690212327397178,False,False,0.6087660028531263,0.6087660028531263
4468,Tm20,-0.7853947056646221,6.0,1,[377],one_led_group,-0.36711580436892877,7,0.41827890129569334,False,False,-0.36711580436892877,-0.36711580436892877
4469,Tm20,-0.3286810315756882,1.0,1,[378],one_led_group,-0.050139747706761634,2,0.2785412838689265,False,False,-0.050139747706761634,-0.050139747706761634
4470,Tm20,0.23994005079286682,32.0,1,[379],one_led_group,0.12297121769132048,44,0.11696883310154634,False,False,0.12297121769132048,0.12297121769132048
4471,Tm20,1.55362135110284,7.0,1,[380],one_led_group,1.5536213511028403,7,2.220446049250313e-16,True,True,1.5536213511028403,1.5536213511028403
4472,Tm20,0.41307227724082907,32.0,1,[381],one_led_group,0.33481365916466344,44,0.07825861807616563,False,False,0.33481365916466344,0.33481365916466344
4473,Tm20,1.1988617862409576,137.0,1,[382],one_led_group,1.0357781020827268,155,0.16308368415823082,False,False,1.0357781020827268,1.0357781020827268
4474,Tm20,0.3699744292274582,10.0,1,[383],one_led_group,0.15901879493631338,13,0.21095563429114483,False,False,0.15901879493631338,0.15901879493631338
4475,Tm20,-0.08112480872077824,7.0,1,[384],one_led_group,-0.041331954580755774,8,0.03979285414002246,False,False,-0.041331954580755774,-0.041331954580755774
4476,Tm20,0.5937079365597684,21.0,1,[385],one_led_group,0.3986179930293446,24,0.1950899435304238,False,False,0.3986179930293446,0.3986179930293446
4477,Tm20,0.1530016559534946,14.0,1,[386],one_led_group,0.11184989634000786,17,0.041151759613486744,False,False,0.11184989634000786,0.11184989634000786
4478,Tm20,0.7294110907117796,6.0,1,[387],one_led_group,0.6893765994938055,10,0.04003449121797409,False,False,0.6893765994938055,0.6893765994938055
4479,Tm20,0.5575845512756491,14.0,1,[388],one_led_group,0.21948515842185662,17,0.3380993928537925,False,False,0.21948515842185662,0.21948515842185662
4480,Tm20,-0.3471080538540869,32.0,1,[389],one_led_group,-0.10831487818059227,46,0.23879317567349462,False,False,-0.10831487818059227,-0.10831487818059227
4481,Tm20,-0.2977209818013796,1.0,1,[390],one_led_group,0.13607407699035545,2,0.4337950587917351,False,False,0.13607407699035545,0.13607407699035545
4482,Tm20,0.8123830982818807,9.0,1,[391],one_led_group,0.8123830982818807,9,0.0,True,True,0.8123830982818807,0.8123830982818807
4483,Tm20,0.08106186549023316,22.0,1,[392],one_led_group,0.2076017106882044,32,0.12653984519797123,False,False,0.2076017106882044,0.2076017106882044
4484,Tm20,1.0471324958169033,19.0,1,[393],one_led_group,0.5555520357986897,25,0.49158046001821354,False,False,0.5555520357986897,0.5555520357986897
4485,Tm20,0.9625659023219549,9.0,1,[394],one_led_group,0.6715364335502968,12,0.29102946877165814,False,False,0.6715364335502968,0.6715364335502968
4486,Tm20,-0.043180824388512846,1.0,1,[395],one_led_group,-0.09785479670424846,2,0.05467397231573561,False,False,-0.09785479670424846,-0.09785479670424846
4487,Tm20,0.6959998279881022,12.0,1,[396],one_led_group,0.6959998279881022,12,0.0,True,True,0.6959998279881022,0.6959998279881022
4488,Tm20,0.2686717756372114,46.0,1,[397],one_led_group,0.3103552827755678,48,0.04168350713835639,False,False,0.3103552827755678,0.3103552827755678
4489,Tm20,1.0636477345953166,7.0,1,[398],one_led_group,0.8755073516343292,8,0.18814038296098734,False,False,0.8755073516343292,0.8755073516343292
4490,Tm20,0.1594526416658088,4.0,1,[399],one_led_group,0.1594526416658088,4,0.0,True,True,0.1594526416658088,0.1594526416658088
4491,Tm20,-0.06048174379576939,50.0,1,[400],one_led_group,-0.08744110216372016,61,0.026959358367950763,False,False,-0.08744110216372016,-0.08744110216372016
4492,Tm20,0.20337323121755715,2.0,1,[401],one_led_group,0.2033732312175569,2,2.498001805406602e-16,True,True,0.2033732312175569,0.2033732312175569
4493,Tm20,1.157718969828357,7.0,1,[402],one_led_group,0.892422471149136,8,0.265296498679221,False,False,0.892422471149136,0.892422471149136
4494,Tm20,0.7379005115473004,6.0,1,[403],one_led_group,0.2663930319911894,10,0.471507479556111,False,False,0.2663930319911894,0.2663930319911894
4495,Tm20,1.4211631982773303,13.0,1,[404],one_led_group,1.2552071530861626,16,0.1659560451911677,False,False,1.2552071530861626,1.2552071530861626
4496,Tm20,0.16057324766787628,24.0,1,[405],one_led_group,0.1605732476678763,24,2.7755575615628914e-17,True,True,0.1605732476678763,0.1605732476678763
4497,Tm20,1.003973623354289,12.0,1,[406],one_led_group,1.0039736233542893,12,2.220446049250313e-16,True,True,1.0039736233542893,1.0039736233542893
4498,Tm20,-0.129023933138415,2.0,1,[407],one_led_group,-0.33069965840117405,3,0.20167572526275904,False,False,-0.33069965840117405,-0.33069965840117405
4499,Tm20,0.4007500320231706,64.0,1,[408],one_led_group,0.31441875280917514,76,0.08633127921399547,False,False,0.31441875280917514,0.31441875280917514
4500,Tm20,0.4275187373241243,16.0,1,[409],one_led_group,0.42751873732412426,16,5.551115123125783e-17,True,True,0.42751873732412426,0.42751873732412426
4501,Tm20,1.085632475260781,86.0,1,[410],one_led_group,0.8640364091697343,100,0.22159606609104676,False,False,0.8640364091697343,0.8640364091697343
4502,Tm20,0.6417970066381317,8.0,1,[411],one_led_group,0.4054540738082913,11,0.23634293282984037,False,False,0.4054540738082913,0.4054540738082913
4503,Tm20,0.7729777053736431,4.0,1,[412],one_led_group,0.793981300208633,5,0.021003594834989925,False,False,0.793981300208633,0.793981300208633
4504,Tm20,0.43575909385022094,7.0,1,[413],one_led_group,0.2210814705857492,8,0.21467762326447173,False,False,0.2210814705857492,0.2210814705857492
4505,Tm20,1.176646882890017,7.0,1,[414],one_led_group,0.9525594479117461,8,0.22408743497827088,False,False,0.9525594479117461,0.9525594479117461
4506,Tm20,1.1255781849561812,26.0,1,[415],one_led_group,1.1255781849561812,26,0.0,True,True,1.1255781849561812,1.1255781849561812
4507,Tm20,0.8175360566489867,8.0,1,[416],one_led_group,0.7978130373785933,9,0.019723019270393327,False,False,0.7978130373785933,0.7978130373785933
4508,Tm20,0.23879469233674883,5.0,1,[417],one_led_group,0.2387946923367489,5,8.326672684688674e-17,True,True,0.2387946923367489,0.2387946923367489
4509,Tm20,-0.12551477075118858,2.0,1,[418],one_led_group,-0.12551477075118866,2,8.326672684688674e-17,True,True,-0.12551477075118866,-0.12551477075118866
4510,Tm20,0.036584302246205284,9.0,1,[419],one_led_group,-0.32520061391157284,12,0.36178491615777814,False,False,-0.32520061391157284,-0.32520061391157284
4511,Tm20,-0.2440958227113939,26.0,1,[420],one_led_group,-0.24409582271139388,26,2.7755575615628914e-17,True,True,-0.24409582271139388,-0.24409582271139388
4512,Tm20,0.0330589657384421,26.0,1,[421],one_led_group,0.033058965738442095,26,6.938893903907228e-18,True,True,0.033058965738442095,0.033058965738442095
4513,Tm20,0.415870946925377,13.0,1,[422],one_led_group,0.30142616163901453,16,0.11444478528636248,False,False,0.30142616163901453,0.30142616163901453
4514,Tm20,0.494630679333932,4.0,1,[423],one_led_group,0.330748226270073,7,0.163882453063859,False,False,0.330748226270073,0.330748226270073
4515,Tm20,0.2340664897755092,6.0,1,[424],one_led_group,0.19971804860504602,11,0.03434844117046318,False,False,0.19971804860504602,0.19971804860504602
4516,Tm20,-0.3743973341470874,31.0,1,[425],one_led_group,-0.09303914249000254,46,0.28135819165708487,False,False,-0.09303914249000254,-0.09303914249000254
4517,Tm20,-0.23177295484793378,31.0,1,[426],one_led_group,-0.1757945725100442,46,0.05597838233788957,False,False,-0.1757945725100442,-0.1757945725100442
4518,Tm20,0.1306535233381607,3.0,1,[427],one_led_group,0.13065352333816072,3,2.7755575615628914e-17,True,True,0.13065352333816072,0.13065352333816072
4519,Tm20,0.19414812830857395,7.0,1,[428],one_led_group,0.060856750451430505,8,0.13329137785714346,False,False,0.060856750451430505,0.060856750451430505
4520,Tm20,-0.530903886431393,9.0,1,[429],one_led_group,-0.5309038864313929,9,1.1102230246251565e-16,True,True,-0.5309038864313929,-0.5309038864313929
4521,Tm20,0.0725526610883777,9.0,1,[430],one_led_group,0.07255266108837771,9,1.3877787807814457e-17,True,True,0.07255266108837771,0.07255266108837771
4522,Tm20,1.161822188792526,14.0,1,[431],one_led_group,1.0019441503853086,15,0.15987803840721737,False,False,1.0019441503853086,1.0019441503853086
4523,Tm20,-0.1506012011336919,33.0,1,[432],one_led_group,-0.26279636890340735,34,0.11219516776971544,False,False,-0.26279636890340735,-0.26279636890340735
4524,Tm20,0.6712564435576815,7.0,1,[433],one_led_group,0.6712564435576814,7,1.1102230246251565e-16,True,True,0.6712564435576814,0.6712564435576814
4525,Tm20,-0.016398307429401782,18.0,1,[434],one_led_group,-0.06627574348019229,21,0.04987743605079051,False,False,-0.06627574348019229,-0.06627574348019229
4526,Tm20,-0.03616911695821264,6.0,1,[435],one_led_group,-0.16056368052734485,11,0.1243945635691322,False,False,-0.16056368052734485,-0.16056368052734485
4527,Tm20,0.31197601272404907,13.0,1,[436],one_led_group,0.3007442633568761,16,0.011231749367172972,False,False,0.3007442633568761,0.3007442633568761
4528,Tm20,0.5468931564600659,18.0,1,[437],one_led_group,0.5073648445214295,19,0.039528311938636373,False,False,0.5073648445214295,0.5073648445214295
4529,Tm20,0.9252501714548316,3.0,1,[438],one_led_group,0.9252501714548317,3,1.1102230246251565e-16,True,True,0.9252501714548317,0.9252501714548317
4530,Tm20,0.2467809353258182,118.0,1,[439],one_led_group,0.225010305239314,131,0.021770630086504206,False,False,0.225010305239314,0.225010305239314
4531,Tm20,0.22787176557289102,9.0,1,[440],one_led_group,0.227871765572891,9,2.7755575615628914e-17,True,True,0.227871765572891,0.227871765572891
4532,Tm20,-0.05485096756237403,4.0,1,[441],one_led_group,-0.0548509675623742,4,1.734723475976807e-16,True,True,-0.0548509675623742,-0.0548509675623742
4533,Tm20,0.2923273857036049,8.0,1,[442],one_led_group,0.38775408697621727,9,0.09542670127261238,False,False,0.38775408697621727,0.38775408697621727
4534,Tm20,0.4165426545969515,9.0,1,[443],one_led_group,0.24524205983555897,10,0.17130059476139253,False,False,0.24524205983555897,0.24524205983555897
4535,Tm20,0.22466873931745446,1.0,1,[444],one_led_group,-0.08909832894858079,2,0.31376706826603523,False,False,-0.08909832894858079,-0.08909832894858079
4536,Tm20,1.5277681595407402,33.0,1,[446],one_led_group,1.4651768590134504,34,0.06259130052728978,False,False,1.4651768590134504,1.4651768590134504
4537,Tm20,0.02489519097510105,45.0,1,[447],one_led_group,0.06786023893556986,64,0.04296504796046881,False,False,0.06786023893556986,0.06786023893556986
4538,Tm20,0.12900332071674867,9.0,1,[448],one_led_group,0.24500577047336333,12,0.11600244975661467,False,False,0.24500577047336333,0.24500577047336333
4539,Tm20,0.41374070847587735,5.0,1,[449],one_led_group,0.4137407084758773,5,5.551115123125783e-17,True,True,0.4137407084758773,0.4137407084758773
4540,Tm20,0.051085614393485954,7.0,1,[450],one_led_group,0.07096624401458435,8,0.019880629621098392,False,False,0.07096624401458435,0.07096624401458435
4541,Tm20,-0.12587251561065274,18.0,1,[451],one_led_group,-0.004621948720927328,21,0.12125056688972541,False,False,-0.004621948720927328,-0.004621948720927328
4542,Tm20,-0.09400374068830501,33.0,1,[452],one_led_group,-0.11488847729288268,34,0.020884736604577667,False,False,-0.11488847729288268,-0.11488847729288268
4543,Tm20,0.09868254944770172,7.0,1,[453],one_led_group,0.09868254944770172,7,0.0,True,True,0.09868254944770172,0.09868254944770172
4544,Tm20,-0.15124062035397726,24.0,1,[454],one_led_group,-0.15124062035397726,24,0.0,True,True,-0.15124062035397726,-0.15124062035397726
4545,Tm20,-0.35663167290806363,5.0,1,[455],one_led_group,-0.35663167290806375,5,1.1102230246251565e-16,True,True,-0.35663167290806375,-0.35663167290806375
4546,Tm20,-0.8039327949002942,5.0,1,[456],one_led_group,-0.8039327949002942,5,0.0,True,True,-0.8039327949002942,-0.8039327949002942
4547,Tm20,0.46120479037162027,2.0,1,[457],one_led_group,0.46120479037162027,2,0.0,True,True,0.46120479037162027,0.46120479037162027
4548,Tm20,-1.0897172653741465,15.0,1,[458],one_led_group,-0.9835509769465529,21,0.10616628842759357,False,False,-0.9835509769465529,-0.9835509769465529
4549,Tm20,-0.6605460553822212,15.0,1,[459],one_led_group,-0.3481511441464575,21,0.31239491123576374,False,False,-0.3481511441464575,-0.3481511441464575
4550,Tm20,0.45742297564153483,6.0,1,[460],one_led_group,0.12230695298992589,10,0.33511602265160895,False,False,0.12230695298992589,0.12230695298992589
4551,Tm20,-0.15797448259464383,5.0,1,[461],one_led_group,-0.15797448259464383,5,0.0,True,True,-0.15797448259464383,-0.15797448259464383
4552,Tm20,0.09235549698083322,5.0,1,[462],one_led_group,0.09235549698083315,5,6.938893903907228e-17,True,True,0.09235549698083315,0.09235549698083315
4553,Tm20,0.6901200254647367,14.0,1,[463],one_led_group,0.6249764377549425,15,0.06514358770979423,False,False,0.6249764377549425,0.6249764377549425
4554,Tm20,0.6257711590021076,18.0,1,[464],one_led_group,0.5936318113932989,19,0.032139347608808655,False,False,0.5936318113932989,0.5936318113932989
4555,Tm20,0.25318057367688646,6.0,1,[465],one_led_group,0.00799908096581871,7,0.24518149271106773,False,False,0.00799908096581871,0.00799908096581871
4556,Tm20,0.294924735127076,4.0,1,[466],one_led_group,0.2040199269485085,5,0.0909048081785675,False,False,0.2040199269485085,0.2040199269485085
4557,Tm20,-0.42605285006238536,1.0,1,[468],one_led_group,-0.41271907912990746,2,0.013333770932477895,False,False,-0.41271907912990746,-0.41271907912990746
4558,Tm20,-0.30457251032216975,6.0,1,[469],one_led_group,-0.343552838210401,7,0.03898032788823125,False,False,-0.343552838210401,-0.343552838210401
4559,Tm20,0.30249502183728366,4.0,1,[470],one_led_group,0.30249502183728366,4,0.0,True,True,0.30249502183728366,0.30249502183728366
4560,Tm20,0.1261058976305613,24.0,1,[471],one_led_group,0.12610589763056126,24,2.7755575615628914e-17,True,True,0.12610589763056126,0.12610589763056126
4561,Tm20,-0.6430321576867639,9.0,1,[472],one_led_group,-0.34162492642650794,12,0.301407231260256,False,False,-0.34162492642650794,-0.34162492642650794
4562,Tm20,-0.08769426196029158,1.0,1,[473],one_led_group,-0.421050969771591,4,0.33335670781129945,False,False,-0.421050969771591,-0.421050969771591
4563,Tm20,0.06961917859962784,8.0,1,[474],one_led_group,0.1835549139665468,11,0.11393573536691896,False,False,0.1835549139665468,0.1835549139665468
4564,Tm20,0.24215720584233047,7.0,1,[475],one_led_group,0.2421572058423305,7,2.7755575615628914e-17,True,True,0.2421572058423305,0.2421572058423305
4565,Tm20,1.0090396076773176,2.0,1,[476],one_led_group,1.0090396076773174,2,2.220446049250313e-16,True,True,1.0090396076773174,1.0090396076773174
4566,Tm20,1.700939449851728,7.0,1,[478],one_led_group,1.700939449851728,7,0.0,True,True,1.700939449851728,1.700939449851728
4567,Tm20,0.6053893366887974,5.0,1,[479],one_led_group,0.6053893366887975,5,1.1102230246251565e-16,True,True,0.6053893366887975,0.6053893366887975
4568,Tm20,0.8659767158139522,26.0,1,[480],one_led_group,0.8659767158139522,26,0.0,True,True,0.8659767158139522,0.8659767158139522
4569,Tm20,0.3867824060302062,59.0,1,[481],one_led_group,0.37845727145518093,62,0.008325134575025261,False,False,0.37845727145518093,0.37845727145518093
4570,Tm20,-0.03687952019895887,7.0,1,[482],one_led_group,-0.16379162119998528,8,0.1269121010010264,False,False,-0.16379162119998528,-0.16379162119998528
4571,Tm20,0.20548112315432318,80.0,1,[483],one_led_group,0.18645159273968617,91,0.019029530414637008,False,False,0.18645159273968617,0.18645159273968617
4572,Tm20,0.0033806868252001165,5.0,1,[484],one_led_group,0.003380686825200252,5,1.3530843112619095e-16,True,True,0.003380686825200252,0.003380686825200252
4573,Tm20,0.7962028450901334,45.0,1,[485],one_led_group,0.392284504638854,64,0.4039183404512794,False,False,0.392284504638854,0.392284504638854
4574,Tm20,0.9164123814893473,33.0,1,[486],one_led_group,0.8713825142612402,34,0.04502986722810709,False,False,0.8713825142612402,0.8713825142612402
4575,Tm20,0.27784220376228164,80.0,1,[487],one_led_group,0.29489637592516194,91,0.0170541721628803,False,False,0.29489637592516194,0.29489637592516194
4576,Tm20,0.03976755268958541,7.0,1,[488],one_led_group,-0.12766585431602984,8,0.16743340700561524,False,False,-0.12766585431602984,-0.12766585431602984
4577,Tm20,0.12330591198127391,114.0,1,[489],one_led_group,0.1249229544553208,130,0.0016170424740468842,False,False,0.1249229544553208,0.1249229544553208
4578,Tm20,-0.042468654573270585,4.0,1,[490],one_led_group,-0.042468654573270606,4,2.0816681711721685e-17,True,True,-0.042468654573270606,-0.042468654573270606
4579,Tm20,0.2616612603197099,20.0,1,[491],one_led_group,0.27631009091739145,21,0.014648830597681572,False,False,0.27631009091739145,0.27631009091739145
4580,Tm20,-0.032189187469059355,2.0,1,[492],one_led_group,-0.04138361947820982,3,0.009194432009150467,False,False,-0.04138361947820982,-0.04138361947820982
4581,Tm20,0.10734272728173648,65.0,1,[493],one_led_group,0.12259863116010236,78,0.015255903878365881,False,False,0.12259863116010236,0.12259863116010236
4582,Tm20,0.6887274916769724,61.0,1,[495],one_led_group,0.7564269034487763,67,0.06769941177180383,False,False,0.7564269034487763,0.7564269034487763
4583,Tm20,-0.1348987201375457,7.0,1,[497],one_led_group,-0.19994432064705026,8,0.06504560050950456,False,False,-0.19994432064705026,-0.19994432064705026
4584,Tm20,0.71282265786885,8.0,1,[498],one_led_group,0.6337669521402521,9,0.07905570572859788,False,False,0.6337669521402521,0.6337669521402521
4585,Tm20,0.4545897385345287,61.0,1,[499],one_led_group,0.44633618240877704,67,0.008253556125751682,False,False,0.44633618240877704,0.44633618240877704
4586,Tm20,0.1465683519964124,9.0,1,[500],one_led_group,0.14656835199641238,9,2.7755575615628914e-17,True,True,0.14656835199641238,0.14656835199641238
4587,Tm20,0.1767744904484651,20.0,1,[501],one_led_group,0.08109268890311634,21,0.09568180154534876,False,False,0.08109268890311634,0.08109268890311634
4588,Tm20,0.34409080001315007,14.0,1,[502],one_led_group,0.27804580888368563,15,0.06604499112946444,False,False,0.27804580888368563,0.27804580888368563
4589,Tm20,0.35826105256022717,34.0,1,[503],one_led_group,0.39237197974582055,39,0.03411092718559339,False,False,0.39237197974582055,0.39237197974582055
4590,Tm20,0.4428139693223723,1.0,1,[504],one_led_group,-0.20806174586264548,2,0.6508757151850177,False,False,-0.20806174586264548,-0.20806174586264548
4591,Tm20,-0.4970606732094189,5.0,1,[505],one_led_group,-0.497060673209419,5,1.1102230246251565e-16,True,True,-0.497060673209419,-0.497060673209419
4592,Tm20,-0.10121431410896238,7.0,1,[506],one_led_group,-0.13132053080385644,8,0.030106216694894064,False,False,-0.13132053080385644,-0.13132053080385644
4593,Tm20,0.5554382758474767,127.0,1,[508],one_led_group,0.4520338180153989,140,0.10340445783207786,False,False,0.4520338180153989,0.4520338180153989
4594,Tm20,-0.9075421786824484,1.0,1,[509],one_led_group,-1.124734172739306,4,0.21719199405685774,False,False,-1.124734172739306,-1.124734172739306
4595,Tm20,0.9746432149325581,7.0,1,[510],one_led_group,0.2609876328982426,12,0.7136555820343156,False,False,0.2609876328982426,0.2609876328982426
4596,Tm20,-0.2808533095620111,9.0,1,[511],one_led_group,-0.1639014795930041,10,0.11695182996900699,False,False,-0.1639014795930041,-0.1639014795930041
4597,Tm20,0.2276965080887398,7.0,1,[512],one_led_group,0.12213197782860623,12,0.10556453026013358,False,False,0.12213197782860623,0.12213197782860623
4598,Tm20,0.3959434189454912,7.0,1,[513],one_led_group,0.2956390281662774,8,0.10030439077921377,False,False,0.2956390281662774,0.2956390281662774
4599,Tm20,0.35419251398902574,17.0,1,[514],one_led_group,0.3172835043661463,20,0.03690900962287946,False,False,0.3172835043661463,0.3172835043661463
4600,Tm20,-0.22620951223782373,7.0,1,[515],one_led_group,-0.22620951223782376,7,2.7755575615628914e-17,True,True,-0.22620951223782376,-0.22620951223782376
4601,Tm20,1.044688931899298,20.0,1,[516],one_led_group,0.25549020326845123,33,0.7891987286308468,False,False,0.25549020326845123,0.25549020326845123
4602,Tm20,-0.22941371094468316,2.0,1,[517],one_led_group,-0.22941371094468332,2,1.6653345369377348e-16,True,True,-0.22941371094468332,-0.22941371094468332
4603,Tm20,-0.23978242421085222,9.0,1,[518],one_led_group,-0.08072190890604967,14,0.15906051530480253,False,False,-0.08072190890604967,-0.08072190890604967
4604,Tm20,0.5295903910079298,127.0,1,[519],one_led_group,0.4529061872841501,140,0.07668420372377971,False,False,0.4529061872841501,0.4529061872841501
4605,Tm20,0.31960555205674357,5.0,1,[520],one_led_group,0.31960555205674357,5,0.0,True,True,0.31960555205674357,0.31960555205674357
4606,Tm20,0.011132412113429972,121.0,1,[521],one_led_group,-0.003924923376132888,138,0.01505733548956286,False,False,-0.003924923376132888,-0.003924923376132888
4607,Tm20,-0.30131980829051674,4.0,1,[522],one_led_group,-0.30131980829051686,4,1.1102230246251565e-16,True,True,-0.30131980829051686,-0.30131980829051686
4608,Tm20,-0.011236339685115821,87.0,1,[523],one_led_group,-0.026606739366707256,102,0.015370399681591434,False,False,-0.026606739366707256,-0.026606739366707256
4609,Tm20,-0.48243083921510893,7.0,1,[525],one_led_group,-0.526470094886044,8,0.044039255670935085,False,False,-0.526470094886044,-0.526470094886044
4610,Tm20,-0.7778584097761124,7.0,1,[526],one_led_group,-0.6656200379757059,8,0.11223837180040652,False,False,-0.6656200379757059,-0.6656200379757059
4611,Tm20,-0.07626484067122763,69.0,1,[527],one_led_group,-0.04491706155415162,77,0.03134777911707601,False,False,-0.04491706155415162,-0.04491706155415162
4612,Tm20,-0.27836653636524733,8.0,1,[528],one_led_group,-0.08501507767748281,11,0.19335145868776452,False,False,-0.08501507767748281,-0.08501507767748281
4613,Tm20,0.9697182843910032,12.0,1,[529],one_led_group,0.969718284391003,12,1.1102230246251565e-16,True,True,0.969718284391003,0.969718284391003
4614,Tm20,-0.04853084893479842,10.0,1,[530],one_led_group,-0.095255879701847,11,0.04672503076704858,False,False,-0.095255879701847,-0.095255879701847
4615,Tm20,0.4685350004421912,33.0,1,[531],one_led_group,0.4573948126097114,34,0.011140187832479831,False,False,0.4573948126097114,0.4573948126097114
4616,Tm20,-0.35173652656765014,20.0,1,[532],one_led_group,-0.0669232396821794,33,0.28481328688547075,False,False,-0.0669232396821794,-0.0669232396821794
4617,Tm20,0.9574522166278717,17.0,1,[533],one_led_group,0.8182182086759328,20,0.13923400795193897,False,False,0.8182182086759328,0.8182182086759328
4618,Tm20,-0.24449346746155415,23.0,1,[534],one_led_group,0.030085521418485698,32,0.27457898888003984,False,False,0.030085521418485698,0.030085521418485698
4619,Tm20,-0.7315714727666,1.0,1,[535],one_led_group,-0.7315714727666001,1,1.1102230246251565e-16,True,True,-0.7315714727666001,-0.7315714727666001
4620,Tm20,-0.5902424573700031,9.0,1,[536],one_led_group,-0.35895536346863244,12,0.2312870939013707,False,False,-0.35895536346863244,-0.35895536346863244
4621,Tm20,-0.3860862570421592,8.0,1,[537],one_led_group,-0.25246712984602593,9,0.13361912719613328,False,False,-0.25246712984602593,-0.25246712984602593
4622,Tm20,-0.08923953568420094,4.0,1,[538],one_led_group,-0.08923953568420093,4,1.3877787807814457e-17,True,True,-0.08923953568420093,-0.08923953568420093
4623,Tm20,-0.2186403128665682,28.0,1,[539],one_led_group,-0.18999416723288814,29,0.028646145633680065,False,False,-0.18999416723288814,-0.18999416723288814
4624,Tm20,0.08833246357196603,26.0,1,[540],one_led_group,0.088332463571966,26,2.7755575615628914e-17,True,True,0.088332463571966,0.088332463571966
4625,Tm20,-0.2123254990464392,3.0,1,[541],one_led_group,-0.010582131657254457,5,0.20174336738918472,False,False,-0.010582131657254457,-0.010582131657254457
4626,Tm20,0.041954706710454696,26.0,1,[542],one_led_group,0.04418223213038993,28,0.0022275254199352335,False,False,0.04418223213038993,0.04418223213038993
4627,Tm20,-1.1084437182273936,2.0,1,[543],one_led_group,-1.1084437182273936,2,0.0,True,True,-1.1084437182273936,-1.1084437182273936
4628,Tm20,0.005121190567959825,7.0,1,[544],one_led_group,0.005121190567959883,7,5.811323644522304e-17,True,True,0.005121190567959883,0.005121190567959883
4629,Tm20,-0.2123782972789558,32.0,1,[545],one_led_group,-0.1558172224244703,35,0.0565610748544855,False,False,-0.1558172224244703,-0.1558172224244703
4630,Tm20,-0.15639210582461766,35.0,1,[546],one_led_group,-0.13560280268135308,39,0.020789303143264576,False,False,-0.13560280268135308,-0.13560280268135308
4631,Tm20,-0.010204833649848028,26.0,1,[547],one_led_group,0.014589513585062542,28,0.02479434723491057,False,False,0.014589513585062542,0.014589513585062542
4632,Tm20,-0.02348219444506153,35.0,1,[548],one_led_group,-0.05092240089301234,42,0.027440206447950807,False,False,-0.05092240089301234,-0.05092240089301234
4633,Tm20,-0.34168813555785843,3.0,1,[549],one_led_group,-0.6065040432292198,6,0.2648159076713614,False,False,-0.6065040432292198,-0.6065040432292198
4634,Tm20,0.38730733411805385,17.0,1,[550],one_led_group,0.2928998370771384,20,0.09440749704091544,False,False,0.2928998370771384,0.2928998370771384
4635,Tm20,-0.24240240682005873,21.0,1,[551],one_led_group,0.06825510510064672,33,0.31065751192070545,False,False,0.06825510510064672,0.06825510510064672
4636,Tm20,0.3674651299037482,5.0,1,[552],one_led_group,0.3674651299037483,5,1.1102230246251565e-16,True,True,0.3674651299037483,0.3674651299037483
4637,Tm20,-0.5067370926225027,2.0,1,[553],one_led_group,-0.5067370926225023,2,3.3306690738754696e-16,True,True,-0.5067370926225023,-0.5067370926225023
4638,Tm20,-1.3892453710232577,1.0,1,[554],one_led_group,0.08281700137342907,2,1.4720623723966868,False,False,0.08281700137342907,0.08281700137342907
4639,Tm20,-0.257023822623602,8.0,1,[555],one_led_group,-0.300733425789595,12,0.04370960316599298,False,False,-0.300733425789595,-0.300733425789595
4640,Tm20,0.1737555943956847,84.0,1,[556],one_led_group,0.14417123971775989,91,0.029584354677924807,False,False,0.14417123971775989,0.14417123971775989
4641,Tm20,-1.0544171469411747,4.0,1,[557],one_led_group,-1.0544171469411747,4,0.0,True,True,-1.0544171469411747,-1.0544171469411747
4642,Tm20,-0.5574485167437679,9.0,1,[558],one_led_group,-0.5574485167437678,9,1.1102230246251565e-16,True,True,-0.5574485167437678,-0.5574485167437678
4643,Tm20,-0.03484153531874491,27.0,1,[559],one_led_group,0.019679294387340437,41,0.05452082970608535,False,False,0.019679294387340437,0.019679294387340437
4644,Tm20,-0.4459533698314599,12.0,1,[560],one_led_group,-0.4496334587957974,15,0.0036800889643375245,False,False,-0.4496334587957974,-0.4496334587957974
4645,Tm20,-0.7068128003402755,8.0,1,[561],one_led_group,-0.5222781647959147,9,0.18453463554436078,False,False,-0.5222781647959147,-0.5222781647959147
4646,Tm20,0.040902593485570085,29.0,1,[562],one_led_group,0.014208039985860052,33,0.026694553499710033,False,False,0.014208039985860052,0.014208039985860052
4647,Tm20,0.0817816416070173,92.0,1,[563],one_led_group,0.0030163051798927747,103,0.07876533642712452,False,False,0.0030163051798927747,0.0030163051798927747
4648,Tm20,0.10708432583236265,12.0,1,[564],one_led_group,-0.00035232909862757585,15,0.10743665493099022,False,False,-0.00035232909862757585,-0.00035232909862757585
4649,Tm20,0.2131592562894471,27.0,1,[565],one_led_group,0.09315027651308266,41,0.12000897977636443,False,False,0.09315027651308266,0.09315027651308266
4650,Tm20,-0.012987023937878353,23.0,1,[566],one_led_group,-0.0967862800649303,31,0.08379925612705194,False,False,-0.0967862800649303,-0.0967862800649303
4651,Tm20,-0.26361466377300474,8.0,1,[567],one_led_group,-0.27806664695808575,9,0.014451983185081008,False,False,-0.27806664695808575,-0.27806664695808575
4652,Tm20,0.011223198848450121,26.0,1,[568],one_led_group,0.011223198848450114,26,6.938893903907228e-18,True,True,0.011223198848450114,0.011223198848450114
4653,Tm20,0.00631327541435246,5.0,1,[569],one_led_group,0.006313275414352404,5,5.551115123125783e-17,True,True,0.006313275414352404,0.006313275414352404
4654,Tm20,-0.2933627886662182,3.0,1,[570],one_led_group,-0.06038564561977722,6,0.23297714304644096,False,False,-0.06038564561977722,-0.06038564561977722
4655,Tm20,0.2283739480171288,17.0,1,[571],one_led_group,0.1693895621385935,20,0.0589843858785353,False,False,0.1693895621385935,0.1693895621385935
4656,Tm20,0.2603539686346175,5.0,1,[572],one_led_group,0.26035396863461757,5,5.551115123125783e-17,True,True,0.26035396863461757,0.26035396863461757
4657,Tm20,0.026701881693735774,23.0,1,[573],one_led_group,-0.034904122743654876,31,0.06160600443739065,False,False,-0.034904122743654876,-0.034904122743654876
4658,Tm20,-0.08239512440008176,28.0,1,[574],one_led_group,-0.1092792132505888,29,0.02688408885050704,False,False,-0.1092792132505888,-0.1092792132505888
4659,Tm20,-0.2779217190027653,4.0,1,[575],one_led_group,-0.2779217190027653,4,0.0,True,True,-0.2779217190027653,-0.2779217190027653
4660,Tm20,-0.043101817793298094,21.0,1,[576],one_led_group,0.13577987791493445,33,0.17888169570823254,False,False,0.13577987791493445,0.13577987791493445
4661,Tm20,0.03884487175716251,128.0,1,[577],one_led_group,-0.005127560287479784,144,0.043972432044642296,False,False,-0.005127560287479784,-0.005127560287479784
4662,Tm20,-1.3950905784988366,2.0,1,[578],one_led_group,-1.3950905784988366,2,0.0,True,True,-1.3950905784988366,-1.3950905784988366
4663,Tm20,-0.3551704400924959,12.0,1,[579],one_led_group,-0.35517044009249593,12,5.551115123125783e-17,True,True,-0.35517044009249593,-0.35517044009249593
4664,Tm20,-0.3930796709412427,3.0,1,[580],one_led_group,-0.19166652732546421,4,0.20141314361577847,False,False,-0.19166652732546421,-0.19166652732546421
4665,Tm20,0.2450434385926126,12.0,1,[581],one_led_group,0.2450434385926128,12,1.942890293094024e-16,True,True,0.2450434385926128,0.2450434385926128
4666,Tm20,0.011566974079776379,5.0,1,[582],one_led_group,0.011566974079776282,5,9.71445146547012e-17,True,True,0.011566974079776282,0.011566974079776282
4667,Tm20,0.15876969081117248,9.0,1,[583],one_led_group,0.026132510117446123,14,0.13263718069372635,False,False,0.026132510117446123,0.026132510117446123
4668,Tm20,-0.08313949104844369,7.0,1,[584],one_led_group,-0.11695966280035722,8,0.03382017175191353,False,False,-0.11695966280035722,-0.11695966280035722
4669,Tm20,0.10916240011987376,26.0,1,[585],one_led_group,0.10916240011987373,26,2.7755575615628914e-17,True,True,0.10916240011987373,0.10916240011987373
4670,Tm20,0.03748569051692374,23.0,1,[586],one_led_group,0.07914163307117186,36,0.04165594255424812,False,False,0.07914163307117186,0.07914163307117186
4671,Tm20,-0.08322254217508827,21.0,1,[587],one_led_group,-0.1989037294297389,24,0.11568118725465064,False,False,-0.1989037294297389,-0.1989037294297389
4672,Tm20,-0.2479626972103576,10.0,1,[588],one_led_group,-0.15891156303194923,11,0.08905113417840838,False,False,-0.15891156303194923,-0.15891156303194923
4673,Tm20,-0.03893717143874428,1.0,1,[589],one_led_group,0.27507558785815567,2,0.3140127592968999,False,False,0.27507558785815567,0.27507558785815567
4674,Tm20,0.00766897389744569,25.0,1,[590],one_led_group,-0.006490362059143822,26,0.014159335956589511,False,False,-0.006490362059143822,-0.006490362059143822
4675,Tm20,-0.13924222190746044,15.0,1,[591],one_led_group,-0.10208968020187956,16,0.03715254170558088,False,False,-0.10208968020187956,-0.10208968020187956
4676,Tm20,-0.023186811931682014,16.0,1,[592],one_led_group,-0.02318681193168204,16,2.42861286636753e-17,True,True,-0.02318681193168204,-0.02318681193168204
4677,Tm20,0.07610339935330182,6.0,1,[593],one_led_group,0.12980324385890477,7,0.053699844505602945,False,False,0.12980324385890477,0.12980324385890477
4678,Tm20,-0.34707500274615205,23.0,1,[594],one_led_group,-0.04364827296713591,32,0.30342672977901614,False,False,-0.04364827296713591,-0.04364827296713591
4679,Tm20,-0.7868045977254524,1.0,1,[595],one_led_group,-0.7868045977254527,1,3.3306690738754696e-16,True,True,-0.7868045977254527,-0.7868045977254527
4680,Tm20,0.026263546875436243,33.0,1,[596],one_led_group,0.015551171580429535,34,0.010712375295006708,False,False,0.015551171580429535,0.015551171580429535
4681,Tm20,0.30037007379758307,23.0,1,[597],one_led_group,0.029912114529291125,36,0.27045795926829197,False,False,0.029912114529291125,0.029912114529291125
4682,Tm20,-0.10332887674151067,21.0,1,[598],one_led_group,-0.07053866583286568,24,0.03279021090864499,False,False,-0.07053866583286568,-0.07053866583286568
4683,Tm20,-0.03781952818176754,26.0,1,[599],one_led_group,-0.03558919703998325,28,0.0022303311417842878,False,False,-0.03558919703998325,-0.03558919703998325
4684,Tm20,-0.053635218331337345,22.0,1,[600],one_led_group,-0.05375902519962024,23,0.0001238068682828941,False,False,-0.05375902519962024,-0.05375902519962024
4685,Tm5a-TnT,-0.8534238562298297,2.0,0,[],unavailable_same_type,,,,,,,
4686,Tm5a-TnT,1.1725719970099422,6.0,0,[],unavailable_same_type,,,,,,,
4687,Tm5a-TnT,-0.6346142715340987,4.0,0,[],unavailable_same_type,,,,,,,
4688,Tm5a-TnT,-0.20637297447689346,2.0,0,[],unavailable_same_type,,,,,,,
4689,Tm5a-TnT,0.016473873338568954,4.0,0,[],unavailable_same_type,,,,,,,
4690,Tm5a-TnT,-0.19034955942330103,1.0,0,[],unavailable_same_type,,,,,,,
4691,Tm5a-TnT,0.1457998283201896,11.0,0,[],unavailable_same_type,,,,,,,
4692,Tm5a-TnT,0.32769996381208866,9.0,0,[],unavailable_same_type,,,,,,,
4693,Tm5a-TnT,0.9079811932471011,1.0,0,[],unavailable_same_type,,,,,,,
4694,Tm5a-TnT,-0.7482462310428619,1.0,0,[],unavailable_same_type,,,,,,,
4695,Tm5a-TnT,-0.8154135302606881,2.0,0,[],unavailable_same_type,,,,,,,
4696,Tm5a-TnT,0.3087489401425215,5.0,0,[],unavailable_same_type,,,,,,,
4697,Tm5a-TnT,0.3182420724384402,5.0,0,[],unavailable_same_type,,,,,,,
4698,Tm5a-TnT,0.2996343829614507,19.0,0,[],unavailable_same_type,,,,,,,
4699,Tm5a-TnT,0.12600250358335285,34.0,0,[],unavailable_same_type,,,,,,,
4700,Tm5a-TnT,-0.0838727938120005,1.0,0,[],unavailable_same_type,,,,,,,
4701,Tm5a-TnT,0.25710590883321754,5.0,0,[],unavailable_same_type,,,,,,,
4702,Tm5a-TnT,0.6754096155610199,4.0,0,[],unavailable_same_type,,,,,,,
4703,Tm5a-TnT,0.009177415225336593,5.0,0,[],unavailable_same_type,,,,,,,
4704,Tm5a-TnT,-0.23271980740194426,8.0,0,[],unavailable_same_type,,,,,,,
4705,Tm5a-TnT,0.004933585136174476,29.0,0,[],unavailable_same_type,,,,,,,
4706,Tm5a-TnT,-0.1281381645500399,13.0,0,[],unavailable_same_type,,,,,,,
4707,Tm5a-TnT,0.2162172152644519,4.0,0,[],unavailable_same_type,,,,,,,
4708,Tm5a-TnT,0.7162049230012892,16.0,0,[],unavailable_same_type,,,,,,,
4709,Tm5a-TnT,0.2787878748008934,7.0,0,[],unavailable_same_type,,,,,,,
4710,Tm5a-TnT,-0.06877619732411791,1.0,0,[],unavailable_same_type,,,,,,,
4711,Tm5a-TnT,0.4340704216457291,18.0,0,[],unavailable_same_type,,,,,,,
4712,Tm5a-TnT,0.343213596766252,11.0,0,[],unavailable_same_type,,,,,,,
4713,Tm5a-TnT,0.3222690243194916,1.0,0,[],unavailable_same_type,,,,,,,
4714,Tm5a-TnT,0.22145299347424946,12.0,0,[],unavailable_same_type,,,,,,,
4715,Tm5a-TnT,-0.16060752248478433,8.0,0,[],unavailable_same_type,,,,,,,
4716,Tm5a-TnT,0.5343591570232415,17.0,0,[],unavailable_same_type,,,,,,,
4717,Tm5a-TnT,0.030796965014164453,12.0,0,[],unavailable_same_type,,,,,,,
4718,Tm5a-TnT,0.33014354401972534,32.0,0,[],unavailable_same_type,,,,,,,
4719,Tm5a-TnT,0.3804086558168896,24.0,0,[],unavailable_same_type,,,,,,,
4720,Tm5a-TnT,0.3944606318477802,33.0,0,[],unavailable_same_type,,,,,,,
4721,Tm5a-TnT,0.32081704668082783,8.0,0,[],unavailable_same_type,,,,,,,
4722,Tm5a-TnT,0.18785657913502019,9.0,0,[],unavailable_same_type,,,,,,,
4723,Tm5a-TnT,0.014811290811326167,5.0,0,[],unavailable_same_type,,,,,,,
4724,Tm5a-TnT,0.8528139344983036,1.0,0,[],unavailable_same_type,,,,,,,
4725,Tm5a-TnT,0.3947266827354122,3.0,0,[],unavailable_same_type,,,,,,,
4726,Tm5a-TnT,-1.6454693308507349,2.0,0,[],unavailable_same_type,,,,,,,
4727,Tm5a-TnT,0.01137330677783321,5.0,0,[],unavailable_same_type,,,,,,,
4728,Tm5a-TnT,-0.007653672848920775,4.0,0,[],unavailable_same_type,,,,,,,
4729,Tm5a-TnT,-0.01758283411588336,9.0,0,[],unavailable_same_type,,,,,,,
4730,Tm5a-TnT,0.18639227163908179,1.0,0,[],unavailable_same_type,,,,,,,
4731,Tm5a-TnT,0.38428886741088497,6.0,0,[],unavailable_same_type,,,,,,,
4732,Tm5a-TnT,-0.09265496271042094,11.0,0,[],unavailable_same_type,,,,,,,
4733,Tm5a-TnT,0.21703585889369734,9.0,0,[],unavailable_same_type,,,,,,,
4734,Tm5a-TnT,0.6092290770560058,45.0,0,[],unavailable_same_type,,,,,,,
4735,Tm5a-TnT,-0.1132316758643891,1.0,0,[],unavailable_same_type,,,,,,,
4736,Tm5a-TnT,0.009245217047382324,7.0,0,[],unavailable_same_type,,,,,,,
4737,Tm5a-TnT,-0.35527073356107536,4.0,0,[],unavailable_same_type,,,,,,,
4738,Tm5a-TnT,-0.08231837141204888,3.0,0,[],unavailable_same_type,,,,,,,
4739,Tm5a-TnT,0.04106304097380377,8.0,0,[],unavailable_same_type,,,,,,,
4740,Tm5a-TnT,0.5622360384109168,22.0,0,[],unavailable_same_type,,,,,,,
4741,Tm5a-TnT,-0.0709786281818798,1.0,0,[],unavailable_same_type,,,,,,,
4742,Tm5a-TnT,0.3980634939097671,20.0,0,[],unavailable_same_type,,,,,,,
4743,Tm5a-TnT,0.00702127259741758,9.0,0,[],unavailable_same_type,,,,,,,
4744,Tm5a-TnT,0.1864462954263737,6.0,0,[],unavailable_same_type,,,,,,,
4745,Tm5a-TnT,0.17268355422325404,23.0,0,[],unavailable_same_type,,,,,,,
4746,Tm5a-TnT,0.4120962389803119,7.0,0,[],unavailable_same_type,,,,,,,
4747,Tm5a-TnT,0.31646779142058634,3.0,0,[],unavailable_same_type,,,,,,,
4748,Tm5a-TnT,0.019361880758862502,1.0,0,[],unavailable_same_type,,,,,,,
4749,Tm5a-TnT,1.3184758148493028,7.0,0,[],unavailable_same_type,,,,,,,
4750,Tm5a-TnT,1.0429542357371164,6.0,0,[],unavailable_same_type,,,,,,,
4751,Tm5a-TnT,0.44437679611671055,4.0,0,[],unavailable_same_type,,,,,,,
4752,Tm5a-TnT,0.5361439936345411,6.0,0,[],unavailable_same_type,,,,,,,
4753,Tm5a-TnT,0.6658752190289523,12.0,0,[],unavailable_same_type,,,,,,,
4754,Tm5a-TnT,0.7974598870947975,9.0,0,[],unavailable_same_type,,,,,,,
4755,Tm5a-TnT,0.46103044250714476,4.0,0,[],unavailable_same_type,,,,,,,
4756,Tm5a-TnT,0.49279245449866244,11.0,0,[],unavailable_same_type,,,,,,,
4757,Tm5a-TnT,1.1124780440349924,7.0,0,[],unavailable_same_type,,,,,,,
4758,Tm5a-TnT,0.5502107267173926,9.0,0,[],unavailable_same_type,,,,,,,
4759,Tm5a-TnT,0.23138196904814998,32.0,0,[],unavailable_same_type,,,,,,,
4760,Tm5a-TnT,0.13369609063789997,22.0,0,[],unavailable_same_type,,,,,,,
4761,Tm5a-TnT,-0.09062527534505375,6.0,0,[],unavailable_same_type,,,,,,,
4762,Tm5a-TnT,-0.3353752897870556,2.0,0,[],unavailable_same_type,,,,,,,
4763,Tm5a-TnT,-1.8638627033452135,1.0,0,[],unavailable_same_type,,,,,,,
4764,Tm5a-TnT,0.016112223297950954,2.0,0,[],unavailable_same_type,,,,,,,
4765,Tm5a-TnT,0.4571138140279197,9.0,0,[],unavailable_same_type,,,,,,,
4766,Tm5a-TnT,-0.45877878791649335,2.0,0,[],unavailable_same_type,,,,,,,
4767,Tm5a-TnT,-0.2776289741184015,2.0,0,[],unavailable_same_type,,,,,,,
4768,Tm5a-TnT,0.6934433102624101,6.0,0,[],unavailable_same_type,,,,,,,
4769,Tm5a-TnT,0.4546717990453124,20.0,0,[],unavailable_same_type,,,,,,,
4770,Tm5a-TnT,-0.20002429707745856,5.0,0,[],unavailable_same_type,,,,,,,
4771,Tm5a-TnT,0.02370445030057352,5.0,0,[],unavailable_same_type,,,,,,,
4772,Tm5a-TnT,0.8602792499421498,2.0,0,[],unavailable_same_type,,,,,,,
4773,Tm5a-TnT,0.5571838085736154,4.0,0,[],unavailable_same_type,,,,,,,
4774,Tm5a-TnT,-0.5983825245086679,4.0,0,[],unavailable_same_type,,,,,,,
4775,Tm5a-TnT,0.24688597709093033,2.0,0,[],unavailable_same_type,,,,,,,
4776,Tm5a-TnT,-0.03277460128173809,14.0,0,[],unavailable_same_type,,,,,,,
4777,Tm5a-TnT,0.3188593917584219,14.0,0,[],unavailable_same_type,,,,,,,
4778,Tm5a-TnT,1.7617536654288894,1.0,0,[],unavailable_same_type,,,,,,,
4779,Tm5a-TnT,0.2057378183576531,12.0,0,[],unavailable_same_type,,,,,,,
4780,Tm5a-TnT,0.15746790293760768,9.0,0,[],unavailable_same_type,,,,,,,
4781,Tm5a-TnT,1.0696551769821911,1.0,0,[],unavailable_same_type,,,,,,,
4782,Tm5a-TnT,0.4183396452614599,10.0,0,[],unavailable_same_type,,,,,,,
4783,Tm5a-TnT,0.661428223082825,23.0,0,[],unavailable_same_type,,,,,,,
4784,Tm5a-TnT,0.1341993960484271,9.0,0,[],unavailable_same_type,,,,,,,
4785,Tm5a-TnT,0.5859223830179242,12.0,0,[],unavailable_same_type,,,,,,,
4786,Tm5a-TnT,-0.08587359265632592,12.0,0,[],unavailable_same_type,,,,,,,
4787,Tm5a-TnT,0.08796899138935341,9.0,0,[],unavailable_same_type,,,,,,,
4788,Tm5a-TnT,0.5800521353326389,1.0,0,[],unavailable_same_type,,,,,,,
4789,Tm5a-TnT,1.3434666913486741,1.0,0,[],unavailable_same_type,,,,,,,
4790,Tm5a-TnT,0.5604415951644105,1.0,0,[],unavailable_same_type,,,,,,,
4791,Tm5a-TnT,0.30560008220095713,1.0,0,[],unavailable_same_type,,,,,,,
4792,Tm5a-TnT,0.06364545516479538,44.0,0,[],unavailable_same_type,,,,,,,
4793,Tm5a-TnT,0.23959540028995566,31.0,0,[],unavailable_same_type,,,,,,,
4794,Tm5a-TnT,-1.2643465134077334,2.0,0,[],unavailable_same_type,,,,,,,
4795,Tm5a-TnT,-0.5803948702998343,2.0,0,[],unavailable_same_type,,,,,,,
4796,Tm5a-TnT,-0.905028765287675,2.0,0,[],unavailable_same_type,,,,,,,
4797,Tm5a-TnT,0.02943180359710103,5.0,0,[],unavailable_same_type,,,,,,,
4798,Tm5a-TnT,-0.5553952853531244,3.0,0,[],unavailable_same_type,,,,,,,
4799,Tm5a-TnT,-0.8535287345928574,3.0,0,[],unavailable_same_type,,,,,,,
4800,Tm5a-TnT,0.6370375517975606,28.0,0,[],unavailable_same_type,,,,,,,
4801,Tm5a-TnT,0.7166843243125408,42.0,0,[],unavailable_same_type,,,,,,,
4802,Tm5a-TnT,0.28137383458897575,25.0,0,[],unavailable_same_type,,,,,,,
4803,Tm5a-TnT,0.20125552738538813,32.0,0,[],unavailable_same_type,,,,,,,
4804,Tm5a-TnT,0.26640051484377314,17.0,0,[],unavailable_same_type,,,,,,,
4805,Tm5a-TnT,-0.42064356694674687,1.0,0,[],unavailable_same_type,,,,,,,
4806,Tm5a-TnT,0.03960904741044473,33.0,0,[],unavailable_same_type,,,,,,,
4807,Tm5a-TnT,0.3239594582680326,3.0,0,[],unavailable_same_type,,,,,,,
4808,Tm5a-TnT,-0.014087723438636497,17.0,0,[],unavailable_same_type,,,,,,,
4809,Tm5a-TnT,0.23535462380980135,24.0,0,[],unavailable_same_type,,,,,,,
4810,Tm5a-TnT,-0.09791135323137053,1.0,0,[],unavailable_same_type,,,,,,,
4811,Tm5a-TnT,0.21007402120139845,34.0,0,[],unavailable_same_type,,,,,,,
4812,Tm5a-TnT,-0.4601758860608838,1.0,0,[],unavailable_same_type,,,,,,,
4813,Tm5a-TnT,0.42950643050895493,5.0,0,[],unavailable_same_type,,,,,,,
4814,Tm5a-TnT,0.7588177595815008,3.0,0,[],unavailable_same_type,,,,,,,
4815,Tm5a-TnT,-0.3630978389310613,3.0,0,[],unavailable_same_type,,,,,,,
4816,Tm5a-TnT,0.8447152195516736,4.0,0,[],unavailable_same_type,,,,,,,
4817,Tm5a-TnT,0.5095392433668536,21.0,0,[],unavailable_same_type,,,,,,,
4818,Tm5a-TnT,0.42683339981120916,5.0,0,[],unavailable_same_type,,,,,,,
4819,Tm5a-TnT,-0.4811800112264058,8.0,0,[],unavailable_same_type,,,,,,,
4820,Tm5a-TnT,-0.23680552270164837,2.0,0,[],unavailable_same_type,,,,,,,
4821,Tm5a-TnT,-0.09717931067169618,2.0,0,[],unavailable_same_type,,,,,,,
4822,Tm5a-TnT,0.02883171660608902,7.0,0,[],unavailable_same_type,,,,,,,
4823,Tm5a-TnT,0.1476307511632259,23.0,0,[],unavailable_same_type,,,,,,,
4824,Tm5a-TnT,0.669675092181423,42.0,0,[],unavailable_same_type,,,,,,,
4825,Tm5a-TnT,-1.1966031359368685,2.0,0,[],unavailable_same_type,,,,,,,
4826,Tm5a-TnT,0.8348741889744248,1.0,0,[],unavailable_same_type,,,,,,,
4827,Tm5a-TnT,1.7440642611785495,1.0,0,[],unavailable_same_type,,,,,,,
4828,Tm5a-TnT,0.282503950904102,6.0,0,[],unavailable_same_type,,,,,,,
4829,Tm5a-TnT,0.4952992112562457,16.0,0,[],unavailable_same_type,,,,,,,
4830,Tm5a-TnT,-0.19857216508177897,13.0,0,[],unavailable_same_type,,,,,,,
4831,Tm5a-TnT,-0.07984723694284535,11.0,0,[],unavailable_same_type,,,,,,,
4832,Tm5a-TnT,-0.01044803539391112,29.0,0,[],unavailable_same_type,,,,,,,
4833,Tm5a-TnT,0.7585094626334842,2.0,0,[],unavailable_same_type,,,,,,,
4834,Tm5a-TnT,-0.0781327462493319,12.0,0,[],unavailable_same_type,,,,,,,
4835,Tm5a-TnT,-0.13144629148261627,3.0,0,[],unavailable_same_type,,,,,,,
4836,Tm5a-TnT,-0.9845991869531179,1.0,0,[],unavailable_same_type,,,,,,,
4837,Tm5a-TnT,0.21844662076383706,24.0,0,[],unavailable_same_type,,,,,,,
4838,Tm5a-TnT,0.33195596038541614,9.0,0,[],unavailable_same_type,,,,,,,
4839,Tm5a-TnT,-0.6893859253898472,1.0,0,[],unavailable_same_type,,,,,,,
4840,Tm5a-TnT,-0.4017479240389878,5.0,0,[],unavailable_same_type,,,,,,,
4841,Tm5a-TnT,-0.03328474285498229,15.0,0,[],unavailable_same_type,,,,,,,
4842,Tm5a-TnT,-0.32958551857748175,3.0,0,[],unavailable_same_type,,,,,,,
4843,Tm5a-TnT,0.12898868981377692,8.0,0,[],unavailable_same_type,,,,,,,
4844,Tm5a-TnT,0.4971017625013617,105.0,0,[],unavailable_same_type,,,,,,,
4845,Tm5a-TnT,0.41890781990143544,45.0,0,[],unavailable_same_type,,,,,,,
4846,Tm5a-TnT,-0.0033367593241984683,9.0,0,[],unavailable_same_type,,,,,,,
4847,Tm5a-TnT,-0.29829953503856066,9.0,0,[],unavailable_same_type,,,,,,,
4848,Tm5a-TnT,1.3983359589711069,1.0,0,[],unavailable_same_type,,,,,,,
4849,Tm5a-TnT,-0.795445323467954,1.0,0,[],unavailable_same_type,,,,,,,
4850,Tm5a-TnT,0.08705950335167263,9.0,0,[],unavailable_same_type,,,,,,,
4851,Tm5a-TnT,0.3890402646400923,7.0,0,[],unavailable_same_type,,,,,,,
4852,Tm5a-TnT,0.2345865965953445,7.0,0,[],unavailable_same_type,,,,,,,
4853,Tm5a-TnT,0.2012866414409876,7.0,0,[],unavailable_same_type,,,,,,,
4854,Tm5a-TnT,-0.06128191707623761,7.0,0,[],unavailable_same_type,,,,,,,
4855,Tm5a-TnT,0.6564231734937377,4.0,0,[],unavailable_same_type,,,,,,,
4856,Tm5a-TnT,0.8484382913617861,45.0,0,[],unavailable_same_type,,,,,,,
4857,Tm5a-TnT,1.027782448424479,34.0,0,[],unavailable_same_type,,,,,,,
4858,Tm5a-TnT,0.9468659583988357,45.0,0,[],unavailable_same_type,,,,,,,
4859,Tm5a-TnT,0.9178795601457005,1.0,0,[],unavailable_same_type,,,,,,,
4860,Tm5a-TnT,1.5120871858237976,34.0,0,[],unavailable_same_type,,,,,,,
4861,Tm5a-TnT,0.2864679582313351,2.0,0,[],unavailable_same_type,,,,,,,
4862,Tm5a-TnT,0.6063271026157955,2.0,0,[],unavailable_same_type,,,,,,,
4863,Tm5a-TnT,0.721697525398027,10.0,0,[],unavailable_same_type,,,,,,,
4864,Tm5a-TnT,2.4148372193453227,25.0,0,[],unavailable_same_type,,,,,,,
4865,Tm5a-TnT,1.956739115403847,25.0,0,[],unavailable_same_type,,,,,,,
4866,Tm5a-TnT,0.18673834897271005,5.0,0,[],unavailable_same_type,,,,,,,
4867,Tm5a-TnT,0.20075619015442528,34.0,0,[],unavailable_same_type,,,,,,,
4868,Tm5a-TnT,-0.10379342946383738,44.0,0,[],unavailable_same_type,,,,,,,
4869,Tm5a-TnT,-0.40989793450284334,1.0,0,[],unavailable_same_type,,,,,,,
4870,Tm5a-TnT,1.1698682324528529,3.0,0,[],unavailable_same_type,,,,,,,
4871,Tm5a-TnT,0.3503663408496088,7.0,0,[],unavailable_same_type,,,,,,,
4872,Tm5a-TnT,0.6224375706617872,1.0,0,[],unavailable_same_type,,,,,,,
4873,Tm5a-TnT,-0.04545221314234436,21.0,0,[],unavailable_same_type,,,,,,,
4874,Tm5a-TnT,0.21690568126192125,20.0,0,[],unavailable_same_type,,,,,,,
4875,Tm5a-TnT,0.12109273335925035,45.0,0,[],unavailable_same_type,,,,,,,
4876,Tm5a-TnT,0.31431592841334627,6.0,0,[],unavailable_same_type,,,,,,,
4877,Tm5a-TnT,-0.4421096771286681,3.0,0,[],unavailable_same_type,,,,,,,
4878,Tm5a-TnT,0.16656185772147156,5.0,0,[],unavailable_same_type,,,,,,,
4879,Tm5a-TnT,0.068237091398175,1.0,0,[],unavailable_same_type,,,,,,,
4880,Tm5a-TnT,0.6981241180606375,1.0,0,[],unavailable_same_type,,,,,,,
4881,Tm5a-TnT,0.04673354832276457,17.0,0,[],unavailable_same_type,,,,,,,
4882,Tm5a-TnT,-0.023973853444184453,3.0,0,[],unavailable_same_type,,,,,,,
4883,Tm5a-TnT,0.3492751309002123,3.0,0,[],unavailable_same_type,,,,,,,
4884,Tm5a-TnT,0.2645711681716689,3.0,0,[],unavailable_same_type,,,,,,,
4885,Tm5a-TnT,-0.5594143036632714,3.0,0,[],unavailable_same_type,,,,,,,
4886,Tm5a-TnT,0.4122948542664056,9.0,0,[],unavailable_same_type,,,,,,,
4887,Tm5a-TnT,-0.19805737001250906,1.0,0,[],unavailable_same_type,,,,,,,
4888,Tm5a-TnT,-0.6032310837061337,1.0,0,[],unavailable_same_type,,,,,,,
4889,Tm5a-TnT,-0.6248259314289807,5.0,0,[],unavailable_same_type,,,,,,,
4890,Tm5a-TnT,0.3381754867770482,9.0,0,[],unavailable_same_type,,,,,,,
4891,Tm5a-TnT,-0.153513113362956,15.0,0,[],unavailable_same_type,,,,,,,
4892,Tm5a-TnT,0.6874047300728782,1.0,0,[],unavailable_same_type,,,,,,,
4893,Tm5a-TnT,0.24715529845326437,1.0,0,[],unavailable_same_type,,,,,,,
4894,Tm5a-TnT,0.10356716454908692,11.0,0,[],unavailable_same_type,,,,,,,
4895,Tm5a-TnT,-0.1661166326792971,11.0,0,[],unavailable_same_type,,,,,,,
4896,Tm5a-TnT,0.5063787175453309,5.0,0,[],unavailable_same_type,,,,,,,
4897,Tm5a-TnT,1.5805713623979625,1.0,0,[],unavailable_same_type,,,,,,,
4898,Tm5a-TnT,0.6518170975849452,10.0,0,[],unavailable_same_type,,,,,,,
4899,Tm5a-TnT,0.5378116030820405,3.0,0,[],unavailable_same_type,,,,,,,
4900,Tm5a-TnT,0.41542698626369606,5.0,0,[],unavailable_same_type,,,,,,,
4901,Tm5a-TnT,0.49547715947365706,1.0,0,[],unavailable_same_type,,,,,,,
4902,Tm5a-TnT,-0.11732021252608028,6.0,0,[],unavailable_same_type,,,,,,,
4903,Tm5a-TnT,0.8228684241346674,1.0,0,[],unavailable_same_type,,,,,,,
4904,Tm5a-TnT,0.3282296101532349,5.0,0,[],unavailable_same_type,,,,,,,
4905,Tm5a-TnT,-0.055207395016934266,6.0,0,[],unavailable_same_type,,,,,,,
4906,Tm5a-TnT,1.1189688959902102,11.0,0,[],unavailable_same_type,,,,,,,
4907,Tm5a-TnT,-0.1722608082238939,9.0,0,[],unavailable_same_type,,,,,,,
4908,Tm5a-TnT,0.046955185962137866,11.0,0,[],unavailable_same_type,,,,,,,
4909,Tm5a-TnT,-0.19218815500976025,7.0,0,[],unavailable_same_type,,,,,,,
4910,Tm5a-TnT,0.3901226881862892,3.0,0,[],unavailable_same_type,,,,,,,
4911,Tm5a-TnT,0.4604835224843326,4.0,0,[],unavailable_same_type,,,,,,,
4912,Tm5a-TnT,-0.3030991179412754,5.0,0,[],unavailable_same_type,,,,,,,
4913,Tm5a-TnT,0.40345908968012123,7.0,0,[],unavailable_same_type,,,,,,,
4914,Tm5a-TnT,0.6743330427105254,6.0,0,[],unavailable_same_type,,,,,,,
4915,Tm5a-TnT,0.13804307108679442,21.0,0,[],unavailable_same_type,,,,,,,
4916,Tm5a-TnT,0.03939520934864831,34.0,0,[],unavailable_same_type,,,,,,,
4917,Tm5a-TnT,0.6056509476580414,8.0,0,[],unavailable_same_type,,,,,,,
4918,Tm5a-TnT,-0.21708505504131473,44.0,0,[],unavailable_same_type,,,,,,,
4919,Tm5a-TnT,0.7193816636957573,6.0,0,[],unavailable_same_type,,,,,,,
4920,Tm5a-TnT,0.23877831741762715,8.0,0,[],unavailable_same_type,,,,,,,
4921,Tm5a-TnT,0.07925355631240151,3.0,0,[],unavailable_same_type,,,,,,,
4922,Tm5a-TnT,2.458916338874682,7.0,0,[],unavailable_same_type,,,,,,,
4923,Tm5a-TnT,2.149490676474388,7.0,0,[],unavailable_same_type,,,,,,,
4924,Tm5a-TnT,1.3663553700247115,6.0,0,[],unavailable_same_type,,,,,,,
4925,Tm5a-TnT,2.3442778417172696,6.0,0,[],unavailable_same_type,,,,,,,
4926,Tm5a-TnT,0.00651515371306291,5.0,0,[],unavailable_same_type,,,,,,,
4927,Tm5a-TnT,-0.6524783946138063,2.0,0,[],unavailable_same_type,,,,,,,
4928,Tm5a-TnT,0.3701162263081984,9.0,0,[],unavailable_same_type,,,,,,,
4929,Tm5a-TnT,0.2851721817854641,9.0,0,[],unavailable_same_type,,,,,,,
4930,Tm5a-TnT,0.6499279811316736,4.0,0,[],unavailable_same_type,,,,,,,
4931,Tm5a-TnT,-0.2472130852401452,4.0,0,[],unavailable_same_type,,,,,,,
4932,Tm5a-TnT,0.19029905580368495,4.0,0,[],unavailable_same_type,,,,,,,
4933,Tm5a-TnT,0.11279104565772687,5.0,0,[],unavailable_same_type,,,,,,,
4934,Tm5a-TnT,0.2308383352809622,2.0,0,[],unavailable_same_type,,,,,,,
4935,Tm5a-TnT,0.3533905347407261,11.0,0,[],unavailable_same_type,,,,,,,
4936,Tm5a-TnT,0.09755932361802688,9.0,0,[],unavailable_same_type,,,,,,,
4937,Tm5a-TnT,2.9908075679758466,5.0,0,[],unavailable_same_type,,,,,,,
4938,Tm5a-TnT,2.0897371434545375,5.0,0,[],unavailable_same_type,,,,,,,
4939,Tm5a-TnT,-0.8807946433158369,2.0,0,[],unavailable_same_type,,,,,,,
4940,Tm5a-TnT,1.982411927385684,4.0,0,[],unavailable_same_type,,,,,,,
4941,Tm5a-TnT,0.2610275823389715,3.0,0,[],unavailable_same_type,,,,,,,
4942,Tm5a-TnT,0.7221505258597831,1.0,0,[],unavailable_same_type,,,,,,,
4943,Tm5a-TnT,0.2926187841271069,24.0,0,[],unavailable_same_type,,,,,,,
4944,Tm5a-TnT,-0.1447518903279452,25.0,0,[],unavailable_same_type,,,,,,,
4945,Tm5a-TnT,-0.02844174947514719,3.0,0,[],unavailable_same_type,,,,,,,
4946,Tm5a-TnT,0.31215532746079017,17.0,0,[],unavailable_same_type,,,,,,,
4947,Tm5a-TnT,0.23801125547159221,14.0,0,[],unavailable_same_type,,,,,,,
4948,Tm5a-TnT,0.0165038951725712,10.0,0,[],unavailable_same_type,,,,,,,
4949,Tm5a-TnT,0.15363835190071778,21.0,0,[],unavailable_same_type,,,,,,,
4950,Tm5a-TnT,-0.01723506152889088,24.0,0,[],unavailable_same_type,,,,,,,
4951,Tm5a-TnT,0.07562983529145009,45.0,0,[],unavailable_same_type,,,,,,,
4952,Tm5a-TnT,-0.008984869025880856,21.0,0,[],unavailable_same_type,,,,,,,
4953,Tm5a-TnT,-0.2886460233648801,3.0,0,[],unavailable_same_type,,,,,,,
4954,Tm5a-TnT,0.26464100549528147,17.0,0,[],unavailable_same_type,,,,,,,
4955,Tm5a-TnT,-1.8748935407136877,1.0,0,[],unavailable_same_type,,,,,,,
4956,Tm5a-TnT,1.209702346327005,4.0,0,[],unavailable_same_type,,,,,,,
4957,Tm5a-TnT,1.0151532689448766,17.0,0,[],unavailable_same_type,,,,,,,
4958,Tm5a-TnT,1.4502490050994266,20.0,0,[],unavailable_same_type,,,,,,,
4959,Tm5a-TnT,0.44091918284377385,1.0,0,[],unavailable_same_type,,,,,,,
4960,Tm5a-TnT,0.4666326662870584,1.0,0,[],unavailable_same_type,,,,,,,
4961,Tm5a-TnT,0.2779150878941881,17.0,0,[],unavailable_same_type,,,,,,,
4962,Tm5a-TnT,1.121499137432009,45.0,0,[],unavailable_same_type,,,,,,,
4963,Tm5a-TnT,-0.19930156999649912,45.0,0,[],unavailable_same_type,,,,,,,
4964,Tm5a-TnT,0.30288842576895453,20.0,0,[],unavailable_same_type,,,,,,,
4965,Tm5a-TnT,-0.03013337789916257,11.0,0,[],unavailable_same_type,,,,,,,
4966,Tm5a-TnT,-0.27028014896927927,5.0,0,[],unavailable_same_type,,,,,,,
4967,Tm5a-TnT,-0.23205673357790463,1.0,0,[],unavailable_same_type,,,,,,,
4968,Tm5a-TnT,-0.727986225347589,2.0,0,[],unavailable_same_type,,,,,,,
4969,Tm5a-TnT,-0.9179073820916395,2.0,0,[],unavailable_same_type,,,,,,,
4970,Tm5a-TnT,-0.7622211171840636,4.0,0,[],unavailable_same_type,,,,,,,
4971,Tm5a-TnT,0.8221860169108524,1.0,0,[],unavailable_same_type,,,,,,,
4972,Tm5a-TnT,-1.8810144605358374,1.0,0,[],unavailable_same_type,,,,,,,
4973,Tm5a-TnT,-0.048667020538195105,18.0,0,[],unavailable_same_type,,,,,,,
4974,Tm5a-TnT,0.012228574146966726,17.0,0,[],unavailable_same_type,,,,,,,
4975,Tm5a-TnT,-0.1033286292671899,1.0,0,[],unavailable_same_type,,,,,,,
4976,Tm5a-TnT,0.12632691885242994,13.0,0,[],unavailable_same_type,,,,,,,
4977,Tm5a-TnT,0.09305916832466861,24.0,0,[],unavailable_same_type,,,,,,,
4978,Tm5a-TnT,0.4003415714408473,9.0,0,[],unavailable_same_type,,,,,,,
4979,Tm5a-TnT,-0.07066028005212197,32.0,0,[],unavailable_same_type,,,,,,,
4980,Tm5a-TnT,0.13311941076582845,22.0,0,[],unavailable_same_type,,,,,,,
4981,Tm5a-TnT,-0.1483123333213803,2.0,0,[],unavailable_same_type,,,,,,,
4982,Tm5a-TnT,0.37578099427550127,5.0,0,[],unavailable_same_type,,,,,,,
4983,Tm5a-TnT,0.09094561118360614,3.0,0,[],unavailable_same_type,,,,,,,
4984,Tm5a-TnT,0.16679468639228912,4.0,0,[],unavailable_same_type,,,,,,,
4985,Tm5a-TnT,0.549022196197421,7.0,0,[],unavailable_same_type,,,,,,,
4986,Tm5a-TnT,0.19728954580963096,1.0,0,[],unavailable_same_type,,,,,,,
4987,Tm5a-TnT,0.4736542054734582,5.0,0,[],unavailable_same_type,,,,,,,
4988,Tm5a-TnT,0.5231732905376488,9.0,0,[],unavailable_same_type,,,,,,,
4989,Tm5a-TnT,0.7695666546267673,11.0,0,[],unavailable_same_type,,,,,,,
4990,Tm5a-TnT,0.7256678315124703,1.0,0,[],unavailable_same_type,,,,,,,
4991,Tm5a-TnT,0.6163973124464022,1.0,0,[],unavailable_same_type,,,,,,,
4992,Tm5a-TnT,0.4618818388779638,2.0,0,[],unavailable_same_type,,,,,,,
4993,Tm5a-TnT,0.6112597953970391,1.0,0,[],unavailable_same_type,,,,,,,
4994,Tm5a-TnT,0.2959033543479896,10.0,0,[],unavailable_same_type,,,,,,,
4995,Tm5a-TnT,0.24695691569060388,1.0,0,[],unavailable_same_type,,,,,,,
4996,Tm5a-TnT,0.23285751298649893,17.0,0,[],unavailable_same_type,,,,,,,
4997,Tm5a-TnT,0.21230303992677016,9.0,0,[],unavailable_same_type,,,,,,,
4998,Tm5a-TnT,0.414399300769146,1.0,0,[],unavailable_same_type,,,,,,,
4999,Tm5a-TnT,3.2432728733322844,2.0,0,[],unavailable_same_type,,,,,,,
5000,Tm5a-TnT,1.385585391537438,4.0,0,[],unavailable_same_type,,,,,,,
5001,Tm5a-TnT,-0.054897542476292215,3.0,0,[],unavailable_same_type,,,,,,,
5002,Tm5a-TnT,1.0607163828903072,1.0,0,[],unavailable_same_type,,,,,,,
5003,Tm5a-TnT,0.9150420803595095,1.0,0,[],unavailable_same_type,,,,,,,
5004,Tm5a-TnT,0.8908666344712144,12.0,0,[],unavailable_same_type,,,,,,,
5005,Tm5a-TnT,0.532954135384729,11.0,0,[],unavailable_same_type,,,,,,,
5006,Tm5a-TnT,0.35082479295707397,3.0,0,[],unavailable_same_type,,,,,,,
5007,Tm5a-TnT,0.30913708986663785,2.0,0,[],unavailable_same_type,,,,,,,
5008,Tm5a-TnT,-0.024641859255402656,31.0,0,[],unavailable_same_type,,,,,,,
5009,Tm5a-TnT,0.44267413754179813,20.0,0,[],unavailable_same_type,,,,,,,
5010,Tm5a-TnT,1.4693489802588335,45.0,0,[],unavailable_same_type,,,,,,,
5011,Tm5a-TnT,0.6162876789281747,20.0,0,[],unavailable_same_type,,,,,,,
5012,Tm5a-TnT,0.13073977715878501,44.0,0,[],unavailable_same_type,,,,,,,
5013,Tm5a-TnT,0.33684877103577543,18.0,0,[],unavailable_same_type,,,,,,,
5014,Tm5a-TnT,0.3627381219232838,9.0,0,[],unavailable_same_type,,,,,,,
5015,Tm5a-TnT,1.3186893546589875,17.0,0,[],unavailable_same_type,,,,,,,
5016,Tm5a-TnT,0.3794578861022666,9.0,0,[],unavailable_same_type,,,,,,,
5017,Tm5a-TnT,1.286057333111378,3.0,0,[],unavailable_same_type,,,,,,,
5018,Tm5a-TnT,0.7262804037936631,3.0,0,[],unavailable_same_type,,,,,,,
5019,Tm5a-TnT,1.1992665092999928,1.0,0,[],unavailable_same_type,,,,,,,
5020,Tm5a-TnT,0.9599000582579164,2.0,0,[],unavailable_same_type,,,,,,,
5021,Tm5a-TnT,1.030553762671499,2.0,0,[],unavailable_same_type,,,,,,,
5022,Tm5a-TnT,0.5949630981310751,5.0,0,[],unavailable_same_type,,,,,,,
5023,Tm5a-TnT,1.809827842918823,1.0,0,[],unavailable_same_type,,,,,,,
5024,Tm5a-TnT,0.375761996415776,9.0,0,[],unavailable_same_type,,,,,,,
5025,Tm5a-TnT,0.17426501896085128,11.0,0,[],unavailable_same_type,,,,,,,
5026,Tm5a-TnT,-1.1719736627001767,1.0,0,[],unavailable_same_type,,,,,,,
5027,Tm5a-TnT,1.2299969969760234,1.0,0,[],unavailable_same_type,,,,,,,
5028,Tm5a-TnT,-0.1718082515635561,9.0,0,[],unavailable_same_type,,,,,,,
5029,Tm5a-TnT,0.29085581889586465,11.0,0,[],unavailable_same_type,,,,,,,
5030,Tm5a-TnT,1.4149696697888612,8.0,0,[],unavailable_same_type,,,,,,,
5031,Tm5a-TnT,0.426000927327936,9.0,0,[],unavailable_same_type,,,,,,,
5032,Tm5a-TnT,1.3328437220310663,11.0,0,[],unavailable_same_type,,,,,,,
5033,Tm5a-TnT,0.04387576735085411,2.0,0,[],unavailable_same_type,,,,,,,
5034,Tm5a-TnT,-0.879200926966475,4.0,0,[],unavailable_same_type,,,,,,,
5035,Tm5a-TnT,0.5228971833313442,9.0,0,[],unavailable_same_type,,,,,,,
5036,Tm5a-TnT,0.1366362767426382,9.0,0,[],unavailable_same_type,,,,,,,
5037,Tm5a-TnT,0.6289962320313135,34.0,0,[],unavailable_same_type,,,,,,,
5038,Tm5a-TnT,0.8044238622732072,23.0,0,[],unavailable_same_type,,,,,,,
5039,Tm5a-TnT,0.39711708279017205,6.0,0,[],unavailable_same_type,,,,,,,
5040,Tm5a-TnT,0.5132940937357968,8.0,0,[],unavailable_same_type,,,,,,,
5041,Tm5a-TnT,1.881339032814342,1.0,0,[],unavailable_same_type,,,,,,,
5042,Tm5a-TnT,0.17622540162255823,9.0,0,[],unavailable_same_type,,,,,,,
5043,Tm5a-TnT,0.2067244682187099,5.0,0,[],unavailable_same_type,,,,,,,
5044,Tm5a-TnT,0.14756547985996463,4.0,0,[],unavailable_same_type,,,,,,,
5045,Tm5a-TnT,0.31673927656729034,9.0,0,[],unavailable_same_type,,,,,,,
5046,Tm5a-TnT,-0.1717512996267588,6.0,0,[],unavailable_same_type,,,,,,,
5047,Tm5a-TnT,1.2681619228900463,1.0,0,[],unavailable_same_type,,,,,,,
5048,Tm5a-TnT,-0.649932072534755,1.0,0,[],unavailable_same_type,,,,,,,
5049,Tm5a-TnT,0.4007913204891631,5.0,0,[],unavailable_same_type,,,,,,,
5050,Tm5a-TnT,0.5358348696396801,9.0,0,[],unavailable_same_type,,,,,,,
5051,Tm5a-TnT,0.526936251843873,1.0,0,[],unavailable_same_type,,,,,,,
5052,Tm5a-TnT,0.5227345465121745,9.0,0,[],unavailable_same_type,,,,,,,
5053,Tm5a-TnT,3.0330067625245394,9.0,0,[],unavailable_same_type,,,,,,,
5054,Tm5a-TnT,0.8503196517873544,1.0,0,[],unavailable_same_type,,,,,,,
5055,Tm5a-TnT,1.1109596277909979,11.0,0,[],unavailable_same_type,,,,,,,
5056,Tm5a-TnT,0.10914874555184971,9.0,0,[],unavailable_same_type,,,,,,,
5057,Tm5a-TnT,0.15250102530375667,1.0,0,[],unavailable_same_type,,,,,,,
5058,Tm5a-TnT,0.72684866890898,11.0,0,[],unavailable_same_type,,,,,,,
5059,Tm5a-TnT,0.09545060079048685,2.0,0,[],unavailable_same_type,,,,,,,
5060,Tm5a-TnT,1.9500824895538842,1.0,0,[],unavailable_same_type,,,,,,,
5061,Tm5a-TnT,0.1944776763136366,5.0,0,[],unavailable_same_type,,,,,,,
5062,Tm5a-TnT,0.3455516142942094,1.0,0,[],unavailable_same_type,,,,,,,
5063,Tm5a-TnT,0.4959051112418081,4.0,0,[],unavailable_same_type,,,,,,,
5064,Tm5a-TnT,0.003178068817515161,3.0,0,[],unavailable_same_type,,,,,,,
5065,Tm5a-TnT,0.16211877580079184,6.0,0,[],unavailable_same_type,,,,,,,
5066,Tm5a-TnT,0.6515691650399645,7.0,0,[],unavailable_same_type,,,,,,,
5067,Tm5a-TnT,0.6568279911264333,18.0,0,[],unavailable_same_type,,,,,,,
5068,Tm5a-TnT,0.7864165749087283,4.0,0,[],unavailable_same_type,,,,,,,
5069,Tm5a-TnT,1.1160736143708463,1.0,0,[],unavailable_same_type,,,,,,,
5070,Tm5a-TnT,0.9010541437203184,7.0,0,[],unavailable_same_type,,,,,,,
5071,Tm5a-TnT,2.1546675136238913,21.0,0,[],unavailable_same_type,,,,,,,
5072,Tm5a-TnT,0.08226800679765363,1.0,0,[],unavailable_same_type,,,,,,,
5073,Tm5a-TnT,0.6100039353183337,16.0,0,[],unavailable_same_type,,,,,,,
5074,Tm5a-TnT,0.9949560134351099,32.0,0,[],unavailable_same_type,,,,,,,
5075,Tm5a-TnT,0.8988810415509094,7.0,0,[],unavailable_same_type,,,,,,,
5076,Tm5a-TnT,1.022447154855968,9.0,0,[],unavailable_same_type,,,,,,,
5077,Tm5a-TnT,1.2264917528894057,1.0,0,[],unavailable_same_type,,,,,,,
5078,Tm5a-TnT,1.1819591739492112,7.0,0,[],unavailable_same_type,,,,,,,
5079,Tm5a-TnT,1.956922704749821,21.0,0,[],unavailable_same_type,,,,,,,
5080,Tm5a-TnT,0.6401309003685671,21.0,0,[],unavailable_same_type,,,,,,,
5081,Tm5a-TnT,0.9228178602078454,7.0,0,[],unavailable_same_type,,,,,,,
5082,Tm5a-TnT,3.010824992467095,5.0,0,[],unavailable_same_type,,,,,,,
5083,Tm5a-TnT,1.3038955881125947,1.0,0,[],unavailable_same_type,,,,,,,
5084,Tm5a-TnT,1.0110207416259716,14.0,0,[],unavailable_same_type,,,,,,,
5085,Tm5a-TnT,1.4222993380275615,3.0,0,[],unavailable_same_type,,,,,,,
5086,Tm5a-TnT,1.3408019006571377,40.0,0,[],unavailable_same_type,,,,,,,
5087,Tm5a-TnT,-0.5367756028154618,1.0,0,[],unavailable_same_type,,,,,,,
5088,Tm5a-TnT,1.3777154560198068,3.0,0,[],unavailable_same_type,,,,,,,
5089,Tm5a-TnT,1.0927913769308608,3.0,0,[],unavailable_same_type,,,,,,,
5090,Tm5a-TnT,1.027035580521048,7.0,0,[],unavailable_same_type,,,,,,,
5091,Tm5a-TnT,1.0127439754324505,9.0,0,[],unavailable_same_type,,,,,,,
5092,Tm5a-TnT,0.9819964237340868,4.0,0,[],unavailable_same_type,,,,,,,
5093,Tm5a-TnT,1.209656125515698,12.0,0,[],unavailable_same_type,,,,,,,
5094,Tm5a-TnT,1.433071699280703,6.0,0,[],unavailable_same_type,,,,,,,
5095,Tm5a-TnT,0.7446312650001297,4.0,0,[],unavailable_same_type,,,,,,,
5096,Tm5a-TnT,1.628111527358083,5.0,0,[],unavailable_same_type,,,,,,,
5097,Tm5a-TnT,1.2910909029998414,15.0,0,[],unavailable_same_type,,,,,,,
5098,Tm5a-TnT,1.4402205425778518,2.0,0,[],unavailable_same_type,,,,,,,
5099,Tm5a-TnT,2.2406890877744945,6.0,0,[],unavailable_same_type,,,,,,,
5100,Tm5a-TnT,1.2760092737467996,1.0,0,[],unavailable_same_type,,,,,,,
5101,Tm5a-TnT,0.010048606159722473,1.0,0,[],unavailable_same_type,,,,,,,
5102,Tm5a-TnT,0.19830157149804575,16.0,0,[],unavailable_same_type,,,,,,,
5103,Tm5a-TnT,0.8298288840986915,32.0,0,[],unavailable_same_type,,,,,,,
5104,Tm5a-TnT,-3.0312702227384802,1.0,0,[],unavailable_same_type,,,,,,,
5105,Tm5a-TnT,0.6658857798977007,3.0,0,[],unavailable_same_type,,,,,,,
5106,Tm5a-TnT,1.5839279500794805,9.0,0,[],unavailable_same_type,,,,,,,
5107,Tm5a-TnT,0.6585617090961422,36.0,0,[],unavailable_same_type,,,,,,,
5108,Tm5a-TnT,0.27438164239599355,2.0,0,[],unavailable_same_type,,,,,,,
5109,Tm5a-TnT,1.0233597857855956,12.0,0,[],unavailable_same_type,,,,,,,
5110,Tm5a-TnT,1.2461711261790591,1.0,0,[],unavailable_same_type,,,,,,,
5111,Tm5a-TnT,0.5900600055841556,16.0,0,[],unavailable_same_type,,,,,,,
5112,Tm5a-TnT,0.6150413255724818,32.0,0,[],unavailable_same_type,,,,,,,
5113,Tm5a-TnT,0.7411041331825624,36.0,0,[],unavailable_same_type,,,,,,,
5114,Tm5a-TnT,0.6700222570865842,16.0,0,[],unavailable_same_type,,,,,,,
5115,Tm5a-TnT,0.7868525815597628,32.0,0,[],unavailable_same_type,,,,,,,
5116,Tm5a-TnT,0.8747432931730111,28.0,0,[],unavailable_same_type,,,,,,,
5117,Tm5a-TnT,1.0212423482825568,17.0,0,[],unavailable_same_type,,,,,,,
5118,Tm5a-TnT,1.1084131215730795,20.0,0,[],unavailable_same_type,,,,,,,
5119,Tm5a-TnT,0.9540530777732091,43.0,0,[],unavailable_same_type,,,,,,,
5120,Tm5a-TnT,1.2474342902530948,19.0,0,[],unavailable_same_type,,,,,,,
5121,Tm5a-TnT,1.0630381811836516,31.0,0,[],unavailable_same_type,,,,,,,
5122,Tm5a-TnT,1.0246904186189238,25.0,0,[],unavailable_same_type,,,,,,,
5123,Tm5a-TnT,-0.5602432166677853,1.0,0,[],unavailable_same_type,,,,,,,
5124,Tm5a-TnT,0.15810883300963655,3.0,0,[],unavailable_same_type,,,,,,,
5125,Tm5a-TnT,-0.7430105244938805,2.0,0,[],unavailable_same_type,,,,,,,
5126,Tm5a-TnT,1.1809907397116584,7.0,0,[],unavailable_same_type,,,,,,,
5127,Tm5a-TnT,1.9596161926695905,1.0,0,[],unavailable_same_type,,,,,,,
5128,Tm5a-TnT,-0.2490007139900317,1.0,0,[],unavailable_same_type,,,,,,,
5129,Tm5a-TnT,1.0503091053051736,3.0,0,[],unavailable_same_type,,,,,,,
5130,Tm5a-TnT,0.9324411033890228,6.0,0,[],unavailable_same_type,,,,,,,
5131,Tm5a-TnT,1.2320585593240048,2.0,0,[],unavailable_same_type,,,,,,,
5132,Tm5a-TnT,-1.3334409868883148,2.0,0,[],unavailable_same_type,,,,,,,
5133,Tm5a-TnT,1.0422342689003905,3.0,0,[],unavailable_same_type,,,,,,,
5134,Tm5a-TnT,1.4175897296906386,12.0,0,[],unavailable_same_type,,,,,,,
5135,Tm5a-TnT,1.6115098925663711,5.0,0,[],unavailable_same_type,,,,,,,
5136,Tm5a-TnT,1.2359751754773485,7.0,0,[],unavailable_same_type,,,,,,,
5137,Tm5a-TnT,0.5396941175278697,1.0,0,[],unavailable_same_type,,,,,,,
5138,Tm5a-TnT,1.516060303421422,9.0,0,[],unavailable_same_type,,,,,,,
5139,Tm5a-TnT,0.7563032481746951,1.0,0,[],unavailable_same_type,,,,,,,
5140,Tm5a-TnT,1.3726233859202108,8.0,0,[],unavailable_same_type,,,,,,,
5141,Tm5a-TnT,1.161188948279482,12.0,0,[],unavailable_same_type,,,,,,,
5142,Tm5a-TnT,0.694525837462192,7.0,0,[],unavailable_same_type,,,,,,,
5143,Tm5a-TnT,0.5101267162275275,18.0,0,[],unavailable_same_type,,,,,,,
5144,Tm5a-TnT,0.8846212334977653,7.0,0,[],unavailable_same_type,,,,,,,
5145,Tm5a-TnT,1.0845307632709769,7.0,0,[],unavailable_same_type,,,,,,,
5146,Tm5a-TnT,2.9228488393193466,11.0,0,[],unavailable_same_type,,,,,,,
5147,Tm5a-TnT,0.9197048912821965,9.0,0,[],unavailable_same_type,,,,,,,
5148,Tm5a-TnT,1.2226807180041241,13.0,0,[],unavailable_same_type,,,,,,,
5149,Tm5a-TnT,1.4553301457589112,2.0,0,[],unavailable_same_type,,,,,,,
5150,Tm5a-TnT,1.3787284647038802,27.0,0,[],unavailable_same_type,,,,,,,
5151,Tm5a-TnT,0.9344589319609725,1.0,0,[],unavailable_same_type,,,,,,,
5152,Tm5a-TnT,1.3023209179590716,15.0,0,[],unavailable_same_type,,,,,,,
5153,Tm5a-TnT,0.9969953772330928,23.0,0,[],unavailable_same_type,,,,,,,
5154,Tm5a-TnT,0.68756413573865,25.0,0,[],unavailable_same_type,,,,,,,
5155,Tm5a-TnT,2.151913692584158,3.0,0,[],unavailable_same_type,,,,,,,
5156,Tm5a-TnT,1.1260487958309389,6.0,0,[],unavailable_same_type,,,,,,,
5157,Tm5a-TnT,0.8193011165227535,3.0,0,[],unavailable_same_type,,,,,,,
5158,Tm5a-TnT,1.123845979485308,27.0,0,[],unavailable_same_type,,,,,,,
5159,Tm5a-TnT,0.9457847505593074,38.0,0,[],unavailable_same_type,,,,,,,
5160,Tm5a-TnT,-1.2048339540375754,2.0,0,[],unavailable_same_type,,,,,,,
5161,Tm5a-TnT,0.6510852544871888,6.0,0,[],unavailable_same_type,,,,,,,
5162,Tm5a-TnT,2.1154780157208743,7.0,0,[],unavailable_same_type,,,,,,,
5163,Tm5a-TnT,1.140291488294738,18.0,0,[],unavailable_same_type,,,,,,,
5164,Tm5a-TnT,1.0825343065237572,6.0,0,[],unavailable_same_type,,,,,,,
5165,Tm5a-TnT,1.3585777530510847,32.0,0,[],unavailable_same_type,,,,,,,
5166,Tm5a-TnT,1.176561389735464,42.0,0,[],unavailable_same_type,,,,,,,
5167,Tm5a-TnT,1.1472818550500445,9.0,0,[],unavailable_same_type,,,,,,,
5168,Tm5a-TnT,0.363385974662403,5.0,0,[],unavailable_same_type,,,,,,,
5169,Tm5a-TnT,1.3959239237567675,5.0,0,[],unavailable_same_type,,,,,,,
5170,Tm5a-TnT,0.9799379530549509,12.0,0,[],unavailable_same_type,,,,,,,
5171,Tm5a-TnT,-0.03838779516040163,2.0,0,[],unavailable_same_type,,,,,,,
5172,Tm5a-TnT,-0.26818349245995193,2.0,0,[],unavailable_same_type,,,,,,,
5173,Tm5a-TnT,1.136775632084164,6.0,0,[],unavailable_same_type,,,,,,,
5174,Tm5a-TnT,1.3179542958674804,12.0,0,[],unavailable_same_type,,,,,,,
5175,Tm5a-TnT,1.6696367645277213,7.0,0,[],unavailable_same_type,,,,,,,
5176,Tm5a-TnT,0.32501035462493394,1.0,0,[],unavailable_same_type,,,,,,,
5177,Tm5a-TnT,-0.9558278916862477,1.0,0,[],unavailable_same_type,,,,,,,
5178,Tm5a-TnT,0.47470788251632695,9.0,0,[],unavailable_same_type,,,,,,,
5179,Tm5a-TnT,3.0787402090455562,3.0,0,[],unavailable_same_type,,,,,,,
5180,Tm5a-TnT,1.2140819606772373,9.0,0,[],unavailable_same_type,,,,,,,
5181,Tm5a-TnT,1.8303122342302196,3.0,0,[],unavailable_same_type,,,,,,,
5182,Tm5a-TnT,1.1146542492182727,3.0,0,[],unavailable_same_type,,,,,,,
5183,Tm5a-TnT,1.6110069904693878,12.0,0,[],unavailable_same_type,,,,,,,
5184,Tm5a-TnT,2.9395547154113966,2.0,0,[],unavailable_same_type,,,,,,,
5185,Tm5a-TnT,1.8372346236456902,2.0,0,[],unavailable_same_type,,,,,,,
5186,Tm5a-TnT,1.2226414795658755,25.0,0,[],unavailable_same_type,,,,,,,
5187,Tm5a-TnT,0.37626581081364513,1.0,0,[],unavailable_same_type,,,,,,,
5188,Tm5a-TnT,1.7343581105539718,15.0,0,[],unavailable_same_type,,,,,,,
5189,Tm5a-TnT,1.0403182768768655,17.0,0,[],unavailable_same_type,,,,,,,
5190,Tm5b-GCaMP-TNT,-0.8181099630761228,1.0,0,[],unavailable_same_type,,,,,,,
5191,Tm5b-GCaMP-TNT,1.2528532331432343,2.0,0,[],unavailable_same_type,,,,,,,
5192,Tm5b-GCaMP-TNT,2.648589534393053,13.0,0,[],unavailable_same_type,,,,,,,
5193,Tm5b-GCaMP-TNT,0.27133818164470835,1.0,0,[],unavailable_same_type,,,,,,,
5194,Tm5b-GCaMP-TNT,-0.4906519845234892,13.0,0,[],unavailable_same_type,,,,,,,
5195,Tm5b-GCaMP-TNT,-0.2356165489385996,1.0,0,[],unavailable_same_type,,,,,,,
5196,Tm5b-GCaMP-TNT,0.4706280209585562,54.0,0,[],unavailable_same_type,,,,,,,
5197,Tm5b-GCaMP-TNT,0.4403010859147948,4.0,0,[],unavailable_same_type,,,,,,,
5198,Tm5b-GCaMP-TNT,0.7984885453460994,14.0,0,[],unavailable_same_type,,,,,,,
5199,Tm5b-GCaMP-TNT,1.1092125138696947,13.0,0,[],unavailable_same_type,,,,,,,
5200,Tm5b-GCaMP-TNT,2.889842265473997,13.0,0,[],unavailable_same_type,,,,,,,
5201,Tm5b-GCaMP-TNT,-0.9976817547886009,13.0,0,[],unavailable_same_type,,,,,,,
5202,Tm5b-GCaMP-TNT,-0.04505784194905143,13.0,0,[],unavailable_same_type,,,,,,,
5203,Tm5b-GCaMP-TNT,2.0876523747569986,3.0,0,[],unavailable_same_type,,,,,,,
5204,Tm5b-GCaMP-TNT,0.3122914913474516,17.0,0,[],unavailable_same_type,,,,,,,
5205,Tm5b-GCaMP-TNT,-0.5017404431080721,2.0,0,[],unavailable_same_type,,,,,,,
5206,Tm5b-GCaMP-TNT,0.5900746487164547,37.0,0,[],unavailable_same_type,,,,,,,
5207,Tm5b-GCaMP-TNT,1.315760381402224,19.0,0,[],unavailable_same_type,,,,,,,
5208,Tm5b-GCaMP-TNT,0.43177330433767863,16.0,0,[],unavailable_same_type,,,,,,,
5209,Tm5b-GCaMP-TNT,0.2909712975188337,3.0,0,[],unavailable_same_type,,,,,,,
5210,Tm5b-GCaMP-TNT,-1.3584992168676688,1.0,0,[],unavailable_same_type,,,,,,,
5211,Tm5b-GCaMP-TNT,-0.06877206605013872,5.0,0,[],unavailable_same_type,,,,,,,
5212,Tm5b-GCaMP-TNT,0.19205238766959426,41.0,0,[],unavailable_same_type,,,,,,,
5213,Tm5b-GCaMP-TNT,-0.7704418827257564,1.0,0,[],unavailable_same_type,,,,,,,
5214,Tm5b-GCaMP-TNT,0.22122966472668507,4.0,0,[],unavailable_same_type,,,,,,,
5215,Tm5b-GCaMP-TNT,1.448586537984406,8.0,0,[],unavailable_same_type,,,,,,,
5216,Tm5b-GCaMP-TNT,1.0368395287995433,3.0,0,[],unavailable_same_type,,,,,,,
5217,Tm5b-GCaMP-TNT,0.19198125990402395,4.0,0,[],unavailable_same_type,,,,,,,
5218,Tm5b-GCaMP-TNT,0.7467237925249156,2.0,0,[],unavailable_same_type,,,,,,,
5219,Tm5b-GCaMP-TNT,-1.6958499963401807,1.0,0,[],unavailable_same_type,,,,,,,
5220,Tm5b-GCaMP-TNT,-0.2405044314481672,1.0,0,[],unavailable_same_type,,,,,,,
5221,Tm5b-GCaMP-TNT,0.2916022606594691,4.0,0,[],unavailable_same_type,,,,,,,
5222,Tm5b-GCaMP-TNT,0.6948409059174077,2.0,0,[],unavailable_same_type,,,,,,,
5223,Tm5b-GCaMP-TNT,0.7086653334242319,13.0,0,[],unavailable_same_type,,,,,,,
5224,Tm5b-GCaMP-TNT,0.1657035489200319,8.0,0,[],unavailable_same_type,,,,,,,
5225,Tm5b-GCaMP-TNT,0.24163521810541536,13.0,0,[],unavailable_same_type,,,,,,,
5226,Tm5b-GCaMP-TNT,-0.780821181781257,1.0,0,[],unavailable_same_type,,,,,,,
5227,Tm5b-GCaMP-TNT,0.37468252667048657,3.0,0,[],unavailable_same_type,,,,,,,
5228,Tm5b-GCaMP-TNT,0.40271919869067946,47.0,0,[],unavailable_same_type,,,,,,,
5229,Tm5b-GCaMP-TNT,2.3159064072420263,1.0,0,[],unavailable_same_type,,,,,,,
5230,Tm5b-GCaMP-TNT,0.869894556871186,5.0,0,[],unavailable_same_type,,,,,,,
5231,Tm5b-GCaMP-TNT,0.8948106261838037,10.0,0,[],unavailable_same_type,,,,,,,
5232,Tm5b-GCaMP-TNT,0.10926041539937288,13.0,0,[],unavailable_same_type,,,,,,,
5233,Tm5b-GCaMP-TNT,-0.45604796486900884,3.0,0,[],unavailable_same_type,,,,,,,
5234,Tm5b-GCaMP-TNT,0.8175458014822088,8.0,0,[],unavailable_same_type,,,,,,,
5235,Tm5b-GCaMP-TNT,0.6412738835478452,10.0,0,[],unavailable_same_type,,,,,,,
5236,Tm5b-GCaMP-TNT,1.2589294696114801,1.0,0,[],unavailable_same_type,,,,,,,
5237,Tm5b-GCaMP-TNT,-0.7588766411046368,19.0,0,[],unavailable_same_type,,,,,,,
5238,Tm5b-GCaMP-TNT,0.21302489493971447,1.0,0,[],unavailable_same_type,,,,,,,
5239,Tm5b-GCaMP-TNT,0.34771323935886594,11.0,0,[],unavailable_same_type,,,,,,,
5240,Tm5b-GCaMP-TNT,-0.3096335430252557,1.0,0,[],unavailable_same_type,,,,,,,
5241,Tm5b-GCaMP-TNT,0.08639107332841514,13.0,0,[],unavailable_same_type,,,,,,,
5242,Tm5b-GCaMP-TNT,0.35245762167287736,30.0,0,[],unavailable_same_type,,,,,,,
5243,Tm5b-GCaMP-TNT,0.008975399683582155,5.0,0,[],unavailable_same_type,,,,,,,
5244,Tm5b-GCaMP-TNT,1.1575105291945549,2.0,0,[],unavailable_same_type,,,,,,,
5245,Tm5b-GCaMP-TNT,1.6436012588275835,5.0,0,[],unavailable_same_type,,,,,,,
5246,Tm5b-GCaMP-TNT,0.006607608782958645,1.0,0,[],unavailable_same_type,,,,,,,
5247,Tm5b-GCaMP-TNT,0.32465540171079293,4.0,0,[],unavailable_same_type,,,,,,,
5248,Tm5b-GCaMP-TNT,0.6855191454495345,24.0,0,[],unavailable_same_type,,,,,,,
5249,Tm5b-GCaMP-TNT,-0.501390653005228,10.0,0,[],unavailable_same_type,,,,,,,
5250,Tm5b-GCaMP-TNT,-0.3802352518700882,8.0,0,[],unavailable_same_type,,,,,,,
5251,Tm5b-GCaMP-TNT,2.4940709019872442,3.0,0,[],unavailable_same_type,,,,,,,
5252,Tm5b-GCaMP-TNT,-0.7230937966729611,3.0,0,[],unavailable_same_type,,,,,,,
5253,Tm5b-GCaMP-TNT,0.7494223895362234,8.0,0,[],unavailable_same_type,,,,,,,
5254,Tm5b-GCaMP-TNT,0.06282077199840941,15.0,0,[],unavailable_same_type,,,,,,,
5255,Tm5b-GCaMP-TNT,0.319491239795941,76.0,0,[],unavailable_same_type,,,,,,,
5256,Tm5b-GCaMP-TNT,0.5565701687740746,3.0,0,[],unavailable_same_type,,,,,,,
5257,Tm5b-GCaMP-TNT,-0.12881842305850655,2.0,0,[],unavailable_same_type,,,,,,,
5258,Tm5b-GCaMP-TNT,1.0842007956186215,26.0,0,[],unavailable_same_type,,,,,,,
5259,Tm5b-GCaMP-TNT,0.5264246449466076,13.0,0,[],unavailable_same_type,,,,,,,
5260,Tm5b-GCaMP-TNT,-0.16027849112216588,13.0,0,[],unavailable_same_type,,,,,,,
5261,Tm5b-GCaMP-TNT,1.75772267580607,13.0,0,[],unavailable_same_type,,,,,,,
5262,Tm5b-GCaMP-TNT,1.2309388309384721,1.0,0,[],unavailable_same_type,,,,,,,
5263,Tm5b-GCaMP-TNT,0.728574332818931,7.0,0,[],unavailable_same_type,,,,,,,
5264,Tm5b-GCaMP-TNT,0.7768946073543005,7.0,0,[],unavailable_same_type,,,,,,,
5265,Tm5b-GCaMP-TNT,1.1672150650216129,13.0,0,[],unavailable_same_type,,,,,,,
5266,Tm5b-GCaMP-TNT,-0.3695577541622133,2.0,0,[],unavailable_same_type,,,,,,,
5267,Tm5b-GCaMP-TNT,-0.26736508163404304,12.0,0,[],unavailable_same_type,,,,,,,
5268,Tm5b-GCaMP-TNT,-0.9153299648090275,13.0,0,[],unavailable_same_type,,,,,,,
5269,Tm5b-GCaMP-TNT,0.3780706580936693,1.0,0,[],unavailable_same_type,,,,,,,
5270,Tm5b-GCaMP-TNT,-0.5071626241255901,4.0,0,[],unavailable_same_type,,,,,,,
5271,Tm5b-GCaMP-TNT,-0.14893744131824918,15.0,0,[],unavailable_same_type,,,,,,,
5272,Tm5b-GCaMP-TNT,0.174038902613445,4.0,0,[],unavailable_same_type,,,,,,,
5273,Tm5b-GCaMP-TNT,0.2098470369762315,57.0,0,[],unavailable_same_type,,,,,,,
5274,Tm5b-GCaMP-TNT,0.8941599739503286,3.0,0,[],unavailable_same_type,,,,,,,
5275,Tm5b-GCaMP-TNT,-0.41006723055274996,13.0,0,[],unavailable_same_type,,,,,,,
5276,Tm5b-GCaMP-TNT,0.6137301816539456,12.0,0,[],unavailable_same_type,,,,,,,
5277,Tm5b-GCaMP-TNT,0.36123249317932454,74.0,0,[],unavailable_same_type,,,,,,,
5278,Tm5b-GCaMP-TNT,0.9014888338328022,4.0,0,[],unavailable_same_type,,,,,,,
5279,Tm5b-GCaMP-TNT,0.1927209348707962,41.0,0,[],unavailable_same_type,,,,,,,
5280,Tm5b-GCaMP-TNT,0.43296760870509965,10.0,0,[],unavailable_same_type,,,,,,,
5281,Tm5b-GCaMP-TNT,0.8537051230745488,26.0,0,[],unavailable_same_type,,,,,,,
5282,Tm5b-GCaMP-TNT,1.2469214854762263,26.0,0,[],unavailable_same_type,,,,,,,
5283,Tm5b-GCaMP-TNT,1.0381517763375567,15.0,0,[],unavailable_same_type,,,,,,,
5284,Tm5b-GCaMP-TNT,0.7198839742134133,4.0,0,[],unavailable_same_type,,,,,,,
5285,Tm5b-GCaMP-TNT,-1.1144740330723761,3.0,0,[],unavailable_same_type,,,,,,,
5286,Tm5b-GCaMP-TNT,0.12638465679784391,5.0,0,[],unavailable_same_type,,,,,,,
5287,Tm5b-GCaMP-TNT,0.08440340992191131,1.0,0,[],unavailable_same_type,,,,,,,
5288,Tm5b-GCaMP-TNT,-0.06987099698114008,11.0,0,[],unavailable_same_type,,,,,,,
5289,Tm5b-GCaMP-TNT,0.8336423493502304,1.0,0,[],unavailable_same_type,,,,,,,
5290,Tm5b-GCaMP-TNT,0.11732695783051901,55.0,0,[],unavailable_same_type,,,,,,,
5291,Tm5b-GCaMP-TNT,0.1685104606545186,4.0,0,[],unavailable_same_type,,,,,,,
5292,Tm5b-GCaMP-TNT,0.033637939024065804,13.0,0,[],unavailable_same_type,,,,,,,
5293,Tm5b-GCaMP-TNT,0.3413449282066015,13.0,0,[],unavailable_same_type,,,,,,,
5294,Tm5b-GCaMP-TNT,0.17749918508545273,14.0,0,[],unavailable_same_type,,,,,,,
5295,Tm5b-GCaMP-TNT,-0.9788841876844481,5.0,0,[],unavailable_same_type,,,,,,,
5296,Tm5b-GCaMP-TNT,0.5726321698751534,26.0,0,[],unavailable_same_type,,,,,,,
5297,Tm5b-GCaMP-TNT,-0.11380893854595095,47.0,0,[],unavailable_same_type,,,,,,,
5298,Tm5b-GCaMP-TNT,0.28730784615157584,13.0,0,[],unavailable_same_type,,,,,,,
5299,Tm5b-GCaMP-TNT,0.40049866938721224,13.0,0,[],unavailable_same_type,,,,,,,
5300,Tm5b-GCaMP-TNT,-0.41490193889060334,3.0,0,[],unavailable_same_type,,,,,,,
5301,Tm5b-GCaMP-TNT,-0.2852726347426658,3.0,0,[],unavailable_same_type,,,,,,,
5302,Tm5b-GCaMP-TNT,0.436493907551612,8.0,0,[],unavailable_same_type,,,,,,,
5303,Tm5b-GCaMP-TNT,0.49040315995933137,8.0,0,[],unavailable_same_type,,,,,,,
5304,Tm5b-GCaMP-TNT,-0.031746835943969036,18.0,0,[],unavailable_same_type,,,,,,,
5305,Tm5b-GCaMP-TNT,-0.416801959942062,18.0,0,[],unavailable_same_type,,,,,,,
5306,Tm5b-GCaMP-TNT,2.2022016626966434,13.0,0,[],unavailable_same_type,,,,,,,
5307,Tm5b-GCaMP-TNT,-0.48689033738353105,3.0,0,[],unavailable_same_type,,,,,,,
5308,Tm5b-GCaMP-TNT,0.7902636178885507,13.0,0,[],unavailable_same_type,,,,,,,
5309,Tm5b-GCaMP-TNT,0.48964572555333785,13.0,0,[],unavailable_same_type,,,,,,,
5310,Tm5b-GCaMP-TNT,0.4764366063320112,30.0,0,[],unavailable_same_type,,,,,,,
5311,Tm5b-GCaMP-TNT,0.9761879849134695,3.0,0,[],unavailable_same_type,,,,,,,
5312,Tm5b-GCaMP-TNT,0.13934846334010498,17.0,0,[],unavailable_same_type,,,,,,,
5313,Tm5b-GCaMP-TNT,0.6076201764297947,24.0,0,[],unavailable_same_type,,,,,,,
5314,Tm5b-GCaMP-TNT,-0.03410504433213177,4.0,0,[],unavailable_same_type,,,,,,,
5315,Tm5b-GCaMP-TNT,-0.5073388667260533,3.0,0,[],unavailable_same_type,,,,,,,
5316,Tm5b-GCaMP-TNT,0.15420613628008908,26.0,0,[],unavailable_same_type,,,,,,,
5317,Tm5b-GCaMP-TNT,-0.6153354563842496,2.0,0,[],unavailable_same_type,,,,,,,
5318,Tm5b-GCaMP-TNT,0.18210684469449087,10.0,0,[],unavailable_same_type,,,,,,,
5319,Tm5b-GCaMP-TNT,1.1086984918212022,5.0,0,[],unavailable_same_type,,,,,,,
5320,Tm5b-GCaMP-TNT,-0.34669739247249703,1.0,0,[],unavailable_same_type,,,,,,,
5321,Tm5b-GCaMP-TNT,0.7151182249664563,47.0,0,[],unavailable_same_type,,,,,,,
5322,Tm5b-GCaMP-TNT,0.13384006275539603,12.0,0,[],unavailable_same_type,,,,,,,
5323,Tm5b-GCaMP-TNT,0.2367976949632577,3.0,0,[],unavailable_same_type,,,,,,,
5324,Tm5b-GCaMP-TNT,-0.07748677808517905,12.0,0,[],unavailable_same_type,,,,,,,
5325,Tm5b-GCaMP-TNT,-1.0800237409783124,3.0,0,[],unavailable_same_type,,,,,,,
5326,Tm5b-GCaMP-TNT,0.27007575397047306,106.0,0,[],unavailable_same_type,,,,,,,
5327,Tm5b-GCaMP-TNT,0.8758324640758594,3.0,0,[],unavailable_same_type,,,,,,,
5328,Tm5b-GCaMP-TNT,0.46104524174920225,1.0,0,[],unavailable_same_type,,,,,,,
5329,Tm5b-GCaMP-TNT,-0.4639017422142296,6.0,0,[],unavailable_same_type,,,,,,,
5330,Tm5b-GCaMP-TNT,-0.15596589730007393,13.0,0,[],unavailable_same_type,,,,,,,
5331,Tm5b-GCaMP-TNT,0.3569768670934263,7.0,0,[],unavailable_same_type,,,,,,,
5332,Tm5b-GCaMP-TNT,1.2693645588048952,2.0,0,[],unavailable_same_type,,,,,,,
5333,Tm5b-GCaMP-TNT,0.5349082376450108,1.0,0,[],unavailable_same_type,,,,,,,
5334,Tm5b-GCaMP-TNT,0.3479603103253121,3.0,0,[],unavailable_same_type,,,,,,,
5335,Tm5b-GCaMP-TNT,0.8920504118344665,15.0,0,[],unavailable_same_type,,,,,,,
5336,Tm5b-GCaMP-TNT,1.756578034295945,3.0,0,[],unavailable_same_type,,,,,,,
5337,Tm5b-GCaMP-TNT,0.20487609674453447,4.0,0,[],unavailable_same_type,,,,,,,
5338,Tm5b-GCaMP-TNT,-0.4574833638913904,87.0,0,[],unavailable_same_type,,,,,,,
5339,Tm5b-GCaMP-TNT,-1.0838896928366175,1.0,0,[],unavailable_same_type,,,,,,,
5340,Tm5b-GCaMP-TNT,0.5999675725733723,4.0,0,[],unavailable_same_type,,,,,,,
5341,Tm5b-GCaMP-TNT,-0.5002087266570531,86.0,0,[],unavailable_same_type,,,,,,,
5342,Tm5b-GCaMP-TNT,0.6693496556001698,8.0,0,[],unavailable_same_type,,,,,,,
5343,Tm5b-GCaMP-TNT,-0.504678735386042,3.0,0,[],unavailable_same_type,,,,,,,
5344,Tm5b-GCaMP-TNT,0.7804936953472765,10.0,0,[],unavailable_same_type,,,,,,,
5345,Tm5b-GCaMP-TNT,1.0581112715362109,1.0,0,[],unavailable_same_type,,,,,,,
5346,Tm5b-GCaMP-TNT,0.3788624215020257,61.0,0,[],unavailable_same_type,,,,,,,
5347,Tm5b-GCaMP-TNT,0.9760929777445361,13.0,0,[],unavailable_same_type,,,,,,,
5348,Tm5b-GCaMP-TNT,-0.07317692943031703,1.0,0,[],unavailable_same_type,,,,,,,
5349,Tm5b-GCaMP-TNT,-0.704807249576484,1.0,0,[],unavailable_same_type,,,,,,,
5350,Tm5b-GCaMP-TNT,-0.21309591783955667,3.0,0,[],unavailable_same_type,,,,,,,
5351,Tm5b-GCaMP-TNT,-0.04456827358176552,10.0,0,[],unavailable_same_type,,,,,,,
5352,Tm5b-GCaMP-TNT,0.4351400525020629,1.0,0,[],unavailable_same_type,,,,,,,
5353,Tm5b-GCaMP-TNT,0.1660981634400505,1.0,0,[],unavailable_same_type,,,,,,,
5354,Tm5b-GCaMP-TNT,0.021705831285596645,26.0,0,[],unavailable_same_type,,,,,,,
5355,Tm5b-GCaMP-TNT,0.16272266347068193,26.0,0,[],unavailable_same_type,,,,,,,
5356,Tm5b-GCaMP-TNT,0.59909945664106,14.0,0,[],unavailable_same_type,,,,,,,
5357,Tm5b-GCaMP-TNT,0.04472298717681987,4.0,0,[],unavailable_same_type,,,,,,,
5358,Tm5b-GCaMP-TNT,0.558095074193352,10.0,0,[],unavailable_same_type,,,,,,,
5359,Tm5b-GCaMP-TNT,-0.48730840115497714,2.0,0,[],unavailable_same_type,,,,,,,
5360,Tm5b-GCaMP-TNT,-0.2145680874899416,2.0,0,[],unavailable_same_type,,,,,,,
5361,Tm5b-GCaMP-TNT,0.7236853259868646,2.0,0,[],unavailable_same_type,,,,,,,
5362,Tm5b-GCaMP-TNT,0.9821418505936205,7.0,0,[],unavailable_same_type,,,,,,,
5363,Tm5b-GCaMP-TNT,0.24899923958355683,26.0,0,[],unavailable_same_type,,,,,,,
5364,Tm5b-GCaMP-TNT,0.6348642880988541,1.0,0,[],unavailable_same_type,,,,,,,
5365,Tm5b-GCaMP-TNT,0.4343553571022162,1.0,0,[],unavailable_same_type,,,,,,,
5366,Tm5b-GCaMP-TNT,-0.11894991888770866,2.0,0,[],unavailable_same_type,,,,,,,
5367,Tm5b-GCaMP-TNT,0.5486048509282984,1.0,0,[],unavailable_same_type,,,,,,,
5368,Tm5b-GCaMP-TNT,0.5175693648349627,12.0,0,[],unavailable_same_type,,,,,,,
5369,Tm5b-GCaMP-TNT,0.3871222629190067,3.0,0,[],unavailable_same_type,,,,,,,
5370,Tm5b-GCaMP-TNT,-0.057823381233325595,3.0,0,[],unavailable_same_type,,,,,,,
5371,Tm5b-GCaMP-TNT,-0.1111493903827773,2.0,0,[],unavailable_same_type,,,,,,,
5372,Tm5b-GCaMP-TNT,0.11762006651999,2.0,0,[],unavailable_same_type,,,,,,,
5373,Tm5b-GCaMP-TNT,1.3486882038954118,13.0,0,[],unavailable_same_type,,,,,,,
5374,Tm5b-GCaMP-TNT,-0.34738305191820945,3.0,0,[],unavailable_same_type,,,,,,,
5375,Tm5b-GCaMP-TNT,0.5663557622072188,2.0,0,[],unavailable_same_type,,,,,,,
5376,Tm5b-GCaMP-TNT,0.05374183328411142,4.0,0,[],unavailable_same_type,,,,,,,
5377,Tm5b-GCaMP-TNT,1.707054206203216,13.0,0,[],unavailable_same_type,,,,,,,
5378,Tm5b-GCaMP-TNT,1.1351912337640715,13.0,0,[],unavailable_same_type,,,,,,,
5379,Tm5b-GCaMP-TNT,-0.7746360204938484,3.0,0,[],unavailable_same_type,,,,,,,
5380,Tm5b-GCaMP-TNT,1.3091027986430759,7.0,0,[],unavailable_same_type,,,,,,,
5381,Tm5b-GCaMP-TNT,0.4155931966886984,3.0,0,[],unavailable_same_type,,,,,,,
5382,Tm5b-GCaMP-TNT,-0.06617851277174848,14.0,0,[],unavailable_same_type,,,,,,,
5383,Tm5b-GCaMP-TNT,0.40976949017156084,8.0,0,[],unavailable_same_type,,,,,,,
5384,Tm5b-GCaMP-TNT,-0.6231932394067548,2.0,0,[],unavailable_same_type,,,,,,,
5385,Tm5b-GCaMP-TNT,1.2033441348132352,1.0,0,[],unavailable_same_type,,,,,,,
5386,Tm5b-GCaMP-TNT,0.3524166930152188,26.0,0,[],unavailable_same_type,,,,,,,
5387,Tm5b-GCaMP-TNT,-0.5662927072912085,13.0,0,[],unavailable_same_type,,,,,,,
5388,Tm5b-GCaMP-TNT,0.13397665580761434,13.0,0,[],unavailable_same_type,,,,,,,
5389,Tm5b-GCaMP-TNT,0.37343594231467786,13.0,0,[],unavailable_same_type,,,,,,,
5390,Tm5b-GCaMP-TNT,0.38322174116065455,26.0,0,[],unavailable_same_type,,,,,,,
5391,Tm5b-GCaMP-TNT,0.7579882389421332,10.0,0,[],unavailable_same_type,,,,,,,
5392,Tm5b-GCaMP-TNT,-2.449533134997438,1.0,0,[],unavailable_same_type,,,,,,,
5393,Tm5b-GCaMP-TNT,-1.9942831681169702,13.0,0,[],unavailable_same_type,,,,,,,
5394,Tm5b-GCaMP-TNT,0.6141701710509081,1.0,0,[],unavailable_same_type,,,,,,,
5395,Tm5b-GCaMP-TNT,0.002430965722239565,61.0,0,[],unavailable_same_type,,,,,,,
5396,Tm5b-GCaMP-TNT,0.09006228095885345,4.0,0,[],unavailable_same_type,,,,,,,
5397,Tm5b-GCaMP-TNT,0.5054073540961198,2.0,0,[],unavailable_same_type,,,,,,,
5398,Tm5b-GCaMP-TNT,0.7155435397066412,26.0,0,[],unavailable_same_type,,,,,,,
5399,Tm5b-GCaMP-TNT,-0.8051679518062479,3.0,0,[],unavailable_same_type,,,,,,,
5400,Tm5b-GCaMP-TNT,1.078699239303905,19.0,0,[],unavailable_same_type,,,,,,,
5401,Tm5b-GCaMP-TNT,-0.9253833311887991,1.0,0,[],unavailable_same_type,,,,,,,
5402,Tm5b-GCaMP-TNT,-0.18750487238388522,1.0,0,[],unavailable_same_type,,,,,,,
5403,Tm5b-GCaMP-TNT,0.4220134352925963,13.0,0,[],unavailable_same_type,,,,,,,
5404,Tm5b-GCaMP-TNT,-1.776182971991542,1.0,0,[],unavailable_same_type,,,,,,,
5405,Tm5b-GCaMP-TNT,-0.5741064931902182,1.0,0,[],unavailable_same_type,,,,,,,
5406,Tm5b-GCaMP-TNT,-0.1267002942483862,1.0,0,[],unavailable_same_type,,,,,,,
5407,Tm5b-GCaMP-TNT,0.5069006411092262,1.0,0,[],unavailable_same_type,,,,,,,
5408,Tm5b-GCaMP-TNT,-0.13040624675518953,5.0,0,[],unavailable_same_type,,,,,,,
5409,Tm5b-GCaMP-TNT,1.236375569799504,5.0,0,[],unavailable_same_type,,,,,,,
5410,Tm5b-GCaMP-TNT,0.5687205173310975,13.0,0,[],unavailable_same_type,,,,,,,
5411,Tm5b-GCaMP-TNT,0.10236452696568381,2.0,0,[],unavailable_same_type,,,,,,,
5412,Tm5b-GCaMP-TNT,0.014059300545293838,1.0,0,[],unavailable_same_type,,,,,,,
5413,Tm5b-GCaMP-TNT,-0.4176609710018682,1.0,0,[],unavailable_same_type,,,,,,,
5414,Tm5b-GCaMP-TNT,-0.09910426911491343,3.0,0,[],unavailable_same_type,,,,,,,
5415,Tm5b-GCaMP-TNT,0.4642750345000883,10.0,0,[],unavailable_same_type,,,,,,,
5416,Tm5b-GCaMP-TNT,0.3884849941437141,53.0,0,[],unavailable_same_type,,,,,,,
5417,Tm5b-GCaMP-TNT,0.06859237328494823,43.0,0,[],unavailable_same_type,,,,,,,
5418,Tm5b-GCaMP-TNT,0.07511376348516992,36.0,0,[],unavailable_same_type,,,,,,,
5419,Tm5b-GCaMP-TNT,-0.4077757533217339,1.0,0,[],unavailable_same_type,,,,,,,
5420,Tm5b-GCaMP-TNT,0.9914451492873819,1.0,0,[],unavailable_same_type,,,,,,,
5421,Tm5b-GCaMP-TNT,0.5355927305206108,10.0,0,[],unavailable_same_type,,,,,,,
5422,Tm5b-GCaMP-TNT,0.3519480160035427,4.0,0,[],unavailable_same_type,,,,,,,
5423,Tm5b-GCaMP-TNT,0.2606225117493873,14.0,0,[],unavailable_same_type,,,,,,,
5424,Tm5b-GCaMP-TNT,0.33069149943305326,4.0,0,[],unavailable_same_type,,,,,,,
5425,Tm5b-GCaMP-TNT,-1.2986392328081304,2.0,0,[],unavailable_same_type,,,,,,,
5426,Tm5b-GCaMP-TNT,0.1396595795807682,5.0,0,[],unavailable_same_type,,,,,,,
5427,Tm5b-GCaMP-TNT,0.5393883406051927,2.0,0,[],unavailable_same_type,,,,,,,
5428,Tm5b-GCaMP-TNT,0.24200685857059062,5.0,0,[],unavailable_same_type,,,,,,,
5429,Tm5b-GCaMP-TNT,0.05031665550007641,10.0,0,[],unavailable_same_type,,,,,,,
5430,Tm5b-GCaMP-TNT,0.1932151152284416,2.0,0,[],unavailable_same_type,,,,,,,
5431,Tm5b-GCaMP-TNT,-0.4819481383161777,13.0,0,[],unavailable_same_type,,,,,,,
5432,Tm5b-GCaMP-TNT,-0.3781219112883424,11.0,0,[],unavailable_same_type,,,,,,,
5433,Tm5b-GCaMP-TNT,-0.4161475160959749,3.0,0,[],unavailable_same_type,,,,,,,
5434,Tm5b-GCaMP-TNT,0.28389686568626576,3.0,0,[],unavailable_same_type,,,,,,,
5435,Tm5b-GCaMP-TNT,-0.04524137316388443,60.0,0,[],unavailable_same_type,,,,,,,
5436,Tm5b-GCaMP-TNT,0.21817588765020243,3.0,0,[],unavailable_same_type,,,,,,,
5437,Tm5b-GCaMP-TNT,-0.199205343670398,3.0,0,[],unavailable_same_type,,,,,,,
5438,Tm5b-GCaMP-TNT,-0.7577304900496488,1.0,0,[],unavailable_same_type,,,,,,,
5439,Tm5b-GCaMP-TNT,-0.10430095406805172,1.0,0,[],unavailable_same_type,,,,,,,
5440,Tm5b-GCaMP-TNT,0.8120357823320207,1.0,0,[],unavailable_same_type,,,,,,,
5441,Tm5b-GCaMP-TNT,-0.440735975653164,4.0,0,[],unavailable_same_type,,,,,,,
5442,Tm5b-GCaMP-TNT,0.5008315226223162,14.0,0,[],unavailable_same_type,,,,,,,
5443,Tm5b-GCaMP-TNT,-0.12008713107465134,10.0,0,[],unavailable_same_type,,,,,,,
5444,Tm5b-GCaMP-TNT,-0.0029086170414236385,13.0,0,[],unavailable_same_type,,,,,,,
5445,Tm5b-GCaMP-TNT,-0.667158376650941,26.0,0,[],unavailable_same_type,,,,,,,
5446,Tm5b-GCaMP-TNT,-0.21553523905312047,26.0,0,[],unavailable_same_type,,,,,,,
5447,Tm5b-GCaMP-TNT,-1.7953610867437635,13.0,0,[],unavailable_same_type,,,,,,,
5448,Tm5b-GCaMP-TNT,0.19865306199266605,7.0,0,[],unavailable_same_type,,,,,,,
5449,Tm5b-GCaMP-TNT,0.23253818698497783,36.0,0,[],unavailable_same_type,,,,,,,
5450,Tm5b-GCaMP-TNT,0.03667429885554945,4.0,0,[],unavailable_same_type,,,,,,,
5451,Tm5b-GCaMP-TNT,0.36232481564647634,15.0,0,[],unavailable_same_type,,,,,,,
5452,Tm5b-GCaMP-TNT,0.2770748959218022,76.0,0,[],unavailable_same_type,,,,,,,
5453,Tm5b-GCaMP-TNT,0.026801383373422673,15.0,0,[],unavailable_same_type,,,,,,,
5454,Tm5b-GCaMP-TNT,-0.5228891479486081,13.0,0,[],unavailable_same_type,,,,,,,
5455,Tm5b-GCaMP-TNT,0.5403062399813983,13.0,0,[],unavailable_same_type,,,,,,,
5456,Tm5b-GCaMP-TNT,0.9370328499716384,16.0,0,[],unavailable_same_type,,,,,,,
5457,Tm5b-GCaMP-TNT,-0.8502561560878398,16.0,0,[],unavailable_same_type,,,,,,,
5458,Tm5b-GCaMP-TNT,0.19380408131317503,26.0,0,[],unavailable_same_type,,,,,,,
5459,Tm5b-GCaMP-TNT,0.3011701495962286,3.0,0,[],unavailable_same_type,,,,,,,
5460,Tm5b-GCaMP-TNT,-0.2891981084475786,5.0,0,[],unavailable_same_type,,,,,,,
5461,Tm5b-GCaMP-TNT,1.5216461870773739,2.0,0,[],unavailable_same_type,,,,,,,
5462,Tm5b-GCaMP-TNT,-1.0789669152451764,4.0,0,[],unavailable_same_type,,,,,,,
5463,Tm5b-GCaMP-TNT,0.6225733257812754,10.0,0,[],unavailable_same_type,,,,,,,
5464,Tm5b-GCaMP-TNT,-0.48925242542580977,3.0,0,[],unavailable_same_type,,,,,,,
5465,Tm5b-GCaMP-TNT,0.5953255381429171,1.0,0,[],unavailable_same_type,,,,,,,
5466,Tm5b-GCaMP-TNT,0.5182244666283428,11.0,0,[],unavailable_same_type,,,,,,,
5467,Tm5b-GCaMP-TNT,0.4934840685760596,26.0,0,[],unavailable_same_type,,,,,,,
5468,Tm5b-GCaMP-TNT,1.5935739574761745,2.0,0,[],unavailable_same_type,,,,,,,
5469,Tm5b-GCaMP-TNT,1.7131035446981588,10.0,0,[],unavailable_same_type,,,,,,,
5470,Tm5b-GCaMP-TNT,-0.19886193110778994,6.0,0,[],unavailable_same_type,,,,,,,
5471,Tm5b-GCaMP-TNT,0.23774320226258924,18.0,0,[],unavailable_same_type,,,,,,,
5472,Tm5b-GCaMP-TNT,-0.08693220076941215,12.0,0,[],unavailable_same_type,,,,,,,
5473,Tm5b-GCaMP-TNT,-1.0570224604883538,1.0,0,[],unavailable_same_type,,,,,,,
5474,Tm5b-GCaMP-TNT,-0.06255523184990389,3.0,0,[],unavailable_same_type,,,,,,,
5475,Tm5b-GCaMP-TNT,0.7642209206743761,57.0,0,[],unavailable_same_type,,,,,,,
5476,Tm5b-GCaMP-TNT,-0.47900433725113345,1.0,0,[],unavailable_same_type,,,,,,,
5477,Tm5b-GCaMP-TNT,-0.7447635235785157,1.0,0,[],unavailable_same_type,,,,,,,
5478,Tm5b-GCaMP-TNT,0.5213753173457184,1.0,0,[],unavailable_same_type,,,,,,,
5479,Tm5b-GCaMP-TNT,-0.3578249309867978,2.0,0,[],unavailable_same_type,,,,,,,
5480,Tm5b-GCaMP-TNT,0.1189485468913666,1.0,0,[],unavailable_same_type,,,,,,,
5481,Tm5b-GCaMP-TNT,-0.9367279921179008,60.0,0,[],unavailable_same_type,,,,,,,
5482,Tm5b-GCaMP-TNT,0.8576569052619848,4.0,0,[],unavailable_same_type,,,,,,,
5483,Tm5b-GCaMP-TNT,0.07394640625268521,15.0,0,[],unavailable_same_type,,,,,,,
5484,Tm5b-GCaMP-TNT,0.036921297822191466,7.0,0,[],unavailable_same_type,,,,,,,
5485,Tm5b-GCaMP-TNT,-0.1300455705093019,13.0,0,[],unavailable_same_type,,,,,,,
5486,Tm5b-GCaMP-TNT,-0.06839912113779294,13.0,0,[],unavailable_same_type,,,,,,,
5487,Tm5b-GCaMP-TNT,0.17723342752580104,3.0,0,[],unavailable_same_type,,,,,,,
5488,Tm5b-GCaMP-TNT,-0.13890570115921053,3.0,0,[],unavailable_same_type,,,,,,,
5489,Tm5b-GCaMP-TNT,-0.08514535747490637,1.0,0,[],unavailable_same_type,,,,,,,
5490,Tm5b-GCaMP-TNT,0.4360162786933013,13.0,0,[],unavailable_same_type,,,,,,,
5491,Tm5b-GCaMP-TNT,0.2333296340804823,3.0,0,[],unavailable_same_type,,,,,,,
5492,Tm5b-GCaMP-TNT,0.29981174591461324,24.0,0,[],unavailable_same_type,,,,,,,
5493,Tm5b-GCaMP-TNT,-0.37914190069001885,4.0,0,[],unavailable_same_type,,,,,,,
5494,Tm5b-GCaMP-TNT,-0.0012212641416741523,3.0,0,[],unavailable_same_type,,,,,,,
5495,Tm5b-GCaMP-TNT,0.8052021858108274,2.0,0,[],unavailable_same_type,,,,,,,
5496,Tm5b-GCaMP-TNT,0.2924569870816573,2.0,0,[],unavailable_same_type,,,,,,,
5497,Tm5b-GCaMP-TNT,-0.32338618032425537,1.0,0,[],unavailable_same_type,,,,,,,
5498,Tm5b-GCaMP-TNT,-0.17586586667207163,1.0,0,[],unavailable_same_type,,,,,,,
5499,Tm5b-GCaMP-TNT,-0.4321565906861298,3.0,0,[],unavailable_same_type,,,,,,,
5500,Tm5b-GCaMP-TNT,-0.13824498971140364,49.0,0,[],unavailable_same_type,,,,,,,
5501,Tm5b-GCaMP-TNT,-0.29527884106500546,4.0,0,[],unavailable_same_type,,,,,,,
5502,Tm5b-GCaMP-TNT,0.41387660254362996,4.0,0,[],unavailable_same_type,,,,,,,
5503,Tm5b-GCaMP-TNT,0.5252708927905708,3.0,0,[],unavailable_same_type,,,,,,,
5504,Tm5b-GCaMP-TNT,1.9369332441070504,1.0,0,[],unavailable_same_type,,,,,,,
5505,Tm5b-GCaMP-TNT,-1.5953897392726055,3.0,0,[],unavailable_same_type,,,,,,,
5506,Tm5b-GCaMP-TNT,-0.17359245590564543,2.0,0,[],unavailable_same_type,,,,,,,
5507,Tm5b-GCaMP-TNT,0.336269951009287,19.0,0,[],unavailable_same_type,,,,,,,
5508,Tm5b-GCaMP-TNT,0.13500198564592034,16.0,0,[],unavailable_same_type,,,,,,,
5509,Tm5b-GCaMP-TNT,0.92272889679861,5.0,0,[],unavailable_same_type,,,,,,,
5510,Tm5b-GCaMP-TNT,0.4751198565413995,2.0,0,[],unavailable_same_type,,,,,,,
5511,Tm5b-GCaMP-TNT,2.5936358639195203,1.0,0,[],unavailable_same_type,,,,,,,
5512,Tm5b-GCaMP-TNT,0.6489119999118312,2.0,0,[],unavailable_same_type,,,,,,,
5513,Tm5b-GCaMP-TNT,0.31489098505398266,3.0,0,[],unavailable_same_type,,,,,,,
5514,Tm5b-GCaMP-TNT,0.6148267823812475,1.0,0,[],unavailable_same_type,,,,,,,
5515,Tm5b-GCaMP-TNT,0.3467490700483407,3.0,0,[],unavailable_same_type,,,,,,,
5516,Tm5b-GCaMP-TNT,0.7074143562593334,1.0,0,[],unavailable_same_type,,,,,,,
5517,Tm5b-GCaMP-TNT,0.2124336739372014,3.0,0,[],unavailable_same_type,,,,,,,
5518,Tm5b-GCaMP-TNT,-0.26124262840924606,2.0,0,[],unavailable_same_type,,,,,,,
5519,Tm5b-GCaMP-TNT,-0.15324438161912707,11.0,0,[],unavailable_same_type,,,,,,,
5520,Tm5b-GCaMP-TNT,-0.9731832046232773,2.0,0,[],unavailable_same_type,,,,,,,
5521,Tm5b-GCaMP-TNT,1.0113535472239676,1.0,0,[],unavailable_same_type,,,,,,,
5522,Tm5b-GCaMP-TNT,-0.021751383175970012,16.0,0,[],unavailable_same_type,,,,,,,
5523,Tm5b-GCaMP-TNT,-0.44194473819997954,1.0,0,[],unavailable_same_type,,,,,,,
5524,Tm5b-GCaMP-TNT,-0.399186830458031,19.0,0,[],unavailable_same_type,,,,,,,
5525,Tm5b-GCaMP-TNT,0.3909452112078908,4.0,0,[],unavailable_same_type,,,,,,,
5526,Tm5b-GCaMP-TNT,-0.042339381960767745,13.0,0,[],unavailable_same_type,,,,,,,
5527,Tm5b-GCaMP-TNT,0.1006598682397957,42.0,0,[],unavailable_same_type,,,,,,,
5528,Tm5b-GCaMP-TNT,-0.44744063540582996,4.0,0,[],unavailable_same_type,,,,,,,
5529,Tm5b-GCaMP-TNT,-0.01436663062236331,14.0,0,[],unavailable_same_type,,,,,,,
5530,Tm5b-GCaMP-TNT,-0.5033270459377631,24.0,0,[],unavailable_same_type,,,,,,,
5531,Tm5b-GCaMP-TNT,0.17396665113772505,2.0,0,[],unavailable_same_type,,,,,,,
5532,Tm5b-GCaMP-TNT,0.2577065486533337,3.0,0,[],unavailable_same_type,,,,,,,
5533,Tm5b-GCaMP-TNT,-1.1576538724158323,3.0,0,[],unavailable_same_type,,,,,,,
5534,Tm5b-GCaMP-TNT,-0.3249845895703946,34.0,0,[],unavailable_same_type,,,,,,,
5535,Tm5b-GCaMP-TNT,-0.19272897211388465,24.0,0,[],unavailable_same_type,,,,,,,
5536,Tm5b-GCaMP-TNT,0.13144719855127146,3.0,0,[],unavailable_same_type,,,,,,,
5537,Tm5b-GCaMP-TNT,-0.31234735121122215,4.0,0,[],unavailable_same_type,,,,,,,
5538,Tm5b-GCaMP-TNT,0.045382933381790745,5.0,0,[],unavailable_same_type,,,,,,,
5539,Tm5b-GCaMP-TNT,-0.21026521313019658,51.0,0,[],unavailable_same_type,,,,,,,
5540,Tm5b-GCaMP-TNT,-0.16930302964069502,15.0,0,[],unavailable_same_type,,,,,,,
5541,Tm5b-GCaMP-TNT,0.15776804179673162,4.0,0,[],unavailable_same_type,,,,,,,
5542,Tm5b-GCaMP-TNT,-0.1808151679370094,1.0,0,[],unavailable_same_type,,,,,,,
5543,Tm5b-GCaMP-TNT,-0.5515188801225809,3.0,0,[],unavailable_same_type,,,,,,,
5544,Tm5b-GCaMP-TNT,-0.4775799931080908,8.0,0,[],unavailable_same_type,,,,,,,
5545,Tm5b-GCaMP-TNT,-0.4301601566745431,5.0,0,[],unavailable_same_type,,,,,,,
5546,Tm5b-GCaMP-TNT,0.3791411912146073,1.0,0,[],unavailable_same_type,,,,,,,
5547,Tm5b-GCaMP-TNT,0.2322729024938586,13.0,0,[],unavailable_same_type,,,,,,,
5548,Tm5b-GCaMP-TNT,0.18621863635656938,2.0,0,[],unavailable_same_type,,,,,,,
5549,Tm5b-GCaMP-TNT,-0.26200664615558483,1.0,0,[],unavailable_same_type,,,,,,,
5550,Tm5b-GCaMP-TNT,1.4122749558467353,1.0,0,[],unavailable_same_type,,,,,,,
5551,Tm5b-GCaMP-TNT,-1.111655506808056,18.0,0,[],unavailable_same_type,,,,,,,
5552,Tm5b-GCaMP-TNT,-0.7318130404416726,21.0,0,[],unavailable_same_type,,,,,,,
5553,Tm5b-GCaMP-TNT,0.31671462605437106,1.0,0,[],unavailable_same_type,,,,,,,
5554,Tm5b-GCaMP-TNT,0.021872000440607713,3.0,0,[],unavailable_same_type,,,,,,,
5555,Tm5b-GCaMP-TNT,1.3190929971812253,1.0,0,[],unavailable_same_type,,,,,,,
5556,Tm5b-GCaMP-TNT,-0.13818424420768022,60.0,0,[],unavailable_same_type,,,,,,,
5557,Tm5b-GCaMP-TNT,-0.8490687764445547,1.0,0,[],unavailable_same_type,,,,,,,
5558,Tm5b-GCaMP-TNT,-0.13432361147648045,5.0,0,[],unavailable_same_type,,,,,,,
5559,Tm5b-GCaMP-TNT,-0.7960243702285302,1.0,0,[],unavailable_same_type,,,,,,,
5560,Tm5b-GCaMP-TNT,-0.03834560769321138,5.0,0,[],unavailable_same_type,,,,,,,
5561,Tm5b-GCaMP-TNT,-0.20069751924126678,1.0,0,[],unavailable_same_type,,,,,,,
5562,Tm5b-GCaMP-TNT,0.3001040587250551,15.0,0,[],unavailable_same_type,,,,,,,
5563,Tm5b-GCaMP-TNT,-0.401618874201799,2.0,0,[],unavailable_same_type,,,,,,,
5564,Tm5b-GCaMP-TNT,-0.21210277254979643,13.0,0,[],unavailable_same_type,,,,,,,
5565,Tm5b-GCaMP-TNT,-0.3918974025160405,16.0,0,[],unavailable_same_type,,,,,,,
5566,Tm5b-GCaMP-TNT,0.2508947672145388,13.0,0,[],unavailable_same_type,,,,,,,
5567,Tm5b-GCaMP-TNT,1.0902442675981787,13.0,0,[],unavailable_same_type,,,,,,,
5568,Tm5b-GCaMP-TNT,-0.05661445064877508,60.0,0,[],unavailable_same_type,,,,,,,
5569,Tm5b-GCaMP-TNT,0.02898810292594751,15.0,0,[],unavailable_same_type,,,,,,,
5570,Tm5b-GCaMP-TNT,1.9283592833084806,1.0,0,[],unavailable_same_type,,,,,,,
5571,Tm5b-GCaMP-TNT,-0.4888551893204694,34.0,0,[],unavailable_same_type,,,,,,,
5572,Tm5b-GCaMP-TNT,0.14344923271638046,4.0,0,[],unavailable_same_type,,,,,,,
5573,Tm5b-GCaMP-TNT,-0.23108394469354435,15.0,0,[],unavailable_same_type,,,,,,,
5574,Tm5b-GCaMP-TNT,-0.8490350723885918,51.0,0,[],unavailable_same_type,,,,,,,
5575,Tm5b-GCaMP-TNT,0.34103331388549496,4.0,0,[],unavailable_same_type,,,,,,,
5576,Tm5b-GCaMP-TNT,-0.5382126254455967,12.0,0,[],unavailable_same_type,,,,,,,
5577,Tm5b-GCaMP-TNT,-0.3691115078467303,6.0,0,[],unavailable_same_type,,,,,,,
5578,Tm5b-GCaMP-TNT,-0.922859878363486,57.0,0,[],unavailable_same_type,,,,,,,
5579,Tm5b-GCaMP-TNT,0.1453979560313104,4.0,0,[],unavailable_same_type,,,,,,,
5580,Tm5b-GCaMP-TNT,0.11634602224277561,13.0,0,[],unavailable_same_type,,,,,,,
5581,Tm5b-GCaMP-TNT,0.09740182927272549,26.0,0,[],unavailable_same_type,,,,,,,
5582,Tm5b-GCaMP-TNT,-0.06889253178112413,18.0,0,[],unavailable_same_type,,,,,,,
5583,Tm5b-GCaMP-TNT,0.7142631509557591,1.0,0,[],unavailable_same_type,,,,,,,
5584,Tm5b-GCaMP-TNT,1.245313853191186,1.0,0,[],unavailable_same_type,,,,,,,
5585,Tm5b-GCaMP-TNT,0.8371284720791918,3.0,0,[],unavailable_same_type,,,,,,,
5586,Tm5b-GCaMP-TNT,-1.0798588668486058,13.0,0,[],unavailable_same_type,,,,,,,
5587,Tm5b-GCaMP-TNT,-0.11411870831380558,13.0,0,[],unavailable_same_type,,,,,,,
5588,Tm5b-GCaMP-TNT,-0.8047720157953541,3.0,0,[],unavailable_same_type,,,,,,,
5589,Tm5b-GCaMP-TNT,-0.30887895013924643,3.0,0,[],unavailable_same_type,,,,,,,
5590,Tm5b-GCaMP-TNT,0.60145457494344,3.0,0,[],unavailable_same_type,,,,,,,
5591,Tm5b-GCaMP-TNT,-0.2056093843029431,5.0,0,[],unavailable_same_type,,,,,,,
5592,Tm5b-GCaMP-TNT,-0.8417389216987224,10.0,0,[],unavailable_same_type,,,,,,,
5593,Tm5b-GCaMP-TNT,-0.3945613095761624,12.0,0,[],unavailable_same_type,,,,,,,
5594,Tm5b-GCaMP-TNT,-0.6693343890615022,34.0,0,[],unavailable_same_type,,,,,,,
5595,Tm5b-GCaMP-TNT,-0.17262423473232233,3.0,0,[],unavailable_same_type,,,,,,,
5596,Tm5b-GCaMP-TNT,-0.3791982110016745,7.0,0,[],unavailable_same_type,,,,,,,
5597,Tm5b-GCaMP-TNT,-1.082224639331592,2.0,0,[],unavailable_same_type,,,,,,,
5598,Tm5b-GCaMP-TNT,-0.336751223955891,7.0,0,[],unavailable_same_type,,,,,,,
5599,Tm5b-GCaMP-TNT,-0.026803173416449028,4.0,0,[],unavailable_same_type,,,,,,,
5600,Tm5b-GCaMP-TNT,-0.5750251298902322,41.0,0,[],unavailable_same_type,,,,,,,
5601,Tm5b-GCaMP-TNT,-0.24540380751871513,13.0,0,[],unavailable_same_type,,,,,,,
5602,Tm5b-GCaMP-TNT,0.41615172103689796,2.0,0,[],unavailable_same_type,,,,,,,
5603,Tm5b-GCaMP-TNT,0.007197619332804907,1.0,0,[],unavailable_same_type,,,,,,,
5604,Tm5b-GCaMP-TNT,-0.09573427207223216,9.0,0,[],unavailable_same_type,,,,,,,
5605,Tm5b-GCaMP-TNT,-1.0780837626223696,1.0,0,[],unavailable_same_type,,,,,,,
5606,Tm5b-GCaMP-TNT,-0.7397821757501469,3.0,0,[],unavailable_same_type,,,,,,,
5607,Tm5b-GCaMP-TNT,0.18594119099503756,3.0,0,[],unavailable_same_type,,,,,,,
5608,Tm5b-GCaMP-TNT,-0.16505602464357075,10.0,0,[],unavailable_same_type,,,,,,,
5609,Tm5b-GCaMP-TNT,-0.8808361260550904,5.0,0,[],unavailable_same_type,,,,,,,
5610,Tm5b-GCaMP-TNT,-0.5045793746666407,9.0,0,[],unavailable_same_type,,,,,,,
5611,Tm5b-GCaMP-TNT,-0.16294168744524554,56.0,0,[],unavailable_same_type,,,,,,,
5612,Tm5b-GCaMP-TNT,-0.6147696700043077,3.0,0,[],unavailable_same_type,,,,,,,
5613,Tm5b-GCaMP-TNT,-0.06730411084815592,9.0,0,[],unavailable_same_type,,,,,,,
5614,Tm5b-GCaMP-TNT,-0.09982637099962235,15.0,0,[],unavailable_same_type,,,,,,,
5615,Tm5b-GCaMP-TNT,-0.6244882195311945,3.0,0,[],unavailable_same_type,,,,,,,
5616,Tm5b-GCaMP-TNT,-0.7169105756766412,26.0,0,[],unavailable_same_type,,,,,,,
5617,Tm5b-GCaMP-TNT,-0.900870830443097,18.0,0,[],unavailable_same_type,,,,,,,
5618,Tm5b-GCaMP-TNT,0.7102436466356207,3.0,0,[],unavailable_same_type,,,,,,,
5619,Tm5b-GCaMP-TNT,-1.1097679602772133,1.0,0,[],unavailable_same_type,,,,,,,
5620,Tm5b-GCaMP-TNT,0.009687501790334603,14.0,0,[],unavailable_same_type,,,,,,,
5621,Tm5b-GCaMP-TNT,-0.23084220420199295,61.0,0,[],unavailable_same_type,,,,,,,
5622,Tm5b-GCaMP-TNT,-0.30306058899842064,4.0,0,[],unavailable_same_type,,,,,,,
5623,Tm5b-GCaMP-TNT,-0.018792675578855476,13.0,0,[],unavailable_same_type,,,,,,,
5624,Tm5b-GCaMP-TNT,-0.14696799997037305,13.0,0,[],unavailable_same_type,,,,,,,
5625,Tm5b-GCaMP-TNT,-1.1425460693922687,13.0,0,[],unavailable_same_type,,,,,,,
5626,Tm5b-GCaMP-TNT,-0.6354029689450277,7.0,0,[],unavailable_same_type,,,,,,,
5627,Tm5b-GCaMP-TNT,-0.8940416804609254,1.0,0,[],unavailable_same_type,,,,,,,
5628,Tm5b-GCaMP-TNT,0.10896220291289262,14.0,0,[],unavailable_same_type,,,,,,,
5629,Tm5b-GCaMP-TNT,0.16638425499539297,1.0,0,[],unavailable_same_type,,,,,,,
5630,Tm5b-GCaMP-TNT,0.41262289276620834,4.0,0,[],unavailable_same_type,,,,,,,
5631,Tm5b-GCaMP-TNT,-2.417549587889393,18.0,0,[],unavailable_same_type,,,,,,,
5632,Tm5b-GCaMP-TNT,-0.35476982453935907,2.0,0,[],unavailable_same_type,,,,,,,
5633,Tm5b-GCaMP-TNT,-0.6434042174302766,13.0,0,[],unavailable_same_type,,,,,,,
5634,Tm5b-GCaMP-TNT,-1.4655166439830751,1.0,0,[],unavailable_same_type,,,,,,,
5635,Tm5b-GCaMP-TNT,-0.4668756697713912,26.0,0,[],unavailable_same_type,,,,,,,
5636,Tm5b-GCaMP-TNT,-1.1563013360965348,1.0,0,[],unavailable_same_type,,,,,,,
5637,Tm5b-GCaMP-TNT,-0.6484444809360042,14.0,0,[],unavailable_same_type,,,,,,,
5638,Tm5b-GCaMP-TNT,-0.5405320398346027,25.0,0,[],unavailable_same_type,,,,,,,
5639,Tm5c-Tnt,0.67687002733333,3.0,0,[],unavailable_same_type,,,,,,,
5640,Tm5c-Tnt,1.2901214643044023,75.0,0,[],unavailable_same_type,,,,,,,
5641,Tm5c-Tnt,0.9988733248060608,54.0,0,[],unavailable_same_type,,,,,,,
5642,Tm5c-Tnt,-1.3702830782766235,1.0,0,[],unavailable_same_type,,,,,,,
5643,Tm5c-Tnt,1.6247681767685764,26.0,0,[],unavailable_same_type,,,,,,,
5644,Tm5c-Tnt,0.17316917627981648,11.0,0,[],unavailable_same_type,,,,,,,
5645,Tm5c-Tnt,1.4105753546191302,3.0,0,[],unavailable_same_type,,,,,,,
5646,Tm5c-Tnt,1.1550452300473868,97.0,0,[],unavailable_same_type,,,,,,,
5647,Tm5c-Tnt,0.26577404982558567,2.0,0,[],unavailable_same_type,,,,,,,
5648,Tm5c-Tnt,1.0320093751810104,140.0,0,[],unavailable_same_type,,,,,,,
5649,Tm5c-Tnt,0.6373144370509484,32.0,0,[],unavailable_same_type,,,,,,,
5650,Tm5c-Tnt,0.5869167924189979,37.0,0,[],unavailable_same_type,,,,,,,
5651,Tm5c-Tnt,0.9224746762353755,150.0,0,[],unavailable_same_type,,,,,,,
5652,Tm5c-Tnt,0.89894119314998,68.0,0,[],unavailable_same_type,,,,,,,
5653,Tm5c-Tnt,0.10550341150591189,34.0,0,[],unavailable_same_type,,,,,,,
5654,Tm5c-Tnt,0.5657864241576747,68.0,0,[],unavailable_same_type,,,,,,,
5655,Tm5c-Tnt,-0.9458625156468891,2.0,0,[],unavailable_same_type,,,,,,,
5656,Tm5c-Tnt,0.012363371567194534,1.0,0,[],unavailable_same_type,,,,,,,
5657,Tm5c-Tnt,0.5455997049076525,56.0,0,[],unavailable_same_type,,,,,,,
5658,Tm5c-Tnt,0.4719083995083236,34.0,0,[],unavailable_same_type,,,,,,,
5659,Tm5c-Tnt,0.3665621374021981,45.0,0,[],unavailable_same_type,,,,,,,
5660,Tm5c-Tnt,0.6825769360035819,69.0,0,[],unavailable_same_type,,,,,,,
5661,Tm5c-Tnt,0.09961280417482639,32.0,0,[],unavailable_same_type,,,,,,,
5662,Tm5c-Tnt,-0.06005640878652161,14.0,0,[],unavailable_same_type,,,,,,,
5663,Tm5c-Tnt,0.9097064675772913,18.0,0,[],unavailable_same_type,,,,,,,
5664,Tm5c-Tnt,0.6221798420007311,83.0,0,[],unavailable_same_type,,,,,,,
5665,Tm5c-Tnt,1.3125900156453996,87.0,0,[],unavailable_same_type,,,,,,,
5666,Tm5c-Tnt,-0.3894496052264361,2.0,0,[],unavailable_same_type,,,,,,,
5667,Tm5c-Tnt,-0.7609609756131934,3.0,0,[],unavailable_same_type,,,,,,,
5668,Tm5c-Tnt,0.03310940773875085,35.0,0,[],unavailable_same_type,,,,,,,
5669,Tm5c-Tnt,0.22743152259946645,76.0,0,[],unavailable_same_type,,,,,,,
5670,Tm5c-Tnt,1.459726471336108,14.0,0,[],unavailable_same_type,,,,,,,
5671,Tm5c-Tnt,-0.15687639930776293,22.0,0,[],unavailable_same_type,,,,,,,
5672,Tm5c-Tnt,0.7642255150111638,14.0,0,[],unavailable_same_type,,,,,,,
5673,Tm5c-Tnt,-0.25275209326483095,14.0,0,[],unavailable_same_type,,,,,,,
5674,Tm5c-Tnt,0.6706083000055126,14.0,0,[],unavailable_same_type,,,,,,,
5675,Tm5c-Tnt,-0.6688968303453565,10.0,0,[],unavailable_same_type,,,,,,,
5676,Tm5c-Tnt,0.27852187949469204,8.0,0,[],unavailable_same_type,,,,,,,
5677,Tm5c-Tnt,-2.2205576189471974,2.0,0,[],unavailable_same_type,,,,,,,
5678,Tm5c-Tnt,0.6294295422793755,1.0,0,[],unavailable_same_type,,,,,,,
5679,Tm5c-Tnt,1.114019329629388,10.0,0,[],unavailable_same_type,,,,,,,
5680,Tm5c-Tnt,0.7631468781392139,186.0,0,[],unavailable_same_type,,,,,,,
5681,Tm5c-Tnt,1.1752733947560257,8.0,0,[],unavailable_same_type,,,,,,,
5682,Tm5c-Tnt,1.0222325220978257,90.0,0,[],unavailable_same_type,,,,,,,
5683,Tm5c-Tnt,1.5804180397439267,181.0,0,[],unavailable_same_type,,,,,,,
5684,Tm5c-Tnt,1.44932039962231,62.0,0,[],unavailable_same_type,,,,,,,
5685,Tm5c-Tnt,1.4608967649992022,119.0,0,[],unavailable_same_type,,,,,,,
5686,Tm5c-Tnt,-0.4166985084719529,1.0,0,[],unavailable_same_type,,,,,,,
5687,Tm5c-Tnt,1.0278324737125628,35.0,0,[],unavailable_same_type,,,,,,,
5688,Tm5c-Tnt,0.7975152804110147,35.0,0,[],unavailable_same_type,,,,,,,
5689,Tm5c-Tnt,1.183894280464814,78.0,0,[],unavailable_same_type,,,,,,,
5690,Tm5c-Tnt,1.0203653463797082,54.0,0,[],unavailable_same_type,,,,,,,
5691,Tm5c-Tnt,0.7075711577670648,26.0,0,[],unavailable_same_type,,,,,,,
5692,Tm5c-Tnt,0.11421669817391347,14.0,0,[],unavailable_same_type,,,,,,,
5693,Tm5c-Tnt,1.201425301020802,14.0,0,[],unavailable_same_type,,,,,,,
5694,Tm5c-Tnt,0.7869985734991758,50.0,0,[],unavailable_same_type,,,,,,,
5695,Tm5c-Tnt,-0.13315440322435015,14.0,0,[],unavailable_same_type,,,,,,,
5696,Tm5c-Tnt,0.8473342409005137,41.0,0,[],unavailable_same_type,,,,,,,
5697,Tm5c-Tnt,1.077114481549345,8.0,0,[],unavailable_same_type,,,,,,,
5698,Tm5c-Tnt,0.6441773494768096,8.0,0,[],unavailable_same_type,,,,,,,
5699,Tm5c-Tnt,0.11304771136014481,11.0,0,[],unavailable_same_type,,,,,,,
5700,Tm5c-Tnt,0.9407295460866659,3.0,0,[],unavailable_same_type,,,,,,,
5701,Tm5c-Tnt,0.36911214361444344,32.0,0,[],unavailable_same_type,,,,,,,
5702,Tm5c-Tnt,1.2189129435517838,97.0,0,[],unavailable_same_type,,,,,,,
5703,Tm5c-Tnt,0.43373210477629925,39.0,0,[],unavailable_same_type,,,,,,,
5704,Tm5c-Tnt,1.1072097605067885,142.0,0,[],unavailable_same_type,,,,,,,
5705,Tm5c-Tnt,0.3292380795480418,204.0,0,[],unavailable_same_type,,,,,,,
5706,Tm5c-Tnt,0.9676744074404985,32.0,0,[],unavailable_same_type,,,,,,,
5707,Tm5c-Tnt,0.7734598681180349,32.0,0,[],unavailable_same_type,,,,,,,
5708,Tm5c-Tnt,0.5120160363539277,39.0,0,[],unavailable_same_type,,,,,,,
5709,Tm5c-Tnt,0.6885137963496908,18.0,0,[],unavailable_same_type,,,,,,,
5710,Tm5c-Tnt,1.2079656592459338,80.0,0,[],unavailable_same_type,,,,,,,
5711,Tm5c-Tnt,0.681712061125231,26.0,0,[],unavailable_same_type,,,,,,,
5712,Tm5c-Tnt,-0.025988241434702575,2.0,0,[],unavailable_same_type,,,,,,,
5713,Tm5c-Tnt,0.2928681365493962,11.0,0,[],unavailable_same_type,,,,,,,
5714,Tm5c-Tnt,1.1968311088279322,11.0,0,[],unavailable_same_type,,,,,,,
5715,Tm5c-Tnt,0.8567049726926724,32.0,0,[],unavailable_same_type,,,,,,,
5716,Tm5c-Tnt,0.46460712436746193,37.0,0,[],unavailable_same_type,,,,,,,
5717,Tm5c-Tnt,1.483729119037481,83.0,0,[],unavailable_same_type,,,,,,,
5718,Tm5c-Tnt,1.5904749073446436,83.0,0,[],unavailable_same_type,,,,,,,
5719,Tm5c-Tnt,1.0137640315419236,150.0,0,[],unavailable_same_type,,,,,,,
5720,Tm5c-Tnt,1.1321659895263916,2.0,0,[],unavailable_same_type,,,,,,,
5721,Tm5c-Tnt,1.077978497010969,26.0,0,[],unavailable_same_type,,,,,,,
5722,Tm5c-Tnt,1.2668729140139932,28.0,0,[],unavailable_same_type,,,,,,,
5723,Tm5c-Tnt,0.9839546770135886,68.0,0,[],unavailable_same_type,,,,,,,
5724,Tm5c-Tnt,0.6011845281104768,102.0,0,[],unavailable_same_type,,,,,,,
5725,Tm5c-Tnt,-0.10498313821204085,2.0,0,[],unavailable_same_type,,,,,,,
5726,Tm5c-Tnt,1.1616638479653012,26.0,0,[],unavailable_same_type,,,,,,,
5727,Tm5c-Tnt,0.9578610859085254,112.0,0,[],unavailable_same_type,,,,,,,
5728,Tm5c-Tnt,1.0767913706429924,112.0,0,[],unavailable_same_type,,,,,,,
5729,Tm5c-Tnt,0.7312209369286011,50.0,0,[],unavailable_same_type,,,,,,,
5730,Tm5c-Tnt,-0.37620523765902963,21.0,0,[],unavailable_same_type,,,,,,,
5731,Tm5c-Tnt,0.20047470855141145,8.0,0,[],unavailable_same_type,,,,,,,
5732,Tm5c-Tnt,-0.9820817053521783,1.0,0,[],unavailable_same_type,,,,,,,
5733,Tm5c-Tnt,-0.705633833622383,1.0,0,[],unavailable_same_type,,,,,,,
5734,Tm5c-Tnt,0.00027201864028331927,1.0,0,[],unavailable_same_type,,,,,,,
5735,Tm5c-Tnt,-0.07842964073198068,32.0,0,[],unavailable_same_type,,,,,,,
5736,Tm5c-Tnt,0.8297420941949606,186.0,0,[],unavailable_same_type,,,,,,,
5737,Tm5c-Tnt,-0.0902949441520411,22.0,0,[],unavailable_same_type,,,,,,,
5738,Tm5c-Tnt,0.6048848219521652,255.0,0,[],unavailable_same_type,,,,,,,
5739,Tm5c-Tnt,0.7388275034133882,24.0,0,[],unavailable_same_type,,,,,,,
5740,Tm5c-Tnt,1.3804818082443024,10.0,0,[],unavailable_same_type,,,,,,,
5741,Tm5c-Tnt,1.0246857335382336,10.0,0,[],unavailable_same_type,,,,,,,
5742,Tm5c-Tnt,-0.008276190435620006,32.0,0,[],unavailable_same_type,,,,,,,
5743,Tm5c-Tnt,1.2803559696230649,32.0,0,[],unavailable_same_type,,,,,,,
5744,Tm5c-Tnt,-0.1649490617018071,26.0,0,[],unavailable_same_type,,,,,,,
5745,Tm5c-Tnt,-0.458233793085493,132.0,0,[],unavailable_same_type,,,,,,,
5746,Tm5c-Tnt,-0.3349201764463055,132.0,0,[],unavailable_same_type,,,,,,,
5747,Tm5c-Tnt,-0.504709614389766,8.0,0,[],unavailable_same_type,,,,,,,
5748,Tm5c-Tnt,1.177615295184933,43.0,0,[],unavailable_same_type,,,,,,,
5749,Tm5c-Tnt,0.4642778685532117,32.0,0,[],unavailable_same_type,,,,,,,
5750,Tm5c-Tnt,0.02875007057423883,1.0,0,[],unavailable_same_type,,,,,,,
5751,Tm5c-Tnt,0.7445516379504751,28.0,0,[],unavailable_same_type,,,,,,,
5752,Tm5c-Tnt,0.9759721997117125,71.0,0,[],unavailable_same_type,,,,,,,
5753,Tm5c-Tnt,0.96981873650181,2.0,0,[],unavailable_same_type,,,,,,,
5754,Tm5c-Tnt,0.6041126714369286,83.0,0,[],unavailable_same_type,,,,,,,
5755,Tm5c-Tnt,1.0482962481695908,147.0,0,[],unavailable_same_type,,,,,,,
5756,Tm5c-Tnt,1.4897760811257255,41.0,0,[],unavailable_same_type,,,,,,,
5757,Tm5c-Tnt,1.1527331095270816,32.0,0,[],unavailable_same_type,,,,,,,
5758,Tm5c-Tnt,1.3760653802799918,73.0,0,[],unavailable_same_type,,,,,,,
5759,Tm5c-Tnt,1.022860951834685,87.0,0,[],unavailable_same_type,,,,,,,
5760,Tm5c-Tnt,1.3341466350572568,26.0,0,[],unavailable_same_type,,,,,,,
5761,Tm5c-Tnt,1.1595405595426633,26.0,0,[],unavailable_same_type,,,,,,,
5762,Tm5c-Tnt,0.0630566281883408,14.0,0,[],unavailable_same_type,,,,,,,
5763,Tm5c-Tnt,0.642420378061313,14.0,0,[],unavailable_same_type,,,,,,,
5764,Tm5c-Tnt,0.3132281025334674,32.0,0,[],unavailable_same_type,,,,,,,
5765,Tm5c-Tnt,-0.045751566380315266,116.0,0,[],unavailable_same_type,,,,,,,
5766,Tm5c-Tnt,0.19046156888174898,8.0,0,[],unavailable_same_type,,,,,,,
5767,Tm5c-Tnt,1.1251135645494303,10.0,0,[],unavailable_same_type,,,,,,,
5768,Tm5c-Tnt,0.7182502422977309,14.0,0,[],unavailable_same_type,,,,,,,
5769,Tm5c-Tnt,0.8336242924100612,116.0,0,[],unavailable_same_type,,,,,,,
5770,Tm5c-Tnt,-0.7104882936241129,36.0,0,[],unavailable_same_type,,,,,,,
5771,Tm5c-Tnt,0.4214477129249241,9.0,0,[],unavailable_same_type,,,,,,,
5772,Tm5c-Tnt,-0.7607325374157836,36.0,0,[],unavailable_same_type,,,,,,,
5773,Tm5c-Tnt,0.8226471012190892,3.0,0,[],unavailable_same_type,,,,,,,
5774,Tm5c-Tnt,1.311386516526788,147.0,0,[],unavailable_same_type,,,,,,,
5775,Tm5c-Tnt,1.012784257147545,119.0,0,[],unavailable_same_type,,,,,,,
5776,Tm5c-Tnt,0.2794751031324659,3.0,0,[],unavailable_same_type,,,,,,,
5777,Tm5c-Tnt,1.2933291907260718,14.0,0,[],unavailable_same_type,,,,,,,
5778,Tm5c-Tnt,0.8786349836510016,104.0,0,[],unavailable_same_type,,,,,,,
5779,Tm5c-Tnt,-0.14136454016160957,31.0,0,[],unavailable_same_type,,,,,,,
5780,Tm5c-Tnt,1.0753309041754882,80.0,0,[],unavailable_same_type,,,,,,,
5781,Tm5c-Tnt,0.13808905282297804,31.0,0,[],unavailable_same_type,,,,,,,
5782,Tm5c-Tnt,-0.1344380029494859,26.0,0,[],unavailable_same_type,,,,,,,
5783,Tm5c-Tnt,1.0145237113627485,105.0,0,[],unavailable_same_type,,,,,,,
5784,Tm5c-Tnt,0.895655579904313,24.0,0,[],unavailable_same_type,,,,,,,
5785,Tm5c-Tnt,1.1454339832386253,137.0,0,[],unavailable_same_type,,,,,,,
5786,Tm5c-Tnt,1.635704641457362,8.0,0,[],unavailable_same_type,,,,,,,
5787,Tm5c-Tnt,-0.5568646388178841,2.0,0,[],unavailable_same_type,,,,,,,
5788,Tm5c-Tnt,0.8559840225296937,8.0,0,[],unavailable_same_type,,,,,,,
5789,Tm5c-Tnt,0.41138494713116414,10.0,0,[],unavailable_same_type,,,,,,,
5790,Tm5c-Tnt,0.39516023362890573,41.0,0,[],unavailable_same_type,,,,,,,
5791,Tm5c-Tnt,-1.5143231225909106,24.0,0,[],unavailable_same_type,,,,,,,
5792,Tm5c-Tnt,0.26483339447736565,14.0,0,[],unavailable_same_type,,,,,,,
5793,Tm5c-Tnt,0.8383103446238778,41.0,0,[],unavailable_same_type,,,,,,,
5794,Tm5c-Tnt,0.26405841606966013,98.0,0,[],unavailable_same_type,,,,,,,
5795,Tm5c-Tnt,0.5299242438470114,9.0,0,[],unavailable_same_type,,,,,,,
5796,Tm5c-Tnt,0.13876138223412562,70.0,0,[],unavailable_same_type,,,,,,,
5797,Tm5c-Tnt,0.3129843261732265,28.0,0,[],unavailable_same_type,,,,,,,
5798,Tm5c-Tnt,0.8819257773429909,38.0,0,[],unavailable_same_type,,,,,,,
5799,Tm5c-Tnt,0.22775408863431487,1.0,0,[],unavailable_same_type,,,,,,,
5800,Tm5c-Tnt,-1.385326036698926,2.0,0,[],unavailable_same_type,,,,,,,
5801,Tm5c-Tnt,-1.9527827909277602,1.0,0,[],unavailable_same_type,,,,,,,
5802,Tm5c-Tnt,0.894306102414233,18.0,0,[],unavailable_same_type,,,,,,,
5803,Tm5c-Tnt,1.0297975957065202,90.0,0,[],unavailable_same_type,,,,,,,
5804,Tm5c-Tnt,0.8646197404882925,26.0,0,[],unavailable_same_type,,,,,,,
5805,Tm5c-Tnt,-0.18772242433649008,2.0,0,[],unavailable_same_type,,,,,,,
5806,Tm5c-Tnt,-0.41073804832152294,1.0,0,[],unavailable_same_type,,,,,,,
5807,Tm5c-Tnt,0.9561598535326619,88.0,0,[],unavailable_same_type,,,,,,,
5808,Tm5c-Tnt,1.2420783581094528,31.0,0,[],unavailable_same_type,,,,,,,
5809,Tm5c-Tnt,0.9401503000166419,116.0,0,[],unavailable_same_type,,,,,,,
5810,Tm5c-Tnt,-0.8408156352277055,1.0,0,[],unavailable_same_type,,,,,,,
5811,Tm5c-Tnt,-0.41640463550234,14.0,0,[],unavailable_same_type,,,,,,,
5812,Tm5c-Tnt,-0.3787070978081958,8.0,0,[],unavailable_same_type,,,,,,,
5813,Tm5c-Tnt,-0.2009884023548773,14.0,0,[],unavailable_same_type,,,,,,,
5814,Tm5c-Tnt,0.1842766489070564,32.0,0,[],unavailable_same_type,,,,,,,
5815,Tm5c-Tnt,0.8096069680206457,71.0,0,[],unavailable_same_type,,,,,,,
5816,Tm5c-Tnt,1.201996756738397,18.0,0,[],unavailable_same_type,,,,,,,
5817,Tm5c-Tnt,1.393841783975731,8.0,0,[],unavailable_same_type,,,,,,,
5818,Tm5c-Tnt,0.4947435516453802,10.0,0,[],unavailable_same_type,,,,,,,
5819,Tm5c-Tnt,-1.235532520016394,24.0,0,[],unavailable_same_type,,,,,,,
5820,Tm5c-Tnt,0.5749959954914194,114.0,0,[],unavailable_same_type,,,,,,,
5821,Tm5c-Tnt,0.2170223328232907,70.0,0,[],unavailable_same_type,,,,,,,
5822,Tm5c-Tnt,0.29857012010982986,70.0,0,[],unavailable_same_type,,,,,,,
5823,Tm5c-Tnt,-1.124500810239146,1.0,0,[],unavailable_same_type,,,,,,,
5824,Tm5c-Tnt,1.1906660276205578,32.0,0,[],unavailable_same_type,,,,,,,
5825,Tm5c-Tnt,-1.0698745867814332,2.0,0,[],unavailable_same_type,,,,,,,
5826,Tm5c-Tnt,0.7476531046241149,24.0,0,[],unavailable_same_type,,,,,,,
5827,Tm5c-Tnt,-0.29484131722752016,100.0,0,[],unavailable_same_type,,,,,,,
5828,Tm5c-Tnt,0.5533587474003613,1.0,0,[],unavailable_same_type,,,,,,,
5829,Tm5c-Tnt,0.2661599306972301,114.0,0,[],unavailable_same_type,,,,,,,
5830,Tm5c-Tnt,0.8221669296079942,70.0,0,[],unavailable_same_type,,,,,,,
5831,Tm5c-Tnt,-0.11016359571036913,100.0,0,[],unavailable_same_type,,,,,,,
5832,Tm5c-Tnt,-0.27404818230588873,2.0,0,[],unavailable_same_type,,,,,,,
5833,Tm5c-Tnt,0.06038180454039843,78.0,0,[],unavailable_same_type,,,,,,,
5834,Tm5c-Tnt,-0.07865010436067395,78.0,0,[],unavailable_same_type,,,,,,,
5835,Tm5c-Tnt,0.3383598638961106,35.0,0,[],unavailable_same_type,,,,,,,
5836,Tm5c-Tnt,-1.2478192055470159,1.0,0,[],unavailable_same_type,,,,,,,
5837,Tm5c-Tnt,0.3921745557889768,10.0,0,[],unavailable_same_type,,,,,,,
5838,Tm5c-Tnt,0.7727598298690335,10.0,0,[],unavailable_same_type,,,,,,,
5839,Tm5c-Tnt,-0.11595459047836451,69.0,0,[],unavailable_same_type,,,,,,,
5840,Tm5c-Tnt,-0.16779147085545848,2.0,0,[],unavailable_same_type,,,,,,,
5841,Tm5c-Tnt,-1.3347346146860546,2.0,0,[],unavailable_same_type,,,,,,,
5842,Tm5c-Tnt,0.7673106170538115,43.0,0,[],unavailable_same_type,,,,,,,
5843,Tm5c-Tnt,-0.49742033166153987,1.0,0,[],unavailable_same_type,,,,,,,
5844,Tm5c-Tnt,-0.08565944332386981,2.0,0,[],unavailable_same_type,,,,,,,
5845,Tm5c-Tnt,0.285507495085712,3.0,0,[],unavailable_same_type,,,,,,,
5846,Tm5c-Tnt,-0.21776176938496047,23.0,0,[],unavailable_same_type,,,,,,,
5847,Tm5c-Tnt,-0.014367875992872014,35.0,0,[],unavailable_same_type,,,,,,,
5848,Tm5c-Tnt,-0.6640561059379623,8.0,0,[],unavailable_same_type,,,,,,,
5849,Tm5c-Tnt,0.8832091166400241,70.0,0,[],unavailable_same_type,,,,,,,
5850,Tm5c-Tnt,-2.263213952155997,8.0,0,[],unavailable_same_type,,,,,,,
5851,Tm5c-Tnt,-0.35032171797692147,8.0,0,[],unavailable_same_type,,,,,,,
5852,Tm5c-Tnt,-0.5378496563809781,24.0,0,[],unavailable_same_type,,,,,,,
5853,Tm5c-Tnt,-0.526784581515176,18.0,0,[],unavailable_same_type,,,,,,,
5854,Tm5c-Tnt,-1.2092257368245924,14.0,0,[],unavailable_same_type,,,,,,,
5855,Tm5c-Tnt,-0.3117381557733302,36.0,0,[],unavailable_same_type,,,,,,,
5856,Tm5c-Tnt,-0.2677168108925513,32.0,0,[],unavailable_same_type,,,,,,,
5857,Tm5c-Tnt,0.14952424391343191,32.0,0,[],unavailable_same_type,,,,,,,
5858,Tm5c-Tnt,-0.5331427883617534,32.0,0,[],unavailable_same_type,,,,,,,
5859,Tm5c-Tnt,-0.06972019551823484,14.0,0,[],unavailable_same_type,,,,,,,
5860,Tm5c-Tnt,0.5702154998251376,87.0,0,[],unavailable_same_type,,,,,,,
5861,Tm5c-Tnt,-0.007657704582816223,29.0,0,[],unavailable_same_type,,,,,,,
5862,Tm5c-Tnt,0.05581701567347038,26.0,0,[],unavailable_same_type,,,,,,,
5863,Tm5c-Tnt,0.8293285842558417,41.0,0,[],unavailable_same_type,,,,,,,
5864,Tm5c-Tnt,0.49950515213239577,87.0,0,[],unavailable_same_type,,,,,,,
5865,Tm5c-Tnt,0.3272876431093769,11.0,0,[],unavailable_same_type,,,,,,,
5866,Tm5c-Tnt,-0.05163692044279957,32.0,0,[],unavailable_same_type,,,,,,,
5867,Tm5c-Tnt,-0.48307580177838794,32.0,0,[],unavailable_same_type,,,,,,,
5868,Tm5c-Tnt,-0.03759700430161777,11.0,0,[],unavailable_same_type,,,,,,,
5869,Tm5c-Tnt,0.0840422439532349,36.0,0,[],unavailable_same_type,,,,,,,
5870,Tm5c-Tnt,-0.04118006877350396,35.0,0,[],unavailable_same_type,,,,,,,
5871,Tm5c-Tnt,0.6047144469801236,14.0,0,[],unavailable_same_type,,,,,,,
5872,Tm5c-Tnt,-0.16380429787042838,32.0,0,[],unavailable_same_type,,,,,,,
5873,Tm5c-Tnt,-0.41889179140544763,1.0,0,[],unavailable_same_type,,,,,,,
5874,Tm5c-Tnt,-0.5798800773591949,2.0,0,[],unavailable_same_type,,,,,,,
5875,Tm5c-Tnt,0.5042743549716816,84.0,0,[],unavailable_same_type,,,,,,,
5876,Tm5c-Tnt,-0.5951480966126313,10.0,0,[],unavailable_same_type,,,,,,,
5877,Tm5c-Tnt,0.09927827968397515,69.0,0,[],unavailable_same_type,,,,,,,
5878,Tm5c-Tnt,-0.08768537236510099,52.0,0,[],unavailable_same_type,,,,,,,
5879,Tm5c-Tnt,0.658435160995812,1.0,0,[],unavailable_same_type,,,,,,,
5880,Tm5c-Tnt,-0.7217931120735509,24.0,0,[],unavailable_same_type,,,,,,,
5881,Tm5c-Tnt,0.21075984022303487,43.0,0,[],unavailable_same_type,,,,,,,
5882,Tm5c-Tnt,0.2583915183960656,49.0,0,[],unavailable_same_type,,,,,,,
5883,Tm5c-Tnt,-0.2615316183101092,59.0,0,[],unavailable_same_type,,,,,,,
5884,Tm5c-Tnt,0.22556491430041997,56.0,0,[],unavailable_same_type,,,,,,,
5885,Tm5c-Tnt,0.5288625232359976,115.0,0,[],unavailable_same_type,,,,,,,
5886,Tm5c-Tnt,0.7393965000445414,41.0,0,[],unavailable_same_type,,,,,,,
5887,Tm5c-Tnt,0.7860228436295159,43.0,0,[],unavailable_same_type,,,,,,,
5888,Tm5c-Tnt,0.030687140864749614,1.0,0,[],unavailable_same_type,,,,,,,
5889,Tm5c-Tnt,0.41828037325995515,34.0,0,[],unavailable_same_type,,,,,,,
5890,Tm5c-Tnt,0.01909799584097576,1.0,0,[],unavailable_same_type,,,,,,,
5891,Tm5c-Tnt,0.533756345039301,39.0,0,[],unavailable_same_type,,,,,,,
5892,Tm5c-Tnt,-0.032092804653873354,53.0,0,[],unavailable_same_type,,,,,,,
5893,Tm5c-Tnt,0.43150201715044734,159.0,0,[],unavailable_same_type,,,,,,,
5894,Tm5c-Tnt,-1.0496283296517326,10.0,0,[],unavailable_same_type,,,,,,,
5895,Tm5c-Tnt,0.038698961959941436,116.0,0,[],unavailable_same_type,,,,,,,
5896,Tm5c-Tnt,0.18108350925598463,78.0,0,[],unavailable_same_type,,,,,,,
5897,Tm5c-Tnt,0.041082336951774955,1.0,0,[],unavailable_same_type,,,,,,,
5898,Tm5c-Tnt,0.14887794216738656,101.0,0,[],unavailable_same_type,,,,,,,
5899,Tm5c-Tnt,0.3320618750822972,67.0,0,[],unavailable_same_type,,,,,,,
5900,Tm5c-Tnt,-0.3306651316780984,14.0,0,[],unavailable_same_type,,,,,,,
5901,Tm5c-Tnt,0.16610688497284745,110.0,0,[],unavailable_same_type,,,,,,,
5902,Tm5c-Tnt,-0.692735753078004,14.0,0,[],unavailable_same_type,,,,,,,
5903,Tm5c-Tnt,-0.7562777913510106,24.0,0,[],unavailable_same_type,,,,,,,
5904,Tm5c-Tnt,0.09757748747303809,110.0,0,[],unavailable_same_type,,,,,,,
5905,Tm5c-Tnt,0.27131434038772373,8.0,0,[],unavailable_same_type,,,,,,,
5906,Tm5c-Tnt,1.8154053208295582,1.0,0,[],unavailable_same_type,,,,,,,
5907,Tm5c-Tnt,-0.04895711078708329,180.0,0,[],unavailable_same_type,,,,,,,
5908,Tm5c-Tnt,-0.8667873852803284,24.0,0,[],unavailable_same_type,,,,,,,
5909,Tm5c-Tnt,-1.2664573282387768,8.0,0,[],unavailable_same_type,,,,,,,
5910,Tm20-Tnt,0.36063550143426815,4.0,0,[],unavailable_same_type,,,,,,,
5911,Tm20-Tnt,1.4484643695428647,30.0,0,[],unavailable_same_type,,,,,,,
5912,Tm20-Tnt,-0.10077437544347619,1.0,0,[],unavailable_same_type,,,,,,,
5913,Tm20-Tnt,0.24084568158151284,5.0,0,[],unavailable_same_type,,,,,,,
5914,Tm20-Tnt,0.22474507871683239,2.0,0,[],unavailable_same_type,,,,,,,
5915,Tm20-Tnt,0.5489895850917234,22.0,0,[],unavailable_same_type,,,,,,,
5916,Tm20-Tnt,-0.17792905271436146,10.0,0,[],unavailable_same_type,,,,,,,
5917,Tm20-Tnt,1.255788836296544,39.0,0,[],unavailable_same_type,,,,,,,
5918,Tm20-Tnt,0.8715030050360776,19.0,0,[],unavailable_same_type,,,,,,,
5919,Tm20-Tnt,1.41501400150598,2.0,0,[],unavailable_same_type,,,,,,,
5920,Tm20-Tnt,0.7261862282854913,14.0,0,[],unavailable_same_type,,,,,,,
5921,Tm20-Tnt,1.943529554351025,2.0,0,[],unavailable_same_type,,,,,,,
5922,Tm20-Tnt,1.3468835952386156,1.0,0,[],unavailable_same_type,,,,,,,
5923,Tm20-Tnt,-0.721992321522418,12.0,0,[],unavailable_same_type,,,,,,,
5924,Tm20-Tnt,0.8503825574934358,31.0,0,[],unavailable_same_type,,,,,,,
5925,Tm20-Tnt,1.0508091074700452,25.0,0,[],unavailable_same_type,,,,,,,
5926,Tm20-Tnt,0.581332000394603,17.0,0,[],unavailable_same_type,,,,,,,
5927,Tm20-Tnt,0.2904837071003178,42.0,0,[],unavailable_same_type,,,,,,,
5928,Tm20-Tnt,1.2400677661235615,26.0,0,[],unavailable_same_type,,,,,,,
5929,Tm20-Tnt,1.1631052531912243,1.0,0,[],unavailable_same_type,,,,,,,
5930,Tm20-Tnt,0.7871964810303081,7.0,0,[],unavailable_same_type,,,,,,,
5931,Tm20-Tnt,0.8585525940174268,13.0,0,[],unavailable_same_type,,,,,,,
5932,Tm20-Tnt,-0.11931627814935257,1.0,0,[],unavailable_same_type,,,,,,,
5933,Tm20-Tnt,1.501022270226007,1.0,0,[],unavailable_same_type,,,,,,,
5934,Tm20-Tnt,1.0227778220253516,4.0,0,[],unavailable_same_type,,,,,,,
5935,Tm20-Tnt,0.4702298759587813,6.0,0,[],unavailable_same_type,,,,,,,
5936,Tm20-Tnt,0.7975627937422257,4.0,0,[],unavailable_same_type,,,,,,,
5937,Tm20-Tnt,1.4120019869080225,14.0,0,[],unavailable_same_type,,,,,,,
5938,Tm20-Tnt,0.20626649661529012,2.0,0,[],unavailable_same_type,,,,,,,
5939,Tm20-Tnt,0.6346689940196618,22.0,0,[],unavailable_same_type,,,,,,,
5940,Tm20-Tnt,0.31460583345799575,32.0,0,[],unavailable_same_type,,,,,,,
5941,Tm20-Tnt,-0.12858319618995875,7.0,0,[],unavailable_same_type,,,,,,,
5942,Tm20-Tnt,-0.07999824165682254,22.0,0,[],unavailable_same_type,,,,,,,
5943,Tm20-Tnt,0.5394772880275317,2.0,0,[],unavailable_same_type,,,,,,,
5944,Tm20-Tnt,0.3362728821354927,1.0,0,[],unavailable_same_type,,,,,,,
5945,Tm20-Tnt,0.7154764483618482,5.0,0,[],unavailable_same_type,,,,,,,
5946,Tm20-Tnt,1.2740041362962704,2.0,0,[],unavailable_same_type,,,,,,,
5947,Tm20-Tnt,1.3572530962601344,3.0,0,[],unavailable_same_type,,,,,,,
5948,Tm20-Tnt,1.042960276882649,7.0,0,[],unavailable_same_type,,,,,,,
5949,Tm20-Tnt,0.5408439625882328,13.0,0,[],unavailable_same_type,,,,,,,
5950,Tm20-Tnt,1.0052272439283476,14.0,0,[],unavailable_same_type,,,,,,,
5951,Tm20-Tnt,0.6125963237780129,23.0,0,[],unavailable_same_type,,,,,,,
5952,Tm20-Tnt,0.6992533789658163,6.0,0,[],unavailable_same_type,,,,,,,
5953,Tm20-Tnt,1.8881129174601055,7.0,0,[],unavailable_same_type,,,,,,,
5954,Tm20-Tnt,0.2596756828217303,7.0,0,[],unavailable_same_type,,,,,,,
5955,Tm20-Tnt,0.27627494076037284,7.0,0,[],unavailable_same_type,,,,,,,
5956,Tm20-Tnt,1.069430224287208,37.0,0,[],unavailable_same_type,,,,,,,
5957,Tm20-Tnt,0.48932704075193056,3.0,0,[],unavailable_same_type,,,,,,,
5958,Tm20-Tnt,1.3875845210644686,44.0,0,[],unavailable_same_type,,,,,,,
5959,Tm20-Tnt,0.9791091403099987,1.0,0,[],unavailable_same_type,,,,,,,
5960,Tm20-Tnt,0.6505017617866983,56.0,0,[],unavailable_same_type,,,,,,,
5961,Tm20-Tnt,-0.14527927626431822,56.0,0,[],unavailable_same_type,,,,,,,
5962,Tm20-Tnt,1.9498256696133176,2.0,0,[],unavailable_same_type,,,,,,,
5963,Tm20-Tnt,1.2248071798079618,25.0,0,[],unavailable_same_type,,,,,,,
5964,Tm20-Tnt,1.235932466620349,27.0,0,[],unavailable_same_type,,,,,,,
5965,Tm20-Tnt,0.27991881198923785,4.0,0,[],unavailable_same_type,,,,,,,
5966,Tm20-Tnt,1.5432904750436247,30.0,0,[],unavailable_same_type,,,,,,,
5967,Tm20-Tnt,0.5762481280374596,24.0,0,[],unavailable_same_type,,,,,,,
5968,Tm20-Tnt,1.0042338737306253,2.0,0,[],unavailable_same_type,,,,,,,
5969,Tm20-Tnt,0.055211301886348416,4.0,0,[],unavailable_same_type,,,,,,,
5970,Tm20-Tnt,-0.4820112575950456,6.0,0,[],unavailable_same_type,,,,,,,
5971,Tm20-Tnt,0.7486759665599132,22.0,0,[],unavailable_same_type,,,,,,,
5972,Tm20-Tnt,1.2459652237185341,5.0,0,[],unavailable_same_type,,,,,,,
5973,Tm20-Tnt,0.34052982635422546,13.0,0,[],unavailable_same_type,,,,,,,
5974,Tm20-Tnt,0.05721393068996898,10.0,0,[],unavailable_same_type,,,,,,,
5975,Tm20-Tnt,0.9653510623736306,3.0,0,[],unavailable_same_type,,,,,,,
5976,Tm20-Tnt,1.2744360740273726,12.0,0,[],unavailable_same_type,,,,,,,
5977,Tm20-Tnt,1.2169369564352093,12.0,0,[],unavailable_same_type,,,,,,,
5978,Tm20-Tnt,1.7947010322753052,1.0,0,[],unavailable_same_type,,,,,,,
5979,Tm20-Tnt,1.2558938948221798,30.0,0,[],unavailable_same_type,,,,,,,
5980,Tm20-Tnt,1.1359873449260083,39.0,0,[],unavailable_same_type,,,,,,,
5981,Tm20-Tnt,0.031705375124714566,19.0,0,[],unavailable_same_type,,,,,,,
5982,Tm20-Tnt,0.6103256618523257,21.0,0,[],unavailable_same_type,,,,,,,
5983,Tm20-Tnt,0.8640334227122699,22.0,0,[],unavailable_same_type,,,,,,,
5984,Tm20-Tnt,0.7890044029468238,10.0,0,[],unavailable_same_type,,,,,,,
5985,Tm20-Tnt,0.44080354964778856,19.0,0,[],unavailable_same_type,,,,,,,
5986,Tm20-Tnt,0.46236195815986963,11.0,0,[],unavailable_same_type,,,,,,,
5987,Tm20-Tnt,0.7948905999920329,58.0,0,[],unavailable_same_type,,,,,,,
5988,Tm20-Tnt,2.5938238043572315,2.0,0,[],unavailable_same_type,,,,,,,
5989,Tm20-Tnt,0.7791599732802227,2.0,0,[],unavailable_same_type,,,,,,,
5990,Tm20-Tnt,0.23968702487613575,4.0,0,[],unavailable_same_type,,,,,,,
5991,Tm20-Tnt,0.7971824493708681,14.0,0,[],unavailable_same_type,,,,,,,
5992,Tm20-Tnt,0.07037562674174239,13.0,0,[],unavailable_same_type,,,,,,,
5993,Tm20-Tnt,0.5978229748319575,88.0,0,[],unavailable_same_type,,,,,,,
5994,Tm20-Tnt,0.7940120601057473,88.0,0,[],unavailable_same_type,,,,,,,
5995,Tm20-Tnt,0.6921574773751945,31.0,0,[],unavailable_same_type,,,,,,,
5996,Tm20-Tnt,0.9109024901182091,25.0,0,[],unavailable_same_type,,,,,,,
5997,Tm20-Tnt,0.4393212316026539,59.0,0,[],unavailable_same_type,,,,,,,
5998,Tm20-Tnt,1.2137774087970323,1.0,0,[],unavailable_same_type,,,,,,,
5999,Tm20-Tnt,0.792232451537675,1.0,0,[],unavailable_same_type,,,,,,,
6000,Tm20-Tnt,1.2520070306063256,26.0,0,[],unavailable_same_type,,,,,,,
6001,Tm20-Tnt,0.5505241375240375,6.0,0,[],unavailable_same_type,,,,,,,
6002,Tm20-Tnt,0.27435463654849246,46.0,0,[],unavailable_same_type,,,,,,,
6003,Tm20-Tnt,-0.03162271456024896,23.0,0,[],unavailable_same_type,,,,,,,
6004,Tm20-Tnt,0.6968491865499686,23.0,0,[],unavailable_same_type,,,,,,,
6005,Tm20-Tnt,1.4565919466736685,22.0,0,[],unavailable_same_type,,,,,,,
6006,Tm20-Tnt,0.17605342604907162,14.0,0,[],unavailable_same_type,,,,,,,
6007,Tm20-Tnt,1.2751638510164611,3.0,0,[],unavailable_same_type,,,,,,,
6008,Tm20-Tnt,0.7370825118565404,4.0,0,[],unavailable_same_type,,,,,,,
6009,Tm20-Tnt,0.8711632858001456,37.0,0,[],unavailable_same_type,,,,,,,
6010,Tm20-Tnt,0.7459153774202759,6.0,0,[],unavailable_same_type,,,,,,,
6011,Tm20-Tnt,0.5524214006689945,108.0,0,[],unavailable_same_type,,,,,,,
6012,Tm20-Tnt,-0.1055990188944724,4.0,0,[],unavailable_same_type,,,,,,,
6013,Tm20-Tnt,0.1670872646535537,4.0,0,[],unavailable_same_type,,,,,,,
6014,Tm20-Tnt,0.0666600214125221,4.0,0,[],unavailable_same_type,,,,,,,
6015,Tm20-Tnt,0.6789626199018038,6.0,0,[],unavailable_same_type,,,,,,,
6016,Tm20-Tnt,1.1701960084176835,6.0,0,[],unavailable_same_type,,,,,,,
6017,Tm20-Tnt,1.4138427801291138,3.0,0,[],unavailable_same_type,,,,,,,
6018,Tm20-Tnt,-0.5515499331095303,2.0,0,[],unavailable_same_type,,,,,,,
6019,Tm20-Tnt,-0.1742133962382473,4.0,0,[],unavailable_same_type,,,,,,,
6020,Tm20-Tnt,-0.1567094591349922,1.0,0,[],unavailable_same_type,,,,,,,
6021,Tm20-Tnt,0.9423912896191731,12.0,0,[],unavailable_same_type,,,,,,,
6022,Tm20-Tnt,0.8453767356988446,12.0,0,[],unavailable_same_type,,,,,,,
6023,Tm20-Tnt,1.3327603605320968,30.0,0,[],unavailable_same_type,,,,,,,
6024,Tm20-Tnt,-0.07889201084224577,50.0,0,[],unavailable_same_type,,,,,,,
6025,Tm20-Tnt,-0.027377501970171574,50.0,0,[],unavailable_same_type,,,,,,,
6026,Tm20-Tnt,1.5135105642954323,14.0,0,[],unavailable_same_type,,,,,,,
6027,Tm20-Tnt,-0.8050388383229752,1.0,0,[],unavailable_same_type,,,,,,,
6028,Tm20-Tnt,-0.25596562291037595,2.0,0,[],unavailable_same_type,,,,,,,
6029,Tm20-Tnt,-0.6198214271026339,12.0,0,[],unavailable_same_type,,,,,,,
6030,Tm20-Tnt,0.5649216381792806,16.0,0,[],unavailable_same_type,,,,,,,
6031,Tm20-Tnt,0.370120374282694,8.0,0,[],unavailable_same_type,,,,,,,
6032,Tm20-Tnt,0.6374190300574555,23.0,0,[],unavailable_same_type,,,,,,,
6033,Tm20-Tnt,1.5526665381230684,11.0,0,[],unavailable_same_type,,,,,,,
6034,Tm20-Tnt,1.3731077135381937,10.0,0,[],unavailable_same_type,,,,,,,
6035,Tm20-Tnt,0.4390072701507245,23.0,0,[],unavailable_same_type,,,,,,,
6036,Tm20-Tnt,0.8642944623280486,2.0,0,[],unavailable_same_type,,,,,,,
6037,Tm20-Tnt,-0.06405114900177127,2.0,0,[],unavailable_same_type,,,,,,,
6038,Tm20-Tnt,1.4617312080311469,3.0,0,[],unavailable_same_type,,,,,,,
6039,Tm20-Tnt,0.9154217023645314,44.0,0,[],unavailable_same_type,,,,,,,
6040,Tm20-Tnt,0.12299220256296725,3.0,0,[],unavailable_same_type,,,,,,,
6041,Tm20-Tnt,0.28953484828749915,3.0,0,[],unavailable_same_type,,,,,,,
6042,Tm20-Tnt,0.7472537425227148,22.0,0,[],unavailable_same_type,,,,,,,
6043,Tm20-Tnt,0.9476551967361969,7.0,0,[],unavailable_same_type,,,,,,,
6044,Tm20-Tnt,0.9830983434147162,7.0,0,[],unavailable_same_type,,,,,,,
6045,Tm20-Tnt,0.7614716137654902,4.0,0,[],unavailable_same_type,,,,,,,
6046,Tm20-Tnt,0.7295058101343374,7.0,0,[],unavailable_same_type,,,,,,,
6047,Tm20-Tnt,0.7768903097427475,15.0,0,[],unavailable_same_type,,,,,,,
6048,Tm20-Tnt,0.33387469635723427,3.0,0,[],unavailable_same_type,,,,,,,
6049,Tm20-Tnt,3.716722089191643,4.0,0,[],unavailable_same_type,,,,,,,
6050,Tm20-Tnt,0.6942549674625684,4.0,0,[],unavailable_same_type,,,,,,,
6051,Tm20-Tnt,0.3712147891651391,6.0,0,[],unavailable_same_type,,,,,,,
6052,Tm20-Tnt,0.1340493023995014,63.0,0,[],unavailable_same_type,,,,,,,
6053,Tm20-Tnt,-0.036848763114794,1.0,0,[],unavailable_same_type,,,,,,,
6054,Tm20-Tnt,1.355135391844658,4.0,0,[],unavailable_same_type,,,,,,,
6055,Tm20-Tnt,0.6004179466281225,6.0,0,[],unavailable_same_type,,,,,,,
6056,Tm20-Tnt,1.346620521227175,4.0,0,[],unavailable_same_type,,,,,,,
6057,Tm20-Tnt,0.5327656923214426,1.0,0,[],unavailable_same_type,,,,,,,
6058,Tm20-Tnt,1.4794692072493452,52.0,0,[],unavailable_same_type,,,,,,,
6059,Tm20-Tnt,0.17320413759062273,30.0,0,[],unavailable_same_type,,,,,,,
6060,Tm20-Tnt,0.215349092117477,30.0,0,[],unavailable_same_type,,,,,,,
6061,Tm20-Tnt,1.1414262840544318,2.0,0,[],unavailable_same_type,,,,,,,
6062,Tm20-Tnt,1.083921231095685,23.0,0,[],unavailable_same_type,,,,,,,
6063,Tm20-Tnt,0.915021867438295,40.0,0,[],unavailable_same_type,,,,,,,
6064,Tm20-Tnt,0.9631889194994769,47.0,0,[],unavailable_same_type,,,,,,,
6065,Tm20-Tnt,0.5036508242876404,11.0,0,[],unavailable_same_type,,,,,,,
6066,Tm20-Tnt,0.7806842331159459,40.0,0,[],unavailable_same_type,,,,,,,
6067,Tm20-Tnt,0.9324079167292971,7.0,0,[],unavailable_same_type,,,,,,,
6068,Tm20-Tnt,1.1251107784781424,14.0,0,[],unavailable_same_type,,,,,,,
6069,Tm20-Tnt,0.4236236967707086,61.0,0,[],unavailable_same_type,,,,,,,
6070,Tm20-Tnt,0.09358600701175623,1.0,0,[],unavailable_same_type,,,,,,,
6071,Tm20-Tnt,0.25590760526026024,6.0,0,[],unavailable_same_type,,,,,,,
6072,Tm20-Tnt,0.18249356283425341,35.0,0,[],unavailable_same_type,,,,,,,
6073,Tm20-Tnt,0.7393374028077851,58.0,0,[],unavailable_same_type,,,,,,,
6074,Tm20-Tnt,0.22786563389748776,35.0,0,[],unavailable_same_type,,,,,,,
6075,Tm20-Tnt,0.919206647517467,50.0,0,[],unavailable_same_type,,,,,,,
6076,Tm20-Tnt,1.170733779423454,11.0,0,[],unavailable_same_type,,,,,,,
6077,Tm20-Tnt,1.0576814589039758,61.0,0,[],unavailable_same_type,,,,,,,
6078,Tm20-Tnt,0.2950012214848919,8.0,0,[],unavailable_same_type,,,,,,,
6079,Tm20-Tnt,1.240418489936438,10.0,0,[],unavailable_same_type,,,,,,,
6080,Tm20-Tnt,0.1571223408851943,1.0,0,[],unavailable_same_type,,,,,,,
6081,Tm20-Tnt,0.7290413108171251,38.0,0,[],unavailable_same_type,,,,,,,
6082,Tm20-Tnt,0.5162314197343736,4.0,0,[],unavailable_same_type,,,,,,,
6083,Tm20-Tnt,0.2533316942632104,15.0,0,[],unavailable_same_type,,,,,,,
6084,Tm20-Tnt,0.6364556665200236,15.0,0,[],unavailable_same_type,,,,,,,
6085,Tm20-Tnt,1.3365354845735629,23.0,0,[],unavailable_same_type,,,,,,,
6086,Tm20-Tnt,0.7680627654467002,38.0,0,[],unavailable_same_type,,,,,,,
6087,Tm20-Tnt,0.6381699117724906,18.0,0,[],unavailable_same_type,,,,,,,
6088,Tm20-Tnt,0.6384868183842368,20.0,0,[],unavailable_same_type,,,,,,,
6089,Tm20-Tnt,-0.5678766314510421,1.0,0,[],unavailable_same_type,,,,,,,
6090,Tm20-Tnt,0.7135238560549729,30.0,0,[],unavailable_same_type,,,,,,,
6091,Tm20-Tnt,0.6910477089649858,8.0,0,[],unavailable_same_type,,,,,,,
6092,Tm20-Tnt,0.012469849655080726,3.0,0,[],unavailable_same_type,,,,,,,
6093,Tm20-Tnt,0.4827127133530122,11.0,0,[],unavailable_same_type,,,,,,,
6094,Tm20-Tnt,0.6954038135088325,44.0,0,[],unavailable_same_type,,,,,,,
6095,Tm20-Tnt,-1.3576981231910075,1.0,0,[],unavailable_same_type,,,,,,,
6096,Tm20-Tnt,-0.5272717400333232,2.0,0,[],unavailable_same_type,,,,,,,
6097,Tm20-Tnt,0.47636002944666994,21.0,0,[],unavailable_same_type,,,,,,,
6098,Tm20-Tnt,-0.21421384200746266,13.0,0,[],unavailable_same_type,,,,,,,
6099,Tm20-Tnt,-0.1378655327527254,2.0,0,[],unavailable_same_type,,,,,,,
6100,Tm20-Tnt,-1.014314313059154,1.0,0,[],unavailable_same_type,,,,,,,
6101,Tm20-Tnt,0.7329622879843601,10.0,0,[],unavailable_same_type,,,,,,,
6102,Tm20-Tnt,1.4786687629429494,52.0,0,[],unavailable_same_type,,,,,,,
6103,Tm20-Tnt,0.4976540222376193,4.0,0,[],unavailable_same_type,,,,,,,
6104,Tm20-Tnt,0.23796182619136366,1.0,0,[],unavailable_same_type,,,,,,,
6105,Tm20-Tnt,0.41320650432911255,5.0,0,[],unavailable_same_type,,,,,,,
6106,Tm20-Tnt,0.6845891367694131,3.0,0,[],unavailable_same_type,,,,,,,
6107,Tm20-Tnt,0.4030354951739806,2.0,0,[],unavailable_same_type,,,,,,,
6108,Tm20-Tnt,0.31482971830811124,7.0,0,[],unavailable_same_type,,,,,,,
6109,Tm20-Tnt,1.1261832223610846,21.0,0,[],unavailable_same_type,,,,,,,
6110,Tm20-Tnt,0.8270874481713228,11.0,0,[],unavailable_same_type,,,,,,,
6111,Tm20-Tnt,-0.0782788127867521,4.0,0,[],unavailable_same_type,,,,,,,
6112,Tm20-Tnt,0.05144817811517717,3.0,0,[],unavailable_same_type,,,,,,,
6113,Tm20-Tnt,0.035283502872584395,19.0,0,[],unavailable_same_type,,,,,,,
6114,Tm20-Tnt,0.21209936434818213,23.0,0,[],unavailable_same_type,,,,,,,
6115,Tm20-Tnt,0.2544998070045547,52.0,0,[],unavailable_same_type,,,,,,,
6116,Tm20-Tnt,0.2481404771953799,52.0,0,[],unavailable_same_type,,,,,,,
6117,Tm20-Tnt,-0.34383576114617576,1.0,0,[],unavailable_same_type,,,,,,,
6118,Tm20-Tnt,0.3865620030204796,8.0,0,[],unavailable_same_type,,,,,,,
6119,Tm20-Tnt,0.1989051676090296,4.0,0,[],unavailable_same_type,,,,,,,
6120,Tm20-Tnt,0.2554864084080933,53.0,0,[],unavailable_same_type,,,,,,,
6121,Tm20-Tnt,1.188448798272851,4.0,0,[],unavailable_same_type,,,,,,,
6122,Tm20-Tnt,-0.062155743256987354,12.0,0,[],unavailable_same_type,,,,,,,
6123,Tm20-Tnt,1.2220494922240774,12.0,0,[],unavailable_same_type,,,,,,,
6124,Tm20-Tnt,0.09686307870653732,23.0,0,[],unavailable_same_type,,,,,,,
6125,Tm20-Tnt,1.042460910323564,59.0,0,[],unavailable_same_type,,,,,,,
6126,Tm20-Tnt,0.05971065288436546,2.0,0,[],unavailable_same_type,,,,,,,
6127,Tm20-Tnt,1.3232324818591208,1.0,0,[],unavailable_same_type,,,,,,,
6128,Tm20-Tnt,0.5612740528253356,11.0,0,[],unavailable_same_type,,,,,,,
6129,Tm20-Tnt,0.012462563120196725,30.0,0,[],unavailable_same_type,,,,,,,
6130,Tm20-Tnt,0.3227714737727116,23.0,0,[],unavailable_same_type,,,,,,,
6131,Tm20-Tnt,0.7383785559580254,12.0,0,[],unavailable_same_type,,,,,,,
6132,Tm20-Tnt,1.3112061624730733,4.0,0,[],unavailable_same_type,,,,,,,
6133,Tm20-Tnt,0.28504345295067907,2.0,0,[],unavailable_same_type,,,,,,,
6134,Tm20-Tnt,1.2125335797783927,4.0,0,[],unavailable_same_type,,,,,,,
6135,Tm20-Tnt,1.1333488911890153,1.0,0,[],unavailable_same_type,,,,,,,
6136,Tm20-Tnt,-0.035340239125155756,1.0,0,[],unavailable_same_type,,,,,,,
6137,Tm20-Tnt,-0.18169770823029033,1.0,0,[],unavailable_same_type,,,,,,,
6138,Tm20-Tnt,-0.5745263358096289,1.0,0,[],unavailable_same_type,,,,,,,
6139,Tm20-Tnt,-0.3850368476609559,2.0,0,[],unavailable_same_type,,,,,,,
6140,Tm20-Tnt,0.3252130282948766,46.0,0,[],unavailable_same_type,,,,,,,
6141,Tm20-Tnt,1.772716580143025,4.0,0,[],unavailable_same_type,,,,,,,
6142,Tm20-Tnt,0.39197985041584993,2.0,0,[],unavailable_same_type,,,,,,,
6143,Tm20-Tnt,0.33692024697503736,12.0,0,[],unavailable_same_type,,,,,,,
6144,Tm20-Tnt,0.2652637031843016,24.0,0,[],unavailable_same_type,,,,,,,
6145,Tm20-Tnt,0.4908107892516313,13.0,0,[],unavailable_same_type,,,,,,,
6146,Tm20-Tnt,0.5202480970389316,23.0,0,[],unavailable_same_type,,,,,,,
6147,Tm20-Tnt,0.006788824634888335,8.0,0,[],unavailable_same_type,,,,,,,
6148,Tm20-Tnt,1.048693616744656,59.0,0,[],unavailable_same_type,,,,,,,
6149,Tm20-Tnt,0.5268869653443529,8.0,0,[],unavailable_same_type,,,,,,,
6150,Tm20-Tnt,-0.6155612477868624,1.0,0,[],unavailable_same_type,,,,,,,
6151,Tm20-Tnt,0.09102810803510565,14.0,0,[],unavailable_same_type,,,,,,,
6152,Tm20-Tnt,0.950080289843469,11.0,0,[],unavailable_same_type,,,,,,,
6153,Tm20-Tnt,0.26187070668377127,1.0,0,[],unavailable_same_type,,,,,,,
6154,Tm20-Tnt,-0.27156089900639857,13.0,0,[],unavailable_same_type,,,,,,,
6155,Tm20-Tnt,0.007854588156662892,3.0,0,[],unavailable_same_type,,,,,,,
6156,Tm20-Tnt,0.09936000968252277,2.0,0,[],unavailable_same_type,,,,,,,
6157,Tm20-Tnt,0.2806411407478838,28.0,0,[],unavailable_same_type,,,,,,,
6158,Tm20-Tnt,0.306430289778522,8.0,0,[],unavailable_same_type,,,,,,,
6159,Tm20-Tnt,0.24240184611586385,36.0,0,[],unavailable_same_type,,,,,,,
6160,Tm20-Tnt,0.7057387569049467,3.0,0,[],unavailable_same_type,,,,,,,
6161,Tm20-Tnt,-1.2195375079135498,2.0,0,[],unavailable_same_type,,,,,,,
6162,Tm20-Tnt,-0.736321287463704,4.0,0,[],unavailable_same_type,,,,,,,
6163,Tm20-Tnt,-0.23395217221769699,4.0,0,[],unavailable_same_type,,,,,,,
6164,Tm20-Tnt,0.6740721792573926,11.0,0,[],unavailable_same_type,,,,,,,
6165,Tm20-Tnt,0.19805995746075358,49.0,0,[],unavailable_same_type,,,,,,,
6166,Tm20-Tnt,0.7917702491446318,3.0,0,[],unavailable_same_type,,,,,,,
6167,Tm20-Tnt,0.5261578361721135,11.0,0,[],unavailable_same_type,,,,,,,
6168,Tm20-Tnt,0.6493030724230465,15.0,0,[],unavailable_same_type,,,,,,,
6169,Tm20-Tnt,0.5209486326129991,25.0,0,[],unavailable_same_type,,,,,,,
6170,Tm20-Tnt,-0.5404109870073441,2.0,0,[],unavailable_same_type,,,,,,,
6171,Tm20-Tnt,0.11812809009759019,13.0,0,[],unavailable_same_type,,,,,,,
6172,Tm20-Tnt,2.0725373449161677,20.0,0,[],unavailable_same_type,,,,,,,
6173,Tm20-Tnt,-0.2661868056595122,17.0,0,[],unavailable_same_type,,,,,,,
6174,Tm20-Tnt,0.45607775567203956,47.0,0,[],unavailable_same_type,,,,,,,
6175,Tm20-Tnt,0.34908340922124725,3.0,0,[],unavailable_same_type,,,,,,,
6176,Tm20-Tnt,0.27862303448733566,46.0,0,[],unavailable_same_type,,,,,,,
6177,Tm20-Tnt,0.55287105187759,1.0,0,[],unavailable_same_type,,,,,,,
6178,Tm20-Tnt,0.09572417089252326,1.0,0,[],unavailable_same_type,,,,,,,
6179,Tm20-Tnt,0.21862517929545264,48.0,0,[],unavailable_same_type,,,,,,,
6180,Tm20-Tnt,0.19498216235699567,2.0,0,[],unavailable_same_type,,,,,,,
6181,Tm20-Tnt,0.5386702039502694,13.0,0,[],unavailable_same_type,,,,,,,
6182,Tm20-Tnt,0.01095159822242119,2.0,0,[],unavailable_same_type,,,,,,,
6183,Tm20-Tnt,0.43927539673632837,34.0,0,[],unavailable_same_type,,,,,,,
6184,Tm20-Tnt,0.3670134240281747,8.0,0,[],unavailable_same_type,,,,,,,
6185,Tm20-Tnt,0.014147491138838795,11.0,0,[],unavailable_same_type,,,,,,,
6186,Tm20-Tnt,0.23912806723616734,3.0,0,[],unavailable_same_type,,,,,,,
6187,Tm20-Tnt,0.2566814023383522,19.0,0,[],unavailable_same_type,,,,,,,
6188,Tm20-Tnt,0.5236538839994728,30.0,0,[],unavailable_same_type,,,,,,,
6189,Tm20-Tnt,0.15429597429832118,8.0,0,[],unavailable_same_type,,,,,,,
6190,Tm20-Tnt,0.4193139273275711,50.0,0,[],unavailable_same_type,,,,,,,
6191,Tm20-Tnt,0.2997309381609178,38.0,0,[],unavailable_same_type,,,,,,,
6192,Tm20-Tnt,0.22757270624907208,49.0,0,[],unavailable_same_type,,,,,,,
6193,Tm20-Tnt,0.40796871293585385,32.0,0,[],unavailable_same_type,,,,,,,
6194,Tm20-Tnt,1.344125189991418,23.0,0,[],unavailable_same_type,,,,,,,
6195,Tm20-Tnt,0.033295957738635314,22.0,0,[],unavailable_same_type,,,,,,,
6196,Tm20-Tnt,0.25788582788756004,2.0,0,[],unavailable_same_type,,,,,,,
6197,Tm20-Tnt,0.44016615336563103,10.0,0,[],unavailable_same_type,,,,,,,
6198,Tm20-Tnt,-0.4383095232827826,10.0,0,[],unavailable_same_type,,,,,,,
6199,Tm20-Tnt,0.03501317317409384,4.0,0,[],unavailable_same_type,,,,,,,
6200,Tm20-Tnt,-0.31515081477761664,2.0,0,[],unavailable_same_type,,,,,,,
6201,Tm20-Tnt,0.15056118119284198,37.0,0,[],unavailable_same_type,,,,,,,
6202,Tm20-Tnt,0.1408924075633903,77.0,0,[],unavailable_same_type,,,,,,,
6203,Tm20-Tnt,-0.17218791223074045,4.0,0,[],unavailable_same_type,,,,,,,
6204,Tm20-Tnt,-1.1187432191495073,2.0,0,[],unavailable_same_type,,,,,,,
