policy,step,case,coordinate,sign,source,candidate,internal_score,task_score,edit_norm,capped
internal,0,F01_Tom,0,1,b393978842a0fa3d3e1470196f098f473f9678e72463cb65ec4ab5581856c2e4,4edf26cfb8c3a06f92e822225683317822648049b5c7fed52dfe24a272eadf14,-1.0658895419109746,-5.096281176004796,3.6891372203826904,0
internal,0,F01_Tom,0,-1,b393978842a0fa3d3e1470196f098f473f9678e72463cb65ec4ab5581856c2e4,c3bfd0572f59bd324d0c28c1d63f20d74301eed7fc7198035bc62a690e05e6a5,-0.9166455272851319,-3.816110002143474,3.6891372203826904,0
internal,1,F03_Tom,1,1,62f2a8563214742f013a3291ea622846e2dcf31d630c1aef2ca426d67af62db5,0785ef18a8ae085475b83b68ce1f0ad941ac28876fc818561828d0ab2220d6ee,-0.94236943563852,-3.4403379088260344,4.406177043914795,0
internal,1,F03_Tom,1,-1,62f2a8563214742f013a3291ea622846e2dcf31d630c1aef2ca426d67af62db5,d48c03422ac3fc4bd6b20a741c5f1335fa02fd017824b39fbcb5de856289e5b6,-0.7141460693283243,-2.1022801960112836,12.949060440063477,0
internal,2,F01_Sarah,2,1,82efa3cc1631bd13c5a664803100af543bfc29f21fbb273279b342f87dbb8bd5,eab820eab5539e3ae065f5335cc99d8250108dc150f78b473229ba9fa82cd30c,-0.41017387314771897,-3.8223519031045505,11.125269889831543,0
internal,2,F01_Sarah,2,-1,82efa3cc1631bd13c5a664803100af543bfc29f21fbb273279b342f87dbb8bd5,ed45d450fba4255511cfc1f51c93ad96be967ee23dac8df76395c6002c9fc0b2,-0.2957062574302322,-3.5922610986809254,13.773043632507324,0
internal,3,F02_Mary,3,1,cdf5f94f15b6ce1de80f0449603ceb59d046cb8279dbbb5571830e03754e62f6,a3c179f2b8baa570c437703e17ab466e69d7837a5292e0ea6db7226b18050ef9,-0.9532290654727544,-2.6737015427672173,1.8838281631469727,0
internal,3,F02_Mary,3,-1,cdf5f94f15b6ce1de80f0449603ceb59d046cb8279dbbb5571830e03754e62f6,f367cda7569f9d1690827b47afb80ac7c73fa13b282cead6834ae8d6738e0c1b,-1.0553924696515438,-3.0464319306731356,2.3356406688690186,0
internal,4,F03_Sarah,4,1,e3ca49fe37980f35a0d396675a727c60bd828cd023e618bc167c91080e15f0cc,8af38561284d574c46b6ec88b4d3d0c590b937e6342f31e28c66f56e8c5480b1,-0.8534220851837812,-4.972038916319475,2.8970367908477783,0
internal,4,F03_Sarah,4,-1,e3ca49fe37980f35a0d396675a727c60bd828cd023e618bc167c91080e15f0cc,e99a503192269b52ff7b81a3f05e2f4dcaded77c32099c409fd87ffbee67f3c3,-1.1504008889213595,-5.822814931678869,5.001943588256836,0
internal,5,F00_Mary,5,1,e9cf95319c7e964eebe98df379003a8b348cbcf6f4ed6bb12b6b4599920e94c7,dc6639a18439a1948e3b3958fdeb47d3d713489e20089bf229fd4bfb8672c7bc,-0.5338844891160894,-2.3479011582058464,11.994575500488281,0
internal,5,F00_Mary,5,-1,e9cf95319c7e964eebe98df379003a8b348cbcf6f4ed6bb12b6b4599920e94c7,95af9501376b067a77b75049337370034c353503ea8048b01ee2b780da7aa651,-0.5329492754134848,-2.3397129138771513,11.994575500488281,0
internal,6,F00_John,6,1,c8ee6263ba8863e8c18ba14516246cbc774046ba6751b8bf8132394f8e6a3bf8,bf56d2658708ceb386aa86cc123eefcbed755852a6533a5105e785db19fd79fa,-1.8256319928754763,-5.320009939352551,13.393560409545898,0
internal,6,F00_John,6,-1,c8ee6263ba8863e8c18ba14516246cbc774046ba6751b8bf8132394f8e6a3bf8,548abfd532f6b6fd0eaa64ec9c1e0bf5f9e5a63170a55a80194765cf54fffd5a,-1.827810842855642,-5.276054144334281,12.584456443786621,0
internal,7,F02_John,7,1,d859b1706e00e64862daefc401ee30dfe7f285ec5abbd9072311ca9a263c7289,0557b35a4c4674c7571d45f823319c5421cfd3b4f3a28e43dda1552bb689c1b3,-1.1947723517738693,-6.03563193323059,16.57440757751465,0
internal,7,F02_John,7,-1,d859b1706e00e64862daefc401ee30dfe7f285ec5abbd9072311ca9a263c7289,a641a426c0150c11438a4f84ec9645f83d203d92972ea6d3a5fed72846752981,-1.220389277034105,-6.024199772484827,14.073756217956543,0
internal,8,F02_Mary,8,1,9140ee74476aaad8f6bedbaae5fd9b8553a5d8e4bef7a53e6c29ffe27c3f52d9,5f9c83e30676781074e3edfabc07c827bddf4312dac30274a3113819628c5282,-0.5245667347683363,-2.1022074448351296,13.956250190734863,0
internal,8,F02_Mary,8,-1,9140ee74476aaad8f6bedbaae5fd9b8553a5d8e4bef7a53e6c29ffe27c3f52d9,ca9bc200ba4d1fb3bf874200227f15eb311d11d11c62bdea97f7b11e926bcecc,-0.5211211549030026,-2.105108537185999,13.144586563110352,0
internal,9,F01_Sarah,9,1,2e0b1d7085f7b508fdd554c7c2f80c0bb97901f03d8f7efeddfaccdda80f1357,2a540ee6e85feca9bc89820df33cfa37af8cf1555a0baa6ea735fc9691cffffb,-0.07530616074197301,-1.8397646622523742,33.08753204345703,0
internal,9,F01_Sarah,9,-1,2e0b1d7085f7b508fdd554c7c2f80c0bb97901f03d8f7efeddfaccdda80f1357,1780d6abb01772d10538815a6d339c077f3142fda3d5db7152791c2960f7e6fb,-0.07598669086566001,-1.9570739719787298,33.4375,0
internal,10,F00_John,10,1,2b6a1d604c9c174859d5c086d04fda40d6baadcae1da269f7d55266fcc785c51,7318d991ffd78e248c94468817a1ebe1ba1c46bff0ea3fa7ff161976cd2c8fe2,-1.7974218360855543,-5.317195885826826,13.242122650146484,0
internal,10,F00_John,10,-1,2b6a1d604c9c174859d5c086d04fda40d6baadcae1da269f7d55266fcc785c51,6448385d422a61cee2f5e2a3e61028b958317d54363acde33b4224eccaf875ce,-1.7806537305539256,-5.341708260673351,13.242122650146484,0
internal,11,F03_Sarah,11,1,c70160ea6e313b0111b09447bcc6137c6ad61a0b6fca510cba319318855bbc20,204d102352ec680e4a8c3ed81ce822e8c87d0c9385a3af617fd063655398ec29,-0.5074227222274965,-4.374760114975334,12.24107837677002,0
internal,11,F03_Sarah,11,-1,c70160ea6e313b0111b09447bcc6137c6ad61a0b6fca510cba319318855bbc20,ee10c5340d58baccbc034d602ff54a35969477ccbcba7be5cfca576828f90af4,-0.5015706947769442,-4.232258833250439,12.503667831420898,0
internal,12,F02_John,12,1,c925baed2bd36f80145d5a3d1fea13956edce7a19ee241e8c02cb6380022231f,5482f6a2c816360f622a09ba4cfca3e1827db40942f50df3b43e8758bfab4423,-1.22665731301353,-6.045601355416289,14.708890914916992,0
internal,12,F02_John,12,-1,c925baed2bd36f80145d5a3d1fea13956edce7a19ee241e8c02cb6380022231f,cebee634e3655d7c10aa3223f936637652ea8e590f3e4e9a7e6c0d871bf80088,-1.2215756067582277,-5.989293791216602,14.724875450134277,0
internal,13,F01_Tom,13,1,d0e2a25e40124c7d88ff1ad4336162315afd6c7d8a78ab4c8caa1d94e6dd51a9,7f4fca8e87b3f46e8b88de552f5d8a3e2721c51b50c656b2fedfe26bcc08daf6,-0.15695480733837983,-2.4179017250730386,30.385021209716797,0
internal,13,F01_Tom,13,-1,d0e2a25e40124c7d88ff1ad4336162315afd6c7d8a78ab4c8caa1d94e6dd51a9,6e04db6aff5d3a5ca25efacb9f6c6d374b5d9a605db923fadb6c28e9cfe01e76,-0.15694406107258468,-2.3218216784893047,29.99924659729004,0
internal,14,F03_Tom,14,1,2aec9c2d1cc88d6f4546fa026eca692bf9b242ebb777cb6a89faf4c811449017,ebc98b41d6cd9619ade9a6bba519e19efe9f73c6cfbd67b2d44c3355cfbbc999,-1.0333521923684224,-4.559230018502652,5.45274543762207,0
internal,14,F03_Tom,14,-1,2aec9c2d1cc88d6f4546fa026eca692bf9b242ebb777cb6a89faf4c811449017,4469817759037822e3110c842d6ee571bc94a991a7283a6b34ccd8f19b1cdf44,-1.0354821072214888,-4.512708296128057,7.228653430938721,0
internal,15,F00_Mary,15,1,36705dcd6ecaf622de223c680868828a892a5f1c6b4dc3b13ba592a9c75bdab3,c5c4d124929c6c6162af93dfda7fb6b9b089c61480257abf724e5870d81fc36f,-0.505485608304787,-2.3029842664003755,15.191583633422852,0
internal,15,F00_Mary,15,-1,36705dcd6ecaf622de223c680868828a892a5f1c6b4dc3b13ba592a9c75bdab3,c540086da5f6cc9824c52d7e191e53ea9c8c7fa39f572617b3ee5e5c1363dd97,-0.4998215418925559,-2.311150823222709,15.191583633422852,0
internal,16,F01_Tom,16,1,0a8c1a7984024299eaa51593a0b90e085bb8a4341eb53e23ee26b3d0519818e6,d01ba3ca65823fe580e7956e3be8f84cb630968ba5d2169d950037d5c7a39bf4,-0.1480578282423165,-2.3696444855564467,29.64195442199707,0
internal,16,F01_Tom,16,-1,0a8c1a7984024299eaa51593a0b90e085bb8a4341eb53e23ee26b3d0519818e6,c5bbf54456b6d82ae566d660e035c13b40ab69fcdbee82b3cb6448f1295a4903,-0.14497595473010824,-2.3644298886339676,29.671552658081055,0
internal,17,F02_Mary,17,1,16775025a489b98c8737e3a492f4e973339e9edcff35c73655c5044698cb2c14,9b8f97666b357eb2924ea837dbb4ec31ea4f21423563b095b677e7b4cdc5ac26,-0.5358529970602128,-2.0383428401327124,14.33045768737793,0
internal,17,F02_Mary,17,-1,16775025a489b98c8737e3a492f4e973339e9edcff35c73655c5044698cb2c14,613939624cbc5c95751268667626a56102e54376108fa4cdad1ce5261bbbdf46,-0.5382231981202347,-2.0851452029917867,14.321342468261719,0
internal,18,F00_John,18,1,f965ae4a3b70f8babc5667d361a1c0e5e47c3f26def44c0f9f5d9c058e4bb5c0,b9e48d474115e73d5886abd7a4dae0c6fd7e80db0330cc0f19757449ab35ec38,-1.8138576249678475,-5.359818947437806,13.27597713470459,0
internal,18,F00_John,18,-1,f965ae4a3b70f8babc5667d361a1c0e5e47c3f26def44c0f9f5d9c058e4bb5c0,6cad4ae71bb510845c8d2ae04033ad4428da6c8a0f7a53179022a320d74f4a72,-1.7940384203782818,-5.36471343642801,13.228802680969238,0
internal,19,F01_Sarah,19,1,6a040bafce3bfcdfbab4a38d81325bc0b3a00b55a5bfa9245f7b701f2cf3df28,12a826f8eee11ad533a24f4b43aed009236321a29dae2334c19056f11449dc9b,-0.08062574721819797,-1.8291869154159404,33.16403579711914,0
internal,19,F01_Sarah,19,-1,6a040bafce3bfcdfbab4a38d81325bc0b3a00b55a5bfa9245f7b701f2cf3df28,ac2ddfa6eb62c1b15d9f6e1884e68e3c0cdd25c68b49b04c2839f64813c437c4,-0.07711610713975839,-1.8068982224102361,33.16472625732422,0
internal,20,F00_Mary,0,1,1c079600297edab36151ff07dc9f4f3a1f8448a6d0e3e448b2f6f093c369bdbb,3045d2cae491e1344c458968dcf8867900d6358c31f91db6267d8195112e93a3,-0.6795174433816906,-2.5556452953771607,12.535637855529785,0
internal,20,F00_Mary,0,-1,1c079600297edab36151ff07dc9f4f3a1f8448a6d0e3e448b2f6f093c369bdbb,90d8b70466ac976da76880b3dfde7ddef407eedc45518375e774297d6caa0782,-0.3431248168960625,-2.087245917551406,18.35426139831543,0
internal,21,F03_Sarah,1,1,7159246a45f852c3c5b025717acc4f049687bc600fdc3858cdb4814f073782c7,44910b38c974c6366e35b2842df9960e7af77d7eeeded0a88acd602c85e685e8,-0.33547865006850613,-4.024650700715989,16.169824600219727,0
internal,21,F03_Sarah,1,-1,7159246a45f852c3c5b025717acc4f049687bc600fdc3858cdb4814f073782c7,ba787c910123cb512c0a526b3e7aa1bff97aebb8f688e5ce3f0797147eadd56c,-0.1583179837101572,-3.19498495051898,22.117334365844727,0
internal,22,F03_Tom,2,1,aa4d87c167c8de072fd9c8c9000df2aeeea4c75795092595a9e3f8c38a304314,db7b0e25e47afe249019db74b26b3b9f5a60e2d045218e9cb06e88709a2514ff,-0.5480515982178281,-1.7846850393087144,17.522470474243164,0
internal,22,F03_Tom,2,-1,aa4d87c167c8de072fd9c8c9000df2aeeea4c75795092595a9e3f8c38a304314,712d8ccf8b967a6a23b502d3bfa07a94f3a9c15a0ee2e8e21f97aa84abbdbe51,-0.5600589128397244,-1.8258555123472455,17.306415557861328,0
internal,23,F02_John,3,1,453daa0010e55a72ec0a97862e45c2a01712a501f37f69392869c4f1819c2605,439dab936f501064079616fa030086d2fd5ccf82bddf1f54f25c1c91a9f35c03,-0.7953785933011295,-4.3470527721631305,9.88525676727295,0
internal,23,F02_John,3,-1,453daa0010e55a72ec0a97862e45c2a01712a501f37f69392869c4f1819c2605,8b126aedf220593fb18ec603dcfbb3cebf6ea835c2d8ac65f97a70f5c868a144,-1.0448991491153279,-5.176837412008722,10.258478164672852,0
internal,24,F03_Sarah,4,1,5c9055c632d01b3c729f9a6bf70f040cd082f6085f30303ba84ddbb0516dc903,697d34335faa50638b35482b895f578bf527ae78384622d59542b7599fd5b5f8,-0.1232344932323879,-2.361652155512325,28.855798721313477,0
internal,24,F03_Sarah,4,-1,5c9055c632d01b3c729f9a6bf70f040cd082f6085f30303ba84ddbb0516dc903,80e9657af8f4a2c50f9cd289ca67560ff929bfd61adcfb75801b9bc69c9ce622,-0.160613075873348,-3.227383719286756,21.888978958129883,0
internal,25,F00_Mary,5,1,c04751844134083a2e515cc5ee31c57d20ad68ddd8cce39db4e66c2c14feb9bb,f89449ec61a11c7aa5510d6690181f3b6950c018fccebc4d229b2313bacf1f4b,-0.8878180437894718,-2.91891435357324,8.829771995544434,0
internal,25,F00_Mary,5,-1,c04751844134083a2e515cc5ee31c57d20ad68ddd8cce39db4e66c2c14feb9bb,7de176aa155b5f799b69c879417834a1a0496ce69106e57176a5e866294f1bf0,-0.8874893184289556,-2.9090524158049202,11.173413276672363,0
internal,26,F00_John,6,1,efd1669ed5f87ce0402c9db912d9ab78186021d468a9b5933b4a3dfbb0a2f690,afcaef53575a483c8c2438a8117320061b47e93228881a3227d308d6279c7416,-2.356804759499883,-6.982539183727478,35.57896041870117,0
internal,26,F00_John,6,-1,efd1669ed5f87ce0402c9db912d9ab78186021d468a9b5933b4a3dfbb0a2f690,b072413cbf69043b1e23c54a696d0298df30a6f1fe346929150d9a18ea649058,-2.336935310174282,-6.871452667754129,34.82716751098633,0
internal,27,F02_Mary,7,1,461289d245a2fd18d14d0a5af4cf8ce3672161f1a64a36af140bdaaa7f7be7c6,583077830a93a4d8a7060de0707c0a373dab0696ccbbd875bf25c4861992fe11,-0.1755001502331465,-1.1758330315234666,31.97357177734375,0
internal,27,F02_Mary,7,-1,461289d245a2fd18d14d0a5af4cf8ce3672161f1a64a36af140bdaaa7f7be7c6,acab75e006d82eae5bf6b7c3354a2186b7f47edebc4b6fdc6a798da02dccb690,-0.1664991428664527,-1.1260975351524054,31.587379455566406,0
internal,28,F01_Tom,8,1,900c6ba3d8c360c8c15bd7ef7f5a0c0077f6fd5f6e71ca19567c0b4af491d773,52e62342abcb7126202e7d905e78a93e82e3620dbfa5744b022ed5183be17d09,-0.06438238369089992,-1.8485802188844842,33.98866653442383,0
internal,28,F01_Tom,8,-1,900c6ba3d8c360c8c15bd7ef7f5a0c0077f6fd5f6e71ca19567c0b4af491d773,47f0d393632e420891cc11b54940079d190bf985bccabee350e51bddd57a9305,-0.0625020450909547,-1.943705639978651,34.04004669189453,0
internal,29,F02_John,9,1,2fb4f55d8e47888e74e1e4987f98e2c7a1957d9fda1ad506d46e98d264d4b2ed,9e34ef795ab8dc58ffde83e3992028259331090bf5ed4fe8697f044fa165532d,-0.989194993940914,-4.653638229949837,8.16775894165039,0
internal,29,F02_John,9,-1,2fb4f55d8e47888e74e1e4987f98e2c7a1957d9fda1ad506d46e98d264d4b2ed,101dde22f12c71287f170ae4d59446e63ea57eae996cf3aff6e880936beb3d6d,-0.9651729557972567,-4.697182166093396,7.035401821136475,0
internal,30,F03_Tom,10,1,99d361446be23fd57485cc7aa1ff6885b89fe83a7cf1e84139fc133cd09a9fe6,6317094d60819d159775fcfc3e95fe4a7bcc10ea0e8a76fd365caa1497336c5b,-0.9724640899252057,-3.5105514997283596,16.00434684753418,0
internal,30,F03_Tom,10,-1,99d361446be23fd57485cc7aa1ff6885b89fe83a7cf1e84139fc133cd09a9fe6,e9818b1b3806da6090c1c0e474b8da51be299454628d49f6ae8ca28490ffe7ec,-0.9634215282746517,-3.51277778430446,16.541793823242188,0
internal,31,F01_Sarah,11,1,80ee1bf265d3c074bf0aab8e9ecaf7c9f7216e3261f19b8da7dab42bd1028656,10d36060f2a211373b6f0ff7f96a6ae9fd6b3eb5cca6000eefb64f690d4786b1,-0.18103374431731067,-0.7981157111757611,60.93399429321289,0
internal,31,F01_Sarah,11,-1,80ee1bf265d3c074bf0aab8e9ecaf7c9f7216e3261f19b8da7dab42bd1028656,55638c759c2f99eeba9034d50459fc5403368470d66df7c4b54f0568b7ce0015,-0.18076393963171355,-0.7870347842587369,61.01420211791992,0
internal,32,F02_John,12,1,c7c6928b09ffd13c3d1069032d48b2c2bc930019b19d942469da8e5b2f060f95,8db1238b4073120eaa76d7a5b9aaf99c8a6d749255321215cdc9d9533a2b3e96,-0.9823875960528407,-4.784583498348109,5.570216178894043,0
internal,32,F02_John,12,-1,c7c6928b09ffd13c3d1069032d48b2c2bc930019b19d942469da8e5b2f060f95,a32bd55a270fd798041d5b5e5ceb8470917ddca52bea5ffd53f1653559a154a5,-0.9281079872200063,-4.630326492164374,8.529723167419434,0
internal,33,F02_Mary,13,1,08e688b30836b9ca8e6d141aea1d1d683cf761d0d42579553c4e722727b43dff,61a67ee225ed8b3e5ebd95d363c0455d7424400030d76e989b2047684bf45673,-0.17970663986783353,-1.2063008584593025,30.575130462646484,0
internal,33,F02_Mary,13,-1,08e688b30836b9ca8e6d141aea1d1d683cf761d0d42579553c4e722727b43dff,3b9fa012a1efb3f0089e29eeb261299f629f5f131e606928c0cb54744daea1b3,-0.17875634539760538,-1.1656930117089945,30.55156707763672,0
internal,34,F03_Sarah,14,1,9d06adf38765a66171f4f95b4ae1324555ecea1e8cd9508ca7ed4f7b6b9934bc,05716af60c2c85e650d73e7a837b0bf61cb652246b53793d5ca948bf577e46ef,-0.13055532869690872,-1.8313727431801872,34.66341781616211,0
internal,34,F03_Sarah,14,-1,9d06adf38765a66171f4f95b4ae1324555ecea1e8cd9508ca7ed4f7b6b9934bc,62f0542de4db41602fb97ec930c7c896342543dbdf88c6a898ec447089411896,-0.12984980215800374,-1.8080954760247403,34.18340301513672,0
internal,35,F03_Tom,15,1,09c32e5a253a849b02e566af96679839ef2c38c518057af1b73cdbca2e0ba107,b4c9ed3c207383951eedb486731bfecf221ad318a48b5968af557988db339d28,-0.9751765775777543,-3.6677006542198356,19.86758041381836,0
internal,35,F03_Tom,15,-1,09c32e5a253a849b02e566af96679839ef2c38c518057af1b73cdbca2e0ba107,300879d6a4f09879fd80bf9c9a5132434bf1321b3975b42310cc2eda3a0fc93a,-0.9775643307619017,-3.7164052603177993,20.064197540283203,0
internal,36,F00_John,16,1,a8e198cd1f85022c3e861fea615bbd9e353cf0a443d6d7993619988e4a42c943,16df067c1c3f9652faacc61b31956ea884904a26a158765f08e77eebce1df9b6,-2.3857881662956486,-6.999413096564565,36.28936767578125,0
internal,36,F00_John,16,-1,a8e198cd1f85022c3e861fea615bbd9e353cf0a443d6d7993619988e4a42c943,fec23982de9e50a61780224112262be4edb8136c441bc4c3b23603137dc8b117,-2.3709351099578053,-7.028245510550901,36.28894805908203,0
internal,37,F00_Mary,17,1,b97b72c6d6f0a37950520570921bd50f8192177372c2a3baf372681feec203ce,9eea14c6c3432bd42de27743d3a474183bb6262dcd5e089b3cdca641509e1897,-0.8673532493674875,-2.908277276104047,13.994747161865234,0
internal,37,F00_Mary,17,-1,b97b72c6d6f0a37950520570921bd50f8192177372c2a3baf372681feec203ce,ee816004c17f29f07b77ea82eda516a3714583212bd092174f57727b1d5255f2,-0.8637383219119962,-2.936556092307594,13.71762752532959,0
internal,38,F01_Tom,18,1,3cb7e1c5ed77c24521dc1e8af780ec0011273d97d0cbe84a95014e8cf990aa1d,a109110c57cc5242b3d561dd7cbaa5a3d30c67f9ee1837ebca06de08c845b376,-0.06475045417594844,-1.9325920610210139,35.05402374267578,0
internal,38,F01_Tom,18,-1,3cb7e1c5ed77c24521dc1e8af780ec0011273d97d0cbe84a95014e8cf990aa1d,f18e27ed469c823f8037fe3760fcf8a8f55eea4f284f353432f3ac178bd6b398,-0.06312891403407447,-1.9054041104307147,34.99934387207031,0
internal,39,F01_Sarah,19,1,8a6f7c22ceefcd19dcaf50c1c96c6564b3edeb583b500e92a29c879a38b425f1,08cd50a8348ca7bd7bd0446a2b2495b22e768155db4935e36ad246534282f72b,-0.176440332025879,-0.8582007047642092,60.842254638671875,0
internal,39,F01_Sarah,19,-1,8a6f7c22ceefcd19dcaf50c1c96c6564b3edeb583b500e92a29c879a38b425f1,b2cf0ada79ff18a146bfd6ebc4e7229343c9febc7ae6411562064aef1e56921e,-0.18104499290519435,-0.8378298161718761,60.87409591674805,0
internal,40,F01_Sarah,0,1,1d48e68ea1f80994620690a17a3abe5d1d144b2f961421d54a849e693d0d534b,f5eef84e29cd72bec491418f8e357c8caf42fd939476edcaf096dd69a9b993d1,-0.15127355861591785,-0.8770642891080456,56.812496185302734,0
internal,40,F01_Sarah,0,-1,1d48e68ea1f80994620690a17a3abe5d1d144b2f961421d54a849e693d0d534b,d3f478f5cf82c27d9425f634a7fd4a883c9bc738773f58953befa6168a179b17,-0.19331191581789478,-0.7832848235773651,64.85070037841797,0
internal,41,F03_Sarah,1,1,d24d4c8a3b8edcecf98f6f47e993dc193cff2213f66170537ef97e75f5a21f5c,e1dbeb79538d0dd3b3e57b16a198df8cf959de182c722b6a8b19dd1a45180560,-0.15153957657414854,-3.119539296449428,24.140918731689453,0
internal,41,F03_Sarah,1,-1,d24d4c8a3b8edcecf98f6f47e993dc193cff2213f66170537ef97e75f5a21f5c,977a931d2500b2ddcaa1a9e468a72e007f89f562bfd8a751a0dc3b0d7b1d91b4,-0.13007796098840427,-2.3539583118888214,30.38945960998535,0
internal,42,F02_Mary,2,1,05babc6a872a3b493db2912d11743306fbaaf6b6ff8b46e0ef363399efaae04c,abb997f1c892ec2dcafa4900af3294565f3c99a14ef827fd63a654a698307c5e,-0.2669603403694652,-1.6679522778906182,19.829994201660156,0
internal,42,F02_Mary,2,-1,05babc6a872a3b493db2912d11743306fbaaf6b6ff8b46e0ef363399efaae04c,4d9c8e749eb2ab6197a20a60440f83ce2761b294bb48329c19b9da7a2bec66b1,-0.35079354839085514,-1.8888340887741646,16.608905792236328,0
internal,43,F02_John,3,1,5f6af3fd15b1c4f7520b28a27bda6f4f97a0776498ab2352b9331a3dedc66a8f,6f0a6c4412395cb8c338cb3418ea7a50db6c71f8679c5eb6d0c1692fe9c5e0dd,-0.9637889865440762,-4.728651117239807,10.72751235961914,0
internal,43,F02_John,3,-1,5f6af3fd15b1c4f7520b28a27bda6f4f97a0776498ab2352b9331a3dedc66a8f,4818e1e9be12285712869335373c55a05a4421296067b72ce6e75d1c943a3344,-1.14296874697893,-5.466139035875063,13.907176971435547,0
internal,44,F03_Tom,4,1,25ef99739df20e8d341f1e78f94cc2415f2236ab97854bd1e2c8761cd6eb2efe,bf56091734b4809fb07249debaa69f049c61af926a71f4302e79dfdd7e9b506c,-1.1256060555072382,-6.3184529982204305,25.036174774169922,0
internal,44,F03_Tom,4,-1,25ef99739df20e8d341f1e78f94cc2415f2236ab97854bd1e2c8761cd6eb2efe,99ff53872a2d06a08b01071c71fa6ea9af00b6ea45a351987348c079e1b1788c,-1.063791789574322,-4.8209617403281095,21.222604751586914,0
internal,45,F00_Mary,5,1,debd2ba79804721d7f612379cdc80a05306351c0d11238d0bda8f497bd7c8e05,11f6d10472c7b045bd9e4b890397845ae1800ce39622c9eb9318d355b25bf7b6,-1.67375019458271,-5.35892790502035,39.0604248046875,0
internal,45,F00_Mary,5,-1,debd2ba79804721d7f612379cdc80a05306351c0d11238d0bda8f497bd7c8e05,0813c70d2762bc9e1d4f95c72498da7b2264f53d169e8c21dd51b64f063e7617,-1.6356366317162472,-5.3471749797754775,39.905540466308594,0
internal,46,F00_John,6,1,0377d5c8a7e391a0a04d1fc144e93368289477b35b2d607cf807e3e9166caf4e,55e1a635c34534cab898cea4799f178049351df3f8f39942e610697c0b7298be,-2.637089277138766,-8.09546463710161,56.28940200805664,0
internal,46,F00_John,6,-1,0377d5c8a7e391a0a04d1fc144e93368289477b35b2d607cf807e3e9166caf4e,bc7872ae5d4bef76205253c3ef6d268d6e63c2859226db5e16bc8dcd7f34e22f,-2.619778448759618,-8.041567993332816,55.3616828918457,0
internal,47,F01_Tom,7,1,4797853cbffa5aaf5a16c7f9db26892d9731b1ba54c1e1744cbcdc4a9d36c571,93df3c00717ce2791a5f001084221b711409bbfdc0f3cef1f73b9005068603f9,-0.10133483428188368,-1.7404740033554682,42.62776184082031,0
internal,47,F01_Tom,7,-1,4797853cbffa5aaf5a16c7f9db26892d9731b1ba54c1e1744cbcdc4a9d36c571,f0ac80a0846e95b64b80b48663776b41c8f8a26d678816564f92b9b31004a411,-0.11538465538830038,-1.6232674211728797,43.218719482421875,0
internal,48,F03_Sarah,8,1,baf4fa54df1782a0fc3bcaaf29e0c77b8cc64fa937222cbb6e3b8c72d775290c,e474b6299be454dae3d8695456008101fd28bc9039d682c23c944477354adf6e,-0.12148622928833488,-2.5021558356590425,31.579652786254883,0
internal,48,F03_Sarah,8,-1,baf4fa54df1782a0fc3bcaaf29e0c77b8cc64fa937222cbb6e3b8c72d775290c,2e48b5bc0d24acf776ca11a39776e9c0a8bd2757993c23ee25b8e82bccc7da8c,-0.11940365522535815,-2.466998747762416,33.97216033935547,0
internal,49,F03_Tom,9,1,386660bbe43a58086a8cd304a4c22a512b21908cbc1057bebf486556e416a404,66006c3a8b4023854827014a3139744ac62a32e164a47559c36f57cdfb5cd072,-0.9602353616935339,-3.461392662368419,27.730728149414062,0
internal,49,F03_Tom,9,-1,386660bbe43a58086a8cd304a4c22a512b21908cbc1057bebf486556e416a404,d7ff936645911d1ce211f8cbc6a3cbd411670d32578e385a2178e9eaf0bd24f2,-0.9172135133801474,-3.2796306265962154,30.56058692932129,0
internal,50,F00_John,10,1,392b5009348c8a8d074a042baa1f5f23ec0bfd9d89a6a2557105db7013eb1b15,c94d988603de2c1117ad8eb54fda50f8f9658f5125ceeeaff67ce0fddb14ce4e,-2.6203673974515747,-8.03217233004433,54.90581512451172,0
internal,50,F00_John,10,-1,392b5009348c8a8d074a042baa1f5f23ec0bfd9d89a6a2557105db7013eb1b15,039ca58b8f5c80b4f7f3905d83b8c3b8c272859a3920fd4c1ea7546594bc52da,-2.5997212710323887,-7.999306494511625,54.08179473876953,0
internal,51,F01_Sarah,11,1,ba6a07b94d48971f05851f61d2d3ef59f49743ee171070355ffcf5e7bfcfffbe,b21709357a250279abdda6e51ff1e0e4641d0251b9b8e83cf417523c3ba00f3f,-0.13917624336185258,-1.009770743159676,54.00975036621094,0
internal,51,F01_Sarah,11,-1,ba6a07b94d48971f05851f61d2d3ef59f49743ee171070355ffcf5e7bfcfffbe,e2e64c6e55d45d745ddbc64f0d72c2cbaae82e47953bab18b1b0dd06aeae2472,-0.13265792194525822,-1.0480121132220548,53.19940948486328,0
internal,52,F02_Mary,12,1,304cb404d088b328b11b373543a39d997d67567fa3bf0b9a740262ea77141400,2c6557d0dce3f267bbad49e0a5bf5dcd5d21bbc8847eb99c5f3f0e3dd8b4bde7,-0.37026344862374216,-1.8504847955024928,16.036659240722656,0
internal,52,F02_Mary,12,-1,304cb404d088b328b11b373543a39d997d67567fa3bf0b9a740262ea77141400,da5090522b379ed4f7938fcf5978edb267876f5293a384157d3df27a63e99a58,-0.385436215971444,-1.8665746994172552,15.840524673461914,0
internal,53,F02_John,13,1,371249da00612156668a69ce2573a38f93ffe6821236698d7de33deee3145270,9ad822430ce03e4fb51e84b6cd9faafa17cbea2387ebaae830ccdf49c2a03952,-0.5186580840683065,-3.6673873823110266,13.10703182220459,0
internal,53,F02_John,13,-1,371249da00612156668a69ce2573a38f93ffe6821236698d7de33deee3145270,6e0441f0a367999bcc2bb10961c37de00609c6edbde1f03405aaeb18d185bc4d,-0.4555187305757239,-3.6323243321008287,13.963945388793945,0
internal,54,F00_Mary,14,1,81a832ba37672d90aa7b2a0b8e51c43e2cce7f3123dc2a5e1d3a9e483303a09d,63a42fe1999459246629511d529a93030918e73e47f75bcfe039ecad66151ab0,-1.6897038741297523,-5.1226432059928335,34.420166015625,0
internal,54,F00_Mary,14,-1,81a832ba37672d90aa7b2a0b8e51c43e2cce7f3123dc2a5e1d3a9e483303a09d,df44fdffe3777b165ed5591ffbbbe695da2480f850cfdef7392df3768dd2c2ea,-1.6424452341534552,-5.164485825618503,34.13446044921875,0
internal,55,F01_Tom,15,1,84f7ea5337585f49e69a793e3199b117bc418c0619a277096565f9143d359ec0,a1842f436dd4eba80ddb252c861f31ef220fec2ca276b42aeff1564bf7fa9b12,-0.07812441530322578,-1.7978417984060953,38.16947937011719,0
internal,55,F01_Tom,15,-1,84f7ea5337585f49e69a793e3199b117bc418c0619a277096565f9143d359ec0,faf116eb1c82fb6c674391427d8b34e0744085f66bfefbc75398a9ac97b0bd19,-0.07498045532267854,-1.8580679387277792,38.174415588378906,0
internal,56,F01_Tom,16,1,0d63828769bf4f98b20af4183091ee7c8c51d028612d4ff77be6e3a9e61f94da,3c59820e673222de841f5c065cdafb8d46282ebfd5d6cf0c3c91020d9fbd0c90,-0.07675611489983375,-1.7521509967244826,37.95182800292969,0
internal,56,F01_Tom,16,-1,0d63828769bf4f98b20af4183091ee7c8c51d028612d4ff77be6e3a9e61f94da,34031f20c7b9e04f91df3c5076a71e234016cd1a1dea7a7d501bba6af63eab36,-0.07254707351774052,-1.8678847272392411,37.394187927246094,0
internal,57,F00_John,17,1,ffdbaf1c2cdc1e366e3a169181b77a14a63be94d813547f1ec1690d8978cc187,a527d617923f5d1becd4c48ed57d909b5f62d6a70d3f7592e60ac5152d2e49ff,-2.5379190181314066,-7.678980339527584,47.88581085205078,0
internal,57,F00_John,17,-1,ffdbaf1c2cdc1e366e3a169181b77a14a63be94d813547f1ec1690d8978cc187,e9b903e769a8f52c63fc182bd66e2b94ac5f0072369d66433069502bf7e54e7f,-2.5362111934337834,-7.694279982931348,47.87568283081055,0
internal,58,F02_John,18,1,b6b553a109e6f92ce1a4bc314b4aae4ccf4a5b8f2fe8221c3f6b0410b41ebd49,55c4cb4a1b91d169784af7d5dca6a7ade362ccba57bd7b8fac087101b98905c9,-0.5286519821661864,-3.7044565441772472,12.890050888061523,0
internal,58,F02_John,18,-1,b6b553a109e6f92ce1a4bc314b4aae4ccf4a5b8f2fe8221c3f6b0410b41ebd49,f2960149d9af2622646f7886b46d4b7c028f0a8aab4ad40b022ff4a0458ff0d3,-0.5436164139066546,-3.738525493794798,13.032442092895508,0
internal,59,F03_Tom,19,1,7ac9b3c863f1271ebf6ea6c0ffa2ee42218743f2ef1fc6d3faf190c0a12cf5de,5acbf76b6658594e7077a9794bae563096cd93aec3772f1a26ba1ee848560448,-0.940426663991396,-3.413863229109265,31.105789184570312,0
internal,59,F03_Tom,19,-1,7ac9b3c863f1271ebf6ea6c0ffa2ee42218743f2ef1fc6d3faf190c0a12cf5de,a56f0dea85b8e259111f1e858a0a95e03e2bad00b34ae737011b817f5a468f71,-0.936714259573032,-3.4601456845667493,31.22831153869629,0
internal,60,F00_Mary,0,1,6fcd419846c0d8989d83d53c1a53168adcb1c7463e20a1aaa1ac528b1f417207,a35cf9aa480e7ef7e8443c3f65b990cfe79739391e9e9d9c7d60ee7d20de55a9,-1.689402157094977,-5.351536086759695,35.91263198852539,0
internal,60,F00_Mary,0,-1,6fcd419846c0d8989d83d53c1a53168adcb1c7463e20a1aaa1ac528b1f417207,d4a033f5cd946cf16b95b91e8a458941383315d02d80d6afea45d9d4447116d5,-1.5672166621870485,-4.8451649773887615,28.49151611328125,0
internal,61,F02_Mary,1,1,fc1a3a3d8844fd33d9c5b4f717741b53e3b54305f8249244dbf444f330e77ba2,a0dcfc7ffa06196b842bfd6d45ea7003843638ba65f45835a90389b4d876778a,-0.18400505075031637,-1.380948855958224,25.09934425354004,0
internal,61,F02_Mary,1,-1,fc1a3a3d8844fd33d9c5b4f717741b53e3b54305f8249244dbf444f330e77ba2,2f59aab50503a341f53962de0eb77b09aac6bc96dff1a14f47ba264cbcb8a083,-0.2577322645531216,-1.6630988566389266,19.949737548828125,0
internal,62,F03_Sarah,2,1,b175766abe328ecedd3416876bfd288c65b940729e128e7e01a98b9b602561dc,692dbdc1566d6fe4eb67afe4089a2d925f62a072f33c07c0ac2d394d248eeda3,-0.12151987541078021,-2.3135317006453873,32.10369873046875,0
internal,62,F03_Sarah,2,-1,b175766abe328ecedd3416876bfd288c65b940729e128e7e01a98b9b602561dc,9ae35142cca153e474b9b19e68c9a1efccbe650e1b1504810738389b77b9509c,-0.18543277270846142,-3.3497545509928592,26.8432559967041,0
internal,63,F01_Sarah,3,1,480942cfa77cf0fea6bf49a49d05b44ea6fa7288690ed480543c78c6f16ed61f,8224d827e23c9d4e64dfac6c5810433eb1feaa8f2a3aca10d5dc3dba678cc08e,-0.14363586354457597,-1.1051376520910519,53.16987228393555,0
internal,63,F01_Sarah,3,-1,480942cfa77cf0fea6bf49a49d05b44ea6fa7288690ed480543c78c6f16ed61f,ddccf4eeda6cf3b2b6a40a81570a1e2d7a34145270f4c8da2da86796b9da9c14,-0.10614335738647113,-1.3935172266834803,43.761375427246094,0
internal,64,F03_Tom,4,1,a3d01eddcb8df98696fa242f98e62ac9621ec63592a6dc69b2140c8bc41f1b97,1fe7dfa1a23a8daa1a1857be570d2b347a5d141511ba297b8405c5a916df0d56,-0.7780294615922846,-2.339300432725106,31.066667556762695,0
internal,64,F03_Tom,4,-1,a3d01eddcb8df98696fa242f98e62ac9621ec63592a6dc69b2140c8bc41f1b97,e7badc7c733b56ccde248da9c5a6ed7d5a5b34e1203e4e9459ca6448ca859900,-0.4293542693691213,-1.7264110022723123,32.91716384887695,0
internal,65,F02_Mary,5,1,74ec32773b4d32b3faa9ffffa7516a006a58f3850496610024125b3de3ab2b5a,09d87c2799aee2424bedce196f5f1044ee24153ebb6be9704a4863b5a1e425cd,-0.29795821041684933,-1.8186141313581,18.804485321044922,0
internal,65,F02_Mary,5,-1,74ec32773b4d32b3faa9ffffa7516a006a58f3850496610024125b3de3ab2b5a,64a5915c4bb878f3f23d89a9a2eec2aed49cf2932573479ecc9c68084cf45d60,-0.2913465651535553,-1.733912454253699,18.891286849975586,0
internal,66,F00_John,6,1,ee743ce6c1370804a5c1ce36e71ffda54ca0f844c84c52e454bb00d7d8014c4d,ea4952a35527a46258139d34337dff3e468ab57c0df75aa4d91f4a5f28b6653d,-2.021973012586128,-6.17978608970083,25.688806533813477,0
internal,66,F00_John,6,-1,ee743ce6c1370804a5c1ce36e71ffda54ca0f844c84c52e454bb00d7d8014c4d,6dcb2365022c57d0e4230699f0d2b024ef7c7eb0baa98dd1b289d18699c0794b,-2.0413746661754115,-6.061282319740105,23.288890838623047,0
internal,67,F00_Mary,7,1,6a706c1e0c991c3dc2d21c78d3fe7c071430dd45f7efd260c17a81443347c433,6a8e44aa69ca7a6f77e00e84fec1397ebdda739fcf25f1378b6c100ead13d186,-1.5444004964506803,-4.915601972866184,29.700864791870117,0
internal,67,F00_Mary,7,-1,6a706c1e0c991c3dc2d21c78d3fe7c071430dd45f7efd260c17a81443347c433,4b2088295574e85bf2947225d8d6de22344dc8fbcc3c0ce15b669dea13e55ea1,-1.5641116687741317,-4.954570924406371,31.323314666748047,0
internal,68,F02_John,8,1,61f60fcd229b11b014aa5813b0094f7309f6114a38f985040bfeff6748e39cc0,f62b6afd8a42eabbdd090f86a7dc072b1ecdbb56906a79c1b577786b59804731,-0.18034518065269117,-1.5986452110780796,44.14362716674805,0
internal,68,F02_John,8,-1,61f60fcd229b11b014aa5813b0094f7309f6114a38f985040bfeff6748e39cc0,1432e1efe91387b51307e117c038e63b942b2c5abd39ede914d81189455bb792,-0.18191106631763523,-1.613620851871743,41.974185943603516,0
internal,69,F01_Tom,9,1,b44fa875dc25e65f58eb54ebb226ec87c8636cf3cc82491e5bce6f96e1105f27,be094555e08a06d0895519f9b006b90702f01e82517080aa957e763f2f02785f,-0.19677263129513184,-2.2966049490988785,24.158405303955078,0
internal,69,F01_Tom,9,-1,b44fa875dc25e65f58eb54ebb226ec87c8636cf3cc82491e5bce6f96e1105f27,c78a3a1b7d2bafadf3e12e9624f5fced47a4522494abf0eb1d9a8d48d53329ff,-0.1636235569188911,-2.1750169046419487,24.155160903930664,0
internal,70,F03_Sarah,10,1,39a3636fd4db5328a26151f7dd48a540b8cccf5a51aab7eb1c50b98e16f0aa51,501ee0b702641996ab5188676ba9748fbcc30ccc504de767205cf144c0e52e01,-0.11900347959829702,-2.0076471360337713,33.14584732055664,0
internal,70,F03_Sarah,10,-1,39a3636fd4db5328a26151f7dd48a540b8cccf5a51aab7eb1c50b98e16f0aa51,844f21c33aea93f64695a2762cb9dcc329326155c8b818e4ab26f20c57af56d6,-0.12140659246180888,-2.0465154442117393,33.37500762939453,0
internal,71,F01_Sarah,11,1,48a4402c17b1405be1cad697a7639706782fb05a857e8626015e1a947213ae6a,e00d73944369bd4cd5567e7a2766cfe0a70af1795fb8df827762c5e3e68dec5c,-0.06913067036210122,-2.1325910716164707,30.41715431213379,0
internal,71,F01_Sarah,11,-1,48a4402c17b1405be1cad697a7639706782fb05a857e8626015e1a947213ae6a,cc3a19e6a4c9900fba34c8a58698654705f536041d9c299c04e3b566c3e616a4,-0.07373894852940244,-2.1326177676640663,30.357629776000977,0
internal,72,F01_Tom,12,1,dc7de1cb1c6acc188477ea0dad360aa805787c6cecc548befaa74e6b8a471523,984e9d84ab9e00c2827f9ebe7c199fb9b50294ea895e8358972b0454d0523d64,-0.12928944802097475,-2.090623474150104,23.08697509765625,0
internal,72,F01_Tom,12,-1,dc7de1cb1c6acc188477ea0dad360aa805787c6cecc548befaa74e6b8a471523,fbc00b1ec22a1530779f3d22e356b7bf5284351e470827a58a263c4020a5b6c1,-0.13389879754098327,-2.1084261778506335,23.539976119995117,0
internal,73,F02_John,13,1,fc0c486a7e3f255613d351280addbe9dae5c5fa8765faed3624135896f96c24c,4bdb683f463cafe063248a23f754f0167465ee5b915d23f4bd4ac8d1af385cb9,-0.17707712854432814,-1.7447293112123394,46.07229232788086,0
internal,73,F02_John,13,-1,fc0c486a7e3f255613d351280addbe9dae5c5fa8765faed3624135896f96c24c,a00fb2eb65752317cff27d8a61a809a727b36670d3c255b1e72c54501e5a93d7,-0.18057323193390318,-1.714453219668851,46.175148010253906,0
internal,74,F00_Mary,14,1,5499c862dad9e7dbcacf53815d492e81ce1f54af2847fc0568156a664b37eeeb,d1065732ade29cda1e76f4fefa3d7362a8817d312e9c5521f0a4ca11a422bc1a,-1.582439137529712,-4.947033947049818,27.80792808532715,0
internal,74,F00_Mary,14,-1,5499c862dad9e7dbcacf53815d492e81ce1f54af2847fc0568156a664b37eeeb,ef47e8ed98a19f38b5f351737b581c843d2b668357cce576a3cfe80f395e4b69,-1.6151298242450929,-4.95534163001528,27.83121681213379,0
internal,75,F02_Mary,15,1,0ab654256c7dd29ac98e40d7d931627d647d88d1c3e34a6443e6b47bd3d929f6,64b145b4fa84272084b919c8feaba29fa303a8612440999d9ad9957af3508b7d,-0.29402777896680676,-1.736226877116537,19.08119010925293,0
internal,75,F02_Mary,15,-1,0ab654256c7dd29ac98e40d7d931627d647d88d1c3e34a6443e6b47bd3d929f6,9f1acf9c51414cd37c760f77e04418f87a59d88d6327c0792fdd57812318ad6a,-0.2915734564940014,-1.7265819548931332,18.981014251708984,0
internal,76,F00_John,16,1,296b96663a36a7ef0a1bf6d90f0310fa481910706f55fbf1f5174200446bca3a,96481069bb8cbea8416b21bc64adc53026b7e9acdde223497f7da4be77cbc53e,-1.969631849826984,-6.099552907051619,25.320280075073242,0
internal,76,F00_John,16,-1,296b96663a36a7ef0a1bf6d90f0310fa481910706f55fbf1f5174200446bca3a,152d8a28b435b2d7bde1d689fac19f3031459a468053c235f19ea438384c620b,-1.9864715046594028,-6.090794512754712,25.297176361083984,0
internal,77,F03_Tom,17,1,580790e85bb74519c4ba264d166c55364ed597cc0895e49db1ea9c50d40eceec,981e050fa7d6b9b93319ee0c2ffc96e44294ab43decb9df3fcd3702cd243bd10,-0.23501195014777865,-1.5637674523009442,30.091150283813477,0
internal,77,F03_Tom,17,-1,580790e85bb74519c4ba264d166c55364ed597cc0895e49db1ea9c50d40eceec,421bc7bebcdb904dd131796447ab558188904e65ac9992d816881a2e03fe03b7,-0.23639596883422273,-1.5670787317810548,30.086774826049805,0
internal,78,F03_Sarah,18,1,381c754613fcc5ef980a7d22a17bafa7fe3cd77634b6e780d6085088aa36e6bf,e90b26ce6f62b3c8a393f27e87b0a319f910fdfef57bae16ea4cfb3590d370f4,-0.1253684890682371,-2.085300323363496,32.91826248168945,0
internal,78,F03_Sarah,18,-1,381c754613fcc5ef980a7d22a17bafa7fe3cd77634b6e780d6085088aa36e6bf,fe0c1a195f5878b012add69c358ccc1ff4195f4aaab7c970a59065c07a6818bb,-0.12351462793542979,-2.0497993602608306,33.003597259521484,0
internal,79,F01_Sarah,19,1,f3d8b7e57b032f4d0044d9470b556ff6f265d27bbbd2dfa8115ac7a3c961d5c8,3254c1826a468316b941dde5cf34a8b31eac53ada2cb393ff4232a5d85560014,-0.07005437241144159,-2.0418923581795494,30.329652786254883,0
internal,79,F01_Sarah,19,-1,f3d8b7e57b032f4d0044d9470b556ff6f265d27bbbd2dfa8115ac7a3c961d5c8,9ab894a5308109696109421ccd21248c52f85dde3a3c989ba0787007a497ed70,-0.07120211171676365,-2.0602713089287903,30.336801528930664,0
task,0,F01_Tom,0,1,b393978842a0fa3d3e1470196f098f473f9678e72463cb65ec4ab5581856c2e4,4edf26cfb8c3a06f92e822225683317822648049b5c7fed52dfe24a272eadf14,-1.0658895419109746,-5.096281176004796,3.6891372203826904,0
task,0,F01_Tom,0,-1,b393978842a0fa3d3e1470196f098f473f9678e72463cb65ec4ab5581856c2e4,c3bfd0572f59bd324d0c28c1d63f20d74301eed7fc7198035bc62a690e05e6a5,-0.9166455272851319,-3.816110002143474,3.6891372203826904,0
task,1,F03_Tom,1,1,62f2a8563214742f013a3291ea622846e2dcf31d630c1aef2ca426d67af62db5,0785ef18a8ae085475b83b68ce1f0ad941ac28876fc818561828d0ab2220d6ee,-0.94236943563852,-3.4403379088260344,4.406177043914795,0
task,1,F03_Tom,1,-1,62f2a8563214742f013a3291ea622846e2dcf31d630c1aef2ca426d67af62db5,d48c03422ac3fc4bd6b20a741c5f1335fa02fd017824b39fbcb5de856289e5b6,-0.7141460693283243,-2.1022801960112836,12.949060440063477,0
task,2,F01_Sarah,2,1,82efa3cc1631bd13c5a664803100af543bfc29f21fbb273279b342f87dbb8bd5,eab820eab5539e3ae065f5335cc99d8250108dc150f78b473229ba9fa82cd30c,-0.41017387314771897,-3.8223519031045505,11.125269889831543,0
task,2,F01_Sarah,2,-1,82efa3cc1631bd13c5a664803100af543bfc29f21fbb273279b342f87dbb8bd5,ed45d450fba4255511cfc1f51c93ad96be967ee23dac8df76395c6002c9fc0b2,-0.2957062574302322,-3.5922610986809254,13.773043632507324,0
task,3,F02_Mary,3,1,cdf5f94f15b6ce1de80f0449603ceb59d046cb8279dbbb5571830e03754e62f6,a3c179f2b8baa570c437703e17ab466e69d7837a5292e0ea6db7226b18050ef9,-0.9532290654727544,-2.6737015427672173,1.8838281631469727,0
task,3,F02_Mary,3,-1,cdf5f94f15b6ce1de80f0449603ceb59d046cb8279dbbb5571830e03754e62f6,f367cda7569f9d1690827b47afb80ac7c73fa13b282cead6834ae8d6738e0c1b,-1.0553924696515438,-3.0464319306731356,2.3356406688690186,0
task,4,F03_Sarah,4,1,e3ca49fe37980f35a0d396675a727c60bd828cd023e618bc167c91080e15f0cc,8af38561284d574c46b6ec88b4d3d0c590b937e6342f31e28c66f56e8c5480b1,-0.8534220851837812,-4.972038916319475,2.8970367908477783,0
task,4,F03_Sarah,4,-1,e3ca49fe37980f35a0d396675a727c60bd828cd023e618bc167c91080e15f0cc,e99a503192269b52ff7b81a3f05e2f4dcaded77c32099c409fd87ffbee67f3c3,-1.1504008889213595,-5.822814931678869,5.001943588256836,0
task,5,F00_Mary,5,1,e9cf95319c7e964eebe98df379003a8b348cbcf6f4ed6bb12b6b4599920e94c7,dc6639a18439a1948e3b3958fdeb47d3d713489e20089bf229fd4bfb8672c7bc,-0.5338844891160894,-2.3479011582058464,11.994575500488281,0
task,5,F00_Mary,5,-1,e9cf95319c7e964eebe98df379003a8b348cbcf6f4ed6bb12b6b4599920e94c7,95af9501376b067a77b75049337370034c353503ea8048b01ee2b780da7aa651,-0.5329492754134848,-2.3397129138771513,11.994575500488281,0
task,6,F00_John,6,1,c8ee6263ba8863e8c18ba14516246cbc774046ba6751b8bf8132394f8e6a3bf8,bf56d2658708ceb386aa86cc123eefcbed755852a6533a5105e785db19fd79fa,-1.8256319928754763,-5.320009939352551,13.393560409545898,0
task,6,F00_John,6,-1,c8ee6263ba8863e8c18ba14516246cbc774046ba6751b8bf8132394f8e6a3bf8,548abfd532f6b6fd0eaa64ec9c1e0bf5f9e5a63170a55a80194765cf54fffd5a,-1.827810842855642,-5.276054144334281,12.584456443786621,0
task,7,F02_John,7,1,77681bad629f5e100d3259a225ffa7c4b72c6e763537db9db44f7d502bb8605e,d986f6f9d548d7dc0d5318fee60661fcc50dd10714e5c768da03b14c53b052e8,-1.228723753670824,-5.946807825019987,13.567618370056152,0
task,7,F02_John,7,-1,77681bad629f5e100d3259a225ffa7c4b72c6e763537db9db44f7d502bb8605e,efd0e1981f16f208c4742ddabd46b94110fd655c47ce6d5a0ed78e12350a7f7a,-1.2461953288045295,-5.896088722019163,13.621037483215332,0
task,8,F02_Mary,8,1,c19390abe5b4afa027c4c083aa2b0f45f73d6e7c1604e92f858a17d70a0e922e,57b1641d51f736aad686d0cfddbff6539cf690c2bfd600220384897d9e8f2066,-0.5545110963416258,-2.1396683442225672,11.916874885559082,0
task,8,F02_Mary,8,-1,c19390abe5b4afa027c4c083aa2b0f45f73d6e7c1604e92f858a17d70a0e922e,ff97dd885da26a0b6c83a4db90ff4523cf631c3ff474bcf8f3d4ec36f82d0a86,-0.5554661198375114,-2.121560378598011,11.929924964904785,0
task,9,F01_Sarah,9,1,1c6175126711c1487c8cf39b4f72c9fae4c1a059000346ed47c0432f92d6b95f,58aafac1527ff04a2e2e9fc19bb94766250d4b6495bf310d67acfc4c77ee3248,-0.0785526816422237,-1.7877979508668267,33.22427749633789,0
task,9,F01_Sarah,9,-1,1c6175126711c1487c8cf39b4f72c9fae4c1a059000346ed47c0432f92d6b95f,57ece36d270674bc43e3b872d0d7a53a7f478862fdfde162c3b0839f98eebfb8,-0.07010006045868664,-1.77235813657721,33.026954650878906,0
task,10,F00_John,10,1,c4af320f23019215f0803d34562d437f2ef33cff5a18bb7ad2923a0cbf49d9a4,b8b993fdad5fee2b8b5966a332b878ed93e84092d9b1624c40676c1f3917969a,-1.7688435951599264,-5.337205130073217,14.18356990814209,0
task,10,F00_John,10,-1,c4af320f23019215f0803d34562d437f2ef33cff5a18bb7ad2923a0cbf49d9a4,69a5fb34057010a7091c4dfc2c841a41dc603f7082f87e00863f1656eea11086,-1.7883487942270708,-5.3809015521685,14.18356990814209,0
task,11,F03_Sarah,11,1,a66cfa902f3c50f21e2d6cd66b34ab991eebe8dfb247e204f7831afe628d0473,3d9764b8430e6e2c1b7464e0643e28757e45dedec7be468f30ffbd3d84248a9e,-0.6290222624031725,-4.53426258396569,8.03571891784668,0
task,11,F03_Sarah,11,-1,a66cfa902f3c50f21e2d6cd66b34ab991eebe8dfb247e204f7831afe628d0473,8882d2e791317a7a8d2cfd30f0601c70b0e8c96f05c6ce599957a6b46b3ab186,-0.6175856191160034,-4.496765430976398,7.620700836181641,0
task,12,F02_John,12,1,35bdd450ba467597fb874136055bb92df6760cba1cf27f5a1ff47094c72207cb,952feab5725c9f719a003905f039f0f24f0c0b307a434bc966a3a1a05d97becf,-1.2475383353674347,-5.794755174653542,14.667824745178223,0
task,12,F02_John,12,-1,35bdd450ba467597fb874136055bb92df6760cba1cf27f5a1ff47094c72207cb,77c50425690805d9336b75d9a466a591a46832819a797481a0dd154b7bcfdd51,-1.2281017929294737,-5.797858878535683,15.490982055664062,0
task,13,F01_Tom,13,1,905829a6ac399ecf42e3b204912cdaa5c3fe1bd52c934f5169a5a605fe99ec7f,4a1c85e6e6c1e85515f12046ccb709d946dd2f792897c4eb94cd23f68bf33ce3,-0.05415611922680122,-1.7519284014351229,29.309913635253906,0
task,13,F01_Tom,13,-1,905829a6ac399ecf42e3b204912cdaa5c3fe1bd52c934f5169a5a605fe99ec7f,46fc41d67736f0014f1d8e290f4c98cf182de42067a7dc12ef6d6b48ef3954b9,-0.0544490204954213,-1.7042582352603732,29.43329620361328,0
task,14,F03_Tom,14,1,8adb594cc5eac67063c0b748e584d6c41cb4d50a6359d23c3acd79cfce752db7,67f2ec76d8337fc04a8fcc0bf65f23094a7dc54cd123db124a496a02ba500502,-0.9296452509547736,-3.631397277660032,14.181047439575195,0
task,14,F03_Tom,14,-1,8adb594cc5eac67063c0b748e584d6c41cb4d50a6359d23c3acd79cfce752db7,fcd7a910a1b235a728c1d92fd1dbdfa7c45b7485ea6bc3eec77f2b423cff2a32,-0.9490950457284466,-3.6724329807543423,14.474437713623047,0
task,15,F00_Mary,15,1,a9adb35147397bbad87b61c6ce08c7f7c1604983afe92bb4dadf3ef6a0d9cd7b,f0148730c505cd354aed3112d389a3597a69296d61ab8b56b830d80e47b344c3,-0.5101722325167034,-2.4363193908031144,12.658449172973633,0
task,15,F00_Mary,15,-1,a9adb35147397bbad87b61c6ce08c7f7c1604983afe92bb4dadf3ef6a0d9cd7b,61293560d2b9d0eaf7e7d0088b2a44900b558aada4a3649ce028d1d75d187a14,-0.49445882799463636,-2.4139517406482476,12.658449172973633,0
task,16,F01_Tom,16,1,c5ce960b8046f349515bace1427b99e8f0c7e951347e55991c6a8291e7c652e7,69cc808b17183d5c8242fa36be50e7f7704008397882269daad9e0039692a400,-0.05376782420747674,-1.685919838146417,29.829797744750977,0
task,16,F01_Tom,16,-1,c5ce960b8046f349515bace1427b99e8f0c7e951347e55991c6a8291e7c652e7,52f16478180b1dab60edd33dc7108045c672430b02cc8a16c60204bc6c5b1889,-0.053202236273519415,-1.6743959319035495,29.859207153320312,0
task,17,F02_Mary,17,1,30e0d71f226a0647028c75b918d30a4538bd42bbf96f235ac7539fa4b69abe73,1e294c658157bca3bf53b939e6074d03dccf8514fb3d1ec7897eeed05352dbdd,-0.5910514372597662,-2.0974442071886967,12.972941398620605,0
task,17,F02_Mary,17,-1,30e0d71f226a0647028c75b918d30a4538bd42bbf96f235ac7539fa4b69abe73,afa23cc354031d1f199eaac323e437800a1a8867be6888ac9fe74ce874d345de,-0.5917559548676645,-2.053181303561634,12.962872505187988,0
task,18,F00_John,18,1,f2d8971ec79e9a541898fd4ab35187bfbd5480e8fb6e6620fb0c6f746fcfa6cc,8cacbd8ebd303a8e66db7821ff25ea3ddde58e48404fc24ad7ffdf9095f62bc2,-1.7328651158499027,-5.318974731346337,15.070647239685059,0
task,18,F00_John,18,-1,f2d8971ec79e9a541898fd4ab35187bfbd5480e8fb6e6620fb0c6f746fcfa6cc,ae34d9a61de65314f6c42c439a8b96efdb0f34ddf499818d904da69d51779723,-1.716706621250243,-5.2924926335131754,15.08065128326416,0
task,19,F01_Sarah,19,1,7af07f54d006122b8e3eab1f91f78fe100677bc840b7a73359ec6dc1164e29cf,94280bc6a04f046acb525800f1ca9ce05bb15c58c700f1d456bd381f680f5b5c,-0.07650052077498645,-1.9099218237033386,33.11612319946289,0
task,19,F01_Sarah,19,-1,7af07f54d006122b8e3eab1f91f78fe100677bc840b7a73359ec6dc1164e29cf,3850d55d20ad2801f93ee651465f8635442f71f18ec9c983c324b891d30b0df2,-0.07623305308306047,-1.9026223008849532,33.10063552856445,0
task,20,F00_Mary,0,1,901c9ec44264fb32ee002bbec847bd4713d938b4a2618179db091293544b2137,9836d41ca40cdffb64e5b26f779001053d4451f35082dd3b7df161b855929e9d,-0.6801680961307791,-2.6223822804840085,9.234739303588867,0
task,20,F00_Mary,0,-1,901c9ec44264fb32ee002bbec847bd4713d938b4a2618179db091293544b2137,6333de1781a8af8a67fb6407ee8498a8f2b847481a68ad3d94497151bc17c8c6,-0.3513702333736871,-2.245019786667716,16.279346466064453,0
task,21,F03_Sarah,1,1,bf390ea0be278f8b9e6e9f84d5eea766097a7a5b06c9428e9f518963504461d9,cf05188d60b51b6ad83dcb4b54f484a0325621dcbfa0839330755f36392e71d8,-0.44511902078818555,-4.131285165759357,12.812443733215332,0
task,21,F03_Sarah,1,-1,bf390ea0be278f8b9e6e9f84d5eea766097a7a5b06c9428e9f518963504461d9,859eba94bf90b7b14c3ac30c1cb28c2cca917167c187292eb39f541122d077f1,-0.1950206404600148,-3.4687914985396775,19.79575538635254,0
task,22,F03_Tom,2,1,29193aad3b8db63f085369d225e99347a54fadee83335198e03f05f028b7a825,6dc0feca9756fd3fd18ebba884563761e60b76444ea100f173e5eaa97c292b59,-0.3195859542511484,-1.524156212177766,22.02384376525879,0
task,22,F03_Tom,2,-1,29193aad3b8db63f085369d225e99347a54fadee83335198e03f05f028b7a825,d4574d862450940e1b603d7f013a0a3897107cb16141b3f39ab3cbffa00fa3dd,-0.32333399897056003,-1.5161231827817039,21.852338790893555,0
task,23,F02_John,3,1,e4f8c86ff420489f5d0f0155427e9ef60e877fea3377db9f09503cac677e68f8,9faf9352c7e6db07e51d4bc1b6fcda175f54f4b74a2ef505e4c55a76b56c453a,-1.314589795160947,-6.507768859448381,24.004070281982422,0
task,23,F02_John,3,-1,e4f8c86ff420489f5d0f0155427e9ef60e877fea3377db9f09503cac677e68f8,0cde657c0cbaa57dfaa05e100d76cb2e9cfb458683d3de935a230f7a5c74d430,-1.3569602313711566,-7.050315345045338,31.811555862426758,0
task,24,F03_Sarah,4,1,0e1a58c1b566de43886a39ea115c0ebe03f5e79eb670f6c9a64a8e50c1842c85,7ed298f73fe0b70accda9fd41e7202b50f9477ff5b4fb38f42b81f3ee38964b6,-0.5103145952737841,-4.189307201778183,11.710817337036133,0
task,24,F03_Sarah,4,-1,0e1a58c1b566de43886a39ea115c0ebe03f5e79eb670f6c9a64a8e50c1842c85,a14975eb365b6d59190c183e0492e69d800f15b7f318ace95f79359aa6e22c98,-0.8748953390892634,-4.8536196792243755,6.753422260284424,0
task,25,F00_Mary,5,1,5c58584e90db58044916c39de9e8e5c2619ded6dbd4d8f215eebc7111f05da00,b59dad49ff2d8205eb75ec9284dcd657e0c0efc1b0539e3e96849d7c0681f8cc,-0.1379631474183769,-1.8872795884966584,24.039724349975586,0
task,25,F00_Mary,5,-1,5c58584e90db58044916c39de9e8e5c2619ded6dbd4d8f215eebc7111f05da00,bcefd206c68ccd204faacc2c35fae7d641e7ff37d1e9d6fe01b171d38b28f863,-0.12574271144847046,-1.9228779238890836,24.44919776916504,0
task,26,F00_John,6,1,0a5b972e3e7bf9712ee4990f7dfec5687eebe24b7dd8c5a640a160d34d10536a,56377c029d1d5406eb5aa8d15aefcf37d35d7f27b6426fbdbcc00f74ca2f6bff,-2.1659071234901126,-6.259831671652424,26.34641456604004,0
task,26,F00_John,6,-1,0a5b972e3e7bf9712ee4990f7dfec5687eebe24b7dd8c5a640a160d34d10536a,8a424e02344a5bc0eb9b20d30fe2d0d6d0b80ca3d6107d6f9f204987a837e302,-2.178147572605311,-6.199672295765156,25.777956008911133,0
task,27,F02_Mary,7,1,091d60cf916b2edbf7c2854dccabe621003e0290994c20e2ee3be2f72bb6d3d6,7d2be45ba698f6641b98c323ba859d691cb6a699105739b852b2f8e1df0d5bda,-0.2122069367464822,-1.4336831844412148,25.659048080444336,0
task,27,F02_Mary,7,-1,091d60cf916b2edbf7c2854dccabe621003e0290994c20e2ee3be2f72bb6d3d6,fdc048a95cf63134b03ecba0fc13309918692184b1ccf1eede25298e64ab6d8b,-0.21857204261089308,-1.4411505991776414,26.179964065551758,0
task,28,F01_Tom,8,1,d58af3730a2a3c66b2d1c1a6684ae9c7301f4886ee7c5268774ad0ba69497cae,1468595ce617b8815381e717dd66762e1be0049063f0e36ea3719c1e79ce9d3b,-0.1418392147967782,-1.2955439458219917,55.58393478393555,0
task,28,F01_Tom,8,-1,d58af3730a2a3c66b2d1c1a6684ae9c7301f4886ee7c5268774ad0ba69497cae,7feeaf9d4cc0e409066ba543ab8dcb8aa910486a693c066a9f29537fb33690e7,-0.14727195059468967,-1.4063694369374777,55.14301681518555,0
task,29,F02_John,9,1,c7dc3d06fef6bc092b2e57b2aad8960804afa6afc4440f867e245cd955478d09,3a1063a2032dd21d404571ee68026330c351b7ce9abdf2c9d12c88bfec08bbb5,-1.332989737274535,-6.793099094388925,27.717981338500977,0
task,29,F02_John,9,-1,c7dc3d06fef6bc092b2e57b2aad8960804afa6afc4440f867e245cd955478d09,90409fbc2d81d599c319da8e07413a0fac5d3549e4275334a9bfed87810a776e,-1.3268809511704747,-6.797072000675105,27.23851203918457,0
task,30,F03_Tom,10,1,2dd7fe78c85514b4bd643219310eb57b3e201742eaa8110b72b3c38600da5938,874330b8ed90d70bbe7d6ae7aaeff15fb14c833ea3c6fbc042b11cf7161261c0,-0.9936050512441209,-4.171560933610552,8.157604217529297,0
task,30,F03_Tom,10,-1,2dd7fe78c85514b4bd643219310eb57b3e201742eaa8110b72b3c38600da5938,5b0c9d626f5a37332a21b7a5d5c42ec7b3873fd017d346f953b9186f1b3e5c4c,-1.0005331317935984,-4.167365011521641,8.278485298156738,0
task,31,F01_Sarah,11,1,ef29d2b495880c6b32e555f5c94b41c2f2d8b4121cd8d2221ac5c235690c5142,6e41012dcc76c143c1ea881f7f8ac09b68ccd095518d65d8a938781d9ac77b74,-0.20968892520445465,-0.693909715603975,66.14679718017578,0
task,31,F01_Sarah,11,-1,ef29d2b495880c6b32e555f5c94b41c2f2d8b4121cd8d2221ac5c235690c5142,43cc8853f73ae108e84c8dca9154331626a7f90ffd11547a4d15e57ea29ae9d9,-0.20531430914177012,-0.7218008607900174,66.14546966552734,0
task,32,F02_John,12,1,d53c53d3090e3ab4891c924c7d30039c8eb92ef75232e253cae967738455ed29,2b0acfef6031a2c795acd8e2a8a56463ccc16fd63eb5f1cfff845df9c774bc04,-1.3521724195635236,-6.722095289686982,27.702999114990234,0
task,32,F02_John,12,-1,d53c53d3090e3ab4891c924c7d30039c8eb92ef75232e253cae967738455ed29,c30ae642ab2dcf3c80a5536b743cbc1463fe1e78d1a0ce9db8febda1ce739696,-1.3513504092112114,-6.742484898667827,27.773609161376953,0
task,33,F02_Mary,13,1,63daca89e4e0225a5b8d22d672071dd292bc4f4863519422df968ab2a7cf02f2,7345a820520acc79214182797029c6e9c9bf14577fd78302d66db10338624627,-0.22342617726102285,-1.4003197416808084,24.30623435974121,0
task,33,F02_Mary,13,-1,63daca89e4e0225a5b8d22d672071dd292bc4f4863519422df968ab2a7cf02f2,cccaa2c82d935e049e374749c8b1d10483f89e40822fd26ca24e976aad3f7cb2,-0.21095268203496842,-1.3274856872395129,24.211544036865234,0
task,34,F03_Sarah,14,1,85871c1ebf1e9e1debb567672765bb72214cfb5dfbc0272584735f16bceafd34,5f12acc72cb1c061df151c55def475d6e8cc84792ccdf35975c5c0f3b802a74f,-0.2980986316412304,-3.752326832804891,18.30759048461914,0
task,34,F03_Sarah,14,-1,85871c1ebf1e9e1debb567672765bb72214cfb5dfbc0272584735f16bceafd34,e64ce451cef6ec1660765d3bcd6ba92ae99b1c92994fa3dd48c0a227058aaf3e,-0.3124003080747473,-3.8297412477695256,17.338150024414062,0
task,35,F03_Tom,15,1,bf30b5f6fdd4d55af5d9b2a9ceb3363c8fff5060b697ce31e9b266d3e58b92c6,042f317ae457d7e29b88bf8cb778d408fd7f79d7dd78a910f14a6508f4eaa6f8,-0.9989994996621429,-4.180825696881863,7.986356735229492,0
task,35,F03_Tom,15,-1,bf30b5f6fdd4d55af5d9b2a9ceb3363c8fff5060b697ce31e9b266d3e58b92c6,14f6499d6fb077bb9ff4b6ddca3fa240cec9841628d299b7760ff99283e5ac99,-0.998104502941384,-4.142960546580077,8.457586288452148,0
task,36,F00_John,16,1,086bd4c63db71e9f6f2cda38bb7178fc65ece9c009b596dac316b483a31a11e5,76d7ac6ce4286041f6e3b3cad5475645dd713ad345171d9b3f52c399773da7e5,-2.227240482421169,-5.964619070754973,26.620384216308594,0
task,36,F00_John,16,-1,086bd4c63db71e9f6f2cda38bb7178fc65ece9c009b596dac316b483a31a11e5,947bac93afd9d2da0ac2031037920b26b9b58f84111631d5878aba335eb55265,-2.2170985202595417,-5.995679004181306,26.514554977416992,0
task,37,F00_Mary,17,1,a4994debf23bcf4600daff1413bdbd358ead60152ca45726c0c7b5df170de116,a13e255e4c4a730af1e13debb97c1a0e825fe1bd72a261a9194de3049a2af74f,-0.14625520337315015,-1.8566725876138026,24.809343338012695,0
task,37,F00_Mary,17,-1,a4994debf23bcf4600daff1413bdbd358ead60152ca45726c0c7b5df170de116,dad33276a69d52b17cce91ceae7c278004681a02f528709db2646a36774b97ab,-0.14292618051859263,-1.8342939696849145,24.937307357788086,0
task,38,F01_Tom,18,1,08736ddba9c2db2a1b98b16ed521a243da5c83fb81c2b5514bb19c1be37b6c7e,1945a48598520b077a2bf2ba6c9854cd6603513d1f77e70aa1e09f8562c96ab1,-0.14551374419865434,-1.2508575686532377,56.48012924194336,0
task,38,F01_Tom,18,-1,08736ddba9c2db2a1b98b16ed521a243da5c83fb81c2b5514bb19c1be37b6c7e,a5ac2f8475132e5a03d815a41f2e9510a2ef259aa1b98f5d1e3ea8b8d243011a,-0.1491984497757263,-1.2303996543354347,56.41509246826172,0
task,39,F01_Sarah,19,1,652e8fdaa24ba7959fd1e30c02afe34462b26176a31066f3901d0b40bd3a7b8c,eadd08df88612fb0dd882baf0e607342c1f980114c5d7f66ed22e135d2a34004,-0.2195685244704431,-0.6957893535608145,66.18049621582031,0
task,39,F01_Sarah,19,-1,652e8fdaa24ba7959fd1e30c02afe34462b26176a31066f3901d0b40bd3a7b8c,8ea59e45c3beea6df7ca88e6a69a7a0abc28153fffcabb4ef3f9cdbf6511514e,-0.22053918851377569,-0.7092735509545659,66.1905288696289,0
task,40,F01_Sarah,0,1,6f3b1fcada00146076db71fd72bdb9a64d5c2107fd04f30e529836b5399b94ce,15feafacbff859f1030947a6fc7a5525d3845c9422ed46e4f10bcd11abe2d4ab,-0.18423137121645827,-0.7288412712020177,62.164222717285156,0
task,40,F01_Sarah,0,-1,6f3b1fcada00146076db71fd72bdb9a64d5c2107fd04f30e529836b5399b94ce,7d14297b0f6009bb6013fd9b8020b3f68ac0775a1b477a1c8dd566cadda3813c,-0.2354413510128175,-0.6771865341562792,69.50833892822266,1
task,41,F03_Sarah,1,1,5317675512855facc885b32913f16abe217a64e4d318544bdc9f4442d3a4f8c0,59ecfdd9a988bef1c16099530c8d18c1f0a819f81979fe27c675519af63a7e76,-0.20051542061972208,-3.3319329009346657,22.137775421142578,0
task,41,F03_Sarah,1,-1,5317675512855facc885b32913f16abe217a64e4d318544bdc9f4442d3a4f8c0,ab2d8c22b85524fbfb10306db36463104bdd9d49fea477df83f9c619846f2da0,-0.12653321593791408,-2.469180291902027,28.681533813476562,0
task,42,F02_Mary,2,1,f4e820e6abb226430f6c30da55b95cc39c3b023fa68bbc748dd36fd5619d35ef,7381dc92a8d0f75e93903ebf2754efc2dc382a7baa9a01a94596ef2a8236cdb0,-0.19751923235626162,-1.252251884478704,28.961198806762695,0
task,42,F02_Mary,2,-1,f4e820e6abb226430f6c30da55b95cc39c3b023fa68bbc748dd36fd5619d35ef,a03d63f5bfaf932a28932d6167a71a29ca80b7868c0219427b534c8763a264b1,-0.206451400976515,-1.3074771876477462,25.710060119628906,0
task,43,F02_John,3,1,7c5b2205e6e59eae98d72b117091396396a1839b80c5e7c5d52c95788644ea3c,6cf109c22b9658a9312a515ca3b7026a8cee592f37e4597c47ec51f92504aecb,-1.2255467356300869,-5.499046745926031,12.577743530273438,0
task,43,F02_John,3,-1,7c5b2205e6e59eae98d72b117091396396a1839b80c5e7c5d52c95788644ea3c,8da0c1d6fd4469a94b9a4aba770a537ddbcefd86426b2adefde006358fcb2747,-1.2927849190311183,-6.199596371751124,19.542316436767578,0
task,44,F03_Tom,4,1,5eb9ac50b01252eea78da54c47b2d2f7905474552348c4c0bc2e887f75dde6b0,6bdbabe50a7bee0fd84d4189a650046526db0ae0a611d6dfe29aea5c716ad6f9,-0.9453775454958652,-3.4877160957691373,8.325506210327148,0
task,44,F03_Tom,4,-1,5eb9ac50b01252eea78da54c47b2d2f7905474552348c4c0bc2e887f75dde6b0,dbf1d5eb9cbe0e31c1008db7b9ac85bea20d3eddf02ce867561a704b3e04e58d,-0.726883258831601,-2.2241892367697496,12.641457557678223,0
task,45,F00_Mary,5,1,d046eb91269c913b9a21dd5d9c1ab3b4433502e368871ffa6701601ec2de1d81,00368118ed336c4d46019c13f50fc5f233d1bf485b2bbe22ac7205b29156e632,-1.1155665880811978,-3.1826212980270356,9.899457931518555,0
task,45,F00_Mary,5,-1,d046eb91269c913b9a21dd5d9c1ab3b4433502e368871ffa6701601ec2de1d81,2ba237d4684012b4ee4c16c8ba7fc2b5c1756a0b222016d6ac799b8ac692d04d,-1.0859561910723103,-3.1878885578167377,7.627092361450195,0
task,46,F00_John,6,1,37f0238a15b17fde4dcb41fe4c029183097ab29ea701e63dd1575840a243ff5d,ff9a07135341f80e9fad209d93e427c0f2c202a975f64ef6059c21cbc2b55f5c,-2.3252461584097466,-6.355539360263361,32.74724578857422,0
task,46,F00_John,6,-1,37f0238a15b17fde4dcb41fe4c029183097ab29ea701e63dd1575840a243ff5d,21c83748b9c65dd9284b668863b60980e72c560a679412ee9e7ddf8e17e9abe4,-2.3312545086994643,-6.248583967778459,33.96050262451172,0
task,47,F01_Tom,7,1,7a12381712c2b5df3109928c1bbf84d9230b640894fcdee959b067d4d77710f3,17ae1a1d844c9882eb20c2e529a199cb5b906a80e18d789a5e7805f4f68cda74,-0.17568092963856896,-1.1610878037957153,69.50834655761719,1
task,47,F01_Tom,7,-1,7a12381712c2b5df3109928c1bbf84d9230b640894fcdee959b067d4d77710f3,138b8a8c1b9c243e1b3a691c2fb6b80dc226f780dcc5b1e10b7807a047301718,-0.17446574414833058,-1.0739146362632557,69.50834655761719,1
task,48,F03_Sarah,8,1,edd6e4c69e000281c00ef0e686c4cb1f7065efba53ea740cf1be87fab7e3a634,aabaf1ab41a897fbc2c949456df2a8d91ac48a5cbdfd8ef87f7712f52bed0dcb,-0.17630879012021242,-3.040868619794391,24.191478729248047,0
task,48,F03_Sarah,8,-1,edd6e4c69e000281c00ef0e686c4cb1f7065efba53ea740cf1be87fab7e3a634,52586d1c3cfb357f6ef63cd828c138479b235af1e267acda4d2450f8cecb358e,-0.16434191553756086,-2.9564889527759313,24.566003799438477,0
task,49,F03_Tom,9,1,6c3c2a545d413d5915b285c3db46988c5470aa3380d8298b8855a0e00ad806f5,947c1c909f72058c7cad524d4b72dcba6c458b077185b0c6cacdd52bee2250db,-0.5356335003690672,-1.7422370109690188,16.817773818969727,0
task,49,F03_Tom,9,-1,6c3c2a545d413d5915b285c3db46988c5470aa3380d8298b8855a0e00ad806f5,f6973a8d6e0d654d4bf6fc608027eb79a5e26301faa0f6543d074cf45fddbc11,-0.479073765784444,-1.6635315539885815,18.7315616607666,0
task,50,F00_John,10,1,456d5eb61b7ff60f3bacd0ce077afef0019d2f9c399d000abe650c3a7051cd1a,793c99fb89c9c8c55d841cb01a7d2627a1cc0672fed1bf18f0ae641ac05c10bb,-2.329091462132486,-6.364368400785734,31.818706512451172,0
task,50,F00_John,10,-1,456d5eb61b7ff60f3bacd0ce077afef0019d2f9c399d000abe650c3a7051cd1a,d038f0603a911ba3d1ef7dd6cded597e7c0530a06b8b0190cbbc761bfcdbc186,-2.308837912447937,-6.398789810706912,31.68486785888672,0
task,51,F01_Sarah,11,1,4901ef03bd5a62660994c1505f6c2c4c8b3e23a22ebfd3ea6a51adce0190f510,edd54884b6b4ef7c71c19aff5dc74ac69910cede352d528346181a05a788dd8e,-0.2279411454454491,-0.7547676167904118,69.50833892822266,1
task,51,F01_Sarah,11,-1,4901ef03bd5a62660994c1505f6c2c4c8b3e23a22ebfd3ea6a51adce0190f510,3beb347cac57736617e41ef6e3c452e94567bb8113e86b10ae18ea702ec64cb5,-0.2320315417458862,-0.7706023644108005,69.50833892822266,1
task,52,F02_Mary,12,1,4bd4bca673d712c8fa7b94ad0d855b874004c093136c7b3614132c12e82c6ffa,2d807f2c3d29e7ab2508588a79851138ce8f3257017c6691d80d210dcefcef9d,-0.2351028928733449,-1.3825943295561018,29.26978874206543,0
task,52,F02_Mary,12,-1,4bd4bca673d712c8fa7b94ad0d855b874004c093136c7b3614132c12e82c6ffa,e2b9a453f4191f871fc7cf2c3ead69bacd23792c8a1550e3876974237a835fcf,-0.22824636736590326,-1.3762932480654366,29.704063415527344,0
task,53,F02_John,13,1,90003f82472d30c51502f94b7bbf661007f1e48744dcd0d3b843f392696565bb,97545a64921dc6208be500b0b43ca6995b9ffdcede5f9644e7fff815647daa9a,-0.9790123585039315,-4.351662330920355,19.874649047851562,0
task,53,F02_John,13,-1,90003f82472d30c51502f94b7bbf661007f1e48744dcd0d3b843f392696565bb,c59fd07a18eb4ec740148f57b0890396633fc850aeb5770ec69abdec51ef21e3,-0.9850433664880817,-4.278712600582807,20.264400482177734,0
task,54,F00_Mary,14,1,e7587b54b31c20245a7403d983e68264fb445b3f4d7b9b8a060ea7f0343e3bb0,58be2faf6b65642fb744a2088e2826dba8aba6d8b22c423a5893539001cb8328,-1.0795178191019608,-3.091783755500142,11.952153205871582,0
task,54,F00_Mary,14,-1,e7587b54b31c20245a7403d983e68264fb445b3f4d7b9b8a060ea7f0343e3bb0,9cfb4f395705acf3bf4fbb9af92af51ff377e9622ffcd30765199bc0070ea574,-1.0761832422836395,-3.083543277624703,11.325224876403809,0
task,55,F01_Tom,15,1,1b45e48931eb3e068ad1cd6408ac6b5d29cef30de7cfe2b5448ab291028d36d2,0026857d2fe71d0fa59c18de97ee1c90cf5c3ac59c031ac7b346477fe29d0c59,-0.18304827428070494,-1.0717991710574313,69.50833892822266,1
task,55,F01_Tom,15,-1,1b45e48931eb3e068ad1cd6408ac6b5d29cef30de7cfe2b5448ab291028d36d2,73de487a175c6d2af6e21f34b347be22817adb15f035512b917388b69bbacc2d,-0.18227994911851753,-1.0107190583333936,69.50833892822266,1
task,56,F01_Tom,16,1,e49b3c6c861e4c8269826ef6c9c2a820a43da7ac4644153d5791db7bfa53d1ed,a2aee78d0c0b70273720472897c8b1aac9cb9f31f13c36b17503af0a3680a232,-0.1839611536512613,-1.0374971636308723,69.50833892822266,1
task,56,F01_Tom,16,-1,e49b3c6c861e4c8269826ef6c9c2a820a43da7ac4644153d5791db7bfa53d1ed,8e42522f1d6529f3073d867b1fcd5de338f5bf6abd29d7d3f1a4cf5fded95c91,-0.17580774208543773,-0.9959274471415608,69.50834655761719,1
task,57,F00_John,17,1,601900c0e0ce9218329c32be052d7d3459b618b15d72492afc338c5d82c8421e,c1954797e8f2c708e42493f29e64c90915517d5354363ca6a97e3f44c39422cb,-2.3066329091589775,-6.337995092656628,30.034423828125,0
task,57,F00_John,17,-1,601900c0e0ce9218329c32be052d7d3459b618b15d72492afc338c5d82c8421e,5be1c2232c2ec004eff46c8768abfd1fb655084e42e5803eb42208b72d8e7c5b,-2.2966642410884197,-6.296491816389496,29.609575271606445,0
task,58,F02_John,18,1,a8625438d4a88ee568811bcdd737d9218a54a2d339bfbd98fee0de97f78c3e6a,165cc1b36153e839dcca95c9a63d1219329b5d05d359dbb60c1e54282bd1220b,-1.0011834480850101,-4.3485903677344435,18.78963851928711,0
task,58,F02_John,18,-1,a8625438d4a88ee568811bcdd737d9218a54a2d339bfbd98fee0de97f78c3e6a,b79ef90e0e25ece903457ab060549cd4e6591d99784f364c7fa42bc803785576,-1.0083763061292004,-4.364424852613884,18.689815521240234,0
task,59,F03_Tom,19,1,032680fa094f72ccbbd0c2e16579ce94059368fd07187563374d46785a56b365,4f25c60de4509a324a1e1b7174ef01b5db5e6cbb0a46cdfe2bc8589265791a23,-0.5219043841154645,-1.771878212509659,18.070316314697266,0
task,59,F03_Tom,19,-1,032680fa094f72ccbbd0c2e16579ce94059368fd07187563374d46785a56b365,4a918db440c6a57c34ac93dc66dd52f3b573ea2ea666e489eaea842f01a5dcd3,-0.516411859920343,-1.8137951318631271,18.289175033569336,0
task,60,F00_Mary,0,1,e37f768fc98de5931a5521a493dbf13bf41bf18df1d9b61831d1ffe7345bada7,20c5593009a66a03cd8514503a5a12c5ee8e66759c44e9cbf94a11d3b99aa12c,-1.203673217667969,-3.4154189239181596,11.986064910888672,0
task,60,F00_Mary,0,-1,e37f768fc98de5931a5521a493dbf13bf41bf18df1d9b61831d1ffe7345bada7,9f993a587f2c9727243bfa0ff6355b1405067c80774ed5794084d43bc84a65f4,-0.9213836734459729,-2.9121313278188325,11.229976654052734,0
task,61,F02_Mary,1,1,72316a3874f27b3e683b97ef26d6a6ecd76206699e2f662bfd5896d6da40f32e,a03d02f92f5417e2f2ebe49483687b531042b2e198cbf2fe9210182684ab9b98,-0.19460306423021023,-1.1606007561228173,35.58380889892578,0
task,61,F02_Mary,1,-1,72316a3874f27b3e683b97ef26d6a6ecd76206699e2f662bfd5896d6da40f32e,b1e1dab80592a428a847be3e17414ce95a81353329170602d1e653d850fbfe5e,-0.1993934209445651,-1.3536128591465098,30.52294921875,0
task,62,F03_Sarah,2,1,378b1a6a418fcdd7d424f9c65c414261f9488c74c927e9cc1493319e3d807aee,5e96570c11ab9c30b30a1665f20e58aa5a23ec977e9742d08a1296135d5cc0f8,-0.15505333411262573,-3.03721424700707,23.538793563842773,0
task,62,F03_Sarah,2,-1,378b1a6a418fcdd7d424f9c65c414261f9488c74c927e9cc1493319e3d807aee,557215bd99d80a3c808f755ef2cf96adc2b38fefe56a4a5691ff220680773e57,-0.3204925995364081,-3.9529192089526823,15.672924995422363,0
task,63,F01_Sarah,3,1,a1ce15356c982e6cbf283cbd6411fe7bec44c477f7a3a8d8002985d9e1a5418b,b759286a98bdd32b221c37b5fee0cf4ab72bd1c684361c8862fe0cb1e4ce2ab8,-0.23297773735337413,-0.8225591218401056,69.50833892822266,1
task,63,F01_Sarah,3,-1,a1ce15356c982e6cbf283cbd6411fe7bec44c477f7a3a8d8002985d9e1a5418b,a7a9d31d09bbc5206eab556dbd7697d903c6db861eb51c7ffe7d589d9bcea570,-0.21467003021232506,-0.8784804743473605,64.05909729003906,0
task,64,F03_Tom,4,1,b163d07014950cfbd8f7de40605f0313575080f2f97fc49e2cdd17fc35221848,5fce9b7c7ae21d3f41c4e0aa1536a6e85954de78faded7a59034b51e31480577,-0.9789267497595945,-3.9528523310468318,12.608498573303223,0
task,64,F03_Tom,4,-1,b163d07014950cfbd8f7de40605f0313575080f2f97fc49e2cdd17fc35221848,cc9b31a42498ea08b7f19b917d33109fba9508ef187b694d06738ce63a889bce,-0.7816368239738122,-2.559050277754385,13.84752368927002,0
task,65,F02_Mary,5,1,88d788811235e0bc102524d5655ab478d58bdd0b6a17663c948d2b2cc7c1453b,7fa09d721ab91ca05c075b0988e47017c6841a035bd73e840e42a9c9f94cb6e6,-0.20673373861645833,-1.167028447895592,37.508174896240234,0
task,65,F02_Mary,5,-1,88d788811235e0bc102524d5655ab478d58bdd0b6a17663c948d2b2cc7c1453b,39a2d763597cc7f958f4a748667150f259c3bb405b3fc65983ba11f25794a854,-0.20948826596615525,-1.1717886648563598,36.4979362487793,0
task,66,F00_John,6,1,b47ba520eb53a37079a28feb23645dc3c7c83fa72a09866e097a521948c8faa9,a1ad92c56d60a17d44fa0f9b25fc67b8f03d520382ee9d4398983eed1857930b,-1.8956532451535915,-5.2477287853043,15.531609535217285,0
task,66,F00_John,6,-1,b47ba520eb53a37079a28feb23645dc3c7c83fa72a09866e097a521948c8faa9,af692d2cf29725962c30f4cb88a72178b7f52add79f5964af55429ba4ad29bfc,-1.9440817431876218,-5.1383324817459055,17.101215362548828,0
task,67,F00_Mary,7,1,018e5a9364d5c8f7e057cd70bda36e5434576af362e69f7dbc66d2e688c57dfc,246e5c00c7ab6ff119b4eb649d7dee6fc5b706a1c9deb874f9ae2b5587cc0d32,-1.3920516384131332,-3.7101972129127194,19.348386764526367,0
task,67,F00_Mary,7,-1,018e5a9364d5c8f7e057cd70bda36e5434576af362e69f7dbc66d2e688c57dfc,abe3d2f8b2239938d60daf3b930703d33bcdcef1c2be2475face43f1ea5b1713,-1.3569655866140873,-3.7813035530696233,15.964052200317383,0
task,68,F02_John,8,1,4932bfbf093c4b1c2a3b12a0fb26813fac514d778c3b3de353e3e9f8bb91c9d4,d9043294f2aeb3820c39498eb6e3522da6b07d329d394f99929b409bef3b1cde,-0.1910271109813042,-1.1577915330700492,48.349159240722656,0
task,68,F02_John,8,-1,4932bfbf093c4b1c2a3b12a0fb26813fac514d778c3b3de353e3e9f8bb91c9d4,5c60dec34f996e5aed129ca26814bcebf27d3f5480da601507bb901defb21233,-0.19357485025344803,-1.1412652918995376,49.35626220703125,0
task,69,F01_Tom,9,1,b8418da4257f00a46d8f0820d833b7ddc13f74e219b3aac2697e4f632df878d5,3dec740a2293524cc6d3654a30bb484d58052da365a74e9ab4030452551fdd76,-0.15419418737665946,-1.2691371868101902,65.709228515625,0
task,69,F01_Tom,9,-1,b8418da4257f00a46d8f0820d833b7ddc13f74e219b3aac2697e4f632df878d5,debb9e50b00e22f6d04863da325093704ac4c06a5f267ceb1b990650903de199,-0.1600459392535679,-1.2173411282076798,65.33234405517578,0
task,70,F03_Sarah,10,1,c9fecb345ca6ab50f52cfd41d461995abdeb61c69544863091b29bcd52b5bc02,c6b0f1c6bffc8cbb9b89be3c7ced60930362e99a0db9f6d38abecc1ba7937c88,-0.49235822967765314,-4.222551784919229,11.602978706359863,0
task,70,F03_Sarah,10,-1,c9fecb345ca6ab50f52cfd41d461995abdeb61c69544863091b29bcd52b5bc02,6dbf2449c494524d3d000c8460fa3fea7d1840dd772bce2a47e70aa797bac2fc,-0.46965462341172076,-4.2486239745029115,12.389435768127441,0
task,71,F01_Sarah,11,1,e66334f07812461290980a7ee5d349d01b43bf2b067c5cd911591cfc39535468,dce3287464040c5b0f0e2674f4198fa21399c2dad0f7d00ded34d1135df36692,-0.19666989300564,-1.1370128397134207,63.5689811706543,0
task,71,F01_Sarah,11,-1,e66334f07812461290980a7ee5d349d01b43bf2b067c5cd911591cfc39535468,6e64beb569e7ac36ca9936c6e2509bcbc23bab3e5d53a0818b0ef4f886e01244,-0.19998384907070685,-1.1130432125436223,63.945499420166016,0
task,72,F01_Tom,12,1,88bbcd8c0e2b08f3ac8c1d2af9ab26854fdc7998ea53416c6aa190552fd3b8dc,48a51a9abeeddf9aa12526282369c79b166f55641d653fa179b44f58d626344d,-0.15341357901713623,-1.1526935231814928,63.34286117553711,0
task,72,F01_Tom,12,-1,88bbcd8c0e2b08f3ac8c1d2af9ab26854fdc7998ea53416c6aa190552fd3b8dc,26efc2d432a0bc017434a3f539305a723ee48c2b4a9446bba2c9b75520da5991,-0.16082198833015107,-1.193281825890052,63.18011474609375,0
task,73,F02_John,13,1,7f25f73916ba3d6a0b0f81bf86cbe1a21f8f7a6cebb94bfdd1b14983e3c92e05,ecf0cf4756244288991dc5478ba5f8d052f2dfbbc5bbf01f02adc313f3cee972,-0.17531733175853764,-1.222082324647356,45.62828063964844,0
task,73,F02_John,13,-1,7f25f73916ba3d6a0b0f81bf86cbe1a21f8f7a6cebb94bfdd1b14983e3c92e05,69e78aaf6528c6d879d37b62d7ac049fc478c7999dad38c14c09f88cb80872cd,-0.16769416900877399,-1.2280965164801438,44.92107009887695,0
task,74,F00_Mary,14,1,cdd65f91f93d88d8229ea2443cd815d34deffeab09976988587ca69faadefbce,3b64317d06ae0e86bdcd79cac7543c272a9ccec022bdb56e87d0f6b5c7559060,-1.3296780604010328,-3.81677151737295,20.458099365234375,0
task,74,F00_Mary,14,-1,cdd65f91f93d88d8229ea2443cd815d34deffeab09976988587ca69faadefbce,6a30f24c503b0c275ae851905161b5e52d1a40ada5f15b90115c20f9aa0552e1,-1.3585562585528643,-3.827600023515006,20.85137939453125,0
task,75,F02_Mary,15,1,5b565162cf4124fbf2c127a4de45d98b8956b7291dd45811f6f514e2cfcada17,73fbdd46dd3e00f14e6c88c5c4925ac0333e9d6970b476d3d5cd513b7c9650a5,-0.20424566280856804,-1.2921208767248507,36.022705078125,0
task,75,F02_Mary,15,-1,5b565162cf4124fbf2c127a4de45d98b8956b7291dd45811f6f514e2cfcada17,3be7607f31a8ca732f89a6c4272d2e6f72368f36da8f776b16642dec62cbdcab,-0.21766047593173796,-1.3484520205507884,35.660438537597656,0
task,76,F00_John,16,1,5b84feece3e510118dee967d527e8b4ea12fcd8975b58be19f896e2731374ec1,6dd0366a0b9847ea40ed634d6f4a3e2e1fa489ff94039e3095fcc69f3fdd5753,-1.827583041290869,-5.028625094035556,15.639674186706543,0
task,76,F00_John,16,-1,5b84feece3e510118dee967d527e8b4ea12fcd8975b58be19f896e2731374ec1,211b63b90f9f41c4c8ae7d58c893a25640a65b192c900551f2c7f30a78f687c7,-1.7939633738755183,-4.980334941462127,15.56413745880127,0
task,77,F03_Tom,17,1,cb92a8b34401f4d5a6e66d7a20e178997488c3e97d88a682454a435661388cbc,e58cb3a01cf9fe1afc599a6fe9a7bacc6946903848e263cecf29d43bc4389125,-0.5543844938911654,-1.9418648872007909,19.904834747314453,0
task,77,F03_Tom,17,-1,cb92a8b34401f4d5a6e66d7a20e178997488c3e97d88a682454a435661388cbc,276e72911481c0c00bf968310271b4c3caaae313960a4e1e620ceb5d75d4b0db,-0.5540235663267796,-1.9698990413003084,19.833280563354492,0
task,78,F03_Sarah,18,1,ce21d6fdb0361cf9f0e5eac06d6da0025a7478f7348099890766d0cd08455686,814d75e52f416bf54734e433078d1568a57c206bc8575b4037cd0bacef91de6d,-0.47808373935968157,-4.212252379028528,12.422962188720703,0
task,78,F03_Sarah,18,-1,ce21d6fdb0361cf9f0e5eac06d6da0025a7478f7348099890766d0cd08455686,ed9ff796afb99e5b5551890c45075283bbcff1e538e0591aa2411f5dd61157b7,-0.47224784239336176,-4.258306316016359,12.64365291595459,0
task,79,F01_Sarah,19,1,b5f901ce7ab6018aa33f3f78640627119791b061336f86c005c2f3bddf713eda,815f76a82df5d8f894d0c0c6168ddf6c6f5af40ae909fecb2b2a3cea16a8f3a5,-0.2071236158388427,-1.1444466681723942,62.68238067626953,0
task,79,F01_Sarah,19,-1,b5f901ce7ab6018aa33f3f78640627119791b061336f86c005c2f3bddf713eda,afc48688def43109d9051e63576c4822c1bbde46851b3b1d185d0d42605f55b3,-0.20508067653269185,-1.1646364142640289,62.63103103637695,0
yoked,0,F01_Tom,0,1,b393978842a0fa3d3e1470196f098f473f9678e72463cb65ec4ab5581856c2e4,4edf26cfb8c3a06f92e822225683317822648049b5c7fed52dfe24a272eadf14,-1.0658895419109746,-5.096281176004796,3.6891372203826904,0
yoked,0,F01_Tom,0,-1,b393978842a0fa3d3e1470196f098f473f9678e72463cb65ec4ab5581856c2e4,c3bfd0572f59bd324d0c28c1d63f20d74301eed7fc7198035bc62a690e05e6a5,-0.9166455272851319,-3.816110002143474,3.6891372203826904,0
yoked,1,F03_Tom,1,1,62f2a8563214742f013a3291ea622846e2dcf31d630c1aef2ca426d67af62db5,0785ef18a8ae085475b83b68ce1f0ad941ac28876fc818561828d0ab2220d6ee,-0.94236943563852,-3.4403379088260344,4.406177043914795,0
yoked,1,F03_Tom,1,-1,62f2a8563214742f013a3291ea622846e2dcf31d630c1aef2ca426d67af62db5,d48c03422ac3fc4bd6b20a741c5f1335fa02fd017824b39fbcb5de856289e5b6,-0.7141460693283243,-2.1022801960112836,12.949060440063477,0
yoked,2,F01_Sarah,2,1,dee0bbfb1b58f45dfb8d0682212308985829e57c0dc841a953649f8137dcf86b,2fde9eaafc08973392ef8cb73556df30cdcbf74adea11d54370a3ac34549779b,-0.8576985433444045,-4.6017091740892475,2.324378490447998,0
yoked,2,F01_Sarah,2,-1,dee0bbfb1b58f45dfb8d0682212308985829e57c0dc841a953649f8137dcf86b,ae664b6d79e5eeafc66ddd5527556ee6525a52e1fb5f749eee0473d6bbdc3c55,-0.7510241445123037,-4.33538621312641,4.972153186798096,0
yoked,3,F02_Mary,3,1,d630da24e80386794ec87c918ee05b413f4331d6afb9c1c6abab0f1611f00ad3,618e2d0454a877099b9aef431ea095ab55a88aaf223ba04dd73321484665425b,-0.5726948982536896,-2.040150755599652,11.461054801940918,0
yoked,3,F02_Mary,3,-1,d630da24e80386794ec87c918ee05b413f4331d6afb9c1c6abab0f1611f00ad3,9fad979ec3316fcd390b2020fdc96247e937dc8197dc8e806215120a30d2b74c,-0.7351254404601986,-2.3683800856806556,7.241585731506348,0
yoked,4,F03_Sarah,4,1,c25e60342608d6df91f04b0922a85fcaf49d273555ca466be639f927970b4baf,5d046747632a6448786cd7adc2fbdade977dc5213360f2978a37ecbe6413e471,-1.320469712631296,-6.626417562464575,12.41524600982666,0
yoked,4,F03_Sarah,4,-1,c25e60342608d6df91f04b0922a85fcaf49d273555ca466be639f927970b4baf,5d60fdae6e034a54654505fd850857a5777cbdb131095ba848d658b9202ae856,-1.4144503206732528,-7.374355812240134,20.314226150512695,0
yoked,5,F00_Mary,5,1,957131431721604eaa811ad763b9713338ac69bf9fdfe2d0dcca92c05a654f8e,6df360f7acebd50640acbb112e2cdcf510a1d85a9f3366bfa0ad6b4b0cb04309,-0.5300114321687746,-2.3298751646236706,12.342307090759277,0
yoked,5,F00_Mary,5,-1,957131431721604eaa811ad763b9713338ac69bf9fdfe2d0dcca92c05a654f8e,3fc67d14142b0ce13c0c720d52de22ed7fc5d9483ee7dc64ff453a6142aae484,-0.5079682056226037,-2.3267996151024795,12.342307090759277,0
yoked,6,F00_John,6,1,6ed01ab05ec8c11fbb781e181fcd7d1aa28fa72a83ed378b9f341d6f9c9bc505,2b4e6a38e09b9d6a444f8d9063a539ccd28b6609d93e489bbd9fe34262049329,-0.12665594380174308,-2.0644089246807846,22.409000396728516,0
yoked,6,F00_John,6,-1,6ed01ab05ec8c11fbb781e181fcd7d1aa28fa72a83ed378b9f341d6f9c9bc505,bbf0f0aea79cc21f8aa09f5adf3f1008c2a278a3669e38173f940a5f89a42d7f,-0.12413618385468414,-1.9683189478143093,22.873178482055664,0
yoked,7,F02_John,7,1,824e6e651c0451f7ea1ff2969d4bf48ef6d7412b26b81aa7635a54ef9b668fcd,5ae791f3eb0f792d56a8edbbe31083c0a980b7e4897213b372949002769f11e1,-0.19784565224423892,-2.5553227968443974,21.074291229248047,0
yoked,7,F02_John,7,-1,824e6e651c0451f7ea1ff2969d4bf48ef6d7412b26b81aa7635a54ef9b668fcd,7698943b711a055cf6d63ae14a849061d3ec5f47b46189f4ce463ccd38a0ccf5,-0.20617575321476003,-2.4344484532897352,22.82029914855957,0
yoked,8,F02_Mary,8,1,c1bdd2eab583005cd0c01402eec6413d96a46d7cc1744076b46857b06186c750,2681e4b06d7a0fe40e2df24a99cd39cf8ae7c26c9e13de16f286af9aafa5110e,-0.8142267184787694,-2.399165529615211,6.382024765014648,0
yoked,8,F02_Mary,8,-1,c1bdd2eab583005cd0c01402eec6413d96a46d7cc1744076b46857b06186c750,55e5176b9fb9b191215d6a2f2e5bceddce0fbc9eb8682ccbd0e19161908e2bd2,-0.8112696166319059,-2.4482346638186847,7.322089672088623,0
yoked,9,F01_Sarah,9,1,75a026ac12e82d670e88f493706d56e8f47c532dc4269bc51562e93e882aff30,100e509109e6930962b243aa2f3dbaa21c18c258a488b26af44ac72606cb87b4,-0.6562782697085441,-4.179407459170202,9.796866416931152,0
yoked,9,F01_Sarah,9,-1,75a026ac12e82d670e88f493706d56e8f47c532dc4269bc51562e93e882aff30,55971fb0f6b0fb12cb8fabe20781ff374ed1db471e962d819e9ae71a8aba503c,-0.6997078343017551,-4.230560465902711,11.750657081604004,0
yoked,10,F00_John,10,1,f1936f310543b27ef26bd96863aed9699e79a50b19433437fc5be3cfe1f91fcd,07a65eb5ff0b698b0d957d4f49689fdd40b62cebcb98b59c9f85767050876ff3,-0.12751147182955908,-1.9942962118859078,22.56672477722168,0
yoked,10,F00_John,10,-1,f1936f310543b27ef26bd96863aed9699e79a50b19433437fc5be3cfe1f91fcd,0db5df3910f0f9a956d14a99171a6d6e32ded4b2695f5810cfa864c41c87c944,-0.12824865947589129,-2.0185064357844773,22.566726684570312,0
yoked,11,F03_Sarah,11,1,d8e498aab7cbe0924f175805f6852c1998a315aa9edbbda16a3f390c7c89b104,a140c11ce7ba4507f10e50b623cfb9cbb0a86bcb1b60f63502bc7602f6e7a929,-1.4073537962202969,-7.544687537633104,24.522624969482422,0
yoked,11,F03_Sarah,11,-1,d8e498aab7cbe0924f175805f6852c1998a315aa9edbbda16a3f390c7c89b104,1f2687e9b7b54ca09e29c6c167efc97d111bd6e6878b93508b275deeb893ace2,-1.3704870457794855,-7.480340934043751,24.654752731323242,0
yoked,12,F02_John,12,1,35184b4257250dca51fa2ecec52ab0142b7c0e76f8c989f8229cd52712516b58,a35ef46ef2aa548dfebb7235caae9b228a758256fc4946337d2adaf1dcfde521,-0.20681661283843078,-2.63977339184697,21.421993255615234,0
yoked,12,F02_John,12,-1,35184b4257250dca51fa2ecec52ab0142b7c0e76f8c989f8229cd52712516b58,0e56377d2d9ca8b368ff619f27ae73ea6ea721598fd0df81698e7aa734d8bfac,-0.1994271150646713,-2.657637685966177,20.83449935913086,0
yoked,13,F01_Tom,13,1,14a4d13a113e5912f912622ea7e628735c6f3c05f448a70ffe979c02c4e7c56f,5e734ae134abbc3f440f43c65cd4ad24532dd798d1e919cd2637427af9931174,-0.14363636522847395,-2.160146741740608,24.8723201751709,0
yoked,13,F01_Tom,13,-1,14a4d13a113e5912f912622ea7e628735c6f3c05f448a70ffe979c02c4e7c56f,1267c289dd87dc4a3503db5296e68c76462b6f4eaace199d6c4d441f38732492,-0.13132566414126262,-2.1528281098618742,24.726186752319336,0
yoked,14,F03_Tom,14,1,7e22659675cc172f785dcf933851a1527b407716e105e8c00ed1d6475a6aacf2,4ce1c7a63a57ebdfe85fe021f8c5a58d243972860c78534b5495c64d664e9e4a,-0.9938312865954794,-4.1322952809269,8.230759620666504,0
yoked,14,F03_Tom,14,-1,7e22659675cc172f785dcf933851a1527b407716e105e8c00ed1d6475a6aacf2,e3267b09f38f1cee02c98bacdd222364693196e13b4eac105bf6a02c36d8b4fc,-1.0001866287699492,-4.203080264105235,7.703125476837158,0
yoked,15,F00_Mary,15,1,2be355b4a5f300f09dda5bfbd120190bacb60dadbb3ea2155d1c583f6bd4c28a,85c01b317745006a154262fb4476bdf6a422ee62e48b188ee5609a65f93f3bea,-0.5354887229587253,-2.367432901777728,16.92696189880371,0
yoked,15,F00_Mary,15,-1,2be355b4a5f300f09dda5bfbd120190bacb60dadbb3ea2155d1c583f6bd4c28a,a56277f1342b0d8efe623ebb15db3805bbf9390f8d4130fe9c932da14b0b3caf,-0.5284913751243895,-2.343705577016309,16.92696189880371,0
yoked,16,F01_Tom,16,1,adf319556211360b9f6554e38beb783287e598cd85e8fc767e27ba7659846961,ba63db1ba2a1b54cfb337ef887ef9cd8f85eb8fec23eeb04e68abd858f3c7b81,-0.13168694793286886,-2.1917299169591975,25.340288162231445,0
yoked,16,F01_Tom,16,-1,adf319556211360b9f6554e38beb783287e598cd85e8fc767e27ba7659846961,e10dbd3dce6f5c78bbe5ba3102b2153bb50a5c376d077bf069141d669e80483f,-0.13150213612037737,-2.230880387217184,25.374902725219727,0
yoked,17,F02_Mary,17,1,8d2b3d9e5445345aef97144ecbb3d2fd5a1f4c8503e9b091d370a925f853d892,b8c963383206b0e0e41d0526bbd23568fa4f39c79b1ed078e48b58725ee06043,-0.8656114946307049,-2.4492207486207085,10.45978832244873,0
yoked,17,F02_Mary,17,-1,8d2b3d9e5445345aef97144ecbb3d2fd5a1f4c8503e9b091d370a925f853d892,2369278870520ac7a20454f2128a347acd7dd79f6e0fbba03514775bcceee7e6,-0.8509936724166096,-2.400828345729864,10.447297096252441,0
yoked,18,F00_John,18,1,ddc62a531bb5551df0022c215f6620aec050b94c37ffbd8bc8bef9d6a7482c66,a7eb248e20c7727800ae7fc89c0d3b9db7bbfcebc28130e6b6aac257902a8927,-0.13704330839700327,-2.102520596389221,23.166105270385742,0
yoked,18,F00_John,18,-1,ddc62a531bb5551df0022c215f6620aec050b94c37ffbd8bc8bef9d6a7482c66,a290d236c1544cacd39a163314322f95c0eaa18ba7ed60729b037b0b34483ca4,-0.13799609761456558,-2.113537030873533,23.13910484313965,0
yoked,19,F01_Sarah,19,1,389eaf7cf2c016bb61d5e487d5bccee4d3084a662d42402c44793558d625a377,a7a927a8b02ad4b309ef006032d04549315dc3d94257bca318b5ab33932f6e05,-0.768285451049619,-4.370707585346679,13.06513786315918,0
yoked,19,F01_Sarah,19,-1,389eaf7cf2c016bb61d5e487d5bccee4d3084a662d42402c44793558d625a377,9ae9ec8937b93c0a1f650dc867aab78bde5eecfea85aa3237a6517d87ba28837,-0.7750571125803047,-4.340692087662115,13.066892623901367,0
yoked,20,F00_Mary,0,1,9cdf71a944ad33f5ffca629d84754239fb7e2eb881c520f208c5930a9e2893e8,9a7910066a890c793c88c0521d2d0d8ea7477be876ba2fab883b8e52bc4919bd,-0.7125990189086585,-2.574204672962325,14.499393463134766,0
yoked,20,F00_Mary,0,-1,9cdf71a944ad33f5ffca629d84754239fb7e2eb881c520f208c5930a9e2893e8,227f1b9ad282e79fc7972eefc3932e8403d7ada8a5069cfef9232a4d197dc0a4,-0.36815319652079226,-2.1231292544733535,19.881256103515625,0
yoked,21,F03_Sarah,1,1,ac31c0481409f7742477234c1bc25f20292f6428f0583aace5ead6f924a3e89b,ba24a3fbb3cc337bfe45eb00c4ef29c3409029fbde03cf6e2a4b214565381f4b,-1.4056420340159914,-7.358852345039398,21.28885841369629,0
yoked,21,F03_Sarah,1,-1,ac31c0481409f7742477234c1bc25f20292f6428f0583aace5ead6f924a3e89b,79c0bcc9cbc1674605cc51e10ed1e780eb1c706cda563de695f5814ef4ed2b23,-1.313939049350684,-6.6745195449038714,14.302440643310547,0
yoked,22,F03_Tom,2,1,94be89e32a09eba4b9876ab7365a3e13a343188e8ce8f7f11c2da14d8c110f61,8a239a4a27f6a2af3e90f84c2ea21ad461b35639cc157a72c0e3cc9205340c66,-0.9884752519899953,-4.220935305005862,8.518627166748047,0
yoked,22,F03_Tom,2,-1,94be89e32a09eba4b9876ab7365a3e13a343188e8ce8f7f11c2da14d8c110f61,f2c522fc3460c59ecdb94552454a7d5ea7626c8f2c98430252458c18c7e02e63,-0.98971106444883,-4.247171555127573,8.573315620422363,0
yoked,23,F02_John,3,1,f371363c9a7369154215b42babad554ff0df5bcd0e3ffd96a874bb7edfce0a3a,0d3f45ade95f3a1f00a780f1fd422e5bfdb4300e785d6e3902906d759fd75e55,-0.14405558413733974,-1.9654090109622802,29.69440269470215,0
yoked,23,F02_John,3,-1,f371363c9a7369154215b42babad554ff0df5bcd0e3ffd96a874bb7edfce0a3a,b004eb78c6f8f5bdeb2f547ede9108be87366a0eb802a8ee07898c03e8b73810,-0.188808752919781,-2.5691547089812112,21.764204025268555,0
yoked,24,F03_Sarah,4,1,6a8ee92fc26e670ec435e9dfa3c94ed32aff6b647caeb2d67305a00a10cf5b95,55a1ad2de0c4d178eb87eaa68c245364c37f65e918ce9526e6dfb249e9c4557f,-1.4615495240446574,-8.687284816083487,37.36142349243164,0
yoked,24,F03_Sarah,4,-1,6a8ee92fc26e670ec435e9dfa3c94ed32aff6b647caeb2d67305a00a10cf5b95,b0a12727c4e383076e71d5ed2d138f4aa45119c4b9a8811a5215eee2bf17d6f8,-1.4762608663005057,-9.209488274001245,45.141143798828125,0
yoked,25,F00_Mary,5,1,b5aea878f40e3a39f8128e49475f5b769ed1272f6a820a4dab7c0659bc7130d6,be947d67e46cd63e34533ce2b04945109e26e5ed740d959c53716a461228245c,-0.15114486479419947,-1.8508521288927293,27.846145629882812,0
yoked,25,F00_Mary,5,-1,b5aea878f40e3a39f8128e49475f5b769ed1272f6a820a4dab7c0659bc7130d6,abc37451c4f22edcd8220ae3b3a2d72b1ac0aea4ab4fc24c8bec3f69e2c42bdd,-0.14490239495042062,-1.843607259580715,26.575164794921875,0
yoked,26,F00_John,6,1,c411ddf5e009db27866ec828718c1c089ae0e6ca2549898ef19c003208b6156f,433563a41fa37f59dca5a08f5d7496f2a7d6bee8366db80a7aa5987e6a561564,-0.2899465093339363,-1.564134698776712,45.136234283447266,0
yoked,26,F00_John,6,-1,c411ddf5e009db27866ec828718c1c089ae0e6ca2549898ef19c003208b6156f,8a096e964d815eb3591b1b5a36dc57ff5947e741876a8c64105653f1cef8ac7e,-0.2639579171687953,-1.527746517751945,45.1319580078125,0
yoked,27,F02_Mary,7,1,2cbd72c96b593802a4856e7a6da0820c34e947f176e7f0fa1dc9a638b2be9771,53609c183313217728e12dea9afc1d9c6e299685d7802309961f0a5291c54ec5,-0.6175411483019245,-2.1483500993684155,13.285799026489258,0
yoked,27,F02_Mary,7,-1,2cbd72c96b593802a4856e7a6da0820c34e947f176e7f0fa1dc9a638b2be9771,a0af7359417a7dd6184de538cc43a00147578bdb546306262f364d8f8f56f9a3,-0.6161609931013915,-2.0549472735929193,14.013254165649414,0
yoked,28,F01_Tom,8,1,a98187c21929c78c9cca53fd23e4ea2c71c9c75704523c08534f87f3b3d65744,a251169cd805e0a7482bca7db19b6d46343ee01763ce0b0f1dbed3d6bb34bfab,-0.1425357309926492,-1.4593199174491487,50.06594467163086,0
yoked,28,F01_Tom,8,-1,a98187c21929c78c9cca53fd23e4ea2c71c9c75704523c08534f87f3b3d65744,d7de5499ed35855f79821b9b791c18a57fc7d448893f6c69ad969eb61d8397c1,-0.13718145204766363,-1.52020624994606,49.57598114013672,0
yoked,29,F02_John,9,1,2b3420b2c3fcd47ed09f0ae33fea26775651bf5c77965d3e5c22e0ff76b58744,5287057dce71d683e0cc73461778b6a93c15b57a55771c396ec79686dc50d19c,-0.17183679930316767,-1.3885469331901032,43.244590759277344,0
yoked,29,F02_John,9,-1,2b3420b2c3fcd47ed09f0ae33fea26775651bf5c77965d3e5c22e0ff76b58744,eb2fa21fa36b8e9de03845f39f840bf73de31bcf9de64fc4536a043e508fbd66,-0.1684685744893707,-1.3814816359572566,42.448997497558594,0
yoked,30,F03_Tom,10,1,e38de2c5803b20cccd0ddbb29e5d02c235380f48d91b21484e2d2246e0e90ecd,a586829d61911017ded2d6050535017f0df65ff5b096ae5d014eb2abe9e7d4a2,-0.9451735905710309,-3.723211100411264,22.19065284729004,0
yoked,30,F03_Tom,10,-1,e38de2c5803b20cccd0ddbb29e5d02c235380f48d91b21484e2d2246e0e90ecd,ba17980e69cbfa46b3b5acaa1aa95bffcc9a465d3da2257f649b486067adaff3,-0.9474792678410933,-3.7591563997577513,22.145841598510742,0
yoked,31,F01_Sarah,11,1,a448d76489f1256463d797efb15d8ff470976cbcb9924b2f9b94169fa90973ae,a74f057f9647def11186dadfb86248523bed8472bbcfbfadac66678b92699671,-0.3359762063028933,-3.5711275094174373,20.110187530517578,0
yoked,31,F01_Sarah,11,-1,a448d76489f1256463d797efb15d8ff470976cbcb9924b2f9b94169fa90973ae,dc8c36fb9faffdfe648eb5e05f226e320aad97ed0fb3b7f47ad1b602af1c7b9f,-0.3307708390185748,-3.5676178541186503,20.11454200744629,0
yoked,32,F02_John,12,1,b720ff800772c1489d83e9b613140c22daf509c65293e1656f0f0a33db897903,483d12c8c9c42e056759ceeb7042ef9246ef73c53234533c7bf3f6fc6328dd60,-0.17274067923190212,-1.3789545949322162,41.925418853759766,0
yoked,32,F02_John,12,-1,b720ff800772c1489d83e9b613140c22daf509c65293e1656f0f0a33db897903,153b4483788fd71ecdb007ed5bda9b9c2c1a6c3bad3173c82a9b4a2737fbe3c7,-0.1772526031350995,-1.3213961250055726,41.8786735534668,0
yoked,33,F02_Mary,13,1,0f2e21a5cb8485439244b2b01dfdbbc1949b4f685c931477711fc7ac6cb49e9b,d9daa52cb651437ca6e2ad78b66078be26c86ccc773688050c1a1e045be4aa0c,-0.6050810592971475,-2.1447015211677396,17.868913650512695,0
yoked,33,F02_Mary,13,-1,0f2e21a5cb8485439244b2b01dfdbbc1949b4f685c931477711fc7ac6cb49e9b,a0fa27dd88d031b9fcbdb8b712022685e5cbc9a7ce18a0ed2b7dea38c2e65295,-0.6144399983266908,-2.187560552428179,17.99700927734375,0
yoked,34,F03_Sarah,14,1,98b99eaea033270b0de58d9e7db9a49503174ffe047c9e784dd939ad409cdc6e,6f9610eb011fa533da760d435e50dd5c3107e9c8b577a859a3224e9a0d181424,-1.3942993405111495,-9.358390450829132,49.28281784057617,0
yoked,34,F03_Sarah,14,-1,98b99eaea033270b0de58d9e7db9a49503174ffe047c9e784dd939ad409cdc6e,03c3389d5ed72d3587d6a678946c56cdcbb78e85daf75f262bc56406b087cbdd,-1.4147518918740871,-9.38185448563083,49.48988723754883,0
yoked,35,F03_Tom,15,1,5f0ffc4846c2d662076237255b90f6a64078a06e2b1bb8e9fb4fdb25ea5bef0f,10acc7c4c00d7b10c555048ddc4403fd274638df4daa8e15070507caea284d03,-0.9473279394511858,-3.772095697808739,22.057086944580078,0
yoked,35,F03_Tom,15,-1,5f0ffc4846c2d662076237255b90f6a64078a06e2b1bb8e9fb4fdb25ea5bef0f,42e6685811e5b5ea37b506dde29ca3d36f69c5e57b8cb30ba40212c59e50bd94,-0.9450134730695976,-3.7628711348129182,22.234350204467773,0
yoked,36,F00_John,16,1,65f0517e95d76bbd685dfdf95e4ee202f08905ec817aa72ed0f0231cfb48bb2b,81e88f9f5ef818c3b3e11cd89418e9e06cd50943de9947f1755fac75872f8efb,-0.2877588663174889,-1.5413592236402651,45.057674407958984,0
yoked,36,F00_John,16,-1,65f0517e95d76bbd685dfdf95e4ee202f08905ec817aa72ed0f0231cfb48bb2b,b78d88f2fd289285d1e6ba5b8968250d915dc2edbab3b36bbaca677eeec7b034,-0.28750928473906573,-1.5310799940142632,45.020721435546875,0
yoked,37,F00_Mary,17,1,735ebbc585259557d257909226df864c99f572faf385e48aa2fb2491693e44f1,2977bb6083607eb8352085482626f5f264ac57fca802ee6359ec856639856fa3,-0.1377199447899721,-1.7019985631412042,26.32599449157715,0
yoked,37,F00_Mary,17,-1,735ebbc585259557d257909226df864c99f572faf385e48aa2fb2491693e44f1,1634d3809f37e445a02aebaecb478b2f7e5408c5b54805a3e5f36f4c3015445b,-0.13547663575849023,-1.7438506020139783,26.257186889648438,0
yoked,38,F01_Tom,18,1,6e6091542331c62b8a12e11ceb23f8214552c9f96e556921fbc9cdab6268c1ce,611de0175557d90178fb4a8b3259360a5dbe5172000af7380da90b40b2b03abd,-0.12901753905170504,-1.497108417667895,49.858543395996094,0
yoked,38,F01_Tom,18,-1,6e6091542331c62b8a12e11ceb23f8214552c9f96e556921fbc9cdab6268c1ce,0384749816937e644d0b670306f2577456c27e4a53718f72f04cf5fdbb08542b,-0.13130250843178337,-1.4968006214922802,49.78911590576172,0
yoked,39,F01_Sarah,19,1,99ea95b5b0870cce1b7c109ee714494669fcabaae31f6c9ef2c46a1055cdf3a1,eb385ae96dd26b09d09936b31b3f3953c12f52853b4d059da0edf6b28e07c2d0,-0.33364513548999614,-3.5592374155053124,20.260852813720703,0
yoked,39,F01_Sarah,19,-1,99ea95b5b0870cce1b7c109ee714494669fcabaae31f6c9ef2c46a1055cdf3a1,530c715bc90accfccfb714f20044636f90ce2c4cf11bfbd00253ae66eea5d84b,-0.3384970070119476,-3.538691593062646,20.175783157348633,0
yoked,40,F01_Sarah,0,1,85f167534ba4ce5ef48d8f8e9f6d89a0ba8b056ce86c37fdfc457a1e58713f70,55cf924b74af71e783a20f5451254d251d4e73559045ea674aff35f71298bb4c,-0.525923103208662,-3.8925165592317903,16.92679214477539,0
yoked,40,F01_Sarah,0,-1,85f167534ba4ce5ef48d8f8e9f6d89a0ba8b056ce86c37fdfc457a1e58713f70,91afbc10297c37998b84e086f4751dfd776ea09b7dad72b9d5106c69e1466d3e,-0.20326085949279607,-3.25905377555996,23.616901397705078,0
yoked,41,F03_Sarah,1,1,645b2b8264284ed4006c32a99ef81072d833df9b8d6a48488c3ca669f3821ec9,540c4aa834334fe59fc2ff89f8f765639d77d27c97c5171591b31b8cfd6d8f08,-1.406226869020436,-9.951759816633823,60.8877067565918,0
yoked,41,F03_Sarah,1,-1,645b2b8264284ed4006c32a99ef81072d833df9b8d6a48488c3ca669f3821ec9,3cf6cb4efaf321a602f312a03e80e5f4b3c917d0bf661f0cd039cade93297b90,-1.4173445971762766,-9.603836271810701,53.304500579833984,0
yoked,42,F02_Mary,2,1,006baac3ba4b7cb362dad7b6f346d512f3cb56e1681a116b5d354479d9338c4d,adabdf97892959d8ac01a62b3ec610b988b60fc157ad1796b441e8204ed08c9b,-1.0191709260526958,-2.877731067370185,13.794013023376465,0
yoked,42,F02_Mary,2,-1,006baac3ba4b7cb362dad7b6f346d512f3cb56e1681a116b5d354479d9338c4d,fe420622d10cb7a79d2617bc9c5c39f12c4ec98598b997bd47441655b9cc6f5c,-1.1146695935114506,-3.0568194656628735,14.105957984924316,0
yoked,43,F02_John,3,1,9054b6a8663a0d635900ce99ccf3bb52e59d8a047a28c73b94a860a045987084,fb1693413c5fc66d626dafac3e60487953fe338ecc3939a344bb65910b402d0b,-0.1754627639778338,-1.3064009762329176,41.8105354309082,0
yoked,43,F02_John,3,-1,9054b6a8663a0d635900ce99ccf3bb52e59d8a047a28c73b94a860a045987084,1cc54eaed798fe6483dbb1270ce4c6a953ffd43f3a8421aba3f0cb0661b854a3,-0.1422138021168738,-1.580861894568154,33.97992706298828,0
yoked,44,F03_Tom,4,1,7e94b3ca1d1c8cfe4e6da3b62f13ea7562426d9e5457fe6c8981bed91710f050,5664f758b79cff60a53bff4f2f9a7703bc47e626223aaf4a3369d87f7cf1d533,-1.0941454939941024,-6.285762022736234,28.58858871459961,0
yoked,44,F03_Tom,4,-1,7e94b3ca1d1c8cfe4e6da3b62f13ea7562426d9e5457fe6c8981bed91710f050,442ecfbed13acb67db2e0b2bd96f2a63ac8139fd4a39bd734d7354090b0ab58b,-1.020657193859493,-4.877620148280005,24.350217819213867,0
yoked,45,F00_Mary,5,1,e6c227345395661ec99a47baf988c6e8e7d2ba9e1d4810e4cc7c6ed4630cf64a,802a2cc6cc4864f48333c5816344aeb65d82be4498e79ac701a88670a8231279,-1.386986645212607,-3.9936406795921133,18.960050582885742,0
yoked,45,F00_Mary,5,-1,e6c227345395661ec99a47baf988c6e8e7d2ba9e1d4810e4cc7c6ed4630cf64a,b25fec8589de97989477818fcbe6414a4c03e188599338606c354d0a84527dc8,-1.4336943659158095,-4.0208736256412925,17.61164665222168,0
yoked,46,F00_John,6,1,d9b5ef4ef6d309ba7f4d5679e67b03d75e2a47e66dc51ab6ba13285f8a42276a,4bd215b45390b738b67d5c8a0807b501cbfaaa873235d365cacdd1a6abe2e2af,-0.14226259225467264,-2.0936667468369263,26.749107360839844,0
yoked,46,F00_John,6,-1,d9b5ef4ef6d309ba7f4d5679e67b03d75e2a47e66dc51ab6ba13285f8a42276a,9a9a400cd26d95a5fd1976ceb1682b73722f5d3f511d687625151527cd57fff4,-0.13257034652638522,-2.085616941479163,25.777503967285156,0
yoked,47,F01_Tom,7,1,ceaf98f8978ac169a99bb342ffc6b6b6205deb30557698df6d86096ce585f6c4,6039cdb05615255d9504c2660bf797b732273ed6af748e347539308e49859ea6,-0.15963154589218484,-1.244825901243259,58.29720687866211,0
yoked,47,F01_Tom,7,-1,ceaf98f8978ac169a99bb342ffc6b6b6205deb30557698df6d86096ce585f6c4,33d6dcadafbd9a69a525fd60649d004503a50596747bd1bd5ae70de3144746ff,-0.16672622738969936,-1.2219406891717102,59.2896614074707,0
yoked,48,F03_Sarah,8,1,c8a6ba5950ea5d716e046ebe4a79bbb5f698780817f8dd692f139d38b4d4d633,6d5abf47e1b5785341fa9fc1fb7a557a9f4df9a13e9f85c6383cd64f48465b20,-1.3046948399415759,-9.500125307187592,58.93745040893555,0
yoked,48,F03_Sarah,8,-1,c8a6ba5950ea5d716e046ebe4a79bbb5f698780817f8dd692f139d38b4d4d633,3fac12c39e28da29dc3bf0a4c16fcacb50e231176d45e03b144a158c46167134,-1.2748394054807894,-9.324106473058187,59.8739013671875,0
yoked,49,F03_Tom,9,1,75de59af0efc8b18fe40ec9e3518b2282c2e7de76048b3eda5f791923eef3f76,8f33343fec76a714303cd5148fa84f1c7a796df2eaa8d79b159c650a4d3a9e36,-0.9080681542786316,-3.559369516317257,31.972061157226562,0
yoked,49,F03_Tom,9,-1,75de59af0efc8b18fe40ec9e3518b2282c2e7de76048b3eda5f791923eef3f76,d5739bd9f5fbe73cd95332b9329bc12f69a73a0770f979be200cd54c38a16794,-0.8866428909294506,-3.3335720301661924,35.05923080444336,0
yoked,50,F00_John,10,1,1f0ed3472aa104201297fb1d4a641fc8c234336d8efa7a026559ed8937ffa306,b5c4ec9701189cb22e8ceab97df2000d5d5e5fd80900aa8deb0da46734af3f92,-0.1451410126380997,-2.1196855467066436,25.706802368164062,0
yoked,50,F00_John,10,-1,1f0ed3472aa104201297fb1d4a641fc8c234336d8efa7a026559ed8937ffa306,f54c786f21a5b05f0e61534614fb0310650a519c8f1aea7e99f7b87a0b877333,-0.13440166144973026,-2.1007267868601374,25.83329963684082,0
yoked,51,F01_Sarah,11,1,b24b963a216d01f6518ac45fd80d4e9186df76468d8c5737891342745dd61440,7c4f0908a8d60566ae499dcb0243baf94f10faff5b0471566cbac636fbb6e628,-0.6012514095796615,-3.9974438615815524,18.773910522460938,0
yoked,51,F01_Sarah,11,-1,b24b963a216d01f6518ac45fd80d4e9186df76468d8c5737891342745dd61440,6b0f9479b5779e3b039c44f5cb172b8e7071b715883b12be6edb09430d834d80,-0.6086405921255319,-3.9841110632105448,18.935701370239258,0
yoked,52,F02_Mary,12,1,4d7436b8027655ff087fcb8c546cb2f8aba74e19dc99cdd9e5360c63ab0818eb,3d5914aeef76f41a3f8bb2536ba6c38dfdeb52454e2da8755c03fc29d43c123c,-1.0922061698236871,-2.9237018666443575,15.618110656738281,0
yoked,52,F02_Mary,12,-1,4d7436b8027655ff087fcb8c546cb2f8aba74e19dc99cdd9e5360c63ab0818eb,3c6d804400b904ce07e4bf561d81a8fc515b7f2f33c7c3e3ecd2785585d08a92,-1.1041946524935953,-2.9456961662784464,15.39523983001709,0
yoked,53,F02_John,13,1,545b882fadd288c93aaa0c6db2da65651b85e110713bc2970404b1b4920c3050,d2f036f5b20a6f11d9aa63ee1203dfe690e13b39688c5757c1cd995e0ceedc5d,-0.2000901336822101,-1.1116970372371648,49.74847412109375,0
yoked,53,F02_John,13,-1,545b882fadd288c93aaa0c6db2da65651b85e110713bc2970404b1b4920c3050,648eded1f1da39dc3320f873370cbd18d93a1215a9bdc646b4ea30bf613a8a8d,-0.20381009283423865,-1.1246196061096558,50.07191467285156,0
yoked,54,F00_Mary,14,1,115361c53d1af87fe835addeb9a3bd20a19afcb014cff4f637257e8a9fffd8a4,1ec4f530077f8ca4b69a78c5dbc3777558c356c52aa79f41730e9ce64ec6c8d8,-1.4405983098415434,-3.9226938943346825,19.974895477294922,0
yoked,54,F00_Mary,14,-1,115361c53d1af87fe835addeb9a3bd20a19afcb014cff4f637257e8a9fffd8a4,6d6be4d3daf9151b9cd30bb4378b3aa8312e5da9e529803cf3eb5365abb62708,-1.4289852872397857,-3.9466635788327435,19.489423751831055,0
yoked,55,F01_Tom,15,1,6b8dc86468984516ee825a81090a930fb702e1a955181e43fe8504c58b9d577c,85615b0968872a354e6b4611060bc44a1738312e32c093df8f101fd3371948d9,-0.1417754172598797,-1.4701359706656694,54.83332824707031,0
yoked,55,F01_Tom,15,-1,6b8dc86468984516ee825a81090a930fb702e1a955181e43fe8504c58b9d577c,4c861f660dd7ed980e090aaa8af2ab5f95bfb9560aa8f026f00d421f71f206b2,-0.1287756692757766,-1.5421457112589236,54.03578186035156,0
yoked,56,F01_Tom,16,1,cc691f66fb72c0ef31e0a1c98f4d9e2c3c785f93ea4a0c1dd262c7a7f674cfd7,42155da5beb834e4b7e6b5232628242214f1ca476b158c57c34323e3dcdaa70f,-0.12465178092443178,-1.527919165359263,52.994728088378906,0
yoked,56,F01_Tom,16,-1,cc691f66fb72c0ef31e0a1c98f4d9e2c3c785f93ea4a0c1dd262c7a7f674cfd7,19b147b8f1c4763da1e8a17b9839836c7f72870111b6160ccd5f9c51558124df,-0.12743952253760243,-1.5297203286078191,52.28715133666992,0
yoked,57,F00_John,17,1,c0502698cb369934af3db8001eb1c5b48420ac521d87fe4ef1972a682b19eaf3,3f8cd15673d37bfaaff410f649a1f63b5d215f371524e5c5d5ae9f7177823896,-0.12954007004598297,-2.1791436615673154,22.499237060546875,0
yoked,57,F00_John,17,-1,c0502698cb369934af3db8001eb1c5b48420ac521d87fe4ef1972a682b19eaf3,7da89dd3d33d889a783193d7e6616ee99201c90dad5b007641d43d926efd5fda,-0.13310824400648893,-2.241316319548816,22.51425552368164,0
yoked,58,F02_John,18,1,528caa20f23a0c569b88545fc9355b6becc78048196ccff7f194a23e290d2cf9,27addbd1ebab100a3f7ba24b066ddbd432782764996483aebf0b08f19e7f2cb8,-0.19509822329053284,-1.2720379921391367,44.98967361450195,0
yoked,58,F02_John,18,-1,528caa20f23a0c569b88545fc9355b6becc78048196ccff7f194a23e290d2cf9,7607ab67cffc517968dc1ecdc8747a317c60e12522a746f8cd75030769553242,-0.1941198735092981,-1.2598328819249822,44.9915885925293,0
yoked,59,F03_Tom,19,1,a28fe5b7b6c925e8407fd29a94e1c423847fa5b38defa6f0f37ed6d47273b606,c0c56f68f7a349a2e567071fc28634ade65a9547ece86eec1440249f29cd5102,-0.8951771260041786,-3.4391967130422767,31.10712242126465,0
yoked,59,F03_Tom,19,-1,a28fe5b7b6c925e8407fd29a94e1c423847fa5b38defa6f0f37ed6d47273b606,9400b755a39385e2a78a93efa6548a7245374877088c2c89f2f6e662e16f6ec5,-0.9037173361308471,-3.421981443187211,30.800870895385742,0
yoked,60,F00_Mary,0,1,6b77ea1f22342b3375bc82d58ecdaea5635fecf9bad9b3a368049d69bb14d9c8,219ed355346fc11219f3034d170c4d4beca17448a4760d64bf19c0c3fde45fa0,-1.5056267850422442,-4.132687079386632,20.5291690826416,0
yoked,60,F00_Mary,0,-1,6b77ea1f22342b3375bc82d58ecdaea5635fecf9bad9b3a368049d69bb14d9c8,a800ec1f2572882fd94349a63469e5c9ddebbc3b96f44c47986300419fc5bc75,-1.3504934845697534,-3.6638582622922815,14.950789451599121,0
yoked,61,F02_Mary,1,1,9bd5be85cc668250eeab98cf353c77d9fcf0a000eee546253755dca6bc24c008,614e385b962d9be31fa8f22e3f82dd5494ce35e3fe7ac0003735e7d5bae513f8,-0.7513961833040989,-2.3902641622049927,16.108810424804688,0
yoked,61,F02_Mary,1,-1,9bd5be85cc668250eeab98cf353c77d9fcf0a000eee546253755dca6bc24c008,036eac183dca99404232dc604b4f1f687335ff1b8a5b516cae784f52fe49a3c2,-0.905085780211631,-2.5293704940081034,14.225068092346191,0
yoked,62,F03_Sarah,2,1,de36c4b49cc90b74f8690ee3504294e0d1e9861e65e63eab216427ae6fd8e8b6,efa1a689a7fc62dacb5dbc296560a5ce6e27481046318c851cc36960978adfc3,-1.3787564494868774,-8.605048746621623,45.016971588134766,0
yoked,62,F03_Sarah,2,-1,de36c4b49cc90b74f8690ee3504294e0d1e9861e65e63eab216427ae6fd8e8b6,ac8b4937625505e53a8c0fb6b9bfa6c59f4e38e4bdd99ce77a9a0be41a47b31e,-1.3266205195101355,-9.099168560202305,52.483524322509766,0
yoked,63,F01_Sarah,3,1,a1388391c61901406dc9ff248df0a373bc44391a3bdedec5969f7f463fbd76f1,e933c0017a651effe08c8637ec6d92f4e2afa936da086f8c9c84f3708f90cc5f,-0.21396937575570926,-3.142747916867425,24.495986938476562,0
yoked,63,F01_Sarah,3,-1,a1388391c61901406dc9ff248df0a373bc44391a3bdedec5969f7f463fbd76f1,a8eac6fa5337a7ff9f5355b37b961314e1d4bc0aab924e6fd5f2fa74efb7147d,-0.6305353178829579,-4.004179712414138,17.24509620666504,0
yoked,64,F03_Tom,4,1,652a3a58f91c01e4be21f2fcaf9db931268387836a3f384c80c16cb41b104669,cbcc10a1a019ff5de96a04deaddb755b3dba58e1a27fa06b0a22238445e6b3eb,-0.7486697228440323,-2.5089492085797693,29.29334259033203,0
yoked,64,F03_Tom,4,-1,652a3a58f91c01e4be21f2fcaf9db931268387836a3f384c80c16cb41b104669,fff1ea3a59d42ad2bd93d718ca134c46dfee84cbdae712c43dcb170a55bf26d0,-0.4145560803598346,-1.6408021183718946,30.547422409057617,0
yoked,65,F02_Mary,5,1,2c31d29db60ee6145bc8789b8fe3c2af76896678db54f49f3b517e886b09a1d8,4c40d7d46c7e184fc5399a20b8e1d3c5c10488d0feb4861531bdb4283f275501,-0.6392302815381145,-2.147531691001557,18.45838737487793,0
yoked,65,F02_Mary,5,-1,2c31d29db60ee6145bc8789b8fe3c2af76896678db54f49f3b517e886b09a1d8,2ab0e305fa741b46b56bc44d67d9a61b9393a1671e0143a2ccb1ac9cf45d4d06,-0.6282402198454358,-2.1332505361548826,16.077129364013672,0
yoked,66,F00_John,6,1,4619f8d17d934cdaa9af5f650a6aa6a68e80fcf77365c29583618e5c84700bd3,b08967b204497dc30b8b244ead6ad44f4a90b45e28736c330328fff76ac752d0,-0.24230716789188692,-1.6856285856216373,39.55937957763672,0
yoked,66,F00_John,6,-1,4619f8d17d934cdaa9af5f650a6aa6a68e80fcf77365c29583618e5c84700bd3,ed5e6eaa581703fc3fe7ad7cbb3e9d66703cd77b367864952b8f2f1ae46f91eb,-0.22684867549929097,-1.5838838949929432,39.298187255859375,0
yoked,67,F00_Mary,7,1,4fbd96d6455672e0b32f9804dd4f046cb08edccf2c37665f470270903e68f9e8,c0d9b866e5d9908bdeccb1012d34e6a1f1e8d4e1b65a53bff52bbbdc5f713611,-0.14015591752785142,-1.7627175673926714,29.621788024902344,0
yoked,67,F00_Mary,7,-1,4fbd96d6455672e0b32f9804dd4f046cb08edccf2c37665f470270903e68f9e8,47ba6901f0daec6b7503c3cf4ec139a01172551437e89964f23ce093fd64107a,-0.13908938693460973,-1.6791009316255059,28.069732666015625,0
yoked,68,F02_John,8,1,a1b1d2727bb569dabb46cf568b74ec56170eab66122fe7914614edc3b9a05920,91623d568a0893bc5a8a231fcb4b80130a0848f6e5affff6c054251ac098c014,-0.1351393125138745,-1.8295556166102571,31.407520294189453,0
yoked,68,F02_John,8,-1,a1b1d2727bb569dabb46cf568b74ec56170eab66122fe7914614edc3b9a05920,21bb58ff4dac3b09b97dd724ad255e58f00018457c346843b1450e277fb36087,-0.13472307734965444,-1.7975198955027458,31.035236358642578,0
yoked,69,F01_Tom,9,1,df955015301a7e6f0c833150bc625022a3dca352a83bd5428c61f5eccf6dc9ec,d4202f86313fc5ef09da4c6ee16687c1749beac318e08f8f761b3bac9dbdbf2d,-0.08102972266279782,-2.057729028452224,41.31087112426758,0
yoked,69,F01_Tom,9,-1,df955015301a7e6f0c833150bc625022a3dca352a83bd5428c61f5eccf6dc9ec,d25fcbdbac66cb6c02bb6c5d8c48846c33efb1fa582da944792943cbbd1c5150,-0.08052497576984989,-2.0552059356529866,40.82097244262695,0
yoked,70,F03_Sarah,10,1,6acdd114d05a6e6ed4de8684c46a953bae15191c9b05affcd4439ad78629168b,5ac0d73367fda9180667b3755caf90773bac972a8965f61a52a45f461804a176,-1.339305875114203,-8.171751940762945,41.675193786621094,0
yoked,70,F03_Sarah,10,-1,6acdd114d05a6e6ed4de8684c46a953bae15191c9b05affcd4439ad78629168b,7343f4b6170a19fd275f315fd86ed70550022aaad3b3f20ecdc4e12e65051f38,-1.29360431862152,-8.147123184707043,41.45457458496094,0
yoked,71,F01_Sarah,11,1,05a910b5b89039108b6989601c2b40ebeb58f124ed56be8aaf54e548283b2ff3,71e2cce3f937e5ddc2c5d7ddfe808a8bd03eef987fabd32f273f89313cfd7894,-0.5883506402997938,-3.966329346297759,24.35014533996582,0
yoked,71,F01_Sarah,11,-1,05a910b5b89039108b6989601c2b40ebeb58f124ed56be8aaf54e548283b2ff3,fb443b5e89f5da09de8996e21f2681f33f973d3f0ed3d48c3137dd1844141c7b,-0.5918351506588705,-3.956531684289426,24.602975845336914,0
yoked,72,F01_Tom,12,1,b8467321f1892323a222f6639c0784bee192e095f69d1a9c6a55801c9ddd633e,0146b5f5d20737abc27c21d01ae2940516b68b5e514a19b4e69b62d017bdbba6,-0.08768201625984853,-2.18584802855487,42.495880126953125,0
yoked,72,F01_Tom,12,-1,b8467321f1892323a222f6639c0784bee192e095f69d1a9c6a55801c9ddd633e,58cf0ef0b37e70013910615e93f09fb518bf085cf0b8cbef5011b8abe92055c0,-0.08709972620812768,-2.243571397478299,43.232505798339844,0
yoked,73,F02_John,13,1,d00559dffe83a2ab7c97e2914e430399089343e7ad37270656fa1e50abdcbdf9,b1e86dfae008f2175a5d54c8752ddf602d70232616c77a639de7e15e5f967e27,-0.14024831832256,-1.7957033181863582,30.814743041992188,0
yoked,73,F02_John,13,-1,d00559dffe83a2ab7c97e2914e430399089343e7ad37270656fa1e50abdcbdf9,f7dfab0f532f63cfa4bb1524b897e1d17822f7e58888af54c284c0bbb0afb141,-0.13981605339846762,-1.7595240572174125,30.897356033325195,0
yoked,74,F00_Mary,14,1,51c9eaffbe644e10fc7fb36140ad0c95e1348a714605420eb1952726f78cb506,ae6fa97f4f43505573dd38d7a684666de4b4a5727c078650eeec34a365e52bd6,-0.14184866899312465,-1.7661569515485942,28.27985191345215,0
yoked,74,F00_Mary,14,-1,51c9eaffbe644e10fc7fb36140ad0c95e1348a714605420eb1952726f78cb506,fef9ddaccc42f9d4c80293a18383678a7fe50580aacba8d81377f89b1c209c71,-0.13412861977178922,-1.7358407031173244,28.159072875976562,0
yoked,75,F02_Mary,15,1,2b413110a1c5e3de0e64b19b363a84b5a4e7f2729cf45e04b06ba1724ffb62f1,2092ad97d60be21d478d8880996fabd56c6911c9d791871aa9dde03fc9f94e3d,-0.6326146961214452,-2.084655289859255,15.954817771911621,0
yoked,75,F02_Mary,15,-1,2b413110a1c5e3de0e64b19b363a84b5a4e7f2729cf45e04b06ba1724ffb62f1,f0eb078b70143fe2c94f8e43736ed5117bb89d88a72e3b335174b740462c934b,-0.6328652200966053,-2.074544422203167,15.97513198852539,0
yoked,76,F00_John,16,1,6f833fcfb0a36322a3dc588ddf5cc32ee0f04fd0128e245a3681dcc2498eabc2,60472ad9d0c0bb18deee8dee3e06b60abfc005d5667519ecaead49540182069d,-0.24794506833716345,-1.6205120654583032,39.43424987792969,0
yoked,76,F00_John,16,-1,6f833fcfb0a36322a3dc588ddf5cc32ee0f04fd0128e245a3681dcc2498eabc2,66258954b3ececfeea99b115f718122dde2bc45e741f9be18bab10a3740d7c29,-0.2610747086759409,-1.6321469243903737,39.467498779296875,0
yoked,77,F03_Tom,17,1,a4abd0b6fc48fd20f0908af97e9d87b0f06db4ad10b4bd893fa5920599bf9c60,8c3b454b50c2c07886356b842eed32e2a3f079d12af4847d49acb7159abbb7c1,-0.9434530821475681,-3.507969797258217,24.241987228393555,0
yoked,77,F03_Tom,17,-1,a4abd0b6fc48fd20f0908af97e9d87b0f06db4ad10b4bd893fa5920599bf9c60,95981640d1a285a7e358303c14d191cbbdeb6df8b012973e25ae92675906ce29,-0.943429226534981,-3.449181819547108,24.23935890197754,0
yoked,78,F03_Sarah,18,1,46a4a54afd809e8f7dc293a86076c27bba195da009278fa349dda7b48e7ed05e,91048f2553157356b26f63714868451c79171744fff881f5c6775dd87d15c0d5,-1.2835271236305705,-7.881786739741459,41.4431037902832,0
yoked,78,F03_Sarah,18,-1,46a4a54afd809e8f7dc293a86076c27bba195da009278fa349dda7b48e7ed05e,ba453fec5d5c80c5a9d62e41fde683ed0e8427f99111471a2e7d08d1d57a9fb0,-1.2899647949815722,-7.955564604029734,41.42844009399414,0
yoked,79,F01_Sarah,19,1,b7dfb3ff36d120f4a05169c8fc53f730d61dbed24cb60c1dff97e23b1e6cf4f8,e8b070f6cb546f0d168c4bf8f468885309696950353964c6b8e7e2645a0ead5c,-0.5858716507305918,-3.9249138980495246,24.537817001342773,0
yoked,79,F01_Sarah,19,-1,b7dfb3ff36d120f4a05169c8fc53f730d61dbed24cb60c1dff97e23b1e6cf4f8,cfbfd5661197d37c4673baacfecc84374f7f0756faf7d2fafccb5cb1d291d1d9,-0.5952312753449936,-3.94813086071984,24.37950897216797,0
constant,0,F01_Tom,0,1,b393978842a0fa3d3e1470196f098f473f9678e72463cb65ec4ab5581856c2e4,4edf26cfb8c3a06f92e822225683317822648049b5c7fed52dfe24a272eadf14,-1.0658895419109746,-5.096281176004796,3.6891372203826904,0
constant,0,F01_Tom,0,-1,b393978842a0fa3d3e1470196f098f473f9678e72463cb65ec4ab5581856c2e4,c3bfd0572f59bd324d0c28c1d63f20d74301eed7fc7198035bc62a690e05e6a5,-0.9166455272851319,-3.816110002143474,3.6891372203826904,0
constant,1,F03_Tom,1,1,b393978842a0fa3d3e1470196f098f473f9678e72463cb65ec4ab5581856c2e4,b96e1857718ed093551f55810814fd575e1009cffbc78db50e9a8a5855ff533e,-1.0532953621833556,-5.227131912974084,4.27144193649292,0
constant,1,F03_Tom,1,-1,b393978842a0fa3d3e1470196f098f473f9678e72463cb65ec4ab5581856c2e4,150184b0574c66a62c24f109714147df78b99e9594cfade659f9fb329482eb8a,-0.9461417990633753,-3.484366407681018,4.27144193649292,0
constant,2,F01_Sarah,2,1,b393978842a0fa3d3e1470196f098f473f9678e72463cb65ec4ab5581856c2e4,a4bebff71f716843b399c3e010821fea543db2a51d32a40e5d177755bc66f8a4,-1.0564037861578803,-5.064147527306104,1.3238871097564697,0
constant,2,F01_Sarah,2,-1,b393978842a0fa3d3e1470196f098f473f9678e72463cb65ec4ab5581856c2e4,1dada5c59322abd45c49f7ba55e55a32071f0f766092f6829cfb9a629d765ec9,-0.9049286942275485,-4.780132730406711,1.3238871097564697,0
constant,3,F02_Mary,3,1,b393978842a0fa3d3e1470196f098f473f9678e72463cb65ec4ab5581856c2e4,adb1ddcafa0400da33e4288207f317b638270ccd7fcd5f1e8025aefd8cda88c8,-0.9305052456214055,-2.67257988786668,2.109734535217285,0
constant,3,F02_Mary,3,-1,b393978842a0fa3d3e1470196f098f473f9678e72463cb65ec4ab5581856c2e4,38f82e4ead38c7f39a042d00beb0580c76074a66515e994c49ff0d443b373e23,-1.0558310034639755,-3.0074422108113117,2.109734535217285,0
constant,4,F03_Sarah,4,1,b393978842a0fa3d3e1470196f098f473f9678e72463cb65ec4ab5581856c2e4,3df2014aace652cb414ea22c25f26015f191196ed8c2226dd7750a3263ef85df,-0.810330837047927,-4.841237978579836,3.9494900703430176,0
constant,4,F03_Sarah,4,-1,b393978842a0fa3d3e1470196f098f473f9678e72463cb65ec4ab5581856c2e4,9fd0a7b4a59ff26edbd3bb593840e83434485e7354cb4149f95b9462529e738f,-1.105663977583071,-5.717303291185788,3.9494900703430176,0
constant,5,F00_Mary,5,1,b393978842a0fa3d3e1470196f098f473f9678e72463cb65ec4ab5581856c2e4,9a784e30724a8221cfe17b20bb52720fe95b8e6617b33c5fbed4f0bf66339321,-0.9909124847042035,-3.1800365224854104,1.5260175466537476,0
constant,5,F00_Mary,5,-1,b393978842a0fa3d3e1470196f098f473f9678e72463cb65ec4ab5581856c2e4,f5781331f309a85ef9143118924c31b79efce5440b517a87cf29ed183da66150,-0.9930170749750082,-3.125984982111024,1.5260175466537476,0
constant,6,F00_John,6,1,b393978842a0fa3d3e1470196f098f473f9678e72463cb65ec4ab5581856c2e4,dd29e0313125b9ad1335f44a2414ac8ca7ea317f714bf741fe0026289451e57e,-0.9867337816353197,-4.063783538010157,1.9351167678833008,0
constant,6,F00_John,6,-1,b393978842a0fa3d3e1470196f098f473f9678e72463cb65ec4ab5581856c2e4,32bec351b3ed1d2a74ad68eea71523cd62c7b8ee30b8db6b135e392ba7266b4e,-1.0298181038022587,-4.014450636007397,1.9351167678833008,0
constant,7,F02_John,7,1,b393978842a0fa3d3e1470196f098f473f9678e72463cb65ec4ab5581856c2e4,9196bd317c7133c084e17d41da803bbd9328729b23a8315d1039052840cd9f26,-0.9903401272440963,-4.844239959991242,2.6672306060791016,0
constant,7,F02_John,7,-1,b393978842a0fa3d3e1470196f098f473f9678e72463cb65ec4ab5581856c2e4,886441d6643cab0a01e2179e33f5795b3883c22a4ab4d2344cefbd2548aa75d1,-0.9916158771764494,-4.755775043028561,2.6672306060791016,0
constant,8,F02_Mary,8,1,b393978842a0fa3d3e1470196f098f473f9678e72463cb65ec4ab5581856c2e4,c2b1c4db0bf1d8d54609e248446188f2b0036a9f32bc32ef5f892c8db1dedd5a,-0.9958133006318005,-2.8447746213205902,0.8524165153503418,0
constant,8,F02_Mary,8,-1,b393978842a0fa3d3e1470196f098f473f9678e72463cb65ec4ab5581856c2e4,a5358e17c2b35c7c46ba471705f8b368f99d630d02bc1417d383521fa1d7af11,-0.9987820734936033,-2.877966612490689,0.8524165153503418,0
constant,9,F01_Sarah,9,1,b393978842a0fa3d3e1470196f098f473f9678e72463cb65ec4ab5581856c2e4,1da71b1a612950d652bae01ab61d33f2e3d1b0b3d913c8ce87e750e109b59717,-0.9357588444022511,-4.823859542410342,1.5957508087158203,0
constant,9,F01_Sarah,9,-1,b393978842a0fa3d3e1470196f098f473f9678e72463cb65ec4ab5581856c2e4,f5c30365096a452174b100cb27be302d9b65ea641efe4d313cbe63a6c34f28bc,-1.012594092129422,-4.942174828611807,1.5957508087158203,0
constant,10,F00_John,10,1,b393978842a0fa3d3e1470196f098f473f9678e72463cb65ec4ab5581856c2e4,e6f74760a98b97ee1e4282e8549f61186442ace9efd34b686e954026ab3973af,-1.0097424912755264,-4.025570309684228,0.7727396488189697,0
constant,10,F00_John,10,-1,b393978842a0fa3d3e1470196f098f473f9678e72463cb65ec4ab5581856c2e4,df9a2b5f02c60c742600575d5fa0c055a9d77ff08e06fad79cb27cc16a242a5e,-0.9506646496567878,-4.0225004138414935,0.7727396488189697,0
constant,11,F03_Sarah,11,1,b393978842a0fa3d3e1470196f098f473f9678e72463cb65ec4ab5581856c2e4,0b18e0aa9f33594d96eeecf41fbf6dac967090711ce603ff7d85641cc7018f03,-0.9933894531670237,-5.296258301918688,0.8802861571311951,0
constant,11,F03_Sarah,11,-1,b393978842a0fa3d3e1470196f098f473f9678e72463cb65ec4ab5581856c2e4,4a64c5874dac87592996d74460b4175f24900b709f876e750c50c099828ab256,-0.9879542800956554,-5.256237056841096,0.8802861571311951,0
constant,12,F02_John,12,1,b393978842a0fa3d3e1470196f098f473f9678e72463cb65ec4ab5581856c2e4,6e24cb7aa596553fc59d8a261ce04a3b7397ab173a5fc16d93fd207a6aa2b4e6,-0.9786590701992873,-4.831450409018241,1.5180301666259766,0
constant,12,F02_John,12,-1,b393978842a0fa3d3e1470196f098f473f9678e72463cb65ec4ab5581856c2e4,81d4672712cf93b8004638c695c954368b780ee061a68997e08f41b664e9b15e,-0.9908599328531763,-4.751129501034527,1.5180301666259766,0
constant,13,F01_Tom,13,1,b393978842a0fa3d3e1470196f098f473f9678e72463cb65ec4ab5581856c2e4,f7d273dd556b46979ac523f5b897e3c17950c407e1cf57636ba7a68a8f40a2f6,-1.0037518260048046,-4.507953046767163,0.9391637444496155,0
constant,13,F01_Tom,13,-1,b393978842a0fa3d3e1470196f098f473f9678e72463cb65ec4ab5581856c2e4,369c48364be90ba475f21662c18186d4d9e89114219340ee2454a3dc36ca3c7b,-0.9893355947058595,-4.4951176202455505,0.9391637444496155,0
constant,14,F03_Tom,14,1,b393978842a0fa3d3e1470196f098f473f9678e72463cb65ec4ab5581856c2e4,e52d69fcb131e388a8e00505074b4b159f41ce31057e98f73a3947b349d36408,-0.9976850100018515,-4.347285023771626,0.9082072377204895,0
constant,14,F03_Tom,14,-1,b393978842a0fa3d3e1470196f098f473f9678e72463cb65ec4ab5581856c2e4,e9a29469c916d60843bf1debd27e93778333a773ef613637e49f4d98fd2c11c2,-1.0026376675757067,-4.328776867106563,0.9082072377204895,0
constant,15,F00_Mary,15,1,b393978842a0fa3d3e1470196f098f473f9678e72463cb65ec4ab5581856c2e4,f624ce796d9c24bf757545699dc520fc3b0a1b1aebc19dd0bd00374983b5b7e0,-0.9888536523800721,-3.206592137026123,0.4274546205997467,0
constant,15,F00_Mary,15,-1,b393978842a0fa3d3e1470196f098f473f9678e72463cb65ec4ab5581856c2e4,08f66ae164562783bf6f6e1dc71be61ccbe14872a69b1f224b45740fe2894202,-1.0011151513612728,-3.2033206614948675,0.4274546205997467,0
constant,16,F01_Tom,16,1,b393978842a0fa3d3e1470196f098f473f9678e72463cb65ec4ab5581856c2e4,ba86f73cffba4f596464a02daab03564b5b5a403620535e4d31acb7ac49baf78,-1.0051968553777255,-4.518060383468337,0.5255771279335022,0
constant,16,F01_Tom,16,-1,b393978842a0fa3d3e1470196f098f473f9678e72463cb65ec4ab5581856c2e4,2200d1280e17fad55fdd4afd8eb607d99ffceb95331a947e54e5b9eab5456537,-0.993926819640993,-4.49883772947455,0.5255771279335022,0
constant,17,F02_Mary,17,1,b393978842a0fa3d3e1470196f098f473f9678e72463cb65ec4ab5581856c2e4,5fc21958257e6ec403a9e91ebe8449c69d2fca063d60940914aa5582656d8c39,-1.0088091532677457,-2.906334039694503,0.1871843934059143,0
constant,17,F02_Mary,17,-1,b393978842a0fa3d3e1470196f098f473f9678e72463cb65ec4ab5581856c2e4,41ff7d9e82808dda0142c18a63c0f02195e2f98e3493aedd4962838d347c5b5d,-1.0043601672050133,-2.830294224468282,0.1871843934059143,0
constant,18,F00_John,18,1,b393978842a0fa3d3e1470196f098f473f9678e72463cb65ec4ab5581856c2e4,0a8dd9f4b99b1e6c16f907a21224a9c7d35f251e7ca536b32bcb82712dfc8e75,-1.0008533753082207,-4.003104532509896,0.36661624908447266,0
constant,18,F00_John,18,-1,b393978842a0fa3d3e1470196f098f473f9678e72463cb65ec4ab5581856c2e4,e29927c63c0fcb13f4c700aedc3da17519d56fbb74731456f3db422e7a0071c9,-1.0094842341944785,-4.0088405387442325,0.36661624908447266,0
constant,19,F01_Sarah,19,1,b393978842a0fa3d3e1470196f098f473f9678e72463cb65ec4ab5581856c2e4,8f302dbedfd1c5d336c47cb7e27b64039b235ca4d9a90bbdb75f8f6d0fc1c79e,-0.9958349765107406,-4.942028237320447,0.44698768854141235,0
constant,19,F01_Sarah,19,-1,b393978842a0fa3d3e1470196f098f473f9678e72463cb65ec4ab5581856c2e4,9a8bab377aa43215744abfee009cc0fddbdcb8a10689dd34989d43276ca0e841,-0.986208844750953,-4.907369241992422,0.44698768854141235,0
constant,20,F00_Mary,0,1,b393978842a0fa3d3e1470196f098f473f9678e72463cb65ec4ab5581856c2e4,4edf26cfb8c3a06f92e822225683317822648049b5c7fed52dfe24a272eadf14,-1.120023856876343,-3.4421827963148717,3.776899814605713,0
constant,20,F00_Mary,0,-1,b393978842a0fa3d3e1470196f098f473f9678e72463cb65ec4ab5581856c2e4,c3bfd0572f59bd324d0c28c1d63f20d74301eed7fc7198035bc62a690e05e6a5,-0.876186516826284,-2.9570065819019526,3.776899814605713,0
constant,21,F03_Sarah,1,1,b393978842a0fa3d3e1470196f098f473f9678e72463cb65ec4ab5581856c2e4,b96e1857718ed093551f55810814fd575e1009cffbc78db50e9a8a5855ff533e,-1.0999423896246272,-5.699298017432572,3.828070878982544,0
constant,21,F03_Sarah,1,-1,b393978842a0fa3d3e1470196f098f473f9678e72463cb65ec4ab5581856c2e4,150184b0574c66a62c24f109714147df78b99e9594cfade659f9fb329482eb8a,-0.8126593053929851,-4.836350792945527,3.828070878982544,0
constant,22,F03_Tom,2,1,b393978842a0fa3d3e1470196f098f473f9678e72463cb65ec4ab5581856c2e4,a4bebff71f716843b399c3e010821fea543db2a51d32a40e5d177755bc66f8a4,-0.9984960015708014,-4.356430241371608,0.1151067242026329,0
constant,22,F03_Tom,2,-1,b393978842a0fa3d3e1470196f098f473f9678e72463cb65ec4ab5581856c2e4,1dada5c59322abd45c49f7ba55e55a32071f0f766092f6829cfb9a629d765ec9,-1.0007305227438026,-4.29049617729651,0.1151067242026329,0
constant,23,F02_John,3,1,b393978842a0fa3d3e1470196f098f473f9678e72463cb65ec4ab5581856c2e4,adb1ddcafa0400da33e4288207f317b638270ccd7fcd5f1e8025aefd8cda88c8,-0.8569405806461999,-4.363618209067593,4.054643154144287,0
constant,23,F02_John,3,-1,b393978842a0fa3d3e1470196f098f473f9678e72463cb65ec4ab5581856c2e4,38f82e4ead38c7f39a042d00beb0580c76074a66515e994c49ff0d443b373e23,-1.0994941975430752,-5.173155010304853,4.054643154144287,0
constant,24,F03_Sarah,4,1,b393978842a0fa3d3e1470196f098f473f9678e72463cb65ec4ab5581856c2e4,3df2014aace652cb414ea22c25f26015f191196ed8c2226dd7750a3263ef85df,-0.810330837047927,-4.841237978579836,3.9494900703430176,0
constant,24,F03_Sarah,4,-1,b393978842a0fa3d3e1470196f098f473f9678e72463cb65ec4ab5581856c2e4,9fd0a7b4a59ff26edbd3bb593840e83434485e7354cb4149f95b9462529e738f,-1.105663977583071,-5.717303291185788,3.9494900703430176,0
constant,25,F00_Mary,5,1,b393978842a0fa3d3e1470196f098f473f9678e72463cb65ec4ab5581856c2e4,9a784e30724a8221cfe17b20bb52720fe95b8e6617b33c5fbed4f0bf66339321,-0.9909124847042035,-3.1800365224854104,1.5260175466537476,0
constant,25,F00_Mary,5,-1,b393978842a0fa3d3e1470196f098f473f9678e72463cb65ec4ab5581856c2e4,f5781331f309a85ef9143118924c31b79efce5440b517a87cf29ed183da66150,-0.9930170749750082,-3.125984982111024,1.5260175466537476,0
constant,26,F00_John,6,1,b393978842a0fa3d3e1470196f098f473f9678e72463cb65ec4ab5581856c2e4,dd29e0313125b9ad1335f44a2414ac8ca7ea317f714bf741fe0026289451e57e,-0.9867337816353197,-4.063783538010157,1.9351167678833008,0
constant,26,F00_John,6,-1,b393978842a0fa3d3e1470196f098f473f9678e72463cb65ec4ab5581856c2e4,32bec351b3ed1d2a74ad68eea71523cd62c7b8ee30b8db6b135e392ba7266b4e,-1.0298181038022587,-4.014450636007397,1.9351167678833008,0
constant,27,F02_Mary,7,1,b393978842a0fa3d3e1470196f098f473f9678e72463cb65ec4ab5581856c2e4,9196bd317c7133c084e17d41da803bbd9328729b23a8315d1039052840cd9f26,-0.9992500164244916,-2.8632664661224627,0.6682502031326294,0
constant,27,F02_Mary,7,-1,b393978842a0fa3d3e1470196f098f473f9678e72463cb65ec4ab5581856c2e4,886441d6643cab0a01e2179e33f5795b3883c22a4ab4d2344cefbd2548aa75d1,-1.0011904519055963,-2.9109572344016774,0.6682502031326294,0
constant,28,F01_Tom,8,1,b393978842a0fa3d3e1470196f098f473f9678e72463cb65ec4ab5581856c2e4,c2b1c4db0bf1d8d54609e248446188f2b0036a9f32bc32ef5f892c8db1dedd5a,-0.9872028718124615,-4.365375266475088,1.6501425504684448,0
constant,28,F01_Tom,8,-1,b393978842a0fa3d3e1470196f098f473f9678e72463cb65ec4ab5581856c2e4,a5358e17c2b35c7c46ba471705f8b368f99d630d02bc1417d383521fa1d7af11,-1.0098393836841106,-4.653232569156987,1.6501425504684448,0
constant,29,F02_John,9,1,b393978842a0fa3d3e1470196f098f473f9678e72463cb65ec4ab5581856c2e4,1da71b1a612950d652bae01ab61d33f2e3d1b0b3d913c8ce87e750e109b59717,-1.002194178706354,-4.722131410970761,1.5957508087158203,0
constant,29,F02_John,9,-1,b393978842a0fa3d3e1470196f098f473f9678e72463cb65ec4ab5581856c2e4,f5c30365096a452174b100cb27be302d9b65ea641efe4d313cbe63a6c34f28bc,-1.0058877952633558,-4.787385605852118,1.5957508087158203,0
constant,30,F03_Tom,10,1,b393978842a0fa3d3e1470196f098f473f9678e72463cb65ec4ab5581856c2e4,e6f74760a98b97ee1e4282e8549f61186442ace9efd34b686e954026ab3973af,-0.9962420909971591,-4.306006694147004,0.9977333545684814,0
constant,30,F03_Tom,10,-1,b393978842a0fa3d3e1470196f098f473f9678e72463cb65ec4ab5581856c2e4,df9a2b5f02c60c742600575d5fa0c055a9d77ff08e06fad79cb27cc16a242a5e,-1.002635087510751,-4.468547929968399,0.9977333545684814,0
constant,31,F01_Sarah,11,1,b393978842a0fa3d3e1470196f098f473f9678e72463cb65ec4ab5581856c2e4,0b18e0aa9f33594d96eeecf41fbf6dac967090711ce603ff7d85641cc7018f03,-0.991374556176406,-4.956765627187798,0.5059534311294556,0
constant,31,F01_Sarah,11,-1,b393978842a0fa3d3e1470196f098f473f9678e72463cb65ec4ab5581856c2e4,4a64c5874dac87592996d74460b4175f24900b709f876e750c50c099828ab256,-0.9991478596372837,-4.939934517107018,0.5059534311294556,0
constant,32,F02_John,12,1,b393978842a0fa3d3e1470196f098f473f9678e72463cb65ec4ab5581856c2e4,6e24cb7aa596553fc59d8a261ce04a3b7397ab173a5fc16d93fd207a6aa2b4e6,-0.9786590701992873,-4.831450409018241,1.5180301666259766,0
constant,32,F02_John,12,-1,b393978842a0fa3d3e1470196f098f473f9678e72463cb65ec4ab5581856c2e4,81d4672712cf93b8004638c695c954368b780ee061a68997e08f41b664e9b15e,-0.9908599328531763,-4.751129501034527,1.5180301666259766,0
constant,33,F02_Mary,13,1,b393978842a0fa3d3e1470196f098f473f9678e72463cb65ec4ab5581856c2e4,f7d273dd556b46979ac523f5b897e3c17950c407e1cf57636ba7a68a8f40a2f6,-1.0048012615058606,-2.8422503901038687,0.4851451516151428,0
constant,33,F02_Mary,13,-1,b393978842a0fa3d3e1470196f098f473f9678e72463cb65ec4ab5581856c2e4,369c48364be90ba475f21662c18186d4d9e89114219340ee2454a3dc36ca3c7b,-1.0111006235836442,-2.90919189457518,0.4851451516151428,0
constant,34,F03_Sarah,14,1,b393978842a0fa3d3e1470196f098f473f9678e72463cb65ec4ab5581856c2e4,e52d69fcb131e388a8e00505074b4b159f41ce31057e98f73a3947b349d36408,-0.990513758935952,-5.246510432491624,0.9082072377204895,0
constant,34,F03_Sarah,14,-1,b393978842a0fa3d3e1470196f098f473f9678e72463cb65ec4ab5581856c2e4,e9a29469c916d60843bf1debd27e93778333a773ef613637e49f4d98fd2c11c2,-0.9949603615407467,-5.345423757928137,0.9082072377204895,0
constant,35,F03_Tom,15,1,b393978842a0fa3d3e1470196f098f473f9678e72463cb65ec4ab5581856c2e4,f624ce796d9c24bf757545699dc520fc3b0a1b1aebc19dd0bd00374983b5b7e0,-1.0072863431114294,-4.2795291615420075,0.49104931950569153,0
constant,35,F03_Tom,15,-1,b393978842a0fa3d3e1470196f098f473f9678e72463cb65ec4ab5581856c2e4,08f66ae164562783bf6f6e1dc71be61ccbe14872a69b1f224b45740fe2894202,-0.9989760735572578,-4.304887888558675,0.49104931950569153,0
constant,36,F00_John,16,1,b393978842a0fa3d3e1470196f098f473f9678e72463cb65ec4ab5581856c2e4,ba86f73cffba4f596464a02daab03564b5b5a403620535e4d31acb7ac49baf78,-1.0004878253370284,-3.992214892526487,0.5420478582382202,0
constant,36,F00_John,16,-1,b393978842a0fa3d3e1470196f098f473f9678e72463cb65ec4ab5581856c2e4,2200d1280e17fad55fdd4afd8eb607d99ffceb95331a947e54e5b9eab5456537,-1.017177162307206,-4.025490709720382,0.5420478582382202,0
constant,37,F00_Mary,17,1,b393978842a0fa3d3e1470196f098f473f9678e72463cb65ec4ab5581856c2e4,5fc21958257e6ec403a9e91ebe8449c69d2fca063d60940914aa5582656d8c39,-0.9946908856593454,-3.1574890191165927,0.5938498377799988,0
constant,37,F00_Mary,17,-1,b393978842a0fa3d3e1470196f098f473f9678e72463cb65ec4ab5581856c2e4,41ff7d9e82808dda0142c18a63c0f02195e2f98e3493aedd4962838d347c5b5d,-1.0115461869741116,-3.2517161390608385,0.5938498377799988,0
constant,38,F01_Tom,18,1,b393978842a0fa3d3e1470196f098f473f9678e72463cb65ec4ab5581856c2e4,0a8dd9f4b99b1e6c16f907a21224a9c7d35f251e7ca536b32bcb82712dfc8e75,-0.9972035485359,-4.482302730873153,0.4622234106063843,0
constant,38,F01_Tom,18,-1,b393978842a0fa3d3e1470196f098f473f9678e72463cb65ec4ab5581856c2e4,e29927c63c0fcb13f4c700aedc3da17519d56fbb74731456f3db422e7a0071c9,-1.0047368683440026,-4.515305299133042,0.4622234106063843,0
constant,39,F01_Sarah,19,1,b393978842a0fa3d3e1470196f098f473f9678e72463cb65ec4ab5581856c2e4,8f302dbedfd1c5d336c47cb7e27b64039b235ca4d9a90bbdb75f8f6d0fc1c79e,-0.9958349765107406,-4.942028237320447,0.44698768854141235,0
constant,39,F01_Sarah,19,-1,b393978842a0fa3d3e1470196f098f473f9678e72463cb65ec4ab5581856c2e4,9a8bab377aa43215744abfee009cc0fddbdcb8a10689dd34989d43276ca0e841,-0.986208844750953,-4.907369241992422,0.44698768854141235,0
constant,40,F01_Sarah,0,1,b393978842a0fa3d3e1470196f098f473f9678e72463cb65ec4ab5581856c2e4,4edf26cfb8c3a06f92e822225683317822648049b5c7fed52dfe24a272eadf14,-1.1387535925768253,-5.350511184505299,4.024355411529541,0
constant,40,F01_Sarah,0,-1,b393978842a0fa3d3e1470196f098f473f9678e72463cb65ec4ab5581856c2e4,c3bfd0572f59bd324d0c28c1d63f20d74301eed7fc7198035bc62a690e05e6a5,-0.785079136381093,-4.44978241460521,4.024355411529541,0
constant,41,F03_Sarah,1,1,b393978842a0fa3d3e1470196f098f473f9678e72463cb65ec4ab5581856c2e4,b96e1857718ed093551f55810814fd575e1009cffbc78db50e9a8a5855ff533e,-1.0999423896246272,-5.699298017432572,3.828070878982544,0
constant,41,F03_Sarah,1,-1,b393978842a0fa3d3e1470196f098f473f9678e72463cb65ec4ab5581856c2e4,150184b0574c66a62c24f109714147df78b99e9594cfade659f9fb329482eb8a,-0.8126593053929851,-4.836350792945527,3.828070878982544,0
constant,42,F02_Mary,2,1,b393978842a0fa3d3e1470196f098f473f9678e72463cb65ec4ab5581856c2e4,a4bebff71f716843b399c3e010821fea543db2a51d32a40e5d177755bc66f8a4,-0.9607377900236951,-2.6996585728652764,1.653922200202942,0
constant,42,F02_Mary,2,-1,b393978842a0fa3d3e1470196f098f473f9678e72463cb65ec4ab5581856c2e4,1dada5c59322abd45c49f7ba55e55a32071f0f766092f6829cfb9a629d765ec9,-1.0403048827193355,-2.991731254457217,1.653922200202942,0
constant,43,F02_John,3,1,b393978842a0fa3d3e1470196f098f473f9678e72463cb65ec4ab5581856c2e4,adb1ddcafa0400da33e4288207f317b638270ccd7fcd5f1e8025aefd8cda88c8,-0.8569405806461999,-4.363618209067593,4.054643154144287,0
constant,43,F02_John,3,-1,b393978842a0fa3d3e1470196f098f473f9678e72463cb65ec4ab5581856c2e4,38f82e4ead38c7f39a042d00beb0580c76074a66515e994c49ff0d443b373e23,-1.0994941975430752,-5.173155010304853,4.054643154144287,0
constant,44,F03_Tom,4,1,b393978842a0fa3d3e1470196f098f473f9678e72463cb65ec4ab5581856c2e4,3df2014aace652cb414ea22c25f26015f191196ed8c2226dd7750a3263ef85df,-1.0511669170814373,-5.146511268969788,3.9494900703430176,0
constant,44,F03_Tom,4,-1,b393978842a0fa3d3e1470196f098f473f9678e72463cb65ec4ab5581856c2e4,9fd0a7b4a59ff26edbd3bb593840e83434485e7354cb4149f95b9462529e738f,-0.9492450472657674,-3.532311835527052,3.9494900703430176,0
constant,45,F00_Mary,5,1,b393978842a0fa3d3e1470196f098f473f9678e72463cb65ec4ab5581856c2e4,9a784e30724a8221cfe17b20bb52720fe95b8e6617b33c5fbed4f0bf66339321,-0.9909124847042035,-3.1800365224854104,1.5260175466537476,0
constant,45,F00_Mary,5,-1,b393978842a0fa3d3e1470196f098f473f9678e72463cb65ec4ab5581856c2e4,f5781331f309a85ef9143118924c31b79efce5440b517a87cf29ed183da66150,-0.9930170749750082,-3.125984982111024,1.5260175466537476,0
constant,46,F00_John,6,1,b393978842a0fa3d3e1470196f098f473f9678e72463cb65ec4ab5581856c2e4,dd29e0313125b9ad1335f44a2414ac8ca7ea317f714bf741fe0026289451e57e,-0.9867337816353197,-4.063783538010157,1.9351167678833008,0
constant,46,F00_John,6,-1,b393978842a0fa3d3e1470196f098f473f9678e72463cb65ec4ab5581856c2e4,32bec351b3ed1d2a74ad68eea71523cd62c7b8ee30b8db6b135e392ba7266b4e,-1.0298181038022587,-4.014450636007397,1.9351167678833008,0
constant,47,F01_Tom,7,1,b393978842a0fa3d3e1470196f098f473f9678e72463cb65ec4ab5581856c2e4,9196bd317c7133c084e17d41da803bbd9328729b23a8315d1039052840cd9f26,-1.0217961563023203,-4.64554948976245,2.080737590789795,0
constant,47,F01_Tom,7,-1,b393978842a0fa3d3e1470196f098f473f9678e72463cb65ec4ab5581856c2e4,886441d6643cab0a01e2179e33f5795b3883c22a4ab4d2344cefbd2548aa75d1,-0.9874222645838672,-4.340498418262919,2.080737590789795,0
constant,48,F03_Sarah,8,1,b393978842a0fa3d3e1470196f098f473f9678e72463cb65ec4ab5581856c2e4,c2b1c4db0bf1d8d54609e248446188f2b0036a9f32bc32ef5f892c8db1dedd5a,-1.0070380144128104,-5.3306948087678645,1.7053091526031494,0
constant,48,F03_Sarah,8,-1,b393978842a0fa3d3e1470196f098f473f9678e72463cb65ec4ab5581856c2e4,a5358e17c2b35c7c46ba471705f8b368f99d630d02bc1417d383521fa1d7af11,-0.9728462937004749,-5.208880121069001,1.7053091526031494,0
constant,49,F03_Tom,9,1,b393978842a0fa3d3e1470196f098f473f9678e72463cb65ec4ab5581856c2e4,1da71b1a612950d652bae01ab61d33f2e3d1b0b3d913c8ce87e750e109b59717,-1.0077100227564255,-4.408774959772535,1.5957508087158203,0
constant,49,F03_Tom,9,-1,b393978842a0fa3d3e1470196f098f473f9678e72463cb65ec4ab5581856c2e4,f5c30365096a452174b100cb27be302d9b65ea641efe4d313cbe63a6c34f28bc,-1.0003971131462859,-4.25550228635208,1.5957508087158203,0
constant,50,F00_John,10,1,b393978842a0fa3d3e1470196f098f473f9678e72463cb65ec4ab5581856c2e4,e6f74760a98b97ee1e4282e8549f61186442ace9efd34b686e954026ab3973af,-1.0097424912755264,-4.025570309684228,0.7727396488189697,0
constant,50,F00_John,10,-1,b393978842a0fa3d3e1470196f098f473f9678e72463cb65ec4ab5581856c2e4,df9a2b5f02c60c742600575d5fa0c055a9d77ff08e06fad79cb27cc16a242a5e,-0.9506646496567878,-4.0225004138414935,0.7727396488189697,0
constant,51,F01_Sarah,11,1,b393978842a0fa3d3e1470196f098f473f9678e72463cb65ec4ab5581856c2e4,0b18e0aa9f33594d96eeecf41fbf6dac967090711ce603ff7d85641cc7018f03,-0.991374556176406,-4.956765627187798,0.5059534311294556,0
constant,51,F01_Sarah,11,-1,b393978842a0fa3d3e1470196f098f473f9678e72463cb65ec4ab5581856c2e4,4a64c5874dac87592996d74460b4175f24900b709f876e750c50c099828ab256,-0.9991478596372837,-4.939934517107018,0.5059534311294556,0
constant,52,F02_Mary,12,1,b393978842a0fa3d3e1470196f098f473f9678e72463cb65ec4ab5581856c2e4,6e24cb7aa596553fc59d8a261ce04a3b7397ab173a5fc16d93fd207a6aa2b4e6,-1.0024829612343897,-2.8339278093285545,0.38032859563827515,0
constant,52,F02_Mary,12,-1,b393978842a0fa3d3e1470196f098f473f9678e72463cb65ec4ab5581856c2e4,81d4672712cf93b8004638c695c954368b780ee061a68997e08f41b664e9b15e,-1.0111281934784377,-2.9135454748912695,0.38032859563827515,0
constant,53,F02_John,13,1,b393978842a0fa3d3e1470196f098f473f9678e72463cb65ec4ab5581856c2e4,f7d273dd556b46979ac523f5b897e3c17950c407e1cf57636ba7a68a8f40a2f6,-0.9915620452888342,-4.789693474332276,0.9323877692222595,0
constant,53,F02_John,13,-1,b393978842a0fa3d3e1470196f098f473f9678e72463cb65ec4ab5581856c2e4,369c48364be90ba475f21662c18186d4d9e89114219340ee2454a3dc36ca3c7b,-0.9908101627597743,-4.751212855620352,0.9323877692222595,0
constant,54,F00_Mary,14,1,b393978842a0fa3d3e1470196f098f473f9678e72463cb65ec4ab5581856c2e4,e52d69fcb131e388a8e00505074b4b159f41ce31057e98f73a3947b349d36408,-1.0081053709893686,-3.225129729343843,0.9082072377204895,0
constant,54,F00_Mary,14,-1,b393978842a0fa3d3e1470196f098f473f9678e72463cb65ec4ab5581856c2e4,e9a29469c916d60843bf1debd27e93778333a773ef613637e49f4d98fd2c11c2,-1.0050961051633582,-3.2346280429516243,0.9082072377204895,0
constant,55,F01_Tom,15,1,b393978842a0fa3d3e1470196f098f473f9678e72463cb65ec4ab5581856c2e4,f624ce796d9c24bf757545699dc520fc3b0a1b1aebc19dd0bd00374983b5b7e0,-1.002734507234414,-4.443218246023998,0.41752198338508606,0
constant,55,F01_Tom,15,-1,b393978842a0fa3d3e1470196f098f473f9678e72463cb65ec4ab5581856c2e4,08f66ae164562783bf6f6e1dc71be61ccbe14872a69b1f224b45740fe2894202,-0.9986145807071067,-4.502286703404749,0.41752198338508606,0
constant,56,F01_Tom,16,1,b393978842a0fa3d3e1470196f098f473f9678e72463cb65ec4ab5581856c2e4,ba86f73cffba4f596464a02daab03564b5b5a403620535e4d31acb7ac49baf78,-1.0051968553777255,-4.518060383468337,0.5255771279335022,0
constant,56,F01_Tom,16,-1,b393978842a0fa3d3e1470196f098f473f9678e72463cb65ec4ab5581856c2e4,2200d1280e17fad55fdd4afd8eb607d99ffceb95331a947e54e5b9eab5456537,-0.993926819640993,-4.49883772947455,0.5255771279335022,0
constant,57,F00_John,17,1,b393978842a0fa3d3e1470196f098f473f9678e72463cb65ec4ab5581856c2e4,5fc21958257e6ec403a9e91ebe8449c69d2fca063d60940914aa5582656d8c39,-0.9989550181305493,-4.023485595717503,0.26457735896110535,0
constant,57,F00_John,17,-1,b393978842a0fa3d3e1470196f098f473f9678e72463cb65ec4ab5581856c2e4,41ff7d9e82808dda0142c18a63c0f02195e2f98e3493aedd4962838d347c5b5d,-0.9989855032664531,-4.022919498528675,0.26457735896110535,0
constant,58,F02_John,18,1,b393978842a0fa3d3e1470196f098f473f9678e72463cb65ec4ab5581856c2e4,0a8dd9f4b99b1e6c16f907a21224a9c7d35f251e7ca536b32bcb82712dfc8e75,-0.9928631774441357,-4.735662289333195,0.4588885009288788,0
constant,58,F02_John,18,-1,b393978842a0fa3d3e1470196f098f473f9678e72463cb65ec4ab5581856c2e4,e29927c63c0fcb13f4c700aedc3da17519d56fbb74731456f3db422e7a0071c9,-0.9852810682302571,-4.742843173234779,0.4588885009288788,0
constant,59,F03_Tom,19,1,b393978842a0fa3d3e1470196f098f473f9678e72463cb65ec4ab5581856c2e4,8f302dbedfd1c5d336c47cb7e27b64039b235ca4d9a90bbdb75f8f6d0fc1c79e,-1.0065008908479203,-4.257200297392547,0.44698768854141235,0
constant,59,F03_Tom,19,-1,b393978842a0fa3d3e1470196f098f473f9678e72463cb65ec4ab5581856c2e4,9a8bab377aa43215744abfee009cc0fddbdcb8a10689dd34989d43276ca0e841,-0.9976210928482343,-4.300841933814334,0.44698768854141235,0
constant,60,F00_Mary,0,1,b393978842a0fa3d3e1470196f098f473f9678e72463cb65ec4ab5581856c2e4,4edf26cfb8c3a06f92e822225683317822648049b5c7fed52dfe24a272eadf14,-1.120023856876343,-3.4421827963148717,3.776899814605713,0
constant,60,F00_Mary,0,-1,b393978842a0fa3d3e1470196f098f473f9678e72463cb65ec4ab5581856c2e4,c3bfd0572f59bd324d0c28c1d63f20d74301eed7fc7198035bc62a690e05e6a5,-0.876186516826284,-2.9570065819019526,3.776899814605713,0
constant,61,F02_Mary,1,1,b393978842a0fa3d3e1470196f098f473f9678e72463cb65ec4ab5581856c2e4,b96e1857718ed093551f55810814fd575e1009cffbc78db50e9a8a5855ff533e,-0.922594192579286,-2.6490398258034498,2.3943066596984863,0
constant,61,F02_Mary,1,-1,b393978842a0fa3d3e1470196f098f473f9678e72463cb65ec4ab5581856c2e4,150184b0574c66a62c24f109714147df78b99e9594cfade659f9fb329482eb8a,-1.0591867899500031,-3.0156773205499805,2.3943066596984863,0
constant,62,F03_Sarah,2,1,b393978842a0fa3d3e1470196f098f473f9678e72463cb65ec4ab5581856c2e4,a4bebff71f716843b399c3e010821fea543db2a51d32a40e5d177755bc66f8a4,-0.8070058866068207,-4.833987445479369,4.146027088165283,0
constant,62,F03_Sarah,2,-1,b393978842a0fa3d3e1470196f098f473f9678e72463cb65ec4ab5581856c2e4,1dada5c59322abd45c49f7ba55e55a32071f0f766092f6829cfb9a629d765ec9,-1.1208565369783272,-5.714481962371375,4.146027088165283,0
constant,63,F01_Sarah,3,1,b393978842a0fa3d3e1470196f098f473f9678e72463cb65ec4ab5581856c2e4,adb1ddcafa0400da33e4288207f317b638270ccd7fcd5f1e8025aefd8cda88c8,-0.7367024147629436,-4.396550271304515,5.013972759246826,0
constant,63,F01_Sarah,3,-1,b393978842a0fa3d3e1470196f098f473f9678e72463cb65ec4ab5581856c2e4,38f82e4ead38c7f39a042d00beb0580c76074a66515e994c49ff0d443b373e23,-1.1441582748013996,-5.4651705482507404,5.013972759246826,0
constant,64,F03_Tom,4,1,b393978842a0fa3d3e1470196f098f473f9678e72463cb65ec4ab5581856c2e4,3df2014aace652cb414ea22c25f26015f191196ed8c2226dd7750a3263ef85df,-1.0511669170814373,-5.146511268969788,3.9494900703430176,0
constant,64,F03_Tom,4,-1,b393978842a0fa3d3e1470196f098f473f9678e72463cb65ec4ab5581856c2e4,9fd0a7b4a59ff26edbd3bb593840e83434485e7354cb4149f95b9462529e738f,-0.9492450472657674,-3.532311835527052,3.9494900703430176,0
constant,65,F02_Mary,5,1,b393978842a0fa3d3e1470196f098f473f9678e72463cb65ec4ab5581856c2e4,9a784e30724a8221cfe17b20bb52720fe95b8e6617b33c5fbed4f0bf66339321,-1.0048323396660208,-2.8153992864515347,1.5900076627731323,0
constant,65,F02_Mary,5,-1,b393978842a0fa3d3e1470196f098f473f9678e72463cb65ec4ab5581856c2e4,f5781331f309a85ef9143118924c31b79efce5440b517a87cf29ed183da66150,-1.0015431015900096,-2.8363475826162383,1.5900076627731323,0
constant,66,F00_John,6,1,b393978842a0fa3d3e1470196f098f473f9678e72463cb65ec4ab5581856c2e4,dd29e0313125b9ad1335f44a2414ac8ca7ea317f714bf741fe0026289451e57e,-0.9867337816353197,-4.063783538010157,1.9351167678833008,0
constant,66,F00_John,6,-1,b393978842a0fa3d3e1470196f098f473f9678e72463cb65ec4ab5581856c2e4,32bec351b3ed1d2a74ad68eea71523cd62c7b8ee30b8db6b135e392ba7266b4e,-1.0298181038022587,-4.014450636007397,1.9351167678833008,0
constant,67,F00_Mary,7,1,b393978842a0fa3d3e1470196f098f473f9678e72463cb65ec4ab5581856c2e4,9196bd317c7133c084e17d41da803bbd9328729b23a8315d1039052840cd9f26,-0.9957256698131814,-3.169046620270299,2.1200504302978516,0
constant,67,F00_Mary,7,-1,b393978842a0fa3d3e1470196f098f473f9678e72463cb65ec4ab5581856c2e4,886441d6643cab0a01e2179e33f5795b3883c22a4ab4d2344cefbd2548aa75d1,-0.988174901269072,-3.0775046579892034,2.1200504302978516,0
constant,68,F02_John,8,1,b393978842a0fa3d3e1470196f098f473f9678e72463cb65ec4ab5581856c2e4,c2b1c4db0bf1d8d54609e248446188f2b0036a9f32bc32ef5f892c8db1dedd5a,-1.0089362951211789,-4.796957994349327,1.6382368803024292,0
constant,68,F02_John,8,-1,b393978842a0fa3d3e1470196f098f473f9678e72463cb65ec4ab5581856c2e4,a5358e17c2b35c7c46ba471705f8b368f99d630d02bc1417d383521fa1d7af11,-1.005903797774704,-4.705977653015807,1.6382368803024292,0
constant,69,F01_Tom,9,1,b393978842a0fa3d3e1470196f098f473f9678e72463cb65ec4ab5581856c2e4,1da71b1a612950d652bae01ab61d33f2e3d1b0b3d913c8ce87e750e109b59717,-1.0088460867820885,-4.6038714421302736,1.5957508087158203,0
constant,69,F01_Tom,9,-1,b393978842a0fa3d3e1470196f098f473f9678e72463cb65ec4ab5581856c2e4,f5c30365096a452174b100cb27be302d9b65ea641efe4d313cbe63a6c34f28bc,-0.9877739691808596,-4.302565237498781,1.5957508087158203,0
constant,70,F03_Sarah,10,1,b393978842a0fa3d3e1470196f098f473f9678e72463cb65ec4ab5581856c2e4,e6f74760a98b97ee1e4282e8549f61186442ace9efd34b686e954026ab3973af,-0.9950228292118712,-5.31521358910576,0.9226683974266052,0
constant,70,F03_Sarah,10,-1,b393978842a0fa3d3e1470196f098f473f9678e72463cb65ec4ab5581856c2e4,df9a2b5f02c60c742600575d5fa0c055a9d77ff08e06fad79cb27cc16a242a5e,-0.9912257481659473,-5.262442713283143,0.9226683974266052,0
constant,71,F01_Sarah,11,1,b393978842a0fa3d3e1470196f098f473f9678e72463cb65ec4ab5581856c2e4,0b18e0aa9f33594d96eeecf41fbf6dac967090711ce603ff7d85641cc7018f03,-0.991374556176406,-4.956765627187798,0.5059534311294556,0
constant,71,F01_Sarah,11,-1,b393978842a0fa3d3e1470196f098f473f9678e72463cb65ec4ab5581856c2e4,4a64c5874dac87592996d74460b4175f24900b709f876e750c50c099828ab256,-0.9991478596372837,-4.939934517107018,0.5059534311294556,0
constant,72,F01_Tom,12,1,b393978842a0fa3d3e1470196f098f473f9678e72463cb65ec4ab5581856c2e4,6e24cb7aa596553fc59d8a261ce04a3b7397ab173a5fc16d93fd207a6aa2b4e6,-0.9920406089217699,-4.541285032474314,1.1842330694198608,0
constant,72,F01_Tom,12,-1,b393978842a0fa3d3e1470196f098f473f9678e72463cb65ec4ab5581856c2e4,81d4672712cf93b8004638c695c954368b780ee061a68997e08f41b664e9b15e,-1.0041085412315671,-4.516538543381843,1.1842330694198608,0
constant,73,F02_John,13,1,b393978842a0fa3d3e1470196f098f473f9678e72463cb65ec4ab5581856c2e4,f7d273dd556b46979ac523f5b897e3c17950c407e1cf57636ba7a68a8f40a2f6,-0.9915620452888342,-4.789693474332276,0.9323877692222595,0
constant,73,F02_John,13,-1,b393978842a0fa3d3e1470196f098f473f9678e72463cb65ec4ab5581856c2e4,369c48364be90ba475f21662c18186d4d9e89114219340ee2454a3dc36ca3c7b,-0.9908101627597743,-4.751212855620352,0.9323877692222595,0
constant,74,F00_Mary,14,1,b393978842a0fa3d3e1470196f098f473f9678e72463cb65ec4ab5581856c2e4,e52d69fcb131e388a8e00505074b4b159f41ce31057e98f73a3947b349d36408,-1.0081053709893686,-3.225129729343843,0.9082072377204895,0
constant,74,F00_Mary,14,-1,b393978842a0fa3d3e1470196f098f473f9678e72463cb65ec4ab5581856c2e4,e9a29469c916d60843bf1debd27e93778333a773ef613637e49f4d98fd2c11c2,-1.0050961051633582,-3.2346280429516243,0.9082072377204895,0
constant,75,F02_Mary,15,1,b393978842a0fa3d3e1470196f098f473f9678e72463cb65ec4ab5581856c2e4,f624ce796d9c24bf757545699dc520fc3b0a1b1aebc19dd0bd00374983b5b7e0,-0.9965357763350119,-2.8662165911440893,0.44537895917892456,0
constant,75,F02_Mary,15,-1,b393978842a0fa3d3e1470196f098f473f9678e72463cb65ec4ab5581856c2e4,08f66ae164562783bf6f6e1dc71be61ccbe14872a69b1f224b45740fe2894202,-1.0116715100722309,-2.828255512314366,0.44537895917892456,0
constant,76,F00_John,16,1,b393978842a0fa3d3e1470196f098f473f9678e72463cb65ec4ab5581856c2e4,ba86f73cffba4f596464a02daab03564b5b5a403620535e4d31acb7ac49baf78,-1.0004878253370284,-3.992214892526487,0.5420478582382202,0
constant,76,F00_John,16,-1,b393978842a0fa3d3e1470196f098f473f9678e72463cb65ec4ab5581856c2e4,2200d1280e17fad55fdd4afd8eb607d99ffceb95331a947e54e5b9eab5456537,-1.017177162307206,-4.025490709720382,0.5420478582382202,0
constant,77,F03_Tom,17,1,b393978842a0fa3d3e1470196f098f473f9678e72463cb65ec4ab5581856c2e4,5fc21958257e6ec403a9e91ebe8449c69d2fca063d60940914aa5582656d8c39,-0.9988505741111989,-4.345626283635307,0.013027324341237545,0
constant,77,F03_Tom,17,-1,b393978842a0fa3d3e1470196f098f473f9678e72463cb65ec4ab5581856c2e4,41ff7d9e82808dda0142c18a63c0f02195e2f98e3493aedd4962838d347c5b5d,-1.0008494235314669,-4.267017479587651,0.013027324341237545,0
constant,78,F03_Sarah,18,1,b393978842a0fa3d3e1470196f098f473f9678e72463cb65ec4ab5581856c2e4,0a8dd9f4b99b1e6c16f907a21224a9c7d35f251e7ca536b32bcb82712dfc8e75,-1.0106911906428162,-5.215723075050288,0.4776761829853058,0
constant,78,F03_Sarah,18,-1,b393978842a0fa3d3e1470196f098f473f9678e72463cb65ec4ab5581856c2e4,e29927c63c0fcb13f4c700aedc3da17519d56fbb74731456f3db422e7a0071c9,-0.9940331381431375,-5.194269424527591,0.4776761829853058,0
constant,79,F01_Sarah,19,1,b393978842a0fa3d3e1470196f098f473f9678e72463cb65ec4ab5581856c2e4,8f302dbedfd1c5d336c47cb7e27b64039b235ca4d9a90bbdb75f8f6d0fc1c79e,-0.9958349765107406,-4.942028237320447,0.44698768854141235,0
constant,79,F01_Sarah,19,-1,b393978842a0fa3d3e1470196f098f473f9678e72463cb65ec4ab5581856c2e4,9a8bab377aa43215744abfee009cc0fddbdcb8a10689dd34989d43276ca0e841,-0.986208844750953,-4.907369241992422,0.44698768854141235,0
