policy,step,case,donor_step,message,accepted,before,after
internal,0,F01_Tom,-1,"{""coordinate"": 0, ""minus"": -0.9166455272851319, ""plus"": -1.0658895419109746, ""signature"": ""40c15a8e9c408420cf716a8be814f38853797fba29fdb2c5b9447cf16f81ef33"", ""source"": ""b393978842a0fa3d3e1470196f098f473f9678e72463cb65ec4ab5581856c2e4"", ""step"": 0}",1,b393978842a0fa3d3e1470196f098f473f9678e72463cb65ec4ab5581856c2e4,62f2a8563214742f013a3291ea622846e2dcf31d630c1aef2ca426d67af62db5
external_matched,0,F01_Tom,0,"{""coordinate"": 0, ""minus"": -0.9166455272851319, ""plus"": -1.0658895419109746, ""signature"": ""40c15a8e9c408420cf716a8be814f38853797fba29fdb2c5b9447cf16f81ef33"", ""source"": ""b393978842a0fa3d3e1470196f098f473f9678e72463cb65ec4ab5581856c2e4"", ""step"": 0}",1,b393978842a0fa3d3e1470196f098f473f9678e72463cb65ec4ab5581856c2e4,62f2a8563214742f013a3291ea622846e2dcf31d630c1aef2ca426d67af62db5
internal,1,F03_Tom,-1,"{""coordinate"": 1, ""minus"": -0.7141460693283243, ""plus"": -0.94236943563852, ""signature"": ""ae6805fc0c45cbd77946c13e6b10bb322079f8998bcea7297b21e45842c02afd"", ""source"": ""62f2a8563214742f013a3291ea622846e2dcf31d630c1aef2ca426d67af62db5"", ""step"": 1}",1,62f2a8563214742f013a3291ea622846e2dcf31d630c1aef2ca426d67af62db5,82efa3cc1631bd13c5a664803100af543bfc29f21fbb273279b342f87dbb8bd5
external_matched,1,F03_Tom,1,"{""coordinate"": 1, ""minus"": -0.7141460693283243, ""plus"": -0.94236943563852, ""signature"": ""ae6805fc0c45cbd77946c13e6b10bb322079f8998bcea7297b21e45842c02afd"", ""source"": ""62f2a8563214742f013a3291ea622846e2dcf31d630c1aef2ca426d67af62db5"", ""step"": 1}",1,62f2a8563214742f013a3291ea622846e2dcf31d630c1aef2ca426d67af62db5,82efa3cc1631bd13c5a664803100af543bfc29f21fbb273279b342f87dbb8bd5
internal,2,F01_Sarah,-1,"{""coordinate"": 2, ""minus"": -0.2957062574302322, ""plus"": -0.41017387314771897, ""signature"": ""2606f29b9eb1d95566e41d3a585a7f3d87d32c1822dc6fb0450c2e977bc36bd4"", ""source"": ""82efa3cc1631bd13c5a664803100af543bfc29f21fbb273279b342f87dbb8bd5"", ""step"": 2}",1,82efa3cc1631bd13c5a664803100af543bfc29f21fbb273279b342f87dbb8bd5,cdf5f94f15b6ce1de80f0449603ceb59d046cb8279dbbb5571830e03754e62f6
external_matched,2,F01_Sarah,2,"{""coordinate"": 2, ""minus"": -0.2957062574302322, ""plus"": -0.41017387314771897, ""signature"": ""2606f29b9eb1d95566e41d3a585a7f3d87d32c1822dc6fb0450c2e977bc36bd4"", ""source"": ""82efa3cc1631bd13c5a664803100af543bfc29f21fbb273279b342f87dbb8bd5"", ""step"": 2}",1,82efa3cc1631bd13c5a664803100af543bfc29f21fbb273279b342f87dbb8bd5,cdf5f94f15b6ce1de80f0449603ceb59d046cb8279dbbb5571830e03754e62f6
internal,3,F02_Mary,-1,"{""coordinate"": 3, ""minus"": -1.0553924696515438, ""plus"": -0.9532290654727544, ""signature"": ""8064e3def5a2e0c79033f1cf8ff4cda4be526ac7ed6c7fbe0ec6be305a0d8b48"", ""source"": ""cdf5f94f15b6ce1de80f0449603ceb59d046cb8279dbbb5571830e03754e62f6"", ""step"": 3}",1,cdf5f94f15b6ce1de80f0449603ceb59d046cb8279dbbb5571830e03754e62f6,e3ca49fe37980f35a0d396675a727c60bd828cd023e618bc167c91080e15f0cc
external_matched,3,F02_Mary,3,"{""coordinate"": 3, ""minus"": -1.0553924696515438, ""plus"": -0.9532290654727544, ""signature"": ""8064e3def5a2e0c79033f1cf8ff4cda4be526ac7ed6c7fbe0ec6be305a0d8b48"", ""source"": ""cdf5f94f15b6ce1de80f0449603ceb59d046cb8279dbbb5571830e03754e62f6"", ""step"": 3}",1,cdf5f94f15b6ce1de80f0449603ceb59d046cb8279dbbb5571830e03754e62f6,e3ca49fe37980f35a0d396675a727c60bd828cd023e618bc167c91080e15f0cc
internal,4,F03_Sarah,-1,"{""coordinate"": 4, ""minus"": -1.1504008889213595, ""plus"": -0.8534220851837812, ""signature"": ""ac4a80fd320cc67c25a48e43898c2d8dc3ea92f875e555c5bbb73a7aa27e5432"", ""source"": ""e3ca49fe37980f35a0d396675a727c60bd828cd023e618bc167c91080e15f0cc"", ""step"": 4}",1,e3ca49fe37980f35a0d396675a727c60bd828cd023e618bc167c91080e15f0cc,e9cf95319c7e964eebe98df379003a8b348cbcf6f4ed6bb12b6b4599920e94c7
external_matched,4,F03_Sarah,4,"{""coordinate"": 4, ""minus"": -1.1504008889213595, ""plus"": -0.8534220851837812, ""signature"": ""ac4a80fd320cc67c25a48e43898c2d8dc3ea92f875e555c5bbb73a7aa27e5432"", ""source"": ""e3ca49fe37980f35a0d396675a727c60bd828cd023e618bc167c91080e15f0cc"", ""step"": 4}",1,e3ca49fe37980f35a0d396675a727c60bd828cd023e618bc167c91080e15f0cc,e9cf95319c7e964eebe98df379003a8b348cbcf6f4ed6bb12b6b4599920e94c7
internal,5,F00_Mary,-1,"{""coordinate"": 5, ""minus"": -0.5329492754134848, ""plus"": -0.5338844891160894, ""signature"": ""f17ee9bc4520012fcd44d461684fa6a654dc2580ec1b19bf7709ede9410bae37"", ""source"": ""e9cf95319c7e964eebe98df379003a8b348cbcf6f4ed6bb12b6b4599920e94c7"", ""step"": 5}",1,e9cf95319c7e964eebe98df379003a8b348cbcf6f4ed6bb12b6b4599920e94c7,c8ee6263ba8863e8c18ba14516246cbc774046ba6751b8bf8132394f8e6a3bf8
external_matched,5,F00_Mary,5,"{""coordinate"": 5, ""minus"": -0.5329492754134848, ""plus"": -0.5338844891160894, ""signature"": ""f17ee9bc4520012fcd44d461684fa6a654dc2580ec1b19bf7709ede9410bae37"", ""source"": ""e9cf95319c7e964eebe98df379003a8b348cbcf6f4ed6bb12b6b4599920e94c7"", ""step"": 5}",1,e9cf95319c7e964eebe98df379003a8b348cbcf6f4ed6bb12b6b4599920e94c7,c8ee6263ba8863e8c18ba14516246cbc774046ba6751b8bf8132394f8e6a3bf8
internal,6,F00_John,-1,"{""coordinate"": 6, ""minus"": -1.827810842855642, ""plus"": -1.8256319928754763, ""signature"": ""940bdb773ba4e74a045e0d3f14ececf3b2490bb4709dfc3084f37aeae9ece3e7"", ""source"": ""c8ee6263ba8863e8c18ba14516246cbc774046ba6751b8bf8132394f8e6a3bf8"", ""step"": 6}",1,c8ee6263ba8863e8c18ba14516246cbc774046ba6751b8bf8132394f8e6a3bf8,d859b1706e00e64862daefc401ee30dfe7f285ec5abbd9072311ca9a263c7289
external_matched,6,F00_John,6,"{""coordinate"": 6, ""minus"": -1.827810842855642, ""plus"": -1.8256319928754763, ""signature"": ""940bdb773ba4e74a045e0d3f14ececf3b2490bb4709dfc3084f37aeae9ece3e7"", ""source"": ""c8ee6263ba8863e8c18ba14516246cbc774046ba6751b8bf8132394f8e6a3bf8"", ""step"": 6}",1,c8ee6263ba8863e8c18ba14516246cbc774046ba6751b8bf8132394f8e6a3bf8,d859b1706e00e64862daefc401ee30dfe7f285ec5abbd9072311ca9a263c7289
internal,7,F02_John,-1,"{""coordinate"": 7, ""minus"": -1.220389277034105, ""plus"": -1.1947723517738693, ""signature"": ""a831756c352d27789a83535e16dafa5117b6f4e9c46ac647d7f12497804f9b7e"", ""source"": ""d859b1706e00e64862daefc401ee30dfe7f285ec5abbd9072311ca9a263c7289"", ""step"": 7}",1,d859b1706e00e64862daefc401ee30dfe7f285ec5abbd9072311ca9a263c7289,9140ee74476aaad8f6bedbaae5fd9b8553a5d8e4bef7a53e6c29ffe27c3f52d9
external_matched,7,F02_John,7,"{""coordinate"": 7, ""minus"": -1.220389277034105, ""plus"": -1.1947723517738693, ""signature"": ""a831756c352d27789a83535e16dafa5117b6f4e9c46ac647d7f12497804f9b7e"", ""source"": ""d859b1706e00e64862daefc401ee30dfe7f285ec5abbd9072311ca9a263c7289"", ""step"": 7}",1,d859b1706e00e64862daefc401ee30dfe7f285ec5abbd9072311ca9a263c7289,9140ee74476aaad8f6bedbaae5fd9b8553a5d8e4bef7a53e6c29ffe27c3f52d9
internal,8,F02_Mary,-1,"{""coordinate"": 8, ""minus"": -0.5211211549030026, ""plus"": -0.5245667347683363, ""signature"": ""bb100ee27d9586d8aff0669c36917280c4770e7e0d7bd21c4f95d428a33dce57"", ""source"": ""9140ee74476aaad8f6bedbaae5fd9b8553a5d8e4bef7a53e6c29ffe27c3f52d9"", ""step"": 8}",1,9140ee74476aaad8f6bedbaae5fd9b8553a5d8e4bef7a53e6c29ffe27c3f52d9,2e0b1d7085f7b508fdd554c7c2f80c0bb97901f03d8f7efeddfaccdda80f1357
external_matched,8,F02_Mary,8,"{""coordinate"": 8, ""minus"": -0.5211211549030026, ""plus"": -0.5245667347683363, ""signature"": ""bb100ee27d9586d8aff0669c36917280c4770e7e0d7bd21c4f95d428a33dce57"", ""source"": ""9140ee74476aaad8f6bedbaae5fd9b8553a5d8e4bef7a53e6c29ffe27c3f52d9"", ""step"": 8}",1,9140ee74476aaad8f6bedbaae5fd9b8553a5d8e4bef7a53e6c29ffe27c3f52d9,2e0b1d7085f7b508fdd554c7c2f80c0bb97901f03d8f7efeddfaccdda80f1357
internal,9,F01_Sarah,-1,"{""coordinate"": 9, ""minus"": -0.07598669086566001, ""plus"": -0.07530616074197301, ""signature"": ""b072600ffb1e69f6fd6942bbbd566760919c9fd93efe53dd93a5999cff5c746a"", ""source"": ""2e0b1d7085f7b508fdd554c7c2f80c0bb97901f03d8f7efeddfaccdda80f1357"", ""step"": 9}",1,2e0b1d7085f7b508fdd554c7c2f80c0bb97901f03d8f7efeddfaccdda80f1357,2b6a1d604c9c174859d5c086d04fda40d6baadcae1da269f7d55266fcc785c51
external_matched,9,F01_Sarah,9,"{""coordinate"": 9, ""minus"": -0.07598669086566001, ""plus"": -0.07530616074197301, ""signature"": ""b072600ffb1e69f6fd6942bbbd566760919c9fd93efe53dd93a5999cff5c746a"", ""source"": ""2e0b1d7085f7b508fdd554c7c2f80c0bb97901f03d8f7efeddfaccdda80f1357"", ""step"": 9}",1,2e0b1d7085f7b508fdd554c7c2f80c0bb97901f03d8f7efeddfaccdda80f1357,2b6a1d604c9c174859d5c086d04fda40d6baadcae1da269f7d55266fcc785c51
internal,10,F00_John,-1,"{""coordinate"": 10, ""minus"": -1.7806537305539256, ""plus"": -1.7974218360855543, ""signature"": ""8bbc9767d7c73419be90efe73ffd3d6f920a27e77ac6cb882385432951a573cf"", ""source"": ""2b6a1d604c9c174859d5c086d04fda40d6baadcae1da269f7d55266fcc785c51"", ""step"": 10}",1,2b6a1d604c9c174859d5c086d04fda40d6baadcae1da269f7d55266fcc785c51,c70160ea6e313b0111b09447bcc6137c6ad61a0b6fca510cba319318855bbc20
external_matched,10,F00_John,10,"{""coordinate"": 10, ""minus"": -1.7806537305539256, ""plus"": -1.7974218360855543, ""signature"": ""8bbc9767d7c73419be90efe73ffd3d6f920a27e77ac6cb882385432951a573cf"", ""source"": ""2b6a1d604c9c174859d5c086d04fda40d6baadcae1da269f7d55266fcc785c51"", ""step"": 10}",1,2b6a1d604c9c174859d5c086d04fda40d6baadcae1da269f7d55266fcc785c51,c70160ea6e313b0111b09447bcc6137c6ad61a0b6fca510cba319318855bbc20
internal,11,F03_Sarah,-1,"{""coordinate"": 11, ""minus"": -0.5015706947769442, ""plus"": -0.5074227222274965, ""signature"": ""8b6b45e0b1f42b7b158738e67fec070ab87d9ae2a1da2cfcc989bc32e9778670"", ""source"": ""c70160ea6e313b0111b09447bcc6137c6ad61a0b6fca510cba319318855bbc20"", ""step"": 11}",1,c70160ea6e313b0111b09447bcc6137c6ad61a0b6fca510cba319318855bbc20,c925baed2bd36f80145d5a3d1fea13956edce7a19ee241e8c02cb6380022231f
external_matched,11,F03_Sarah,11,"{""coordinate"": 11, ""minus"": -0.5015706947769442, ""plus"": -0.5074227222274965, ""signature"": ""8b6b45e0b1f42b7b158738e67fec070ab87d9ae2a1da2cfcc989bc32e9778670"", ""source"": ""c70160ea6e313b0111b09447bcc6137c6ad61a0b6fca510cba319318855bbc20"", ""step"": 11}",1,c70160ea6e313b0111b09447bcc6137c6ad61a0b6fca510cba319318855bbc20,c925baed2bd36f80145d5a3d1fea13956edce7a19ee241e8c02cb6380022231f
internal,12,F02_John,-1,"{""coordinate"": 12, ""minus"": -1.2215756067582277, ""plus"": -1.22665731301353, ""signature"": ""fb019a6c7e0ed0a34750766be8aadf4e98d3fda403e73a346d78263b0cf7b6b4"", ""source"": ""c925baed2bd36f80145d5a3d1fea13956edce7a19ee241e8c02cb6380022231f"", ""step"": 12}",1,c925baed2bd36f80145d5a3d1fea13956edce7a19ee241e8c02cb6380022231f,d0e2a25e40124c7d88ff1ad4336162315afd6c7d8a78ab4c8caa1d94e6dd51a9
external_matched,12,F02_John,12,"{""coordinate"": 12, ""minus"": -1.2215756067582277, ""plus"": -1.22665731301353, ""signature"": ""fb019a6c7e0ed0a34750766be8aadf4e98d3fda403e73a346d78263b0cf7b6b4"", ""source"": ""c925baed2bd36f80145d5a3d1fea13956edce7a19ee241e8c02cb6380022231f"", ""step"": 12}",1,c925baed2bd36f80145d5a3d1fea13956edce7a19ee241e8c02cb6380022231f,d0e2a25e40124c7d88ff1ad4336162315afd6c7d8a78ab4c8caa1d94e6dd51a9
internal,13,F01_Tom,-1,"{""coordinate"": 13, ""minus"": -0.15694406107258468, ""plus"": -0.15695480733837983, ""signature"": ""d144ffa86f88f398acee9df7c0508d000f1a34b8e49f97c783110a3a81c49bb2"", ""source"": ""d0e2a25e40124c7d88ff1ad4336162315afd6c7d8a78ab4c8caa1d94e6dd51a9"", ""step"": 13}",1,d0e2a25e40124c7d88ff1ad4336162315afd6c7d8a78ab4c8caa1d94e6dd51a9,2aec9c2d1cc88d6f4546fa026eca692bf9b242ebb777cb6a89faf4c811449017
external_matched,13,F01_Tom,13,"{""coordinate"": 13, ""minus"": -0.15694406107258468, ""plus"": -0.15695480733837983, ""signature"": ""d144ffa86f88f398acee9df7c0508d000f1a34b8e49f97c783110a3a81c49bb2"", ""source"": ""d0e2a25e40124c7d88ff1ad4336162315afd6c7d8a78ab4c8caa1d94e6dd51a9"", ""step"": 13}",1,d0e2a25e40124c7d88ff1ad4336162315afd6c7d8a78ab4c8caa1d94e6dd51a9,2aec9c2d1cc88d6f4546fa026eca692bf9b242ebb777cb6a89faf4c811449017
internal,14,F03_Tom,-1,"{""coordinate"": 14, ""minus"": -1.0354821072214888, ""plus"": -1.0333521923684224, ""signature"": ""782c63dfa3aa3f140cc7160994eb494be3674679e0dc4d8c8be60dab2f0891f2"", ""source"": ""2aec9c2d1cc88d6f4546fa026eca692bf9b242ebb777cb6a89faf4c811449017"", ""step"": 14}",1,2aec9c2d1cc88d6f4546fa026eca692bf9b242ebb777cb6a89faf4c811449017,36705dcd6ecaf622de223c680868828a892a5f1c6b4dc3b13ba592a9c75bdab3
external_matched,14,F03_Tom,14,"{""coordinate"": 14, ""minus"": -1.0354821072214888, ""plus"": -1.0333521923684224, ""signature"": ""782c63dfa3aa3f140cc7160994eb494be3674679e0dc4d8c8be60dab2f0891f2"", ""source"": ""2aec9c2d1cc88d6f4546fa026eca692bf9b242ebb777cb6a89faf4c811449017"", ""step"": 14}",1,2aec9c2d1cc88d6f4546fa026eca692bf9b242ebb777cb6a89faf4c811449017,36705dcd6ecaf622de223c680868828a892a5f1c6b4dc3b13ba592a9c75bdab3
internal,15,F00_Mary,-1,"{""coordinate"": 15, ""minus"": -0.4998215418925559, ""plus"": -0.505485608304787, ""signature"": ""c9bd06259b0ee1b548248e25753feadf4ba28a0998e2105430d188364262e70a"", ""source"": ""36705dcd6ecaf622de223c680868828a892a5f1c6b4dc3b13ba592a9c75bdab3"", ""step"": 15}",1,36705dcd6ecaf622de223c680868828a892a5f1c6b4dc3b13ba592a9c75bdab3,0a8c1a7984024299eaa51593a0b90e085bb8a4341eb53e23ee26b3d0519818e6
external_matched,15,F00_Mary,15,"{""coordinate"": 15, ""minus"": -0.4998215418925559, ""plus"": -0.505485608304787, ""signature"": ""c9bd06259b0ee1b548248e25753feadf4ba28a0998e2105430d188364262e70a"", ""source"": ""36705dcd6ecaf622de223c680868828a892a5f1c6b4dc3b13ba592a9c75bdab3"", ""step"": 15}",1,36705dcd6ecaf622de223c680868828a892a5f1c6b4dc3b13ba592a9c75bdab3,0a8c1a7984024299eaa51593a0b90e085bb8a4341eb53e23ee26b3d0519818e6
internal,16,F01_Tom,-1,"{""coordinate"": 16, ""minus"": -0.14497595473010824, ""plus"": -0.1480578282423165, ""signature"": ""2ef645e39b87565da12defb78512d6f09a4ff1f2070c7259323b721823280232"", ""source"": ""0a8c1a7984024299eaa51593a0b90e085bb8a4341eb53e23ee26b3d0519818e6"", ""step"": 16}",1,0a8c1a7984024299eaa51593a0b90e085bb8a4341eb53e23ee26b3d0519818e6,16775025a489b98c8737e3a492f4e973339e9edcff35c73655c5044698cb2c14
external_matched,16,F01_Tom,16,"{""coordinate"": 16, ""minus"": -0.14497595473010824, ""plus"": -0.1480578282423165, ""signature"": ""2ef645e39b87565da12defb78512d6f09a4ff1f2070c7259323b721823280232"", ""source"": ""0a8c1a7984024299eaa51593a0b90e085bb8a4341eb53e23ee26b3d0519818e6"", ""step"": 16}",1,0a8c1a7984024299eaa51593a0b90e085bb8a4341eb53e23ee26b3d0519818e6,16775025a489b98c8737e3a492f4e973339e9edcff35c73655c5044698cb2c14
internal,17,F02_Mary,-1,"{""coordinate"": 17, ""minus"": -0.5382231981202347, ""plus"": -0.5358529970602128, ""signature"": ""d7712f2f8d0fc6465b4cc8a7dcf286a39bf2db859ae0189d5e56bade943d227b"", ""source"": ""16775025a489b98c8737e3a492f4e973339e9edcff35c73655c5044698cb2c14"", ""step"": 17}",1,16775025a489b98c8737e3a492f4e973339e9edcff35c73655c5044698cb2c14,f965ae4a3b70f8babc5667d361a1c0e5e47c3f26def44c0f9f5d9c058e4bb5c0
external_matched,17,F02_Mary,17,"{""coordinate"": 17, ""minus"": -0.5382231981202347, ""plus"": -0.5358529970602128, ""signature"": ""d7712f2f8d0fc6465b4cc8a7dcf286a39bf2db859ae0189d5e56bade943d227b"", ""source"": ""16775025a489b98c8737e3a492f4e973339e9edcff35c73655c5044698cb2c14"", ""step"": 17}",1,16775025a489b98c8737e3a492f4e973339e9edcff35c73655c5044698cb2c14,f965ae4a3b70f8babc5667d361a1c0e5e47c3f26def44c0f9f5d9c058e4bb5c0
internal,18,F00_John,-1,"{""coordinate"": 18, ""minus"": -1.7940384203782818, ""plus"": -1.8138576249678475, ""signature"": ""626af019ae776d6d7234e9f00f93db425a2cc3c095ed3ceaa1c71dedb1c2f735"", ""source"": ""f965ae4a3b70f8babc5667d361a1c0e5e47c3f26def44c0f9f5d9c058e4bb5c0"", ""step"": 18}",1,f965ae4a3b70f8babc5667d361a1c0e5e47c3f26def44c0f9f5d9c058e4bb5c0,6a040bafce3bfcdfbab4a38d81325bc0b3a00b55a5bfa9245f7b701f2cf3df28
external_matched,18,F00_John,18,"{""coordinate"": 18, ""minus"": -1.7940384203782818, ""plus"": -1.8138576249678475, ""signature"": ""626af019ae776d6d7234e9f00f93db425a2cc3c095ed3ceaa1c71dedb1c2f735"", ""source"": ""f965ae4a3b70f8babc5667d361a1c0e5e47c3f26def44c0f9f5d9c058e4bb5c0"", ""step"": 18}",1,f965ae4a3b70f8babc5667d361a1c0e5e47c3f26def44c0f9f5d9c058e4bb5c0,6a040bafce3bfcdfbab4a38d81325bc0b3a00b55a5bfa9245f7b701f2cf3df28
internal,19,F01_Sarah,-1,"{""coordinate"": 19, ""minus"": -0.07711610713975839, ""plus"": -0.08062574721819797, ""signature"": ""95504ad52813b5e79d89c8a7d6d55d030b797aa3f2ae57979edfe7c21230bab8"", ""source"": ""6a040bafce3bfcdfbab4a38d81325bc0b3a00b55a5bfa9245f7b701f2cf3df28"", ""step"": 19}",1,6a040bafce3bfcdfbab4a38d81325bc0b3a00b55a5bfa9245f7b701f2cf3df28,1c079600297edab36151ff07dc9f4f3a1f8448a6d0e3e448b2f6f093c369bdbb
external_matched,19,F01_Sarah,19,"{""coordinate"": 19, ""minus"": -0.07711610713975839, ""plus"": -0.08062574721819797, ""signature"": ""95504ad52813b5e79d89c8a7d6d55d030b797aa3f2ae57979edfe7c21230bab8"", ""source"": ""6a040bafce3bfcdfbab4a38d81325bc0b3a00b55a5bfa9245f7b701f2cf3df28"", ""step"": 19}",1,6a040bafce3bfcdfbab4a38d81325bc0b3a00b55a5bfa9245f7b701f2cf3df28,1c079600297edab36151ff07dc9f4f3a1f8448a6d0e3e448b2f6f093c369bdbb
internal,20,F00_Mary,-1,"{""coordinate"": 0, ""minus"": -0.3431248168960625, ""plus"": -0.6795174433816906, ""signature"": ""e154c498bff069ea7321432072f1229bf29c35470a5b4c46a4f2fc6664eb6263"", ""source"": ""1c079600297edab36151ff07dc9f4f3a1f8448a6d0e3e448b2f6f093c369bdbb"", ""step"": 20}",1,1c079600297edab36151ff07dc9f4f3a1f8448a6d0e3e448b2f6f093c369bdbb,7159246a45f852c3c5b025717acc4f049687bc600fdc3858cdb4814f073782c7
external_matched,20,F00_Mary,20,"{""coordinate"": 0, ""minus"": -0.3431248168960625, ""plus"": -0.6795174433816906, ""signature"": ""e154c498bff069ea7321432072f1229bf29c35470a5b4c46a4f2fc6664eb6263"", ""source"": ""1c079600297edab36151ff07dc9f4f3a1f8448a6d0e3e448b2f6f093c369bdbb"", ""step"": 20}",1,1c079600297edab36151ff07dc9f4f3a1f8448a6d0e3e448b2f6f093c369bdbb,7159246a45f852c3c5b025717acc4f049687bc600fdc3858cdb4814f073782c7
internal,21,F03_Sarah,-1,"{""coordinate"": 1, ""minus"": -0.1583179837101572, ""plus"": -0.33547865006850613, ""signature"": ""b37f46dac67a5bdaa097367abc3798e062c926dab821e9727cf0aae71f3c0d6d"", ""source"": ""7159246a45f852c3c5b025717acc4f049687bc600fdc3858cdb4814f073782c7"", ""step"": 21}",1,7159246a45f852c3c5b025717acc4f049687bc600fdc3858cdb4814f073782c7,aa4d87c167c8de072fd9c8c9000df2aeeea4c75795092595a9e3f8c38a304314
external_matched,21,F03_Sarah,21,"{""coordinate"": 1, ""minus"": -0.1583179837101572, ""plus"": -0.33547865006850613, ""signature"": ""b37f46dac67a5bdaa097367abc3798e062c926dab821e9727cf0aae71f3c0d6d"", ""source"": ""7159246a45f852c3c5b025717acc4f049687bc600fdc3858cdb4814f073782c7"", ""step"": 21}",1,7159246a45f852c3c5b025717acc4f049687bc600fdc3858cdb4814f073782c7,aa4d87c167c8de072fd9c8c9000df2aeeea4c75795092595a9e3f8c38a304314
internal,22,F03_Tom,-1,"{""coordinate"": 2, ""minus"": -0.5600589128397244, ""plus"": -0.5480515982178281, ""signature"": ""a0a91fe15b4a895d57fe0ee0adfed18f45237070dff1d4fe323de37d421e515a"", ""source"": ""aa4d87c167c8de072fd9c8c9000df2aeeea4c75795092595a9e3f8c38a304314"", ""step"": 22}",1,aa4d87c167c8de072fd9c8c9000df2aeeea4c75795092595a9e3f8c38a304314,453daa0010e55a72ec0a97862e45c2a01712a501f37f69392869c4f1819c2605
external_matched,22,F03_Tom,22,"{""coordinate"": 2, ""minus"": -0.5600589128397244, ""plus"": -0.5480515982178281, ""signature"": ""a0a91fe15b4a895d57fe0ee0adfed18f45237070dff1d4fe323de37d421e515a"", ""source"": ""aa4d87c167c8de072fd9c8c9000df2aeeea4c75795092595a9e3f8c38a304314"", ""step"": 22}",1,aa4d87c167c8de072fd9c8c9000df2aeeea4c75795092595a9e3f8c38a304314,453daa0010e55a72ec0a97862e45c2a01712a501f37f69392869c4f1819c2605
internal,23,F02_John,-1,"{""coordinate"": 3, ""minus"": -1.0448991491153279, ""plus"": -0.7953785933011295, ""signature"": ""897ee489b24f405f43ef7faebab5e89c10e89b6f820173aea6e7bd6edf294e9d"", ""source"": ""453daa0010e55a72ec0a97862e45c2a01712a501f37f69392869c4f1819c2605"", ""step"": 23}",1,453daa0010e55a72ec0a97862e45c2a01712a501f37f69392869c4f1819c2605,5c9055c632d01b3c729f9a6bf70f040cd082f6085f30303ba84ddbb0516dc903
external_matched,23,F02_John,23,"{""coordinate"": 3, ""minus"": -1.0448991491153279, ""plus"": -0.7953785933011295, ""signature"": ""897ee489b24f405f43ef7faebab5e89c10e89b6f820173aea6e7bd6edf294e9d"", ""source"": ""453daa0010e55a72ec0a97862e45c2a01712a501f37f69392869c4f1819c2605"", ""step"": 23}",1,453daa0010e55a72ec0a97862e45c2a01712a501f37f69392869c4f1819c2605,5c9055c632d01b3c729f9a6bf70f040cd082f6085f30303ba84ddbb0516dc903
internal,24,F03_Sarah,-1,"{""coordinate"": 4, ""minus"": -0.160613075873348, ""plus"": -0.1232344932323879, ""signature"": ""71c2c93abf7f87d22c4ea8eec5161a8346dc168565dc0cf0f8d2b62f75ae7e29"", ""source"": ""5c9055c632d01b3c729f9a6bf70f040cd082f6085f30303ba84ddbb0516dc903"", ""step"": 24}",1,5c9055c632d01b3c729f9a6bf70f040cd082f6085f30303ba84ddbb0516dc903,c04751844134083a2e515cc5ee31c57d20ad68ddd8cce39db4e66c2c14feb9bb
external_matched,24,F03_Sarah,24,"{""coordinate"": 4, ""minus"": -0.160613075873348, ""plus"": -0.1232344932323879, ""signature"": ""71c2c93abf7f87d22c4ea8eec5161a8346dc168565dc0cf0f8d2b62f75ae7e29"", ""source"": ""5c9055c632d01b3c729f9a6bf70f040cd082f6085f30303ba84ddbb0516dc903"", ""step"": 24}",1,5c9055c632d01b3c729f9a6bf70f040cd082f6085f30303ba84ddbb0516dc903,c04751844134083a2e515cc5ee31c57d20ad68ddd8cce39db4e66c2c14feb9bb
internal,25,F00_Mary,-1,"{""coordinate"": 5, ""minus"": -0.8874893184289556, ""plus"": -0.8878180437894718, ""signature"": ""935573d3259378d5ebb9f04d374c003b39ee53b75de119115c9591efcbe6653e"", ""source"": ""c04751844134083a2e515cc5ee31c57d20ad68ddd8cce39db4e66c2c14feb9bb"", ""step"": 25}",1,c04751844134083a2e515cc5ee31c57d20ad68ddd8cce39db4e66c2c14feb9bb,efd1669ed5f87ce0402c9db912d9ab78186021d468a9b5933b4a3dfbb0a2f690
external_matched,25,F00_Mary,25,"{""coordinate"": 5, ""minus"": -0.8874893184289556, ""plus"": -0.8878180437894718, ""signature"": ""935573d3259378d5ebb9f04d374c003b39ee53b75de119115c9591efcbe6653e"", ""source"": ""c04751844134083a2e515cc5ee31c57d20ad68ddd8cce39db4e66c2c14feb9bb"", ""step"": 25}",1,c04751844134083a2e515cc5ee31c57d20ad68ddd8cce39db4e66c2c14feb9bb,efd1669ed5f87ce0402c9db912d9ab78186021d468a9b5933b4a3dfbb0a2f690
internal,26,F00_John,-1,"{""coordinate"": 6, ""minus"": -2.336935310174282, ""plus"": -2.356804759499883, ""signature"": ""f2950cec9bc4978d03a30c9eea108656ab5954e7e2db09fc57c20b6551c6df20"", ""source"": ""efd1669ed5f87ce0402c9db912d9ab78186021d468a9b5933b4a3dfbb0a2f690"", ""step"": 26}",1,efd1669ed5f87ce0402c9db912d9ab78186021d468a9b5933b4a3dfbb0a2f690,461289d245a2fd18d14d0a5af4cf8ce3672161f1a64a36af140bdaaa7f7be7c6
external_matched,26,F00_John,26,"{""coordinate"": 6, ""minus"": -2.336935310174282, ""plus"": -2.356804759499883, ""signature"": ""f2950cec9bc4978d03a30c9eea108656ab5954e7e2db09fc57c20b6551c6df20"", ""source"": ""efd1669ed5f87ce0402c9db912d9ab78186021d468a9b5933b4a3dfbb0a2f690"", ""step"": 26}",1,efd1669ed5f87ce0402c9db912d9ab78186021d468a9b5933b4a3dfbb0a2f690,461289d245a2fd18d14d0a5af4cf8ce3672161f1a64a36af140bdaaa7f7be7c6
internal,27,F02_Mary,-1,"{""coordinate"": 7, ""minus"": -0.1664991428664527, ""plus"": -0.1755001502331465, ""signature"": ""0add38afeafec5fa98cb1d70bd9b90737c15385b2cf6cf672573f922f42501a5"", ""source"": ""461289d245a2fd18d14d0a5af4cf8ce3672161f1a64a36af140bdaaa7f7be7c6"", ""step"": 27}",1,461289d245a2fd18d14d0a5af4cf8ce3672161f1a64a36af140bdaaa7f7be7c6,900c6ba3d8c360c8c15bd7ef7f5a0c0077f6fd5f6e71ca19567c0b4af491d773
external_matched,27,F02_Mary,27,"{""coordinate"": 7, ""minus"": -0.1664991428664527, ""plus"": -0.1755001502331465, ""signature"": ""0add38afeafec5fa98cb1d70bd9b90737c15385b2cf6cf672573f922f42501a5"", ""source"": ""461289d245a2fd18d14d0a5af4cf8ce3672161f1a64a36af140bdaaa7f7be7c6"", ""step"": 27}",1,461289d245a2fd18d14d0a5af4cf8ce3672161f1a64a36af140bdaaa7f7be7c6,900c6ba3d8c360c8c15bd7ef7f5a0c0077f6fd5f6e71ca19567c0b4af491d773
internal,28,F01_Tom,-1,"{""coordinate"": 8, ""minus"": -0.0625020450909547, ""plus"": -0.06438238369089992, ""signature"": ""5a0a22805e2c13efb13a3eceb4b9040c3de4d276f14d6eea5cece0cdc4c74000"", ""source"": ""900c6ba3d8c360c8c15bd7ef7f5a0c0077f6fd5f6e71ca19567c0b4af491d773"", ""step"": 28}",1,900c6ba3d8c360c8c15bd7ef7f5a0c0077f6fd5f6e71ca19567c0b4af491d773,2fb4f55d8e47888e74e1e4987f98e2c7a1957d9fda1ad506d46e98d264d4b2ed
external_matched,28,F01_Tom,28,"{""coordinate"": 8, ""minus"": -0.0625020450909547, ""plus"": -0.06438238369089992, ""signature"": ""5a0a22805e2c13efb13a3eceb4b9040c3de4d276f14d6eea5cece0cdc4c74000"", ""source"": ""900c6ba3d8c360c8c15bd7ef7f5a0c0077f6fd5f6e71ca19567c0b4af491d773"", ""step"": 28}",1,900c6ba3d8c360c8c15bd7ef7f5a0c0077f6fd5f6e71ca19567c0b4af491d773,2fb4f55d8e47888e74e1e4987f98e2c7a1957d9fda1ad506d46e98d264d4b2ed
internal,29,F02_John,-1,"{""coordinate"": 9, ""minus"": -0.9651729557972567, ""plus"": -0.989194993940914, ""signature"": ""803b8f3df2e7b90eb05dfbcf185e1171a22d6ca2e0832b074b6ac44d9e455907"", ""source"": ""2fb4f55d8e47888e74e1e4987f98e2c7a1957d9fda1ad506d46e98d264d4b2ed"", ""step"": 29}",1,2fb4f55d8e47888e74e1e4987f98e2c7a1957d9fda1ad506d46e98d264d4b2ed,99d361446be23fd57485cc7aa1ff6885b89fe83a7cf1e84139fc133cd09a9fe6
external_matched,29,F02_John,29,"{""coordinate"": 9, ""minus"": -0.9651729557972567, ""plus"": -0.989194993940914, ""signature"": ""803b8f3df2e7b90eb05dfbcf185e1171a22d6ca2e0832b074b6ac44d9e455907"", ""source"": ""2fb4f55d8e47888e74e1e4987f98e2c7a1957d9fda1ad506d46e98d264d4b2ed"", ""step"": 29}",1,2fb4f55d8e47888e74e1e4987f98e2c7a1957d9fda1ad506d46e98d264d4b2ed,99d361446be23fd57485cc7aa1ff6885b89fe83a7cf1e84139fc133cd09a9fe6
internal,30,F03_Tom,-1,"{""coordinate"": 10, ""minus"": -0.9634215282746517, ""plus"": -0.9724640899252057, ""signature"": ""2ae422d51871ed9a82f2404478543bf0dff72f742b7e2a6ed674e7316ac452cf"", ""source"": ""99d361446be23fd57485cc7aa1ff6885b89fe83a7cf1e84139fc133cd09a9fe6"", ""step"": 30}",1,99d361446be23fd57485cc7aa1ff6885b89fe83a7cf1e84139fc133cd09a9fe6,80ee1bf265d3c074bf0aab8e9ecaf7c9f7216e3261f19b8da7dab42bd1028656
external_matched,30,F03_Tom,30,"{""coordinate"": 10, ""minus"": -0.9634215282746517, ""plus"": -0.9724640899252057, ""signature"": ""2ae422d51871ed9a82f2404478543bf0dff72f742b7e2a6ed674e7316ac452cf"", ""source"": ""99d361446be23fd57485cc7aa1ff6885b89fe83a7cf1e84139fc133cd09a9fe6"", ""step"": 30}",1,99d361446be23fd57485cc7aa1ff6885b89fe83a7cf1e84139fc133cd09a9fe6,80ee1bf265d3c074bf0aab8e9ecaf7c9f7216e3261f19b8da7dab42bd1028656
internal,31,F01_Sarah,-1,"{""coordinate"": 11, ""minus"": -0.18076393963171355, ""plus"": -0.18103374431731067, ""signature"": ""51f4df8cc2164e14c0e7f6cbf30b551f16a2b8fd1bd40d66a8476b9780cf81a5"", ""source"": ""80ee1bf265d3c074bf0aab8e9ecaf7c9f7216e3261f19b8da7dab42bd1028656"", ""step"": 31}",1,80ee1bf265d3c074bf0aab8e9ecaf7c9f7216e3261f19b8da7dab42bd1028656,c7c6928b09ffd13c3d1069032d48b2c2bc930019b19d942469da8e5b2f060f95
external_matched,31,F01_Sarah,31,"{""coordinate"": 11, ""minus"": -0.18076393963171355, ""plus"": -0.18103374431731067, ""signature"": ""51f4df8cc2164e14c0e7f6cbf30b551f16a2b8fd1bd40d66a8476b9780cf81a5"", ""source"": ""80ee1bf265d3c074bf0aab8e9ecaf7c9f7216e3261f19b8da7dab42bd1028656"", ""step"": 31}",1,80ee1bf265d3c074bf0aab8e9ecaf7c9f7216e3261f19b8da7dab42bd1028656,c7c6928b09ffd13c3d1069032d48b2c2bc930019b19d942469da8e5b2f060f95
internal,32,F02_John,-1,"{""coordinate"": 12, ""minus"": -0.9281079872200063, ""plus"": -0.9823875960528407, ""signature"": ""8aea3b144089cf53a982561f188fa8602adc03209a53334beddef15afb059cff"", ""source"": ""c7c6928b09ffd13c3d1069032d48b2c2bc930019b19d942469da8e5b2f060f95"", ""step"": 32}",1,c7c6928b09ffd13c3d1069032d48b2c2bc930019b19d942469da8e5b2f060f95,08e688b30836b9ca8e6d141aea1d1d683cf761d0d42579553c4e722727b43dff
external_matched,32,F02_John,32,"{""coordinate"": 12, ""minus"": -0.9281079872200063, ""plus"": -0.9823875960528407, ""signature"": ""8aea3b144089cf53a982561f188fa8602adc03209a53334beddef15afb059cff"", ""source"": ""c7c6928b09ffd13c3d1069032d48b2c2bc930019b19d942469da8e5b2f060f95"", ""step"": 32}",1,c7c6928b09ffd13c3d1069032d48b2c2bc930019b19d942469da8e5b2f060f95,08e688b30836b9ca8e6d141aea1d1d683cf761d0d42579553c4e722727b43dff
internal,33,F02_Mary,-1,"{""coordinate"": 13, ""minus"": -0.17875634539760538, ""plus"": -0.17970663986783353, ""signature"": ""9e3708de0c5e0f9fe348cf4bef428212045946453e384057a4d920f36761ce7f"", ""source"": ""08e688b30836b9ca8e6d141aea1d1d683cf761d0d42579553c4e722727b43dff"", ""step"": 33}",1,08e688b30836b9ca8e6d141aea1d1d683cf761d0d42579553c4e722727b43dff,9d06adf38765a66171f4f95b4ae1324555ecea1e8cd9508ca7ed4f7b6b9934bc
external_matched,33,F02_Mary,33,"{""coordinate"": 13, ""minus"": -0.17875634539760538, ""plus"": -0.17970663986783353, ""signature"": ""9e3708de0c5e0f9fe348cf4bef428212045946453e384057a4d920f36761ce7f"", ""source"": ""08e688b30836b9ca8e6d141aea1d1d683cf761d0d42579553c4e722727b43dff"", ""step"": 33}",1,08e688b30836b9ca8e6d141aea1d1d683cf761d0d42579553c4e722727b43dff,9d06adf38765a66171f4f95b4ae1324555ecea1e8cd9508ca7ed4f7b6b9934bc
internal,34,F03_Sarah,-1,"{""coordinate"": 14, ""minus"": -0.12984980215800374, ""plus"": -0.13055532869690872, ""signature"": ""45cd18ad0969bb4ccbde34dc72b33dde4bc167ff942275c03cca94dc0e29d58c"", ""source"": ""9d06adf38765a66171f4f95b4ae1324555ecea1e8cd9508ca7ed4f7b6b9934bc"", ""step"": 34}",1,9d06adf38765a66171f4f95b4ae1324555ecea1e8cd9508ca7ed4f7b6b9934bc,09c32e5a253a849b02e566af96679839ef2c38c518057af1b73cdbca2e0ba107
external_matched,34,F03_Sarah,34,"{""coordinate"": 14, ""minus"": -0.12984980215800374, ""plus"": -0.13055532869690872, ""signature"": ""45cd18ad0969bb4ccbde34dc72b33dde4bc167ff942275c03cca94dc0e29d58c"", ""source"": ""9d06adf38765a66171f4f95b4ae1324555ecea1e8cd9508ca7ed4f7b6b9934bc"", ""step"": 34}",1,9d06adf38765a66171f4f95b4ae1324555ecea1e8cd9508ca7ed4f7b6b9934bc,09c32e5a253a849b02e566af96679839ef2c38c518057af1b73cdbca2e0ba107
internal,35,F03_Tom,-1,"{""coordinate"": 15, ""minus"": -0.9775643307619017, ""plus"": -0.9751765775777543, ""signature"": ""bdf56f5d3a9a83190facca07620f5c352d5bb99545a2eacbf528269cc596a2b0"", ""source"": ""09c32e5a253a849b02e566af96679839ef2c38c518057af1b73cdbca2e0ba107"", ""step"": 35}",1,09c32e5a253a849b02e566af96679839ef2c38c518057af1b73cdbca2e0ba107,a8e198cd1f85022c3e861fea615bbd9e353cf0a443d6d7993619988e4a42c943
external_matched,35,F03_Tom,35,"{""coordinate"": 15, ""minus"": -0.9775643307619017, ""plus"": -0.9751765775777543, ""signature"": ""bdf56f5d3a9a83190facca07620f5c352d5bb99545a2eacbf528269cc596a2b0"", ""source"": ""09c32e5a253a849b02e566af96679839ef2c38c518057af1b73cdbca2e0ba107"", ""step"": 35}",1,09c32e5a253a849b02e566af96679839ef2c38c518057af1b73cdbca2e0ba107,a8e198cd1f85022c3e861fea615bbd9e353cf0a443d6d7993619988e4a42c943
internal,36,F00_John,-1,"{""coordinate"": 16, ""minus"": -2.3709351099578053, ""plus"": -2.3857881662956486, ""signature"": ""4936232ba077cf01d1d4cd519dadd1553791c52bd51f1bb05d6878aa62f630bb"", ""source"": ""a8e198cd1f85022c3e861fea615bbd9e353cf0a443d6d7993619988e4a42c943"", ""step"": 36}",1,a8e198cd1f85022c3e861fea615bbd9e353cf0a443d6d7993619988e4a42c943,b97b72c6d6f0a37950520570921bd50f8192177372c2a3baf372681feec203ce
external_matched,36,F00_John,36,"{""coordinate"": 16, ""minus"": -2.3709351099578053, ""plus"": -2.3857881662956486, ""signature"": ""4936232ba077cf01d1d4cd519dadd1553791c52bd51f1bb05d6878aa62f630bb"", ""source"": ""a8e198cd1f85022c3e861fea615bbd9e353cf0a443d6d7993619988e4a42c943"", ""step"": 36}",1,a8e198cd1f85022c3e861fea615bbd9e353cf0a443d6d7993619988e4a42c943,b97b72c6d6f0a37950520570921bd50f8192177372c2a3baf372681feec203ce
internal,37,F00_Mary,-1,"{""coordinate"": 17, ""minus"": -0.8637383219119962, ""plus"": -0.8673532493674875, ""signature"": ""5e0b0b84716b7c3b21f3febea0946935393728c9f59677b018c20051f6737f68"", ""source"": ""b97b72c6d6f0a37950520570921bd50f8192177372c2a3baf372681feec203ce"", ""step"": 37}",1,b97b72c6d6f0a37950520570921bd50f8192177372c2a3baf372681feec203ce,3cb7e1c5ed77c24521dc1e8af780ec0011273d97d0cbe84a95014e8cf990aa1d
external_matched,37,F00_Mary,37,"{""coordinate"": 17, ""minus"": -0.8637383219119962, ""plus"": -0.8673532493674875, ""signature"": ""5e0b0b84716b7c3b21f3febea0946935393728c9f59677b018c20051f6737f68"", ""source"": ""b97b72c6d6f0a37950520570921bd50f8192177372c2a3baf372681feec203ce"", ""step"": 37}",1,b97b72c6d6f0a37950520570921bd50f8192177372c2a3baf372681feec203ce,3cb7e1c5ed77c24521dc1e8af780ec0011273d97d0cbe84a95014e8cf990aa1d
internal,38,F01_Tom,-1,"{""coordinate"": 18, ""minus"": -0.06312891403407447, ""plus"": -0.06475045417594844, ""signature"": ""8ba0dd67f2ebb046683d5cf4aa2b976ca2bbbc1a7ea973aea50dc7f726be4ce2"", ""source"": ""3cb7e1c5ed77c24521dc1e8af780ec0011273d97d0cbe84a95014e8cf990aa1d"", ""step"": 38}",1,3cb7e1c5ed77c24521dc1e8af780ec0011273d97d0cbe84a95014e8cf990aa1d,8a6f7c22ceefcd19dcaf50c1c96c6564b3edeb583b500e92a29c879a38b425f1
external_matched,38,F01_Tom,38,"{""coordinate"": 18, ""minus"": -0.06312891403407447, ""plus"": -0.06475045417594844, ""signature"": ""8ba0dd67f2ebb046683d5cf4aa2b976ca2bbbc1a7ea973aea50dc7f726be4ce2"", ""source"": ""3cb7e1c5ed77c24521dc1e8af780ec0011273d97d0cbe84a95014e8cf990aa1d"", ""step"": 38}",1,3cb7e1c5ed77c24521dc1e8af780ec0011273d97d0cbe84a95014e8cf990aa1d,8a6f7c22ceefcd19dcaf50c1c96c6564b3edeb583b500e92a29c879a38b425f1
internal,39,F01_Sarah,-1,"{""coordinate"": 19, ""minus"": -0.18104499290519435, ""plus"": -0.176440332025879, ""signature"": ""3b56a0478b89e129e6cec31647becbdb134a9bc4e7773a3d73cb261cc750406c"", ""source"": ""8a6f7c22ceefcd19dcaf50c1c96c6564b3edeb583b500e92a29c879a38b425f1"", ""step"": 39}",1,8a6f7c22ceefcd19dcaf50c1c96c6564b3edeb583b500e92a29c879a38b425f1,1d48e68ea1f80994620690a17a3abe5d1d144b2f961421d54a849e693d0d534b
external_matched,39,F01_Sarah,39,"{""coordinate"": 19, ""minus"": -0.18104499290519435, ""plus"": -0.176440332025879, ""signature"": ""3b56a0478b89e129e6cec31647becbdb134a9bc4e7773a3d73cb261cc750406c"", ""source"": ""8a6f7c22ceefcd19dcaf50c1c96c6564b3edeb583b500e92a29c879a38b425f1"", ""step"": 39}",1,8a6f7c22ceefcd19dcaf50c1c96c6564b3edeb583b500e92a29c879a38b425f1,1d48e68ea1f80994620690a17a3abe5d1d144b2f961421d54a849e693d0d534b
internal,40,F01_Sarah,-1,"{""coordinate"": 0, ""minus"": -0.19331191581789478, ""plus"": -0.15127355861591785, ""signature"": ""1161dbf637028f4aaf493f0e714318a2176ad4e8f3da860296c50193c66b4ee4"", ""source"": ""1d48e68ea1f80994620690a17a3abe5d1d144b2f961421d54a849e693d0d534b"", ""step"": 40}",1,1d48e68ea1f80994620690a17a3abe5d1d144b2f961421d54a849e693d0d534b,d24d4c8a3b8edcecf98f6f47e993dc193cff2213f66170537ef97e75f5a21f5c
external_matched,40,F01_Sarah,40,"{""coordinate"": 0, ""minus"": -0.19331191581789478, ""plus"": -0.15127355861591785, ""signature"": ""1161dbf637028f4aaf493f0e714318a2176ad4e8f3da860296c50193c66b4ee4"", ""source"": ""1d48e68ea1f80994620690a17a3abe5d1d144b2f961421d54a849e693d0d534b"", ""step"": 40}",1,1d48e68ea1f80994620690a17a3abe5d1d144b2f961421d54a849e693d0d534b,d24d4c8a3b8edcecf98f6f47e993dc193cff2213f66170537ef97e75f5a21f5c
internal,41,F03_Sarah,-1,"{""coordinate"": 1, ""minus"": -0.13007796098840427, ""plus"": -0.15153957657414854, ""signature"": ""27589d374e97ccb41f49fd7c58c05ad7ad7317ccc2f536ee6ace2114da644c32"", ""source"": ""d24d4c8a3b8edcecf98f6f47e993dc193cff2213f66170537ef97e75f5a21f5c"", ""step"": 41}",1,d24d4c8a3b8edcecf98f6f47e993dc193cff2213f66170537ef97e75f5a21f5c,05babc6a872a3b493db2912d11743306fbaaf6b6ff8b46e0ef363399efaae04c
external_matched,41,F03_Sarah,41,"{""coordinate"": 1, ""minus"": -0.13007796098840427, ""plus"": -0.15153957657414854, ""signature"": ""27589d374e97ccb41f49fd7c58c05ad7ad7317ccc2f536ee6ace2114da644c32"", ""source"": ""d24d4c8a3b8edcecf98f6f47e993dc193cff2213f66170537ef97e75f5a21f5c"", ""step"": 41}",1,d24d4c8a3b8edcecf98f6f47e993dc193cff2213f66170537ef97e75f5a21f5c,05babc6a872a3b493db2912d11743306fbaaf6b6ff8b46e0ef363399efaae04c
internal,42,F02_Mary,-1,"{""coordinate"": 2, ""minus"": -0.35079354839085514, ""plus"": -0.2669603403694652, ""signature"": ""580069ea598429b86db89b92fbfb8d45f8ebe94f2a4f766eac85867ca0e7a176"", ""source"": ""05babc6a872a3b493db2912d11743306fbaaf6b6ff8b46e0ef363399efaae04c"", ""step"": 42}",1,05babc6a872a3b493db2912d11743306fbaaf6b6ff8b46e0ef363399efaae04c,5f6af3fd15b1c4f7520b28a27bda6f4f97a0776498ab2352b9331a3dedc66a8f
external_matched,42,F02_Mary,42,"{""coordinate"": 2, ""minus"": -0.35079354839085514, ""plus"": -0.2669603403694652, ""signature"": ""580069ea598429b86db89b92fbfb8d45f8ebe94f2a4f766eac85867ca0e7a176"", ""source"": ""05babc6a872a3b493db2912d11743306fbaaf6b6ff8b46e0ef363399efaae04c"", ""step"": 42}",1,05babc6a872a3b493db2912d11743306fbaaf6b6ff8b46e0ef363399efaae04c,5f6af3fd15b1c4f7520b28a27bda6f4f97a0776498ab2352b9331a3dedc66a8f
internal,43,F02_John,-1,"{""coordinate"": 3, ""minus"": -1.14296874697893, ""plus"": -0.9637889865440762, ""signature"": ""315b6378436e8f91751b067faff320afd5731de28c3f6ed147a9debe5b927cfa"", ""source"": ""5f6af3fd15b1c4f7520b28a27bda6f4f97a0776498ab2352b9331a3dedc66a8f"", ""step"": 43}",1,5f6af3fd15b1c4f7520b28a27bda6f4f97a0776498ab2352b9331a3dedc66a8f,25ef99739df20e8d341f1e78f94cc2415f2236ab97854bd1e2c8761cd6eb2efe
external_matched,43,F02_John,43,"{""coordinate"": 3, ""minus"": -1.14296874697893, ""plus"": -0.9637889865440762, ""signature"": ""315b6378436e8f91751b067faff320afd5731de28c3f6ed147a9debe5b927cfa"", ""source"": ""5f6af3fd15b1c4f7520b28a27bda6f4f97a0776498ab2352b9331a3dedc66a8f"", ""step"": 43}",1,5f6af3fd15b1c4f7520b28a27bda6f4f97a0776498ab2352b9331a3dedc66a8f,25ef99739df20e8d341f1e78f94cc2415f2236ab97854bd1e2c8761cd6eb2efe
internal,44,F03_Tom,-1,"{""coordinate"": 4, ""minus"": -1.063791789574322, ""plus"": -1.1256060555072382, ""signature"": ""017e3c29a321ac2e606a5c635d6441fdee596c98de6c4ca90471fd0916f74574"", ""source"": ""25ef99739df20e8d341f1e78f94cc2415f2236ab97854bd1e2c8761cd6eb2efe"", ""step"": 44}",1,25ef99739df20e8d341f1e78f94cc2415f2236ab97854bd1e2c8761cd6eb2efe,debd2ba79804721d7f612379cdc80a05306351c0d11238d0bda8f497bd7c8e05
external_matched,44,F03_Tom,44,"{""coordinate"": 4, ""minus"": -1.063791789574322, ""plus"": -1.1256060555072382, ""signature"": ""017e3c29a321ac2e606a5c635d6441fdee596c98de6c4ca90471fd0916f74574"", ""source"": ""25ef99739df20e8d341f1e78f94cc2415f2236ab97854bd1e2c8761cd6eb2efe"", ""step"": 44}",1,25ef99739df20e8d341f1e78f94cc2415f2236ab97854bd1e2c8761cd6eb2efe,debd2ba79804721d7f612379cdc80a05306351c0d11238d0bda8f497bd7c8e05
internal,45,F00_Mary,-1,"{""coordinate"": 5, ""minus"": -1.6356366317162472, ""plus"": -1.67375019458271, ""signature"": ""5ab348c88d8bc745818ff30e97a53b60071ce71576272dc3ca50f60b6f423d0b"", ""source"": ""debd2ba79804721d7f612379cdc80a05306351c0d11238d0bda8f497bd7c8e05"", ""step"": 45}",1,debd2ba79804721d7f612379cdc80a05306351c0d11238d0bda8f497bd7c8e05,0377d5c8a7e391a0a04d1fc144e93368289477b35b2d607cf807e3e9166caf4e
external_matched,45,F00_Mary,45,"{""coordinate"": 5, ""minus"": -1.6356366317162472, ""plus"": -1.67375019458271, ""signature"": ""5ab348c88d8bc745818ff30e97a53b60071ce71576272dc3ca50f60b6f423d0b"", ""source"": ""debd2ba79804721d7f612379cdc80a05306351c0d11238d0bda8f497bd7c8e05"", ""step"": 45}",1,debd2ba79804721d7f612379cdc80a05306351c0d11238d0bda8f497bd7c8e05,0377d5c8a7e391a0a04d1fc144e93368289477b35b2d607cf807e3e9166caf4e
internal,46,F00_John,-1,"{""coordinate"": 6, ""minus"": -2.619778448759618, ""plus"": -2.637089277138766, ""signature"": ""5f2dcf820a2affb7f794045e92302e84c993c769e86fb60cdc3abf991e949088"", ""source"": ""0377d5c8a7e391a0a04d1fc144e93368289477b35b2d607cf807e3e9166caf4e"", ""step"": 46}",1,0377d5c8a7e391a0a04d1fc144e93368289477b35b2d607cf807e3e9166caf4e,4797853cbffa5aaf5a16c7f9db26892d9731b1ba54c1e1744cbcdc4a9d36c571
external_matched,46,F00_John,46,"{""coordinate"": 6, ""minus"": -2.619778448759618, ""plus"": -2.637089277138766, ""signature"": ""5f2dcf820a2affb7f794045e92302e84c993c769e86fb60cdc3abf991e949088"", ""source"": ""0377d5c8a7e391a0a04d1fc144e93368289477b35b2d607cf807e3e9166caf4e"", ""step"": 46}",1,0377d5c8a7e391a0a04d1fc144e93368289477b35b2d607cf807e3e9166caf4e,4797853cbffa5aaf5a16c7f9db26892d9731b1ba54c1e1744cbcdc4a9d36c571
internal,47,F01_Tom,-1,"{""coordinate"": 7, ""minus"": -0.11538465538830038, ""plus"": -0.10133483428188368, ""signature"": ""8dceb335a69ffe676f2c0bded54f743ffc6760da48c4c0f67af6e8c93b670841"", ""source"": ""4797853cbffa5aaf5a16c7f9db26892d9731b1ba54c1e1744cbcdc4a9d36c571"", ""step"": 47}",1,4797853cbffa5aaf5a16c7f9db26892d9731b1ba54c1e1744cbcdc4a9d36c571,baf4fa54df1782a0fc3bcaaf29e0c77b8cc64fa937222cbb6e3b8c72d775290c
external_matched,47,F01_Tom,47,"{""coordinate"": 7, ""minus"": -0.11538465538830038, ""plus"": -0.10133483428188368, ""signature"": ""8dceb335a69ffe676f2c0bded54f743ffc6760da48c4c0f67af6e8c93b670841"", ""source"": ""4797853cbffa5aaf5a16c7f9db26892d9731b1ba54c1e1744cbcdc4a9d36c571"", ""step"": 47}",1,4797853cbffa5aaf5a16c7f9db26892d9731b1ba54c1e1744cbcdc4a9d36c571,baf4fa54df1782a0fc3bcaaf29e0c77b8cc64fa937222cbb6e3b8c72d775290c
internal,48,F03_Sarah,-1,"{""coordinate"": 8, ""minus"": -0.11940365522535815, ""plus"": -0.12148622928833488, ""signature"": ""78083adac53dcb881ceec51660e48f3b1673a823bd7a34d00a5527c369ea1b64"", ""source"": ""baf4fa54df1782a0fc3bcaaf29e0c77b8cc64fa937222cbb6e3b8c72d775290c"", ""step"": 48}",1,baf4fa54df1782a0fc3bcaaf29e0c77b8cc64fa937222cbb6e3b8c72d775290c,386660bbe43a58086a8cd304a4c22a512b21908cbc1057bebf486556e416a404
external_matched,48,F03_Sarah,48,"{""coordinate"": 8, ""minus"": -0.11940365522535815, ""plus"": -0.12148622928833488, ""signature"": ""78083adac53dcb881ceec51660e48f3b1673a823bd7a34d00a5527c369ea1b64"", ""source"": ""baf4fa54df1782a0fc3bcaaf29e0c77b8cc64fa937222cbb6e3b8c72d775290c"", ""step"": 48}",1,baf4fa54df1782a0fc3bcaaf29e0c77b8cc64fa937222cbb6e3b8c72d775290c,386660bbe43a58086a8cd304a4c22a512b21908cbc1057bebf486556e416a404
internal,49,F03_Tom,-1,"{""coordinate"": 9, ""minus"": -0.9172135133801474, ""plus"": -0.9602353616935339, ""signature"": ""242b2c562f1fa80d09362452b29b7db209df2c855dd83c7fa25001981841b42f"", ""source"": ""386660bbe43a58086a8cd304a4c22a512b21908cbc1057bebf486556e416a404"", ""step"": 49}",1,386660bbe43a58086a8cd304a4c22a512b21908cbc1057bebf486556e416a404,392b5009348c8a8d074a042baa1f5f23ec0bfd9d89a6a2557105db7013eb1b15
external_matched,49,F03_Tom,49,"{""coordinate"": 9, ""minus"": -0.9172135133801474, ""plus"": -0.9602353616935339, ""signature"": ""242b2c562f1fa80d09362452b29b7db209df2c855dd83c7fa25001981841b42f"", ""source"": ""386660bbe43a58086a8cd304a4c22a512b21908cbc1057bebf486556e416a404"", ""step"": 49}",1,386660bbe43a58086a8cd304a4c22a512b21908cbc1057bebf486556e416a404,392b5009348c8a8d074a042baa1f5f23ec0bfd9d89a6a2557105db7013eb1b15
internal,50,F00_John,-1,"{""coordinate"": 10, ""minus"": -2.5997212710323887, ""plus"": -2.6203673974515747, ""signature"": ""ae253b0c7aacee9e82fed1783356d523e430c54460246495eb9570aae6ae5e39"", ""source"": ""392b5009348c8a8d074a042baa1f5f23ec0bfd9d89a6a2557105db7013eb1b15"", ""step"": 50}",1,392b5009348c8a8d074a042baa1f5f23ec0bfd9d89a6a2557105db7013eb1b15,ba6a07b94d48971f05851f61d2d3ef59f49743ee171070355ffcf5e7bfcfffbe
external_matched,50,F00_John,50,"{""coordinate"": 10, ""minus"": -2.5997212710323887, ""plus"": -2.6203673974515747, ""signature"": ""ae253b0c7aacee9e82fed1783356d523e430c54460246495eb9570aae6ae5e39"", ""source"": ""392b5009348c8a8d074a042baa1f5f23ec0bfd9d89a6a2557105db7013eb1b15"", ""step"": 50}",1,392b5009348c8a8d074a042baa1f5f23ec0bfd9d89a6a2557105db7013eb1b15,ba6a07b94d48971f05851f61d2d3ef59f49743ee171070355ffcf5e7bfcfffbe
internal,51,F01_Sarah,-1,"{""coordinate"": 11, ""minus"": -0.13265792194525822, ""plus"": -0.13917624336185258, ""signature"": ""1eb6d7a9a77a2a1cd46435ca3fc02ea9c5ec07c60d4932466c9e3aa99f9dfa65"", ""source"": ""ba6a07b94d48971f05851f61d2d3ef59f49743ee171070355ffcf5e7bfcfffbe"", ""step"": 51}",1,ba6a07b94d48971f05851f61d2d3ef59f49743ee171070355ffcf5e7bfcfffbe,304cb404d088b328b11b373543a39d997d67567fa3bf0b9a740262ea77141400
external_matched,51,F01_Sarah,51,"{""coordinate"": 11, ""minus"": -0.13265792194525822, ""plus"": -0.13917624336185258, ""signature"": ""1eb6d7a9a77a2a1cd46435ca3fc02ea9c5ec07c60d4932466c9e3aa99f9dfa65"", ""source"": ""ba6a07b94d48971f05851f61d2d3ef59f49743ee171070355ffcf5e7bfcfffbe"", ""step"": 51}",1,ba6a07b94d48971f05851f61d2d3ef59f49743ee171070355ffcf5e7bfcfffbe,304cb404d088b328b11b373543a39d997d67567fa3bf0b9a740262ea77141400
internal,52,F02_Mary,-1,"{""coordinate"": 12, ""minus"": -0.385436215971444, ""plus"": -0.37026344862374216, ""signature"": ""43107fbc8373dd16afe3234f36f96e3c859cd45c4590ee741c979ec4bf78db61"", ""source"": ""304cb404d088b328b11b373543a39d997d67567fa3bf0b9a740262ea77141400"", ""step"": 52}",1,304cb404d088b328b11b373543a39d997d67567fa3bf0b9a740262ea77141400,371249da00612156668a69ce2573a38f93ffe6821236698d7de33deee3145270
external_matched,52,F02_Mary,52,"{""coordinate"": 12, ""minus"": -0.385436215971444, ""plus"": -0.37026344862374216, ""signature"": ""43107fbc8373dd16afe3234f36f96e3c859cd45c4590ee741c979ec4bf78db61"", ""source"": ""304cb404d088b328b11b373543a39d997d67567fa3bf0b9a740262ea77141400"", ""step"": 52}",1,304cb404d088b328b11b373543a39d997d67567fa3bf0b9a740262ea77141400,371249da00612156668a69ce2573a38f93ffe6821236698d7de33deee3145270
internal,53,F02_John,-1,"{""coordinate"": 13, ""minus"": -0.4555187305757239, ""plus"": -0.5186580840683065, ""signature"": ""df7db74213dda4fa4e3f3a6bef599840e0034503383019b916db3430b32daeca"", ""source"": ""371249da00612156668a69ce2573a38f93ffe6821236698d7de33deee3145270"", ""step"": 53}",1,371249da00612156668a69ce2573a38f93ffe6821236698d7de33deee3145270,81a832ba37672d90aa7b2a0b8e51c43e2cce7f3123dc2a5e1d3a9e483303a09d
external_matched,53,F02_John,53,"{""coordinate"": 13, ""minus"": -0.4555187305757239, ""plus"": -0.5186580840683065, ""signature"": ""df7db74213dda4fa4e3f3a6bef599840e0034503383019b916db3430b32daeca"", ""source"": ""371249da00612156668a69ce2573a38f93ffe6821236698d7de33deee3145270"", ""step"": 53}",1,371249da00612156668a69ce2573a38f93ffe6821236698d7de33deee3145270,81a832ba37672d90aa7b2a0b8e51c43e2cce7f3123dc2a5e1d3a9e483303a09d
internal,54,F00_Mary,-1,"{""coordinate"": 14, ""minus"": -1.6424452341534552, ""plus"": -1.6897038741297523, ""signature"": ""928f74f57c2412c272c4b273bd6ab5fc9c15d0b655cef33040ab86c00359187e"", ""source"": ""81a832ba37672d90aa7b2a0b8e51c43e2cce7f3123dc2a5e1d3a9e483303a09d"", ""step"": 54}",1,81a832ba37672d90aa7b2a0b8e51c43e2cce7f3123dc2a5e1d3a9e483303a09d,84f7ea5337585f49e69a793e3199b117bc418c0619a277096565f9143d359ec0
external_matched,54,F00_Mary,54,"{""coordinate"": 14, ""minus"": -1.6424452341534552, ""plus"": -1.6897038741297523, ""signature"": ""928f74f57c2412c272c4b273bd6ab5fc9c15d0b655cef33040ab86c00359187e"", ""source"": ""81a832ba37672d90aa7b2a0b8e51c43e2cce7f3123dc2a5e1d3a9e483303a09d"", ""step"": 54}",1,81a832ba37672d90aa7b2a0b8e51c43e2cce7f3123dc2a5e1d3a9e483303a09d,84f7ea5337585f49e69a793e3199b117bc418c0619a277096565f9143d359ec0
internal,55,F01_Tom,-1,"{""coordinate"": 15, ""minus"": -0.07498045532267854, ""plus"": -0.07812441530322578, ""signature"": ""1b10a19dc4f4458b2dac91c27ef63ef7e709fb0fa0c849a1feb59ae26800b4d2"", ""source"": ""84f7ea5337585f49e69a793e3199b117bc418c0619a277096565f9143d359ec0"", ""step"": 55}",1,84f7ea5337585f49e69a793e3199b117bc418c0619a277096565f9143d359ec0,0d63828769bf4f98b20af4183091ee7c8c51d028612d4ff77be6e3a9e61f94da
external_matched,55,F01_Tom,55,"{""coordinate"": 15, ""minus"": -0.07498045532267854, ""plus"": -0.07812441530322578, ""signature"": ""1b10a19dc4f4458b2dac91c27ef63ef7e709fb0fa0c849a1feb59ae26800b4d2"", ""source"": ""84f7ea5337585f49e69a793e3199b117bc418c0619a277096565f9143d359ec0"", ""step"": 55}",1,84f7ea5337585f49e69a793e3199b117bc418c0619a277096565f9143d359ec0,0d63828769bf4f98b20af4183091ee7c8c51d028612d4ff77be6e3a9e61f94da
internal,56,F01_Tom,-1,"{""coordinate"": 16, ""minus"": -0.07254707351774052, ""plus"": -0.07675611489983375, ""signature"": ""c98d602097acf189059eb00e9af44198d63744ddfbb1a3983364290f8579ba32"", ""source"": ""0d63828769bf4f98b20af4183091ee7c8c51d028612d4ff77be6e3a9e61f94da"", ""step"": 56}",1,0d63828769bf4f98b20af4183091ee7c8c51d028612d4ff77be6e3a9e61f94da,ffdbaf1c2cdc1e366e3a169181b77a14a63be94d813547f1ec1690d8978cc187
external_matched,56,F01_Tom,56,"{""coordinate"": 16, ""minus"": -0.07254707351774052, ""plus"": -0.07675611489983375, ""signature"": ""c98d602097acf189059eb00e9af44198d63744ddfbb1a3983364290f8579ba32"", ""source"": ""0d63828769bf4f98b20af4183091ee7c8c51d028612d4ff77be6e3a9e61f94da"", ""step"": 56}",1,0d63828769bf4f98b20af4183091ee7c8c51d028612d4ff77be6e3a9e61f94da,ffdbaf1c2cdc1e366e3a169181b77a14a63be94d813547f1ec1690d8978cc187
internal,57,F00_John,-1,"{""coordinate"": 17, ""minus"": -2.5362111934337834, ""plus"": -2.5379190181314066, ""signature"": ""beb9b8e19c35adb7b470df781167b287b8b7e425240f352a603bebe79f682214"", ""source"": ""ffdbaf1c2cdc1e366e3a169181b77a14a63be94d813547f1ec1690d8978cc187"", ""step"": 57}",1,ffdbaf1c2cdc1e366e3a169181b77a14a63be94d813547f1ec1690d8978cc187,b6b553a109e6f92ce1a4bc314b4aae4ccf4a5b8f2fe8221c3f6b0410b41ebd49
external_matched,57,F00_John,57,"{""coordinate"": 17, ""minus"": -2.5362111934337834, ""plus"": -2.5379190181314066, ""signature"": ""beb9b8e19c35adb7b470df781167b287b8b7e425240f352a603bebe79f682214"", ""source"": ""ffdbaf1c2cdc1e366e3a169181b77a14a63be94d813547f1ec1690d8978cc187"", ""step"": 57}",1,ffdbaf1c2cdc1e366e3a169181b77a14a63be94d813547f1ec1690d8978cc187,b6b553a109e6f92ce1a4bc314b4aae4ccf4a5b8f2fe8221c3f6b0410b41ebd49
internal,58,F02_John,-1,"{""coordinate"": 18, ""minus"": -0.5436164139066546, ""plus"": -0.5286519821661864, ""signature"": ""812b574ccc82def4accd73b54108b78c80072283855d1707500072d993d6243f"", ""source"": ""b6b553a109e6f92ce1a4bc314b4aae4ccf4a5b8f2fe8221c3f6b0410b41ebd49"", ""step"": 58}",1,b6b553a109e6f92ce1a4bc314b4aae4ccf4a5b8f2fe8221c3f6b0410b41ebd49,7ac9b3c863f1271ebf6ea6c0ffa2ee42218743f2ef1fc6d3faf190c0a12cf5de
external_matched,58,F02_John,58,"{""coordinate"": 18, ""minus"": -0.5436164139066546, ""plus"": -0.5286519821661864, ""signature"": ""812b574ccc82def4accd73b54108b78c80072283855d1707500072d993d6243f"", ""source"": ""b6b553a109e6f92ce1a4bc314b4aae4ccf4a5b8f2fe8221c3f6b0410b41ebd49"", ""step"": 58}",1,b6b553a109e6f92ce1a4bc314b4aae4ccf4a5b8f2fe8221c3f6b0410b41ebd49,7ac9b3c863f1271ebf6ea6c0ffa2ee42218743f2ef1fc6d3faf190c0a12cf5de
internal,59,F03_Tom,-1,"{""coordinate"": 19, ""minus"": -0.936714259573032, ""plus"": -0.940426663991396, ""signature"": ""52ffa05677990d8471e68c19b917d2f20f3755c6259cd8b1d0796bdaf6b9991e"", ""source"": ""7ac9b3c863f1271ebf6ea6c0ffa2ee42218743f2ef1fc6d3faf190c0a12cf5de"", ""step"": 59}",1,7ac9b3c863f1271ebf6ea6c0ffa2ee42218743f2ef1fc6d3faf190c0a12cf5de,6fcd419846c0d8989d83d53c1a53168adcb1c7463e20a1aaa1ac528b1f417207
external_matched,59,F03_Tom,59,"{""coordinate"": 19, ""minus"": -0.936714259573032, ""plus"": -0.940426663991396, ""signature"": ""52ffa05677990d8471e68c19b917d2f20f3755c6259cd8b1d0796bdaf6b9991e"", ""source"": ""7ac9b3c863f1271ebf6ea6c0ffa2ee42218743f2ef1fc6d3faf190c0a12cf5de"", ""step"": 59}",1,7ac9b3c863f1271ebf6ea6c0ffa2ee42218743f2ef1fc6d3faf190c0a12cf5de,6fcd419846c0d8989d83d53c1a53168adcb1c7463e20a1aaa1ac528b1f417207
internal,60,F00_Mary,-1,"{""coordinate"": 0, ""minus"": -1.5672166621870485, ""plus"": -1.689402157094977, ""signature"": ""aa448bd17d0e1dd97b1d1391e8e71cc1ec560576c7317d3ae6082f28296131ba"", ""source"": ""6fcd419846c0d8989d83d53c1a53168adcb1c7463e20a1aaa1ac528b1f417207"", ""step"": 60}",1,6fcd419846c0d8989d83d53c1a53168adcb1c7463e20a1aaa1ac528b1f417207,fc1a3a3d8844fd33d9c5b4f717741b53e3b54305f8249244dbf444f330e77ba2
external_matched,60,F00_Mary,60,"{""coordinate"": 0, ""minus"": -1.5672166621870485, ""plus"": -1.689402157094977, ""signature"": ""aa448bd17d0e1dd97b1d1391e8e71cc1ec560576c7317d3ae6082f28296131ba"", ""source"": ""6fcd419846c0d8989d83d53c1a53168adcb1c7463e20a1aaa1ac528b1f417207"", ""step"": 60}",1,6fcd419846c0d8989d83d53c1a53168adcb1c7463e20a1aaa1ac528b1f417207,fc1a3a3d8844fd33d9c5b4f717741b53e3b54305f8249244dbf444f330e77ba2
internal,61,F02_Mary,-1,"{""coordinate"": 1, ""minus"": -0.2577322645531216, ""plus"": -0.18400505075031637, ""signature"": ""cf94373deea2e2570e70f8482e2357eab0f898d21ae37c4076c9d156254d8b5d"", ""source"": ""fc1a3a3d8844fd33d9c5b4f717741b53e3b54305f8249244dbf444f330e77ba2"", ""step"": 61}",1,fc1a3a3d8844fd33d9c5b4f717741b53e3b54305f8249244dbf444f330e77ba2,b175766abe328ecedd3416876bfd288c65b940729e128e7e01a98b9b602561dc
external_matched,61,F02_Mary,61,"{""coordinate"": 1, ""minus"": -0.2577322645531216, ""plus"": -0.18400505075031637, ""signature"": ""cf94373deea2e2570e70f8482e2357eab0f898d21ae37c4076c9d156254d8b5d"", ""source"": ""fc1a3a3d8844fd33d9c5b4f717741b53e3b54305f8249244dbf444f330e77ba2"", ""step"": 61}",1,fc1a3a3d8844fd33d9c5b4f717741b53e3b54305f8249244dbf444f330e77ba2,b175766abe328ecedd3416876bfd288c65b940729e128e7e01a98b9b602561dc
internal,62,F03_Sarah,-1,"{""coordinate"": 2, ""minus"": -0.18543277270846142, ""plus"": -0.12151987541078021, ""signature"": ""3ed84a6146f3b920e46a4412dccb4be274b5562728ac4c093d65f9fe8d1275a3"", ""source"": ""b175766abe328ecedd3416876bfd288c65b940729e128e7e01a98b9b602561dc"", ""step"": 62}",1,b175766abe328ecedd3416876bfd288c65b940729e128e7e01a98b9b602561dc,480942cfa77cf0fea6bf49a49d05b44ea6fa7288690ed480543c78c6f16ed61f
external_matched,62,F03_Sarah,62,"{""coordinate"": 2, ""minus"": -0.18543277270846142, ""plus"": -0.12151987541078021, ""signature"": ""3ed84a6146f3b920e46a4412dccb4be274b5562728ac4c093d65f9fe8d1275a3"", ""source"": ""b175766abe328ecedd3416876bfd288c65b940729e128e7e01a98b9b602561dc"", ""step"": 62}",1,b175766abe328ecedd3416876bfd288c65b940729e128e7e01a98b9b602561dc,480942cfa77cf0fea6bf49a49d05b44ea6fa7288690ed480543c78c6f16ed61f
internal,63,F01_Sarah,-1,"{""coordinate"": 3, ""minus"": -0.10614335738647113, ""plus"": -0.14363586354457597, ""signature"": ""58d01fcfad189a238147fefb01663e645538e2c00e1ddf20f8f6973c30c1d84c"", ""source"": ""480942cfa77cf0fea6bf49a49d05b44ea6fa7288690ed480543c78c6f16ed61f"", ""step"": 63}",1,480942cfa77cf0fea6bf49a49d05b44ea6fa7288690ed480543c78c6f16ed61f,a3d01eddcb8df98696fa242f98e62ac9621ec63592a6dc69b2140c8bc41f1b97
external_matched,63,F01_Sarah,63,"{""coordinate"": 3, ""minus"": -0.10614335738647113, ""plus"": -0.14363586354457597, ""signature"": ""58d01fcfad189a238147fefb01663e645538e2c00e1ddf20f8f6973c30c1d84c"", ""source"": ""480942cfa77cf0fea6bf49a49d05b44ea6fa7288690ed480543c78c6f16ed61f"", ""step"": 63}",1,480942cfa77cf0fea6bf49a49d05b44ea6fa7288690ed480543c78c6f16ed61f,a3d01eddcb8df98696fa242f98e62ac9621ec63592a6dc69b2140c8bc41f1b97
internal,64,F03_Tom,-1,"{""coordinate"": 4, ""minus"": -0.4293542693691213, ""plus"": -0.7780294615922846, ""signature"": ""3e3d96cb40a3dc504059bccb5e1dcb8db5f030519b62eb5ad4166fa970dea3c1"", ""source"": ""a3d01eddcb8df98696fa242f98e62ac9621ec63592a6dc69b2140c8bc41f1b97"", ""step"": 64}",1,a3d01eddcb8df98696fa242f98e62ac9621ec63592a6dc69b2140c8bc41f1b97,74ec32773b4d32b3faa9ffffa7516a006a58f3850496610024125b3de3ab2b5a
external_matched,64,F03_Tom,64,"{""coordinate"": 4, ""minus"": -0.4293542693691213, ""plus"": -0.7780294615922846, ""signature"": ""3e3d96cb40a3dc504059bccb5e1dcb8db5f030519b62eb5ad4166fa970dea3c1"", ""source"": ""a3d01eddcb8df98696fa242f98e62ac9621ec63592a6dc69b2140c8bc41f1b97"", ""step"": 64}",1,a3d01eddcb8df98696fa242f98e62ac9621ec63592a6dc69b2140c8bc41f1b97,74ec32773b4d32b3faa9ffffa7516a006a58f3850496610024125b3de3ab2b5a
internal,65,F02_Mary,-1,"{""coordinate"": 5, ""minus"": -0.2913465651535553, ""plus"": -0.29795821041684933, ""signature"": ""3b5ff3bb878e70dde732a8917fce165e526fe11c7e1337a05a5b15c38165ce27"", ""source"": ""74ec32773b4d32b3faa9ffffa7516a006a58f3850496610024125b3de3ab2b5a"", ""step"": 65}",1,74ec32773b4d32b3faa9ffffa7516a006a58f3850496610024125b3de3ab2b5a,ee743ce6c1370804a5c1ce36e71ffda54ca0f844c84c52e454bb00d7d8014c4d
external_matched,65,F02_Mary,65,"{""coordinate"": 5, ""minus"": -0.2913465651535553, ""plus"": -0.29795821041684933, ""signature"": ""3b5ff3bb878e70dde732a8917fce165e526fe11c7e1337a05a5b15c38165ce27"", ""source"": ""74ec32773b4d32b3faa9ffffa7516a006a58f3850496610024125b3de3ab2b5a"", ""step"": 65}",1,74ec32773b4d32b3faa9ffffa7516a006a58f3850496610024125b3de3ab2b5a,ee743ce6c1370804a5c1ce36e71ffda54ca0f844c84c52e454bb00d7d8014c4d
internal,66,F00_John,-1,"{""coordinate"": 6, ""minus"": -2.0413746661754115, ""plus"": -2.021973012586128, ""signature"": ""18c9f25155c30fdec490c5b6317ea35a616989ad0f6d5097839846243b2bffa2"", ""source"": ""ee743ce6c1370804a5c1ce36e71ffda54ca0f844c84c52e454bb00d7d8014c4d"", ""step"": 66}",1,ee743ce6c1370804a5c1ce36e71ffda54ca0f844c84c52e454bb00d7d8014c4d,6a706c1e0c991c3dc2d21c78d3fe7c071430dd45f7efd260c17a81443347c433
external_matched,66,F00_John,66,"{""coordinate"": 6, ""minus"": -2.0413746661754115, ""plus"": -2.021973012586128, ""signature"": ""18c9f25155c30fdec490c5b6317ea35a616989ad0f6d5097839846243b2bffa2"", ""source"": ""ee743ce6c1370804a5c1ce36e71ffda54ca0f844c84c52e454bb00d7d8014c4d"", ""step"": 66}",1,ee743ce6c1370804a5c1ce36e71ffda54ca0f844c84c52e454bb00d7d8014c4d,6a706c1e0c991c3dc2d21c78d3fe7c071430dd45f7efd260c17a81443347c433
internal,67,F00_Mary,-1,"{""coordinate"": 7, ""minus"": -1.5641116687741317, ""plus"": -1.5444004964506803, ""signature"": ""961351a2951369aa6dc211538b50a512566275deada3636df839b3416428da5c"", ""source"": ""6a706c1e0c991c3dc2d21c78d3fe7c071430dd45f7efd260c17a81443347c433"", ""step"": 67}",1,6a706c1e0c991c3dc2d21c78d3fe7c071430dd45f7efd260c17a81443347c433,61f60fcd229b11b014aa5813b0094f7309f6114a38f985040bfeff6748e39cc0
external_matched,67,F00_Mary,67,"{""coordinate"": 7, ""minus"": -1.5641116687741317, ""plus"": -1.5444004964506803, ""signature"": ""961351a2951369aa6dc211538b50a512566275deada3636df839b3416428da5c"", ""source"": ""6a706c1e0c991c3dc2d21c78d3fe7c071430dd45f7efd260c17a81443347c433"", ""step"": 67}",1,6a706c1e0c991c3dc2d21c78d3fe7c071430dd45f7efd260c17a81443347c433,61f60fcd229b11b014aa5813b0094f7309f6114a38f985040bfeff6748e39cc0
internal,68,F02_John,-1,"{""coordinate"": 8, ""minus"": -0.18191106631763523, ""plus"": -0.18034518065269117, ""signature"": ""f51b272fb608375cdec8132985343577a925f744a5733275f879a7e9a0414dcf"", ""source"": ""61f60fcd229b11b014aa5813b0094f7309f6114a38f985040bfeff6748e39cc0"", ""step"": 68}",1,61f60fcd229b11b014aa5813b0094f7309f6114a38f985040bfeff6748e39cc0,b44fa875dc25e65f58eb54ebb226ec87c8636cf3cc82491e5bce6f96e1105f27
external_matched,68,F02_John,68,"{""coordinate"": 8, ""minus"": -0.18191106631763523, ""plus"": -0.18034518065269117, ""signature"": ""f51b272fb608375cdec8132985343577a925f744a5733275f879a7e9a0414dcf"", ""source"": ""61f60fcd229b11b014aa5813b0094f7309f6114a38f985040bfeff6748e39cc0"", ""step"": 68}",1,61f60fcd229b11b014aa5813b0094f7309f6114a38f985040bfeff6748e39cc0,b44fa875dc25e65f58eb54ebb226ec87c8636cf3cc82491e5bce6f96e1105f27
internal,69,F01_Tom,-1,"{""coordinate"": 9, ""minus"": -0.1636235569188911, ""plus"": -0.19677263129513184, ""signature"": ""aa740ecedb99f73974ea204b87889e394813a5ee81094777f52fe7105ae5e68f"", ""source"": ""b44fa875dc25e65f58eb54ebb226ec87c8636cf3cc82491e5bce6f96e1105f27"", ""step"": 69}",1,b44fa875dc25e65f58eb54ebb226ec87c8636cf3cc82491e5bce6f96e1105f27,39a3636fd4db5328a26151f7dd48a540b8cccf5a51aab7eb1c50b98e16f0aa51
external_matched,69,F01_Tom,69,"{""coordinate"": 9, ""minus"": -0.1636235569188911, ""plus"": -0.19677263129513184, ""signature"": ""aa740ecedb99f73974ea204b87889e394813a5ee81094777f52fe7105ae5e68f"", ""source"": ""b44fa875dc25e65f58eb54ebb226ec87c8636cf3cc82491e5bce6f96e1105f27"", ""step"": 69}",1,b44fa875dc25e65f58eb54ebb226ec87c8636cf3cc82491e5bce6f96e1105f27,39a3636fd4db5328a26151f7dd48a540b8cccf5a51aab7eb1c50b98e16f0aa51
internal,70,F03_Sarah,-1,"{""coordinate"": 10, ""minus"": -0.12140659246180888, ""plus"": -0.11900347959829702, ""signature"": ""27dd5fa374cec327e93954181ae787363efd8511266f4191065a81a795ddf13b"", ""source"": ""39a3636fd4db5328a26151f7dd48a540b8cccf5a51aab7eb1c50b98e16f0aa51"", ""step"": 70}",1,39a3636fd4db5328a26151f7dd48a540b8cccf5a51aab7eb1c50b98e16f0aa51,48a4402c17b1405be1cad697a7639706782fb05a857e8626015e1a947213ae6a
external_matched,70,F03_Sarah,70,"{""coordinate"": 10, ""minus"": -0.12140659246180888, ""plus"": -0.11900347959829702, ""signature"": ""27dd5fa374cec327e93954181ae787363efd8511266f4191065a81a795ddf13b"", ""source"": ""39a3636fd4db5328a26151f7dd48a540b8cccf5a51aab7eb1c50b98e16f0aa51"", ""step"": 70}",1,39a3636fd4db5328a26151f7dd48a540b8cccf5a51aab7eb1c50b98e16f0aa51,48a4402c17b1405be1cad697a7639706782fb05a857e8626015e1a947213ae6a
internal,71,F01_Sarah,-1,"{""coordinate"": 11, ""minus"": -0.07373894852940244, ""plus"": -0.06913067036210122, ""signature"": ""eb26c9e0da94179faea567ca85ce723856ddd1be2bc533e408ca659de8a3c6c6"", ""source"": ""48a4402c17b1405be1cad697a7639706782fb05a857e8626015e1a947213ae6a"", ""step"": 71}",1,48a4402c17b1405be1cad697a7639706782fb05a857e8626015e1a947213ae6a,dc7de1cb1c6acc188477ea0dad360aa805787c6cecc548befaa74e6b8a471523
external_matched,71,F01_Sarah,71,"{""coordinate"": 11, ""minus"": -0.07373894852940244, ""plus"": -0.06913067036210122, ""signature"": ""eb26c9e0da94179faea567ca85ce723856ddd1be2bc533e408ca659de8a3c6c6"", ""source"": ""48a4402c17b1405be1cad697a7639706782fb05a857e8626015e1a947213ae6a"", ""step"": 71}",1,48a4402c17b1405be1cad697a7639706782fb05a857e8626015e1a947213ae6a,dc7de1cb1c6acc188477ea0dad360aa805787c6cecc548befaa74e6b8a471523
internal,72,F01_Tom,-1,"{""coordinate"": 12, ""minus"": -0.13389879754098327, ""plus"": -0.12928944802097475, ""signature"": ""90c8fada0f0b2603afd01b30f73b77846d6b27fa0a1dabb0aa953a6a8fe5646e"", ""source"": ""dc7de1cb1c6acc188477ea0dad360aa805787c6cecc548befaa74e6b8a471523"", ""step"": 72}",1,dc7de1cb1c6acc188477ea0dad360aa805787c6cecc548befaa74e6b8a471523,fc0c486a7e3f255613d351280addbe9dae5c5fa8765faed3624135896f96c24c
external_matched,72,F01_Tom,72,"{""coordinate"": 12, ""minus"": -0.13389879754098327, ""plus"": -0.12928944802097475, ""signature"": ""90c8fada0f0b2603afd01b30f73b77846d6b27fa0a1dabb0aa953a6a8fe5646e"", ""source"": ""dc7de1cb1c6acc188477ea0dad360aa805787c6cecc548befaa74e6b8a471523"", ""step"": 72}",1,dc7de1cb1c6acc188477ea0dad360aa805787c6cecc548befaa74e6b8a471523,fc0c486a7e3f255613d351280addbe9dae5c5fa8765faed3624135896f96c24c
internal,73,F02_John,-1,"{""coordinate"": 13, ""minus"": -0.18057323193390318, ""plus"": -0.17707712854432814, ""signature"": ""766e450ccc698fbe521329e78ae2c30ff16342194f243e11f050b85c491d2605"", ""source"": ""fc0c486a7e3f255613d351280addbe9dae5c5fa8765faed3624135896f96c24c"", ""step"": 73}",1,fc0c486a7e3f255613d351280addbe9dae5c5fa8765faed3624135896f96c24c,5499c862dad9e7dbcacf53815d492e81ce1f54af2847fc0568156a664b37eeeb
external_matched,73,F02_John,73,"{""coordinate"": 13, ""minus"": -0.18057323193390318, ""plus"": -0.17707712854432814, ""signature"": ""766e450ccc698fbe521329e78ae2c30ff16342194f243e11f050b85c491d2605"", ""source"": ""fc0c486a7e3f255613d351280addbe9dae5c5fa8765faed3624135896f96c24c"", ""step"": 73}",1,fc0c486a7e3f255613d351280addbe9dae5c5fa8765faed3624135896f96c24c,5499c862dad9e7dbcacf53815d492e81ce1f54af2847fc0568156a664b37eeeb
internal,74,F00_Mary,-1,"{""coordinate"": 14, ""minus"": -1.6151298242450929, ""plus"": -1.582439137529712, ""signature"": ""ed38989d89513ae1b0781e8d252602fe17a289ae1163ab26f8e4c3d3152bfdcf"", ""source"": ""5499c862dad9e7dbcacf53815d492e81ce1f54af2847fc0568156a664b37eeeb"", ""step"": 74}",1,5499c862dad9e7dbcacf53815d492e81ce1f54af2847fc0568156a664b37eeeb,0ab654256c7dd29ac98e40d7d931627d647d88d1c3e34a6443e6b47bd3d929f6
external_matched,74,F00_Mary,74,"{""coordinate"": 14, ""minus"": -1.6151298242450929, ""plus"": -1.582439137529712, ""signature"": ""ed38989d89513ae1b0781e8d252602fe17a289ae1163ab26f8e4c3d3152bfdcf"", ""source"": ""5499c862dad9e7dbcacf53815d492e81ce1f54af2847fc0568156a664b37eeeb"", ""step"": 74}",1,5499c862dad9e7dbcacf53815d492e81ce1f54af2847fc0568156a664b37eeeb,0ab654256c7dd29ac98e40d7d931627d647d88d1c3e34a6443e6b47bd3d929f6
internal,75,F02_Mary,-1,"{""coordinate"": 15, ""minus"": -0.2915734564940014, ""plus"": -0.29402777896680676, ""signature"": ""a40196835e5d13589e5e396a1961c7cbf52854ff75ad331fa55db19b6bd63921"", ""source"": ""0ab654256c7dd29ac98e40d7d931627d647d88d1c3e34a6443e6b47bd3d929f6"", ""step"": 75}",1,0ab654256c7dd29ac98e40d7d931627d647d88d1c3e34a6443e6b47bd3d929f6,296b96663a36a7ef0a1bf6d90f0310fa481910706f55fbf1f5174200446bca3a
external_matched,75,F02_Mary,75,"{""coordinate"": 15, ""minus"": -0.2915734564940014, ""plus"": -0.29402777896680676, ""signature"": ""a40196835e5d13589e5e396a1961c7cbf52854ff75ad331fa55db19b6bd63921"", ""source"": ""0ab654256c7dd29ac98e40d7d931627d647d88d1c3e34a6443e6b47bd3d929f6"", ""step"": 75}",1,0ab654256c7dd29ac98e40d7d931627d647d88d1c3e34a6443e6b47bd3d929f6,296b96663a36a7ef0a1bf6d90f0310fa481910706f55fbf1f5174200446bca3a
internal,76,F00_John,-1,"{""coordinate"": 16, ""minus"": -1.9864715046594028, ""plus"": -1.969631849826984, ""signature"": ""336fe3bea64265374fd50cfc02f6e1a718c8c000970f0a8877d0bcc42e7c9d62"", ""source"": ""296b96663a36a7ef0a1bf6d90f0310fa481910706f55fbf1f5174200446bca3a"", ""step"": 76}",1,296b96663a36a7ef0a1bf6d90f0310fa481910706f55fbf1f5174200446bca3a,580790e85bb74519c4ba264d166c55364ed597cc0895e49db1ea9c50d40eceec
external_matched,76,F00_John,76,"{""coordinate"": 16, ""minus"": -1.9864715046594028, ""plus"": -1.969631849826984, ""signature"": ""336fe3bea64265374fd50cfc02f6e1a718c8c000970f0a8877d0bcc42e7c9d62"", ""source"": ""296b96663a36a7ef0a1bf6d90f0310fa481910706f55fbf1f5174200446bca3a"", ""step"": 76}",1,296b96663a36a7ef0a1bf6d90f0310fa481910706f55fbf1f5174200446bca3a,580790e85bb74519c4ba264d166c55364ed597cc0895e49db1ea9c50d40eceec
internal,77,F03_Tom,-1,"{""coordinate"": 17, ""minus"": -0.23639596883422273, ""plus"": -0.23501195014777865, ""signature"": ""1065a05bcbe16581f94e5b82c91111cb284b8c4baaff5a9f551770dd3861f545"", ""source"": ""580790e85bb74519c4ba264d166c55364ed597cc0895e49db1ea9c50d40eceec"", ""step"": 77}",1,580790e85bb74519c4ba264d166c55364ed597cc0895e49db1ea9c50d40eceec,381c754613fcc5ef980a7d22a17bafa7fe3cd77634b6e780d6085088aa36e6bf
external_matched,77,F03_Tom,77,"{""coordinate"": 17, ""minus"": -0.23639596883422273, ""plus"": -0.23501195014777865, ""signature"": ""1065a05bcbe16581f94e5b82c91111cb284b8c4baaff5a9f551770dd3861f545"", ""source"": ""580790e85bb74519c4ba264d166c55364ed597cc0895e49db1ea9c50d40eceec"", ""step"": 77}",1,580790e85bb74519c4ba264d166c55364ed597cc0895e49db1ea9c50d40eceec,381c754613fcc5ef980a7d22a17bafa7fe3cd77634b6e780d6085088aa36e6bf
internal,78,F03_Sarah,-1,"{""coordinate"": 18, ""minus"": -0.12351462793542979, ""plus"": -0.1253684890682371, ""signature"": ""4745cc390b42675d77b6a8b871e00625be9c245537f2b0f40135768f97178b13"", ""source"": ""381c754613fcc5ef980a7d22a17bafa7fe3cd77634b6e780d6085088aa36e6bf"", ""step"": 78}",1,381c754613fcc5ef980a7d22a17bafa7fe3cd77634b6e780d6085088aa36e6bf,f3d8b7e57b032f4d0044d9470b556ff6f265d27bbbd2dfa8115ac7a3c961d5c8
external_matched,78,F03_Sarah,78,"{""coordinate"": 18, ""minus"": -0.12351462793542979, ""plus"": -0.1253684890682371, ""signature"": ""4745cc390b42675d77b6a8b871e00625be9c245537f2b0f40135768f97178b13"", ""source"": ""381c754613fcc5ef980a7d22a17bafa7fe3cd77634b6e780d6085088aa36e6bf"", ""step"": 78}",1,381c754613fcc5ef980a7d22a17bafa7fe3cd77634b6e780d6085088aa36e6bf,f3d8b7e57b032f4d0044d9470b556ff6f265d27bbbd2dfa8115ac7a3c961d5c8
internal,79,F01_Sarah,-1,"{""coordinate"": 19, ""minus"": -0.07120211171676365, ""plus"": -0.07005437241144159, ""signature"": ""05d8be91f5a4b18a4ca777a5689f82e43484404561ac5725b39a3794ed1e298f"", ""source"": ""f3d8b7e57b032f4d0044d9470b556ff6f265d27bbbd2dfa8115ac7a3c961d5c8"", ""step"": 79}",1,f3d8b7e57b032f4d0044d9470b556ff6f265d27bbbd2dfa8115ac7a3c961d5c8,8fb5f1cd5ca8a532fde340824e92c1746fdde12256ab5f1c53d1b961315fc55e
external_matched,79,F01_Sarah,79,"{""coordinate"": 19, ""minus"": -0.07120211171676365, ""plus"": -0.07005437241144159, ""signature"": ""05d8be91f5a4b18a4ca777a5689f82e43484404561ac5725b39a3794ed1e298f"", ""source"": ""f3d8b7e57b032f4d0044d9470b556ff6f265d27bbbd2dfa8115ac7a3c961d5c8"", ""step"": 79}",1,f3d8b7e57b032f4d0044d9470b556ff6f265d27bbbd2dfa8115ac7a3c961d5c8,8fb5f1cd5ca8a532fde340824e92c1746fdde12256ab5f1c53d1b961315fc55e
task,0,F01_Tom,-1,"{""coordinate"": 0, ""minus"": -3.816110002143474, ""plus"": -5.096281176004796, ""signature"": ""c9c4b134d8ae2022125102763d8d8e9fd1cf1634355f8f974b40ce5874cbe2c8"", ""source"": ""b393978842a0fa3d3e1470196f098f473f9678e72463cb65ec4ab5581856c2e4"", ""step"": 0}",1,b393978842a0fa3d3e1470196f098f473f9678e72463cb65ec4ab5581856c2e4,62f2a8563214742f013a3291ea622846e2dcf31d630c1aef2ca426d67af62db5
task,1,F03_Tom,-1,"{""coordinate"": 1, ""minus"": -2.1022801960112836, ""plus"": -3.4403379088260344, ""signature"": ""87cc9baeeead6e80b9a7ca4cb175ef7d3a9a486efc941abc37429706e03b053c"", ""source"": ""62f2a8563214742f013a3291ea622846e2dcf31d630c1aef2ca426d67af62db5"", ""step"": 1}",1,62f2a8563214742f013a3291ea622846e2dcf31d630c1aef2ca426d67af62db5,82efa3cc1631bd13c5a664803100af543bfc29f21fbb273279b342f87dbb8bd5
task,2,F01_Sarah,-1,"{""coordinate"": 2, ""minus"": -3.5922610986809254, ""plus"": -3.8223519031045505, ""signature"": ""d2c4032df7c59cf2a48a93d4ee348f7b62b2171f4d23964e2075801b6f2dc1d3"", ""source"": ""82efa3cc1631bd13c5a664803100af543bfc29f21fbb273279b342f87dbb8bd5"", ""step"": 2}",1,82efa3cc1631bd13c5a664803100af543bfc29f21fbb273279b342f87dbb8bd5,cdf5f94f15b6ce1de80f0449603ceb59d046cb8279dbbb5571830e03754e62f6
task,3,F02_Mary,-1,"{""coordinate"": 3, ""minus"": -3.0464319306731356, ""plus"": -2.6737015427672173, ""signature"": ""094fb05245c2ac317046c055ccea6ff314d3596b55ccf1ebd4af4f88f0bdc71c"", ""source"": ""cdf5f94f15b6ce1de80f0449603ceb59d046cb8279dbbb5571830e03754e62f6"", ""step"": 3}",1,cdf5f94f15b6ce1de80f0449603ceb59d046cb8279dbbb5571830e03754e62f6,e3ca49fe37980f35a0d396675a727c60bd828cd023e618bc167c91080e15f0cc
task,4,F03_Sarah,-1,"{""coordinate"": 4, ""minus"": -5.822814931678869, ""plus"": -4.972038916319475, ""signature"": ""23eedc430a58e6a7db96a248e847fae710744e7abf68879d5418b89379e37e64"", ""source"": ""e3ca49fe37980f35a0d396675a727c60bd828cd023e618bc167c91080e15f0cc"", ""step"": 4}",1,e3ca49fe37980f35a0d396675a727c60bd828cd023e618bc167c91080e15f0cc,e9cf95319c7e964eebe98df379003a8b348cbcf6f4ed6bb12b6b4599920e94c7
task,5,F00_Mary,-1,"{""coordinate"": 5, ""minus"": -2.3397129138771513, ""plus"": -2.3479011582058464, ""signature"": ""ae694275c97c4afb8345c7505bea536b487fe1e8e181555df45a7db61b069d18"", ""source"": ""e9cf95319c7e964eebe98df379003a8b348cbcf6f4ed6bb12b6b4599920e94c7"", ""step"": 5}",1,e9cf95319c7e964eebe98df379003a8b348cbcf6f4ed6bb12b6b4599920e94c7,c8ee6263ba8863e8c18ba14516246cbc774046ba6751b8bf8132394f8e6a3bf8
task,6,F00_John,-1,"{""coordinate"": 6, ""minus"": -5.276054144334281, ""plus"": -5.320009939352551, ""signature"": ""465280e2ec2dd9075e93b93c74ee8a28b7dd530fa13de2cad243494ce226eeac"", ""source"": ""c8ee6263ba8863e8c18ba14516246cbc774046ba6751b8bf8132394f8e6a3bf8"", ""step"": 6}",1,c8ee6263ba8863e8c18ba14516246cbc774046ba6751b8bf8132394f8e6a3bf8,77681bad629f5e100d3259a225ffa7c4b72c6e763537db9db44f7d502bb8605e
task,7,F02_John,-1,"{""coordinate"": 7, ""minus"": -5.896088722019163, ""plus"": -5.946807825019987, ""signature"": ""e7fb3f0c6dfeb4a9445032a182e4b4ea1b8759bc12d0caa35083f404049bd740"", ""source"": ""77681bad629f5e100d3259a225ffa7c4b72c6e763537db9db44f7d502bb8605e"", ""step"": 7}",1,77681bad629f5e100d3259a225ffa7c4b72c6e763537db9db44f7d502bb8605e,c19390abe5b4afa027c4c083aa2b0f45f73d6e7c1604e92f858a17d70a0e922e
task,8,F02_Mary,-1,"{""coordinate"": 8, ""minus"": -2.121560378598011, ""plus"": -2.1396683442225672, ""signature"": ""74534d201c8a8f51e76c8abcc10ee1308929a89e49e83c3e43cbe1c76e273c22"", ""source"": ""c19390abe5b4afa027c4c083aa2b0f45f73d6e7c1604e92f858a17d70a0e922e"", ""step"": 8}",1,c19390abe5b4afa027c4c083aa2b0f45f73d6e7c1604e92f858a17d70a0e922e,1c6175126711c1487c8cf39b4f72c9fae4c1a059000346ed47c0432f92d6b95f
task,9,F01_Sarah,-1,"{""coordinate"": 9, ""minus"": -1.77235813657721, ""plus"": -1.7877979508668267, ""signature"": ""bbf03bb4623130821166ca5bd782c72194452ddf498e2de106105c5d63925a94"", ""source"": ""1c6175126711c1487c8cf39b4f72c9fae4c1a059000346ed47c0432f92d6b95f"", ""step"": 9}",1,1c6175126711c1487c8cf39b4f72c9fae4c1a059000346ed47c0432f92d6b95f,c4af320f23019215f0803d34562d437f2ef33cff5a18bb7ad2923a0cbf49d9a4
task,10,F00_John,-1,"{""coordinate"": 10, ""minus"": -5.3809015521685, ""plus"": -5.337205130073217, ""signature"": ""33bcd1f28fbb7ccefc7cf7b7d37e60415ca0969c0d49d3fccff4fcbaf1ab2bf7"", ""source"": ""c4af320f23019215f0803d34562d437f2ef33cff5a18bb7ad2923a0cbf49d9a4"", ""step"": 10}",1,c4af320f23019215f0803d34562d437f2ef33cff5a18bb7ad2923a0cbf49d9a4,a66cfa902f3c50f21e2d6cd66b34ab991eebe8dfb247e204f7831afe628d0473
task,11,F03_Sarah,-1,"{""coordinate"": 11, ""minus"": -4.496765430976398, ""plus"": -4.53426258396569, ""signature"": ""382a1377e6039ecaf176f19315ca464a36b7d89d56766a7626b954cd3e69251b"", ""source"": ""a66cfa902f3c50f21e2d6cd66b34ab991eebe8dfb247e204f7831afe628d0473"", ""step"": 11}",1,a66cfa902f3c50f21e2d6cd66b34ab991eebe8dfb247e204f7831afe628d0473,35bdd450ba467597fb874136055bb92df6760cba1cf27f5a1ff47094c72207cb
task,12,F02_John,-1,"{""coordinate"": 12, ""minus"": -5.797858878535683, ""plus"": -5.794755174653542, ""signature"": ""1b211eee18d61ef831aeaa854d696764b9e17fcf6abeccf286b069e9611e8be4"", ""source"": ""35bdd450ba467597fb874136055bb92df6760cba1cf27f5a1ff47094c72207cb"", ""step"": 12}",1,35bdd450ba467597fb874136055bb92df6760cba1cf27f5a1ff47094c72207cb,905829a6ac399ecf42e3b204912cdaa5c3fe1bd52c934f5169a5a605fe99ec7f
task,13,F01_Tom,-1,"{""coordinate"": 13, ""minus"": -1.7042582352603732, ""plus"": -1.7519284014351229, ""signature"": ""c561c517ec416ea57cc86bea17f620606de6526f70f015f694caa8f5199bddfd"", ""source"": ""905829a6ac399ecf42e3b204912cdaa5c3fe1bd52c934f5169a5a605fe99ec7f"", ""step"": 13}",1,905829a6ac399ecf42e3b204912cdaa5c3fe1bd52c934f5169a5a605fe99ec7f,8adb594cc5eac67063c0b748e584d6c41cb4d50a6359d23c3acd79cfce752db7
task,14,F03_Tom,-1,"{""coordinate"": 14, ""minus"": -3.6724329807543423, ""plus"": -3.631397277660032, ""signature"": ""e0618cdc33e67bcd1886a342e8e03aace1211d14a17fc49d3b321c8469c1b08d"", ""source"": ""8adb594cc5eac67063c0b748e584d6c41cb4d50a6359d23c3acd79cfce752db7"", ""step"": 14}",1,8adb594cc5eac67063c0b748e584d6c41cb4d50a6359d23c3acd79cfce752db7,a9adb35147397bbad87b61c6ce08c7f7c1604983afe92bb4dadf3ef6a0d9cd7b
task,15,F00_Mary,-1,"{""coordinate"": 15, ""minus"": -2.4139517406482476, ""plus"": -2.4363193908031144, ""signature"": ""c1aacf76441a0df07d2eb2bf943e76bea5548dbb26db10cb0fa802ccef88b7fb"", ""source"": ""a9adb35147397bbad87b61c6ce08c7f7c1604983afe92bb4dadf3ef6a0d9cd7b"", ""step"": 15}",1,a9adb35147397bbad87b61c6ce08c7f7c1604983afe92bb4dadf3ef6a0d9cd7b,c5ce960b8046f349515bace1427b99e8f0c7e951347e55991c6a8291e7c652e7
task,16,F01_Tom,-1,"{""coordinate"": 16, ""minus"": -1.6743959319035495, ""plus"": -1.685919838146417, ""signature"": ""5138f5a673efbf7320b5ad902f729f86b731830875df74c1cab06ca48d4bb81a"", ""source"": ""c5ce960b8046f349515bace1427b99e8f0c7e951347e55991c6a8291e7c652e7"", ""step"": 16}",1,c5ce960b8046f349515bace1427b99e8f0c7e951347e55991c6a8291e7c652e7,30e0d71f226a0647028c75b918d30a4538bd42bbf96f235ac7539fa4b69abe73
task,17,F02_Mary,-1,"{""coordinate"": 17, ""minus"": -2.053181303561634, ""plus"": -2.0974442071886967, ""signature"": ""8b84ab54113b509eb22e634e23afae3ca5ad1216b1438c770912657ebe251c88"", ""source"": ""30e0d71f226a0647028c75b918d30a4538bd42bbf96f235ac7539fa4b69abe73"", ""step"": 17}",1,30e0d71f226a0647028c75b918d30a4538bd42bbf96f235ac7539fa4b69abe73,f2d8971ec79e9a541898fd4ab35187bfbd5480e8fb6e6620fb0c6f746fcfa6cc
task,18,F00_John,-1,"{""coordinate"": 18, ""minus"": -5.2924926335131754, ""plus"": -5.318974731346337, ""signature"": ""944c9f5963a722d0df97723f2ed35a853ea856d8d850b33427cf7c522a521b76"", ""source"": ""f2d8971ec79e9a541898fd4ab35187bfbd5480e8fb6e6620fb0c6f746fcfa6cc"", ""step"": 18}",1,f2d8971ec79e9a541898fd4ab35187bfbd5480e8fb6e6620fb0c6f746fcfa6cc,7af07f54d006122b8e3eab1f91f78fe100677bc840b7a73359ec6dc1164e29cf
task,19,F01_Sarah,-1,"{""coordinate"": 19, ""minus"": -1.9026223008849532, ""plus"": -1.9099218237033386, ""signature"": ""2faeb9a6611bf50990c2d72fdf0ea8b847903f1aad8f7f2eea568613170e0ef9"", ""source"": ""7af07f54d006122b8e3eab1f91f78fe100677bc840b7a73359ec6dc1164e29cf"", ""step"": 19}",1,7af07f54d006122b8e3eab1f91f78fe100677bc840b7a73359ec6dc1164e29cf,901c9ec44264fb32ee002bbec847bd4713d938b4a2618179db091293544b2137
task,20,F00_Mary,-1,"{""coordinate"": 0, ""minus"": -2.245019786667716, ""plus"": -2.6223822804840085, ""signature"": ""c2d7f52892fba6ed07248ef4fc0b59923b4570bbfa0629dd06eb39c32db1e866"", ""source"": ""901c9ec44264fb32ee002bbec847bd4713d938b4a2618179db091293544b2137"", ""step"": 20}",1,901c9ec44264fb32ee002bbec847bd4713d938b4a2618179db091293544b2137,bf390ea0be278f8b9e6e9f84d5eea766097a7a5b06c9428e9f518963504461d9
task,21,F03_Sarah,-1,"{""coordinate"": 1, ""minus"": -3.4687914985396775, ""plus"": -4.131285165759357, ""signature"": ""0607f767ee6bb73da89073c8e47c71fcc1ee393387f9a58614fd83dfe68dc1e2"", ""source"": ""bf390ea0be278f8b9e6e9f84d5eea766097a7a5b06c9428e9f518963504461d9"", ""step"": 21}",1,bf390ea0be278f8b9e6e9f84d5eea766097a7a5b06c9428e9f518963504461d9,29193aad3b8db63f085369d225e99347a54fadee83335198e03f05f028b7a825
task,22,F03_Tom,-1,"{""coordinate"": 2, ""minus"": -1.5161231827817039, ""plus"": -1.524156212177766, ""signature"": ""66de45a635e4d208092af4a5d00b642f3be4178f9163a4a61706d524a3e84455"", ""source"": ""29193aad3b8db63f085369d225e99347a54fadee83335198e03f05f028b7a825"", ""step"": 22}",1,29193aad3b8db63f085369d225e99347a54fadee83335198e03f05f028b7a825,e4f8c86ff420489f5d0f0155427e9ef60e877fea3377db9f09503cac677e68f8
task,23,F02_John,-1,"{""coordinate"": 3, ""minus"": -7.050315345045338, ""plus"": -6.507768859448381, ""signature"": ""cfeaa936d3d2c5273e8e7fc5a9e19fd37486bf1a5afe200ae65788b4d6f39df1"", ""source"": ""e4f8c86ff420489f5d0f0155427e9ef60e877fea3377db9f09503cac677e68f8"", ""step"": 23}",1,e4f8c86ff420489f5d0f0155427e9ef60e877fea3377db9f09503cac677e68f8,0e1a58c1b566de43886a39ea115c0ebe03f5e79eb670f6c9a64a8e50c1842c85
task,24,F03_Sarah,-1,"{""coordinate"": 4, ""minus"": -4.8536196792243755, ""plus"": -4.189307201778183, ""signature"": ""e0546df1f1a112c4e7eeb10d657d544adae2d0e9e6311f6e6a888477bde0a411"", ""source"": ""0e1a58c1b566de43886a39ea115c0ebe03f5e79eb670f6c9a64a8e50c1842c85"", ""step"": 24}",1,0e1a58c1b566de43886a39ea115c0ebe03f5e79eb670f6c9a64a8e50c1842c85,5c58584e90db58044916c39de9e8e5c2619ded6dbd4d8f215eebc7111f05da00
task,25,F00_Mary,-1,"{""coordinate"": 5, ""minus"": -1.9228779238890836, ""plus"": -1.8872795884966584, ""signature"": ""06e2ffc6007b1806b11d8bba5a7ce6cb515d580b3de8b415c49c189dd5a70ecb"", ""source"": ""5c58584e90db58044916c39de9e8e5c2619ded6dbd4d8f215eebc7111f05da00"", ""step"": 25}",1,5c58584e90db58044916c39de9e8e5c2619ded6dbd4d8f215eebc7111f05da00,0a5b972e3e7bf9712ee4990f7dfec5687eebe24b7dd8c5a640a160d34d10536a
task,26,F00_John,-1,"{""coordinate"": 6, ""minus"": -6.199672295765156, ""plus"": -6.259831671652424, ""signature"": ""d2b11fee3a025e257e8e504d17f0eac95675712ee6f7f0f0683955035346e4cf"", ""source"": ""0a5b972e3e7bf9712ee4990f7dfec5687eebe24b7dd8c5a640a160d34d10536a"", ""step"": 26}",1,0a5b972e3e7bf9712ee4990f7dfec5687eebe24b7dd8c5a640a160d34d10536a,091d60cf916b2edbf7c2854dccabe621003e0290994c20e2ee3be2f72bb6d3d6
task,27,F02_Mary,-1,"{""coordinate"": 7, ""minus"": -1.4411505991776414, ""plus"": -1.4336831844412148, ""signature"": ""ece706374af7ae10ed810e33747ac29a043f042650ef449a379f906345a880ef"", ""source"": ""091d60cf916b2edbf7c2854dccabe621003e0290994c20e2ee3be2f72bb6d3d6"", ""step"": 27}",1,091d60cf916b2edbf7c2854dccabe621003e0290994c20e2ee3be2f72bb6d3d6,d58af3730a2a3c66b2d1c1a6684ae9c7301f4886ee7c5268774ad0ba69497cae
task,28,F01_Tom,-1,"{""coordinate"": 8, ""minus"": -1.4063694369374777, ""plus"": -1.2955439458219917, ""signature"": ""462fbc774b12a21556c7669e41f6fe2f9a4ca0b39191ce5aa5ff0d6ead43a983"", ""source"": ""d58af3730a2a3c66b2d1c1a6684ae9c7301f4886ee7c5268774ad0ba69497cae"", ""step"": 28}",1,d58af3730a2a3c66b2d1c1a6684ae9c7301f4886ee7c5268774ad0ba69497cae,c7dc3d06fef6bc092b2e57b2aad8960804afa6afc4440f867e245cd955478d09
task,29,F02_John,-1,"{""coordinate"": 9, ""minus"": -6.797072000675105, ""plus"": -6.793099094388925, ""signature"": ""7ccf87f4e810f6deeced53340b2e04c3bbb5e053422ff6ce9893dcb969d63b87"", ""source"": ""c7dc3d06fef6bc092b2e57b2aad8960804afa6afc4440f867e245cd955478d09"", ""step"": 29}",1,c7dc3d06fef6bc092b2e57b2aad8960804afa6afc4440f867e245cd955478d09,2dd7fe78c85514b4bd643219310eb57b3e201742eaa8110b72b3c38600da5938
task,30,F03_Tom,-1,"{""coordinate"": 10, ""minus"": -4.167365011521641, ""plus"": -4.171560933610552, ""signature"": ""13944ee62067da638659f64e199ee2355342675538e15d4f3168fede21320de9"", ""source"": ""2dd7fe78c85514b4bd643219310eb57b3e201742eaa8110b72b3c38600da5938"", ""step"": 30}",1,2dd7fe78c85514b4bd643219310eb57b3e201742eaa8110b72b3c38600da5938,ef29d2b495880c6b32e555f5c94b41c2f2d8b4121cd8d2221ac5c235690c5142
task,31,F01_Sarah,-1,"{""coordinate"": 11, ""minus"": -0.7218008607900174, ""plus"": -0.693909715603975, ""signature"": ""e7c95daca2c8b53f035b9f84b63e0552c7614773ee1dc81d1178674122dac6f5"", ""source"": ""ef29d2b495880c6b32e555f5c94b41c2f2d8b4121cd8d2221ac5c235690c5142"", ""step"": 31}",1,ef29d2b495880c6b32e555f5c94b41c2f2d8b4121cd8d2221ac5c235690c5142,d53c53d3090e3ab4891c924c7d30039c8eb92ef75232e253cae967738455ed29
task,32,F02_John,-1,"{""coordinate"": 12, ""minus"": -6.742484898667827, ""plus"": -6.722095289686982, ""signature"": ""f1ca31b1f3bad1ac4168c974e9097490302eecf15260df4be16963c433e2e67f"", ""source"": ""d53c53d3090e3ab4891c924c7d30039c8eb92ef75232e253cae967738455ed29"", ""step"": 32}",1,d53c53d3090e3ab4891c924c7d30039c8eb92ef75232e253cae967738455ed29,63daca89e4e0225a5b8d22d672071dd292bc4f4863519422df968ab2a7cf02f2
task,33,F02_Mary,-1,"{""coordinate"": 13, ""minus"": -1.3274856872395129, ""plus"": -1.4003197416808084, ""signature"": ""8cd8efc8e10a2f3c404ecfd70e485c8c8dc24f26f2bfa91a86ed6ddd909b4073"", ""source"": ""63daca89e4e0225a5b8d22d672071dd292bc4f4863519422df968ab2a7cf02f2"", ""step"": 33}",1,63daca89e4e0225a5b8d22d672071dd292bc4f4863519422df968ab2a7cf02f2,85871c1ebf1e9e1debb567672765bb72214cfb5dfbc0272584735f16bceafd34
task,34,F03_Sarah,-1,"{""coordinate"": 14, ""minus"": -3.8297412477695256, ""plus"": -3.752326832804891, ""signature"": ""c4a1f250cf293677ce8077b4f5da25767e48a0814eec0fced4ab9e0afbbf9aa0"", ""source"": ""85871c1ebf1e9e1debb567672765bb72214cfb5dfbc0272584735f16bceafd34"", ""step"": 34}",1,85871c1ebf1e9e1debb567672765bb72214cfb5dfbc0272584735f16bceafd34,bf30b5f6fdd4d55af5d9b2a9ceb3363c8fff5060b697ce31e9b266d3e58b92c6
task,35,F03_Tom,-1,"{""coordinate"": 15, ""minus"": -4.142960546580077, ""plus"": -4.180825696881863, ""signature"": ""d60a7853eec9128746e5468112e15f55a371966cb6e1a3434df75f70047d71b3"", ""source"": ""bf30b5f6fdd4d55af5d9b2a9ceb3363c8fff5060b697ce31e9b266d3e58b92c6"", ""step"": 35}",1,bf30b5f6fdd4d55af5d9b2a9ceb3363c8fff5060b697ce31e9b266d3e58b92c6,086bd4c63db71e9f6f2cda38bb7178fc65ece9c009b596dac316b483a31a11e5
task,36,F00_John,-1,"{""coordinate"": 16, ""minus"": -5.995679004181306, ""plus"": -5.964619070754973, ""signature"": ""1fdd6ebb8893cd87aaed03e0762020b6c01e2afb52b76f66358d48189a2b15e2"", ""source"": ""086bd4c63db71e9f6f2cda38bb7178fc65ece9c009b596dac316b483a31a11e5"", ""step"": 36}",1,086bd4c63db71e9f6f2cda38bb7178fc65ece9c009b596dac316b483a31a11e5,a4994debf23bcf4600daff1413bdbd358ead60152ca45726c0c7b5df170de116
task,37,F00_Mary,-1,"{""coordinate"": 17, ""minus"": -1.8342939696849145, ""plus"": -1.8566725876138026, ""signature"": ""38831c1ba15abac9d89c7e747b16842d3488092174d7666d89cb555f6e2715a4"", ""source"": ""a4994debf23bcf4600daff1413bdbd358ead60152ca45726c0c7b5df170de116"", ""step"": 37}",1,a4994debf23bcf4600daff1413bdbd358ead60152ca45726c0c7b5df170de116,08736ddba9c2db2a1b98b16ed521a243da5c83fb81c2b5514bb19c1be37b6c7e
task,38,F01_Tom,-1,"{""coordinate"": 18, ""minus"": -1.2303996543354347, ""plus"": -1.2508575686532377, ""signature"": ""609bcabaafa32f7f0a40589f7dd4239b41d68be395727b0e0c3b6cc469a2c195"", ""source"": ""08736ddba9c2db2a1b98b16ed521a243da5c83fb81c2b5514bb19c1be37b6c7e"", ""step"": 38}",1,08736ddba9c2db2a1b98b16ed521a243da5c83fb81c2b5514bb19c1be37b6c7e,652e8fdaa24ba7959fd1e30c02afe34462b26176a31066f3901d0b40bd3a7b8c
task,39,F01_Sarah,-1,"{""coordinate"": 19, ""minus"": -0.7092735509545659, ""plus"": -0.6957893535608145, ""signature"": ""8070053e6126511fe17c220f0f07043c0b2500f901cae831a9ce529aa866c16a"", ""source"": ""652e8fdaa24ba7959fd1e30c02afe34462b26176a31066f3901d0b40bd3a7b8c"", ""step"": 39}",1,652e8fdaa24ba7959fd1e30c02afe34462b26176a31066f3901d0b40bd3a7b8c,6f3b1fcada00146076db71fd72bdb9a64d5c2107fd04f30e529836b5399b94ce
task,40,F01_Sarah,-1,"{""coordinate"": 0, ""minus"": -0.6771865341562792, ""plus"": -0.7288412712020177, ""signature"": ""07dbd3f4f929f4c1887a2e451b6f98b2c4fad1406534b9a429be74bd9274a02d"", ""source"": ""6f3b1fcada00146076db71fd72bdb9a64d5c2107fd04f30e529836b5399b94ce"", ""step"": 40}",1,6f3b1fcada00146076db71fd72bdb9a64d5c2107fd04f30e529836b5399b94ce,5317675512855facc885b32913f16abe217a64e4d318544bdc9f4442d3a4f8c0
task,41,F03_Sarah,-1,"{""coordinate"": 1, ""minus"": -2.469180291902027, ""plus"": -3.3319329009346657, ""signature"": ""aedf410e850c4af655ec4242b4c8b59869892db066d8ecc3c376c1c15e2f8a44"", ""source"": ""5317675512855facc885b32913f16abe217a64e4d318544bdc9f4442d3a4f8c0"", ""step"": 41}",1,5317675512855facc885b32913f16abe217a64e4d318544bdc9f4442d3a4f8c0,f4e820e6abb226430f6c30da55b95cc39c3b023fa68bbc748dd36fd5619d35ef
task,42,F02_Mary,-1,"{""coordinate"": 2, ""minus"": -1.3074771876477462, ""plus"": -1.252251884478704, ""signature"": ""f8c8b3d3df70c3d2645da85accb8ee17f7d1135b56d955b150e30f007780a2f4"", ""source"": ""f4e820e6abb226430f6c30da55b95cc39c3b023fa68bbc748dd36fd5619d35ef"", ""step"": 42}",1,f4e820e6abb226430f6c30da55b95cc39c3b023fa68bbc748dd36fd5619d35ef,7c5b2205e6e59eae98d72b117091396396a1839b80c5e7c5d52c95788644ea3c
task,43,F02_John,-1,"{""coordinate"": 3, ""minus"": -6.199596371751124, ""plus"": -5.499046745926031, ""signature"": ""dc6983732ebdcea90390cf59ffb9ebda6dec381ed2c544cc103b5d795112ebe9"", ""source"": ""7c5b2205e6e59eae98d72b117091396396a1839b80c5e7c5d52c95788644ea3c"", ""step"": 43}",1,7c5b2205e6e59eae98d72b117091396396a1839b80c5e7c5d52c95788644ea3c,5eb9ac50b01252eea78da54c47b2d2f7905474552348c4c0bc2e887f75dde6b0
task,44,F03_Tom,-1,"{""coordinate"": 4, ""minus"": -2.2241892367697496, ""plus"": -3.4877160957691373, ""signature"": ""ad53b5ac292c5f685aa4e17ec9c98be00ac623b032a6825e35bcda1594bc2f1d"", ""source"": ""5eb9ac50b01252eea78da54c47b2d2f7905474552348c4c0bc2e887f75dde6b0"", ""step"": 44}",1,5eb9ac50b01252eea78da54c47b2d2f7905474552348c4c0bc2e887f75dde6b0,d046eb91269c913b9a21dd5d9c1ab3b4433502e368871ffa6701601ec2de1d81
task,45,F00_Mary,-1,"{""coordinate"": 5, ""minus"": -3.1878885578167377, ""plus"": -3.1826212980270356, ""signature"": ""b7217ad4d84dedc0d02454b3c040ac3bf49b5e3d9da914455bf7f65109ccdcd6"", ""source"": ""d046eb91269c913b9a21dd5d9c1ab3b4433502e368871ffa6701601ec2de1d81"", ""step"": 45}",1,d046eb91269c913b9a21dd5d9c1ab3b4433502e368871ffa6701601ec2de1d81,37f0238a15b17fde4dcb41fe4c029183097ab29ea701e63dd1575840a243ff5d
task,46,F00_John,-1,"{""coordinate"": 6, ""minus"": -6.248583967778459, ""plus"": -6.355539360263361, ""signature"": ""86b9994f8da4f3f2d9ed4ca9dd54e9cc2f275079b32df2655c1490fe84b2a725"", ""source"": ""37f0238a15b17fde4dcb41fe4c029183097ab29ea701e63dd1575840a243ff5d"", ""step"": 46}",1,37f0238a15b17fde4dcb41fe4c029183097ab29ea701e63dd1575840a243ff5d,7a12381712c2b5df3109928c1bbf84d9230b640894fcdee959b067d4d77710f3
task,47,F01_Tom,-1,"{""coordinate"": 7, ""minus"": -1.0739146362632557, ""plus"": -1.1610878037957153, ""signature"": ""1f0baf20facb26435ebcf7a2f5edec35b8a6cb25daf385b22297a16ed6fd3fc3"", ""source"": ""7a12381712c2b5df3109928c1bbf84d9230b640894fcdee959b067d4d77710f3"", ""step"": 47}",1,7a12381712c2b5df3109928c1bbf84d9230b640894fcdee959b067d4d77710f3,edd6e4c69e000281c00ef0e686c4cb1f7065efba53ea740cf1be87fab7e3a634
task,48,F03_Sarah,-1,"{""coordinate"": 8, ""minus"": -2.9564889527759313, ""plus"": -3.040868619794391, ""signature"": ""53c0cf0e2d318c6ca3f491428ff416bd93c1ba1149764242f3e576021aaa91af"", ""source"": ""edd6e4c69e000281c00ef0e686c4cb1f7065efba53ea740cf1be87fab7e3a634"", ""step"": 48}",1,edd6e4c69e000281c00ef0e686c4cb1f7065efba53ea740cf1be87fab7e3a634,6c3c2a545d413d5915b285c3db46988c5470aa3380d8298b8855a0e00ad806f5
task,49,F03_Tom,-1,"{""coordinate"": 9, ""minus"": -1.6635315539885815, ""plus"": -1.7422370109690188, ""signature"": ""ca981aa6e12cac8d8b8e39aecba4631bc3dcc99befa08fe4a5a0d8b0ec01e4db"", ""source"": ""6c3c2a545d413d5915b285c3db46988c5470aa3380d8298b8855a0e00ad806f5"", ""step"": 49}",1,6c3c2a545d413d5915b285c3db46988c5470aa3380d8298b8855a0e00ad806f5,456d5eb61b7ff60f3bacd0ce077afef0019d2f9c399d000abe650c3a7051cd1a
task,50,F00_John,-1,"{""coordinate"": 10, ""minus"": -6.398789810706912, ""plus"": -6.364368400785734, ""signature"": ""8a09479c0c37f8bc965f75d3d704c41723b1ad9f488db5f37a50593815efbc9d"", ""source"": ""456d5eb61b7ff60f3bacd0ce077afef0019d2f9c399d000abe650c3a7051cd1a"", ""step"": 50}",1,456d5eb61b7ff60f3bacd0ce077afef0019d2f9c399d000abe650c3a7051cd1a,4901ef03bd5a62660994c1505f6c2c4c8b3e23a22ebfd3ea6a51adce0190f510
task,51,F01_Sarah,-1,"{""coordinate"": 11, ""minus"": -0.7706023644108005, ""plus"": -0.7547676167904118, ""signature"": ""649ae4e5fe15fb117639efba307500ccc89ea6bb07db27b9591002bf0cd0ed00"", ""source"": ""4901ef03bd5a62660994c1505f6c2c4c8b3e23a22ebfd3ea6a51adce0190f510"", ""step"": 51}",1,4901ef03bd5a62660994c1505f6c2c4c8b3e23a22ebfd3ea6a51adce0190f510,4bd4bca673d712c8fa7b94ad0d855b874004c093136c7b3614132c12e82c6ffa
task,52,F02_Mary,-1,"{""coordinate"": 12, ""minus"": -1.3762932480654366, ""plus"": -1.3825943295561018, ""signature"": ""f14e98e302831155679da26f1bacb15f076a83bdf71516d78df2d961baf8c1a3"", ""source"": ""4bd4bca673d712c8fa7b94ad0d855b874004c093136c7b3614132c12e82c6ffa"", ""step"": 52}",1,4bd4bca673d712c8fa7b94ad0d855b874004c093136c7b3614132c12e82c6ffa,90003f82472d30c51502f94b7bbf661007f1e48744dcd0d3b843f392696565bb
task,53,F02_John,-1,"{""coordinate"": 13, ""minus"": -4.278712600582807, ""plus"": -4.351662330920355, ""signature"": ""1482c18df6bca2bb7b453bede7866575230981d4137fd0f4e6ae3c338be5985a"", ""source"": ""90003f82472d30c51502f94b7bbf661007f1e48744dcd0d3b843f392696565bb"", ""step"": 53}",1,90003f82472d30c51502f94b7bbf661007f1e48744dcd0d3b843f392696565bb,e7587b54b31c20245a7403d983e68264fb445b3f4d7b9b8a060ea7f0343e3bb0
task,54,F00_Mary,-1,"{""coordinate"": 14, ""minus"": -3.083543277624703, ""plus"": -3.091783755500142, ""signature"": ""bdd1764d9a455369c18962dfb23a8ce2b15e384da64c24ee396861271a832556"", ""source"": ""e7587b54b31c20245a7403d983e68264fb445b3f4d7b9b8a060ea7f0343e3bb0"", ""step"": 54}",1,e7587b54b31c20245a7403d983e68264fb445b3f4d7b9b8a060ea7f0343e3bb0,1b45e48931eb3e068ad1cd6408ac6b5d29cef30de7cfe2b5448ab291028d36d2
task,55,F01_Tom,-1,"{""coordinate"": 15, ""minus"": -1.0107190583333936, ""plus"": -1.0717991710574313, ""signature"": ""9699e657d630db8429edbbf390952734cb37dd91d2c7996642aed08ea3823b47"", ""source"": ""1b45e48931eb3e068ad1cd6408ac6b5d29cef30de7cfe2b5448ab291028d36d2"", ""step"": 55}",1,1b45e48931eb3e068ad1cd6408ac6b5d29cef30de7cfe2b5448ab291028d36d2,e49b3c6c861e4c8269826ef6c9c2a820a43da7ac4644153d5791db7bfa53d1ed
task,56,F01_Tom,-1,"{""coordinate"": 16, ""minus"": -0.9959274471415608, ""plus"": -1.0374971636308723, ""signature"": ""7a5de0d6963ec12b116b60532835231149b029d51703b6d8772f7a76fa780ecd"", ""source"": ""e49b3c6c861e4c8269826ef6c9c2a820a43da7ac4644153d5791db7bfa53d1ed"", ""step"": 56}",1,e49b3c6c861e4c8269826ef6c9c2a820a43da7ac4644153d5791db7bfa53d1ed,601900c0e0ce9218329c32be052d7d3459b618b15d72492afc338c5d82c8421e
task,57,F00_John,-1,"{""coordinate"": 17, ""minus"": -6.296491816389496, ""plus"": -6.337995092656628, ""signature"": ""d112de779a80de0df9006f47a52629aaa6aa9391ea46ba719fbf6858e646e1ca"", ""source"": ""601900c0e0ce9218329c32be052d7d3459b618b15d72492afc338c5d82c8421e"", ""step"": 57}",1,601900c0e0ce9218329c32be052d7d3459b618b15d72492afc338c5d82c8421e,a8625438d4a88ee568811bcdd737d9218a54a2d339bfbd98fee0de97f78c3e6a
task,58,F02_John,-1,"{""coordinate"": 18, ""minus"": -4.364424852613884, ""plus"": -4.3485903677344435, ""signature"": ""958edeeccbc4c77ec59e7c4d53335c7ac60ffd2e2fc97559db5db66a3824e705"", ""source"": ""a8625438d4a88ee568811bcdd737d9218a54a2d339bfbd98fee0de97f78c3e6a"", ""step"": 58}",1,a8625438d4a88ee568811bcdd737d9218a54a2d339bfbd98fee0de97f78c3e6a,032680fa094f72ccbbd0c2e16579ce94059368fd07187563374d46785a56b365
task,59,F03_Tom,-1,"{""coordinate"": 19, ""minus"": -1.8137951318631271, ""plus"": -1.771878212509659, ""signature"": ""279292b35cbcba65825ed3aaad5d155ba4474dbcb831d4112cbc54187b551ff0"", ""source"": ""032680fa094f72ccbbd0c2e16579ce94059368fd07187563374d46785a56b365"", ""step"": 59}",1,032680fa094f72ccbbd0c2e16579ce94059368fd07187563374d46785a56b365,e37f768fc98de5931a5521a493dbf13bf41bf18df1d9b61831d1ffe7345bada7
task,60,F00_Mary,-1,"{""coordinate"": 0, ""minus"": -2.9121313278188325, ""plus"": -3.4154189239181596, ""signature"": ""05c95a5dcd3feb1a9501fa3cdf004c2505e722ac5c1c61cd9bf09d39fb8c3fe5"", ""source"": ""e37f768fc98de5931a5521a493dbf13bf41bf18df1d9b61831d1ffe7345bada7"", ""step"": 60}",1,e37f768fc98de5931a5521a493dbf13bf41bf18df1d9b61831d1ffe7345bada7,72316a3874f27b3e683b97ef26d6a6ecd76206699e2f662bfd5896d6da40f32e
task,61,F02_Mary,-1,"{""coordinate"": 1, ""minus"": -1.3536128591465098, ""plus"": -1.1606007561228173, ""signature"": ""64f36b849f61116a46b2247c6a7a16ec04f3a47288e8ef90582117b98a8edcea"", ""source"": ""72316a3874f27b3e683b97ef26d6a6ecd76206699e2f662bfd5896d6da40f32e"", ""step"": 61}",1,72316a3874f27b3e683b97ef26d6a6ecd76206699e2f662bfd5896d6da40f32e,378b1a6a418fcdd7d424f9c65c414261f9488c74c927e9cc1493319e3d807aee
task,62,F03_Sarah,-1,"{""coordinate"": 2, ""minus"": -3.9529192089526823, ""plus"": -3.03721424700707, ""signature"": ""9dd32f3975bd1e449caa4790c5cd72bd20da189f641a107323417d817db17714"", ""source"": ""378b1a6a418fcdd7d424f9c65c414261f9488c74c927e9cc1493319e3d807aee"", ""step"": 62}",1,378b1a6a418fcdd7d424f9c65c414261f9488c74c927e9cc1493319e3d807aee,a1ce15356c982e6cbf283cbd6411fe7bec44c477f7a3a8d8002985d9e1a5418b
task,63,F01_Sarah,-1,"{""coordinate"": 3, ""minus"": -0.8784804743473605, ""plus"": -0.8225591218401056, ""signature"": ""3dfa68658963f984153cf6b2e31c5a049a037317a9137886c1aa32f100de9e59"", ""source"": ""a1ce15356c982e6cbf283cbd6411fe7bec44c477f7a3a8d8002985d9e1a5418b"", ""step"": 63}",1,a1ce15356c982e6cbf283cbd6411fe7bec44c477f7a3a8d8002985d9e1a5418b,b163d07014950cfbd8f7de40605f0313575080f2f97fc49e2cdd17fc35221848
task,64,F03_Tom,-1,"{""coordinate"": 4, ""minus"": -2.559050277754385, ""plus"": -3.9528523310468318, ""signature"": ""6483a454ed8e638497797c35291271099979f0166947d09ff3ee5263b2198b37"", ""source"": ""b163d07014950cfbd8f7de40605f0313575080f2f97fc49e2cdd17fc35221848"", ""step"": 64}",1,b163d07014950cfbd8f7de40605f0313575080f2f97fc49e2cdd17fc35221848,88d788811235e0bc102524d5655ab478d58bdd0b6a17663c948d2b2cc7c1453b
task,65,F02_Mary,-1,"{""coordinate"": 5, ""minus"": -1.1717886648563598, ""plus"": -1.167028447895592, ""signature"": ""6bdb49174c45c6fc342f983c2be1824507516c9523f78f5614667a6cda8d7d3a"", ""source"": ""88d788811235e0bc102524d5655ab478d58bdd0b6a17663c948d2b2cc7c1453b"", ""step"": 65}",1,88d788811235e0bc102524d5655ab478d58bdd0b6a17663c948d2b2cc7c1453b,b47ba520eb53a37079a28feb23645dc3c7c83fa72a09866e097a521948c8faa9
task,66,F00_John,-1,"{""coordinate"": 6, ""minus"": -5.1383324817459055, ""plus"": -5.2477287853043, ""signature"": ""6a391f1b14ce3ff891ecf11297e8b1dbc3f2e2c6c60bbe51a950ce545308c2e5"", ""source"": ""b47ba520eb53a37079a28feb23645dc3c7c83fa72a09866e097a521948c8faa9"", ""step"": 66}",1,b47ba520eb53a37079a28feb23645dc3c7c83fa72a09866e097a521948c8faa9,018e5a9364d5c8f7e057cd70bda36e5434576af362e69f7dbc66d2e688c57dfc
task,67,F00_Mary,-1,"{""coordinate"": 7, ""minus"": -3.7813035530696233, ""plus"": -3.7101972129127194, ""signature"": ""e33b93e81a2fcbfd870d9dc0b467f4d6a0257a2b6151cd307362d6eb4f09fe6a"", ""source"": ""018e5a9364d5c8f7e057cd70bda36e5434576af362e69f7dbc66d2e688c57dfc"", ""step"": 67}",1,018e5a9364d5c8f7e057cd70bda36e5434576af362e69f7dbc66d2e688c57dfc,4932bfbf093c4b1c2a3b12a0fb26813fac514d778c3b3de353e3e9f8bb91c9d4
task,68,F02_John,-1,"{""coordinate"": 8, ""minus"": -1.1412652918995376, ""plus"": -1.1577915330700492, ""signature"": ""175a3989fed8b0ec47427dbd0b5606e2fc0c4a119335676f94e69991c01bcb0b"", ""source"": ""4932bfbf093c4b1c2a3b12a0fb26813fac514d778c3b3de353e3e9f8bb91c9d4"", ""step"": 68}",1,4932bfbf093c4b1c2a3b12a0fb26813fac514d778c3b3de353e3e9f8bb91c9d4,b8418da4257f00a46d8f0820d833b7ddc13f74e219b3aac2697e4f632df878d5
task,69,F01_Tom,-1,"{""coordinate"": 9, ""minus"": -1.2173411282076798, ""plus"": -1.2691371868101902, ""signature"": ""c78ba43912af5c7353bddc710bad86f2ab16bb7595b63422885f50e087436ecf"", ""source"": ""b8418da4257f00a46d8f0820d833b7ddc13f74e219b3aac2697e4f632df878d5"", ""step"": 69}",1,b8418da4257f00a46d8f0820d833b7ddc13f74e219b3aac2697e4f632df878d5,c9fecb345ca6ab50f52cfd41d461995abdeb61c69544863091b29bcd52b5bc02
task,70,F03_Sarah,-1,"{""coordinate"": 10, ""minus"": -4.2486239745029115, ""plus"": -4.222551784919229, ""signature"": ""a34d56098aa695c814b4c42aca3104726cf4edc017d521fc15899d60d8e776cf"", ""source"": ""c9fecb345ca6ab50f52cfd41d461995abdeb61c69544863091b29bcd52b5bc02"", ""step"": 70}",1,c9fecb345ca6ab50f52cfd41d461995abdeb61c69544863091b29bcd52b5bc02,e66334f07812461290980a7ee5d349d01b43bf2b067c5cd911591cfc39535468
task,71,F01_Sarah,-1,"{""coordinate"": 11, ""minus"": -1.1130432125436223, ""plus"": -1.1370128397134207, ""signature"": ""0f11c7260cddb03b01b67ca574c01cdffe76acbf6ec099b7d741095ca184b566"", ""source"": ""e66334f07812461290980a7ee5d349d01b43bf2b067c5cd911591cfc39535468"", ""step"": 71}",1,e66334f07812461290980a7ee5d349d01b43bf2b067c5cd911591cfc39535468,88bbcd8c0e2b08f3ac8c1d2af9ab26854fdc7998ea53416c6aa190552fd3b8dc
task,72,F01_Tom,-1,"{""coordinate"": 12, ""minus"": -1.193281825890052, ""plus"": -1.1526935231814928, ""signature"": ""283cdcb5f32f366cf4223e666d84aed1ce152d7ec628f0a976af689ace048ce4"", ""source"": ""88bbcd8c0e2b08f3ac8c1d2af9ab26854fdc7998ea53416c6aa190552fd3b8dc"", ""step"": 72}",1,88bbcd8c0e2b08f3ac8c1d2af9ab26854fdc7998ea53416c6aa190552fd3b8dc,7f25f73916ba3d6a0b0f81bf86cbe1a21f8f7a6cebb94bfdd1b14983e3c92e05
task,73,F02_John,-1,"{""coordinate"": 13, ""minus"": -1.2280965164801438, ""plus"": -1.222082324647356, ""signature"": ""9a41eb999b41044b784c4728a87eb834fbcc242911638fbccd68d2d1337e1ecb"", ""source"": ""7f25f73916ba3d6a0b0f81bf86cbe1a21f8f7a6cebb94bfdd1b14983e3c92e05"", ""step"": 73}",1,7f25f73916ba3d6a0b0f81bf86cbe1a21f8f7a6cebb94bfdd1b14983e3c92e05,cdd65f91f93d88d8229ea2443cd815d34deffeab09976988587ca69faadefbce
task,74,F00_Mary,-1,"{""coordinate"": 14, ""minus"": -3.827600023515006, ""plus"": -3.81677151737295, ""signature"": ""dd360a6d3c50111707088a58c4fe3df6c514b8d46eae4fe57c05450ca7cbd118"", ""source"": ""cdd65f91f93d88d8229ea2443cd815d34deffeab09976988587ca69faadefbce"", ""step"": 74}",1,cdd65f91f93d88d8229ea2443cd815d34deffeab09976988587ca69faadefbce,5b565162cf4124fbf2c127a4de45d98b8956b7291dd45811f6f514e2cfcada17
task,75,F02_Mary,-1,"{""coordinate"": 15, ""minus"": -1.3484520205507884, ""plus"": -1.2921208767248507, ""signature"": ""36a73739d444cbdc34d5360411d75a4ba76404dc5ab4f42e69ec0dfe951a4d45"", ""source"": ""5b565162cf4124fbf2c127a4de45d98b8956b7291dd45811f6f514e2cfcada17"", ""step"": 75}",1,5b565162cf4124fbf2c127a4de45d98b8956b7291dd45811f6f514e2cfcada17,5b84feece3e510118dee967d527e8b4ea12fcd8975b58be19f896e2731374ec1
task,76,F00_John,-1,"{""coordinate"": 16, ""minus"": -4.980334941462127, ""plus"": -5.028625094035556, ""signature"": ""704db3f229b69c315afe31a54b30c98d22f2c1553d1838f4fd0c30782341b55b"", ""source"": ""5b84feece3e510118dee967d527e8b4ea12fcd8975b58be19f896e2731374ec1"", ""step"": 76}",1,5b84feece3e510118dee967d527e8b4ea12fcd8975b58be19f896e2731374ec1,cb92a8b34401f4d5a6e66d7a20e178997488c3e97d88a682454a435661388cbc
task,77,F03_Tom,-1,"{""coordinate"": 17, ""minus"": -1.9698990413003084, ""plus"": -1.9418648872007909, ""signature"": ""6ba89b1bf47878dcaf00e820c34388c0b0f16f236ab7fce70937539db65b1cd4"", ""source"": ""cb92a8b34401f4d5a6e66d7a20e178997488c3e97d88a682454a435661388cbc"", ""step"": 77}",1,cb92a8b34401f4d5a6e66d7a20e178997488c3e97d88a682454a435661388cbc,ce21d6fdb0361cf9f0e5eac06d6da0025a7478f7348099890766d0cd08455686
task,78,F03_Sarah,-1,"{""coordinate"": 18, ""minus"": -4.258306316016359, ""plus"": -4.212252379028528, ""signature"": ""751beb4f8adcd0d530ad474ff234ca47d4025cc98b13ae4da1c433352db196a3"", ""source"": ""ce21d6fdb0361cf9f0e5eac06d6da0025a7478f7348099890766d0cd08455686"", ""step"": 78}",1,ce21d6fdb0361cf9f0e5eac06d6da0025a7478f7348099890766d0cd08455686,b5f901ce7ab6018aa33f3f78640627119791b061336f86c005c2f3bddf713eda
task,79,F01_Sarah,-1,"{""coordinate"": 19, ""minus"": -1.1646364142640289, ""plus"": -1.1444466681723942, ""signature"": ""4d798cc15b139d8857f114fcf4c34b3cd3d691dc2bdfdad5abe76992818f6eb0"", ""source"": ""b5f901ce7ab6018aa33f3f78640627119791b061336f86c005c2f3bddf713eda"", ""step"": 79}",1,b5f901ce7ab6018aa33f3f78640627119791b061336f86c005c2f3bddf713eda,90db843765129a6d0cc630881a935bac69cb98e85116cdc0f60810a99d50486f
yoked,0,F01_Tom,2,"{""coordinate"": 0, ""minus"": -0.2957062574302322, ""plus"": -0.41017387314771897, ""signature"": ""f48e5fd53818c6a1f2c325aa38df8dfd9f5ca63d71cfd4ea33f78f50d15cb251"", ""source"": ""b393978842a0fa3d3e1470196f098f473f9678e72463cb65ec4ab5581856c2e4"", ""step"": 0}",1,b393978842a0fa3d3e1470196f098f473f9678e72463cb65ec4ab5581856c2e4,62f2a8563214742f013a3291ea622846e2dcf31d630c1aef2ca426d67af62db5
yoked,1,F03_Tom,4,"{""coordinate"": 1, ""minus"": -1.1504008889213595, ""plus"": -0.8534220851837812, ""signature"": ""4a17eb353cb4906acc5ea68cae8be57602b6c4dbaef46dfe36c29f04de71a4c2"", ""source"": ""62f2a8563214742f013a3291ea622846e2dcf31d630c1aef2ca426d67af62db5"", ""step"": 1}",1,62f2a8563214742f013a3291ea622846e2dcf31d630c1aef2ca426d67af62db5,dee0bbfb1b58f45dfb8d0682212308985829e57c0dc841a953649f8137dcf86b
yoked,2,F01_Sarah,0,"{""coordinate"": 2, ""minus"": -0.9166455272851319, ""plus"": -1.0658895419109746, ""signature"": ""0b14ba4ae73b51a8d59b9a8001f30f903ac66e301b997e79eb029a74af3d592e"", ""source"": ""dee0bbfb1b58f45dfb8d0682212308985829e57c0dc841a953649f8137dcf86b"", ""step"": 2}",1,dee0bbfb1b58f45dfb8d0682212308985829e57c0dc841a953649f8137dcf86b,d630da24e80386794ec87c918ee05b413f4331d6afb9c1c6abab0f1611f00ad3
yoked,3,F02_Mary,7,"{""coordinate"": 3, ""minus"": -1.220389277034105, ""plus"": -1.1947723517738693, ""signature"": ""3f1a57c08cf496afd2a9ccae24102381a26e2b4979e206d2241efed0eef13164"", ""source"": ""d630da24e80386794ec87c918ee05b413f4331d6afb9c1c6abab0f1611f00ad3"", ""step"": 3}",1,d630da24e80386794ec87c918ee05b413f4331d6afb9c1c6abab0f1611f00ad3,c25e60342608d6df91f04b0922a85fcaf49d273555ca466be639f927970b4baf
yoked,4,F03_Sarah,1,"{""coordinate"": 4, ""minus"": -0.7141460693283243, ""plus"": -0.94236943563852, ""signature"": ""decd75996efd73cdd88626a62e7f6977273fb17bee815e9bb0f153dd9ac35f0a"", ""source"": ""c25e60342608d6df91f04b0922a85fcaf49d273555ca466be639f927970b4baf"", ""step"": 4}",1,c25e60342608d6df91f04b0922a85fcaf49d273555ca466be639f927970b4baf,957131431721604eaa811ad763b9713338ac69bf9fdfe2d0dcca92c05a654f8e
yoked,5,F00_Mary,6,"{""coordinate"": 5, ""minus"": -1.827810842855642, ""plus"": -1.8256319928754763, ""signature"": ""1ec0a3f9d7df0d1b487ffd7e775142d6a62ad287812402ec440bd78f8af40eaa"", ""source"": ""957131431721604eaa811ad763b9713338ac69bf9fdfe2d0dcca92c05a654f8e"", ""step"": 5}",1,957131431721604eaa811ad763b9713338ac69bf9fdfe2d0dcca92c05a654f8e,6ed01ab05ec8c11fbb781e181fcd7d1aa28fa72a83ed378b9f341d6f9c9bc505
yoked,6,F00_John,5,"{""coordinate"": 6, ""minus"": -0.5329492754134848, ""plus"": -0.5338844891160894, ""signature"": ""b3a3ed21994895c9a9010d5375ebf3656de11185049f8fb223aaec5e68567f9c"", ""source"": ""6ed01ab05ec8c11fbb781e181fcd7d1aa28fa72a83ed378b9f341d6f9c9bc505"", ""step"": 6}",1,6ed01ab05ec8c11fbb781e181fcd7d1aa28fa72a83ed378b9f341d6f9c9bc505,824e6e651c0451f7ea1ff2969d4bf48ef6d7412b26b81aa7635a54ef9b668fcd
yoked,7,F02_John,3,"{""coordinate"": 7, ""minus"": -1.0553924696515438, ""plus"": -0.9532290654727544, ""signature"": ""c9b9973ba185eb4b9ae516eee15046883d30cc05f195c15b9e085ed358bfa547"", ""source"": ""824e6e651c0451f7ea1ff2969d4bf48ef6d7412b26b81aa7635a54ef9b668fcd"", ""step"": 7}",1,824e6e651c0451f7ea1ff2969d4bf48ef6d7412b26b81aa7635a54ef9b668fcd,c1bdd2eab583005cd0c01402eec6413d96a46d7cc1744076b46857b06186c750
yoked,8,F02_Mary,12,"{""coordinate"": 8, ""minus"": -1.2215756067582277, ""plus"": -1.22665731301353, ""signature"": ""eb2e3759d5bcd2c401ab34eed5b51fa7284dddc3dc4f94b25687d12b2aaba921"", ""source"": ""c1bdd2eab583005cd0c01402eec6413d96a46d7cc1744076b46857b06186c750"", ""step"": 8}",1,c1bdd2eab583005cd0c01402eec6413d96a46d7cc1744076b46857b06186c750,75a026ac12e82d670e88f493706d56e8f47c532dc4269bc51562e93e882aff30
yoked,9,F01_Sarah,13,"{""coordinate"": 9, ""minus"": -0.15694406107258468, ""plus"": -0.15695480733837983, ""signature"": ""3d2815f256a683526fe691429eb643bcf9442cffa6221e322556e9c6336381f3"", ""source"": ""75a026ac12e82d670e88f493706d56e8f47c532dc4269bc51562e93e882aff30"", ""step"": 9}",1,75a026ac12e82d670e88f493706d56e8f47c532dc4269bc51562e93e882aff30,f1936f310543b27ef26bd96863aed9699e79a50b19433437fc5be3cfe1f91fcd
yoked,10,F00_John,15,"{""coordinate"": 10, ""minus"": -0.4998215418925559, ""plus"": -0.505485608304787, ""signature"": ""d18b7fcf1ef0300c827f18b8dbea73bf3dd2c6ecb57a84f5ef1d7abcdb7435af"", ""source"": ""f1936f310543b27ef26bd96863aed9699e79a50b19433437fc5be3cfe1f91fcd"", ""step"": 10}",1,f1936f310543b27ef26bd96863aed9699e79a50b19433437fc5be3cfe1f91fcd,d8e498aab7cbe0924f175805f6852c1998a315aa9edbbda16a3f390c7c89b104
yoked,11,F03_Sarah,14,"{""coordinate"": 11, ""minus"": -1.0354821072214888, ""plus"": -1.0333521923684224, ""signature"": ""a57d3a917a305a5439e0ffbcc433c4c5a3d027d01990cb060b675aa03094d390"", ""source"": ""d8e498aab7cbe0924f175805f6852c1998a315aa9edbbda16a3f390c7c89b104"", ""step"": 11}",1,d8e498aab7cbe0924f175805f6852c1998a315aa9edbbda16a3f390c7c89b104,35184b4257250dca51fa2ecec52ab0142b7c0e76f8c989f8229cd52712516b58
yoked,12,F02_John,8,"{""coordinate"": 12, ""minus"": -0.5211211549030026, ""plus"": -0.5245667347683363, ""signature"": ""f9f8e2b8e4f7110df41a2bb166cc4d3ac9d913154334ae4274cab4da11fc7139"", ""source"": ""35184b4257250dca51fa2ecec52ab0142b7c0e76f8c989f8229cd52712516b58"", ""step"": 12}",1,35184b4257250dca51fa2ecec52ab0142b7c0e76f8c989f8229cd52712516b58,14a4d13a113e5912f912622ea7e628735c6f3c05f448a70ffe979c02c4e7c56f
yoked,13,F01_Tom,9,"{""coordinate"": 13, ""minus"": -0.07598669086566001, ""plus"": -0.07530616074197301, ""signature"": ""e3b5942affa8d0204ed1efdf88cf7b9864332b6ae2d2bfb615aee9d522d467d8"", ""source"": ""14a4d13a113e5912f912622ea7e628735c6f3c05f448a70ffe979c02c4e7c56f"", ""step"": 13}",1,14a4d13a113e5912f912622ea7e628735c6f3c05f448a70ffe979c02c4e7c56f,7e22659675cc172f785dcf933851a1527b407716e105e8c00ed1d6475a6aacf2
yoked,14,F03_Tom,11,"{""coordinate"": 14, ""minus"": -0.5015706947769442, ""plus"": -0.5074227222274965, ""signature"": ""c9c623c140bc61ec6536af0655f9697947bd543bd9f3f2e687b3496db57571d9"", ""source"": ""7e22659675cc172f785dcf933851a1527b407716e105e8c00ed1d6475a6aacf2"", ""step"": 14}",1,7e22659675cc172f785dcf933851a1527b407716e105e8c00ed1d6475a6aacf2,2be355b4a5f300f09dda5bfbd120190bacb60dadbb3ea2155d1c583f6bd4c28a
yoked,15,F00_Mary,10,"{""coordinate"": 15, ""minus"": -1.7806537305539256, ""plus"": -1.7974218360855543, ""signature"": ""dee6b55826d28021c5b97c6b9af08308fe9b2dee27bb050ef47d55bcee4c974f"", ""source"": ""2be355b4a5f300f09dda5bfbd120190bacb60dadbb3ea2155d1c583f6bd4c28a"", ""step"": 15}",1,2be355b4a5f300f09dda5bfbd120190bacb60dadbb3ea2155d1c583f6bd4c28a,adf319556211360b9f6554e38beb783287e598cd85e8fc767e27ba7659846961
yoked,16,F01_Tom,19,"{""coordinate"": 16, ""minus"": -0.07711610713975839, ""plus"": -0.08062574721819797, ""signature"": ""2d0d41b1baf178ccf07e59ec7889055c63ac152446b76f2f8b4ffa40096a60ad"", ""source"": ""adf319556211360b9f6554e38beb783287e598cd85e8fc767e27ba7659846961"", ""step"": 16}",1,adf319556211360b9f6554e38beb783287e598cd85e8fc767e27ba7659846961,8d2b3d9e5445345aef97144ecbb3d2fd5a1f4c8503e9b091d370a925f853d892
yoked,17,F02_Mary,23,"{""coordinate"": 17, ""minus"": -1.0448991491153279, ""plus"": -0.7953785933011295, ""signature"": ""eb693907a13f3d0ddacbf234806e2392b21e695e88574ef2b1735c0471c082a8"", ""source"": ""8d2b3d9e5445345aef97144ecbb3d2fd5a1f4c8503e9b091d370a925f853d892"", ""step"": 17}",1,8d2b3d9e5445345aef97144ecbb3d2fd5a1f4c8503e9b091d370a925f853d892,ddc62a531bb5551df0022c215f6620aec050b94c37ffbd8bc8bef9d6a7482c66
yoked,18,F00_John,20,"{""coordinate"": 18, ""minus"": -0.3431248168960625, ""plus"": -0.6795174433816906, ""signature"": ""16cbe1ad9407c2ea99788012ac60ea49257b3c8326d32ae6beff62ee64b5a209"", ""source"": ""ddc62a531bb5551df0022c215f6620aec050b94c37ffbd8bc8bef9d6a7482c66"", ""step"": 18}",1,ddc62a531bb5551df0022c215f6620aec050b94c37ffbd8bc8bef9d6a7482c66,389eaf7cf2c016bb61d5e487d5bccee4d3084a662d42402c44793558d625a377
yoked,19,F01_Sarah,16,"{""coordinate"": 19, ""minus"": -0.14497595473010824, ""plus"": -0.1480578282423165, ""signature"": ""363caa906ca6b4118460fd99f81f3e65eef1ed2373ce58cc244b3d8593c6861c"", ""source"": ""389eaf7cf2c016bb61d5e487d5bccee4d3084a662d42402c44793558d625a377"", ""step"": 19}",1,389eaf7cf2c016bb61d5e487d5bccee4d3084a662d42402c44793558d625a377,9cdf71a944ad33f5ffca629d84754239fb7e2eb881c520f208c5930a9e2893e8
yoked,20,F00_Mary,18,"{""coordinate"": 0, ""minus"": -1.7940384203782818, ""plus"": -1.8138576249678475, ""signature"": ""9366f61a59a2d71d6e8c4d6bd4a7e68eb38941cb99073d214fbfea7ea4f582cf"", ""source"": ""9cdf71a944ad33f5ffca629d84754239fb7e2eb881c520f208c5930a9e2893e8"", ""step"": 20}",1,9cdf71a944ad33f5ffca629d84754239fb7e2eb881c520f208c5930a9e2893e8,ac31c0481409f7742477234c1bc25f20292f6428f0583aace5ead6f924a3e89b
yoked,21,F03_Sarah,22,"{""coordinate"": 1, ""minus"": -0.5600589128397244, ""plus"": -0.5480515982178281, ""signature"": ""807a1c53494c3f235d1f5074bd793ad023f87df5c98714f4c9ee5ff9069aa920"", ""source"": ""ac31c0481409f7742477234c1bc25f20292f6428f0583aace5ead6f924a3e89b"", ""step"": 21}",1,ac31c0481409f7742477234c1bc25f20292f6428f0583aace5ead6f924a3e89b,94be89e32a09eba4b9876ab7365a3e13a343188e8ce8f7f11c2da14d8c110f61
yoked,22,F03_Tom,21,"{""coordinate"": 2, ""minus"": -0.1583179837101572, ""plus"": -0.33547865006850613, ""signature"": ""e0293f1f3c2ce004d1973c500ed026e506477d5eeaf716a6d5af771ca47bb79d"", ""source"": ""94be89e32a09eba4b9876ab7365a3e13a343188e8ce8f7f11c2da14d8c110f61"", ""step"": 22}",1,94be89e32a09eba4b9876ab7365a3e13a343188e8ce8f7f11c2da14d8c110f61,f371363c9a7369154215b42babad554ff0df5bcd0e3ffd96a874bb7edfce0a3a
yoked,23,F02_John,17,"{""coordinate"": 3, ""minus"": -0.5382231981202347, ""plus"": -0.5358529970602128, ""signature"": ""4b58e41ebd9974f6d6cec0f410471c74795d8f5fde5e6e43b22cc5fa3f54b981"", ""source"": ""f371363c9a7369154215b42babad554ff0df5bcd0e3ffd96a874bb7edfce0a3a"", ""step"": 23}",1,f371363c9a7369154215b42babad554ff0df5bcd0e3ffd96a874bb7edfce0a3a,6a8ee92fc26e670ec435e9dfa3c94ed32aff6b647caeb2d67305a00a10cf5b95
yoked,24,F03_Sarah,30,"{""coordinate"": 4, ""minus"": -0.9634215282746517, ""plus"": -0.9724640899252057, ""signature"": ""13e4427de77f8b3cedf76889dbcf1d3aa31293ac9422c18e93fb1b9c531b90a9"", ""source"": ""6a8ee92fc26e670ec435e9dfa3c94ed32aff6b647caeb2d67305a00a10cf5b95"", ""step"": 24}",1,6a8ee92fc26e670ec435e9dfa3c94ed32aff6b647caeb2d67305a00a10cf5b95,b5aea878f40e3a39f8128e49475f5b769ed1272f6a820a4dab7c0659bc7130d6
yoked,25,F00_Mary,26,"{""coordinate"": 5, ""minus"": -2.336935310174282, ""plus"": -2.356804759499883, ""signature"": ""2a34a7cd8c3f3861e4319d7c9b1c0d5ff9a682fbedd89ea496e02664f928e9ff"", ""source"": ""b5aea878f40e3a39f8128e49475f5b769ed1272f6a820a4dab7c0659bc7130d6"", ""step"": 25}",1,b5aea878f40e3a39f8128e49475f5b769ed1272f6a820a4dab7c0659bc7130d6,c411ddf5e009db27866ec828718c1c089ae0e6ca2549898ef19c003208b6156f
yoked,26,F00_John,25,"{""coordinate"": 6, ""minus"": -0.8874893184289556, ""plus"": -0.8878180437894718, ""signature"": ""6638a678242261c99223da4da68b8a37048acc71258daf2fcffb48d32428765b"", ""source"": ""c411ddf5e009db27866ec828718c1c089ae0e6ca2549898ef19c003208b6156f"", ""step"": 26}",1,c411ddf5e009db27866ec828718c1c089ae0e6ca2549898ef19c003208b6156f,2cbd72c96b593802a4856e7a6da0820c34e947f176e7f0fa1dc9a638b2be9771
yoked,27,F02_Mary,29,"{""coordinate"": 7, ""minus"": -0.9651729557972567, ""plus"": -0.989194993940914, ""signature"": ""71295f33926fd2f72dd5d5b9addd85d5e9feafa9a1931dd57f31dd5aaec0697c"", ""source"": ""2cbd72c96b593802a4856e7a6da0820c34e947f176e7f0fa1dc9a638b2be9771"", ""step"": 27}",1,2cbd72c96b593802a4856e7a6da0820c34e947f176e7f0fa1dc9a638b2be9771,a98187c21929c78c9cca53fd23e4ea2c71c9c75704523c08534f87f3b3d65744
yoked,28,F01_Tom,31,"{""coordinate"": 8, ""minus"": -0.18076393963171355, ""plus"": -0.18103374431731067, ""signature"": ""26d77aa4963192fd0756eb5fa2a6b0b70828913fc912d5b07ce06ca1ff7a3494"", ""source"": ""a98187c21929c78c9cca53fd23e4ea2c71c9c75704523c08534f87f3b3d65744"", ""step"": 28}",1,a98187c21929c78c9cca53fd23e4ea2c71c9c75704523c08534f87f3b3d65744,2b3420b2c3fcd47ed09f0ae33fea26775651bf5c77965d3e5c22e0ff76b58744
yoked,29,F02_John,27,"{""coordinate"": 9, ""minus"": -0.1664991428664527, ""plus"": -0.1755001502331465, ""signature"": ""fed301814b742913397069796e6a4a13522e0634012faffca3b2eac5dc87e974"", ""source"": ""2b3420b2c3fcd47ed09f0ae33fea26775651bf5c77965d3e5c22e0ff76b58744"", ""step"": 29}",1,2b3420b2c3fcd47ed09f0ae33fea26775651bf5c77965d3e5c22e0ff76b58744,e38de2c5803b20cccd0ddbb29e5d02c235380f48d91b21484e2d2246e0e90ecd
yoked,30,F03_Tom,24,"{""coordinate"": 10, ""minus"": -0.160613075873348, ""plus"": -0.1232344932323879, ""signature"": ""af84578b0e1fde93097e124a0f731842e8bc76ff8d28de4c8a52066182dd1e11"", ""source"": ""e38de2c5803b20cccd0ddbb29e5d02c235380f48d91b21484e2d2246e0e90ecd"", ""step"": 30}",1,e38de2c5803b20cccd0ddbb29e5d02c235380f48d91b21484e2d2246e0e90ecd,a448d76489f1256463d797efb15d8ff470976cbcb9924b2f9b94169fa90973ae
yoked,31,F01_Sarah,28,"{""coordinate"": 11, ""minus"": -0.0625020450909547, ""plus"": -0.06438238369089992, ""signature"": ""e56915906ebd410791b3a2f2a5d8e3e04f98801dd11e1e8b3c2e52f44d07b3a2"", ""source"": ""a448d76489f1256463d797efb15d8ff470976cbcb9924b2f9b94169fa90973ae"", ""step"": 31}",1,a448d76489f1256463d797efb15d8ff470976cbcb9924b2f9b94169fa90973ae,b720ff800772c1489d83e9b613140c22daf509c65293e1656f0f0a33db897903
yoked,32,F02_John,33,"{""coordinate"": 12, ""minus"": -0.17875634539760538, ""plus"": -0.17970663986783353, ""signature"": ""f73a8b9f73a85a9b5be0d74dafd45d99ee000f4249e198548d962ec0a029fb08"", ""source"": ""b720ff800772c1489d83e9b613140c22daf509c65293e1656f0f0a33db897903"", ""step"": 32}",1,b720ff800772c1489d83e9b613140c22daf509c65293e1656f0f0a33db897903,0f2e21a5cb8485439244b2b01dfdbbc1949b4f685c931477711fc7ac6cb49e9b
yoked,33,F02_Mary,32,"{""coordinate"": 13, ""minus"": -0.9281079872200063, ""plus"": -0.9823875960528407, ""signature"": ""5c79000d5438533349a260dac8ff6ad53411fdc567c98fa03210c5ca442e33a2"", ""source"": ""0f2e21a5cb8485439244b2b01dfdbbc1949b4f685c931477711fc7ac6cb49e9b"", ""step"": 33}",1,0f2e21a5cb8485439244b2b01dfdbbc1949b4f685c931477711fc7ac6cb49e9b,98b99eaea033270b0de58d9e7db9a49503174ffe047c9e784dd939ad409cdc6e
yoked,34,F03_Sarah,35,"{""coordinate"": 14, ""minus"": -0.9775643307619017, ""plus"": -0.9751765775777543, ""signature"": ""3a9b9dc0fee7acdfde54cb177de9276d039e79b52cbe0480d2f279c2a99f35db"", ""source"": ""98b99eaea033270b0de58d9e7db9a49503174ffe047c9e784dd939ad409cdc6e"", ""step"": 34}",1,98b99eaea033270b0de58d9e7db9a49503174ffe047c9e784dd939ad409cdc6e,5f0ffc4846c2d662076237255b90f6a64078a06e2b1bb8e9fb4fdb25ea5bef0f
yoked,35,F03_Tom,34,"{""coordinate"": 15, ""minus"": -0.12984980215800374, ""plus"": -0.13055532869690872, ""signature"": ""1bb611fa244654441e6fe9e095d82ab518748483ee9106ac4addb2b87777c839"", ""source"": ""5f0ffc4846c2d662076237255b90f6a64078a06e2b1bb8e9fb4fdb25ea5bef0f"", ""step"": 35}",1,5f0ffc4846c2d662076237255b90f6a64078a06e2b1bb8e9fb4fdb25ea5bef0f,65f0517e95d76bbd685dfdf95e4ee202f08905ec817aa72ed0f0231cfb48bb2b
yoked,36,F00_John,37,"{""coordinate"": 16, ""minus"": -0.8637383219119962, ""plus"": -0.8673532493674875, ""signature"": ""cebada1c7e106a1d04d6a275b095e04a676ec42f18d043feb3c25d8d7675e5ac"", ""source"": ""65f0517e95d76bbd685dfdf95e4ee202f08905ec817aa72ed0f0231cfb48bb2b"", ""step"": 36}",1,65f0517e95d76bbd685dfdf95e4ee202f08905ec817aa72ed0f0231cfb48bb2b,735ebbc585259557d257909226df864c99f572faf385e48aa2fb2491693e44f1
yoked,37,F00_Mary,36,"{""coordinate"": 17, ""minus"": -2.3709351099578053, ""plus"": -2.3857881662956486, ""signature"": ""ec4790d784264099d93d3281bfe5132c73c2197d783809c1194b792df69333c1"", ""source"": ""735ebbc585259557d257909226df864c99f572faf385e48aa2fb2491693e44f1"", ""step"": 37}",1,735ebbc585259557d257909226df864c99f572faf385e48aa2fb2491693e44f1,6e6091542331c62b8a12e11ceb23f8214552c9f96e556921fbc9cdab6268c1ce
yoked,38,F01_Tom,39,"{""coordinate"": 18, ""minus"": -0.18104499290519435, ""plus"": -0.176440332025879, ""signature"": ""61040bfb3656b23ecf468f68a36751463bc6cdd354fc78731aed460af52ec53f"", ""source"": ""6e6091542331c62b8a12e11ceb23f8214552c9f96e556921fbc9cdab6268c1ce"", ""step"": 38}",1,6e6091542331c62b8a12e11ceb23f8214552c9f96e556921fbc9cdab6268c1ce,99ea95b5b0870cce1b7c109ee714494669fcabaae31f6c9ef2c46a1055cdf3a1
yoked,39,F01_Sarah,38,"{""coordinate"": 19, ""minus"": -0.06312891403407447, ""plus"": -0.06475045417594844, ""signature"": ""39e597fa27b1f0e199fe76cc225ef81994e93d4476d04f1ed000cf04c688b0da"", ""source"": ""99ea95b5b0870cce1b7c109ee714494669fcabaae31f6c9ef2c46a1055cdf3a1"", ""step"": 39}",1,99ea95b5b0870cce1b7c109ee714494669fcabaae31f6c9ef2c46a1055cdf3a1,85f167534ba4ce5ef48d8f8e9f6d89a0ba8b056ce86c37fdfc457a1e58713f70
yoked,40,F01_Sarah,47,"{""coordinate"": 0, ""minus"": -0.11538465538830038, ""plus"": -0.10133483428188368, ""signature"": ""9bcbba7936de16be06ed6df8db3d44578c52ca537c51e424964018e4934c902d"", ""source"": ""85f167534ba4ce5ef48d8f8e9f6d89a0ba8b056ce86c37fdfc457a1e58713f70"", ""step"": 40}",1,85f167534ba4ce5ef48d8f8e9f6d89a0ba8b056ce86c37fdfc457a1e58713f70,645b2b8264284ed4006c32a99ef81072d833df9b8d6a48488c3ca669f3821ec9
yoked,41,F03_Sarah,44,"{""coordinate"": 1, ""minus"": -1.063791789574322, ""plus"": -1.1256060555072382, ""signature"": ""b8da48f1437d968f7e9ff2c27c5a5a9ba0af2728604c9f18d1db2677d25c80e6"", ""source"": ""645b2b8264284ed4006c32a99ef81072d833df9b8d6a48488c3ca669f3821ec9"", ""step"": 41}",1,645b2b8264284ed4006c32a99ef81072d833df9b8d6a48488c3ca669f3821ec9,006baac3ba4b7cb362dad7b6f346d512f3cb56e1681a116b5d354479d9338c4d
yoked,42,F02_Mary,43,"{""coordinate"": 2, ""minus"": -1.14296874697893, ""plus"": -0.9637889865440762, ""signature"": ""799cdc0a6328aaa074d6d39fd07ec9e1f6cea4ab23ecda70c1a96ffa017aba5c"", ""source"": ""006baac3ba4b7cb362dad7b6f346d512f3cb56e1681a116b5d354479d9338c4d"", ""step"": 42}",1,006baac3ba4b7cb362dad7b6f346d512f3cb56e1681a116b5d354479d9338c4d,9054b6a8663a0d635900ce99ccf3bb52e59d8a047a28c73b94a860a045987084
yoked,43,F02_John,42,"{""coordinate"": 3, ""minus"": -0.35079354839085514, ""plus"": -0.2669603403694652, ""signature"": ""1ca99e3a98395eb55ca6708d3578a11911083751bc5e0ca3a21444c29b755306"", ""source"": ""9054b6a8663a0d635900ce99ccf3bb52e59d8a047a28c73b94a860a045987084"", ""step"": 43}",1,9054b6a8663a0d635900ce99ccf3bb52e59d8a047a28c73b94a860a045987084,7e94b3ca1d1c8cfe4e6da3b62f13ea7562426d9e5457fe6c8981bed91710f050
yoked,44,F03_Tom,41,"{""coordinate"": 4, ""minus"": -0.13007796098840427, ""plus"": -0.15153957657414854, ""signature"": ""0259793e6c689d3748713fd83d2af0bf4fc884c536603a2598a198dbbb7893b4"", ""source"": ""7e94b3ca1d1c8cfe4e6da3b62f13ea7562426d9e5457fe6c8981bed91710f050"", ""step"": 44}",1,7e94b3ca1d1c8cfe4e6da3b62f13ea7562426d9e5457fe6c8981bed91710f050,e6c227345395661ec99a47baf988c6e8e7d2ba9e1d4810e4cc7c6ed4630cf64a
yoked,45,F00_Mary,46,"{""coordinate"": 5, ""minus"": -2.619778448759618, ""plus"": -2.637089277138766, ""signature"": ""5fc3ca9ffcaea8170529adffc213a9e77cbaeb53dafc346c8116fcec8a62713c"", ""source"": ""e6c227345395661ec99a47baf988c6e8e7d2ba9e1d4810e4cc7c6ed4630cf64a"", ""step"": 45}",1,e6c227345395661ec99a47baf988c6e8e7d2ba9e1d4810e4cc7c6ed4630cf64a,d9b5ef4ef6d309ba7f4d5679e67b03d75e2a47e66dc51ab6ba13285f8a42276a
yoked,46,F00_John,45,"{""coordinate"": 6, ""minus"": -1.6356366317162472, ""plus"": -1.67375019458271, ""signature"": ""eab315eef8ecae1b07fce4dd1e90845b2905fe2811a7ed9912351e0d6dd94489"", ""source"": ""d9b5ef4ef6d309ba7f4d5679e67b03d75e2a47e66dc51ab6ba13285f8a42276a"", ""step"": 46}",1,d9b5ef4ef6d309ba7f4d5679e67b03d75e2a47e66dc51ab6ba13285f8a42276a,ceaf98f8978ac169a99bb342ffc6b6b6205deb30557698df6d86096ce585f6c4
yoked,47,F01_Tom,40,"{""coordinate"": 7, ""minus"": -0.19331191581789478, ""plus"": -0.15127355861591785, ""signature"": ""11f96e3fcdf7d5bb9c32d6d2a68130b9bc0b33e85e5c77aa047cedcf1a9e3f77"", ""source"": ""ceaf98f8978ac169a99bb342ffc6b6b6205deb30557698df6d86096ce585f6c4"", ""step"": 47}",1,ceaf98f8978ac169a99bb342ffc6b6b6205deb30557698df6d86096ce585f6c4,c8a6ba5950ea5d716e046ebe4a79bbb5f698780817f8dd692f139d38b4d4d633
yoked,48,F03_Sarah,49,"{""coordinate"": 8, ""minus"": -0.9172135133801474, ""plus"": -0.9602353616935339, ""signature"": ""10b8c98519cb79ddcb4b5cd54dbab4cad7c6ecb0c942430d3940633bdbce5ff4"", ""source"": ""c8a6ba5950ea5d716e046ebe4a79bbb5f698780817f8dd692f139d38b4d4d633"", ""step"": 48}",1,c8a6ba5950ea5d716e046ebe4a79bbb5f698780817f8dd692f139d38b4d4d633,75de59af0efc8b18fe40ec9e3518b2282c2e7de76048b3eda5f791923eef3f76
yoked,49,F03_Tom,48,"{""coordinate"": 9, ""minus"": -0.11940365522535815, ""plus"": -0.12148622928833488, ""signature"": ""3fa8d3d655df72233300ca85485f4180b003807118f415402af01e908b44f0ca"", ""source"": ""75de59af0efc8b18fe40ec9e3518b2282c2e7de76048b3eda5f791923eef3f76"", ""step"": 49}",1,75de59af0efc8b18fe40ec9e3518b2282c2e7de76048b3eda5f791923eef3f76,1f0ed3472aa104201297fb1d4a641fc8c234336d8efa7a026559ed8937ffa306
yoked,50,F00_John,54,"{""coordinate"": 10, ""minus"": -1.6424452341534552, ""plus"": -1.6897038741297523, ""signature"": ""d90c1b0ac42b6da0e841283783a76cb811d5aa4b477b80882f1b9ba158b9f453"", ""source"": ""1f0ed3472aa104201297fb1d4a641fc8c234336d8efa7a026559ed8937ffa306"", ""step"": 50}",1,1f0ed3472aa104201297fb1d4a641fc8c234336d8efa7a026559ed8937ffa306,b24b963a216d01f6518ac45fd80d4e9186df76468d8c5737891342745dd61440
yoked,51,F01_Sarah,55,"{""coordinate"": 11, ""minus"": -0.07498045532267854, ""plus"": -0.07812441530322578, ""signature"": ""e0bc8d839e4a24392a3e84ae74518c3a480276c612576370c5ccfa14bb53e2e2"", ""source"": ""b24b963a216d01f6518ac45fd80d4e9186df76468d8c5737891342745dd61440"", ""step"": 51}",1,b24b963a216d01f6518ac45fd80d4e9186df76468d8c5737891342745dd61440,4d7436b8027655ff087fcb8c546cb2f8aba74e19dc99cdd9e5360c63ab0818eb
yoked,52,F02_Mary,53,"{""coordinate"": 12, ""minus"": -0.4555187305757239, ""plus"": -0.5186580840683065, ""signature"": ""36ab6d782f77bcde648faf6b6a63fe71eb6de271231ee4a6de3de165602e25d6"", ""source"": ""4d7436b8027655ff087fcb8c546cb2f8aba74e19dc99cdd9e5360c63ab0818eb"", ""step"": 52}",1,4d7436b8027655ff087fcb8c546cb2f8aba74e19dc99cdd9e5360c63ab0818eb,545b882fadd288c93aaa0c6db2da65651b85e110713bc2970404b1b4920c3050
yoked,53,F02_John,52,"{""coordinate"": 13, ""minus"": -0.385436215971444, ""plus"": -0.37026344862374216, ""signature"": ""0b57cd61e0b32aaad9d46972a25b70f998632cfc8a7af301bb5ea25eaf8b7250"", ""source"": ""545b882fadd288c93aaa0c6db2da65651b85e110713bc2970404b1b4920c3050"", ""step"": 53}",1,545b882fadd288c93aaa0c6db2da65651b85e110713bc2970404b1b4920c3050,115361c53d1af87fe835addeb9a3bd20a19afcb014cff4f637257e8a9fffd8a4
yoked,54,F00_Mary,50,"{""coordinate"": 14, ""minus"": -2.5997212710323887, ""plus"": -2.6203673974515747, ""signature"": ""104a8d89b6d66ed8ce1ee7cb73a2deeb1e6c9fd017049ac2225d6bf8d1b67fae"", ""source"": ""115361c53d1af87fe835addeb9a3bd20a19afcb014cff4f637257e8a9fffd8a4"", ""step"": 54}",1,115361c53d1af87fe835addeb9a3bd20a19afcb014cff4f637257e8a9fffd8a4,6b8dc86468984516ee825a81090a930fb702e1a955181e43fe8504c58b9d577c
yoked,55,F01_Tom,51,"{""coordinate"": 15, ""minus"": -0.13265792194525822, ""plus"": -0.13917624336185258, ""signature"": ""8f0f1c921f4ac45083ab63ba34869291bf84f661321533eab5fe0b307204b2a0"", ""source"": ""6b8dc86468984516ee825a81090a930fb702e1a955181e43fe8504c58b9d577c"", ""step"": 55}",1,6b8dc86468984516ee825a81090a930fb702e1a955181e43fe8504c58b9d577c,cc691f66fb72c0ef31e0a1c98f4d9e2c3c785f93ea4a0c1dd262c7a7f674cfd7
yoked,56,F01_Tom,63,"{""coordinate"": 16, ""minus"": -0.10614335738647113, ""plus"": -0.14363586354457597, ""signature"": ""f7632adbd385dd8b20e98cc684dace475f534c39eb3c645cc80580c02e2ab153"", ""source"": ""cc691f66fb72c0ef31e0a1c98f4d9e2c3c785f93ea4a0c1dd262c7a7f674cfd7"", ""step"": 56}",1,cc691f66fb72c0ef31e0a1c98f4d9e2c3c785f93ea4a0c1dd262c7a7f674cfd7,c0502698cb369934af3db8001eb1c5b48420ac521d87fe4ef1972a682b19eaf3
yoked,57,F00_John,60,"{""coordinate"": 17, ""minus"": -1.5672166621870485, ""plus"": -1.689402157094977, ""signature"": ""abd22839b577a5e0af02510a521a2316d088cd8b02b39bf39283e687c75951e9"", ""source"": ""c0502698cb369934af3db8001eb1c5b48420ac521d87fe4ef1972a682b19eaf3"", ""step"": 57}",1,c0502698cb369934af3db8001eb1c5b48420ac521d87fe4ef1972a682b19eaf3,528caa20f23a0c569b88545fc9355b6becc78048196ccff7f194a23e290d2cf9
yoked,58,F02_John,61,"{""coordinate"": 18, ""minus"": -0.2577322645531216, ""plus"": -0.18400505075031637, ""signature"": ""01cab4db3e185b5a878f62b43f3023df5a32a774cd57a452b7f1cefaf6e12d15"", ""source"": ""528caa20f23a0c569b88545fc9355b6becc78048196ccff7f194a23e290d2cf9"", ""step"": 58}",1,528caa20f23a0c569b88545fc9355b6becc78048196ccff7f194a23e290d2cf9,a28fe5b7b6c925e8407fd29a94e1c423847fa5b38defa6f0f37ed6d47273b606
yoked,59,F03_Tom,62,"{""coordinate"": 19, ""minus"": -0.18543277270846142, ""plus"": -0.12151987541078021, ""signature"": ""c18681f312bbb726a9cce1d79ca7f24dd57b397bd8c789f05bbf5826752a2343"", ""source"": ""a28fe5b7b6c925e8407fd29a94e1c423847fa5b38defa6f0f37ed6d47273b606"", ""step"": 59}",1,a28fe5b7b6c925e8407fd29a94e1c423847fa5b38defa6f0f37ed6d47273b606,6b77ea1f22342b3375bc82d58ecdaea5635fecf9bad9b3a368049d69bb14d9c8
yoked,60,F00_Mary,57,"{""coordinate"": 0, ""minus"": -2.5362111934337834, ""plus"": -2.5379190181314066, ""signature"": ""0689f0ea2b2d53326195250df96cfee31f71e9bec8ad7e85aef7c1e76043656d"", ""source"": ""6b77ea1f22342b3375bc82d58ecdaea5635fecf9bad9b3a368049d69bb14d9c8"", ""step"": 60}",1,6b77ea1f22342b3375bc82d58ecdaea5635fecf9bad9b3a368049d69bb14d9c8,9bd5be85cc668250eeab98cf353c77d9fcf0a000eee546253755dca6bc24c008
yoked,61,F02_Mary,58,"{""coordinate"": 1, ""minus"": -0.5436164139066546, ""plus"": -0.5286519821661864, ""signature"": ""f6e6d20bba495c8a2c84320e6d24a8bbe835f5b584677cba992b91fce4619cdb"", ""source"": ""9bd5be85cc668250eeab98cf353c77d9fcf0a000eee546253755dca6bc24c008"", ""step"": 61}",1,9bd5be85cc668250eeab98cf353c77d9fcf0a000eee546253755dca6bc24c008,de36c4b49cc90b74f8690ee3504294e0d1e9861e65e63eab216427ae6fd8e8b6
yoked,62,F03_Sarah,59,"{""coordinate"": 2, ""minus"": -0.936714259573032, ""plus"": -0.940426663991396, ""signature"": ""be921d06a38f7493305b5b18f663cb206b64e9a23d410d66c0b9ed454d93d566"", ""source"": ""de36c4b49cc90b74f8690ee3504294e0d1e9861e65e63eab216427ae6fd8e8b6"", ""step"": 62}",1,de36c4b49cc90b74f8690ee3504294e0d1e9861e65e63eab216427ae6fd8e8b6,a1388391c61901406dc9ff248df0a373bc44391a3bdedec5969f7f463fbd76f1
yoked,63,F01_Sarah,56,"{""coordinate"": 3, ""minus"": -0.07254707351774052, ""plus"": -0.07675611489983375, ""signature"": ""119eb69208c93dff8051f6ac415a77f4f393d787a66a23ef620a6d398fdad9e0"", ""source"": ""a1388391c61901406dc9ff248df0a373bc44391a3bdedec5969f7f463fbd76f1"", ""step"": 63}",1,a1388391c61901406dc9ff248df0a373bc44391a3bdedec5969f7f463fbd76f1,652a3a58f91c01e4be21f2fcaf9db931268387836a3f384c80c16cb41b104669
yoked,64,F03_Tom,70,"{""coordinate"": 4, ""minus"": -0.12140659246180888, ""plus"": -0.11900347959829702, ""signature"": ""21facf506cef0a57db1e9577e6919e4a558dae09b4e227923c99d820e1dcf82c"", ""source"": ""652a3a58f91c01e4be21f2fcaf9db931268387836a3f384c80c16cb41b104669"", ""step"": 64}",1,652a3a58f91c01e4be21f2fcaf9db931268387836a3f384c80c16cb41b104669,2c31d29db60ee6145bc8789b8fe3c2af76896678db54f49f3b517e886b09a1d8
yoked,65,F02_Mary,68,"{""coordinate"": 5, ""minus"": -0.18191106631763523, ""plus"": -0.18034518065269117, ""signature"": ""edf6d33024d832e0fc05c929ffa053f79f0688e81ba07af61d004ad5b85e8a96"", ""source"": ""2c31d29db60ee6145bc8789b8fe3c2af76896678db54f49f3b517e886b09a1d8"", ""step"": 65}",1,2c31d29db60ee6145bc8789b8fe3c2af76896678db54f49f3b517e886b09a1d8,4619f8d17d934cdaa9af5f650a6aa6a68e80fcf77365c29583618e5c84700bd3
yoked,66,F00_John,67,"{""coordinate"": 6, ""minus"": -1.5641116687741317, ""plus"": -1.5444004964506803, ""signature"": ""4b2068372e5a723aa44a1d02c894ecf4c428cb1bfb4a36fddb3d7301964a9a86"", ""source"": ""4619f8d17d934cdaa9af5f650a6aa6a68e80fcf77365c29583618e5c84700bd3"", ""step"": 66}",1,4619f8d17d934cdaa9af5f650a6aa6a68e80fcf77365c29583618e5c84700bd3,4fbd96d6455672e0b32f9804dd4f046cb08edccf2c37665f470270903e68f9e8
yoked,67,F00_Mary,66,"{""coordinate"": 7, ""minus"": -2.0413746661754115, ""plus"": -2.021973012586128, ""signature"": ""f94fef5a9954efb722e10aec4362048766ea8ed5a406c32c5673c2982f665f3a"", ""source"": ""4fbd96d6455672e0b32f9804dd4f046cb08edccf2c37665f470270903e68f9e8"", ""step"": 67}",1,4fbd96d6455672e0b32f9804dd4f046cb08edccf2c37665f470270903e68f9e8,a1b1d2727bb569dabb46cf568b74ec56170eab66122fe7914614edc3b9a05920
yoked,68,F02_John,65,"{""coordinate"": 8, ""minus"": -0.2913465651535553, ""plus"": -0.29795821041684933, ""signature"": ""1f01162cb6683196a346b2719861ab928e85e36168fa8b5708c03fab1ef772a8"", ""source"": ""a1b1d2727bb569dabb46cf568b74ec56170eab66122fe7914614edc3b9a05920"", ""step"": 68}",1,a1b1d2727bb569dabb46cf568b74ec56170eab66122fe7914614edc3b9a05920,df955015301a7e6f0c833150bc625022a3dca352a83bd5428c61f5eccf6dc9ec
yoked,69,F01_Tom,71,"{""coordinate"": 9, ""minus"": -0.07373894852940244, ""plus"": -0.06913067036210122, ""signature"": ""d56bb7b0bca797641be287d17d8714ec508e30113f1fca4b20af82f55044e93e"", ""source"": ""df955015301a7e6f0c833150bc625022a3dca352a83bd5428c61f5eccf6dc9ec"", ""step"": 69}",1,df955015301a7e6f0c833150bc625022a3dca352a83bd5428c61f5eccf6dc9ec,6acdd114d05a6e6ed4de8684c46a953bae15191c9b05affcd4439ad78629168b
yoked,70,F03_Sarah,64,"{""coordinate"": 10, ""minus"": -0.4293542693691213, ""plus"": -0.7780294615922846, ""signature"": ""50e92eb96c3ec247bcf3d9c690d1dc0ae79d3225b04cfe0eb5dcb58e804a2304"", ""source"": ""6acdd114d05a6e6ed4de8684c46a953bae15191c9b05affcd4439ad78629168b"", ""step"": 70}",1,6acdd114d05a6e6ed4de8684c46a953bae15191c9b05affcd4439ad78629168b,05a910b5b89039108b6989601c2b40ebeb58f124ed56be8aaf54e548283b2ff3
yoked,71,F01_Sarah,69,"{""coordinate"": 11, ""minus"": -0.1636235569188911, ""plus"": -0.19677263129513184, ""signature"": ""c62ee14746be818508991d434723cd74f5c2a3d2c4e28f2034856f9c1fb952eb"", ""source"": ""05a910b5b89039108b6989601c2b40ebeb58f124ed56be8aaf54e548283b2ff3"", ""step"": 71}",1,05a910b5b89039108b6989601c2b40ebeb58f124ed56be8aaf54e548283b2ff3,b8467321f1892323a222f6639c0784bee192e095f69d1a9c6a55801c9ddd633e
yoked,72,F01_Tom,79,"{""coordinate"": 12, ""minus"": -0.07120211171676365, ""plus"": -0.07005437241144159, ""signature"": ""de9544f365a87dbf1a05496549fab60509062a806c5be51ac47aefb36a4ed309"", ""source"": ""b8467321f1892323a222f6639c0784bee192e095f69d1a9c6a55801c9ddd633e"", ""step"": 72}",1,b8467321f1892323a222f6639c0784bee192e095f69d1a9c6a55801c9ddd633e,d00559dffe83a2ab7c97e2914e430399089343e7ad37270656fa1e50abdcbdf9
yoked,73,F02_John,75,"{""coordinate"": 13, ""minus"": -0.2915734564940014, ""plus"": -0.29402777896680676, ""signature"": ""843623fbf96452b820d0757780bf44f1577c88a1967cbd26158c0947ed203fe5"", ""source"": ""d00559dffe83a2ab7c97e2914e430399089343e7ad37270656fa1e50abdcbdf9"", ""step"": 73}",1,d00559dffe83a2ab7c97e2914e430399089343e7ad37270656fa1e50abdcbdf9,51c9eaffbe644e10fc7fb36140ad0c95e1348a714605420eb1952726f78cb506
yoked,74,F00_Mary,76,"{""coordinate"": 14, ""minus"": -1.9864715046594028, ""plus"": -1.969631849826984, ""signature"": ""8764740520b55b468e36cdfb423f5c690ffd4f1c5733edd65dc9c70fbe8f1d7a"", ""source"": ""51c9eaffbe644e10fc7fb36140ad0c95e1348a714605420eb1952726f78cb506"", ""step"": 74}",1,51c9eaffbe644e10fc7fb36140ad0c95e1348a714605420eb1952726f78cb506,2b413110a1c5e3de0e64b19b363a84b5a4e7f2729cf45e04b06ba1724ffb62f1
yoked,75,F02_Mary,73,"{""coordinate"": 15, ""minus"": -0.18057323193390318, ""plus"": -0.17707712854432814, ""signature"": ""908a2f278fbed0c4908b3b73b1e1351f25c51012a648ce852c62af8cef660250"", ""source"": ""2b413110a1c5e3de0e64b19b363a84b5a4e7f2729cf45e04b06ba1724ffb62f1"", ""step"": 75}",1,2b413110a1c5e3de0e64b19b363a84b5a4e7f2729cf45e04b06ba1724ffb62f1,6f833fcfb0a36322a3dc588ddf5cc32ee0f04fd0128e245a3681dcc2498eabc2
yoked,76,F00_John,74,"{""coordinate"": 16, ""minus"": -1.6151298242450929, ""plus"": -1.582439137529712, ""signature"": ""d8c05e5ee1b0783a71f1b5fce80d40cb7a1a5f8b976441998030d029156ccfe3"", ""source"": ""6f833fcfb0a36322a3dc588ddf5cc32ee0f04fd0128e245a3681dcc2498eabc2"", ""step"": 76}",1,6f833fcfb0a36322a3dc588ddf5cc32ee0f04fd0128e245a3681dcc2498eabc2,a4abd0b6fc48fd20f0908af97e9d87b0f06db4ad10b4bd893fa5920599bf9c60
yoked,77,F03_Tom,78,"{""coordinate"": 17, ""minus"": -0.12351462793542979, ""plus"": -0.1253684890682371, ""signature"": ""6ce46c24a9afaeb106979947e77c202998b90570eb5899e648d1eab123ed636a"", ""source"": ""a4abd0b6fc48fd20f0908af97e9d87b0f06db4ad10b4bd893fa5920599bf9c60"", ""step"": 77}",1,a4abd0b6fc48fd20f0908af97e9d87b0f06db4ad10b4bd893fa5920599bf9c60,46a4a54afd809e8f7dc293a86076c27bba195da009278fa349dda7b48e7ed05e
yoked,78,F03_Sarah,77,"{""coordinate"": 18, ""minus"": -0.23639596883422273, ""plus"": -0.23501195014777865, ""signature"": ""f4c51f0f05fd8f61dfe9666cfce23ed94d4fc9a4b24d06228df86a8123fcb28d"", ""source"": ""46a4a54afd809e8f7dc293a86076c27bba195da009278fa349dda7b48e7ed05e"", ""step"": 78}",1,46a4a54afd809e8f7dc293a86076c27bba195da009278fa349dda7b48e7ed05e,b7dfb3ff36d120f4a05169c8fc53f730d61dbed24cb60c1dff97e23b1e6cf4f8
yoked,79,F01_Sarah,72,"{""coordinate"": 19, ""minus"": -0.13389879754098327, ""plus"": -0.12928944802097475, ""signature"": ""16d2c0ad123499d4378fb3915128275283ff56610e1b7bdc153a16c3a3b16b30"", ""source"": ""b7dfb3ff36d120f4a05169c8fc53f730d61dbed24cb60c1dff97e23b1e6cf4f8"", ""step"": 79}",1,b7dfb3ff36d120f4a05169c8fc53f730d61dbed24cb60c1dff97e23b1e6cf4f8,a312166bb502cc9de84f0dd543374d67f612cc30377274fd4970cfe60a78a7ac
constant,0,F01_Tom,-1,"{""coordinate"": 0, ""minus"": 0.0, ""plus"": 0.0, ""signature"": ""6fd328570c26b1183ed7395da55637b3ef8460b8daa35500e4fd5793d3a7d5ce"", ""source"": ""b393978842a0fa3d3e1470196f098f473f9678e72463cb65ec4ab5581856c2e4"", ""step"": 0}",1,b393978842a0fa3d3e1470196f098f473f9678e72463cb65ec4ab5581856c2e4,b393978842a0fa3d3e1470196f098f473f9678e72463cb65ec4ab5581856c2e4
constant,1,F03_Tom,-1,"{""coordinate"": 1, ""minus"": 0.0, ""plus"": 0.0, ""signature"": ""6f41dda2677240f7ab7c10084e2cfbdc15ab76e62395ff9e3d91ce6521535d65"", ""source"": ""b393978842a0fa3d3e1470196f098f473f9678e72463cb65ec4ab5581856c2e4"", ""step"": 1}",1,b393978842a0fa3d3e1470196f098f473f9678e72463cb65ec4ab5581856c2e4,b393978842a0fa3d3e1470196f098f473f9678e72463cb65ec4ab5581856c2e4
constant,2,F01_Sarah,-1,"{""coordinate"": 2, ""minus"": 0.0, ""plus"": 0.0, ""signature"": ""2d4915176286e20c7fcf1fa6584f05fdab6e0b46c0481cb6aeccc51d31478323"", ""source"": ""b393978842a0fa3d3e1470196f098f473f9678e72463cb65ec4ab5581856c2e4"", ""step"": 2}",1,b393978842a0fa3d3e1470196f098f473f9678e72463cb65ec4ab5581856c2e4,b393978842a0fa3d3e1470196f098f473f9678e72463cb65ec4ab5581856c2e4
constant,3,F02_Mary,-1,"{""coordinate"": 3, ""minus"": 0.0, ""plus"": 0.0, ""signature"": ""4235d111f176690114aa554d055792c8d674cacd7918ef5f7e658327d319546c"", ""source"": ""b393978842a0fa3d3e1470196f098f473f9678e72463cb65ec4ab5581856c2e4"", ""step"": 3}",1,b393978842a0fa3d3e1470196f098f473f9678e72463cb65ec4ab5581856c2e4,b393978842a0fa3d3e1470196f098f473f9678e72463cb65ec4ab5581856c2e4
constant,4,F03_Sarah,-1,"{""coordinate"": 4, ""minus"": 0.0, ""plus"": 0.0, ""signature"": ""ed323c0675f12ca2703aedf0245cc71597492691ed3a0d91d36147c558c8f442"", ""source"": ""b393978842a0fa3d3e1470196f098f473f9678e72463cb65ec4ab5581856c2e4"", ""step"": 4}",1,b393978842a0fa3d3e1470196f098f473f9678e72463cb65ec4ab5581856c2e4,b393978842a0fa3d3e1470196f098f473f9678e72463cb65ec4ab5581856c2e4
constant,5,F00_Mary,-1,"{""coordinate"": 5, ""minus"": 0.0, ""plus"": 0.0, ""signature"": ""087784eecbba13655c1f1388af226822dec7f045492cc5d73feb43466a06adf0"", ""source"": ""b393978842a0fa3d3e1470196f098f473f9678e72463cb65ec4ab5581856c2e4"", ""step"": 5}",1,b393978842a0fa3d3e1470196f098f473f9678e72463cb65ec4ab5581856c2e4,b393978842a0fa3d3e1470196f098f473f9678e72463cb65ec4ab5581856c2e4
constant,6,F00_John,-1,"{""coordinate"": 6, ""minus"": 0.0, ""plus"": 0.0, ""signature"": ""f3f788ace698e2d664de98044e3a1bc72735c39d1eed1db3944b458ebb5055a7"", ""source"": ""b393978842a0fa3d3e1470196f098f473f9678e72463cb65ec4ab5581856c2e4"", ""step"": 6}",1,b393978842a0fa3d3e1470196f098f473f9678e72463cb65ec4ab5581856c2e4,b393978842a0fa3d3e1470196f098f473f9678e72463cb65ec4ab5581856c2e4
constant,7,F02_John,-1,"{""coordinate"": 7, ""minus"": 0.0, ""plus"": 0.0, ""signature"": ""45fe24abc07d1a56c093bf0d0a9e7ab71e7cedc516909b871046a21224890412"", ""source"": ""b393978842a0fa3d3e1470196f098f473f9678e72463cb65ec4ab5581856c2e4"", ""step"": 7}",1,b393978842a0fa3d3e1470196f098f473f9678e72463cb65ec4ab5581856c2e4,b393978842a0fa3d3e1470196f098f473f9678e72463cb65ec4ab5581856c2e4
constant,8,F02_Mary,-1,"{""coordinate"": 8, ""minus"": 0.0, ""plus"": 0.0, ""signature"": ""28d0f9f98b4b64bd5d3666760a5b6534a5d0fbef10fca69d75b41425d5a93b3d"", ""source"": ""b393978842a0fa3d3e1470196f098f473f9678e72463cb65ec4ab5581856c2e4"", ""step"": 8}",1,b393978842a0fa3d3e1470196f098f473f9678e72463cb65ec4ab5581856c2e4,b393978842a0fa3d3e1470196f098f473f9678e72463cb65ec4ab5581856c2e4
constant,9,F01_Sarah,-1,"{""coordinate"": 9, ""minus"": 0.0, ""plus"": 0.0, ""signature"": ""f2b4b371dda11ac777b9c004a0bf07ffda82908a562320b1c0a7eb08cbbdeda0"", ""source"": ""b393978842a0fa3d3e1470196f098f473f9678e72463cb65ec4ab5581856c2e4"", ""step"": 9}",1,b393978842a0fa3d3e1470196f098f473f9678e72463cb65ec4ab5581856c2e4,b393978842a0fa3d3e1470196f098f473f9678e72463cb65ec4ab5581856c2e4
constant,10,F00_John,-1,"{""coordinate"": 10, ""minus"": 0.0, ""plus"": 0.0, ""signature"": ""e160eea19909522e9a32c34e0d8b1452720e212a218873face5c6fe25be4256a"", ""source"": ""b393978842a0fa3d3e1470196f098f473f9678e72463cb65ec4ab5581856c2e4"", ""step"": 10}",1,b393978842a0fa3d3e1470196f098f473f9678e72463cb65ec4ab5581856c2e4,b393978842a0fa3d3e1470196f098f473f9678e72463cb65ec4ab5581856c2e4
constant,11,F03_Sarah,-1,"{""coordinate"": 11, ""minus"": 0.0, ""plus"": 0.0, ""signature"": ""fafbae17813872019b93dba0ab863d78ecf03559349b11c431d025ee3bb6d5a5"", ""source"": ""b393978842a0fa3d3e1470196f098f473f9678e72463cb65ec4ab5581856c2e4"", ""step"": 11}",1,b393978842a0fa3d3e1470196f098f473f9678e72463cb65ec4ab5581856c2e4,b393978842a0fa3d3e1470196f098f473f9678e72463cb65ec4ab5581856c2e4
constant,12,F02_John,-1,"{""coordinate"": 12, ""minus"": 0.0, ""plus"": 0.0, ""signature"": ""9e2eb54ed9d5aa7e08c51aea32ec28e0aeb36de94aaa58eb413c8649dc9d2944"", ""source"": ""b393978842a0fa3d3e1470196f098f473f9678e72463cb65ec4ab5581856c2e4"", ""step"": 12}",1,b393978842a0fa3d3e1470196f098f473f9678e72463cb65ec4ab5581856c2e4,b393978842a0fa3d3e1470196f098f473f9678e72463cb65ec4ab5581856c2e4
constant,13,F01_Tom,-1,"{""coordinate"": 13, ""minus"": 0.0, ""plus"": 0.0, ""signature"": ""9a5cc51cdaaf08b36668f0eecb8c75f1c965e20af446a5c1997984662946abea"", ""source"": ""b393978842a0fa3d3e1470196f098f473f9678e72463cb65ec4ab5581856c2e4"", ""step"": 13}",1,b393978842a0fa3d3e1470196f098f473f9678e72463cb65ec4ab5581856c2e4,b393978842a0fa3d3e1470196f098f473f9678e72463cb65ec4ab5581856c2e4
constant,14,F03_Tom,-1,"{""coordinate"": 14, ""minus"": 0.0, ""plus"": 0.0, ""signature"": ""1e7221750a16a29fb2a5b4de7f0c32cf1e1d15242e062f1b3535f6fea97eb671"", ""source"": ""b393978842a0fa3d3e1470196f098f473f9678e72463cb65ec4ab5581856c2e4"", ""step"": 14}",1,b393978842a0fa3d3e1470196f098f473f9678e72463cb65ec4ab5581856c2e4,b393978842a0fa3d3e1470196f098f473f9678e72463cb65ec4ab5581856c2e4
constant,15,F00_Mary,-1,"{""coordinate"": 15, ""minus"": 0.0, ""plus"": 0.0, ""signature"": ""041c1cfeb5563ff04b01d5f0525101ac25e5b26de9c494ff8c08229dcf82cacd"", ""source"": ""b393978842a0fa3d3e1470196f098f473f9678e72463cb65ec4ab5581856c2e4"", ""step"": 15}",1,b393978842a0fa3d3e1470196f098f473f9678e72463cb65ec4ab5581856c2e4,b393978842a0fa3d3e1470196f098f473f9678e72463cb65ec4ab5581856c2e4
constant,16,F01_Tom,-1,"{""coordinate"": 16, ""minus"": 0.0, ""plus"": 0.0, ""signature"": ""3cfc15ff094e043f350924fc36ed25c7a80cbbb728f0ed039982c610a63817b4"", ""source"": ""b393978842a0fa3d3e1470196f098f473f9678e72463cb65ec4ab5581856c2e4"", ""step"": 16}",1,b393978842a0fa3d3e1470196f098f473f9678e72463cb65ec4ab5581856c2e4,b393978842a0fa3d3e1470196f098f473f9678e72463cb65ec4ab5581856c2e4
constant,17,F02_Mary,-1,"{""coordinate"": 17, ""minus"": 0.0, ""plus"": 0.0, ""signature"": ""e08515ebdc6f919f3867602e6dd88e495942698ba350701008a586688062b8a4"", ""source"": ""b393978842a0fa3d3e1470196f098f473f9678e72463cb65ec4ab5581856c2e4"", ""step"": 17}",1,b393978842a0fa3d3e1470196f098f473f9678e72463cb65ec4ab5581856c2e4,b393978842a0fa3d3e1470196f098f473f9678e72463cb65ec4ab5581856c2e4
constant,18,F00_John,-1,"{""coordinate"": 18, ""minus"": 0.0, ""plus"": 0.0, ""signature"": ""4a931cbebe38b1f715122c3ad3971c57893fd7b2a554179e8684c0346e16d60b"", ""source"": ""b393978842a0fa3d3e1470196f098f473f9678e72463cb65ec4ab5581856c2e4"", ""step"": 18}",1,b393978842a0fa3d3e1470196f098f473f9678e72463cb65ec4ab5581856c2e4,b393978842a0fa3d3e1470196f098f473f9678e72463cb65ec4ab5581856c2e4
constant,19,F01_Sarah,-1,"{""coordinate"": 19, ""minus"": 0.0, ""plus"": 0.0, ""signature"": ""a20757a5bca0fe26ede84354f2ee1dd68607e04a890fe259592f4e721c90cc43"", ""source"": ""b393978842a0fa3d3e1470196f098f473f9678e72463cb65ec4ab5581856c2e4"", ""step"": 19}",1,b393978842a0fa3d3e1470196f098f473f9678e72463cb65ec4ab5581856c2e4,b393978842a0fa3d3e1470196f098f473f9678e72463cb65ec4ab5581856c2e4
constant,20,F00_Mary,-1,"{""coordinate"": 0, ""minus"": 0.0, ""plus"": 0.0, ""signature"": ""cd74fcd664b7efc07424fe875f16e0a50ff03acbb99c762cf43b70f7833f82d7"", ""source"": ""b393978842a0fa3d3e1470196f098f473f9678e72463cb65ec4ab5581856c2e4"", ""step"": 20}",1,b393978842a0fa3d3e1470196f098f473f9678e72463cb65ec4ab5581856c2e4,b393978842a0fa3d3e1470196f098f473f9678e72463cb65ec4ab5581856c2e4
constant,21,F03_Sarah,-1,"{""coordinate"": 1, ""minus"": 0.0, ""plus"": 0.0, ""signature"": ""e834aa89e2a0b0071156bf7f4a9e45571279939f21fd7d358ad0f6bd48a9c727"", ""source"": ""b393978842a0fa3d3e1470196f098f473f9678e72463cb65ec4ab5581856c2e4"", ""step"": 21}",1,b393978842a0fa3d3e1470196f098f473f9678e72463cb65ec4ab5581856c2e4,b393978842a0fa3d3e1470196f098f473f9678e72463cb65ec4ab5581856c2e4
constant,22,F03_Tom,-1,"{""coordinate"": 2, ""minus"": 0.0, ""plus"": 0.0, ""signature"": ""5f61a07b746a68335674a14b25e42db44a466c1535b154f4943899de79902d5b"", ""source"": ""b393978842a0fa3d3e1470196f098f473f9678e72463cb65ec4ab5581856c2e4"", ""step"": 22}",1,b393978842a0fa3d3e1470196f098f473f9678e72463cb65ec4ab5581856c2e4,b393978842a0fa3d3e1470196f098f473f9678e72463cb65ec4ab5581856c2e4
constant,23,F02_John,-1,"{""coordinate"": 3, ""minus"": 0.0, ""plus"": 0.0, ""signature"": ""f9b4ad6fbc262aac87388789423b02e1c41c619fefed85884500f1feee452443"", ""source"": ""b393978842a0fa3d3e1470196f098f473f9678e72463cb65ec4ab5581856c2e4"", ""step"": 23}",1,b393978842a0fa3d3e1470196f098f473f9678e72463cb65ec4ab5581856c2e4,b393978842a0fa3d3e1470196f098f473f9678e72463cb65ec4ab5581856c2e4
constant,24,F03_Sarah,-1,"{""coordinate"": 4, ""minus"": 0.0, ""plus"": 0.0, ""signature"": ""f1ea8e08090dcd70fb6e9b154cabf3192a80eddafbfe8a626ff716b672ec2df1"", ""source"": ""b393978842a0fa3d3e1470196f098f473f9678e72463cb65ec4ab5581856c2e4"", ""step"": 24}",1,b393978842a0fa3d3e1470196f098f473f9678e72463cb65ec4ab5581856c2e4,b393978842a0fa3d3e1470196f098f473f9678e72463cb65ec4ab5581856c2e4
constant,25,F00_Mary,-1,"{""coordinate"": 5, ""minus"": 0.0, ""plus"": 0.0, ""signature"": ""3c6c80eb6a47b72b3813ac35f933e7e4806365a9080a0c05e27159f2c3bcbb1d"", ""source"": ""b393978842a0fa3d3e1470196f098f473f9678e72463cb65ec4ab5581856c2e4"", ""step"": 25}",1,b393978842a0fa3d3e1470196f098f473f9678e72463cb65ec4ab5581856c2e4,b393978842a0fa3d3e1470196f098f473f9678e72463cb65ec4ab5581856c2e4
constant,26,F00_John,-1,"{""coordinate"": 6, ""minus"": 0.0, ""plus"": 0.0, ""signature"": ""b9e3697f2572539345053bc76da1eedb9d0c2e8c4582f08f82124f5fb41b574a"", ""source"": ""b393978842a0fa3d3e1470196f098f473f9678e72463cb65ec4ab5581856c2e4"", ""step"": 26}",1,b393978842a0fa3d3e1470196f098f473f9678e72463cb65ec4ab5581856c2e4,b393978842a0fa3d3e1470196f098f473f9678e72463cb65ec4ab5581856c2e4
constant,27,F02_Mary,-1,"{""coordinate"": 7, ""minus"": 0.0, ""plus"": 0.0, ""signature"": ""7f00434c966f84a257cd8d2e4fbb276634632c05eb1d88a4f3a56468c6a84718"", ""source"": ""b393978842a0fa3d3e1470196f098f473f9678e72463cb65ec4ab5581856c2e4"", ""step"": 27}",1,b393978842a0fa3d3e1470196f098f473f9678e72463cb65ec4ab5581856c2e4,b393978842a0fa3d3e1470196f098f473f9678e72463cb65ec4ab5581856c2e4
constant,28,F01_Tom,-1,"{""coordinate"": 8, ""minus"": 0.0, ""plus"": 0.0, ""signature"": ""6e2a1d681b85701e3d77733b2055d038e9312130322a03495cf2a0340757b50b"", ""source"": ""b393978842a0fa3d3e1470196f098f473f9678e72463cb65ec4ab5581856c2e4"", ""step"": 28}",1,b393978842a0fa3d3e1470196f098f473f9678e72463cb65ec4ab5581856c2e4,b393978842a0fa3d3e1470196f098f473f9678e72463cb65ec4ab5581856c2e4
constant,29,F02_John,-1,"{""coordinate"": 9, ""minus"": 0.0, ""plus"": 0.0, ""signature"": ""d766774503f40a1d8e980d85e4ae0ee229d8520b12bc29d79dd0ee8428766e57"", ""source"": ""b393978842a0fa3d3e1470196f098f473f9678e72463cb65ec4ab5581856c2e4"", ""step"": 29}",1,b393978842a0fa3d3e1470196f098f473f9678e72463cb65ec4ab5581856c2e4,b393978842a0fa3d3e1470196f098f473f9678e72463cb65ec4ab5581856c2e4
constant,30,F03_Tom,-1,"{""coordinate"": 10, ""minus"": 0.0, ""plus"": 0.0, ""signature"": ""e129b4ada1714ce3312bb91774d4d2aef09b84dcbe6a769be27263dc8adb2772"", ""source"": ""b393978842a0fa3d3e1470196f098f473f9678e72463cb65ec4ab5581856c2e4"", ""step"": 30}",1,b393978842a0fa3d3e1470196f098f473f9678e72463cb65ec4ab5581856c2e4,b393978842a0fa3d3e1470196f098f473f9678e72463cb65ec4ab5581856c2e4
constant,31,F01_Sarah,-1,"{""coordinate"": 11, ""minus"": 0.0, ""plus"": 0.0, ""signature"": ""f0aed19d082cbe366064f8c9965c4b2a08a305642fdfb0446ed707a7db664974"", ""source"": ""b393978842a0fa3d3e1470196f098f473f9678e72463cb65ec4ab5581856c2e4"", ""step"": 31}",1,b393978842a0fa3d3e1470196f098f473f9678e72463cb65ec4ab5581856c2e4,b393978842a0fa3d3e1470196f098f473f9678e72463cb65ec4ab5581856c2e4
constant,32,F02_John,-1,"{""coordinate"": 12, ""minus"": 0.0, ""plus"": 0.0, ""signature"": ""4663d652b2c70de65988150aac8d506cc67910024717da1581d3fba1a3a91c8c"", ""source"": ""b393978842a0fa3d3e1470196f098f473f9678e72463cb65ec4ab5581856c2e4"", ""step"": 32}",1,b393978842a0fa3d3e1470196f098f473f9678e72463cb65ec4ab5581856c2e4,b393978842a0fa3d3e1470196f098f473f9678e72463cb65ec4ab5581856c2e4
constant,33,F02_Mary,-1,"{""coordinate"": 13, ""minus"": 0.0, ""plus"": 0.0, ""signature"": ""9208b7137f5efe931bd0788b561cae8f19c875311981648bad89a66eb6341fc2"", ""source"": ""b393978842a0fa3d3e1470196f098f473f9678e72463cb65ec4ab5581856c2e4"", ""step"": 33}",1,b393978842a0fa3d3e1470196f098f473f9678e72463cb65ec4ab5581856c2e4,b393978842a0fa3d3e1470196f098f473f9678e72463cb65ec4ab5581856c2e4
constant,34,F03_Sarah,-1,"{""coordinate"": 14, ""minus"": 0.0, ""plus"": 0.0, ""signature"": ""91627d1f38aceccf14c23885d027c59984b423a96260f594de1a00b75f2defb3"", ""source"": ""b393978842a0fa3d3e1470196f098f473f9678e72463cb65ec4ab5581856c2e4"", ""step"": 34}",1,b393978842a0fa3d3e1470196f098f473f9678e72463cb65ec4ab5581856c2e4,b393978842a0fa3d3e1470196f098f473f9678e72463cb65ec4ab5581856c2e4
constant,35,F03_Tom,-1,"{""coordinate"": 15, ""minus"": 0.0, ""plus"": 0.0, ""signature"": ""c850e16857785ef2d8261d6ef0c7d6d26dd007124c037753d2dc37eb1a78b8fc"", ""source"": ""b393978842a0fa3d3e1470196f098f473f9678e72463cb65ec4ab5581856c2e4"", ""step"": 35}",1,b393978842a0fa3d3e1470196f098f473f9678e72463cb65ec4ab5581856c2e4,b393978842a0fa3d3e1470196f098f473f9678e72463cb65ec4ab5581856c2e4
constant,36,F00_John,-1,"{""coordinate"": 16, ""minus"": 0.0, ""plus"": 0.0, ""signature"": ""0226c8b050128da0c9a220d95f3750f66719aa66c80f287685abdc66f4e0aa55"", ""source"": ""b393978842a0fa3d3e1470196f098f473f9678e72463cb65ec4ab5581856c2e4"", ""step"": 36}",1,b393978842a0fa3d3e1470196f098f473f9678e72463cb65ec4ab5581856c2e4,b393978842a0fa3d3e1470196f098f473f9678e72463cb65ec4ab5581856c2e4
constant,37,F00_Mary,-1,"{""coordinate"": 17, ""minus"": 0.0, ""plus"": 0.0, ""signature"": ""26feaf2f5511cbcf6198ecbcd0fc7d3fb4b16c57fd920ba6bac107a43da9889a"", ""source"": ""b393978842a0fa3d3e1470196f098f473f9678e72463cb65ec4ab5581856c2e4"", ""step"": 37}",1,b393978842a0fa3d3e1470196f098f473f9678e72463cb65ec4ab5581856c2e4,b393978842a0fa3d3e1470196f098f473f9678e72463cb65ec4ab5581856c2e4
constant,38,F01_Tom,-1,"{""coordinate"": 18, ""minus"": 0.0, ""plus"": 0.0, ""signature"": ""62088f1b41d94a5eb78ae36e9f1ab9cc6d5e8b73758b396d78d81331963b78e7"", ""source"": ""b393978842a0fa3d3e1470196f098f473f9678e72463cb65ec4ab5581856c2e4"", ""step"": 38}",1,b393978842a0fa3d3e1470196f098f473f9678e72463cb65ec4ab5581856c2e4,b393978842a0fa3d3e1470196f098f473f9678e72463cb65ec4ab5581856c2e4
constant,39,F01_Sarah,-1,"{""coordinate"": 19, ""minus"": 0.0, ""plus"": 0.0, ""signature"": ""e13292f35da21c6fbf11c4ccbcc926c03b04d06fe90e4a2414fdd4dfda8761a8"", ""source"": ""b393978842a0fa3d3e1470196f098f473f9678e72463cb65ec4ab5581856c2e4"", ""step"": 39}",1,b393978842a0fa3d3e1470196f098f473f9678e72463cb65ec4ab5581856c2e4,b393978842a0fa3d3e1470196f098f473f9678e72463cb65ec4ab5581856c2e4
constant,40,F01_Sarah,-1,"{""coordinate"": 0, ""minus"": 0.0, ""plus"": 0.0, ""signature"": ""927d04510286eee7c6dbdfd0829c4aab89567d4c56dbeaea4144c2cc2ab438b7"", ""source"": ""b393978842a0fa3d3e1470196f098f473f9678e72463cb65ec4ab5581856c2e4"", ""step"": 40}",1,b393978842a0fa3d3e1470196f098f473f9678e72463cb65ec4ab5581856c2e4,b393978842a0fa3d3e1470196f098f473f9678e72463cb65ec4ab5581856c2e4
constant,41,F03_Sarah,-1,"{""coordinate"": 1, ""minus"": 0.0, ""plus"": 0.0, ""signature"": ""9dc8b09ecc883926cdfca4be6e9392cf61ead411277c02a4031de272c6cf4090"", ""source"": ""b393978842a0fa3d3e1470196f098f473f9678e72463cb65ec4ab5581856c2e4"", ""step"": 41}",1,b393978842a0fa3d3e1470196f098f473f9678e72463cb65ec4ab5581856c2e4,b393978842a0fa3d3e1470196f098f473f9678e72463cb65ec4ab5581856c2e4
constant,42,F02_Mary,-1,"{""coordinate"": 2, ""minus"": 0.0, ""plus"": 0.0, ""signature"": ""d57c9d998533add910dbc27ee85a7945d6a1987b48edbadb9a20f875bd5608d9"", ""source"": ""b393978842a0fa3d3e1470196f098f473f9678e72463cb65ec4ab5581856c2e4"", ""step"": 42}",1,b393978842a0fa3d3e1470196f098f473f9678e72463cb65ec4ab5581856c2e4,b393978842a0fa3d3e1470196f098f473f9678e72463cb65ec4ab5581856c2e4
constant,43,F02_John,-1,"{""coordinate"": 3, ""minus"": 0.0, ""plus"": 0.0, ""signature"": ""a4a0a2cc94a42e9fdaa4c0339759e3d3cea2a7eb4d9bd8ab24334d451f9a8249"", ""source"": ""b393978842a0fa3d3e1470196f098f473f9678e72463cb65ec4ab5581856c2e4"", ""step"": 43}",1,b393978842a0fa3d3e1470196f098f473f9678e72463cb65ec4ab5581856c2e4,b393978842a0fa3d3e1470196f098f473f9678e72463cb65ec4ab5581856c2e4
constant,44,F03_Tom,-1,"{""coordinate"": 4, ""minus"": 0.0, ""plus"": 0.0, ""signature"": ""98e21aa6a643291226615a4ac7547c2eca03e99fd15cd93a037dce406c95f7b4"", ""source"": ""b393978842a0fa3d3e1470196f098f473f9678e72463cb65ec4ab5581856c2e4"", ""step"": 44}",1,b393978842a0fa3d3e1470196f098f473f9678e72463cb65ec4ab5581856c2e4,b393978842a0fa3d3e1470196f098f473f9678e72463cb65ec4ab5581856c2e4
constant,45,F00_Mary,-1,"{""coordinate"": 5, ""minus"": 0.0, ""plus"": 0.0, ""signature"": ""e4b7083bddebc420abb0bd73a0577305d6e73897853c16f9960f1cd2ba6f4480"", ""source"": ""b393978842a0fa3d3e1470196f098f473f9678e72463cb65ec4ab5581856c2e4"", ""step"": 45}",1,b393978842a0fa3d3e1470196f098f473f9678e72463cb65ec4ab5581856c2e4,b393978842a0fa3d3e1470196f098f473f9678e72463cb65ec4ab5581856c2e4
constant,46,F00_John,-1,"{""coordinate"": 6, ""minus"": 0.0, ""plus"": 0.0, ""signature"": ""9619cb7172c58c7205676e53683c41838fcfc83989d99daa62e9859492b24d31"", ""source"": ""b393978842a0fa3d3e1470196f098f473f9678e72463cb65ec4ab5581856c2e4"", ""step"": 46}",1,b393978842a0fa3d3e1470196f098f473f9678e72463cb65ec4ab5581856c2e4,b393978842a0fa3d3e1470196f098f473f9678e72463cb65ec4ab5581856c2e4
constant,47,F01_Tom,-1,"{""coordinate"": 7, ""minus"": 0.0, ""plus"": 0.0, ""signature"": ""deed798052c9e0527a28e72ba8313cfdfc427cd6b243b14625a2e49dbe608deb"", ""source"": ""b393978842a0fa3d3e1470196f098f473f9678e72463cb65ec4ab5581856c2e4"", ""step"": 47}",1,b393978842a0fa3d3e1470196f098f473f9678e72463cb65ec4ab5581856c2e4,b393978842a0fa3d3e1470196f098f473f9678e72463cb65ec4ab5581856c2e4
constant,48,F03_Sarah,-1,"{""coordinate"": 8, ""minus"": 0.0, ""plus"": 0.0, ""signature"": ""5dc5cb7cd57096c0cf175a9e6e87968bb9cc3146cf612a90fcf83b53ab45ac53"", ""source"": ""b393978842a0fa3d3e1470196f098f473f9678e72463cb65ec4ab5581856c2e4"", ""step"": 48}",1,b393978842a0fa3d3e1470196f098f473f9678e72463cb65ec4ab5581856c2e4,b393978842a0fa3d3e1470196f098f473f9678e72463cb65ec4ab5581856c2e4
constant,49,F03_Tom,-1,"{""coordinate"": 9, ""minus"": 0.0, ""plus"": 0.0, ""signature"": ""71fe5a4a938ebafb64781f1f146cbfce7f3d38a19d7139287901ce3f72ec0dd2"", ""source"": ""b393978842a0fa3d3e1470196f098f473f9678e72463cb65ec4ab5581856c2e4"", ""step"": 49}",1,b393978842a0fa3d3e1470196f098f473f9678e72463cb65ec4ab5581856c2e4,b393978842a0fa3d3e1470196f098f473f9678e72463cb65ec4ab5581856c2e4
constant,50,F00_John,-1,"{""coordinate"": 10, ""minus"": 0.0, ""plus"": 0.0, ""signature"": ""3aa9a5fa1c4cacda702248f97a7a5f51f6f1098926c58c23f58bd107618f2014"", ""source"": ""b393978842a0fa3d3e1470196f098f473f9678e72463cb65ec4ab5581856c2e4"", ""step"": 50}",1,b393978842a0fa3d3e1470196f098f473f9678e72463cb65ec4ab5581856c2e4,b393978842a0fa3d3e1470196f098f473f9678e72463cb65ec4ab5581856c2e4
constant,51,F01_Sarah,-1,"{""coordinate"": 11, ""minus"": 0.0, ""plus"": 0.0, ""signature"": ""eaf0c0a2c8944179158a88967f0e1de948eca84524df9d6a308b88ae06c340d2"", ""source"": ""b393978842a0fa3d3e1470196f098f473f9678e72463cb65ec4ab5581856c2e4"", ""step"": 51}",1,b393978842a0fa3d3e1470196f098f473f9678e72463cb65ec4ab5581856c2e4,b393978842a0fa3d3e1470196f098f473f9678e72463cb65ec4ab5581856c2e4
constant,52,F02_Mary,-1,"{""coordinate"": 12, ""minus"": 0.0, ""plus"": 0.0, ""signature"": ""d0a3ddfce41545ac3845690f7095230b308dd1deb8b5d2a8459067a97f53020f"", ""source"": ""b393978842a0fa3d3e1470196f098f473f9678e72463cb65ec4ab5581856c2e4"", ""step"": 52}",1,b393978842a0fa3d3e1470196f098f473f9678e72463cb65ec4ab5581856c2e4,b393978842a0fa3d3e1470196f098f473f9678e72463cb65ec4ab5581856c2e4
constant,53,F02_John,-1,"{""coordinate"": 13, ""minus"": 0.0, ""plus"": 0.0, ""signature"": ""f83026e394c89581a3f8665be5b77c0b7b1d137542c73c95bf4dd9818718237c"", ""source"": ""b393978842a0fa3d3e1470196f098f473f9678e72463cb65ec4ab5581856c2e4"", ""step"": 53}",1,b393978842a0fa3d3e1470196f098f473f9678e72463cb65ec4ab5581856c2e4,b393978842a0fa3d3e1470196f098f473f9678e72463cb65ec4ab5581856c2e4
constant,54,F00_Mary,-1,"{""coordinate"": 14, ""minus"": 0.0, ""plus"": 0.0, ""signature"": ""86e3a9cce5c9457abc735f575a72a223065ea19bb3c2575d3f19bb0610b97ac0"", ""source"": ""b393978842a0fa3d3e1470196f098f473f9678e72463cb65ec4ab5581856c2e4"", ""step"": 54}",1,b393978842a0fa3d3e1470196f098f473f9678e72463cb65ec4ab5581856c2e4,b393978842a0fa3d3e1470196f098f473f9678e72463cb65ec4ab5581856c2e4
constant,55,F01_Tom,-1,"{""coordinate"": 15, ""minus"": 0.0, ""plus"": 0.0, ""signature"": ""28b290bdc66d0159c60d09ba6e93c963d3d2224e41d33f31263616eeabc55b6f"", ""source"": ""b393978842a0fa3d3e1470196f098f473f9678e72463cb65ec4ab5581856c2e4"", ""step"": 55}",1,b393978842a0fa3d3e1470196f098f473f9678e72463cb65ec4ab5581856c2e4,b393978842a0fa3d3e1470196f098f473f9678e72463cb65ec4ab5581856c2e4
constant,56,F01_Tom,-1,"{""coordinate"": 16, ""minus"": 0.0, ""plus"": 0.0, ""signature"": ""2d4649e118730f0e4fdab32bf1e189fec451f7701a54a11ceec93412614fa63a"", ""source"": ""b393978842a0fa3d3e1470196f098f473f9678e72463cb65ec4ab5581856c2e4"", ""step"": 56}",1,b393978842a0fa3d3e1470196f098f473f9678e72463cb65ec4ab5581856c2e4,b393978842a0fa3d3e1470196f098f473f9678e72463cb65ec4ab5581856c2e4
constant,57,F00_John,-1,"{""coordinate"": 17, ""minus"": 0.0, ""plus"": 0.0, ""signature"": ""687851a7035784b11cd77c801fa9b9392d52d0c08a4877dae32ede5f8dac4201"", ""source"": ""b393978842a0fa3d3e1470196f098f473f9678e72463cb65ec4ab5581856c2e4"", ""step"": 57}",1,b393978842a0fa3d3e1470196f098f473f9678e72463cb65ec4ab5581856c2e4,b393978842a0fa3d3e1470196f098f473f9678e72463cb65ec4ab5581856c2e4
constant,58,F02_John,-1,"{""coordinate"": 18, ""minus"": 0.0, ""plus"": 0.0, ""signature"": ""663f66c62f964a2ac4b47750112a00a8dc7b7f6e022c87a02bdb63c33f97bbc4"", ""source"": ""b393978842a0fa3d3e1470196f098f473f9678e72463cb65ec4ab5581856c2e4"", ""step"": 58}",1,b393978842a0fa3d3e1470196f098f473f9678e72463cb65ec4ab5581856c2e4,b393978842a0fa3d3e1470196f098f473f9678e72463cb65ec4ab5581856c2e4
constant,59,F03_Tom,-1,"{""coordinate"": 19, ""minus"": 0.0, ""plus"": 0.0, ""signature"": ""c94511287bb1b64ff3e69fc4d22accc793f79524a258da5f7acafcd3a663d9fd"", ""source"": ""b393978842a0fa3d3e1470196f098f473f9678e72463cb65ec4ab5581856c2e4"", ""step"": 59}",1,b393978842a0fa3d3e1470196f098f473f9678e72463cb65ec4ab5581856c2e4,b393978842a0fa3d3e1470196f098f473f9678e72463cb65ec4ab5581856c2e4
constant,60,F00_Mary,-1,"{""coordinate"": 0, ""minus"": 0.0, ""plus"": 0.0, ""signature"": ""005277f8d85ff34bd1614a9496f2d1437c5040fabfaf18b201dc721c076f96f8"", ""source"": ""b393978842a0fa3d3e1470196f098f473f9678e72463cb65ec4ab5581856c2e4"", ""step"": 60}",1,b393978842a0fa3d3e1470196f098f473f9678e72463cb65ec4ab5581856c2e4,b393978842a0fa3d3e1470196f098f473f9678e72463cb65ec4ab5581856c2e4
constant,61,F02_Mary,-1,"{""coordinate"": 1, ""minus"": 0.0, ""plus"": 0.0, ""signature"": ""5c837b6949409af3d1fa34fe340516175b552508a9cf2afe1937901bd68219e0"", ""source"": ""b393978842a0fa3d3e1470196f098f473f9678e72463cb65ec4ab5581856c2e4"", ""step"": 61}",1,b393978842a0fa3d3e1470196f098f473f9678e72463cb65ec4ab5581856c2e4,b393978842a0fa3d3e1470196f098f473f9678e72463cb65ec4ab5581856c2e4
constant,62,F03_Sarah,-1,"{""coordinate"": 2, ""minus"": 0.0, ""plus"": 0.0, ""signature"": ""a74ff1d339d4b1c6802bbdd1e7e9d0ccac2534dc8d894a34d89a85c9b7d35552"", ""source"": ""b393978842a0fa3d3e1470196f098f473f9678e72463cb65ec4ab5581856c2e4"", ""step"": 62}",1,b393978842a0fa3d3e1470196f098f473f9678e72463cb65ec4ab5581856c2e4,b393978842a0fa3d3e1470196f098f473f9678e72463cb65ec4ab5581856c2e4
constant,63,F01_Sarah,-1,"{""coordinate"": 3, ""minus"": 0.0, ""plus"": 0.0, ""signature"": ""4a70b72192fb22662861c841d38bc9025d0a90a92d66efc96ad3f41a6f297e6c"", ""source"": ""b393978842a0fa3d3e1470196f098f473f9678e72463cb65ec4ab5581856c2e4"", ""step"": 63}",1,b393978842a0fa3d3e1470196f098f473f9678e72463cb65ec4ab5581856c2e4,b393978842a0fa3d3e1470196f098f473f9678e72463cb65ec4ab5581856c2e4
constant,64,F03_Tom,-1,"{""coordinate"": 4, ""minus"": 0.0, ""plus"": 0.0, ""signature"": ""de5bf58775421bcd1dbb648c2dc694b770d01af7b544b01be7bd1d3d8940caee"", ""source"": ""b393978842a0fa3d3e1470196f098f473f9678e72463cb65ec4ab5581856c2e4"", ""step"": 64}",1,b393978842a0fa3d3e1470196f098f473f9678e72463cb65ec4ab5581856c2e4,b393978842a0fa3d3e1470196f098f473f9678e72463cb65ec4ab5581856c2e4
constant,65,F02_Mary,-1,"{""coordinate"": 5, ""minus"": 0.0, ""plus"": 0.0, ""signature"": ""cfd5247f5f111d795d5c9282bfa45303a2edf72f7735f01794b8d980101a9166"", ""source"": ""b393978842a0fa3d3e1470196f098f473f9678e72463cb65ec4ab5581856c2e4"", ""step"": 65}",1,b393978842a0fa3d3e1470196f098f473f9678e72463cb65ec4ab5581856c2e4,b393978842a0fa3d3e1470196f098f473f9678e72463cb65ec4ab5581856c2e4
constant,66,F00_John,-1,"{""coordinate"": 6, ""minus"": 0.0, ""plus"": 0.0, ""signature"": ""d3f1925beb233eb67843249ef04a8c28f760f9244c4f83578934753ccb6f71e1"", ""source"": ""b393978842a0fa3d3e1470196f098f473f9678e72463cb65ec4ab5581856c2e4"", ""step"": 66}",1,b393978842a0fa3d3e1470196f098f473f9678e72463cb65ec4ab5581856c2e4,b393978842a0fa3d3e1470196f098f473f9678e72463cb65ec4ab5581856c2e4
constant,67,F00_Mary,-1,"{""coordinate"": 7, ""minus"": 0.0, ""plus"": 0.0, ""signature"": ""b033091fa7496e4576ace6c27788ac9426c9b50e47870010c48bc0a53fe1b163"", ""source"": ""b393978842a0fa3d3e1470196f098f473f9678e72463cb65ec4ab5581856c2e4"", ""step"": 67}",1,b393978842a0fa3d3e1470196f098f473f9678e72463cb65ec4ab5581856c2e4,b393978842a0fa3d3e1470196f098f473f9678e72463cb65ec4ab5581856c2e4
constant,68,F02_John,-1,"{""coordinate"": 8, ""minus"": 0.0, ""plus"": 0.0, ""signature"": ""86ac531be2eaf5f785c9b767e91b1203bf122e0f0d356996b194770e962cea63"", ""source"": ""b393978842a0fa3d3e1470196f098f473f9678e72463cb65ec4ab5581856c2e4"", ""step"": 68}",1,b393978842a0fa3d3e1470196f098f473f9678e72463cb65ec4ab5581856c2e4,b393978842a0fa3d3e1470196f098f473f9678e72463cb65ec4ab5581856c2e4
constant,69,F01_Tom,-1,"{""coordinate"": 9, ""minus"": 0.0, ""plus"": 0.0, ""signature"": ""1648e210c0f008a1fd2de6caaac6d6a6f0c9e84f82db34c28403cdfcc3a4898f"", ""source"": ""b393978842a0fa3d3e1470196f098f473f9678e72463cb65ec4ab5581856c2e4"", ""step"": 69}",1,b393978842a0fa3d3e1470196f098f473f9678e72463cb65ec4ab5581856c2e4,b393978842a0fa3d3e1470196f098f473f9678e72463cb65ec4ab5581856c2e4
constant,70,F03_Sarah,-1,"{""coordinate"": 10, ""minus"": 0.0, ""plus"": 0.0, ""signature"": ""701213ffafbc18f7bb9168383248b0b0c0d1347dc64b001d2912345cc3fcb9b5"", ""source"": ""b393978842a0fa3d3e1470196f098f473f9678e72463cb65ec4ab5581856c2e4"", ""step"": 70}",1,b393978842a0fa3d3e1470196f098f473f9678e72463cb65ec4ab5581856c2e4,b393978842a0fa3d3e1470196f098f473f9678e72463cb65ec4ab5581856c2e4
constant,71,F01_Sarah,-1,"{""coordinate"": 11, ""minus"": 0.0, ""plus"": 0.0, ""signature"": ""4d33a7429a144caba85a1215f24fc7736f3c3af1830e140374fbda4df9937f8c"", ""source"": ""b393978842a0fa3d3e1470196f098f473f9678e72463cb65ec4ab5581856c2e4"", ""step"": 71}",1,b393978842a0fa3d3e1470196f098f473f9678e72463cb65ec4ab5581856c2e4,b393978842a0fa3d3e1470196f098f473f9678e72463cb65ec4ab5581856c2e4
constant,72,F01_Tom,-1,"{""coordinate"": 12, ""minus"": 0.0, ""plus"": 0.0, ""signature"": ""7db63a29e7529e8c5b441cd06358d44f832d98688ecf704bcedc6fb2785bd884"", ""source"": ""b393978842a0fa3d3e1470196f098f473f9678e72463cb65ec4ab5581856c2e4"", ""step"": 72}",1,b393978842a0fa3d3e1470196f098f473f9678e72463cb65ec4ab5581856c2e4,b393978842a0fa3d3e1470196f098f473f9678e72463cb65ec4ab5581856c2e4
constant,73,F02_John,-1,"{""coordinate"": 13, ""minus"": 0.0, ""plus"": 0.0, ""signature"": ""9310378c8fb46526a4fa0c63ae63e479c6ed6cfcb6f27a199b5663f5342737a3"", ""source"": ""b393978842a0fa3d3e1470196f098f473f9678e72463cb65ec4ab5581856c2e4"", ""step"": 73}",1,b393978842a0fa3d3e1470196f098f473f9678e72463cb65ec4ab5581856c2e4,b393978842a0fa3d3e1470196f098f473f9678e72463cb65ec4ab5581856c2e4
constant,74,F00_Mary,-1,"{""coordinate"": 14, ""minus"": 0.0, ""plus"": 0.0, ""signature"": ""eba6949601b61921b3d1e99b0246287c7a54e99d4a9489c47a01c3a521bf8aeb"", ""source"": ""b393978842a0fa3d3e1470196f098f473f9678e72463cb65ec4ab5581856c2e4"", ""step"": 74}",1,b393978842a0fa3d3e1470196f098f473f9678e72463cb65ec4ab5581856c2e4,b393978842a0fa3d3e1470196f098f473f9678e72463cb65ec4ab5581856c2e4
constant,75,F02_Mary,-1,"{""coordinate"": 15, ""minus"": 0.0, ""plus"": 0.0, ""signature"": ""2e79b0b5cdcef2582f5cc50140c86d40cd1ae30f6dbcac6397a30d357ce2b6d0"", ""source"": ""b393978842a0fa3d3e1470196f098f473f9678e72463cb65ec4ab5581856c2e4"", ""step"": 75}",1,b393978842a0fa3d3e1470196f098f473f9678e72463cb65ec4ab5581856c2e4,b393978842a0fa3d3e1470196f098f473f9678e72463cb65ec4ab5581856c2e4
constant,76,F00_John,-1,"{""coordinate"": 16, ""minus"": 0.0, ""plus"": 0.0, ""signature"": ""0125cf3c2cb15f49b95f078280ac03e8829848c531ffa6cd52276821f84aa4d2"", ""source"": ""b393978842a0fa3d3e1470196f098f473f9678e72463cb65ec4ab5581856c2e4"", ""step"": 76}",1,b393978842a0fa3d3e1470196f098f473f9678e72463cb65ec4ab5581856c2e4,b393978842a0fa3d3e1470196f098f473f9678e72463cb65ec4ab5581856c2e4
constant,77,F03_Tom,-1,"{""coordinate"": 17, ""minus"": 0.0, ""plus"": 0.0, ""signature"": ""47732467b62d5c9f8d32e7903c3b6585442b8536614bd760a60eeeefb81c7dce"", ""source"": ""b393978842a0fa3d3e1470196f098f473f9678e72463cb65ec4ab5581856c2e4"", ""step"": 77}",1,b393978842a0fa3d3e1470196f098f473f9678e72463cb65ec4ab5581856c2e4,b393978842a0fa3d3e1470196f098f473f9678e72463cb65ec4ab5581856c2e4
constant,78,F03_Sarah,-1,"{""coordinate"": 18, ""minus"": 0.0, ""plus"": 0.0, ""signature"": ""da244619fc17b31634b0eb3ee876d2c98a8ff13fde6bfa2b5d9075c1bdc4faac"", ""source"": ""b393978842a0fa3d3e1470196f098f473f9678e72463cb65ec4ab5581856c2e4"", ""step"": 78}",1,b393978842a0fa3d3e1470196f098f473f9678e72463cb65ec4ab5581856c2e4,b393978842a0fa3d3e1470196f098f473f9678e72463cb65ec4ab5581856c2e4
constant,79,F01_Sarah,-1,"{""coordinate"": 19, ""minus"": 0.0, ""plus"": 0.0, ""signature"": ""7b03ae6350c6060fc0907f61e0be8a67c839510647eceb564f5ee6937c5a281c"", ""source"": ""b393978842a0fa3d3e1470196f098f473f9678e72463cb65ec4ab5581856c2e4"", ""step"": 79}",1,b393978842a0fa3d3e1470196f098f473f9678e72463cb65ec4ab5581856c2e4,b393978842a0fa3d3e1470196f098f473f9678e72463cb65ec4ab5581856c2e4
