parameters,modules,protocol,context,cell,title,odor,stage,nativeFigure,native,local,errorHz
March 2023,2,fitting_script,0,0,DAN-\gamma1pedc,0,0,april-2modules-attractive.fig,-2.5439767068497874,-2.5439767068497874,0.0
March 2023,2,fitting_script,0,0,DAN-\gamma1pedc,0,1,april-2modules-attractive.fig,-0.6574804263468176,-0.6574804263468176,0.0
March 2023,2,fitting_script,0,0,DAN-\gamma1pedc,0,2,april-2modules-attractive.fig,-0.4533955857795998,-0.4533955857795998,0.0
March 2023,2,fitting_script,0,0,DAN-\gamma1pedc,0,3,april-2modules-attractive.fig,-2.3456263849871477,-2.3456263849871477,0.0
March 2023,2,fitting_script,0,0,DAN-\gamma1pedc,0,4,april-2modules-attractive.fig,-2.541561177945393,-2.541561177945393,0.0
March 2023,2,fitting_script,0,0,DAN-\gamma1pedc,0,5,april-2modules-attractive.fig,-2.5439767068497874,-2.5439767068497874,0.0
March 2023,2,fitting_script,0,0,DAN-\gamma1pedc,1,0,april-2modules-attractive.fig,-2.5439767068497874,-2.5439767068497874,0.0
March 2023,2,fitting_script,0,0,DAN-\gamma1pedc,1,1,april-2modules-attractive.fig,-1.1298914244592726,-1.1298914244592726,0.0
March 2023,2,fitting_script,0,0,DAN-\gamma1pedc,1,2,april-2modules-attractive.fig,-1.1382259702802997,-1.1382259702802997,0.0
March 2023,2,fitting_script,0,0,DAN-\gamma1pedc,1,3,april-2modules-attractive.fig,-2.575659766194519,-2.575659766194519,0.0
March 2023,2,fitting_script,0,0,DAN-\gamma1pedc,1,4,april-2modules-attractive.fig,-2.5466902864538916,-2.5466902864538916,0.0
March 2023,2,fitting_script,0,0,DAN-\gamma1pedc,1,5,april-2modules-attractive.fig,-2.5439767068497874,-2.5439767068497874,0.0
March 2023,2,fitting_script,0,2,DAN-\alpha3,0,0,april-2modules-attractive.fig,-4.204290686779414,-4.204290686779414,0.0
March 2023,2,fitting_script,0,2,DAN-\alpha3,0,1,april-2modules-attractive.fig,2.437716751615849,2.437716751615849,0.0
March 2023,2,fitting_script,0,2,DAN-\alpha3,0,2,april-2modules-attractive.fig,4.362452932373708,4.362452932373708,0.0
March 2023,2,fitting_script,0,2,DAN-\alpha3,0,3,april-2modules-attractive.fig,-2.3764790974549026,-2.3764790974549026,0.0
March 2023,2,fitting_script,0,2,DAN-\alpha3,0,4,april-2modules-attractive.fig,-4.181488472029563,-4.181488472029563,0.0
March 2023,2,fitting_script,0,2,DAN-\alpha3,0,5,april-2modules-attractive.fig,-4.204290689698767,-4.204290689698767,0.0
March 2023,2,fitting_script,0,2,DAN-\alpha3,1,0,april-2modules-attractive.fig,-4.204290686779414,-4.204290686779414,0.0
March 2023,2,fitting_script,0,2,DAN-\alpha3,1,1,april-2modules-attractive.fig,-2.709886214072296,-2.709886214072296,0.0
March 2023,2,fitting_script,0,2,DAN-\alpha3,1,2,april-2modules-attractive.fig,-2.8073467951788027,-2.8073467951788027,0.0
March 2023,2,fitting_script,0,2,DAN-\alpha3,1,3,april-2modules-attractive.fig,-4.567575874044748,-4.567575874044748,0.0
March 2023,2,fitting_script,0,2,DAN-\alpha3,1,4,april-2modules-attractive.fig,-4.230292854475729,-4.230292854475729,0.0
March 2023,2,fitting_script,0,2,DAN-\alpha3,1,5,april-2modules-attractive.fig,-4.204290675953047,-4.204290675953047,0.0
March 2023,2,fitting_script,0,3,MBON-\gamma1pedc>\alpha/\beta,0,0,april-2modules-attractive.fig,22.107789526857758,22.107789526857758,0.0
March 2023,2,fitting_script,0,3,MBON-\gamma1pedc>\alpha/\beta,0,1,april-2modules-attractive.fig,-2.57436975457982,-2.57436975457982,0.0
March 2023,2,fitting_script,0,3,MBON-\gamma1pedc>\alpha/\beta,0,2,april-2modules-attractive.fig,-8.081114138569049,-8.081114138569049,0.0
March 2023,2,fitting_script,0,3,MBON-\gamma1pedc>\alpha/\beta,0,3,april-2modules-attractive.fig,16.85652833775113,16.85652833775113,0.0
March 2023,2,fitting_script,0,3,MBON-\gamma1pedc>\alpha/\beta,0,4,april-2modules-attractive.fig,22.042562292285865,22.042562292285865,0.0
March 2023,2,fitting_script,0,3,MBON-\gamma1pedc>\alpha/\beta,0,5,april-2modules-attractive.fig,22.107789526857758,22.107789526857758,0.0
March 2023,2,fitting_script,0,3,MBON-\gamma1pedc>\alpha/\beta,1,0,april-2modules-attractive.fig,22.107789526857758,22.107789526857758,0.0
March 2023,2,fitting_script,0,3,MBON-\gamma1pedc>\alpha/\beta,1,1,april-2modules-attractive.fig,11.80051159380102,11.80051159380102,0.0
March 2023,2,fitting_script,0,3,MBON-\gamma1pedc>\alpha/\beta,1,2,april-2modules-attractive.fig,12.069745203981817,12.069745203981817,0.0
March 2023,2,fitting_script,0,3,MBON-\gamma1pedc>\alpha/\beta,1,3,april-2modules-attractive.fig,23.114319114071435,23.114319114071435,0.0
March 2023,2,fitting_script,0,3,MBON-\gamma1pedc>\alpha/\beta,1,4,april-2modules-attractive.fig,22.18197379884623,22.18197379884623,0.0
March 2023,2,fitting_script,0,3,MBON-\gamma1pedc>\alpha/\beta,1,5,april-2modules-attractive.fig,22.107789526857758,22.107789526857758,0.0
March 2023,2,fitting_script,0,5,MBON-\alpha3,0,0,april-2modules-attractive.fig,14.740796773154848,14.740796773154848,0.0
March 2023,2,fitting_script,0,5,MBON-\alpha3,0,1,april-2modules-attractive.fig,2.578845977829541,2.578845977829541,0.0
March 2023,2,fitting_script,0,5,MBON-\alpha3,0,2,april-2modules-attractive.fig,-8.49319795336224,-8.49319795336224,0.0
March 2023,2,fitting_script,0,5,MBON-\alpha3,0,3,april-2modules-attractive.fig,-4.829495731825139,-4.829495731825139,0.0
March 2023,2,fitting_script,0,5,MBON-\alpha3,0,4,april-2modules-attractive.fig,8.976466286245664,8.976466286245664,0.0
March 2023,2,fitting_script,0,5,MBON-\alpha3,0,5,april-2modules-attractive.fig,13.333427724246896,13.333427724246896,0.0
March 2023,2,fitting_script,0,5,MBON-\alpha3,1,0,april-2modules-attractive.fig,14.740796773154848,14.740796773154848,0.0
March 2023,2,fitting_script,0,5,MBON-\alpha3,1,1,april-2modules-attractive.fig,13.802939146007688,13.802939146007688,0.0
March 2023,2,fitting_script,0,5,MBON-\alpha3,1,2,april-2modules-attractive.fig,17.613634348666054,17.613634348666054,0.0
March 2023,2,fitting_script,0,5,MBON-\alpha3,1,3,april-2modules-attractive.fig,19.96,19.96,0.0
March 2023,2,fitting_script,0,5,MBON-\alpha3,1,4,april-2modules-attractive.fig,19.96,19.96,0.0
March 2023,2,fitting_script,0,5,MBON-\alpha3,1,5,april-2modules-attractive.fig,19.96,19.96,0.0
March 2023,2,fitting_script,1,0,DAN-\gamma1pedc,0,0,april-2modules-repulsive.fig,3.657218037273171,3.657218037273171,0.0
March 2023,2,fitting_script,1,0,DAN-\gamma1pedc,0,1,april-2modules-repulsive.fig,2.3126668906426735,2.3126668906426735,0.0
March 2023,2,fitting_script,1,0,DAN-\gamma1pedc,0,2,april-2modules-repulsive.fig,2.5394452720929026,2.5394452720929026,0.0
March 2023,2,fitting_script,1,0,DAN-\gamma1pedc,0,3,april-2modules-repulsive.fig,3.9320608375800172,3.9320608375800172,0.0
March 2023,2,fitting_script,1,0,DAN-\gamma1pedc,0,4,april-2modules-repulsive.fig,3.66621676411304,3.66621676411304,0.0
March 2023,2,fitting_script,1,0,DAN-\gamma1pedc,0,5,april-2modules-repulsive.fig,3.657218037273171,3.657218037273171,0.0
March 2023,2,fitting_script,1,0,DAN-\gamma1pedc,1,0,april-2modules-repulsive.fig,3.657218037273171,3.657218037273171,0.0
March 2023,2,fitting_script,1,0,DAN-\gamma1pedc,1,1,april-2modules-repulsive.fig,1.624330634225702,1.624330634225702,0.0
March 2023,2,fitting_script,1,0,DAN-\gamma1pedc,1,2,april-2modules-repulsive.fig,1.6363123678740759,1.6363123678740759,0.0
March 2023,2,fitting_script,1,0,DAN-\gamma1pedc,1,3,april-2modules-repulsive.fig,3.702765567562878,3.702765567562878,0.0
March 2023,2,fitting_script,1,0,DAN-\gamma1pedc,1,4,april-2modules-repulsive.fig,3.6611190762437658,3.6611190762437658,0.0
March 2023,2,fitting_script,1,0,DAN-\gamma1pedc,1,5,april-2modules-repulsive.fig,3.657218037273171,3.657218037273171,0.0
March 2023,2,fitting_script,1,2,DAN-\alpha3,0,0,april-2modules-repulsive.fig,3.434047927041533,3.434047927041533,0.0
March 2023,2,fitting_script,1,2,DAN-\alpha3,0,1,april-2modules-repulsive.fig,8.372852078592224,8.372852078592224,0.0
March 2023,2,fitting_script,1,2,DAN-\alpha3,0,2,april-2modules-repulsive.fig,10.557603567919799,10.5576035679198,1.7763568394002505e-15
March 2023,2,fitting_script,1,2,DAN-\alpha3,0,3,april-2modules-repulsive.fig,6.142564051577703,6.142564051577703,0.0
March 2023,2,fitting_script,1,2,DAN-\alpha3,0,4,april-2modules-repulsive.fig,3.5199575854396086,3.5199575854396086,0.0
March 2023,2,fitting_script,1,2,DAN-\alpha3,0,5,april-2modules-repulsive.fig,3.4340478921950846,3.4340478921950846,0.0
March 2023,2,fitting_script,1,2,DAN-\alpha3,1,0,april-2modules-repulsive.fig,3.434047927041533,3.434047927041533,0.0
March 2023,2,fitting_script,1,2,DAN-\alpha3,1,1,april-2modules-repulsive.fig,2.8464446312301765,2.8464446312301765,0.0
March 2023,2,fitting_script,1,2,DAN-\alpha3,1,2,april-2modules-repulsive.fig,2.988922996933902,2.988922996933902,0.0
March 2023,2,fitting_script,1,2,DAN-\alpha3,1,3,april-2modules-repulsive.fig,3.9643724847768764,3.9643724847768764,0.0
March 2023,2,fitting_script,1,2,DAN-\alpha3,1,4,april-2modules-repulsive.fig,3.4714523657828824,3.4714523657828824,0.0
March 2023,2,fitting_script,1,2,DAN-\alpha3,1,5,april-2modules-repulsive.fig,3.434047911547607,3.434047911547607,0.0
March 2023,2,fitting_script,1,3,MBON-\gamma1pedc>\alpha/\beta,0,0,april-2modules-repulsive.fig,22.107789526857758,22.107789526857758,0.0
March 2023,2,fitting_script,1,3,MBON-\gamma1pedc>\alpha/\beta,0,1,april-2modules-repulsive.fig,-10.044749363694887,-10.044749363694887,0.0
March 2023,2,fitting_script,1,3,MBON-\gamma1pedc>\alpha/\beta,0,2,april-2modules-repulsive.fig,-16.312961672800455,-16.312961672800462,-7.105427357601002e-15
March 2023,2,fitting_script,1,3,MBON-\gamma1pedc>\alpha/\beta,0,3,april-2modules-repulsive.fig,14.275831275822242,14.275831275822242,0.0
March 2023,2,fitting_script,1,3,MBON-\gamma1pedc>\alpha/\beta,0,4,april-2modules-repulsive.fig,21.862095058042456,21.862095058042456,0.0
March 2023,2,fitting_script,1,3,MBON-\gamma1pedc>\alpha/\beta,0,5,april-2modules-repulsive.fig,22.107789526857758,22.107789526857758,0.0
March 2023,2,fitting_script,1,3,MBON-\gamma1pedc>\alpha/\beta,1,0,april-2modules-repulsive.fig,22.107789526857758,22.107789526857758,0.0
March 2023,2,fitting_script,1,3,MBON-\gamma1pedc>\alpha/\beta,1,1,april-2modules-repulsive.fig,4.700387827799261,4.700387827799261,0.0
March 2023,2,fitting_script,1,3,MBON-\gamma1pedc>\alpha/\beta,1,2,april-2modules-repulsive.fig,4.264421754979409,4.264421754979409,0.0
March 2023,2,fitting_script,1,3,MBON-\gamma1pedc>\alpha/\beta,1,3,april-2modules-repulsive.fig,20.49425927334056,20.49425927334056,0.0
March 2023,2,fitting_script,1,3,MBON-\gamma1pedc>\alpha/\beta,1,4,april-2modules-repulsive.fig,22.00065192427727,22.00065192427727,0.0
March 2023,2,fitting_script,1,3,MBON-\gamma1pedc>\alpha/\beta,1,5,april-2modules-repulsive.fig,22.107789526857758,22.107789526857758,0.0
March 2023,2,fitting_script,1,5,MBON-\alpha3,0,0,april-2modules-repulsive.fig,14.740796773154848,14.740796773154848,0.0
March 2023,2,fitting_script,1,5,MBON-\alpha3,0,1,april-2modules-repulsive.fig,-11.2,-11.2,0.0
March 2023,2,fitting_script,1,5,MBON-\alpha3,0,2,april-2modules-repulsive.fig,-11.2,-11.2,0.0
March 2023,2,fitting_script,1,5,MBON-\alpha3,0,3,april-2modules-repulsive.fig,-11.2,-11.2,0.0
March 2023,2,fitting_script,1,5,MBON-\alpha3,0,4,april-2modules-repulsive.fig,-4.41917582247407,-4.41917582247408,-9.769962616701378e-15
March 2023,2,fitting_script,1,5,MBON-\alpha3,0,5,april-2modules-repulsive.fig,-2.0580699902057233,-2.0580699902057287,-5.329070518200751e-15
March 2023,2,fitting_script,1,5,MBON-\alpha3,1,0,april-2modules-repulsive.fig,14.740796773154848,14.740796773154848,0.0
March 2023,2,fitting_script,1,5,MBON-\alpha3,1,1,april-2modules-repulsive.fig,-1.4975417799085733,-1.4975417799085733,0.0
March 2023,2,fitting_script,1,5,MBON-\alpha3,1,2,april-2modules-repulsive.fig,-5.675757207743388,-5.675757207743388,0.0
March 2023,2,fitting_script,1,5,MBON-\alpha3,1,3,april-2modules-repulsive.fig,-1.542169465270863,-1.542169465270863,0.0
March 2023,2,fitting_script,1,5,MBON-\alpha3,1,4,april-2modules-repulsive.fig,7.992749599615625,7.992749599615625,0.0
March 2023,2,fitting_script,1,5,MBON-\alpha3,1,5,april-2modules-repulsive.fig,7.271444700500002,7.271444700500002,0.0
March 2023,2,figure_5c_script,0,0,DAN-\gamma1pedc,0,0,april-2modules-attractive.fig,-2.5439767068497874,-2.5439767068497874,0.0
March 2023,2,figure_5c_script,0,0,DAN-\gamma1pedc,0,1,april-2modules-attractive.fig,-0.6574804263468176,-0.8725607989531305,-0.21508037260631296
March 2023,2,figure_5c_script,0,0,DAN-\gamma1pedc,0,2,april-2modules-attractive.fig,-0.4533955857795998,-0.6469466280918896,-0.1935510423122898
March 2023,2,figure_5c_script,0,0,DAN-\gamma1pedc,0,3,april-2modules-attractive.fig,-2.3456263849871477,-2.2976079040549,0.0480184809322477
March 2023,2,figure_5c_script,0,0,DAN-\gamma1pedc,0,4,april-2modules-attractive.fig,-2.541561177945393,-2.5406153068509116,0.0009458710944811877
March 2023,2,figure_5c_script,0,0,DAN-\gamma1pedc,0,5,april-2modules-attractive.fig,-2.5439767068497874,-2.5439767068497874,0.0
March 2023,2,figure_5c_script,0,0,DAN-\gamma1pedc,1,0,april-2modules-attractive.fig,-2.5439767068497874,-2.5439767068497874,0.0
March 2023,2,figure_5c_script,0,0,DAN-\gamma1pedc,1,1,april-2modules-attractive.fig,-1.1298914244592726,-1.4685176105186026,-0.33862618605933004
March 2023,2,figure_5c_script,0,0,DAN-\gamma1pedc,1,2,april-2modules-attractive.fig,-1.1382259702802997,-1.487235089584231,-0.3490091193039313
March 2023,2,figure_5c_script,0,0,DAN-\gamma1pedc,1,3,april-2modules-attractive.fig,-2.575659766194519,-2.5830668963219416,-0.0074071301274227785
March 2023,2,figure_5c_script,0,0,DAN-\gamma1pedc,1,4,april-2modules-attractive.fig,-2.5466902864538916,-2.546998631334259,-0.0003083448803673505
March 2023,2,figure_5c_script,0,0,DAN-\gamma1pedc,1,5,april-2modules-attractive.fig,-2.5439767068497874,-2.5439767068497874,0.0
March 2023,2,figure_5c_script,0,2,DAN-\alpha3,0,0,april-2modules-attractive.fig,-4.204290686779414,-4.204290686779414,0.0
March 2023,2,figure_5c_script,0,2,DAN-\alpha3,0,1,april-2modules-attractive.fig,2.437716751615849,2.7304198616884863,0.29270311007263716
March 2023,2,figure_5c_script,0,2,DAN-\alpha3,0,2,april-2modules-attractive.fig,4.362452932373708,4.86878770036231,0.5063347679886014
March 2023,2,figure_5c_script,0,2,DAN-\alpha3,0,3,april-2modules-attractive.fig,-2.3764790974549026,-1.971053613013202,0.4054254844417007
March 2023,2,figure_5c_script,0,2,DAN-\alpha3,0,4,april-2modules-attractive.fig,-4.181488472029563,-4.172489988750266,0.008998483279296643
March 2023,2,figure_5c_script,0,2,DAN-\alpha3,0,5,april-2modules-attractive.fig,-4.204290689698767,-4.204290690864514,-1.1657474985327099e-09
March 2023,2,figure_5c_script,0,2,DAN-\alpha3,1,0,april-2modules-attractive.fig,-4.204290686779414,-4.204290686779414,0.0
March 2023,2,figure_5c_script,0,2,DAN-\alpha3,1,1,april-2modules-attractive.fig,-2.709886214072296,-3.4578478225999167,-0.7479616085276208
March 2023,2,figure_5c_script,0,2,DAN-\alpha3,1,2,april-2modules-attractive.fig,-2.8073467951788027,-3.6448209590660645,-0.8374741638872618
March 2023,2,figure_5c_script,0,2,DAN-\alpha3,1,3,april-2modules-attractive.fig,-4.567575874044748,-4.691173517954416,-0.12359764390966799
March 2023,2,figure_5c_script,0,2,DAN-\alpha3,1,4,april-2modules-attractive.fig,-4.230292854475729,-4.233228498036517,-0.00293564356078857
March 2023,2,figure_5c_script,0,2,DAN-\alpha3,1,5,april-2modules-attractive.fig,-4.204290675953047,-4.204290675953047,0.0
March 2023,2,figure_5c_script,0,3,MBON-\gamma1pedc>\alpha/\beta,0,0,april-2modules-attractive.fig,22.107789526857758,22.107789526857758,0.0
March 2023,2,figure_5c_script,0,3,MBON-\gamma1pedc>\alpha/\beta,0,1,april-2modules-attractive.fig,-2.57436975457982,-2.229523044568417,0.344846710011403
March 2023,2,figure_5c_script,0,3,MBON-\gamma1pedc>\alpha/\beta,0,2,april-2modules-attractive.fig,-8.081114138569049,-8.342083174172334,-0.260969035603285
March 2023,2,figure_5c_script,0,3,MBON-\gamma1pedc>\alpha/\beta,0,3,april-2modules-attractive.fig,16.85652833775113,15.672426822660206,-1.1841015150909229
March 2023,2,figure_5c_script,0,3,MBON-\gamma1pedc>\alpha/\beta,0,4,april-2modules-attractive.fig,22.042562292285865,22.01685696828804,-0.025705323997826213
March 2023,2,figure_5c_script,0,3,MBON-\gamma1pedc>\alpha/\beta,0,5,april-2modules-attractive.fig,22.107789526857758,22.107789526857758,0.0
March 2023,2,figure_5c_script,0,3,MBON-\gamma1pedc>\alpha/\beta,1,0,april-2modules-attractive.fig,22.107789526857758,22.107789526857758,0.0
March 2023,2,figure_5c_script,0,3,MBON-\gamma1pedc>\alpha/\beta,1,1,april-2modules-attractive.fig,11.80051159380102,15.186156341056282,3.385644747255263
March 2023,2,figure_5c_script,0,3,MBON-\gamma1pedc>\alpha/\beta,1,2,april-2modules-attractive.fig,12.069745203981817,15.715772223466765,3.646027019484947
March 2023,2,figure_5c_script,0,3,MBON-\gamma1pedc>\alpha/\beta,1,3,april-2modules-attractive.fig,23.114319114071435,23.440563756737333,0.32624464266589825
March 2023,2,figure_5c_script,0,3,MBON-\gamma1pedc>\alpha/\beta,1,4,april-2modules-attractive.fig,22.18197379884623,22.190358717318333,0.008384918472103209
March 2023,2,figure_5c_script,0,3,MBON-\gamma1pedc>\alpha/\beta,1,5,april-2modules-attractive.fig,22.107789526857758,22.107789526857758,0.0
March 2023,2,figure_5c_script,0,5,MBON-\alpha3,0,0,april-2modules-attractive.fig,14.740796773154848,14.740796773154848,0.0
March 2023,2,figure_5c_script,0,5,MBON-\alpha3,0,1,april-2modules-attractive.fig,2.578845977829541,3.304465800643129,0.725619822813588
March 2023,2,figure_5c_script,0,5,MBON-\alpha3,0,2,april-2modules-attractive.fig,-8.49319795336224,-11.2,-2.70680204663776
March 2023,2,figure_5c_script,0,5,MBON-\alpha3,0,3,april-2modules-attractive.fig,-4.829495731825139,-7.832356294918458,-3.0028605630933196
March 2023,2,figure_5c_script,0,5,MBON-\alpha3,0,4,april-2modules-attractive.fig,8.976466286245664,8.106768508934106,-0.8696977773115577
March 2023,2,figure_5c_script,0,5,MBON-\alpha3,0,5,april-2modules-attractive.fig,13.333427724246896,12.771441142527898,-0.5619865817189975
March 2023,2,figure_5c_script,0,5,MBON-\alpha3,1,0,april-2modules-attractive.fig,14.740796773154848,14.740796773154848,0.0
March 2023,2,figure_5c_script,0,5,MBON-\alpha3,1,1,april-2modules-attractive.fig,13.802939146007688,18.087636836216102,4.284697690208414
March 2023,2,figure_5c_script,0,5,MBON-\alpha3,1,2,april-2modules-attractive.fig,17.613634348666054,19.96,2.3463656513339473
March 2023,2,figure_5c_script,0,5,MBON-\alpha3,1,3,april-2modules-attractive.fig,19.96,19.96,0.0
March 2023,2,figure_5c_script,0,5,MBON-\alpha3,1,4,april-2modules-attractive.fig,19.96,19.96,0.0
March 2023,2,figure_5c_script,0,5,MBON-\alpha3,1,5,april-2modules-attractive.fig,19.96,19.96,0.0
March 2023,2,figure_5c_script,1,0,DAN-\gamma1pedc,0,0,april-2modules-repulsive.fig,3.657218037273171,3.657218037273171,0.0
March 2023,2,figure_5c_script,1,0,DAN-\gamma1pedc,0,1,april-2modules-repulsive.fig,2.3126668906426735,2.8748728798102485,0.562205989167575
March 2023,2,figure_5c_script,1,0,DAN-\gamma1pedc,0,2,april-2modules-repulsive.fig,2.5394452720929026,3.14815114400202,0.6087058719091174
March 2023,2,figure_5c_script,1,0,DAN-\gamma1pedc,0,3,april-2modules-repulsive.fig,3.9320608375800172,3.998431899000491,0.06637106142047378
March 2023,2,figure_5c_script,1,0,DAN-\gamma1pedc,0,4,april-2modules-repulsive.fig,3.66621676411304,3.66790990946701,0.001693145353970138
March 2023,2,figure_5c_script,1,0,DAN-\gamma1pedc,0,5,april-2modules-repulsive.fig,3.657218037273171,3.657218037273171,0.0
March 2023,2,figure_5c_script,1,0,DAN-\gamma1pedc,1,0,april-2modules-repulsive.fig,3.657218037273171,3.657218037273171,0.0
March 2023,2,figure_5c_script,1,0,DAN-\gamma1pedc,1,1,april-2modules-repulsive.fig,1.624330634225702,2.1111392564173546,0.48680862219165255
March 2023,2,figure_5c_script,1,0,DAN-\gamma1pedc,1,2,april-2modules-repulsive.fig,1.6363123678740759,2.138047483158105,0.501735115284029
March 2023,2,figure_5c_script,1,0,DAN-\gamma1pedc,1,3,april-2modules-repulsive.fig,3.702765567562878,3.7134140494587617,0.010648481895883855
March 2023,2,figure_5c_script,1,0,DAN-\gamma1pedc,1,4,april-2modules-repulsive.fig,3.6611190762437658,3.6615623524951344,0.00044327625136864057
March 2023,2,figure_5c_script,1,0,DAN-\gamma1pedc,1,5,april-2modules-repulsive.fig,3.657218037273171,3.657218037273171,0.0
March 2023,2,figure_5c_script,1,2,DAN-\alpha3,0,0,april-2modules-repulsive.fig,3.434047927041533,3.434047927041533,0.0
March 2023,2,figure_5c_script,1,2,DAN-\alpha3,0,1,april-2modules-repulsive.fig,8.372852078592224,10.054221846514757,1.6813697679225328
March 2023,2,figure_5c_script,1,2,DAN-\alpha3,0,2,april-2modules-repulsive.fig,10.557603567919799,12.66766531229941,2.110061744379612
March 2023,2,figure_5c_script,1,2,DAN-\alpha3,0,3,april-2modules-repulsive.fig,6.142564051577703,6.85481859042511,0.7122545388474073
March 2023,2,figure_5c_script,1,2,DAN-\alpha3,0,4,april-2modules-repulsive.fig,3.5199575854396086,3.5360707118319965,0.016113126392387933
March 2023,2,figure_5c_script,1,2,DAN-\alpha3,0,5,april-2modules-repulsive.fig,3.4340478921950846,3.4340478898624562,-2.332628312728957e-09
March 2023,2,figure_5c_script,1,2,DAN-\alpha3,1,0,april-2modules-repulsive.fig,3.434047927041533,3.434047927041533,0.0
March 2023,2,figure_5c_script,1,2,DAN-\alpha3,1,1,april-2modules-repulsive.fig,2.8464446312301765,3.598869377056186,0.7524247458260094
March 2023,2,figure_5c_script,1,2,DAN-\alpha3,1,2,april-2modules-repulsive.fig,2.988922996933902,3.868819582482245,0.8798965855483427
March 2023,2,figure_5c_script,1,2,DAN-\alpha3,1,3,april-2modules-repulsive.fig,3.9643724847768764,4.148987526345416,0.1846150415685397
March 2023,2,figure_5c_script,1,2,DAN-\alpha3,1,4,april-2modules-repulsive.fig,3.4714523657828824,3.4756728625588416,0.004220496775959148
March 2023,2,figure_5c_script,1,2,DAN-\alpha3,1,5,april-2modules-repulsive.fig,3.434047911547607,3.434047910793118,-7.544889157884427e-10
March 2023,2,figure_5c_script,1,3,MBON-\gamma1pedc>\alpha/\beta,0,0,april-2modules-repulsive.fig,22.107789526857758,22.107789526857758,0.0
March 2023,2,figure_5c_script,1,3,MBON-\gamma1pedc>\alpha/\beta,0,1,april-2modules-repulsive.fig,-10.044749363694887,-11.114939794413836,-1.0701904307189487
March 2023,2,figure_5c_script,1,3,MBON-\gamma1pedc>\alpha/\beta,0,2,april-2modules-repulsive.fig,-16.312961672800455,-18.593721618624077,-2.280759945823622
March 2023,2,figure_5c_script,1,3,MBON-\gamma1pedc>\alpha/\beta,0,3,april-2modules-repulsive.fig,14.275831275822242,12.159106445481939,-2.116724830340303
March 2023,2,figure_5c_script,1,3,MBON-\gamma1pedc>\alpha/\beta,0,4,april-2modules-repulsive.fig,21.862095058042456,21.816064702234975,-0.04603035580748127
March 2023,2,figure_5c_script,1,3,MBON-\gamma1pedc>\alpha/\beta,0,5,april-2modules-repulsive.fig,22.107789526857758,22.107789526857758,0.0
March 2023,2,figure_5c_script,1,3,MBON-\gamma1pedc>\alpha/\beta,1,0,april-2modules-repulsive.fig,22.107789526857758,22.107789526857758,0.0
March 2023,2,figure_5c_script,1,3,MBON-\gamma1pedc>\alpha/\beta,1,1,april-2modules-repulsive.fig,4.700387827799261,6.499013248249561,1.7986254204502998
March 2023,2,figure_5c_script,1,3,MBON-\gamma1pedc>\alpha/\beta,1,2,april-2modules-repulsive.fig,4.264421754979409,5.713731812306847,1.4493100573274376
March 2023,2,figure_5c_script,1,3,MBON-\gamma1pedc>\alpha/\beta,1,3,april-2modules-repulsive.fig,20.49425927334056,19.882140165311526,-0.6121191080290345
March 2023,2,figure_5c_script,1,3,MBON-\gamma1pedc>\alpha/\beta,1,4,april-2modules-repulsive.fig,22.00065192427727,21.988593221657922,-0.012058702619349049
March 2023,2,figure_5c_script,1,3,MBON-\gamma1pedc>\alpha/\beta,1,5,april-2modules-repulsive.fig,22.107789526857758,22.107789526857758,0.0
March 2023,2,figure_5c_script,1,5,MBON-\alpha3,0,0,april-2modules-repulsive.fig,14.740796773154848,14.740796773154848,0.0
March 2023,2,figure_5c_script,1,5,MBON-\alpha3,0,1,april-2modules-repulsive.fig,-11.2,-11.2,0.0
March 2023,2,figure_5c_script,1,5,MBON-\alpha3,0,2,april-2modules-repulsive.fig,-11.2,-11.2,0.0
March 2023,2,figure_5c_script,1,5,MBON-\alpha3,0,3,april-2modules-repulsive.fig,-11.2,-11.2,0.0
March 2023,2,figure_5c_script,1,5,MBON-\alpha3,0,4,april-2modules-repulsive.fig,-4.41917582247407,-7.0677235955125175,-2.6485477730384472
March 2023,2,figure_5c_script,1,5,MBON-\alpha3,0,5,april-2modules-repulsive.fig,-2.0580699902057233,-3.1825891945261624,-1.124519204320439
March 2023,2,figure_5c_script,1,5,MBON-\alpha3,1,0,april-2modules-repulsive.fig,14.740796773154848,14.740796773154848,0.0
March 2023,2,figure_5c_script,1,5,MBON-\alpha3,1,1,april-2modules-repulsive.fig,-1.4975417799085733,-1.9789781464346028,-0.4814363665260295
March 2023,2,figure_5c_script,1,5,MBON-\alpha3,1,2,april-2modules-repulsive.fig,-5.675757207743388,-8.790766369215039,-3.115009161471651
March 2023,2,figure_5c_script,1,5,MBON-\alpha3,1,3,april-2modules-repulsive.fig,-1.542169465270863,-4.993740352956957,-3.4515708876860938
March 2023,2,figure_5c_script,1,5,MBON-\alpha3,1,4,april-2modules-repulsive.fig,7.992749599615625,7.213403038408085,-0.7793465612075394
March 2023,2,figure_5c_script,1,5,MBON-\alpha3,1,5,april-2modules-repulsive.fig,7.271444700500002,6.9077186134212525,-0.3637260870787493
March 2023,3,fitting_script,0,0,DAN-\gamma1pedc,0,0,april-3modules-attractive.fig,-2.748877275921507,-2.748877275921507,0.0
March 2023,3,fitting_script,0,0,DAN-\gamma1pedc,0,1,april-3modules-attractive.fig,-0.6624070579845333,-0.6624070579845333,0.0
March 2023,3,fitting_script,0,0,DAN-\gamma1pedc,0,2,april-3modules-attractive.fig,-0.45697702685541647,-0.45697702685541647,0.0
March 2023,3,fitting_script,0,0,DAN-\gamma1pedc,0,3,april-3modules-attractive.fig,-2.4962385543591097,-2.4962385543591097,0.0
March 2023,3,fitting_script,0,0,DAN-\gamma1pedc,0,4,april-3modules-attractive.fig,-2.7445431246299177,-2.7445431246299177,0.0
March 2023,3,fitting_script,0,0,DAN-\gamma1pedc,0,5,april-3modules-attractive.fig,-2.748877275921507,-2.748877275921507,0.0
March 2023,3,fitting_script,0,0,DAN-\gamma1pedc,1,0,april-3modules-attractive.fig,-2.748877275921507,-2.748877275921507,0.0
March 2023,3,fitting_script,0,0,DAN-\gamma1pedc,1,1,april-3modules-attractive.fig,-1.1334391465749625,-1.1334391465749625,0.0
March 2023,3,fitting_script,0,0,DAN-\gamma1pedc,1,2,april-3modules-attractive.fig,-1.1380703890841386,-1.1380703890841386,0.0
March 2023,3,fitting_script,0,0,DAN-\gamma1pedc,1,3,april-3modules-attractive.fig,-2.7832404575096596,-2.7832404575096596,0.0
March 2023,3,fitting_script,0,0,DAN-\gamma1pedc,1,4,april-3modules-attractive.fig,-2.7530587586204907,-2.7530587586204907,0.0
March 2023,3,fitting_script,0,0,DAN-\gamma1pedc,1,5,april-3modules-attractive.fig,-2.748877275921507,-2.748877275921507,0.0
March 2023,3,fitting_script,0,1,DAN-\alpha'2\alpha2,0,0,april-3modules-attractive.fig,-3.7251921929958547,-3.7251921929958547,0.0
March 2023,3,fitting_script,0,1,DAN-\alpha'2\alpha2,0,1,april-3modules-attractive.fig,0.2184401649205563,0.2184401649205563,0.0
March 2023,3,fitting_script,0,1,DAN-\alpha'2\alpha2,0,2,april-3modules-attractive.fig,0.6191468045715351,0.6191468045715351,0.0
March 2023,3,fitting_script,0,1,DAN-\alpha'2\alpha2,0,3,april-3modules-attractive.fig,-3.16441143006076,-3.16441143006076,0.0
March 2023,3,fitting_script,0,1,DAN-\alpha'2\alpha2,0,4,april-3modules-attractive.fig,-3.647419542566643,-3.647419542566643,0.0
March 2023,3,fitting_script,0,1,DAN-\alpha'2\alpha2,0,5,april-3modules-attractive.fig,-3.655872783995815,-3.655872783995815,0.0
March 2023,3,fitting_script,0,1,DAN-\alpha'2\alpha2,1,0,april-3modules-attractive.fig,-3.7251921929958547,-3.7251921929958547,0.0
March 2023,3,fitting_script,0,1,DAN-\alpha'2\alpha2,1,1,april-3modules-attractive.fig,-1.043630755120888,-1.043630755120888,0.0
March 2023,3,fitting_script,0,1,DAN-\alpha'2\alpha2,1,2,april-3modules-attractive.fig,-0.9309317630042055,-0.9309317630042055,0.0
March 2023,3,fitting_script,0,1,DAN-\alpha'2\alpha2,1,3,april-3modules-attractive.fig,-3.724795349844052,-3.724795349844052,0.0
March 2023,3,fitting_script,0,1,DAN-\alpha'2\alpha2,1,4,april-3modules-attractive.fig,-3.664044853049942,-3.664044853049942,0.0
March 2023,3,fitting_script,0,1,DAN-\alpha'2\alpha2,1,5,april-3modules-attractive.fig,-3.655872783995815,-3.655872783995815,0.0
March 2023,3,fitting_script,0,2,DAN-\alpha3,0,0,april-3modules-attractive.fig,-4.4661441106812845,-4.4661441106812845,0.0
March 2023,3,fitting_script,0,2,DAN-\alpha3,0,1,april-3modules-attractive.fig,2.6373742718560296,2.6373742718560296,0.0
March 2023,3,fitting_script,0,2,DAN-\alpha3,0,2,april-3modules-attractive.fig,4.658729988282321,4.658729988282321,0.0
March 2023,3,fitting_script,0,2,DAN-\alpha3,0,3,april-3modules-attractive.fig,-2.0715692671517933,-2.0715692671517933,0.0
March 2023,3,fitting_script,0,2,DAN-\alpha3,0,4,april-3modules-attractive.fig,-4.423555690603486,-4.423555690603486,0.0
March 2023,3,fitting_script,0,2,DAN-\alpha3,0,5,april-3modules-attractive.fig,-4.466144112037361,-4.466144112037361,0.0
March 2023,3,fitting_script,0,2,DAN-\alpha3,1,0,april-3modules-attractive.fig,-4.4661441106812845,-4.4661441106812845,0.0
March 2023,3,fitting_script,0,2,DAN-\alpha3,1,1,april-3modules-attractive.fig,-2.762043162796476,-2.762043162796476,0.0
March 2023,3,fitting_script,0,2,DAN-\alpha3,1,2,april-3modules-attractive.fig,-2.8341755377227456,-2.8341755377227456,0.0
March 2023,3,fitting_script,0,2,DAN-\alpha3,1,3,april-3modules-attractive.fig,-4.934381291483456,-4.934381291483456,0.0
March 2023,3,fitting_script,0,2,DAN-\alpha3,1,4,april-3modules-attractive.fig,-4.508371679052962,-4.508371679052962,0.0
March 2023,3,fitting_script,0,2,DAN-\alpha3,1,5,april-3modules-attractive.fig,-4.466144098401138,-4.466144098401138,0.0
March 2023,3,fitting_script,0,3,MBON-\gamma1pedc>\alpha/\beta,0,0,april-3modules-attractive.fig,22.616771718430968,22.616771718430968,0.0
March 2023,3,fitting_script,0,3,MBON-\gamma1pedc>\alpha/\beta,0,1,april-3modules-attractive.fig,-2.511474081579827,-2.511474081579827,0.0
March 2023,3,fitting_script,0,3,MBON-\gamma1pedc>\alpha/\beta,0,2,april-3modules-attractive.fig,-7.8196756271528365,-7.8196756271528365,0.0
March 2023,3,fitting_script,0,3,MBON-\gamma1pedc>\alpha/\beta,0,3,april-3modules-attractive.fig,16.28445304664917,16.28445304664917,0.0
March 2023,3,fitting_script,0,3,MBON-\gamma1pedc>\alpha/\beta,0,4,april-3modules-attractive.fig,22.504903965911538,22.504903965911538,0.0
March 2023,3,fitting_script,0,3,MBON-\gamma1pedc>\alpha/\beta,0,5,april-3modules-attractive.fig,22.616771718430968,22.616771718430968,0.0
March 2023,3,fitting_script,0,3,MBON-\gamma1pedc>\alpha/\beta,1,0,april-3modules-attractive.fig,22.616771718430968,22.616771718430968,0.0
March 2023,3,fitting_script,0,3,MBON-\gamma1pedc>\alpha/\beta,1,1,april-3modules-attractive.fig,11.299031189413235,11.299031189413235,0.0
March 2023,3,fitting_script,0,3,MBON-\gamma1pedc>\alpha/\beta,1,2,april-3modules-attractive.fig,11.475647268440824,11.475647268440824,0.0
March 2023,3,fitting_script,0,3,MBON-\gamma1pedc>\alpha/\beta,1,3,april-3modules-attractive.fig,23.783651758485476,23.783651758485476,0.0
March 2023,3,fitting_script,0,3,MBON-\gamma1pedc>\alpha/\beta,1,4,april-3modules-attractive.fig,22.72714152318902,22.72714152318902,0.0
March 2023,3,fitting_script,0,3,MBON-\gamma1pedc>\alpha/\beta,1,5,april-3modules-attractive.fig,22.616771718430968,22.616771718430968,0.0
March 2023,3,fitting_script,0,4,MBON-\alpha2sc,0,0,april-3modules-attractive.fig,8.452033193768223,8.452033193768223,0.0
March 2023,3,fitting_script,0,4,MBON-\alpha2sc,0,1,april-3modules-attractive.fig,8.899999999999999,8.899999999999999,0.0
March 2023,3,fitting_script,0,4,MBON-\alpha2sc,0,2,april-3modules-attractive.fig,8.899999999999999,8.899999999999999,0.0
March 2023,3,fitting_script,0,4,MBON-\alpha2sc,0,3,april-3modules-attractive.fig,8.899999999999999,8.899999999999999,0.0
March 2023,3,fitting_script,0,4,MBON-\alpha2sc,0,4,april-3modules-attractive.fig,8.899999999999999,8.899999999999999,0.0
March 2023,3,fitting_script,0,4,MBON-\alpha2sc,0,5,april-3modules-attractive.fig,8.899999999999999,8.899999999999999,0.0
March 2023,3,fitting_script,0,4,MBON-\alpha2sc,1,0,april-3modules-attractive.fig,8.452033193768223,8.452033193768223,0.0
March 2023,3,fitting_script,0,4,MBON-\alpha2sc,1,1,april-3modules-attractive.fig,6.753503299955831,6.753503299955831,0.0
March 2023,3,fitting_script,0,4,MBON-\alpha2sc,1,2,april-3modules-attractive.fig,7.542682227356668,7.542682227356668,0.0
March 2023,3,fitting_script,0,4,MBON-\alpha2sc,1,3,april-3modules-attractive.fig,8.899999999999999,8.899999999999999,0.0
March 2023,3,fitting_script,0,4,MBON-\alpha2sc,1,4,april-3modules-attractive.fig,8.899999999999999,8.899999999999999,0.0
March 2023,3,fitting_script,0,4,MBON-\alpha2sc,1,5,april-3modules-attractive.fig,8.899999999999999,8.899999999999999,0.0
March 2023,3,fitting_script,0,5,MBON-\alpha3,0,0,april-3modules-attractive.fig,14.531713112850106,14.531713112850106,0.0
March 2023,3,fitting_script,0,5,MBON-\alpha3,0,1,april-3modules-attractive.fig,2.444303694075959,2.444303694075959,0.0
March 2023,3,fitting_script,0,5,MBON-\alpha3,0,2,april-3modules-attractive.fig,-7.809575504729207,-7.809575504729207,0.0
March 2023,3,fitting_script,0,5,MBON-\alpha3,0,3,april-3modules-attractive.fig,-4.6780162586415495,-4.6780162586415495,0.0
March 2023,3,fitting_script,0,5,MBON-\alpha3,0,4,april-3modules-attractive.fig,8.878504830954409,8.878504830954409,0.0
March 2023,3,fitting_script,0,5,MBON-\alpha3,0,5,april-3modules-attractive.fig,13.434840334028223,13.434840334028223,0.0
March 2023,3,fitting_script,0,5,MBON-\alpha3,1,0,april-3modules-attractive.fig,14.531713112850106,14.531713112850106,0.0
March 2023,3,fitting_script,0,5,MBON-\alpha3,1,1,april-3modules-attractive.fig,12.970037304420622,12.970037304420622,0.0
March 2023,3,fitting_script,0,5,MBON-\alpha3,1,2,april-3modules-attractive.fig,16.214690997945176,16.214690997945176,0.0
March 2023,3,fitting_script,0,5,MBON-\alpha3,1,3,april-3modules-attractive.fig,19.96,19.96,0.0
March 2023,3,fitting_script,0,5,MBON-\alpha3,1,4,april-3modules-attractive.fig,19.96,19.96,0.0
March 2023,3,fitting_script,0,5,MBON-\alpha3,1,5,april-3modules-attractive.fig,19.96,19.96,0.0
March 2023,3,fitting_script,1,0,DAN-\gamma1pedc,0,0,april-3modules-repulsive.fig,3.712322602999974,3.712322602999974,0.0
March 2023,3,fitting_script,1,0,DAN-\gamma1pedc,0,1,april-3modules-repulsive.fig,2.2158437585224466,2.2158437585224466,0.0
March 2023,3,fitting_script,1,0,DAN-\gamma1pedc,0,2,april-3modules-repulsive.fig,2.434182789996066,2.434182789996066,0.0
March 2023,3,fitting_script,1,0,DAN-\gamma1pedc,0,3,april-3modules-repulsive.fig,4.045271413065434,4.045271413065434,0.0
March 2023,3,fitting_script,1,0,DAN-\gamma1pedc,0,4,april-3modules-repulsive.fig,3.726437891466734,3.726437891466734,0.0
March 2023,3,fitting_script,1,0,DAN-\gamma1pedc,0,5,april-3modules-repulsive.fig,3.712322602999974,3.712322602999974,0.0
March 2023,3,fitting_script,1,0,DAN-\gamma1pedc,1,0,april-3modules-repulsive.fig,3.712322602999974,3.712322602999974,0.0
March 2023,3,fitting_script,1,0,DAN-\gamma1pedc,1,1,april-3modules-repulsive.fig,1.530694658438212,1.530694658438212,0.0
March 2023,3,fitting_script,1,0,DAN-\gamma1pedc,1,2,april-3modules-repulsive.fig,1.5369490905285006,1.5369490905285006,0.0
March 2023,3,fitting_script,1,0,DAN-\gamma1pedc,1,3,april-3modules-repulsive.fig,3.7587296277289797,3.7587296277289797,0.0
March 2023,3,fitting_script,1,0,DAN-\gamma1pedc,1,4,april-3modules-repulsive.fig,3.7179696403826403,3.7179696403826403,0.0
March 2023,3,fitting_script,1,0,DAN-\gamma1pedc,1,5,april-3modules-repulsive.fig,3.712322602999974,3.712322602999974,0.0
March 2023,3,fitting_script,1,1,DAN-\alpha'2\alpha2,0,0,april-3modules-repulsive.fig,2.233236853685896,2.233236853685896,0.0
March 2023,3,fitting_script,1,1,DAN-\alpha'2\alpha2,0,1,april-3modules-repulsive.fig,2.5025591556346374,2.5025591556346374,0.0
March 2023,3,fitting_script,1,1,DAN-\alpha'2\alpha2,0,2,april-3modules-repulsive.fig,2.703680405528713,2.703680405528713,0.0
March 2023,3,fitting_script,1,1,DAN-\alpha'2\alpha2,0,3,april-3modules-repulsive.fig,1.6560455160046117,1.6560455160046117,0.0
March 2023,3,fitting_script,1,1,DAN-\alpha'2\alpha2,0,4,april-3modules-repulsive.fig,1.6439665488216804,1.6439665488216804,0.0
March 2023,3,fitting_script,1,1,DAN-\alpha'2\alpha2,0,5,april-3modules-repulsive.fig,1.5926164691346538,1.5926164691346538,0.0
March 2023,3,fitting_script,1,1,DAN-\alpha'2\alpha2,1,0,april-3modules-repulsive.fig,2.233236853685896,2.233236853685896,0.0
March 2023,3,fitting_script,1,1,DAN-\alpha'2\alpha2,1,1,april-3modules-repulsive.fig,0.8355824076508855,0.8355824076508855,0.0
March 2023,3,fitting_script,1,1,DAN-\alpha'2\alpha2,1,2,april-3modules-repulsive.fig,0.7465915694833354,0.7465915694833354,0.0
March 2023,3,fitting_script,1,1,DAN-\alpha'2\alpha2,1,3,april-3modules-repulsive.fig,1.5577797650797467,1.5577797650797467,0.0
March 2023,3,fitting_script,1,1,DAN-\alpha'2\alpha2,1,4,april-3modules-repulsive.fig,1.88261519470832,1.88261519470832,0.0
March 2023,3,fitting_script,1,1,DAN-\alpha'2\alpha2,1,5,april-3modules-repulsive.fig,1.7620145721147968,1.7620145721147968,0.0
March 2023,3,fitting_script,1,2,DAN-\alpha3,0,0,april-3modules-repulsive.fig,3.5804984307050383,3.5804984307050383,0.0
March 2023,3,fitting_script,1,2,DAN-\alpha3,0,1,april-3modules-repulsive.fig,8.610251528136853,8.610251528136853,0.0
March 2023,3,fitting_script,1,2,DAN-\alpha3,0,2,april-3modules-repulsive.fig,10.82094261233711,10.82094261233711,0.0
March 2023,3,fitting_script,1,2,DAN-\alpha3,0,3,april-3modules-repulsive.fig,7.0740444867151115,7.0740444867151115,0.0
March 2023,3,fitting_script,1,2,DAN-\alpha3,0,4,april-3modules-repulsive.fig,3.7219313798175033,3.7219313798175033,0.0
March 2023,3,fitting_script,1,2,DAN-\alpha3,0,5,april-3modules-repulsive.fig,3.580498387874366,3.580498387874366,0.0
March 2023,3,fitting_script,1,2,DAN-\alpha3,1,0,april-3modules-repulsive.fig,3.5804984307050383,3.5804984307050383,0.0
March 2023,3,fitting_script,1,2,DAN-\alpha3,1,1,april-3modules-repulsive.fig,2.817968092853534,2.817968092853534,0.0
March 2023,3,fitting_script,1,2,DAN-\alpha3,1,2,april-3modules-repulsive.fig,2.9181637058639485,2.9181637058639485,0.0
March 2023,3,fitting_script,1,2,DAN-\alpha3,1,3,april-3modules-repulsive.fig,4.226322686566892,4.226322686566892,0.0
March 2023,3,fitting_script,1,2,DAN-\alpha3,1,4,april-3modules-repulsive.fig,3.6375882525867755,3.6375882525867755,0.0
March 2023,3,fitting_script,1,2,DAN-\alpha3,1,5,april-3modules-repulsive.fig,3.5804984090916054,3.5804984090916054,0.0
March 2023,3,fitting_script,1,3,MBON-\gamma1pedc>\alpha/\beta,0,0,april-3modules-repulsive.fig,22.616771718430968,22.616771718430968,0.0
March 2023,3,fitting_script,1,3,MBON-\gamma1pedc>\alpha/\beta,0,1,april-3modules-repulsive.fig,-9.663867648278423,-9.663867648278423,0.0
March 2023,3,fitting_script,1,3,MBON-\gamma1pedc>\alpha/\beta,0,2,april-3modules-repulsive.fig,-15.49092422156896,-15.49092422156896,0.0
March 2023,3,fitting_script,1,3,MBON-\gamma1pedc>\alpha/\beta,0,3,april-3modules-repulsive.fig,13.292900307986237,13.292900307986237,0.0
March 2023,3,fitting_script,1,3,MBON-\gamma1pedc>\alpha/\beta,0,4,april-3modules-repulsive.fig,22.24537473091931,22.24537473091931,0.0
March 2023,3,fitting_script,1,3,MBON-\gamma1pedc>\alpha/\beta,0,5,april-3modules-repulsive.fig,22.616771718430968,22.616771718430968,0.0
March 2023,3,fitting_script,1,3,MBON-\gamma1pedc>\alpha/\beta,1,0,april-3modules-repulsive.fig,22.616771718430968,22.616771718430968,0.0
March 2023,3,fitting_script,1,3,MBON-\gamma1pedc>\alpha/\beta,1,1,april-3modules-repulsive.fig,4.524594070607634,4.524594070607634,0.0
March 2023,3,fitting_script,1,3,MBON-\gamma1pedc>\alpha/\beta,1,2,april-3modules-repulsive.fig,4.225740701866826,4.225740701866826,0.0
March 2023,3,fitting_script,1,3,MBON-\gamma1pedc>\alpha/\beta,1,3,april-3modules-repulsive.fig,20.748624526805088,20.748624526805088,0.0
March 2023,3,fitting_script,1,3,MBON-\gamma1pedc>\alpha/\beta,1,4,april-3modules-repulsive.fig,22.46637295183114,22.46637295183114,0.0
March 2023,3,fitting_script,1,3,MBON-\gamma1pedc>\alpha/\beta,1,5,april-3modules-repulsive.fig,22.616771718430968,22.616771718430968,0.0
March 2023,3,fitting_script,1,4,MBON-\alpha2sc,0,0,april-3modules-repulsive.fig,8.452033193768223,8.452033193768223,0.0
March 2023,3,fitting_script,1,4,MBON-\alpha2sc,0,1,april-3modules-repulsive.fig,4.683382783548268,4.683382783548266,-1.7763568394002505e-15
March 2023,3,fitting_script,1,4,MBON-\alpha2sc,0,2,april-3modules-repulsive.fig,3.1843061604744207,3.1843061604744207,0.0
March 2023,3,fitting_script,1,4,MBON-\alpha2sc,0,3,april-3modules-repulsive.fig,0.3043025880200467,0.3043025880200467,0.0
March 2023,3,fitting_script,1,4,MBON-\alpha2sc,0,4,april-3modules-repulsive.fig,4.464836654559431,4.464836654559431,0.0
March 2023,3,fitting_script,1,4,MBON-\alpha2sc,0,5,april-3modules-repulsive.fig,4.31211521388143,4.31211521388143,0.0
March 2023,3,fitting_script,1,4,MBON-\alpha2sc,1,0,april-3modules-repulsive.fig,8.452033193768223,8.452033193768223,0.0
March 2023,3,fitting_script,1,4,MBON-\alpha2sc,1,1,april-3modules-repulsive.fig,1.292681348281219,1.292681348281219,0.0
March 2023,3,fitting_script,1,4,MBON-\alpha2sc,1,2,april-3modules-repulsive.fig,0.5923091189046552,0.5923091189046552,0.0
March 2023,3,fitting_script,1,4,MBON-\alpha2sc,1,3,april-3modules-repulsive.fig,3.276843564708324,3.276843564708324,0.0
March 2023,3,fitting_script,1,4,MBON-\alpha2sc,1,4,april-3modules-repulsive.fig,6.113909717023288,6.113909717023288,0.0
March 2023,3,fitting_script,1,4,MBON-\alpha2sc,1,5,april-3modules-repulsive.fig,5.406826323921223,5.406826323921223,0.0
March 2023,3,fitting_script,1,5,MBON-\alpha3,0,0,april-3modules-repulsive.fig,14.531713112850106,14.531713112850106,0.0
March 2023,3,fitting_script,1,5,MBON-\alpha3,0,1,april-3modules-repulsive.fig,-11.2,-11.2,0.0
March 2023,3,fitting_script,1,5,MBON-\alpha3,0,2,april-3modules-repulsive.fig,-11.2,-11.2,0.0
March 2023,3,fitting_script,1,5,MBON-\alpha3,0,3,april-3modules-repulsive.fig,-11.2,-11.2,0.0
March 2023,3,fitting_script,1,5,MBON-\alpha3,0,4,april-3modules-repulsive.fig,-4.277625711066305,-4.277625711066305,0.0
March 2023,3,fitting_script,1,5,MBON-\alpha3,0,5,april-3modules-repulsive.fig,-1.8235481175721695,-1.8235481175721695,0.0
March 2023,3,fitting_script,1,5,MBON-\alpha3,1,0,april-3modules-repulsive.fig,14.531713112850106,14.531713112850106,0.0
March 2023,3,fitting_script,1,5,MBON-\alpha3,1,1,april-3modules-repulsive.fig,-1.5448412808169714,-1.5448412808169714,0.0
March 2023,3,fitting_script,1,5,MBON-\alpha3,1,2,april-3modules-repulsive.fig,-5.019009670364469,-5.019009670364469,0.0
March 2023,3,fitting_script,1,5,MBON-\alpha3,1,3,april-3modules-repulsive.fig,-1.1196690463373926,-1.1196690463373926,0.0
March 2023,3,fitting_script,1,5,MBON-\alpha3,1,4,april-3modules-repulsive.fig,7.997196265791043,7.997196265791043,0.0
March 2023,3,fitting_script,1,5,MBON-\alpha3,1,5,april-3modules-repulsive.fig,7.234540077752946,7.234540077752946,0.0
March 2023,3,figure_5c_script,0,0,DAN-\gamma1pedc,0,0,april-3modules-attractive.fig,-2.748877275921507,-2.748877275921507,0.0
March 2023,3,figure_5c_script,0,0,DAN-\gamma1pedc,0,1,april-3modules-attractive.fig,-0.6624070579845333,-0.8818143161428568,-0.21940725815832351
March 2023,3,figure_5c_script,0,0,DAN-\gamma1pedc,0,2,april-3modules-attractive.fig,-0.45697702685541647,-0.6468852782338834,-0.18990825137846695
March 2023,3,figure_5c_script,0,0,DAN-\gamma1pedc,0,3,april-3modules-attractive.fig,-2.4962385543591097,-2.4364433227513573,0.05979523160775235
March 2023,3,figure_5c_script,0,0,DAN-\gamma1pedc,0,4,april-3modules-attractive.fig,-2.7445431246299177,-2.7430398387854478,0.0015032858444699038
March 2023,3,figure_5c_script,0,0,DAN-\gamma1pedc,0,5,april-3modules-attractive.fig,-2.748877275921507,-2.748877275921507,0.0
March 2023,3,figure_5c_script,0,0,DAN-\gamma1pedc,1,0,april-3modules-attractive.fig,-2.748877275921507,-2.748877275921507,0.0
March 2023,3,figure_5c_script,0,0,DAN-\gamma1pedc,1,1,april-3modules-attractive.fig,-1.1334391465749625,-1.4848125933241891,-0.35137344674922666
March 2023,3,figure_5c_script,0,0,DAN-\gamma1pedc,1,2,april-3modules-attractive.fig,-1.1380703890841386,-1.5003472003235894,-0.36227681123945077
March 2023,3,figure_5c_script,0,0,DAN-\gamma1pedc,1,3,april-3modules-attractive.fig,-2.7832404575096596,-2.7886765862764156,-0.005436128766755921
March 2023,3,figure_5c_script,0,0,DAN-\gamma1pedc,1,4,april-3modules-attractive.fig,-2.7530587586204907,-2.7535357720468037,-0.000477013426313011
March 2023,3,figure_5c_script,0,0,DAN-\gamma1pedc,1,5,april-3modules-attractive.fig,-2.748877275921507,-2.748877275921507,0.0
March 2023,3,figure_5c_script,0,1,DAN-\alpha'2\alpha2,0,0,april-3modules-attractive.fig,-3.7251921929958547,-3.7251921929958547,0.0
March 2023,3,figure_5c_script,0,1,DAN-\alpha'2\alpha2,0,1,april-3modules-attractive.fig,0.2184401649205563,-0.17243103670879423,-0.3908712016293505
March 2023,3,figure_5c_script,0,1,DAN-\alpha'2\alpha2,0,2,april-3modules-attractive.fig,0.6191468045715351,0.286038288886719,-0.33310851568481614
March 2023,3,figure_5c_script,0,1,DAN-\alpha'2\alpha2,0,3,april-3modules-attractive.fig,-3.16441143006076,-3.0489937243696126,0.11541770569114762
March 2023,3,figure_5c_script,0,1,DAN-\alpha'2\alpha2,0,4,april-3modules-attractive.fig,-3.647419542566643,-3.644484752530267,0.0029347900363760893
March 2023,3,figure_5c_script,0,1,DAN-\alpha'2\alpha2,0,5,april-3modules-attractive.fig,-3.655872783995815,-3.655872783995815,0.0
March 2023,3,figure_5c_script,0,1,DAN-\alpha'2\alpha2,1,0,april-3modules-attractive.fig,-3.7251921929958547,-3.7251921929958547,0.0
March 2023,3,figure_5c_script,0,1,DAN-\alpha'2\alpha2,1,1,april-3modules-attractive.fig,-1.043630755120888,-1.358050692834062,-0.314419937713174
March 2023,3,figure_5c_script,0,1,DAN-\alpha'2\alpha2,1,2,april-3modules-attractive.fig,-0.9309317630042055,-1.3885781748674677,-0.45764641186326216
March 2023,3,figure_5c_script,0,1,DAN-\alpha'2\alpha2,1,3,april-3modules-attractive.fig,-3.724795349844052,-3.736769521480085,-0.011974171636033315
March 2023,3,figure_5c_script,0,1,DAN-\alpha'2\alpha2,1,4,april-3modules-attractive.fig,-3.664044853049942,-3.6649762588267976,-0.0009314057768556872
March 2023,3,figure_5c_script,0,1,DAN-\alpha'2\alpha2,1,5,april-3modules-attractive.fig,-3.655872783995815,-3.655872783995815,0.0
March 2023,3,figure_5c_script,0,2,DAN-\alpha3,0,0,april-3modules-attractive.fig,-4.4661441106812845,-4.4661441106812845,0.0
March 2023,3,figure_5c_script,0,2,DAN-\alpha3,0,1,april-3modules-attractive.fig,2.6373742718560296,3.026340592049893,0.38896632019386335
March 2023,3,figure_5c_script,0,2,DAN-\alpha3,0,2,april-3modules-attractive.fig,4.658729988282321,5.353247751617744,0.6945177633354227
March 2023,3,figure_5c_script,0,2,DAN-\alpha3,0,3,april-3modules-attractive.fig,-2.0715692671517933,-1.5668112777351926,0.5047579894166008
March 2023,3,figure_5c_script,0,2,DAN-\alpha3,0,4,april-3modules-attractive.fig,-4.423555690603486,-4.408590946800193,0.014964743803292713
March 2023,3,figure_5c_script,0,2,DAN-\alpha3,0,5,april-3modules-attractive.fig,-4.466144112037361,-4.4661441134329,-1.3955396838127854e-09
March 2023,3,figure_5c_script,0,2,DAN-\alpha3,1,0,april-3modules-attractive.fig,-4.4661441106812845,-4.4661441106812845,0.0
March 2023,3,figure_5c_script,0,2,DAN-\alpha3,1,1,april-3modules-attractive.fig,-2.762043162796476,-3.554318273723926,-0.79227511092745
March 2023,3,figure_5c_script,0,2,DAN-\alpha3,1,2,april-3modules-attractive.fig,-2.8341755377227456,-3.72269883183073,-0.8885232941079844
March 2023,3,figure_5c_script,0,2,DAN-\alpha3,1,3,april-3modules-attractive.fig,-4.934381291483456,-5.081999221999645,-0.14761793051618888
March 2023,3,figure_5c_script,0,2,DAN-\alpha3,1,4,april-3modules-attractive.fig,-4.508371679052962,-4.5131309301676845,-0.004759251114722751
March 2023,3,figure_5c_script,0,2,DAN-\alpha3,1,5,april-3modules-attractive.fig,-4.466144098401138,-4.466144098401138,0.0
March 2023,3,figure_5c_script,0,3,MBON-\gamma1pedc>\alpha/\beta,0,0,april-3modules-attractive.fig,22.616771718430968,22.616771718430968,0.0
March 2023,3,figure_5c_script,0,3,MBON-\gamma1pedc>\alpha/\beta,0,1,april-3modules-attractive.fig,-2.511474081579827,-2.304408418449519,0.20706566313030805
March 2023,3,figure_5c_script,0,3,MBON-\gamma1pedc>\alpha/\beta,0,2,april-3modules-attractive.fig,-7.8196756271528365,-8.40763293051484,-0.5879573033620034
March 2023,3,figure_5c_script,0,3,MBON-\gamma1pedc>\alpha/\beta,0,3,april-3modules-attractive.fig,16.28445304664917,14.918615864190492,-1.3658371824586766
March 2023,3,figure_5c_script,0,3,MBON-\gamma1pedc>\alpha/\beta,0,4,april-3modules-attractive.fig,22.504903965911538,22.465689045446602,-0.03921492046493569
March 2023,3,figure_5c_script,0,3,MBON-\gamma1pedc>\alpha/\beta,0,5,april-3modules-attractive.fig,22.616771718430968,22.616771718430968,0.0
March 2023,3,figure_5c_script,0,3,MBON-\gamma1pedc>\alpha/\beta,1,0,april-3modules-attractive.fig,22.616771718430968,22.616771718430968,0.0
March 2023,3,figure_5c_script,0,3,MBON-\gamma1pedc>\alpha/\beta,1,1,april-3modules-attractive.fig,11.299031189413235,14.6646464606359,3.3656152712226657
March 2023,3,figure_5c_script,0,3,MBON-\gamma1pedc>\alpha/\beta,1,2,april-3modules-attractive.fig,11.475647268440824,15.099337776837494,3.6236905083966704
March 2023,3,figure_5c_script,0,3,MBON-\gamma1pedc>\alpha/\beta,1,3,april-3modules-attractive.fig,23.783651758485476,24.125918798635254,0.34226704014977827
March 2023,3,figure_5c_script,0,3,MBON-\gamma1pedc>\alpha/\beta,1,4,april-3modules-attractive.fig,22.72714152318902,22.739607964423314,0.01246644123429519
March 2023,3,figure_5c_script,0,3,MBON-\gamma1pedc>\alpha/\beta,1,5,april-3modules-attractive.fig,22.616771718430968,22.616771718430968,0.0
March 2023,3,figure_5c_script,0,4,MBON-\alpha2sc,0,0,april-3modules-attractive.fig,8.452033193768223,8.452033193768223,0.0
March 2023,3,figure_5c_script,0,4,MBON-\alpha2sc,0,1,april-3modules-attractive.fig,8.899999999999999,8.899999999999999,0.0
March 2023,3,figure_5c_script,0,4,MBON-\alpha2sc,0,2,april-3modules-attractive.fig,8.899999999999999,8.899999999999999,0.0
March 2023,3,figure_5c_script,0,4,MBON-\alpha2sc,0,3,april-3modules-attractive.fig,8.899999999999999,8.899999999999999,0.0
March 2023,3,figure_5c_script,0,4,MBON-\alpha2sc,0,4,april-3modules-attractive.fig,8.899999999999999,8.899999999999999,0.0
March 2023,3,figure_5c_script,0,4,MBON-\alpha2sc,0,5,april-3modules-attractive.fig,8.899999999999999,8.899999999999999,0.0
March 2023,3,figure_5c_script,0,4,MBON-\alpha2sc,1,0,april-3modules-attractive.fig,8.452033193768223,8.452033193768223,0.0
March 2023,3,figure_5c_script,0,4,MBON-\alpha2sc,1,1,april-3modules-attractive.fig,6.753503299955831,8.899999999999999,2.1464967000441675
March 2023,3,figure_5c_script,0,4,MBON-\alpha2sc,1,2,april-3modules-attractive.fig,7.542682227356668,8.899999999999999,1.3573177726433308
March 2023,3,figure_5c_script,0,4,MBON-\alpha2sc,1,3,april-3modules-attractive.fig,8.899999999999999,8.899999999999999,0.0
March 2023,3,figure_5c_script,0,4,MBON-\alpha2sc,1,4,april-3modules-attractive.fig,8.899999999999999,8.899999999999999,0.0
March 2023,3,figure_5c_script,0,4,MBON-\alpha2sc,1,5,april-3modules-attractive.fig,8.899999999999999,8.899999999999999,0.0
March 2023,3,figure_5c_script,0,5,MBON-\alpha3,0,0,april-3modules-attractive.fig,14.531713112850106,14.531713112850106,0.0
March 2023,3,figure_5c_script,0,5,MBON-\alpha3,0,1,april-3modules-attractive.fig,2.444303694075959,3.149236082497728,0.7049323884217689
March 2023,3,figure_5c_script,0,5,MBON-\alpha3,0,2,april-3modules-attractive.fig,-7.809575504729207,-11.03240246564297,-3.222826960913764
March 2023,3,figure_5c_script,0,5,MBON-\alpha3,0,3,april-3modules-attractive.fig,-4.6780162586415495,-8.071155816446765,-3.393139557805216
March 2023,3,figure_5c_script,0,5,MBON-\alpha3,0,4,april-3modules-attractive.fig,8.878504830954409,7.863376633563888,-1.0151281973905206
March 2023,3,figure_5c_script,0,5,MBON-\alpha3,0,5,april-3modules-attractive.fig,13.434840334028223,12.767051651824858,-0.6677886822033656
March 2023,3,figure_5c_script,0,5,MBON-\alpha3,1,0,april-3modules-attractive.fig,14.531713112850106,14.531713112850106,0.0
March 2023,3,figure_5c_script,0,5,MBON-\alpha3,1,1,april-3modules-attractive.fig,12.970037304420622,17.111955162890442,4.141917858469821
March 2023,3,figure_5c_script,0,5,MBON-\alpha3,1,2,april-3modules-attractive.fig,16.214690997945176,19.96,3.7453090020548245
March 2023,3,figure_5c_script,0,5,MBON-\alpha3,1,3,april-3modules-attractive.fig,19.96,19.96,0.0
March 2023,3,figure_5c_script,0,5,MBON-\alpha3,1,4,april-3modules-attractive.fig,19.96,19.96,0.0
March 2023,3,figure_5c_script,0,5,MBON-\alpha3,1,5,april-3modules-attractive.fig,19.96,19.96,0.0
March 2023,3,figure_5c_script,1,0,DAN-\gamma1pedc,0,0,april-3modules-repulsive.fig,3.712322602999974,3.712322602999974,0.0
March 2023,3,figure_5c_script,1,0,DAN-\gamma1pedc,0,1,april-3modules-repulsive.fig,2.2158437585224466,2.7787692748682415,0.5629255163457949
March 2023,3,figure_5c_script,1,0,DAN-\gamma1pedc,0,2,april-3modules-repulsive.fig,2.434182789996066,3.052187991439234,0.6180052014431676
March 2023,3,figure_5c_script,1,0,DAN-\gamma1pedc,0,3,april-3modules-repulsive.fig,4.045271413065434,4.118410339158889,0.0731389260934554
March 2023,3,figure_5c_script,1,0,DAN-\gamma1pedc,0,4,april-3modules-repulsive.fig,3.726437891466734,3.729057505315564,0.002619613848830138
March 2023,3,figure_5c_script,1,0,DAN-\gamma1pedc,0,5,april-3modules-repulsive.fig,3.712322602999974,3.712322602999974,0.0
March 2023,3,figure_5c_script,1,0,DAN-\gamma1pedc,1,0,april-3modules-repulsive.fig,3.712322602999974,3.712322602999974,0.0
March 2023,3,figure_5c_script,1,0,DAN-\gamma1pedc,1,1,april-3modules-repulsive.fig,1.530694658438212,2.005219876383376,0.474525217945164
March 2023,3,figure_5c_script,1,0,DAN-\gamma1pedc,1,2,april-3modules-repulsive.fig,1.5369490905285006,2.0261991587972346,0.48925006826873396
March 2023,3,figure_5c_script,1,0,DAN-\gamma1pedc,1,3,april-3modules-repulsive.fig,3.7587296277289797,3.7660710481228317,0.007341420393851994
March 2023,3,figure_5c_script,1,0,DAN-\gamma1pedc,1,4,april-3modules-repulsive.fig,3.7179696403826403,3.718613840740345,0.0006442003577045163
March 2023,3,figure_5c_script,1,0,DAN-\gamma1pedc,1,5,april-3modules-repulsive.fig,3.712322602999974,3.712322602999974,0.0
March 2023,3,figure_5c_script,1,1,DAN-\alpha'2\alpha2,0,0,april-3modules-repulsive.fig,2.233236853685896,2.233236853685896,0.0
March 2023,3,figure_5c_script,1,1,DAN-\alpha'2\alpha2,0,1,april-3modules-repulsive.fig,2.5025591556346374,3.020101267141443,0.5175421115068057
March 2023,3,figure_5c_script,1,1,DAN-\alpha'2\alpha2,0,2,april-3modules-repulsive.fig,2.703680405528713,3.1413145165822196,0.43763411105350647
March 2023,3,figure_5c_script,1,1,DAN-\alpha'2\alpha2,0,3,april-3modules-repulsive.fig,1.6560455160046117,1.607182340178745,-0.048863175825866634
March 2023,3,figure_5c_script,1,1,DAN-\alpha'2\alpha2,0,4,april-3modules-repulsive.fig,1.6439665488216804,1.5752649125127918,-0.06870163630888859
March 2023,3,figure_5c_script,1,1,DAN-\alpha'2\alpha2,0,5,april-3modules-repulsive.fig,1.5926164691346538,1.5757682042265904,-0.01684826490806346
March 2023,3,figure_5c_script,1,1,DAN-\alpha'2\alpha2,1,0,april-3modules-repulsive.fig,2.233236853685896,2.233236853685896,0.0
March 2023,3,figure_5c_script,1,1,DAN-\alpha'2\alpha2,1,1,april-3modules-repulsive.fig,0.8355824076508855,1.0641358375320797,0.2285534298811942
March 2023,3,figure_5c_script,1,1,DAN-\alpha'2\alpha2,1,2,april-3modules-repulsive.fig,0.7465915694833354,0.9370499130203279,0.19045834353699254
March 2023,3,figure_5c_script,1,1,DAN-\alpha'2\alpha2,1,3,april-3modules-repulsive.fig,1.5577797650797467,1.479867871525018,-0.07791189355472872
March 2023,3,figure_5c_script,1,1,DAN-\alpha'2\alpha2,1,4,april-3modules-repulsive.fig,1.88261519470832,1.86375136995694,-0.018863824751380154
March 2023,3,figure_5c_script,1,1,DAN-\alpha'2\alpha2,1,5,april-3modules-repulsive.fig,1.7620145721147968,1.7622699510640056,0.00025537894920879545
March 2023,3,figure_5c_script,1,2,DAN-\alpha3,0,0,april-3modules-repulsive.fig,3.5804984307050383,3.5804984307050383,0.0
March 2023,3,figure_5c_script,1,2,DAN-\alpha3,0,1,april-3modules-repulsive.fig,8.610251528136853,10.465110264235381,1.854858736098528
March 2023,3,figure_5c_script,1,2,DAN-\alpha3,0,2,april-3modules-repulsive.fig,10.82094261233711,13.207281605671188,2.3863389933340784
March 2023,3,figure_5c_script,1,2,DAN-\alpha3,0,3,april-3modules-repulsive.fig,7.0740444867151115,7.934847475857918,0.8608029891428064
March 2023,3,figure_5c_script,1,2,DAN-\alpha3,0,4,april-3modules-repulsive.fig,3.7219313798175033,3.7480343149240394,0.02610293510653605
March 2023,3,figure_5c_script,1,2,DAN-\alpha3,0,5,april-3modules-repulsive.fig,3.580498387874366,3.5804983851629384,-2.7114275269468635e-09
March 2023,3,figure_5c_script,1,2,DAN-\alpha3,1,0,april-3modules-repulsive.fig,3.5804984307050383,3.5804984307050383,0.0
March 2023,3,figure_5c_script,1,2,DAN-\alpha3,1,1,april-3modules-repulsive.fig,2.817968092853534,3.59831398175328,0.7803458888997463
March 2023,3,figure_5c_script,1,2,DAN-\alpha3,1,2,april-3modules-repulsive.fig,2.9181637058639485,3.8271704913634754,0.909006785499527
March 2023,3,figure_5c_script,1,2,DAN-\alpha3,1,3,april-3modules-repulsive.fig,4.226322686566892,4.43567769847523,0.20935501190833783
March 2023,3,figure_5c_script,1,2,DAN-\alpha3,1,4,april-3modules-repulsive.fig,3.6375882525867755,3.644016434096372,0.006428181509596342
March 2023,3,figure_5c_script,1,2,DAN-\alpha3,1,5,april-3modules-repulsive.fig,3.5804984090916054,3.580498408379732,-7.11873227032811e-10
March 2023,3,figure_5c_script,1,3,MBON-\gamma1pedc>\alpha/\beta,0,0,april-3modules-repulsive.fig,22.616771718430968,22.616771718430968,0.0
March 2023,3,figure_5c_script,1,3,MBON-\gamma1pedc>\alpha/\beta,0,1,april-3modules-repulsive.fig,-9.663867648278423,-10.928963021117703,-1.26509537283928
March 2023,3,figure_5c_script,1,3,MBON-\gamma1pedc>\alpha/\beta,0,2,april-3modules-repulsive.fig,-15.49092422156896,-18.132224180067922,-2.641299958498962
March 2023,3,figure_5c_script,1,3,MBON-\gamma1pedc>\alpha/\beta,0,3,april-3modules-repulsive.fig,13.292900307986237,10.910586763475834,-2.382313544510403
March 2023,3,figure_5c_script,1,3,MBON-\gamma1pedc>\alpha/\beta,0,4,april-3modules-repulsive.fig,22.24537473091931,22.176967807261192,-0.06840692365811663
March 2023,3,figure_5c_script,1,3,MBON-\gamma1pedc>\alpha/\beta,0,5,april-3modules-repulsive.fig,22.616771718430968,22.616771718430968,0.0
March 2023,3,figure_5c_script,1,3,MBON-\gamma1pedc>\alpha/\beta,1,0,april-3modules-repulsive.fig,22.616771718430968,22.616771718430968,0.0
March 2023,3,figure_5c_script,1,3,MBON-\gamma1pedc>\alpha/\beta,1,1,april-3modules-repulsive.fig,4.524594070607634,6.26090964474821,1.7363155741405762
March 2023,3,figure_5c_script,1,3,MBON-\gamma1pedc>\alpha/\beta,1,2,april-3modules-repulsive.fig,4.225740701866826,5.642180935798095,1.4164402339312687
March 2023,3,figure_5c_script,1,3,MBON-\gamma1pedc>\alpha/\beta,1,3,april-3modules-repulsive.fig,20.748624526805088,20.069524824663013,-0.679099702142075
March 2023,3,figure_5c_script,1,3,MBON-\gamma1pedc>\alpha/\beta,1,4,april-3modules-repulsive.fig,22.46637295183114,22.44951815772992,-0.016854794101220705
March 2023,3,figure_5c_script,1,3,MBON-\gamma1pedc>\alpha/\beta,1,5,april-3modules-repulsive.fig,22.616771718430968,22.616771718430968,0.0
March 2023,3,figure_5c_script,1,4,MBON-\alpha2sc,0,0,april-3modules-repulsive.fig,8.452033193768223,8.452033193768223,0.0
March 2023,3,figure_5c_script,1,4,MBON-\alpha2sc,0,1,april-3modules-repulsive.fig,4.683382783548268,5.516035295317641,0.832652511769373
March 2023,3,figure_5c_script,1,4,MBON-\alpha2sc,0,2,april-3modules-repulsive.fig,3.1843061604744207,2.826581455779932,-0.3577247046944887
March 2023,3,figure_5c_script,1,4,MBON-\alpha2sc,0,3,april-3modules-repulsive.fig,0.3043025880200467,-1.096151120606331,-1.4004537086263777
March 2023,3,figure_5c_script,1,4,MBON-\alpha2sc,0,4,april-3modules-repulsive.fig,4.464836654559431,3.987797191519128,-0.47703946304030254
March 2023,3,figure_5c_script,1,4,MBON-\alpha2sc,0,5,april-3modules-repulsive.fig,4.31211521388143,4.203235701919525,-0.1088795119619057
March 2023,3,figure_5c_script,1,4,MBON-\alpha2sc,1,0,april-3modules-repulsive.fig,8.452033193768223,8.452033193768223,0.0
March 2023,3,figure_5c_script,1,4,MBON-\alpha2sc,1,1,april-3modules-repulsive.fig,1.292681348281219,1.6105121154443118,0.3178307671630929
March 2023,3,figure_5c_script,1,4,MBON-\alpha2sc,1,2,april-3modules-repulsive.fig,0.5923091189046552,0.5001984641413006,-0.09211065476335456
March 2023,3,figure_5c_script,1,4,MBON-\alpha2sc,1,3,april-3modules-repulsive.fig,3.276843564708324,2.514044983439689,-0.7627985812686351
March 2023,3,figure_5c_script,1,4,MBON-\alpha2sc,1,4,april-3modules-repulsive.fig,6.113909717023288,5.98386266930688,-0.13004704771640796
March 2023,3,figure_5c_script,1,4,MBON-\alpha2sc,1,5,april-3modules-repulsive.fig,5.406826323921223,5.408476674002191,0.0016503500809683658
March 2023,3,figure_5c_script,1,5,MBON-\alpha3,0,0,april-3modules-repulsive.fig,14.531713112850106,14.531713112850106,0.0
March 2023,3,figure_5c_script,1,5,MBON-\alpha3,0,1,april-3modules-repulsive.fig,-11.2,-11.2,0.0
March 2023,3,figure_5c_script,1,5,MBON-\alpha3,0,2,april-3modules-repulsive.fig,-11.2,-11.2,0.0
March 2023,3,figure_5c_script,1,5,MBON-\alpha3,0,3,april-3modules-repulsive.fig,-11.2,-11.2,0.0
March 2023,3,figure_5c_script,1,5,MBON-\alpha3,0,4,april-3modules-repulsive.fig,-4.277625711066305,-7.051381498988048,-2.7737557879217434
March 2023,3,figure_5c_script,1,5,MBON-\alpha3,0,5,april-3modules-repulsive.fig,-1.8235481175721695,-3.0121314330255213,-1.1885833154533518
March 2023,3,figure_5c_script,1,5,MBON-\alpha3,1,0,april-3modules-repulsive.fig,14.531713112850106,14.531713112850106,0.0
March 2023,3,figure_5c_script,1,5,MBON-\alpha3,1,1,april-3modules-repulsive.fig,-1.5448412808169714,-2.0443115797070153,-0.4994702988900439
March 2023,3,figure_5c_script,1,5,MBON-\alpha3,1,2,april-3modules-repulsive.fig,-5.019009670364469,-7.911457243497537,-2.892447573133068
March 2023,3,figure_5c_script,1,5,MBON-\alpha3,1,3,april-3modules-repulsive.fig,-1.1196690463373926,-4.513069309658869,-3.3934002633214764
March 2023,3,figure_5c_script,1,5,MBON-\alpha3,1,4,april-3modules-repulsive.fig,7.997196265791043,7.2357597136505625,-0.7614365521404807
March 2023,3,figure_5c_script,1,5,MBON-\alpha3,1,5,april-3modules-repulsive.fig,7.234540077752946,6.892246522768843,-0.34229355498410285
April 2024,2,fitting_script,0,0,DAN-\gamma1pedc,0,0,april-2modules-attractive.fig,-2.5439767068497874,-2.5439767068497874,0.0
April 2024,2,fitting_script,0,0,DAN-\gamma1pedc,0,1,april-2modules-attractive.fig,-0.6574804263468176,-0.6574804263468176,0.0
April 2024,2,fitting_script,0,0,DAN-\gamma1pedc,0,2,april-2modules-attractive.fig,-0.4533955857795998,-0.4533955857795998,0.0
April 2024,2,fitting_script,0,0,DAN-\gamma1pedc,0,3,april-2modules-attractive.fig,-2.3456263849871477,-2.3456263849871477,0.0
April 2024,2,fitting_script,0,0,DAN-\gamma1pedc,0,4,april-2modules-attractive.fig,-2.541561177945393,-2.541561177945393,0.0
April 2024,2,fitting_script,0,0,DAN-\gamma1pedc,0,5,april-2modules-attractive.fig,-2.5439767068497874,-2.5439767068497874,0.0
April 2024,2,fitting_script,0,0,DAN-\gamma1pedc,1,0,april-2modules-attractive.fig,-2.5439767068497874,-2.5439767068497874,0.0
April 2024,2,fitting_script,0,0,DAN-\gamma1pedc,1,1,april-2modules-attractive.fig,-1.1298914244592726,-1.1298914244592726,0.0
April 2024,2,fitting_script,0,0,DAN-\gamma1pedc,1,2,april-2modules-attractive.fig,-1.1382259702802997,-1.1382259702802997,0.0
April 2024,2,fitting_script,0,0,DAN-\gamma1pedc,1,3,april-2modules-attractive.fig,-2.575659766194519,-2.575659766194519,0.0
April 2024,2,fitting_script,0,0,DAN-\gamma1pedc,1,4,april-2modules-attractive.fig,-2.5466902864538916,-2.5466902864538916,0.0
April 2024,2,fitting_script,0,0,DAN-\gamma1pedc,1,5,april-2modules-attractive.fig,-2.5439767068497874,-2.5439767068497874,0.0
April 2024,2,fitting_script,0,2,DAN-\alpha3,0,0,april-2modules-attractive.fig,-4.204290686779414,-4.204290686779414,0.0
April 2024,2,fitting_script,0,2,DAN-\alpha3,0,1,april-2modules-attractive.fig,2.437716751615849,2.437716751615849,0.0
April 2024,2,fitting_script,0,2,DAN-\alpha3,0,2,april-2modules-attractive.fig,4.362452932373708,4.362452932373708,0.0
April 2024,2,fitting_script,0,2,DAN-\alpha3,0,3,april-2modules-attractive.fig,-2.3764790974549026,-2.3764790974549026,0.0
April 2024,2,fitting_script,0,2,DAN-\alpha3,0,4,april-2modules-attractive.fig,-4.181488472029563,-4.181488472029563,0.0
April 2024,2,fitting_script,0,2,DAN-\alpha3,0,5,april-2modules-attractive.fig,-4.204290689698767,-4.204290689698767,0.0
April 2024,2,fitting_script,0,2,DAN-\alpha3,1,0,april-2modules-attractive.fig,-4.204290686779414,-4.204290686779414,0.0
April 2024,2,fitting_script,0,2,DAN-\alpha3,1,1,april-2modules-attractive.fig,-2.709886214072296,-2.709886214072296,0.0
April 2024,2,fitting_script,0,2,DAN-\alpha3,1,2,april-2modules-attractive.fig,-2.8073467951788027,-2.8073467951788027,0.0
April 2024,2,fitting_script,0,2,DAN-\alpha3,1,3,april-2modules-attractive.fig,-4.567575874044748,-4.567575874044748,0.0
April 2024,2,fitting_script,0,2,DAN-\alpha3,1,4,april-2modules-attractive.fig,-4.230292854475729,-4.230292854475729,0.0
April 2024,2,fitting_script,0,2,DAN-\alpha3,1,5,april-2modules-attractive.fig,-4.204290675953047,-4.204290675953047,0.0
April 2024,2,fitting_script,0,3,MBON-\gamma1pedc>\alpha/\beta,0,0,april-2modules-attractive.fig,22.107789526857758,22.107789526857758,0.0
April 2024,2,fitting_script,0,3,MBON-\gamma1pedc>\alpha/\beta,0,1,april-2modules-attractive.fig,-2.57436975457982,-2.57436975457982,0.0
April 2024,2,fitting_script,0,3,MBON-\gamma1pedc>\alpha/\beta,0,2,april-2modules-attractive.fig,-8.081114138569049,-8.081114138569049,0.0
April 2024,2,fitting_script,0,3,MBON-\gamma1pedc>\alpha/\beta,0,3,april-2modules-attractive.fig,16.85652833775113,16.85652833775113,0.0
April 2024,2,fitting_script,0,3,MBON-\gamma1pedc>\alpha/\beta,0,4,april-2modules-attractive.fig,22.042562292285865,22.042562292285865,0.0
April 2024,2,fitting_script,0,3,MBON-\gamma1pedc>\alpha/\beta,0,5,april-2modules-attractive.fig,22.107789526857758,22.107789526857758,0.0
April 2024,2,fitting_script,0,3,MBON-\gamma1pedc>\alpha/\beta,1,0,april-2modules-attractive.fig,22.107789526857758,22.107789526857758,0.0
April 2024,2,fitting_script,0,3,MBON-\gamma1pedc>\alpha/\beta,1,1,april-2modules-attractive.fig,11.80051159380102,11.80051159380102,0.0
April 2024,2,fitting_script,0,3,MBON-\gamma1pedc>\alpha/\beta,1,2,april-2modules-attractive.fig,12.069745203981817,12.069745203981817,0.0
April 2024,2,fitting_script,0,3,MBON-\gamma1pedc>\alpha/\beta,1,3,april-2modules-attractive.fig,23.114319114071435,23.114319114071435,0.0
April 2024,2,fitting_script,0,3,MBON-\gamma1pedc>\alpha/\beta,1,4,april-2modules-attractive.fig,22.18197379884623,22.18197379884623,0.0
April 2024,2,fitting_script,0,3,MBON-\gamma1pedc>\alpha/\beta,1,5,april-2modules-attractive.fig,22.107789526857758,22.107789526857758,0.0
April 2024,2,fitting_script,0,5,MBON-\alpha3,0,0,april-2modules-attractive.fig,14.740796773154848,14.740796773154848,0.0
April 2024,2,fitting_script,0,5,MBON-\alpha3,0,1,april-2modules-attractive.fig,2.578845977829541,2.578845977829541,0.0
April 2024,2,fitting_script,0,5,MBON-\alpha3,0,2,april-2modules-attractive.fig,-8.49319795336224,-8.49319795336224,0.0
April 2024,2,fitting_script,0,5,MBON-\alpha3,0,3,april-2modules-attractive.fig,-4.829495731825139,-4.829495731825139,0.0
April 2024,2,fitting_script,0,5,MBON-\alpha3,0,4,april-2modules-attractive.fig,8.976466286245664,8.976466286245664,0.0
April 2024,2,fitting_script,0,5,MBON-\alpha3,0,5,april-2modules-attractive.fig,13.333427724246896,13.333427724246896,0.0
April 2024,2,fitting_script,0,5,MBON-\alpha3,1,0,april-2modules-attractive.fig,14.740796773154848,14.740796773154848,0.0
April 2024,2,fitting_script,0,5,MBON-\alpha3,1,1,april-2modules-attractive.fig,13.802939146007688,13.802939146007688,0.0
April 2024,2,fitting_script,0,5,MBON-\alpha3,1,2,april-2modules-attractive.fig,17.613634348666054,17.613634348666054,0.0
April 2024,2,fitting_script,0,5,MBON-\alpha3,1,3,april-2modules-attractive.fig,19.96,19.96,0.0
April 2024,2,fitting_script,0,5,MBON-\alpha3,1,4,april-2modules-attractive.fig,19.96,19.96,0.0
April 2024,2,fitting_script,0,5,MBON-\alpha3,1,5,april-2modules-attractive.fig,19.96,19.96,0.0
April 2024,2,fitting_script,1,0,DAN-\gamma1pedc,0,0,april-2modules-repulsive.fig,3.657218037273171,3.657218037273171,0.0
April 2024,2,fitting_script,1,0,DAN-\gamma1pedc,0,1,april-2modules-repulsive.fig,2.3126668906426735,2.3126668906426735,0.0
April 2024,2,fitting_script,1,0,DAN-\gamma1pedc,0,2,april-2modules-repulsive.fig,2.5394452720929026,2.5394452720929026,0.0
April 2024,2,fitting_script,1,0,DAN-\gamma1pedc,0,3,april-2modules-repulsive.fig,3.9320608375800172,3.9320608375800172,0.0
April 2024,2,fitting_script,1,0,DAN-\gamma1pedc,0,4,april-2modules-repulsive.fig,3.66621676411304,3.66621676411304,0.0
April 2024,2,fitting_script,1,0,DAN-\gamma1pedc,0,5,april-2modules-repulsive.fig,3.657218037273171,3.657218037273171,0.0
April 2024,2,fitting_script,1,0,DAN-\gamma1pedc,1,0,april-2modules-repulsive.fig,3.657218037273171,3.657218037273171,0.0
April 2024,2,fitting_script,1,0,DAN-\gamma1pedc,1,1,april-2modules-repulsive.fig,1.624330634225702,1.624330634225702,0.0
April 2024,2,fitting_script,1,0,DAN-\gamma1pedc,1,2,april-2modules-repulsive.fig,1.6363123678740759,1.6363123678740759,0.0
April 2024,2,fitting_script,1,0,DAN-\gamma1pedc,1,3,april-2modules-repulsive.fig,3.702765567562878,3.702765567562878,0.0
April 2024,2,fitting_script,1,0,DAN-\gamma1pedc,1,4,april-2modules-repulsive.fig,3.6611190762437658,3.6611190762437658,0.0
April 2024,2,fitting_script,1,0,DAN-\gamma1pedc,1,5,april-2modules-repulsive.fig,3.657218037273171,3.657218037273171,0.0
April 2024,2,fitting_script,1,2,DAN-\alpha3,0,0,april-2modules-repulsive.fig,3.434047927041533,3.434047927041533,0.0
April 2024,2,fitting_script,1,2,DAN-\alpha3,0,1,april-2modules-repulsive.fig,8.372852078592224,8.372852078592224,0.0
April 2024,2,fitting_script,1,2,DAN-\alpha3,0,2,april-2modules-repulsive.fig,10.557603567919799,10.5576035679198,1.7763568394002505e-15
April 2024,2,fitting_script,1,2,DAN-\alpha3,0,3,april-2modules-repulsive.fig,6.142564051577703,6.142564051577703,0.0
April 2024,2,fitting_script,1,2,DAN-\alpha3,0,4,april-2modules-repulsive.fig,3.5199575854396086,3.5199575854396086,0.0
April 2024,2,fitting_script,1,2,DAN-\alpha3,0,5,april-2modules-repulsive.fig,3.4340478921950846,3.4340478921950846,0.0
April 2024,2,fitting_script,1,2,DAN-\alpha3,1,0,april-2modules-repulsive.fig,3.434047927041533,3.434047927041533,0.0
April 2024,2,fitting_script,1,2,DAN-\alpha3,1,1,april-2modules-repulsive.fig,2.8464446312301765,2.8464446312301765,0.0
April 2024,2,fitting_script,1,2,DAN-\alpha3,1,2,april-2modules-repulsive.fig,2.988922996933902,2.988922996933902,0.0
April 2024,2,fitting_script,1,2,DAN-\alpha3,1,3,april-2modules-repulsive.fig,3.9643724847768764,3.9643724847768764,0.0
April 2024,2,fitting_script,1,2,DAN-\alpha3,1,4,april-2modules-repulsive.fig,3.4714523657828824,3.4714523657828824,0.0
April 2024,2,fitting_script,1,2,DAN-\alpha3,1,5,april-2modules-repulsive.fig,3.434047911547607,3.434047911547607,0.0
April 2024,2,fitting_script,1,3,MBON-\gamma1pedc>\alpha/\beta,0,0,april-2modules-repulsive.fig,22.107789526857758,22.107789526857758,0.0
April 2024,2,fitting_script,1,3,MBON-\gamma1pedc>\alpha/\beta,0,1,april-2modules-repulsive.fig,-10.044749363694887,-10.044749363694887,0.0
April 2024,2,fitting_script,1,3,MBON-\gamma1pedc>\alpha/\beta,0,2,april-2modules-repulsive.fig,-16.312961672800455,-16.312961672800462,-7.105427357601002e-15
April 2024,2,fitting_script,1,3,MBON-\gamma1pedc>\alpha/\beta,0,3,april-2modules-repulsive.fig,14.275831275822242,14.275831275822242,0.0
April 2024,2,fitting_script,1,3,MBON-\gamma1pedc>\alpha/\beta,0,4,april-2modules-repulsive.fig,21.862095058042456,21.862095058042456,0.0
April 2024,2,fitting_script,1,3,MBON-\gamma1pedc>\alpha/\beta,0,5,april-2modules-repulsive.fig,22.107789526857758,22.107789526857758,0.0
April 2024,2,fitting_script,1,3,MBON-\gamma1pedc>\alpha/\beta,1,0,april-2modules-repulsive.fig,22.107789526857758,22.107789526857758,0.0
April 2024,2,fitting_script,1,3,MBON-\gamma1pedc>\alpha/\beta,1,1,april-2modules-repulsive.fig,4.700387827799261,4.700387827799261,0.0
April 2024,2,fitting_script,1,3,MBON-\gamma1pedc>\alpha/\beta,1,2,april-2modules-repulsive.fig,4.264421754979409,4.264421754979409,0.0
April 2024,2,fitting_script,1,3,MBON-\gamma1pedc>\alpha/\beta,1,3,april-2modules-repulsive.fig,20.49425927334056,20.49425927334056,0.0
April 2024,2,fitting_script,1,3,MBON-\gamma1pedc>\alpha/\beta,1,4,april-2modules-repulsive.fig,22.00065192427727,22.00065192427727,0.0
April 2024,2,fitting_script,1,3,MBON-\gamma1pedc>\alpha/\beta,1,5,april-2modules-repulsive.fig,22.107789526857758,22.107789526857758,0.0
April 2024,2,fitting_script,1,5,MBON-\alpha3,0,0,april-2modules-repulsive.fig,14.740796773154848,14.740796773154848,0.0
April 2024,2,fitting_script,1,5,MBON-\alpha3,0,1,april-2modules-repulsive.fig,-11.2,-11.2,0.0
April 2024,2,fitting_script,1,5,MBON-\alpha3,0,2,april-2modules-repulsive.fig,-11.2,-11.2,0.0
April 2024,2,fitting_script,1,5,MBON-\alpha3,0,3,april-2modules-repulsive.fig,-11.2,-11.2,0.0
April 2024,2,fitting_script,1,5,MBON-\alpha3,0,4,april-2modules-repulsive.fig,-4.41917582247407,-4.41917582247408,-9.769962616701378e-15
April 2024,2,fitting_script,1,5,MBON-\alpha3,0,5,april-2modules-repulsive.fig,-2.0580699902057233,-2.0580699902057287,-5.329070518200751e-15
April 2024,2,fitting_script,1,5,MBON-\alpha3,1,0,april-2modules-repulsive.fig,14.740796773154848,14.740796773154848,0.0
April 2024,2,fitting_script,1,5,MBON-\alpha3,1,1,april-2modules-repulsive.fig,-1.4975417799085733,-1.4975417799085733,0.0
April 2024,2,fitting_script,1,5,MBON-\alpha3,1,2,april-2modules-repulsive.fig,-5.675757207743388,-5.675757207743388,0.0
April 2024,2,fitting_script,1,5,MBON-\alpha3,1,3,april-2modules-repulsive.fig,-1.542169465270863,-1.542169465270863,0.0
April 2024,2,fitting_script,1,5,MBON-\alpha3,1,4,april-2modules-repulsive.fig,7.992749599615625,7.992749599615625,0.0
April 2024,2,fitting_script,1,5,MBON-\alpha3,1,5,april-2modules-repulsive.fig,7.271444700500002,7.271444700500002,0.0
April 2024,2,figure_5c_script,0,0,DAN-\gamma1pedc,0,0,april-2modules-attractive.fig,-2.5439767068497874,-2.5439767068497874,0.0
April 2024,2,figure_5c_script,0,0,DAN-\gamma1pedc,0,1,april-2modules-attractive.fig,-0.6574804263468176,-0.8725607989531305,-0.21508037260631296
April 2024,2,figure_5c_script,0,0,DAN-\gamma1pedc,0,2,april-2modules-attractive.fig,-0.4533955857795998,-0.6469466280918896,-0.1935510423122898
April 2024,2,figure_5c_script,0,0,DAN-\gamma1pedc,0,3,april-2modules-attractive.fig,-2.3456263849871477,-2.2976079040549,0.0480184809322477
April 2024,2,figure_5c_script,0,0,DAN-\gamma1pedc,0,4,april-2modules-attractive.fig,-2.541561177945393,-2.5406153068509116,0.0009458710944811877
April 2024,2,figure_5c_script,0,0,DAN-\gamma1pedc,0,5,april-2modules-attractive.fig,-2.5439767068497874,-2.5439767068497874,0.0
April 2024,2,figure_5c_script,0,0,DAN-\gamma1pedc,1,0,april-2modules-attractive.fig,-2.5439767068497874,-2.5439767068497874,0.0
April 2024,2,figure_5c_script,0,0,DAN-\gamma1pedc,1,1,april-2modules-attractive.fig,-1.1298914244592726,-1.4685176105186026,-0.33862618605933004
April 2024,2,figure_5c_script,0,0,DAN-\gamma1pedc,1,2,april-2modules-attractive.fig,-1.1382259702802997,-1.487235089584231,-0.3490091193039313
April 2024,2,figure_5c_script,0,0,DAN-\gamma1pedc,1,3,april-2modules-attractive.fig,-2.575659766194519,-2.5830668963219416,-0.0074071301274227785
April 2024,2,figure_5c_script,0,0,DAN-\gamma1pedc,1,4,april-2modules-attractive.fig,-2.5466902864538916,-2.546998631334259,-0.0003083448803673505
April 2024,2,figure_5c_script,0,0,DAN-\gamma1pedc,1,5,april-2modules-attractive.fig,-2.5439767068497874,-2.5439767068497874,0.0
April 2024,2,figure_5c_script,0,2,DAN-\alpha3,0,0,april-2modules-attractive.fig,-4.204290686779414,-4.204290686779414,0.0
April 2024,2,figure_5c_script,0,2,DAN-\alpha3,0,1,april-2modules-attractive.fig,2.437716751615849,2.7304198616884863,0.29270311007263716
April 2024,2,figure_5c_script,0,2,DAN-\alpha3,0,2,april-2modules-attractive.fig,4.362452932373708,4.86878770036231,0.5063347679886014
April 2024,2,figure_5c_script,0,2,DAN-\alpha3,0,3,april-2modules-attractive.fig,-2.3764790974549026,-1.971053613013202,0.4054254844417007
April 2024,2,figure_5c_script,0,2,DAN-\alpha3,0,4,april-2modules-attractive.fig,-4.181488472029563,-4.172489988750266,0.008998483279296643
April 2024,2,figure_5c_script,0,2,DAN-\alpha3,0,5,april-2modules-attractive.fig,-4.204290689698767,-4.204290690864514,-1.1657474985327099e-09
April 2024,2,figure_5c_script,0,2,DAN-\alpha3,1,0,april-2modules-attractive.fig,-4.204290686779414,-4.204290686779414,0.0
April 2024,2,figure_5c_script,0,2,DAN-\alpha3,1,1,april-2modules-attractive.fig,-2.709886214072296,-3.4578478225999167,-0.7479616085276208
April 2024,2,figure_5c_script,0,2,DAN-\alpha3,1,2,april-2modules-attractive.fig,-2.8073467951788027,-3.6448209590660645,-0.8374741638872618
April 2024,2,figure_5c_script,0,2,DAN-\alpha3,1,3,april-2modules-attractive.fig,-4.567575874044748,-4.691173517954416,-0.12359764390966799
April 2024,2,figure_5c_script,0,2,DAN-\alpha3,1,4,april-2modules-attractive.fig,-4.230292854475729,-4.233228498036517,-0.00293564356078857
April 2024,2,figure_5c_script,0,2,DAN-\alpha3,1,5,april-2modules-attractive.fig,-4.204290675953047,-4.204290675953047,0.0
April 2024,2,figure_5c_script,0,3,MBON-\gamma1pedc>\alpha/\beta,0,0,april-2modules-attractive.fig,22.107789526857758,22.107789526857758,0.0
April 2024,2,figure_5c_script,0,3,MBON-\gamma1pedc>\alpha/\beta,0,1,april-2modules-attractive.fig,-2.57436975457982,-2.229523044568417,0.344846710011403
April 2024,2,figure_5c_script,0,3,MBON-\gamma1pedc>\alpha/\beta,0,2,april-2modules-attractive.fig,-8.081114138569049,-8.342083174172334,-0.260969035603285
April 2024,2,figure_5c_script,0,3,MBON-\gamma1pedc>\alpha/\beta,0,3,april-2modules-attractive.fig,16.85652833775113,15.672426822660206,-1.1841015150909229
April 2024,2,figure_5c_script,0,3,MBON-\gamma1pedc>\alpha/\beta,0,4,april-2modules-attractive.fig,22.042562292285865,22.01685696828804,-0.025705323997826213
April 2024,2,figure_5c_script,0,3,MBON-\gamma1pedc>\alpha/\beta,0,5,april-2modules-attractive.fig,22.107789526857758,22.107789526857758,0.0
April 2024,2,figure_5c_script,0,3,MBON-\gamma1pedc>\alpha/\beta,1,0,april-2modules-attractive.fig,22.107789526857758,22.107789526857758,0.0
April 2024,2,figure_5c_script,0,3,MBON-\gamma1pedc>\alpha/\beta,1,1,april-2modules-attractive.fig,11.80051159380102,15.186156341056282,3.385644747255263
April 2024,2,figure_5c_script,0,3,MBON-\gamma1pedc>\alpha/\beta,1,2,april-2modules-attractive.fig,12.069745203981817,15.715772223466765,3.646027019484947
April 2024,2,figure_5c_script,0,3,MBON-\gamma1pedc>\alpha/\beta,1,3,april-2modules-attractive.fig,23.114319114071435,23.440563756737333,0.32624464266589825
April 2024,2,figure_5c_script,0,3,MBON-\gamma1pedc>\alpha/\beta,1,4,april-2modules-attractive.fig,22.18197379884623,22.190358717318333,0.008384918472103209
April 2024,2,figure_5c_script,0,3,MBON-\gamma1pedc>\alpha/\beta,1,5,april-2modules-attractive.fig,22.107789526857758,22.107789526857758,0.0
April 2024,2,figure_5c_script,0,5,MBON-\alpha3,0,0,april-2modules-attractive.fig,14.740796773154848,14.740796773154848,0.0
April 2024,2,figure_5c_script,0,5,MBON-\alpha3,0,1,april-2modules-attractive.fig,2.578845977829541,3.304465800643129,0.725619822813588
April 2024,2,figure_5c_script,0,5,MBON-\alpha3,0,2,april-2modules-attractive.fig,-8.49319795336224,-11.2,-2.70680204663776
April 2024,2,figure_5c_script,0,5,MBON-\alpha3,0,3,april-2modules-attractive.fig,-4.829495731825139,-7.832356294918458,-3.0028605630933196
April 2024,2,figure_5c_script,0,5,MBON-\alpha3,0,4,april-2modules-attractive.fig,8.976466286245664,8.106768508934106,-0.8696977773115577
April 2024,2,figure_5c_script,0,5,MBON-\alpha3,0,5,april-2modules-attractive.fig,13.333427724246896,12.771441142527898,-0.5619865817189975
April 2024,2,figure_5c_script,0,5,MBON-\alpha3,1,0,april-2modules-attractive.fig,14.740796773154848,14.740796773154848,0.0
April 2024,2,figure_5c_script,0,5,MBON-\alpha3,1,1,april-2modules-attractive.fig,13.802939146007688,18.087636836216102,4.284697690208414
April 2024,2,figure_5c_script,0,5,MBON-\alpha3,1,2,april-2modules-attractive.fig,17.613634348666054,19.96,2.3463656513339473
April 2024,2,figure_5c_script,0,5,MBON-\alpha3,1,3,april-2modules-attractive.fig,19.96,19.96,0.0
April 2024,2,figure_5c_script,0,5,MBON-\alpha3,1,4,april-2modules-attractive.fig,19.96,19.96,0.0
April 2024,2,figure_5c_script,0,5,MBON-\alpha3,1,5,april-2modules-attractive.fig,19.96,19.96,0.0
April 2024,2,figure_5c_script,1,0,DAN-\gamma1pedc,0,0,april-2modules-repulsive.fig,3.657218037273171,3.657218037273171,0.0
April 2024,2,figure_5c_script,1,0,DAN-\gamma1pedc,0,1,april-2modules-repulsive.fig,2.3126668906426735,2.8748728798102485,0.562205989167575
April 2024,2,figure_5c_script,1,0,DAN-\gamma1pedc,0,2,april-2modules-repulsive.fig,2.5394452720929026,3.14815114400202,0.6087058719091174
April 2024,2,figure_5c_script,1,0,DAN-\gamma1pedc,0,3,april-2modules-repulsive.fig,3.9320608375800172,3.998431899000491,0.06637106142047378
April 2024,2,figure_5c_script,1,0,DAN-\gamma1pedc,0,4,april-2modules-repulsive.fig,3.66621676411304,3.66790990946701,0.001693145353970138
April 2024,2,figure_5c_script,1,0,DAN-\gamma1pedc,0,5,april-2modules-repulsive.fig,3.657218037273171,3.657218037273171,0.0
April 2024,2,figure_5c_script,1,0,DAN-\gamma1pedc,1,0,april-2modules-repulsive.fig,3.657218037273171,3.657218037273171,0.0
April 2024,2,figure_5c_script,1,0,DAN-\gamma1pedc,1,1,april-2modules-repulsive.fig,1.624330634225702,2.1111392564173546,0.48680862219165255
April 2024,2,figure_5c_script,1,0,DAN-\gamma1pedc,1,2,april-2modules-repulsive.fig,1.6363123678740759,2.138047483158105,0.501735115284029
April 2024,2,figure_5c_script,1,0,DAN-\gamma1pedc,1,3,april-2modules-repulsive.fig,3.702765567562878,3.7134140494587617,0.010648481895883855
April 2024,2,figure_5c_script,1,0,DAN-\gamma1pedc,1,4,april-2modules-repulsive.fig,3.6611190762437658,3.6615623524951344,0.00044327625136864057
April 2024,2,figure_5c_script,1,0,DAN-\gamma1pedc,1,5,april-2modules-repulsive.fig,3.657218037273171,3.657218037273171,0.0
April 2024,2,figure_5c_script,1,2,DAN-\alpha3,0,0,april-2modules-repulsive.fig,3.434047927041533,3.434047927041533,0.0
April 2024,2,figure_5c_script,1,2,DAN-\alpha3,0,1,april-2modules-repulsive.fig,8.372852078592224,10.054221846514757,1.6813697679225328
April 2024,2,figure_5c_script,1,2,DAN-\alpha3,0,2,april-2modules-repulsive.fig,10.557603567919799,12.66766531229941,2.110061744379612
April 2024,2,figure_5c_script,1,2,DAN-\alpha3,0,3,april-2modules-repulsive.fig,6.142564051577703,6.85481859042511,0.7122545388474073
April 2024,2,figure_5c_script,1,2,DAN-\alpha3,0,4,april-2modules-repulsive.fig,3.5199575854396086,3.5360707118319965,0.016113126392387933
April 2024,2,figure_5c_script,1,2,DAN-\alpha3,0,5,april-2modules-repulsive.fig,3.4340478921950846,3.4340478898624562,-2.332628312728957e-09
April 2024,2,figure_5c_script,1,2,DAN-\alpha3,1,0,april-2modules-repulsive.fig,3.434047927041533,3.434047927041533,0.0
April 2024,2,figure_5c_script,1,2,DAN-\alpha3,1,1,april-2modules-repulsive.fig,2.8464446312301765,3.598869377056186,0.7524247458260094
April 2024,2,figure_5c_script,1,2,DAN-\alpha3,1,2,april-2modules-repulsive.fig,2.988922996933902,3.868819582482245,0.8798965855483427
April 2024,2,figure_5c_script,1,2,DAN-\alpha3,1,3,april-2modules-repulsive.fig,3.9643724847768764,4.148987526345416,0.1846150415685397
April 2024,2,figure_5c_script,1,2,DAN-\alpha3,1,4,april-2modules-repulsive.fig,3.4714523657828824,3.4756728625588416,0.004220496775959148
April 2024,2,figure_5c_script,1,2,DAN-\alpha3,1,5,april-2modules-repulsive.fig,3.434047911547607,3.434047910793118,-7.544889157884427e-10
April 2024,2,figure_5c_script,1,3,MBON-\gamma1pedc>\alpha/\beta,0,0,april-2modules-repulsive.fig,22.107789526857758,22.107789526857758,0.0
April 2024,2,figure_5c_script,1,3,MBON-\gamma1pedc>\alpha/\beta,0,1,april-2modules-repulsive.fig,-10.044749363694887,-11.114939794413836,-1.0701904307189487
April 2024,2,figure_5c_script,1,3,MBON-\gamma1pedc>\alpha/\beta,0,2,april-2modules-repulsive.fig,-16.312961672800455,-18.593721618624077,-2.280759945823622
April 2024,2,figure_5c_script,1,3,MBON-\gamma1pedc>\alpha/\beta,0,3,april-2modules-repulsive.fig,14.275831275822242,12.159106445481939,-2.116724830340303
April 2024,2,figure_5c_script,1,3,MBON-\gamma1pedc>\alpha/\beta,0,4,april-2modules-repulsive.fig,21.862095058042456,21.816064702234975,-0.04603035580748127
April 2024,2,figure_5c_script,1,3,MBON-\gamma1pedc>\alpha/\beta,0,5,april-2modules-repulsive.fig,22.107789526857758,22.107789526857758,0.0
April 2024,2,figure_5c_script,1,3,MBON-\gamma1pedc>\alpha/\beta,1,0,april-2modules-repulsive.fig,22.107789526857758,22.107789526857758,0.0
April 2024,2,figure_5c_script,1,3,MBON-\gamma1pedc>\alpha/\beta,1,1,april-2modules-repulsive.fig,4.700387827799261,6.499013248249561,1.7986254204502998
April 2024,2,figure_5c_script,1,3,MBON-\gamma1pedc>\alpha/\beta,1,2,april-2modules-repulsive.fig,4.264421754979409,5.713731812306847,1.4493100573274376
April 2024,2,figure_5c_script,1,3,MBON-\gamma1pedc>\alpha/\beta,1,3,april-2modules-repulsive.fig,20.49425927334056,19.882140165311526,-0.6121191080290345
April 2024,2,figure_5c_script,1,3,MBON-\gamma1pedc>\alpha/\beta,1,4,april-2modules-repulsive.fig,22.00065192427727,21.988593221657922,-0.012058702619349049
April 2024,2,figure_5c_script,1,3,MBON-\gamma1pedc>\alpha/\beta,1,5,april-2modules-repulsive.fig,22.107789526857758,22.107789526857758,0.0
April 2024,2,figure_5c_script,1,5,MBON-\alpha3,0,0,april-2modules-repulsive.fig,14.740796773154848,14.740796773154848,0.0
April 2024,2,figure_5c_script,1,5,MBON-\alpha3,0,1,april-2modules-repulsive.fig,-11.2,-11.2,0.0
April 2024,2,figure_5c_script,1,5,MBON-\alpha3,0,2,april-2modules-repulsive.fig,-11.2,-11.2,0.0
April 2024,2,figure_5c_script,1,5,MBON-\alpha3,0,3,april-2modules-repulsive.fig,-11.2,-11.2,0.0
April 2024,2,figure_5c_script,1,5,MBON-\alpha3,0,4,april-2modules-repulsive.fig,-4.41917582247407,-7.0677235955125175,-2.6485477730384472
April 2024,2,figure_5c_script,1,5,MBON-\alpha3,0,5,april-2modules-repulsive.fig,-2.0580699902057233,-3.1825891945261624,-1.124519204320439
April 2024,2,figure_5c_script,1,5,MBON-\alpha3,1,0,april-2modules-repulsive.fig,14.740796773154848,14.740796773154848,0.0
April 2024,2,figure_5c_script,1,5,MBON-\alpha3,1,1,april-2modules-repulsive.fig,-1.4975417799085733,-1.9789781464346028,-0.4814363665260295
April 2024,2,figure_5c_script,1,5,MBON-\alpha3,1,2,april-2modules-repulsive.fig,-5.675757207743388,-8.790766369215039,-3.115009161471651
April 2024,2,figure_5c_script,1,5,MBON-\alpha3,1,3,april-2modules-repulsive.fig,-1.542169465270863,-4.993740352956957,-3.4515708876860938
April 2024,2,figure_5c_script,1,5,MBON-\alpha3,1,4,april-2modules-repulsive.fig,7.992749599615625,7.213403038408085,-0.7793465612075394
April 2024,2,figure_5c_script,1,5,MBON-\alpha3,1,5,april-2modules-repulsive.fig,7.271444700500002,6.9077186134212525,-0.3637260870787493
April 2024,3,fitting_script,0,0,DAN-\gamma1pedc,0,0,april-3modules-attractive.fig,-2.748877275921507,-2.748877275921507,0.0
April 2024,3,fitting_script,0,0,DAN-\gamma1pedc,0,1,april-3modules-attractive.fig,-0.6624070579845333,-0.6624070579845333,0.0
April 2024,3,fitting_script,0,0,DAN-\gamma1pedc,0,2,april-3modules-attractive.fig,-0.45697702685541647,-0.45697702685541647,0.0
April 2024,3,fitting_script,0,0,DAN-\gamma1pedc,0,3,april-3modules-attractive.fig,-2.4962385543591097,-2.4962385543591097,0.0
April 2024,3,fitting_script,0,0,DAN-\gamma1pedc,0,4,april-3modules-attractive.fig,-2.7445431246299177,-2.7445431246299177,0.0
April 2024,3,fitting_script,0,0,DAN-\gamma1pedc,0,5,april-3modules-attractive.fig,-2.748877275921507,-2.748877275921507,0.0
April 2024,3,fitting_script,0,0,DAN-\gamma1pedc,1,0,april-3modules-attractive.fig,-2.748877275921507,-2.748877275921507,0.0
April 2024,3,fitting_script,0,0,DAN-\gamma1pedc,1,1,april-3modules-attractive.fig,-1.1334391465749625,-1.1334391465749625,0.0
April 2024,3,fitting_script,0,0,DAN-\gamma1pedc,1,2,april-3modules-attractive.fig,-1.1380703890841386,-1.1380703890841386,0.0
April 2024,3,fitting_script,0,0,DAN-\gamma1pedc,1,3,april-3modules-attractive.fig,-2.7832404575096596,-2.7832404575096596,0.0
April 2024,3,fitting_script,0,0,DAN-\gamma1pedc,1,4,april-3modules-attractive.fig,-2.7530587586204907,-2.7530587586204907,0.0
April 2024,3,fitting_script,0,0,DAN-\gamma1pedc,1,5,april-3modules-attractive.fig,-2.748877275921507,-2.748877275921507,0.0
April 2024,3,fitting_script,0,1,DAN-\alpha'2\alpha2,0,0,april-3modules-attractive.fig,-3.7251921929958547,-3.7251921929958547,0.0
April 2024,3,fitting_script,0,1,DAN-\alpha'2\alpha2,0,1,april-3modules-attractive.fig,0.2184401649205563,0.2184401649205563,0.0
April 2024,3,fitting_script,0,1,DAN-\alpha'2\alpha2,0,2,april-3modules-attractive.fig,0.6191468045715351,0.6191468045715351,0.0
April 2024,3,fitting_script,0,1,DAN-\alpha'2\alpha2,0,3,april-3modules-attractive.fig,-3.16441143006076,-3.16441143006076,0.0
April 2024,3,fitting_script,0,1,DAN-\alpha'2\alpha2,0,4,april-3modules-attractive.fig,-3.647419542566643,-3.647419542566643,0.0
April 2024,3,fitting_script,0,1,DAN-\alpha'2\alpha2,0,5,april-3modules-attractive.fig,-3.655872783995815,-3.655872783995815,0.0
April 2024,3,fitting_script,0,1,DAN-\alpha'2\alpha2,1,0,april-3modules-attractive.fig,-3.7251921929958547,-3.7251921929958547,0.0
April 2024,3,fitting_script,0,1,DAN-\alpha'2\alpha2,1,1,april-3modules-attractive.fig,-1.043630755120888,-1.043630755120888,0.0
April 2024,3,fitting_script,0,1,DAN-\alpha'2\alpha2,1,2,april-3modules-attractive.fig,-0.9309317630042055,-0.9309317630042055,0.0
April 2024,3,fitting_script,0,1,DAN-\alpha'2\alpha2,1,3,april-3modules-attractive.fig,-3.724795349844052,-3.724795349844052,0.0
April 2024,3,fitting_script,0,1,DAN-\alpha'2\alpha2,1,4,april-3modules-attractive.fig,-3.664044853049942,-3.664044853049942,0.0
April 2024,3,fitting_script,0,1,DAN-\alpha'2\alpha2,1,5,april-3modules-attractive.fig,-3.655872783995815,-3.655872783995815,0.0
April 2024,3,fitting_script,0,2,DAN-\alpha3,0,0,april-3modules-attractive.fig,-4.4661441106812845,-4.4661441106812845,0.0
April 2024,3,fitting_script,0,2,DAN-\alpha3,0,1,april-3modules-attractive.fig,2.6373742718560296,2.6373742718560296,0.0
April 2024,3,fitting_script,0,2,DAN-\alpha3,0,2,april-3modules-attractive.fig,4.658729988282321,4.658729988282321,0.0
April 2024,3,fitting_script,0,2,DAN-\alpha3,0,3,april-3modules-attractive.fig,-2.0715692671517933,-2.0715692671517933,0.0
April 2024,3,fitting_script,0,2,DAN-\alpha3,0,4,april-3modules-attractive.fig,-4.423555690603486,-4.423555690603486,0.0
April 2024,3,fitting_script,0,2,DAN-\alpha3,0,5,april-3modules-attractive.fig,-4.466144112037361,-4.466144112037361,0.0
April 2024,3,fitting_script,0,2,DAN-\alpha3,1,0,april-3modules-attractive.fig,-4.4661441106812845,-4.4661441106812845,0.0
April 2024,3,fitting_script,0,2,DAN-\alpha3,1,1,april-3modules-attractive.fig,-2.762043162796476,-2.762043162796476,0.0
April 2024,3,fitting_script,0,2,DAN-\alpha3,1,2,april-3modules-attractive.fig,-2.8341755377227456,-2.8341755377227456,0.0
April 2024,3,fitting_script,0,2,DAN-\alpha3,1,3,april-3modules-attractive.fig,-4.934381291483456,-4.934381291483456,0.0
April 2024,3,fitting_script,0,2,DAN-\alpha3,1,4,april-3modules-attractive.fig,-4.508371679052962,-4.508371679052962,0.0
April 2024,3,fitting_script,0,2,DAN-\alpha3,1,5,april-3modules-attractive.fig,-4.466144098401138,-4.466144098401138,0.0
April 2024,3,fitting_script,0,3,MBON-\gamma1pedc>\alpha/\beta,0,0,april-3modules-attractive.fig,22.616771718430968,22.616771718430968,0.0
April 2024,3,fitting_script,0,3,MBON-\gamma1pedc>\alpha/\beta,0,1,april-3modules-attractive.fig,-2.511474081579827,-2.511474081579827,0.0
April 2024,3,fitting_script,0,3,MBON-\gamma1pedc>\alpha/\beta,0,2,april-3modules-attractive.fig,-7.8196756271528365,-7.8196756271528365,0.0
April 2024,3,fitting_script,0,3,MBON-\gamma1pedc>\alpha/\beta,0,3,april-3modules-attractive.fig,16.28445304664917,16.28445304664917,0.0
April 2024,3,fitting_script,0,3,MBON-\gamma1pedc>\alpha/\beta,0,4,april-3modules-attractive.fig,22.504903965911538,22.504903965911538,0.0
April 2024,3,fitting_script,0,3,MBON-\gamma1pedc>\alpha/\beta,0,5,april-3modules-attractive.fig,22.616771718430968,22.616771718430968,0.0
April 2024,3,fitting_script,0,3,MBON-\gamma1pedc>\alpha/\beta,1,0,april-3modules-attractive.fig,22.616771718430968,22.616771718430968,0.0
April 2024,3,fitting_script,0,3,MBON-\gamma1pedc>\alpha/\beta,1,1,april-3modules-attractive.fig,11.299031189413235,11.299031189413235,0.0
April 2024,3,fitting_script,0,3,MBON-\gamma1pedc>\alpha/\beta,1,2,april-3modules-attractive.fig,11.475647268440824,11.475647268440824,0.0
April 2024,3,fitting_script,0,3,MBON-\gamma1pedc>\alpha/\beta,1,3,april-3modules-attractive.fig,23.783651758485476,23.783651758485476,0.0
April 2024,3,fitting_script,0,3,MBON-\gamma1pedc>\alpha/\beta,1,4,april-3modules-attractive.fig,22.72714152318902,22.72714152318902,0.0
April 2024,3,fitting_script,0,3,MBON-\gamma1pedc>\alpha/\beta,1,5,april-3modules-attractive.fig,22.616771718430968,22.616771718430968,0.0
April 2024,3,fitting_script,0,4,MBON-\alpha2sc,0,0,april-3modules-attractive.fig,8.452033193768223,8.452033193768223,0.0
April 2024,3,fitting_script,0,4,MBON-\alpha2sc,0,1,april-3modules-attractive.fig,8.899999999999999,8.899999999999999,0.0
April 2024,3,fitting_script,0,4,MBON-\alpha2sc,0,2,april-3modules-attractive.fig,8.899999999999999,8.899999999999999,0.0
April 2024,3,fitting_script,0,4,MBON-\alpha2sc,0,3,april-3modules-attractive.fig,8.899999999999999,8.899999999999999,0.0
April 2024,3,fitting_script,0,4,MBON-\alpha2sc,0,4,april-3modules-attractive.fig,8.899999999999999,8.899999999999999,0.0
April 2024,3,fitting_script,0,4,MBON-\alpha2sc,0,5,april-3modules-attractive.fig,8.899999999999999,8.899999999999999,0.0
April 2024,3,fitting_script,0,4,MBON-\alpha2sc,1,0,april-3modules-attractive.fig,8.452033193768223,8.452033193768223,0.0
April 2024,3,fitting_script,0,4,MBON-\alpha2sc,1,1,april-3modules-attractive.fig,6.753503299955831,6.753503299955831,0.0
April 2024,3,fitting_script,0,4,MBON-\alpha2sc,1,2,april-3modules-attractive.fig,7.542682227356668,7.542682227356668,0.0
April 2024,3,fitting_script,0,4,MBON-\alpha2sc,1,3,april-3modules-attractive.fig,8.899999999999999,8.899999999999999,0.0
April 2024,3,fitting_script,0,4,MBON-\alpha2sc,1,4,april-3modules-attractive.fig,8.899999999999999,8.899999999999999,0.0
April 2024,3,fitting_script,0,4,MBON-\alpha2sc,1,5,april-3modules-attractive.fig,8.899999999999999,8.899999999999999,0.0
April 2024,3,fitting_script,0,5,MBON-\alpha3,0,0,april-3modules-attractive.fig,14.531713112850106,14.531713112850106,0.0
April 2024,3,fitting_script,0,5,MBON-\alpha3,0,1,april-3modules-attractive.fig,2.444303694075959,2.444303694075959,0.0
April 2024,3,fitting_script,0,5,MBON-\alpha3,0,2,april-3modules-attractive.fig,-7.809575504729207,-7.809575504729207,0.0
April 2024,3,fitting_script,0,5,MBON-\alpha3,0,3,april-3modules-attractive.fig,-4.6780162586415495,-4.6780162586415495,0.0
April 2024,3,fitting_script,0,5,MBON-\alpha3,0,4,april-3modules-attractive.fig,8.878504830954409,8.878504830954409,0.0
April 2024,3,fitting_script,0,5,MBON-\alpha3,0,5,april-3modules-attractive.fig,13.434840334028223,13.434840334028223,0.0
April 2024,3,fitting_script,0,5,MBON-\alpha3,1,0,april-3modules-attractive.fig,14.531713112850106,14.531713112850106,0.0
April 2024,3,fitting_script,0,5,MBON-\alpha3,1,1,april-3modules-attractive.fig,12.970037304420622,12.970037304420622,0.0
April 2024,3,fitting_script,0,5,MBON-\alpha3,1,2,april-3modules-attractive.fig,16.214690997945176,16.214690997945176,0.0
April 2024,3,fitting_script,0,5,MBON-\alpha3,1,3,april-3modules-attractive.fig,19.96,19.96,0.0
April 2024,3,fitting_script,0,5,MBON-\alpha3,1,4,april-3modules-attractive.fig,19.96,19.96,0.0
April 2024,3,fitting_script,0,5,MBON-\alpha3,1,5,april-3modules-attractive.fig,19.96,19.96,0.0
April 2024,3,fitting_script,1,0,DAN-\gamma1pedc,0,0,april-3modules-repulsive.fig,3.712322602999974,3.712322602999974,0.0
April 2024,3,fitting_script,1,0,DAN-\gamma1pedc,0,1,april-3modules-repulsive.fig,2.2158437585224466,2.2158437585224466,0.0
April 2024,3,fitting_script,1,0,DAN-\gamma1pedc,0,2,april-3modules-repulsive.fig,2.434182789996066,2.434182789996066,0.0
April 2024,3,fitting_script,1,0,DAN-\gamma1pedc,0,3,april-3modules-repulsive.fig,4.045271413065434,4.045271413065434,0.0
April 2024,3,fitting_script,1,0,DAN-\gamma1pedc,0,4,april-3modules-repulsive.fig,3.726437891466734,3.726437891466734,0.0
April 2024,3,fitting_script,1,0,DAN-\gamma1pedc,0,5,april-3modules-repulsive.fig,3.712322602999974,3.712322602999974,0.0
April 2024,3,fitting_script,1,0,DAN-\gamma1pedc,1,0,april-3modules-repulsive.fig,3.712322602999974,3.712322602999974,0.0
April 2024,3,fitting_script,1,0,DAN-\gamma1pedc,1,1,april-3modules-repulsive.fig,1.530694658438212,1.530694658438212,0.0
April 2024,3,fitting_script,1,0,DAN-\gamma1pedc,1,2,april-3modules-repulsive.fig,1.5369490905285006,1.5369490905285006,0.0
April 2024,3,fitting_script,1,0,DAN-\gamma1pedc,1,3,april-3modules-repulsive.fig,3.7587296277289797,3.7587296277289797,0.0
April 2024,3,fitting_script,1,0,DAN-\gamma1pedc,1,4,april-3modules-repulsive.fig,3.7179696403826403,3.7179696403826403,0.0
April 2024,3,fitting_script,1,0,DAN-\gamma1pedc,1,5,april-3modules-repulsive.fig,3.712322602999974,3.712322602999974,0.0
April 2024,3,fitting_script,1,1,DAN-\alpha'2\alpha2,0,0,april-3modules-repulsive.fig,2.233236853685896,2.233236853685896,0.0
April 2024,3,fitting_script,1,1,DAN-\alpha'2\alpha2,0,1,april-3modules-repulsive.fig,2.5025591556346374,2.5025591556346374,0.0
April 2024,3,fitting_script,1,1,DAN-\alpha'2\alpha2,0,2,april-3modules-repulsive.fig,2.703680405528713,2.703680405528713,0.0
April 2024,3,fitting_script,1,1,DAN-\alpha'2\alpha2,0,3,april-3modules-repulsive.fig,1.6560455160046117,1.6560455160046117,0.0
April 2024,3,fitting_script,1,1,DAN-\alpha'2\alpha2,0,4,april-3modules-repulsive.fig,1.6439665488216804,1.6439665488216804,0.0
April 2024,3,fitting_script,1,1,DAN-\alpha'2\alpha2,0,5,april-3modules-repulsive.fig,1.5926164691346538,1.5926164691346538,0.0
April 2024,3,fitting_script,1,1,DAN-\alpha'2\alpha2,1,0,april-3modules-repulsive.fig,2.233236853685896,2.233236853685896,0.0
April 2024,3,fitting_script,1,1,DAN-\alpha'2\alpha2,1,1,april-3modules-repulsive.fig,0.8355824076508855,0.8355824076508855,0.0
April 2024,3,fitting_script,1,1,DAN-\alpha'2\alpha2,1,2,april-3modules-repulsive.fig,0.7465915694833354,0.7465915694833354,0.0
April 2024,3,fitting_script,1,1,DAN-\alpha'2\alpha2,1,3,april-3modules-repulsive.fig,1.5577797650797467,1.5577797650797467,0.0
April 2024,3,fitting_script,1,1,DAN-\alpha'2\alpha2,1,4,april-3modules-repulsive.fig,1.88261519470832,1.88261519470832,0.0
April 2024,3,fitting_script,1,1,DAN-\alpha'2\alpha2,1,5,april-3modules-repulsive.fig,1.7620145721147968,1.7620145721147968,0.0
April 2024,3,fitting_script,1,2,DAN-\alpha3,0,0,april-3modules-repulsive.fig,3.5804984307050383,3.5804984307050383,0.0
April 2024,3,fitting_script,1,2,DAN-\alpha3,0,1,april-3modules-repulsive.fig,8.610251528136853,8.610251528136853,0.0
April 2024,3,fitting_script,1,2,DAN-\alpha3,0,2,april-3modules-repulsive.fig,10.82094261233711,10.82094261233711,0.0
April 2024,3,fitting_script,1,2,DAN-\alpha3,0,3,april-3modules-repulsive.fig,7.0740444867151115,7.0740444867151115,0.0
April 2024,3,fitting_script,1,2,DAN-\alpha3,0,4,april-3modules-repulsive.fig,3.7219313798175033,3.7219313798175033,0.0
April 2024,3,fitting_script,1,2,DAN-\alpha3,0,5,april-3modules-repulsive.fig,3.580498387874366,3.580498387874366,0.0
April 2024,3,fitting_script,1,2,DAN-\alpha3,1,0,april-3modules-repulsive.fig,3.5804984307050383,3.5804984307050383,0.0
April 2024,3,fitting_script,1,2,DAN-\alpha3,1,1,april-3modules-repulsive.fig,2.817968092853534,2.817968092853534,0.0
April 2024,3,fitting_script,1,2,DAN-\alpha3,1,2,april-3modules-repulsive.fig,2.9181637058639485,2.9181637058639485,0.0
April 2024,3,fitting_script,1,2,DAN-\alpha3,1,3,april-3modules-repulsive.fig,4.226322686566892,4.226322686566892,0.0
April 2024,3,fitting_script,1,2,DAN-\alpha3,1,4,april-3modules-repulsive.fig,3.6375882525867755,3.6375882525867755,0.0
April 2024,3,fitting_script,1,2,DAN-\alpha3,1,5,april-3modules-repulsive.fig,3.5804984090916054,3.5804984090916054,0.0
April 2024,3,fitting_script,1,3,MBON-\gamma1pedc>\alpha/\beta,0,0,april-3modules-repulsive.fig,22.616771718430968,22.616771718430968,0.0
April 2024,3,fitting_script,1,3,MBON-\gamma1pedc>\alpha/\beta,0,1,april-3modules-repulsive.fig,-9.663867648278423,-9.663867648278423,0.0
April 2024,3,fitting_script,1,3,MBON-\gamma1pedc>\alpha/\beta,0,2,april-3modules-repulsive.fig,-15.49092422156896,-15.49092422156896,0.0
April 2024,3,fitting_script,1,3,MBON-\gamma1pedc>\alpha/\beta,0,3,april-3modules-repulsive.fig,13.292900307986237,13.292900307986237,0.0
April 2024,3,fitting_script,1,3,MBON-\gamma1pedc>\alpha/\beta,0,4,april-3modules-repulsive.fig,22.24537473091931,22.24537473091931,0.0
April 2024,3,fitting_script,1,3,MBON-\gamma1pedc>\alpha/\beta,0,5,april-3modules-repulsive.fig,22.616771718430968,22.616771718430968,0.0
April 2024,3,fitting_script,1,3,MBON-\gamma1pedc>\alpha/\beta,1,0,april-3modules-repulsive.fig,22.616771718430968,22.616771718430968,0.0
April 2024,3,fitting_script,1,3,MBON-\gamma1pedc>\alpha/\beta,1,1,april-3modules-repulsive.fig,4.524594070607634,4.524594070607634,0.0
April 2024,3,fitting_script,1,3,MBON-\gamma1pedc>\alpha/\beta,1,2,april-3modules-repulsive.fig,4.225740701866826,4.225740701866826,0.0
April 2024,3,fitting_script,1,3,MBON-\gamma1pedc>\alpha/\beta,1,3,april-3modules-repulsive.fig,20.748624526805088,20.748624526805088,0.0
April 2024,3,fitting_script,1,3,MBON-\gamma1pedc>\alpha/\beta,1,4,april-3modules-repulsive.fig,22.46637295183114,22.46637295183114,0.0
April 2024,3,fitting_script,1,3,MBON-\gamma1pedc>\alpha/\beta,1,5,april-3modules-repulsive.fig,22.616771718430968,22.616771718430968,0.0
April 2024,3,fitting_script,1,4,MBON-\alpha2sc,0,0,april-3modules-repulsive.fig,8.452033193768223,8.452033193768223,0.0
April 2024,3,fitting_script,1,4,MBON-\alpha2sc,0,1,april-3modules-repulsive.fig,4.683382783548268,4.683382783548266,-1.7763568394002505e-15
April 2024,3,fitting_script,1,4,MBON-\alpha2sc,0,2,april-3modules-repulsive.fig,3.1843061604744207,3.1843061604744207,0.0
April 2024,3,fitting_script,1,4,MBON-\alpha2sc,0,3,april-3modules-repulsive.fig,0.3043025880200467,0.3043025880200467,0.0
April 2024,3,fitting_script,1,4,MBON-\alpha2sc,0,4,april-3modules-repulsive.fig,4.464836654559431,4.464836654559431,0.0
April 2024,3,fitting_script,1,4,MBON-\alpha2sc,0,5,april-3modules-repulsive.fig,4.31211521388143,4.31211521388143,0.0
April 2024,3,fitting_script,1,4,MBON-\alpha2sc,1,0,april-3modules-repulsive.fig,8.452033193768223,8.452033193768223,0.0
April 2024,3,fitting_script,1,4,MBON-\alpha2sc,1,1,april-3modules-repulsive.fig,1.292681348281219,1.292681348281219,0.0
April 2024,3,fitting_script,1,4,MBON-\alpha2sc,1,2,april-3modules-repulsive.fig,0.5923091189046552,0.5923091189046552,0.0
April 2024,3,fitting_script,1,4,MBON-\alpha2sc,1,3,april-3modules-repulsive.fig,3.276843564708324,3.276843564708324,0.0
April 2024,3,fitting_script,1,4,MBON-\alpha2sc,1,4,april-3modules-repulsive.fig,6.113909717023288,6.113909717023288,0.0
April 2024,3,fitting_script,1,4,MBON-\alpha2sc,1,5,april-3modules-repulsive.fig,5.406826323921223,5.406826323921223,0.0
April 2024,3,fitting_script,1,5,MBON-\alpha3,0,0,april-3modules-repulsive.fig,14.531713112850106,14.531713112850106,0.0
April 2024,3,fitting_script,1,5,MBON-\alpha3,0,1,april-3modules-repulsive.fig,-11.2,-11.2,0.0
April 2024,3,fitting_script,1,5,MBON-\alpha3,0,2,april-3modules-repulsive.fig,-11.2,-11.2,0.0
April 2024,3,fitting_script,1,5,MBON-\alpha3,0,3,april-3modules-repulsive.fig,-11.2,-11.2,0.0
April 2024,3,fitting_script,1,5,MBON-\alpha3,0,4,april-3modules-repulsive.fig,-4.277625711066305,-4.277625711066305,0.0
April 2024,3,fitting_script,1,5,MBON-\alpha3,0,5,april-3modules-repulsive.fig,-1.8235481175721695,-1.8235481175721695,0.0
April 2024,3,fitting_script,1,5,MBON-\alpha3,1,0,april-3modules-repulsive.fig,14.531713112850106,14.531713112850106,0.0
April 2024,3,fitting_script,1,5,MBON-\alpha3,1,1,april-3modules-repulsive.fig,-1.5448412808169714,-1.5448412808169714,0.0
April 2024,3,fitting_script,1,5,MBON-\alpha3,1,2,april-3modules-repulsive.fig,-5.019009670364469,-5.019009670364469,0.0
April 2024,3,fitting_script,1,5,MBON-\alpha3,1,3,april-3modules-repulsive.fig,-1.1196690463373926,-1.1196690463373926,0.0
April 2024,3,fitting_script,1,5,MBON-\alpha3,1,4,april-3modules-repulsive.fig,7.997196265791043,7.997196265791043,0.0
April 2024,3,fitting_script,1,5,MBON-\alpha3,1,5,april-3modules-repulsive.fig,7.234540077752946,7.234540077752946,0.0
April 2024,3,figure_5c_script,0,0,DAN-\gamma1pedc,0,0,april-3modules-attractive.fig,-2.748877275921507,-2.748877275921507,0.0
April 2024,3,figure_5c_script,0,0,DAN-\gamma1pedc,0,1,april-3modules-attractive.fig,-0.6624070579845333,-0.8818143161428568,-0.21940725815832351
April 2024,3,figure_5c_script,0,0,DAN-\gamma1pedc,0,2,april-3modules-attractive.fig,-0.45697702685541647,-0.6468852782338834,-0.18990825137846695
April 2024,3,figure_5c_script,0,0,DAN-\gamma1pedc,0,3,april-3modules-attractive.fig,-2.4962385543591097,-2.4364433227513573,0.05979523160775235
April 2024,3,figure_5c_script,0,0,DAN-\gamma1pedc,0,4,april-3modules-attractive.fig,-2.7445431246299177,-2.7430398387854478,0.0015032858444699038
April 2024,3,figure_5c_script,0,0,DAN-\gamma1pedc,0,5,april-3modules-attractive.fig,-2.748877275921507,-2.748877275921507,0.0
April 2024,3,figure_5c_script,0,0,DAN-\gamma1pedc,1,0,april-3modules-attractive.fig,-2.748877275921507,-2.748877275921507,0.0
April 2024,3,figure_5c_script,0,0,DAN-\gamma1pedc,1,1,april-3modules-attractive.fig,-1.1334391465749625,-1.4848125933241891,-0.35137344674922666
April 2024,3,figure_5c_script,0,0,DAN-\gamma1pedc,1,2,april-3modules-attractive.fig,-1.1380703890841386,-1.5003472003235894,-0.36227681123945077
April 2024,3,figure_5c_script,0,0,DAN-\gamma1pedc,1,3,april-3modules-attractive.fig,-2.7832404575096596,-2.7886765862764156,-0.005436128766755921
April 2024,3,figure_5c_script,0,0,DAN-\gamma1pedc,1,4,april-3modules-attractive.fig,-2.7530587586204907,-2.7535357720468037,-0.000477013426313011
April 2024,3,figure_5c_script,0,0,DAN-\gamma1pedc,1,5,april-3modules-attractive.fig,-2.748877275921507,-2.748877275921507,0.0
April 2024,3,figure_5c_script,0,1,DAN-\alpha'2\alpha2,0,0,april-3modules-attractive.fig,-3.7251921929958547,-3.7251921929958547,0.0
April 2024,3,figure_5c_script,0,1,DAN-\alpha'2\alpha2,0,1,april-3modules-attractive.fig,0.2184401649205563,-0.17243103670879423,-0.3908712016293505
April 2024,3,figure_5c_script,0,1,DAN-\alpha'2\alpha2,0,2,april-3modules-attractive.fig,0.6191468045715351,0.286038288886719,-0.33310851568481614
April 2024,3,figure_5c_script,0,1,DAN-\alpha'2\alpha2,0,3,april-3modules-attractive.fig,-3.16441143006076,-3.0489937243696126,0.11541770569114762
April 2024,3,figure_5c_script,0,1,DAN-\alpha'2\alpha2,0,4,april-3modules-attractive.fig,-3.647419542566643,-3.644484752530267,0.0029347900363760893
April 2024,3,figure_5c_script,0,1,DAN-\alpha'2\alpha2,0,5,april-3modules-attractive.fig,-3.655872783995815,-3.655872783995815,0.0
April 2024,3,figure_5c_script,0,1,DAN-\alpha'2\alpha2,1,0,april-3modules-attractive.fig,-3.7251921929958547,-3.7251921929958547,0.0
April 2024,3,figure_5c_script,0,1,DAN-\alpha'2\alpha2,1,1,april-3modules-attractive.fig,-1.043630755120888,-1.358050692834062,-0.314419937713174
April 2024,3,figure_5c_script,0,1,DAN-\alpha'2\alpha2,1,2,april-3modules-attractive.fig,-0.9309317630042055,-1.3885781748674677,-0.45764641186326216
April 2024,3,figure_5c_script,0,1,DAN-\alpha'2\alpha2,1,3,april-3modules-attractive.fig,-3.724795349844052,-3.736769521480085,-0.011974171636033315
April 2024,3,figure_5c_script,0,1,DAN-\alpha'2\alpha2,1,4,april-3modules-attractive.fig,-3.664044853049942,-3.6649762588267976,-0.0009314057768556872
April 2024,3,figure_5c_script,0,1,DAN-\alpha'2\alpha2,1,5,april-3modules-attractive.fig,-3.655872783995815,-3.655872783995815,0.0
April 2024,3,figure_5c_script,0,2,DAN-\alpha3,0,0,april-3modules-attractive.fig,-4.4661441106812845,-4.4661441106812845,0.0
April 2024,3,figure_5c_script,0,2,DAN-\alpha3,0,1,april-3modules-attractive.fig,2.6373742718560296,3.026340592049893,0.38896632019386335
April 2024,3,figure_5c_script,0,2,DAN-\alpha3,0,2,april-3modules-attractive.fig,4.658729988282321,5.353247751617744,0.6945177633354227
April 2024,3,figure_5c_script,0,2,DAN-\alpha3,0,3,april-3modules-attractive.fig,-2.0715692671517933,-1.5668112777351926,0.5047579894166008
April 2024,3,figure_5c_script,0,2,DAN-\alpha3,0,4,april-3modules-attractive.fig,-4.423555690603486,-4.408590946800193,0.014964743803292713
April 2024,3,figure_5c_script,0,2,DAN-\alpha3,0,5,april-3modules-attractive.fig,-4.466144112037361,-4.4661441134329,-1.3955396838127854e-09
April 2024,3,figure_5c_script,0,2,DAN-\alpha3,1,0,april-3modules-attractive.fig,-4.4661441106812845,-4.4661441106812845,0.0
April 2024,3,figure_5c_script,0,2,DAN-\alpha3,1,1,april-3modules-attractive.fig,-2.762043162796476,-3.554318273723926,-0.79227511092745
April 2024,3,figure_5c_script,0,2,DAN-\alpha3,1,2,april-3modules-attractive.fig,-2.8341755377227456,-3.72269883183073,-0.8885232941079844
April 2024,3,figure_5c_script,0,2,DAN-\alpha3,1,3,april-3modules-attractive.fig,-4.934381291483456,-5.081999221999645,-0.14761793051618888
April 2024,3,figure_5c_script,0,2,DAN-\alpha3,1,4,april-3modules-attractive.fig,-4.508371679052962,-4.5131309301676845,-0.004759251114722751
April 2024,3,figure_5c_script,0,2,DAN-\alpha3,1,5,april-3modules-attractive.fig,-4.466144098401138,-4.466144098401138,0.0
April 2024,3,figure_5c_script,0,3,MBON-\gamma1pedc>\alpha/\beta,0,0,april-3modules-attractive.fig,22.616771718430968,22.616771718430968,0.0
April 2024,3,figure_5c_script,0,3,MBON-\gamma1pedc>\alpha/\beta,0,1,april-3modules-attractive.fig,-2.511474081579827,-2.304408418449519,0.20706566313030805
April 2024,3,figure_5c_script,0,3,MBON-\gamma1pedc>\alpha/\beta,0,2,april-3modules-attractive.fig,-7.8196756271528365,-8.40763293051484,-0.5879573033620034
April 2024,3,figure_5c_script,0,3,MBON-\gamma1pedc>\alpha/\beta,0,3,april-3modules-attractive.fig,16.28445304664917,14.918615864190492,-1.3658371824586766
April 2024,3,figure_5c_script,0,3,MBON-\gamma1pedc>\alpha/\beta,0,4,april-3modules-attractive.fig,22.504903965911538,22.465689045446602,-0.03921492046493569
April 2024,3,figure_5c_script,0,3,MBON-\gamma1pedc>\alpha/\beta,0,5,april-3modules-attractive.fig,22.616771718430968,22.616771718430968,0.0
April 2024,3,figure_5c_script,0,3,MBON-\gamma1pedc>\alpha/\beta,1,0,april-3modules-attractive.fig,22.616771718430968,22.616771718430968,0.0
April 2024,3,figure_5c_script,0,3,MBON-\gamma1pedc>\alpha/\beta,1,1,april-3modules-attractive.fig,11.299031189413235,14.6646464606359,3.3656152712226657
April 2024,3,figure_5c_script,0,3,MBON-\gamma1pedc>\alpha/\beta,1,2,april-3modules-attractive.fig,11.475647268440824,15.099337776837494,3.6236905083966704
April 2024,3,figure_5c_script,0,3,MBON-\gamma1pedc>\alpha/\beta,1,3,april-3modules-attractive.fig,23.783651758485476,24.125918798635254,0.34226704014977827
April 2024,3,figure_5c_script,0,3,MBON-\gamma1pedc>\alpha/\beta,1,4,april-3modules-attractive.fig,22.72714152318902,22.739607964423314,0.01246644123429519
April 2024,3,figure_5c_script,0,3,MBON-\gamma1pedc>\alpha/\beta,1,5,april-3modules-attractive.fig,22.616771718430968,22.616771718430968,0.0
April 2024,3,figure_5c_script,0,4,MBON-\alpha2sc,0,0,april-3modules-attractive.fig,8.452033193768223,8.452033193768223,0.0
April 2024,3,figure_5c_script,0,4,MBON-\alpha2sc,0,1,april-3modules-attractive.fig,8.899999999999999,8.899999999999999,0.0
April 2024,3,figure_5c_script,0,4,MBON-\alpha2sc,0,2,april-3modules-attractive.fig,8.899999999999999,8.899999999999999,0.0
April 2024,3,figure_5c_script,0,4,MBON-\alpha2sc,0,3,april-3modules-attractive.fig,8.899999999999999,8.899999999999999,0.0
April 2024,3,figure_5c_script,0,4,MBON-\alpha2sc,0,4,april-3modules-attractive.fig,8.899999999999999,8.899999999999999,0.0
April 2024,3,figure_5c_script,0,4,MBON-\alpha2sc,0,5,april-3modules-attractive.fig,8.899999999999999,8.899999999999999,0.0
April 2024,3,figure_5c_script,0,4,MBON-\alpha2sc,1,0,april-3modules-attractive.fig,8.452033193768223,8.452033193768223,0.0
April 2024,3,figure_5c_script,0,4,MBON-\alpha2sc,1,1,april-3modules-attractive.fig,6.753503299955831,8.899999999999999,2.1464967000441675
April 2024,3,figure_5c_script,0,4,MBON-\alpha2sc,1,2,april-3modules-attractive.fig,7.542682227356668,8.899999999999999,1.3573177726433308
April 2024,3,figure_5c_script,0,4,MBON-\alpha2sc,1,3,april-3modules-attractive.fig,8.899999999999999,8.899999999999999,0.0
April 2024,3,figure_5c_script,0,4,MBON-\alpha2sc,1,4,april-3modules-attractive.fig,8.899999999999999,8.899999999999999,0.0
April 2024,3,figure_5c_script,0,4,MBON-\alpha2sc,1,5,april-3modules-attractive.fig,8.899999999999999,8.899999999999999,0.0
April 2024,3,figure_5c_script,0,5,MBON-\alpha3,0,0,april-3modules-attractive.fig,14.531713112850106,14.531713112850106,0.0
April 2024,3,figure_5c_script,0,5,MBON-\alpha3,0,1,april-3modules-attractive.fig,2.444303694075959,3.149236082497728,0.7049323884217689
April 2024,3,figure_5c_script,0,5,MBON-\alpha3,0,2,april-3modules-attractive.fig,-7.809575504729207,-11.03240246564297,-3.222826960913764
April 2024,3,figure_5c_script,0,5,MBON-\alpha3,0,3,april-3modules-attractive.fig,-4.6780162586415495,-8.071155816446765,-3.393139557805216
April 2024,3,figure_5c_script,0,5,MBON-\alpha3,0,4,april-3modules-attractive.fig,8.878504830954409,7.863376633563888,-1.0151281973905206
April 2024,3,figure_5c_script,0,5,MBON-\alpha3,0,5,april-3modules-attractive.fig,13.434840334028223,12.767051651824858,-0.6677886822033656
April 2024,3,figure_5c_script,0,5,MBON-\alpha3,1,0,april-3modules-attractive.fig,14.531713112850106,14.531713112850106,0.0
April 2024,3,figure_5c_script,0,5,MBON-\alpha3,1,1,april-3modules-attractive.fig,12.970037304420622,17.111955162890442,4.141917858469821
April 2024,3,figure_5c_script,0,5,MBON-\alpha3,1,2,april-3modules-attractive.fig,16.214690997945176,19.96,3.7453090020548245
April 2024,3,figure_5c_script,0,5,MBON-\alpha3,1,3,april-3modules-attractive.fig,19.96,19.96,0.0
April 2024,3,figure_5c_script,0,5,MBON-\alpha3,1,4,april-3modules-attractive.fig,19.96,19.96,0.0
April 2024,3,figure_5c_script,0,5,MBON-\alpha3,1,5,april-3modules-attractive.fig,19.96,19.96,0.0
April 2024,3,figure_5c_script,1,0,DAN-\gamma1pedc,0,0,april-3modules-repulsive.fig,3.712322602999974,3.712322602999974,0.0
April 2024,3,figure_5c_script,1,0,DAN-\gamma1pedc,0,1,april-3modules-repulsive.fig,2.2158437585224466,2.7787692748682415,0.5629255163457949
April 2024,3,figure_5c_script,1,0,DAN-\gamma1pedc,0,2,april-3modules-repulsive.fig,2.434182789996066,3.052187991439234,0.6180052014431676
April 2024,3,figure_5c_script,1,0,DAN-\gamma1pedc,0,3,april-3modules-repulsive.fig,4.045271413065434,4.118410339158889,0.0731389260934554
April 2024,3,figure_5c_script,1,0,DAN-\gamma1pedc,0,4,april-3modules-repulsive.fig,3.726437891466734,3.729057505315564,0.002619613848830138
April 2024,3,figure_5c_script,1,0,DAN-\gamma1pedc,0,5,april-3modules-repulsive.fig,3.712322602999974,3.712322602999974,0.0
April 2024,3,figure_5c_script,1,0,DAN-\gamma1pedc,1,0,april-3modules-repulsive.fig,3.712322602999974,3.712322602999974,0.0
April 2024,3,figure_5c_script,1,0,DAN-\gamma1pedc,1,1,april-3modules-repulsive.fig,1.530694658438212,2.005219876383376,0.474525217945164
April 2024,3,figure_5c_script,1,0,DAN-\gamma1pedc,1,2,april-3modules-repulsive.fig,1.5369490905285006,2.0261991587972346,0.48925006826873396
April 2024,3,figure_5c_script,1,0,DAN-\gamma1pedc,1,3,april-3modules-repulsive.fig,3.7587296277289797,3.7660710481228317,0.007341420393851994
April 2024,3,figure_5c_script,1,0,DAN-\gamma1pedc,1,4,april-3modules-repulsive.fig,3.7179696403826403,3.718613840740345,0.0006442003577045163
April 2024,3,figure_5c_script,1,0,DAN-\gamma1pedc,1,5,april-3modules-repulsive.fig,3.712322602999974,3.712322602999974,0.0
April 2024,3,figure_5c_script,1,1,DAN-\alpha'2\alpha2,0,0,april-3modules-repulsive.fig,2.233236853685896,2.233236853685896,0.0
April 2024,3,figure_5c_script,1,1,DAN-\alpha'2\alpha2,0,1,april-3modules-repulsive.fig,2.5025591556346374,3.020101267141443,0.5175421115068057
April 2024,3,figure_5c_script,1,1,DAN-\alpha'2\alpha2,0,2,april-3modules-repulsive.fig,2.703680405528713,3.1413145165822196,0.43763411105350647
April 2024,3,figure_5c_script,1,1,DAN-\alpha'2\alpha2,0,3,april-3modules-repulsive.fig,1.6560455160046117,1.607182340178745,-0.048863175825866634
April 2024,3,figure_5c_script,1,1,DAN-\alpha'2\alpha2,0,4,april-3modules-repulsive.fig,1.6439665488216804,1.5752649125127918,-0.06870163630888859
April 2024,3,figure_5c_script,1,1,DAN-\alpha'2\alpha2,0,5,april-3modules-repulsive.fig,1.5926164691346538,1.5757682042265904,-0.01684826490806346
April 2024,3,figure_5c_script,1,1,DAN-\alpha'2\alpha2,1,0,april-3modules-repulsive.fig,2.233236853685896,2.233236853685896,0.0
April 2024,3,figure_5c_script,1,1,DAN-\alpha'2\alpha2,1,1,april-3modules-repulsive.fig,0.8355824076508855,1.0641358375320797,0.2285534298811942
April 2024,3,figure_5c_script,1,1,DAN-\alpha'2\alpha2,1,2,april-3modules-repulsive.fig,0.7465915694833354,0.9370499130203279,0.19045834353699254
April 2024,3,figure_5c_script,1,1,DAN-\alpha'2\alpha2,1,3,april-3modules-repulsive.fig,1.5577797650797467,1.479867871525018,-0.07791189355472872
April 2024,3,figure_5c_script,1,1,DAN-\alpha'2\alpha2,1,4,april-3modules-repulsive.fig,1.88261519470832,1.86375136995694,-0.018863824751380154
April 2024,3,figure_5c_script,1,1,DAN-\alpha'2\alpha2,1,5,april-3modules-repulsive.fig,1.7620145721147968,1.7622699510640056,0.00025537894920879545
April 2024,3,figure_5c_script,1,2,DAN-\alpha3,0,0,april-3modules-repulsive.fig,3.5804984307050383,3.5804984307050383,0.0
April 2024,3,figure_5c_script,1,2,DAN-\alpha3,0,1,april-3modules-repulsive.fig,8.610251528136853,10.465110264235381,1.854858736098528
April 2024,3,figure_5c_script,1,2,DAN-\alpha3,0,2,april-3modules-repulsive.fig,10.82094261233711,13.207281605671188,2.3863389933340784
April 2024,3,figure_5c_script,1,2,DAN-\alpha3,0,3,april-3modules-repulsive.fig,7.0740444867151115,7.934847475857918,0.8608029891428064
April 2024,3,figure_5c_script,1,2,DAN-\alpha3,0,4,april-3modules-repulsive.fig,3.7219313798175033,3.7480343149240394,0.02610293510653605
April 2024,3,figure_5c_script,1,2,DAN-\alpha3,0,5,april-3modules-repulsive.fig,3.580498387874366,3.5804983851629384,-2.7114275269468635e-09
April 2024,3,figure_5c_script,1,2,DAN-\alpha3,1,0,april-3modules-repulsive.fig,3.5804984307050383,3.5804984307050383,0.0
April 2024,3,figure_5c_script,1,2,DAN-\alpha3,1,1,april-3modules-repulsive.fig,2.817968092853534,3.59831398175328,0.7803458888997463
April 2024,3,figure_5c_script,1,2,DAN-\alpha3,1,2,april-3modules-repulsive.fig,2.9181637058639485,3.8271704913634754,0.909006785499527
April 2024,3,figure_5c_script,1,2,DAN-\alpha3,1,3,april-3modules-repulsive.fig,4.226322686566892,4.43567769847523,0.20935501190833783
April 2024,3,figure_5c_script,1,2,DAN-\alpha3,1,4,april-3modules-repulsive.fig,3.6375882525867755,3.644016434096372,0.006428181509596342
April 2024,3,figure_5c_script,1,2,DAN-\alpha3,1,5,april-3modules-repulsive.fig,3.5804984090916054,3.580498408379732,-7.11873227032811e-10
April 2024,3,figure_5c_script,1,3,MBON-\gamma1pedc>\alpha/\beta,0,0,april-3modules-repulsive.fig,22.616771718430968,22.616771718430968,0.0
April 2024,3,figure_5c_script,1,3,MBON-\gamma1pedc>\alpha/\beta,0,1,april-3modules-repulsive.fig,-9.663867648278423,-10.928963021117703,-1.26509537283928
April 2024,3,figure_5c_script,1,3,MBON-\gamma1pedc>\alpha/\beta,0,2,april-3modules-repulsive.fig,-15.49092422156896,-18.132224180067922,-2.641299958498962
April 2024,3,figure_5c_script,1,3,MBON-\gamma1pedc>\alpha/\beta,0,3,april-3modules-repulsive.fig,13.292900307986237,10.910586763475834,-2.382313544510403
April 2024,3,figure_5c_script,1,3,MBON-\gamma1pedc>\alpha/\beta,0,4,april-3modules-repulsive.fig,22.24537473091931,22.176967807261192,-0.06840692365811663
April 2024,3,figure_5c_script,1,3,MBON-\gamma1pedc>\alpha/\beta,0,5,april-3modules-repulsive.fig,22.616771718430968,22.616771718430968,0.0
April 2024,3,figure_5c_script,1,3,MBON-\gamma1pedc>\alpha/\beta,1,0,april-3modules-repulsive.fig,22.616771718430968,22.616771718430968,0.0
April 2024,3,figure_5c_script,1,3,MBON-\gamma1pedc>\alpha/\beta,1,1,april-3modules-repulsive.fig,4.524594070607634,6.26090964474821,1.7363155741405762
April 2024,3,figure_5c_script,1,3,MBON-\gamma1pedc>\alpha/\beta,1,2,april-3modules-repulsive.fig,4.225740701866826,5.642180935798095,1.4164402339312687
April 2024,3,figure_5c_script,1,3,MBON-\gamma1pedc>\alpha/\beta,1,3,april-3modules-repulsive.fig,20.748624526805088,20.069524824663013,-0.679099702142075
April 2024,3,figure_5c_script,1,3,MBON-\gamma1pedc>\alpha/\beta,1,4,april-3modules-repulsive.fig,22.46637295183114,22.44951815772992,-0.016854794101220705
April 2024,3,figure_5c_script,1,3,MBON-\gamma1pedc>\alpha/\beta,1,5,april-3modules-repulsive.fig,22.616771718430968,22.616771718430968,0.0
April 2024,3,figure_5c_script,1,4,MBON-\alpha2sc,0,0,april-3modules-repulsive.fig,8.452033193768223,8.452033193768223,0.0
April 2024,3,figure_5c_script,1,4,MBON-\alpha2sc,0,1,april-3modules-repulsive.fig,4.683382783548268,5.516035295317641,0.832652511769373
April 2024,3,figure_5c_script,1,4,MBON-\alpha2sc,0,2,april-3modules-repulsive.fig,3.1843061604744207,2.826581455779932,-0.3577247046944887
April 2024,3,figure_5c_script,1,4,MBON-\alpha2sc,0,3,april-3modules-repulsive.fig,0.3043025880200467,-1.096151120606331,-1.4004537086263777
April 2024,3,figure_5c_script,1,4,MBON-\alpha2sc,0,4,april-3modules-repulsive.fig,4.464836654559431,3.987797191519128,-0.47703946304030254
April 2024,3,figure_5c_script,1,4,MBON-\alpha2sc,0,5,april-3modules-repulsive.fig,4.31211521388143,4.203235701919525,-0.1088795119619057
April 2024,3,figure_5c_script,1,4,MBON-\alpha2sc,1,0,april-3modules-repulsive.fig,8.452033193768223,8.452033193768223,0.0
April 2024,3,figure_5c_script,1,4,MBON-\alpha2sc,1,1,april-3modules-repulsive.fig,1.292681348281219,1.6105121154443118,0.3178307671630929
April 2024,3,figure_5c_script,1,4,MBON-\alpha2sc,1,2,april-3modules-repulsive.fig,0.5923091189046552,0.5001984641413006,-0.09211065476335456
April 2024,3,figure_5c_script,1,4,MBON-\alpha2sc,1,3,april-3modules-repulsive.fig,3.276843564708324,2.514044983439689,-0.7627985812686351
April 2024,3,figure_5c_script,1,4,MBON-\alpha2sc,1,4,april-3modules-repulsive.fig,6.113909717023288,5.98386266930688,-0.13004704771640796
April 2024,3,figure_5c_script,1,4,MBON-\alpha2sc,1,5,april-3modules-repulsive.fig,5.406826323921223,5.408476674002191,0.0016503500809683658
April 2024,3,figure_5c_script,1,5,MBON-\alpha3,0,0,april-3modules-repulsive.fig,14.531713112850106,14.531713112850106,0.0
April 2024,3,figure_5c_script,1,5,MBON-\alpha3,0,1,april-3modules-repulsive.fig,-11.2,-11.2,0.0
April 2024,3,figure_5c_script,1,5,MBON-\alpha3,0,2,april-3modules-repulsive.fig,-11.2,-11.2,0.0
April 2024,3,figure_5c_script,1,5,MBON-\alpha3,0,3,april-3modules-repulsive.fig,-11.2,-11.2,0.0
April 2024,3,figure_5c_script,1,5,MBON-\alpha3,0,4,april-3modules-repulsive.fig,-4.277625711066305,-7.051381498988048,-2.7737557879217434
April 2024,3,figure_5c_script,1,5,MBON-\alpha3,0,5,april-3modules-repulsive.fig,-1.8235481175721695,-3.0121314330255213,-1.1885833154533518
April 2024,3,figure_5c_script,1,5,MBON-\alpha3,1,0,april-3modules-repulsive.fig,14.531713112850106,14.531713112850106,0.0
April 2024,3,figure_5c_script,1,5,MBON-\alpha3,1,1,april-3modules-repulsive.fig,-1.5448412808169714,-2.0443115797070153,-0.4994702988900439
April 2024,3,figure_5c_script,1,5,MBON-\alpha3,1,2,april-3modules-repulsive.fig,-5.019009670364469,-7.911457243497537,-2.892447573133068
April 2024,3,figure_5c_script,1,5,MBON-\alpha3,1,3,april-3modules-repulsive.fig,-1.1196690463373926,-4.513069309658869,-3.3934002633214764
April 2024,3,figure_5c_script,1,5,MBON-\alpha3,1,4,april-3modules-repulsive.fig,7.997196265791043,7.2357597136505625,-0.7614365521404807
April 2024,3,figure_5c_script,1,5,MBON-\alpha3,1,5,april-3modules-repulsive.fig,7.234540077752946,6.892246522768843,-0.34229355498410285
