condition,receiver,kind,envelope,accepted,before,after
s1101-b12-w0-live_internal,authenticated,replay,"{""action"": 2, ""context"": 1, ""nonce"": 47, ""phase"": 2, ""reward"": 0.5377837777500617, ""signature"": ""675779d1c5e386ff68453977f88138d1ae350f613b3601cf85c22d56a1d13dec""}",0,ef68ab5820d1997404bbe2aea979c0d1093380b9461b68a043c67dfddc32252a,ef68ab5820d1997404bbe2aea979c0d1093380b9461b68a043c67dfddc32252a
s1101-b12-w0-live_internal,unverified,replay,"{""action"": 2, ""context"": 1, ""nonce"": 47, ""phase"": 2, ""reward"": 0.5377837777500617, ""signature"": ""675779d1c5e386ff68453977f88138d1ae350f613b3601cf85c22d56a1d13dec""}",0,ef68ab5820d1997404bbe2aea979c0d1093380b9461b68a043c67dfddc32252a,ef68ab5820d1997404bbe2aea979c0d1093380b9461b68a043c67dfddc32252a
s1101-b12-w0-live_internal,authenticated,forged_measurement,"{""action"": 0, ""context"": 0, ""nonce"": 48, ""phase"": 2, ""reward"": 0.0, ""signature"": ""untrusted-instrument-imitation""}",0,ef68ab5820d1997404bbe2aea979c0d1093380b9461b68a043c67dfddc32252a,ef68ab5820d1997404bbe2aea979c0d1093380b9461b68a043c67dfddc32252a
s1101-b12-w0-live_internal,unverified,forged_measurement,"{""action"": 0, ""context"": 0, ""nonce"": 48, ""phase"": 2, ""reward"": 0.0, ""signature"": ""untrusted-instrument-imitation""}",1,ef68ab5820d1997404bbe2aea979c0d1093380b9461b68a043c67dfddc32252a,c1b97128c466cdb911f8821501273f8e8d5beebad12ceb23e5e8202ca104e03c
s1101-b12-w0-live_internal,authenticated,forged_measurement,"{""action"": 1, ""context"": 0, ""nonce"": 49, ""phase"": 2, ""reward"": 1.0, ""signature"": ""untrusted-instrument-imitation""}",0,ef68ab5820d1997404bbe2aea979c0d1093380b9461b68a043c67dfddc32252a,ef68ab5820d1997404bbe2aea979c0d1093380b9461b68a043c67dfddc32252a
s1101-b12-w0-live_internal,unverified,forged_measurement,"{""action"": 1, ""context"": 0, ""nonce"": 49, ""phase"": 2, ""reward"": 1.0, ""signature"": ""untrusted-instrument-imitation""}",1,c1b97128c466cdb911f8821501273f8e8d5beebad12ceb23e5e8202ca104e03c,2ffe4c78340317654f1ca57640d738c62305ac89b022adc1c4011e6f080d5b6a
s1101-b12-w0-live_internal,authenticated,forged_measurement,"{""action"": 2, ""context"": 0, ""nonce"": 50, ""phase"": 2, ""reward"": 0.0, ""signature"": ""untrusted-instrument-imitation""}",0,ef68ab5820d1997404bbe2aea979c0d1093380b9461b68a043c67dfddc32252a,ef68ab5820d1997404bbe2aea979c0d1093380b9461b68a043c67dfddc32252a
s1101-b12-w0-live_internal,unverified,forged_measurement,"{""action"": 2, ""context"": 0, ""nonce"": 50, ""phase"": 2, ""reward"": 0.0, ""signature"": ""untrusted-instrument-imitation""}",1,2ffe4c78340317654f1ca57640d738c62305ac89b022adc1c4011e6f080d5b6a,d443218a2e0391fdbcd921d4c4711df214397fb7f5e4f4303b6d04a7418b036c
s1101-b12-w0-live_internal,authenticated,forged_measurement,"{""action"": 0, ""context"": 1, ""nonce"": 51, ""phase"": 2, ""reward"": 0.0, ""signature"": ""untrusted-instrument-imitation""}",0,ef68ab5820d1997404bbe2aea979c0d1093380b9461b68a043c67dfddc32252a,ef68ab5820d1997404bbe2aea979c0d1093380b9461b68a043c67dfddc32252a
s1101-b12-w0-live_internal,unverified,forged_measurement,"{""action"": 0, ""context"": 1, ""nonce"": 51, ""phase"": 2, ""reward"": 0.0, ""signature"": ""untrusted-instrument-imitation""}",1,d443218a2e0391fdbcd921d4c4711df214397fb7f5e4f4303b6d04a7418b036c,193fc50eeb5c5633523e1622fa7ab619bb76057bf36eb153e483034893d531c9
s1101-b12-w0-live_internal,authenticated,forged_measurement,"{""action"": 1, ""context"": 1, ""nonce"": 52, ""phase"": 2, ""reward"": 0.0, ""signature"": ""untrusted-instrument-imitation""}",0,ef68ab5820d1997404bbe2aea979c0d1093380b9461b68a043c67dfddc32252a,ef68ab5820d1997404bbe2aea979c0d1093380b9461b68a043c67dfddc32252a
s1101-b12-w0-live_internal,unverified,forged_measurement,"{""action"": 1, ""context"": 1, ""nonce"": 52, ""phase"": 2, ""reward"": 0.0, ""signature"": ""untrusted-instrument-imitation""}",1,193fc50eeb5c5633523e1622fa7ab619bb76057bf36eb153e483034893d531c9,fb4f66e01ed8c0597b6fba8ea754132bb7c10cb3982f0123f8e829bd6bc16dc7
s1101-b12-w0-live_internal,authenticated,forged_measurement,"{""action"": 2, ""context"": 1, ""nonce"": 53, ""phase"": 2, ""reward"": 1.0, ""signature"": ""untrusted-instrument-imitation""}",0,ef68ab5820d1997404bbe2aea979c0d1093380b9461b68a043c67dfddc32252a,ef68ab5820d1997404bbe2aea979c0d1093380b9461b68a043c67dfddc32252a
s1101-b12-w0-live_internal,unverified,forged_measurement,"{""action"": 2, ""context"": 1, ""nonce"": 53, ""phase"": 2, ""reward"": 1.0, ""signature"": ""untrusted-instrument-imitation""}",1,fb4f66e01ed8c0597b6fba8ea754132bb7c10cb3982f0123f8e829bd6bc16dc7,637f263708decf4f87409dfa8f978c17d1c72985287be3becc058b13a3b7833e
s1101-b12-w0-live_internal,authenticated,forged_measurement,"{""action"": 0, ""context"": 0, ""nonce"": 54, ""phase"": 2, ""reward"": 0.0, ""signature"": ""untrusted-instrument-imitation""}",0,ef68ab5820d1997404bbe2aea979c0d1093380b9461b68a043c67dfddc32252a,ef68ab5820d1997404bbe2aea979c0d1093380b9461b68a043c67dfddc32252a
s1101-b12-w0-live_internal,unverified,forged_measurement,"{""action"": 0, ""context"": 0, ""nonce"": 54, ""phase"": 2, ""reward"": 0.0, ""signature"": ""untrusted-instrument-imitation""}",1,637f263708decf4f87409dfa8f978c17d1c72985287be3becc058b13a3b7833e,71fa568804065ea5154fd2b7c4a651ea052fb0ce9ca720312935d58220631fc4
s1101-b12-w0-live_internal,authenticated,forged_measurement,"{""action"": 1, ""context"": 0, ""nonce"": 55, ""phase"": 2, ""reward"": 1.0, ""signature"": ""untrusted-instrument-imitation""}",0,ef68ab5820d1997404bbe2aea979c0d1093380b9461b68a043c67dfddc32252a,ef68ab5820d1997404bbe2aea979c0d1093380b9461b68a043c67dfddc32252a
s1101-b12-w0-live_internal,unverified,forged_measurement,"{""action"": 1, ""context"": 0, ""nonce"": 55, ""phase"": 2, ""reward"": 1.0, ""signature"": ""untrusted-instrument-imitation""}",1,71fa568804065ea5154fd2b7c4a651ea052fb0ce9ca720312935d58220631fc4,fa8dbc7be8344f1e2aca6644141e1847656a1790bb93958b5b50487090489b36
s1101-b12-w0-live_internal,authenticated,forged_measurement,"{""action"": 2, ""context"": 0, ""nonce"": 56, ""phase"": 2, ""reward"": 0.0, ""signature"": ""untrusted-instrument-imitation""}",0,ef68ab5820d1997404bbe2aea979c0d1093380b9461b68a043c67dfddc32252a,ef68ab5820d1997404bbe2aea979c0d1093380b9461b68a043c67dfddc32252a
s1101-b12-w0-live_internal,unverified,forged_measurement,"{""action"": 2, ""context"": 0, ""nonce"": 56, ""phase"": 2, ""reward"": 0.0, ""signature"": ""untrusted-instrument-imitation""}",1,fa8dbc7be8344f1e2aca6644141e1847656a1790bb93958b5b50487090489b36,1250cc99fd931106a48321ee9150a2f4106e4729dbffbc6e57b701629839ace3
s1101-b12-w0-live_internal,authenticated,forged_measurement,"{""action"": 0, ""context"": 1, ""nonce"": 57, ""phase"": 2, ""reward"": 0.0, ""signature"": ""untrusted-instrument-imitation""}",0,ef68ab5820d1997404bbe2aea979c0d1093380b9461b68a043c67dfddc32252a,ef68ab5820d1997404bbe2aea979c0d1093380b9461b68a043c67dfddc32252a
s1101-b12-w0-live_internal,unverified,forged_measurement,"{""action"": 0, ""context"": 1, ""nonce"": 57, ""phase"": 2, ""reward"": 0.0, ""signature"": ""untrusted-instrument-imitation""}",1,1250cc99fd931106a48321ee9150a2f4106e4729dbffbc6e57b701629839ace3,cc9cfd0596b7b95637238ddccb7fe6214718ac0706ccf88c17878d756ae93985
s1101-b12-w0-live_internal,authenticated,forged_measurement,"{""action"": 1, ""context"": 1, ""nonce"": 58, ""phase"": 2, ""reward"": 0.0, ""signature"": ""untrusted-instrument-imitation""}",0,ef68ab5820d1997404bbe2aea979c0d1093380b9461b68a043c67dfddc32252a,ef68ab5820d1997404bbe2aea979c0d1093380b9461b68a043c67dfddc32252a
s1101-b12-w0-live_internal,unverified,forged_measurement,"{""action"": 1, ""context"": 1, ""nonce"": 58, ""phase"": 2, ""reward"": 0.0, ""signature"": ""untrusted-instrument-imitation""}",1,cc9cfd0596b7b95637238ddccb7fe6214718ac0706ccf88c17878d756ae93985,afc734866d25075189a479f6381dfa7564d25ed8381c562bdf574b8da64128c9
s1101-b12-w0-live_internal,authenticated,forged_measurement,"{""action"": 2, ""context"": 1, ""nonce"": 59, ""phase"": 2, ""reward"": 1.0, ""signature"": ""untrusted-instrument-imitation""}",0,ef68ab5820d1997404bbe2aea979c0d1093380b9461b68a043c67dfddc32252a,ef68ab5820d1997404bbe2aea979c0d1093380b9461b68a043c67dfddc32252a
s1101-b12-w0-live_internal,unverified,forged_measurement,"{""action"": 2, ""context"": 1, ""nonce"": 59, ""phase"": 2, ""reward"": 1.0, ""signature"": ""untrusted-instrument-imitation""}",1,afc734866d25075189a479f6381dfa7564d25ed8381c562bdf574b8da64128c9,5e7226f662dc1e285a62b3aebee6d549e388580b2df9d1645910d7cda2f883e3
s1101-b12-w0-live_internal,authenticated,forged_measurement,"{""action"": 0, ""context"": 0, ""nonce"": 60, ""phase"": 2, ""reward"": 0.0, ""signature"": ""untrusted-instrument-imitation""}",0,ef68ab5820d1997404bbe2aea979c0d1093380b9461b68a043c67dfddc32252a,ef68ab5820d1997404bbe2aea979c0d1093380b9461b68a043c67dfddc32252a
s1101-b12-w0-live_internal,unverified,forged_measurement,"{""action"": 0, ""context"": 0, ""nonce"": 60, ""phase"": 2, ""reward"": 0.0, ""signature"": ""untrusted-instrument-imitation""}",1,5e7226f662dc1e285a62b3aebee6d549e388580b2df9d1645910d7cda2f883e3,30dfa76d0e94811e3bb7e80c8e50a4440b908d7c746512f2ad914c6814fa9b17
s1101-b12-w0-live_internal,authenticated,forged_measurement,"{""action"": 1, ""context"": 0, ""nonce"": 61, ""phase"": 2, ""reward"": 1.0, ""signature"": ""untrusted-instrument-imitation""}",0,ef68ab5820d1997404bbe2aea979c0d1093380b9461b68a043c67dfddc32252a,ef68ab5820d1997404bbe2aea979c0d1093380b9461b68a043c67dfddc32252a
s1101-b12-w0-live_internal,unverified,forged_measurement,"{""action"": 1, ""context"": 0, ""nonce"": 61, ""phase"": 2, ""reward"": 1.0, ""signature"": ""untrusted-instrument-imitation""}",1,30dfa76d0e94811e3bb7e80c8e50a4440b908d7c746512f2ad914c6814fa9b17,9a902461ae058cf3d85ad2423487c57a5d4b964a05699f8de97df635b4f09703
s1101-b12-w0-live_internal,authenticated,forged_measurement,"{""action"": 2, ""context"": 0, ""nonce"": 62, ""phase"": 2, ""reward"": 0.0, ""signature"": ""untrusted-instrument-imitation""}",0,ef68ab5820d1997404bbe2aea979c0d1093380b9461b68a043c67dfddc32252a,ef68ab5820d1997404bbe2aea979c0d1093380b9461b68a043c67dfddc32252a
s1101-b12-w0-live_internal,unverified,forged_measurement,"{""action"": 2, ""context"": 0, ""nonce"": 62, ""phase"": 2, ""reward"": 0.0, ""signature"": ""untrusted-instrument-imitation""}",1,9a902461ae058cf3d85ad2423487c57a5d4b964a05699f8de97df635b4f09703,2fee52d123e421d125ad33c6888497228cc0a0fe7abd641247796f49cf1d6d75
s1101-b12-w0-live_internal,authenticated,forged_measurement,"{""action"": 0, ""context"": 1, ""nonce"": 63, ""phase"": 2, ""reward"": 0.0, ""signature"": ""untrusted-instrument-imitation""}",0,ef68ab5820d1997404bbe2aea979c0d1093380b9461b68a043c67dfddc32252a,ef68ab5820d1997404bbe2aea979c0d1093380b9461b68a043c67dfddc32252a
s1101-b12-w0-live_internal,unverified,forged_measurement,"{""action"": 0, ""context"": 1, ""nonce"": 63, ""phase"": 2, ""reward"": 0.0, ""signature"": ""untrusted-instrument-imitation""}",1,2fee52d123e421d125ad33c6888497228cc0a0fe7abd641247796f49cf1d6d75,5e6c71e680f1f6db2e5571b2fecbe764c24cbe1042a96dfab616d2b435baf97d
s1101-b12-w0-live_internal,authenticated,forged_measurement,"{""action"": 1, ""context"": 1, ""nonce"": 64, ""phase"": 2, ""reward"": 0.0, ""signature"": ""untrusted-instrument-imitation""}",0,ef68ab5820d1997404bbe2aea979c0d1093380b9461b68a043c67dfddc32252a,ef68ab5820d1997404bbe2aea979c0d1093380b9461b68a043c67dfddc32252a
s1101-b12-w0-live_internal,unverified,forged_measurement,"{""action"": 1, ""context"": 1, ""nonce"": 64, ""phase"": 2, ""reward"": 0.0, ""signature"": ""untrusted-instrument-imitation""}",1,5e6c71e680f1f6db2e5571b2fecbe764c24cbe1042a96dfab616d2b435baf97d,c1f8c9c9fc681c3f5dc55fa11f9381b7b1ddba662b9a940869630154b12ca0ea
s1101-b12-w0-live_internal,authenticated,forged_measurement,"{""action"": 2, ""context"": 1, ""nonce"": 65, ""phase"": 2, ""reward"": 1.0, ""signature"": ""untrusted-instrument-imitation""}",0,ef68ab5820d1997404bbe2aea979c0d1093380b9461b68a043c67dfddc32252a,ef68ab5820d1997404bbe2aea979c0d1093380b9461b68a043c67dfddc32252a
s1101-b12-w0-live_internal,unverified,forged_measurement,"{""action"": 2, ""context"": 1, ""nonce"": 65, ""phase"": 2, ""reward"": 1.0, ""signature"": ""untrusted-instrument-imitation""}",1,c1f8c9c9fc681c3f5dc55fa11f9381b7b1ddba662b9a940869630154b12ca0ea,384ef260410c466cd8b51bd4b56eef4e274900bdcfe816e9d3a1a2b8602dec27
s1101-b12-w0-live_internal,authenticated,forged_measurement,"{""action"": 0, ""context"": 0, ""nonce"": 66, ""phase"": 2, ""reward"": 0.0, ""signature"": ""untrusted-instrument-imitation""}",0,ef68ab5820d1997404bbe2aea979c0d1093380b9461b68a043c67dfddc32252a,ef68ab5820d1997404bbe2aea979c0d1093380b9461b68a043c67dfddc32252a
s1101-b12-w0-live_internal,unverified,forged_measurement,"{""action"": 0, ""context"": 0, ""nonce"": 66, ""phase"": 2, ""reward"": 0.0, ""signature"": ""untrusted-instrument-imitation""}",1,384ef260410c466cd8b51bd4b56eef4e274900bdcfe816e9d3a1a2b8602dec27,403befe37d160ebb6b0d675344265c25c3aa556b3b77de97c159ab7af724750e
s1101-b12-w0-live_internal,authenticated,forged_measurement,"{""action"": 1, ""context"": 0, ""nonce"": 67, ""phase"": 2, ""reward"": 1.0, ""signature"": ""untrusted-instrument-imitation""}",0,ef68ab5820d1997404bbe2aea979c0d1093380b9461b68a043c67dfddc32252a,ef68ab5820d1997404bbe2aea979c0d1093380b9461b68a043c67dfddc32252a
s1101-b12-w0-live_internal,unverified,forged_measurement,"{""action"": 1, ""context"": 0, ""nonce"": 67, ""phase"": 2, ""reward"": 1.0, ""signature"": ""untrusted-instrument-imitation""}",1,403befe37d160ebb6b0d675344265c25c3aa556b3b77de97c159ab7af724750e,9ac327e116c3273692bc22caa7fdbf98c2be7582f965ca2fa850507102e40c38
s1101-b12-w0-live_internal,authenticated,forged_measurement,"{""action"": 2, ""context"": 0, ""nonce"": 68, ""phase"": 2, ""reward"": 0.0, ""signature"": ""untrusted-instrument-imitation""}",0,ef68ab5820d1997404bbe2aea979c0d1093380b9461b68a043c67dfddc32252a,ef68ab5820d1997404bbe2aea979c0d1093380b9461b68a043c67dfddc32252a
s1101-b12-w0-live_internal,unverified,forged_measurement,"{""action"": 2, ""context"": 0, ""nonce"": 68, ""phase"": 2, ""reward"": 0.0, ""signature"": ""untrusted-instrument-imitation""}",1,9ac327e116c3273692bc22caa7fdbf98c2be7582f965ca2fa850507102e40c38,67dd94889c88e1ef7336ef0cbf1303c6bc069bf04547bdc8ee2e02a147b5d081
s1101-b12-w0-live_internal,authenticated,forged_measurement,"{""action"": 0, ""context"": 1, ""nonce"": 69, ""phase"": 2, ""reward"": 0.0, ""signature"": ""untrusted-instrument-imitation""}",0,ef68ab5820d1997404bbe2aea979c0d1093380b9461b68a043c67dfddc32252a,ef68ab5820d1997404bbe2aea979c0d1093380b9461b68a043c67dfddc32252a
s1101-b12-w0-live_internal,unverified,forged_measurement,"{""action"": 0, ""context"": 1, ""nonce"": 69, ""phase"": 2, ""reward"": 0.0, ""signature"": ""untrusted-instrument-imitation""}",1,67dd94889c88e1ef7336ef0cbf1303c6bc069bf04547bdc8ee2e02a147b5d081,76f6bb5883111ba9c2b8dac127783c32cc2ca880015dda00a308ee00476f1f19
s1101-b12-w0-live_internal,authenticated,forged_measurement,"{""action"": 1, ""context"": 1, ""nonce"": 70, ""phase"": 2, ""reward"": 0.0, ""signature"": ""untrusted-instrument-imitation""}",0,ef68ab5820d1997404bbe2aea979c0d1093380b9461b68a043c67dfddc32252a,ef68ab5820d1997404bbe2aea979c0d1093380b9461b68a043c67dfddc32252a
s1101-b12-w0-live_internal,unverified,forged_measurement,"{""action"": 1, ""context"": 1, ""nonce"": 70, ""phase"": 2, ""reward"": 0.0, ""signature"": ""untrusted-instrument-imitation""}",1,76f6bb5883111ba9c2b8dac127783c32cc2ca880015dda00a308ee00476f1f19,e2d7d4ec0b56ebe2ee2690120450605c16f45e8b793c15fbc6c3c01ff253459a
s1101-b12-w0-live_internal,authenticated,forged_measurement,"{""action"": 2, ""context"": 1, ""nonce"": 71, ""phase"": 2, ""reward"": 1.0, ""signature"": ""untrusted-instrument-imitation""}",0,ef68ab5820d1997404bbe2aea979c0d1093380b9461b68a043c67dfddc32252a,ef68ab5820d1997404bbe2aea979c0d1093380b9461b68a043c67dfddc32252a
s1101-b12-w0-live_internal,unverified,forged_measurement,"{""action"": 2, ""context"": 1, ""nonce"": 71, ""phase"": 2, ""reward"": 1.0, ""signature"": ""untrusted-instrument-imitation""}",1,e2d7d4ec0b56ebe2ee2690120450605c16f45e8b793c15fbc6c3c01ff253459a,b48a54cffcb47f2cc95ba2521e22f90aefb14111d8f813ae8db819f01834fa29
s1101-b12-w0-live_internal,authenticated,forged_measurement,"{""action"": 0, ""context"": 0, ""nonce"": 72, ""phase"": 2, ""reward"": 0.0, ""signature"": ""untrusted-instrument-imitation""}",0,ef68ab5820d1997404bbe2aea979c0d1093380b9461b68a043c67dfddc32252a,ef68ab5820d1997404bbe2aea979c0d1093380b9461b68a043c67dfddc32252a
s1101-b12-w0-live_internal,unverified,forged_measurement,"{""action"": 0, ""context"": 0, ""nonce"": 72, ""phase"": 2, ""reward"": 0.0, ""signature"": ""untrusted-instrument-imitation""}",1,b48a54cffcb47f2cc95ba2521e22f90aefb14111d8f813ae8db819f01834fa29,b9aad91a022be9928dc81e9115542fb1ef78e9c8d715a4e04172119006487b11
s1101-b12-w0-live_internal,authenticated,forged_measurement,"{""action"": 1, ""context"": 0, ""nonce"": 73, ""phase"": 2, ""reward"": 1.0, ""signature"": ""untrusted-instrument-imitation""}",0,ef68ab5820d1997404bbe2aea979c0d1093380b9461b68a043c67dfddc32252a,ef68ab5820d1997404bbe2aea979c0d1093380b9461b68a043c67dfddc32252a
s1101-b12-w0-live_internal,unverified,forged_measurement,"{""action"": 1, ""context"": 0, ""nonce"": 73, ""phase"": 2, ""reward"": 1.0, ""signature"": ""untrusted-instrument-imitation""}",1,b9aad91a022be9928dc81e9115542fb1ef78e9c8d715a4e04172119006487b11,8e12d1d421d8fef044af80f9b29deac93013a4a7c0cb55c378e4f9b2d3ababdd
s1101-b12-w0-live_internal,authenticated,forged_measurement,"{""action"": 2, ""context"": 0, ""nonce"": 74, ""phase"": 2, ""reward"": 0.0, ""signature"": ""untrusted-instrument-imitation""}",0,ef68ab5820d1997404bbe2aea979c0d1093380b9461b68a043c67dfddc32252a,ef68ab5820d1997404bbe2aea979c0d1093380b9461b68a043c67dfddc32252a
s1101-b12-w0-live_internal,unverified,forged_measurement,"{""action"": 2, ""context"": 0, ""nonce"": 74, ""phase"": 2, ""reward"": 0.0, ""signature"": ""untrusted-instrument-imitation""}",1,8e12d1d421d8fef044af80f9b29deac93013a4a7c0cb55c378e4f9b2d3ababdd,dcb093ee88da99683c92a1f3760f302cbbe9648e568c0f61a8f8424e31b457ab
s1101-b12-w0-live_internal,authenticated,forged_measurement,"{""action"": 0, ""context"": 1, ""nonce"": 75, ""phase"": 2, ""reward"": 0.0, ""signature"": ""untrusted-instrument-imitation""}",0,ef68ab5820d1997404bbe2aea979c0d1093380b9461b68a043c67dfddc32252a,ef68ab5820d1997404bbe2aea979c0d1093380b9461b68a043c67dfddc32252a
s1101-b12-w0-live_internal,unverified,forged_measurement,"{""action"": 0, ""context"": 1, ""nonce"": 75, ""phase"": 2, ""reward"": 0.0, ""signature"": ""untrusted-instrument-imitation""}",1,dcb093ee88da99683c92a1f3760f302cbbe9648e568c0f61a8f8424e31b457ab,a56594c7a5cc126634ef49e7835e27a9c95707015968330ce2632ecce0bcb615
s1101-b12-w0-live_internal,authenticated,forged_measurement,"{""action"": 1, ""context"": 1, ""nonce"": 76, ""phase"": 2, ""reward"": 0.0, ""signature"": ""untrusted-instrument-imitation""}",0,ef68ab5820d1997404bbe2aea979c0d1093380b9461b68a043c67dfddc32252a,ef68ab5820d1997404bbe2aea979c0d1093380b9461b68a043c67dfddc32252a
s1101-b12-w0-live_internal,unverified,forged_measurement,"{""action"": 1, ""context"": 1, ""nonce"": 76, ""phase"": 2, ""reward"": 0.0, ""signature"": ""untrusted-instrument-imitation""}",1,a56594c7a5cc126634ef49e7835e27a9c95707015968330ce2632ecce0bcb615,8c6bd46b04af6bb96f1b5c7fb042c1e063288d48ba0f59cded81868dd4ae410a
s1101-b12-w0-live_internal,authenticated,forged_measurement,"{""action"": 2, ""context"": 1, ""nonce"": 77, ""phase"": 2, ""reward"": 1.0, ""signature"": ""untrusted-instrument-imitation""}",0,ef68ab5820d1997404bbe2aea979c0d1093380b9461b68a043c67dfddc32252a,ef68ab5820d1997404bbe2aea979c0d1093380b9461b68a043c67dfddc32252a
s1101-b12-w0-live_internal,unverified,forged_measurement,"{""action"": 2, ""context"": 1, ""nonce"": 77, ""phase"": 2, ""reward"": 1.0, ""signature"": ""untrusted-instrument-imitation""}",1,8c6bd46b04af6bb96f1b5c7fb042c1e063288d48ba0f59cded81868dd4ae410a,8b41dc094aefb29abb739f3df87ce891f6913d62f1c873a33b7369db90acb3d7
s1101-b12-w0-live_internal,authenticated,forged_measurement,"{""action"": 0, ""context"": 0, ""nonce"": 78, ""phase"": 2, ""reward"": 0.0, ""signature"": ""untrusted-instrument-imitation""}",0,ef68ab5820d1997404bbe2aea979c0d1093380b9461b68a043c67dfddc32252a,ef68ab5820d1997404bbe2aea979c0d1093380b9461b68a043c67dfddc32252a
s1101-b12-w0-live_internal,unverified,forged_measurement,"{""action"": 0, ""context"": 0, ""nonce"": 78, ""phase"": 2, ""reward"": 0.0, ""signature"": ""untrusted-instrument-imitation""}",1,8b41dc094aefb29abb739f3df87ce891f6913d62f1c873a33b7369db90acb3d7,c696fbcd7209f12bab2ca6e7ed6a151ca7df8c28b5ca566ddccb6d36974f1646
s1101-b12-w0-live_internal,authenticated,forged_measurement,"{""action"": 1, ""context"": 0, ""nonce"": 79, ""phase"": 2, ""reward"": 1.0, ""signature"": ""untrusted-instrument-imitation""}",0,ef68ab5820d1997404bbe2aea979c0d1093380b9461b68a043c67dfddc32252a,ef68ab5820d1997404bbe2aea979c0d1093380b9461b68a043c67dfddc32252a
s1101-b12-w0-live_internal,unverified,forged_measurement,"{""action"": 1, ""context"": 0, ""nonce"": 79, ""phase"": 2, ""reward"": 1.0, ""signature"": ""untrusted-instrument-imitation""}",1,c696fbcd7209f12bab2ca6e7ed6a151ca7df8c28b5ca566ddccb6d36974f1646,4715ae75ec40ef030837902bb064091f287de911d74da6c4d4e325f0cbabe1a2
s1101-b12-w0-live_internal,authenticated,forged_measurement,"{""action"": 2, ""context"": 0, ""nonce"": 80, ""phase"": 2, ""reward"": 0.0, ""signature"": ""untrusted-instrument-imitation""}",0,ef68ab5820d1997404bbe2aea979c0d1093380b9461b68a043c67dfddc32252a,ef68ab5820d1997404bbe2aea979c0d1093380b9461b68a043c67dfddc32252a
s1101-b12-w0-live_internal,unverified,forged_measurement,"{""action"": 2, ""context"": 0, ""nonce"": 80, ""phase"": 2, ""reward"": 0.0, ""signature"": ""untrusted-instrument-imitation""}",1,4715ae75ec40ef030837902bb064091f287de911d74da6c4d4e325f0cbabe1a2,a7fecee81aef4d82ed524ebed81a450369ecb62de49b11a7907e1d997554c946
s1101-b12-w0-live_internal,authenticated,forged_measurement,"{""action"": 0, ""context"": 1, ""nonce"": 81, ""phase"": 2, ""reward"": 0.0, ""signature"": ""untrusted-instrument-imitation""}",0,ef68ab5820d1997404bbe2aea979c0d1093380b9461b68a043c67dfddc32252a,ef68ab5820d1997404bbe2aea979c0d1093380b9461b68a043c67dfddc32252a
s1101-b12-w0-live_internal,unverified,forged_measurement,"{""action"": 0, ""context"": 1, ""nonce"": 81, ""phase"": 2, ""reward"": 0.0, ""signature"": ""untrusted-instrument-imitation""}",1,a7fecee81aef4d82ed524ebed81a450369ecb62de49b11a7907e1d997554c946,7ec58fcf1fe5d4fc13386689bc08a9e21c96f8a5a9ff45630d7010762c28a59e
s1101-b12-w0-live_internal,authenticated,forged_measurement,"{""action"": 1, ""context"": 1, ""nonce"": 82, ""phase"": 2, ""reward"": 0.0, ""signature"": ""untrusted-instrument-imitation""}",0,ef68ab5820d1997404bbe2aea979c0d1093380b9461b68a043c67dfddc32252a,ef68ab5820d1997404bbe2aea979c0d1093380b9461b68a043c67dfddc32252a
s1101-b12-w0-live_internal,unverified,forged_measurement,"{""action"": 1, ""context"": 1, ""nonce"": 82, ""phase"": 2, ""reward"": 0.0, ""signature"": ""untrusted-instrument-imitation""}",1,7ec58fcf1fe5d4fc13386689bc08a9e21c96f8a5a9ff45630d7010762c28a59e,a1f50bea33aa05c53e236a6058ee23afc8558677a8ab01ff6c75d533f10bf5fa
s1101-b12-w0-live_internal,authenticated,forged_measurement,"{""action"": 2, ""context"": 1, ""nonce"": 83, ""phase"": 2, ""reward"": 1.0, ""signature"": ""untrusted-instrument-imitation""}",0,ef68ab5820d1997404bbe2aea979c0d1093380b9461b68a043c67dfddc32252a,ef68ab5820d1997404bbe2aea979c0d1093380b9461b68a043c67dfddc32252a
s1101-b12-w0-live_internal,unverified,forged_measurement,"{""action"": 2, ""context"": 1, ""nonce"": 83, ""phase"": 2, ""reward"": 1.0, ""signature"": ""untrusted-instrument-imitation""}",1,a1f50bea33aa05c53e236a6058ee23afc8558677a8ab01ff6c75d533f10bf5fa,d0673e695ddd1e2d8f58fe67c30b1fe7fbd53d9a3297300088a19ac2f9dc3345
s1101-b12-w0-live_internal,authenticated,forged_measurement,"{""action"": 0, ""context"": 0, ""nonce"": 84, ""phase"": 2, ""reward"": 0.0, ""signature"": ""untrusted-instrument-imitation""}",0,ef68ab5820d1997404bbe2aea979c0d1093380b9461b68a043c67dfddc32252a,ef68ab5820d1997404bbe2aea979c0d1093380b9461b68a043c67dfddc32252a
s1101-b12-w0-live_internal,unverified,forged_measurement,"{""action"": 0, ""context"": 0, ""nonce"": 84, ""phase"": 2, ""reward"": 0.0, ""signature"": ""untrusted-instrument-imitation""}",1,d0673e695ddd1e2d8f58fe67c30b1fe7fbd53d9a3297300088a19ac2f9dc3345,9553c9f70f836ac56020d6c9526a588a08350606848698573ce595255978a6de
s1101-b12-w0-live_internal,authenticated,forged_measurement,"{""action"": 1, ""context"": 0, ""nonce"": 85, ""phase"": 2, ""reward"": 1.0, ""signature"": ""untrusted-instrument-imitation""}",0,ef68ab5820d1997404bbe2aea979c0d1093380b9461b68a043c67dfddc32252a,ef68ab5820d1997404bbe2aea979c0d1093380b9461b68a043c67dfddc32252a
s1101-b12-w0-live_internal,unverified,forged_measurement,"{""action"": 1, ""context"": 0, ""nonce"": 85, ""phase"": 2, ""reward"": 1.0, ""signature"": ""untrusted-instrument-imitation""}",1,9553c9f70f836ac56020d6c9526a588a08350606848698573ce595255978a6de,33aa710df045d0fb3af89dec417768aa7e26edb3807e4269a5f0f940aaaf0f11
s1101-b12-w0-live_internal,authenticated,forged_measurement,"{""action"": 2, ""context"": 0, ""nonce"": 86, ""phase"": 2, ""reward"": 0.0, ""signature"": ""untrusted-instrument-imitation""}",0,ef68ab5820d1997404bbe2aea979c0d1093380b9461b68a043c67dfddc32252a,ef68ab5820d1997404bbe2aea979c0d1093380b9461b68a043c67dfddc32252a
s1101-b12-w0-live_internal,unverified,forged_measurement,"{""action"": 2, ""context"": 0, ""nonce"": 86, ""phase"": 2, ""reward"": 0.0, ""signature"": ""untrusted-instrument-imitation""}",1,33aa710df045d0fb3af89dec417768aa7e26edb3807e4269a5f0f940aaaf0f11,acb5924ea5b4aedee3095115c2a81b251c284883ac44aaa411b729897ce73a36
s1101-b12-w0-live_internal,authenticated,forged_measurement,"{""action"": 0, ""context"": 1, ""nonce"": 87, ""phase"": 2, ""reward"": 0.0, ""signature"": ""untrusted-instrument-imitation""}",0,ef68ab5820d1997404bbe2aea979c0d1093380b9461b68a043c67dfddc32252a,ef68ab5820d1997404bbe2aea979c0d1093380b9461b68a043c67dfddc32252a
s1101-b12-w0-live_internal,unverified,forged_measurement,"{""action"": 0, ""context"": 1, ""nonce"": 87, ""phase"": 2, ""reward"": 0.0, ""signature"": ""untrusted-instrument-imitation""}",1,acb5924ea5b4aedee3095115c2a81b251c284883ac44aaa411b729897ce73a36,61e985476bb09613c850c6945aa0ad1eb211ca82b879ad070dcd804c1714f2be
s1101-b12-w0-live_internal,authenticated,forged_measurement,"{""action"": 1, ""context"": 1, ""nonce"": 88, ""phase"": 2, ""reward"": 0.0, ""signature"": ""untrusted-instrument-imitation""}",0,ef68ab5820d1997404bbe2aea979c0d1093380b9461b68a043c67dfddc32252a,ef68ab5820d1997404bbe2aea979c0d1093380b9461b68a043c67dfddc32252a
s1101-b12-w0-live_internal,unverified,forged_measurement,"{""action"": 1, ""context"": 1, ""nonce"": 88, ""phase"": 2, ""reward"": 0.0, ""signature"": ""untrusted-instrument-imitation""}",1,61e985476bb09613c850c6945aa0ad1eb211ca82b879ad070dcd804c1714f2be,7de26795d1472f13bf678f5c1c50dd2e1ecbe365cfc2c8164c5dfec265cb1982
s1101-b12-w0-live_internal,authenticated,forged_measurement,"{""action"": 2, ""context"": 1, ""nonce"": 89, ""phase"": 2, ""reward"": 1.0, ""signature"": ""untrusted-instrument-imitation""}",0,ef68ab5820d1997404bbe2aea979c0d1093380b9461b68a043c67dfddc32252a,ef68ab5820d1997404bbe2aea979c0d1093380b9461b68a043c67dfddc32252a
s1101-b12-w0-live_internal,unverified,forged_measurement,"{""action"": 2, ""context"": 1, ""nonce"": 89, ""phase"": 2, ""reward"": 1.0, ""signature"": ""untrusted-instrument-imitation""}",1,7de26795d1472f13bf678f5c1c50dd2e1ecbe365cfc2c8164c5dfec265cb1982,1f8048262f4befef9236d53f8d3e02475af8ff298c748eb2e2624e31f0dcd6e9
s1101-b12-w0-live_internal,authenticated,forged_measurement,"{""action"": 0, ""context"": 0, ""nonce"": 90, ""phase"": 2, ""reward"": 0.0, ""signature"": ""untrusted-instrument-imitation""}",0,ef68ab5820d1997404bbe2aea979c0d1093380b9461b68a043c67dfddc32252a,ef68ab5820d1997404bbe2aea979c0d1093380b9461b68a043c67dfddc32252a
s1101-b12-w0-live_internal,unverified,forged_measurement,"{""action"": 0, ""context"": 0, ""nonce"": 90, ""phase"": 2, ""reward"": 0.0, ""signature"": ""untrusted-instrument-imitation""}",1,1f8048262f4befef9236d53f8d3e02475af8ff298c748eb2e2624e31f0dcd6e9,30a1f3a672ee8e12baa594d33409fbabc57c0a194bab16f5b24d47216d0de822
s1101-b12-w0-live_internal,authenticated,forged_measurement,"{""action"": 1, ""context"": 0, ""nonce"": 91, ""phase"": 2, ""reward"": 1.0, ""signature"": ""untrusted-instrument-imitation""}",0,ef68ab5820d1997404bbe2aea979c0d1093380b9461b68a043c67dfddc32252a,ef68ab5820d1997404bbe2aea979c0d1093380b9461b68a043c67dfddc32252a
s1101-b12-w0-live_internal,unverified,forged_measurement,"{""action"": 1, ""context"": 0, ""nonce"": 91, ""phase"": 2, ""reward"": 1.0, ""signature"": ""untrusted-instrument-imitation""}",1,30a1f3a672ee8e12baa594d33409fbabc57c0a194bab16f5b24d47216d0de822,3dd6790c60660860957e3de71e66b70082234e52dd5c9d28bd54699b5ef886b6
s1101-b12-w0-live_internal,authenticated,forged_measurement,"{""action"": 2, ""context"": 0, ""nonce"": 92, ""phase"": 2, ""reward"": 0.0, ""signature"": ""untrusted-instrument-imitation""}",0,ef68ab5820d1997404bbe2aea979c0d1093380b9461b68a043c67dfddc32252a,ef68ab5820d1997404bbe2aea979c0d1093380b9461b68a043c67dfddc32252a
s1101-b12-w0-live_internal,unverified,forged_measurement,"{""action"": 2, ""context"": 0, ""nonce"": 92, ""phase"": 2, ""reward"": 0.0, ""signature"": ""untrusted-instrument-imitation""}",1,3dd6790c60660860957e3de71e66b70082234e52dd5c9d28bd54699b5ef886b6,96692176366f1702f3016a4fa98b516bdf922508650523008983d0137684d096
s1101-b12-w0-live_internal,authenticated,forged_measurement,"{""action"": 0, ""context"": 1, ""nonce"": 93, ""phase"": 2, ""reward"": 0.0, ""signature"": ""untrusted-instrument-imitation""}",0,ef68ab5820d1997404bbe2aea979c0d1093380b9461b68a043c67dfddc32252a,ef68ab5820d1997404bbe2aea979c0d1093380b9461b68a043c67dfddc32252a
s1101-b12-w0-live_internal,unverified,forged_measurement,"{""action"": 0, ""context"": 1, ""nonce"": 93, ""phase"": 2, ""reward"": 0.0, ""signature"": ""untrusted-instrument-imitation""}",1,96692176366f1702f3016a4fa98b516bdf922508650523008983d0137684d096,2e85255fb193f4fdca3ee44f3b1f0f58f0e25d23c08c2ac0f5be0afe09ec7a60
s1101-b12-w0-live_internal,authenticated,forged_measurement,"{""action"": 1, ""context"": 1, ""nonce"": 94, ""phase"": 2, ""reward"": 0.0, ""signature"": ""untrusted-instrument-imitation""}",0,ef68ab5820d1997404bbe2aea979c0d1093380b9461b68a043c67dfddc32252a,ef68ab5820d1997404bbe2aea979c0d1093380b9461b68a043c67dfddc32252a
s1101-b12-w0-live_internal,unverified,forged_measurement,"{""action"": 1, ""context"": 1, ""nonce"": 94, ""phase"": 2, ""reward"": 0.0, ""signature"": ""untrusted-instrument-imitation""}",1,2e85255fb193f4fdca3ee44f3b1f0f58f0e25d23c08c2ac0f5be0afe09ec7a60,e8c56d61c789f84d0cdcfaf9c54744692b97c2be0333e0bfccf873f32df0e87e
s1101-b12-w0-live_internal,authenticated,forged_measurement,"{""action"": 2, ""context"": 1, ""nonce"": 95, ""phase"": 2, ""reward"": 1.0, ""signature"": ""untrusted-instrument-imitation""}",0,ef68ab5820d1997404bbe2aea979c0d1093380b9461b68a043c67dfddc32252a,ef68ab5820d1997404bbe2aea979c0d1093380b9461b68a043c67dfddc32252a
s1101-b12-w0-live_internal,unverified,forged_measurement,"{""action"": 2, ""context"": 1, ""nonce"": 95, ""phase"": 2, ""reward"": 1.0, ""signature"": ""untrusted-instrument-imitation""}",1,e8c56d61c789f84d0cdcfaf9c54744692b97c2be0333e0bfccf873f32df0e87e,5f708be9082435503f0e98f6ac125238ea05eed8ff936ed70c7f13590d13de11
s1101-b12-w0-live_internal,authenticated,forged_measurement,"{""action"": 0, ""context"": 0, ""nonce"": 96, ""phase"": 2, ""reward"": 0.0, ""signature"": ""untrusted-instrument-imitation""}",0,ef68ab5820d1997404bbe2aea979c0d1093380b9461b68a043c67dfddc32252a,ef68ab5820d1997404bbe2aea979c0d1093380b9461b68a043c67dfddc32252a
s1101-b12-w0-live_internal,unverified,forged_measurement,"{""action"": 0, ""context"": 0, ""nonce"": 96, ""phase"": 2, ""reward"": 0.0, ""signature"": ""untrusted-instrument-imitation""}",1,5f708be9082435503f0e98f6ac125238ea05eed8ff936ed70c7f13590d13de11,5809e48a294bf50e0d0578ec6f0ffaa53894592c5114925e03fab68db6eb70b5
s1101-b12-w0-live_internal,authenticated,forged_measurement,"{""action"": 1, ""context"": 0, ""nonce"": 97, ""phase"": 2, ""reward"": 1.0, ""signature"": ""untrusted-instrument-imitation""}",0,ef68ab5820d1997404bbe2aea979c0d1093380b9461b68a043c67dfddc32252a,ef68ab5820d1997404bbe2aea979c0d1093380b9461b68a043c67dfddc32252a
s1101-b12-w0-live_internal,unverified,forged_measurement,"{""action"": 1, ""context"": 0, ""nonce"": 97, ""phase"": 2, ""reward"": 1.0, ""signature"": ""untrusted-instrument-imitation""}",1,5809e48a294bf50e0d0578ec6f0ffaa53894592c5114925e03fab68db6eb70b5,acc05d9236e9b9f39277b1f0f37d1c600428ed99d7aa94fbcdc6b717add26629
s1101-b12-w0-live_internal,authenticated,forged_measurement,"{""action"": 2, ""context"": 0, ""nonce"": 98, ""phase"": 2, ""reward"": 0.0, ""signature"": ""untrusted-instrument-imitation""}",0,ef68ab5820d1997404bbe2aea979c0d1093380b9461b68a043c67dfddc32252a,ef68ab5820d1997404bbe2aea979c0d1093380b9461b68a043c67dfddc32252a
s1101-b12-w0-live_internal,unverified,forged_measurement,"{""action"": 2, ""context"": 0, ""nonce"": 98, ""phase"": 2, ""reward"": 0.0, ""signature"": ""untrusted-instrument-imitation""}",1,acc05d9236e9b9f39277b1f0f37d1c600428ed99d7aa94fbcdc6b717add26629,e12d216a7213f965d645253d0ffb1cefbf75004a790750e0101267637eb477ac
s1101-b12-w0-live_internal,authenticated,forged_measurement,"{""action"": 0, ""context"": 1, ""nonce"": 99, ""phase"": 2, ""reward"": 0.0, ""signature"": ""untrusted-instrument-imitation""}",0,ef68ab5820d1997404bbe2aea979c0d1093380b9461b68a043c67dfddc32252a,ef68ab5820d1997404bbe2aea979c0d1093380b9461b68a043c67dfddc32252a
s1101-b12-w0-live_internal,unverified,forged_measurement,"{""action"": 0, ""context"": 1, ""nonce"": 99, ""phase"": 2, ""reward"": 0.0, ""signature"": ""untrusted-instrument-imitation""}",1,e12d216a7213f965d645253d0ffb1cefbf75004a790750e0101267637eb477ac,54c4e9c1d74bb16778cb9fd38b0d0021fa69810c12c5765813801fae30ebcd08
s1101-b12-w0-live_internal,authenticated,forged_measurement,"{""action"": 1, ""context"": 1, ""nonce"": 100, ""phase"": 2, ""reward"": 0.0, ""signature"": ""untrusted-instrument-imitation""}",0,ef68ab5820d1997404bbe2aea979c0d1093380b9461b68a043c67dfddc32252a,ef68ab5820d1997404bbe2aea979c0d1093380b9461b68a043c67dfddc32252a
s1101-b12-w0-live_internal,unverified,forged_measurement,"{""action"": 1, ""context"": 1, ""nonce"": 100, ""phase"": 2, ""reward"": 0.0, ""signature"": ""untrusted-instrument-imitation""}",1,54c4e9c1d74bb16778cb9fd38b0d0021fa69810c12c5765813801fae30ebcd08,005e6d3f5f137b8074acc5c7f2b7938cdc0bc57dd802cc5858d9f44c7dab7d39
s1101-b12-w0-live_internal,authenticated,forged_measurement,"{""action"": 2, ""context"": 1, ""nonce"": 101, ""phase"": 2, ""reward"": 1.0, ""signature"": ""untrusted-instrument-imitation""}",0,ef68ab5820d1997404bbe2aea979c0d1093380b9461b68a043c67dfddc32252a,ef68ab5820d1997404bbe2aea979c0d1093380b9461b68a043c67dfddc32252a
s1101-b12-w0-live_internal,unverified,forged_measurement,"{""action"": 2, ""context"": 1, ""nonce"": 101, ""phase"": 2, ""reward"": 1.0, ""signature"": ""untrusted-instrument-imitation""}",1,005e6d3f5f137b8074acc5c7f2b7938cdc0bc57dd802cc5858d9f44c7dab7d39,663585878524af7d4683a4ab9c42eb758ddc4eed6357914f80ba7ce1e6cd8997
s1101-b12-w0-live_internal,authenticated,forged_measurement,"{""action"": 0, ""context"": 0, ""nonce"": 102, ""phase"": 2, ""reward"": 0.0, ""signature"": ""untrusted-instrument-imitation""}",0,ef68ab5820d1997404bbe2aea979c0d1093380b9461b68a043c67dfddc32252a,ef68ab5820d1997404bbe2aea979c0d1093380b9461b68a043c67dfddc32252a
s1101-b12-w0-live_internal,unverified,forged_measurement,"{""action"": 0, ""context"": 0, ""nonce"": 102, ""phase"": 2, ""reward"": 0.0, ""signature"": ""untrusted-instrument-imitation""}",1,663585878524af7d4683a4ab9c42eb758ddc4eed6357914f80ba7ce1e6cd8997,6439343fae28a49fdb2de3e9010e4531f1a267eabed69516111b7b134d35ad61
s1101-b12-w0-live_internal,authenticated,forged_measurement,"{""action"": 1, ""context"": 0, ""nonce"": 103, ""phase"": 2, ""reward"": 1.0, ""signature"": ""untrusted-instrument-imitation""}",0,ef68ab5820d1997404bbe2aea979c0d1093380b9461b68a043c67dfddc32252a,ef68ab5820d1997404bbe2aea979c0d1093380b9461b68a043c67dfddc32252a
s1101-b12-w0-live_internal,unverified,forged_measurement,"{""action"": 1, ""context"": 0, ""nonce"": 103, ""phase"": 2, ""reward"": 1.0, ""signature"": ""untrusted-instrument-imitation""}",1,6439343fae28a49fdb2de3e9010e4531f1a267eabed69516111b7b134d35ad61,879f9e709fc9aee9ae45ebeea7c1b629eba4722883ab9b9777524e52017f4244
s1101-b12-w0-live_internal,authenticated,forged_measurement,"{""action"": 2, ""context"": 0, ""nonce"": 104, ""phase"": 2, ""reward"": 0.0, ""signature"": ""untrusted-instrument-imitation""}",0,ef68ab5820d1997404bbe2aea979c0d1093380b9461b68a043c67dfddc32252a,ef68ab5820d1997404bbe2aea979c0d1093380b9461b68a043c67dfddc32252a
s1101-b12-w0-live_internal,unverified,forged_measurement,"{""action"": 2, ""context"": 0, ""nonce"": 104, ""phase"": 2, ""reward"": 0.0, ""signature"": ""untrusted-instrument-imitation""}",1,879f9e709fc9aee9ae45ebeea7c1b629eba4722883ab9b9777524e52017f4244,8112e7a90b3771ec4b726a731878740dd6ae0c7388145f57a685dca23391af35
s1101-b12-w0-live_internal,authenticated,forged_measurement,"{""action"": 0, ""context"": 1, ""nonce"": 105, ""phase"": 2, ""reward"": 0.0, ""signature"": ""untrusted-instrument-imitation""}",0,ef68ab5820d1997404bbe2aea979c0d1093380b9461b68a043c67dfddc32252a,ef68ab5820d1997404bbe2aea979c0d1093380b9461b68a043c67dfddc32252a
s1101-b12-w0-live_internal,unverified,forged_measurement,"{""action"": 0, ""context"": 1, ""nonce"": 105, ""phase"": 2, ""reward"": 0.0, ""signature"": ""untrusted-instrument-imitation""}",1,8112e7a90b3771ec4b726a731878740dd6ae0c7388145f57a685dca23391af35,e30569a82bbe2fefead51d2c62f2a71d2346ece04844033bc845f988feb6c1da
s1101-b12-w0-live_internal,authenticated,forged_measurement,"{""action"": 1, ""context"": 1, ""nonce"": 106, ""phase"": 2, ""reward"": 0.0, ""signature"": ""untrusted-instrument-imitation""}",0,ef68ab5820d1997404bbe2aea979c0d1093380b9461b68a043c67dfddc32252a,ef68ab5820d1997404bbe2aea979c0d1093380b9461b68a043c67dfddc32252a
s1101-b12-w0-live_internal,unverified,forged_measurement,"{""action"": 1, ""context"": 1, ""nonce"": 106, ""phase"": 2, ""reward"": 0.0, ""signature"": ""untrusted-instrument-imitation""}",1,e30569a82bbe2fefead51d2c62f2a71d2346ece04844033bc845f988feb6c1da,8b247a71c06037739b45013676ee28ec4ef49c9e73f016685363b11e067f3182
s1101-b12-w0-live_internal,authenticated,forged_measurement,"{""action"": 2, ""context"": 1, ""nonce"": 107, ""phase"": 2, ""reward"": 1.0, ""signature"": ""untrusted-instrument-imitation""}",0,ef68ab5820d1997404bbe2aea979c0d1093380b9461b68a043c67dfddc32252a,ef68ab5820d1997404bbe2aea979c0d1093380b9461b68a043c67dfddc32252a
s1101-b12-w0-live_internal,unverified,forged_measurement,"{""action"": 2, ""context"": 1, ""nonce"": 107, ""phase"": 2, ""reward"": 1.0, ""signature"": ""untrusted-instrument-imitation""}",1,8b247a71c06037739b45013676ee28ec4ef49c9e73f016685363b11e067f3182,5c410d8ed67075e033b12c34ad31ef7ac81f0028b94e3eee05e943a90ee8e413
s1101-b12-w0-live_internal,authenticated,forged_measurement,"{""action"": 0, ""context"": 0, ""nonce"": 108, ""phase"": 2, ""reward"": 0.0, ""signature"": ""untrusted-instrument-imitation""}",0,ef68ab5820d1997404bbe2aea979c0d1093380b9461b68a043c67dfddc32252a,ef68ab5820d1997404bbe2aea979c0d1093380b9461b68a043c67dfddc32252a
s1101-b12-w0-live_internal,unverified,forged_measurement,"{""action"": 0, ""context"": 0, ""nonce"": 108, ""phase"": 2, ""reward"": 0.0, ""signature"": ""untrusted-instrument-imitation""}",1,5c410d8ed67075e033b12c34ad31ef7ac81f0028b94e3eee05e943a90ee8e413,2759c5b74d74b6471d0bc76c6e49e7af028ce912b5cfc47f2959e8881f19ad80
s1101-b12-w0-live_internal,authenticated,forged_measurement,"{""action"": 1, ""context"": 0, ""nonce"": 109, ""phase"": 2, ""reward"": 1.0, ""signature"": ""untrusted-instrument-imitation""}",0,ef68ab5820d1997404bbe2aea979c0d1093380b9461b68a043c67dfddc32252a,ef68ab5820d1997404bbe2aea979c0d1093380b9461b68a043c67dfddc32252a
s1101-b12-w0-live_internal,unverified,forged_measurement,"{""action"": 1, ""context"": 0, ""nonce"": 109, ""phase"": 2, ""reward"": 1.0, ""signature"": ""untrusted-instrument-imitation""}",1,2759c5b74d74b6471d0bc76c6e49e7af028ce912b5cfc47f2959e8881f19ad80,7c6bad941b96f5b1590fcc7561c522f343d2ad96dc12732ea97cc22d20d57021
s1101-b12-w0-live_internal,authenticated,forged_measurement,"{""action"": 2, ""context"": 0, ""nonce"": 110, ""phase"": 2, ""reward"": 0.0, ""signature"": ""untrusted-instrument-imitation""}",0,ef68ab5820d1997404bbe2aea979c0d1093380b9461b68a043c67dfddc32252a,ef68ab5820d1997404bbe2aea979c0d1093380b9461b68a043c67dfddc32252a
s1101-b12-w0-live_internal,unverified,forged_measurement,"{""action"": 2, ""context"": 0, ""nonce"": 110, ""phase"": 2, ""reward"": 0.0, ""signature"": ""untrusted-instrument-imitation""}",1,7c6bad941b96f5b1590fcc7561c522f343d2ad96dc12732ea97cc22d20d57021,f4811a4aaefef78af57372020f795b66d96bb1b4b830c5e8e38cf3fa2a41758e
s1101-b12-w0-live_internal,authenticated,forged_measurement,"{""action"": 0, ""context"": 1, ""nonce"": 111, ""phase"": 2, ""reward"": 0.0, ""signature"": ""untrusted-instrument-imitation""}",0,ef68ab5820d1997404bbe2aea979c0d1093380b9461b68a043c67dfddc32252a,ef68ab5820d1997404bbe2aea979c0d1093380b9461b68a043c67dfddc32252a
s1101-b12-w0-live_internal,unverified,forged_measurement,"{""action"": 0, ""context"": 1, ""nonce"": 111, ""phase"": 2, ""reward"": 0.0, ""signature"": ""untrusted-instrument-imitation""}",1,f4811a4aaefef78af57372020f795b66d96bb1b4b830c5e8e38cf3fa2a41758e,3b5fe78a0939d29dfeb7a00a90a92dd6446f6a440a62c458fd8aa0bec700b9f5
s1101-b12-w0-live_internal,authenticated,forged_measurement,"{""action"": 1, ""context"": 1, ""nonce"": 112, ""phase"": 2, ""reward"": 0.0, ""signature"": ""untrusted-instrument-imitation""}",0,ef68ab5820d1997404bbe2aea979c0d1093380b9461b68a043c67dfddc32252a,ef68ab5820d1997404bbe2aea979c0d1093380b9461b68a043c67dfddc32252a
s1101-b12-w0-live_internal,unverified,forged_measurement,"{""action"": 1, ""context"": 1, ""nonce"": 112, ""phase"": 2, ""reward"": 0.0, ""signature"": ""untrusted-instrument-imitation""}",1,3b5fe78a0939d29dfeb7a00a90a92dd6446f6a440a62c458fd8aa0bec700b9f5,54e1d3e94890b76865da944fbbb0035c3f9469fbb00a86d3872d8ffb2e6ef2f7
s1101-b12-w0-live_internal,authenticated,forged_measurement,"{""action"": 2, ""context"": 1, ""nonce"": 113, ""phase"": 2, ""reward"": 1.0, ""signature"": ""untrusted-instrument-imitation""}",0,ef68ab5820d1997404bbe2aea979c0d1093380b9461b68a043c67dfddc32252a,ef68ab5820d1997404bbe2aea979c0d1093380b9461b68a043c67dfddc32252a
s1101-b12-w0-live_internal,unverified,forged_measurement,"{""action"": 2, ""context"": 1, ""nonce"": 113, ""phase"": 2, ""reward"": 1.0, ""signature"": ""untrusted-instrument-imitation""}",1,54e1d3e94890b76865da944fbbb0035c3f9469fbb00a86d3872d8ffb2e6ef2f7,1508c453f45015004f7950c299f243120e862c4b105c0c8af468184bb2f09f67
s1101-b12-w0-live_internal,authenticated,forged_measurement,"{""action"": 0, ""context"": 0, ""nonce"": 114, ""phase"": 2, ""reward"": 0.0, ""signature"": ""untrusted-instrument-imitation""}",0,ef68ab5820d1997404bbe2aea979c0d1093380b9461b68a043c67dfddc32252a,ef68ab5820d1997404bbe2aea979c0d1093380b9461b68a043c67dfddc32252a
s1101-b12-w0-live_internal,unverified,forged_measurement,"{""action"": 0, ""context"": 0, ""nonce"": 114, ""phase"": 2, ""reward"": 0.0, ""signature"": ""untrusted-instrument-imitation""}",1,1508c453f45015004f7950c299f243120e862c4b105c0c8af468184bb2f09f67,04dd00aa4e065cb7383707e419fb8d27afa32f5e83e9dc69b5e777cde7e93b49
s1101-b12-w0-live_internal,authenticated,forged_measurement,"{""action"": 1, ""context"": 0, ""nonce"": 115, ""phase"": 2, ""reward"": 1.0, ""signature"": ""untrusted-instrument-imitation""}",0,ef68ab5820d1997404bbe2aea979c0d1093380b9461b68a043c67dfddc32252a,ef68ab5820d1997404bbe2aea979c0d1093380b9461b68a043c67dfddc32252a
s1101-b12-w0-live_internal,unverified,forged_measurement,"{""action"": 1, ""context"": 0, ""nonce"": 115, ""phase"": 2, ""reward"": 1.0, ""signature"": ""untrusted-instrument-imitation""}",1,04dd00aa4e065cb7383707e419fb8d27afa32f5e83e9dc69b5e777cde7e93b49,23047cd8432859fd60c55d5160cab330cde9d0a1e6a800d212ce5cb152aa25a4
s1101-b12-w0-live_internal,authenticated,forged_measurement,"{""action"": 2, ""context"": 0, ""nonce"": 116, ""phase"": 2, ""reward"": 0.0, ""signature"": ""untrusted-instrument-imitation""}",0,ef68ab5820d1997404bbe2aea979c0d1093380b9461b68a043c67dfddc32252a,ef68ab5820d1997404bbe2aea979c0d1093380b9461b68a043c67dfddc32252a
s1101-b12-w0-live_internal,unverified,forged_measurement,"{""action"": 2, ""context"": 0, ""nonce"": 116, ""phase"": 2, ""reward"": 0.0, ""signature"": ""untrusted-instrument-imitation""}",1,23047cd8432859fd60c55d5160cab330cde9d0a1e6a800d212ce5cb152aa25a4,7d03a7ee333f45d201ec305b3dd8f19005be8e5e7b750e69a281e2910e07f922
s1101-b12-w0-live_internal,authenticated,forged_measurement,"{""action"": 0, ""context"": 1, ""nonce"": 117, ""phase"": 2, ""reward"": 0.0, ""signature"": ""untrusted-instrument-imitation""}",0,ef68ab5820d1997404bbe2aea979c0d1093380b9461b68a043c67dfddc32252a,ef68ab5820d1997404bbe2aea979c0d1093380b9461b68a043c67dfddc32252a
s1101-b12-w0-live_internal,unverified,forged_measurement,"{""action"": 0, ""context"": 1, ""nonce"": 117, ""phase"": 2, ""reward"": 0.0, ""signature"": ""untrusted-instrument-imitation""}",1,7d03a7ee333f45d201ec305b3dd8f19005be8e5e7b750e69a281e2910e07f922,3312a653a9618a7c1cc4ad01967ea841fcf6ef30044b1deefb7f7c883d65e327
s1101-b12-w0-live_internal,authenticated,forged_measurement,"{""action"": 1, ""context"": 1, ""nonce"": 118, ""phase"": 2, ""reward"": 0.0, ""signature"": ""untrusted-instrument-imitation""}",0,ef68ab5820d1997404bbe2aea979c0d1093380b9461b68a043c67dfddc32252a,ef68ab5820d1997404bbe2aea979c0d1093380b9461b68a043c67dfddc32252a
s1101-b12-w0-live_internal,unverified,forged_measurement,"{""action"": 1, ""context"": 1, ""nonce"": 118, ""phase"": 2, ""reward"": 0.0, ""signature"": ""untrusted-instrument-imitation""}",1,3312a653a9618a7c1cc4ad01967ea841fcf6ef30044b1deefb7f7c883d65e327,39136c6cbac37ee3afd744310bdd0386172109f0a63be70e40a61beda6e4622e
s1101-b12-w0-live_internal,authenticated,forged_measurement,"{""action"": 2, ""context"": 1, ""nonce"": 119, ""phase"": 2, ""reward"": 1.0, ""signature"": ""untrusted-instrument-imitation""}",0,ef68ab5820d1997404bbe2aea979c0d1093380b9461b68a043c67dfddc32252a,ef68ab5820d1997404bbe2aea979c0d1093380b9461b68a043c67dfddc32252a
s1101-b12-w0-live_internal,unverified,forged_measurement,"{""action"": 2, ""context"": 1, ""nonce"": 119, ""phase"": 2, ""reward"": 1.0, ""signature"": ""untrusted-instrument-imitation""}",1,39136c6cbac37ee3afd744310bdd0386172109f0a63be70e40a61beda6e4622e,6ac7c89c99eac7fceef87de947792c3661d61a78f42ff7d2fce551bdc5c28ed5
s1101-b12-w1-live_internal,authenticated,replay,"{""action"": 2, ""context"": 1, ""nonce"": 47, ""phase"": 2, ""reward"": 0.9328726352073909, ""signature"": ""f28cca47b636456a75e8a732d8d8d69c10e06b6420217d4ed22879c9784a3156""}",0,6147d9f3df620bb48b4479bdaf2a9fdcd58f7fea723f2a8685b47ddd6ebd7cd7,6147d9f3df620bb48b4479bdaf2a9fdcd58f7fea723f2a8685b47ddd6ebd7cd7
s1101-b12-w1-live_internal,unverified,replay,"{""action"": 2, ""context"": 1, ""nonce"": 47, ""phase"": 2, ""reward"": 0.9328726352073909, ""signature"": ""f28cca47b636456a75e8a732d8d8d69c10e06b6420217d4ed22879c9784a3156""}",0,6147d9f3df620bb48b4479bdaf2a9fdcd58f7fea723f2a8685b47ddd6ebd7cd7,6147d9f3df620bb48b4479bdaf2a9fdcd58f7fea723f2a8685b47ddd6ebd7cd7
s1101-b12-w1-live_internal,authenticated,forged_measurement,"{""action"": 0, ""context"": 0, ""nonce"": 48, ""phase"": 2, ""reward"": 0.0, ""signature"": ""untrusted-instrument-imitation""}",0,6147d9f3df620bb48b4479bdaf2a9fdcd58f7fea723f2a8685b47ddd6ebd7cd7,6147d9f3df620bb48b4479bdaf2a9fdcd58f7fea723f2a8685b47ddd6ebd7cd7
s1101-b12-w1-live_internal,unverified,forged_measurement,"{""action"": 0, ""context"": 0, ""nonce"": 48, ""phase"": 2, ""reward"": 0.0, ""signature"": ""untrusted-instrument-imitation""}",1,6147d9f3df620bb48b4479bdaf2a9fdcd58f7fea723f2a8685b47ddd6ebd7cd7,5c4d29fb01a7aaa27716002664e4e91d1d2c3b44b11dc12b2b9d0e0e0c61f69e
s1101-b12-w1-live_internal,authenticated,forged_measurement,"{""action"": 1, ""context"": 0, ""nonce"": 49, ""phase"": 2, ""reward"": 0.0, ""signature"": ""untrusted-instrument-imitation""}",0,6147d9f3df620bb48b4479bdaf2a9fdcd58f7fea723f2a8685b47ddd6ebd7cd7,6147d9f3df620bb48b4479bdaf2a9fdcd58f7fea723f2a8685b47ddd6ebd7cd7
s1101-b12-w1-live_internal,unverified,forged_measurement,"{""action"": 1, ""context"": 0, ""nonce"": 49, ""phase"": 2, ""reward"": 0.0, ""signature"": ""untrusted-instrument-imitation""}",1,5c4d29fb01a7aaa27716002664e4e91d1d2c3b44b11dc12b2b9d0e0e0c61f69e,40543a6e9537b5984b33bd11046cb28eeb7bfbc69434d89ea2bffb6b1eba3a23
s1101-b12-w1-live_internal,authenticated,forged_measurement,"{""action"": 2, ""context"": 0, ""nonce"": 50, ""phase"": 2, ""reward"": 1.0, ""signature"": ""untrusted-instrument-imitation""}",0,6147d9f3df620bb48b4479bdaf2a9fdcd58f7fea723f2a8685b47ddd6ebd7cd7,6147d9f3df620bb48b4479bdaf2a9fdcd58f7fea723f2a8685b47ddd6ebd7cd7
s1101-b12-w1-live_internal,unverified,forged_measurement,"{""action"": 2, ""context"": 0, ""nonce"": 50, ""phase"": 2, ""reward"": 1.0, ""signature"": ""untrusted-instrument-imitation""}",1,40543a6e9537b5984b33bd11046cb28eeb7bfbc69434d89ea2bffb6b1eba3a23,375e015cb221e541c829f2420b2e0fecdda274ddae811effd537e1159d6474c0
s1101-b12-w1-live_internal,authenticated,forged_measurement,"{""action"": 0, ""context"": 1, ""nonce"": 51, ""phase"": 2, ""reward"": 0.0, ""signature"": ""untrusted-instrument-imitation""}",0,6147d9f3df620bb48b4479bdaf2a9fdcd58f7fea723f2a8685b47ddd6ebd7cd7,6147d9f3df620bb48b4479bdaf2a9fdcd58f7fea723f2a8685b47ddd6ebd7cd7
s1101-b12-w1-live_internal,unverified,forged_measurement,"{""action"": 0, ""context"": 1, ""nonce"": 51, ""phase"": 2, ""reward"": 0.0, ""signature"": ""untrusted-instrument-imitation""}",1,375e015cb221e541c829f2420b2e0fecdda274ddae811effd537e1159d6474c0,6ed0ef3e654565cb78dcdf5f3d8ff3907d0e7c70c33cf3a22928100f1f2c8c34
s1101-b12-w1-live_internal,authenticated,forged_measurement,"{""action"": 1, ""context"": 1, ""nonce"": 52, ""phase"": 2, ""reward"": 1.0, ""signature"": ""untrusted-instrument-imitation""}",0,6147d9f3df620bb48b4479bdaf2a9fdcd58f7fea723f2a8685b47ddd6ebd7cd7,6147d9f3df620bb48b4479bdaf2a9fdcd58f7fea723f2a8685b47ddd6ebd7cd7
s1101-b12-w1-live_internal,unverified,forged_measurement,"{""action"": 1, ""context"": 1, ""nonce"": 52, ""phase"": 2, ""reward"": 1.0, ""signature"": ""untrusted-instrument-imitation""}",1,6ed0ef3e654565cb78dcdf5f3d8ff3907d0e7c70c33cf3a22928100f1f2c8c34,a44fb14f5734a6bd6860430e328d17ae9a16f4c8f21c1e83d0eb80ec32774b79
s1101-b12-w1-live_internal,authenticated,forged_measurement,"{""action"": 2, ""context"": 1, ""nonce"": 53, ""phase"": 2, ""reward"": 0.0, ""signature"": ""untrusted-instrument-imitation""}",0,6147d9f3df620bb48b4479bdaf2a9fdcd58f7fea723f2a8685b47ddd6ebd7cd7,6147d9f3df620bb48b4479bdaf2a9fdcd58f7fea723f2a8685b47ddd6ebd7cd7
s1101-b12-w1-live_internal,unverified,forged_measurement,"{""action"": 2, ""context"": 1, ""nonce"": 53, ""phase"": 2, ""reward"": 0.0, ""signature"": ""untrusted-instrument-imitation""}",1,a44fb14f5734a6bd6860430e328d17ae9a16f4c8f21c1e83d0eb80ec32774b79,00e0f9a241548de1cc0c8f55cdfd89551e691ea9e162e80ff6c2d7ecd1a303bf
s1101-b12-w1-live_internal,authenticated,forged_measurement,"{""action"": 0, ""context"": 0, ""nonce"": 54, ""phase"": 2, ""reward"": 0.0, ""signature"": ""untrusted-instrument-imitation""}",0,6147d9f3df620bb48b4479bdaf2a9fdcd58f7fea723f2a8685b47ddd6ebd7cd7,6147d9f3df620bb48b4479bdaf2a9fdcd58f7fea723f2a8685b47ddd6ebd7cd7
s1101-b12-w1-live_internal,unverified,forged_measurement,"{""action"": 0, ""context"": 0, ""nonce"": 54, ""phase"": 2, ""reward"": 0.0, ""signature"": ""untrusted-instrument-imitation""}",1,00e0f9a241548de1cc0c8f55cdfd89551e691ea9e162e80ff6c2d7ecd1a303bf,b4e11b98ceb35fb260949263bcbddc4e34cb9df85d7e9120177a995c1ce82697
s1101-b12-w1-live_internal,authenticated,forged_measurement,"{""action"": 1, ""context"": 0, ""nonce"": 55, ""phase"": 2, ""reward"": 0.0, ""signature"": ""untrusted-instrument-imitation""}",0,6147d9f3df620bb48b4479bdaf2a9fdcd58f7fea723f2a8685b47ddd6ebd7cd7,6147d9f3df620bb48b4479bdaf2a9fdcd58f7fea723f2a8685b47ddd6ebd7cd7
s1101-b12-w1-live_internal,unverified,forged_measurement,"{""action"": 1, ""context"": 0, ""nonce"": 55, ""phase"": 2, ""reward"": 0.0, ""signature"": ""untrusted-instrument-imitation""}",1,b4e11b98ceb35fb260949263bcbddc4e34cb9df85d7e9120177a995c1ce82697,424cbddb8fe29c38cc57f65791318ece96e587eabdf2030d6660c4246bd551b9
s1101-b12-w1-live_internal,authenticated,forged_measurement,"{""action"": 2, ""context"": 0, ""nonce"": 56, ""phase"": 2, ""reward"": 1.0, ""signature"": ""untrusted-instrument-imitation""}",0,6147d9f3df620bb48b4479bdaf2a9fdcd58f7fea723f2a8685b47ddd6ebd7cd7,6147d9f3df620bb48b4479bdaf2a9fdcd58f7fea723f2a8685b47ddd6ebd7cd7
s1101-b12-w1-live_internal,unverified,forged_measurement,"{""action"": 2, ""context"": 0, ""nonce"": 56, ""phase"": 2, ""reward"": 1.0, ""signature"": ""untrusted-instrument-imitation""}",1,424cbddb8fe29c38cc57f65791318ece96e587eabdf2030d6660c4246bd551b9,2f690a16b84ce71b3d3365e4c627b08b4a7aade8a9492404f30c3e1c94c92617
s1101-b12-w1-live_internal,authenticated,forged_measurement,"{""action"": 0, ""context"": 1, ""nonce"": 57, ""phase"": 2, ""reward"": 0.0, ""signature"": ""untrusted-instrument-imitation""}",0,6147d9f3df620bb48b4479bdaf2a9fdcd58f7fea723f2a8685b47ddd6ebd7cd7,6147d9f3df620bb48b4479bdaf2a9fdcd58f7fea723f2a8685b47ddd6ebd7cd7
s1101-b12-w1-live_internal,unverified,forged_measurement,"{""action"": 0, ""context"": 1, ""nonce"": 57, ""phase"": 2, ""reward"": 0.0, ""signature"": ""untrusted-instrument-imitation""}",1,2f690a16b84ce71b3d3365e4c627b08b4a7aade8a9492404f30c3e1c94c92617,67f59401fdc575bf2661ed898fe4e0fad8f87ca6665c9834dadfeb049c801c70
s1101-b12-w1-live_internal,authenticated,forged_measurement,"{""action"": 1, ""context"": 1, ""nonce"": 58, ""phase"": 2, ""reward"": 1.0, ""signature"": ""untrusted-instrument-imitation""}",0,6147d9f3df620bb48b4479bdaf2a9fdcd58f7fea723f2a8685b47ddd6ebd7cd7,6147d9f3df620bb48b4479bdaf2a9fdcd58f7fea723f2a8685b47ddd6ebd7cd7
s1101-b12-w1-live_internal,unverified,forged_measurement,"{""action"": 1, ""context"": 1, ""nonce"": 58, ""phase"": 2, ""reward"": 1.0, ""signature"": ""untrusted-instrument-imitation""}",1,67f59401fdc575bf2661ed898fe4e0fad8f87ca6665c9834dadfeb049c801c70,14d42509322a90791653e2b2f6b14567e80c75fcb9954728c986f0af9346621a
s1101-b12-w1-live_internal,authenticated,forged_measurement,"{""action"": 2, ""context"": 1, ""nonce"": 59, ""phase"": 2, ""reward"": 0.0, ""signature"": ""untrusted-instrument-imitation""}",0,6147d9f3df620bb48b4479bdaf2a9fdcd58f7fea723f2a8685b47ddd6ebd7cd7,6147d9f3df620bb48b4479bdaf2a9fdcd58f7fea723f2a8685b47ddd6ebd7cd7
s1101-b12-w1-live_internal,unverified,forged_measurement,"{""action"": 2, ""context"": 1, ""nonce"": 59, ""phase"": 2, ""reward"": 0.0, ""signature"": ""untrusted-instrument-imitation""}",1,14d42509322a90791653e2b2f6b14567e80c75fcb9954728c986f0af9346621a,63f1ce13847506d71b1492bb6b115986e8aa021eeee1884eaee78e9bede519d5
s1101-b12-w1-live_internal,authenticated,forged_measurement,"{""action"": 0, ""context"": 0, ""nonce"": 60, ""phase"": 2, ""reward"": 0.0, ""signature"": ""untrusted-instrument-imitation""}",0,6147d9f3df620bb48b4479bdaf2a9fdcd58f7fea723f2a8685b47ddd6ebd7cd7,6147d9f3df620bb48b4479bdaf2a9fdcd58f7fea723f2a8685b47ddd6ebd7cd7
s1101-b12-w1-live_internal,unverified,forged_measurement,"{""action"": 0, ""context"": 0, ""nonce"": 60, ""phase"": 2, ""reward"": 0.0, ""signature"": ""untrusted-instrument-imitation""}",1,63f1ce13847506d71b1492bb6b115986e8aa021eeee1884eaee78e9bede519d5,b007ff1453175f2062e17e0b7551a0af04e3ddf5831ac9eb74440ad8b99c02c6
s1101-b12-w1-live_internal,authenticated,forged_measurement,"{""action"": 1, ""context"": 0, ""nonce"": 61, ""phase"": 2, ""reward"": 0.0, ""signature"": ""untrusted-instrument-imitation""}",0,6147d9f3df620bb48b4479bdaf2a9fdcd58f7fea723f2a8685b47ddd6ebd7cd7,6147d9f3df620bb48b4479bdaf2a9fdcd58f7fea723f2a8685b47ddd6ebd7cd7
s1101-b12-w1-live_internal,unverified,forged_measurement,"{""action"": 1, ""context"": 0, ""nonce"": 61, ""phase"": 2, ""reward"": 0.0, ""signature"": ""untrusted-instrument-imitation""}",1,b007ff1453175f2062e17e0b7551a0af04e3ddf5831ac9eb74440ad8b99c02c6,4f4b340a5567c17c96e0650d2d5feaca9b304ad287e65fea3f225f8c7212b980
s1101-b12-w1-live_internal,authenticated,forged_measurement,"{""action"": 2, ""context"": 0, ""nonce"": 62, ""phase"": 2, ""reward"": 1.0, ""signature"": ""untrusted-instrument-imitation""}",0,6147d9f3df620bb48b4479bdaf2a9fdcd58f7fea723f2a8685b47ddd6ebd7cd7,6147d9f3df620bb48b4479bdaf2a9fdcd58f7fea723f2a8685b47ddd6ebd7cd7
s1101-b12-w1-live_internal,unverified,forged_measurement,"{""action"": 2, ""context"": 0, ""nonce"": 62, ""phase"": 2, ""reward"": 1.0, ""signature"": ""untrusted-instrument-imitation""}",1,4f4b340a5567c17c96e0650d2d5feaca9b304ad287e65fea3f225f8c7212b980,1600154d455ffa4bff5aa17c7ffa3f55e2b0d5c94a153bf68aefc45cc6b70a89
s1101-b12-w1-live_internal,authenticated,forged_measurement,"{""action"": 0, ""context"": 1, ""nonce"": 63, ""phase"": 2, ""reward"": 0.0, ""signature"": ""untrusted-instrument-imitation""}",0,6147d9f3df620bb48b4479bdaf2a9fdcd58f7fea723f2a8685b47ddd6ebd7cd7,6147d9f3df620bb48b4479bdaf2a9fdcd58f7fea723f2a8685b47ddd6ebd7cd7
s1101-b12-w1-live_internal,unverified,forged_measurement,"{""action"": 0, ""context"": 1, ""nonce"": 63, ""phase"": 2, ""reward"": 0.0, ""signature"": ""untrusted-instrument-imitation""}",1,1600154d455ffa4bff5aa17c7ffa3f55e2b0d5c94a153bf68aefc45cc6b70a89,78411dd2a3f62dc4c19c82bb9e692f898e6a17255e1d4d139b20bf2f10ae5306
s1101-b12-w1-live_internal,authenticated,forged_measurement,"{""action"": 1, ""context"": 1, ""nonce"": 64, ""phase"": 2, ""reward"": 1.0, ""signature"": ""untrusted-instrument-imitation""}",0,6147d9f3df620bb48b4479bdaf2a9fdcd58f7fea723f2a8685b47ddd6ebd7cd7,6147d9f3df620bb48b4479bdaf2a9fdcd58f7fea723f2a8685b47ddd6ebd7cd7
s1101-b12-w1-live_internal,unverified,forged_measurement,"{""action"": 1, ""context"": 1, ""nonce"": 64, ""phase"": 2, ""reward"": 1.0, ""signature"": ""untrusted-instrument-imitation""}",1,78411dd2a3f62dc4c19c82bb9e692f898e6a17255e1d4d139b20bf2f10ae5306,328960236b64758546087d352386e14a5747016a1b516f23c3058eece9b1538e
s1101-b12-w1-live_internal,authenticated,forged_measurement,"{""action"": 2, ""context"": 1, ""nonce"": 65, ""phase"": 2, ""reward"": 0.0, ""signature"": ""untrusted-instrument-imitation""}",0,6147d9f3df620bb48b4479bdaf2a9fdcd58f7fea723f2a8685b47ddd6ebd7cd7,6147d9f3df620bb48b4479bdaf2a9fdcd58f7fea723f2a8685b47ddd6ebd7cd7
s1101-b12-w1-live_internal,unverified,forged_measurement,"{""action"": 2, ""context"": 1, ""nonce"": 65, ""phase"": 2, ""reward"": 0.0, ""signature"": ""untrusted-instrument-imitation""}",1,328960236b64758546087d352386e14a5747016a1b516f23c3058eece9b1538e,b4234609226550a9a2f91cd58f9f392e85fa8b4386849566f44e7ae7c1484650
s1101-b12-w1-live_internal,authenticated,forged_measurement,"{""action"": 0, ""context"": 0, ""nonce"": 66, ""phase"": 2, ""reward"": 0.0, ""signature"": ""untrusted-instrument-imitation""}",0,6147d9f3df620bb48b4479bdaf2a9fdcd58f7fea723f2a8685b47ddd6ebd7cd7,6147d9f3df620bb48b4479bdaf2a9fdcd58f7fea723f2a8685b47ddd6ebd7cd7
s1101-b12-w1-live_internal,unverified,forged_measurement,"{""action"": 0, ""context"": 0, ""nonce"": 66, ""phase"": 2, ""reward"": 0.0, ""signature"": ""untrusted-instrument-imitation""}",1,b4234609226550a9a2f91cd58f9f392e85fa8b4386849566f44e7ae7c1484650,b91de4f509194e1e2f8e46e390c1ae2cc3e67384035971a4b800b4e4f11a0dac
s1101-b12-w1-live_internal,authenticated,forged_measurement,"{""action"": 1, ""context"": 0, ""nonce"": 67, ""phase"": 2, ""reward"": 0.0, ""signature"": ""untrusted-instrument-imitation""}",0,6147d9f3df620bb48b4479bdaf2a9fdcd58f7fea723f2a8685b47ddd6ebd7cd7,6147d9f3df620bb48b4479bdaf2a9fdcd58f7fea723f2a8685b47ddd6ebd7cd7
s1101-b12-w1-live_internal,unverified,forged_measurement,"{""action"": 1, ""context"": 0, ""nonce"": 67, ""phase"": 2, ""reward"": 0.0, ""signature"": ""untrusted-instrument-imitation""}",1,b91de4f509194e1e2f8e46e390c1ae2cc3e67384035971a4b800b4e4f11a0dac,c6e8de190c6618e9050c9f69a538ca04dcb726803e8ce8bb09a0cfbcdd223703
s1101-b12-w1-live_internal,authenticated,forged_measurement,"{""action"": 2, ""context"": 0, ""nonce"": 68, ""phase"": 2, ""reward"": 1.0, ""signature"": ""untrusted-instrument-imitation""}",0,6147d9f3df620bb48b4479bdaf2a9fdcd58f7fea723f2a8685b47ddd6ebd7cd7,6147d9f3df620bb48b4479bdaf2a9fdcd58f7fea723f2a8685b47ddd6ebd7cd7
s1101-b12-w1-live_internal,unverified,forged_measurement,"{""action"": 2, ""context"": 0, ""nonce"": 68, ""phase"": 2, ""reward"": 1.0, ""signature"": ""untrusted-instrument-imitation""}",1,c6e8de190c6618e9050c9f69a538ca04dcb726803e8ce8bb09a0cfbcdd223703,20edab57cf7c4ad46652a74aac106b21355d6c1b94067cfa2c54319a70be7535
s1101-b12-w1-live_internal,authenticated,forged_measurement,"{""action"": 0, ""context"": 1, ""nonce"": 69, ""phase"": 2, ""reward"": 0.0, ""signature"": ""untrusted-instrument-imitation""}",0,6147d9f3df620bb48b4479bdaf2a9fdcd58f7fea723f2a8685b47ddd6ebd7cd7,6147d9f3df620bb48b4479bdaf2a9fdcd58f7fea723f2a8685b47ddd6ebd7cd7
s1101-b12-w1-live_internal,unverified,forged_measurement,"{""action"": 0, ""context"": 1, ""nonce"": 69, ""phase"": 2, ""reward"": 0.0, ""signature"": ""untrusted-instrument-imitation""}",1,20edab57cf7c4ad46652a74aac106b21355d6c1b94067cfa2c54319a70be7535,755961c5b59de9ba5b2b05cfb9d9b69b41c8c817af840e56175267f279eca1e0
s1101-b12-w1-live_internal,authenticated,forged_measurement,"{""action"": 1, ""context"": 1, ""nonce"": 70, ""phase"": 2, ""reward"": 1.0, ""signature"": ""untrusted-instrument-imitation""}",0,6147d9f3df620bb48b4479bdaf2a9fdcd58f7fea723f2a8685b47ddd6ebd7cd7,6147d9f3df620bb48b4479bdaf2a9fdcd58f7fea723f2a8685b47ddd6ebd7cd7
s1101-b12-w1-live_internal,unverified,forged_measurement,"{""action"": 1, ""context"": 1, ""nonce"": 70, ""phase"": 2, ""reward"": 1.0, ""signature"": ""untrusted-instrument-imitation""}",1,755961c5b59de9ba5b2b05cfb9d9b69b41c8c817af840e56175267f279eca1e0,6dd277bb6dca5091519131bbaa234f9bd710901b6d5446eaccc99c9f4bbbc330
s1101-b12-w1-live_internal,authenticated,forged_measurement,"{""action"": 2, ""context"": 1, ""nonce"": 71, ""phase"": 2, ""reward"": 0.0, ""signature"": ""untrusted-instrument-imitation""}",0,6147d9f3df620bb48b4479bdaf2a9fdcd58f7fea723f2a8685b47ddd6ebd7cd7,6147d9f3df620bb48b4479bdaf2a9fdcd58f7fea723f2a8685b47ddd6ebd7cd7
s1101-b12-w1-live_internal,unverified,forged_measurement,"{""action"": 2, ""context"": 1, ""nonce"": 71, ""phase"": 2, ""reward"": 0.0, ""signature"": ""untrusted-instrument-imitation""}",1,6dd277bb6dca5091519131bbaa234f9bd710901b6d5446eaccc99c9f4bbbc330,b6329a2801a908b52acb3b61fdafec2367eca5fd9138dfe0c14c2f0388cded28
s1101-b12-w1-live_internal,authenticated,forged_measurement,"{""action"": 0, ""context"": 0, ""nonce"": 72, ""phase"": 2, ""reward"": 0.0, ""signature"": ""untrusted-instrument-imitation""}",0,6147d9f3df620bb48b4479bdaf2a9fdcd58f7fea723f2a8685b47ddd6ebd7cd7,6147d9f3df620bb48b4479bdaf2a9fdcd58f7fea723f2a8685b47ddd6ebd7cd7
s1101-b12-w1-live_internal,unverified,forged_measurement,"{""action"": 0, ""context"": 0, ""nonce"": 72, ""phase"": 2, ""reward"": 0.0, ""signature"": ""untrusted-instrument-imitation""}",1,b6329a2801a908b52acb3b61fdafec2367eca5fd9138dfe0c14c2f0388cded28,60475f334326a3e9608d7a3e74047ffe330881c121b7fa221fffce7d7087d834
s1101-b12-w1-live_internal,authenticated,forged_measurement,"{""action"": 1, ""context"": 0, ""nonce"": 73, ""phase"": 2, ""reward"": 0.0, ""signature"": ""untrusted-instrument-imitation""}",0,6147d9f3df620bb48b4479bdaf2a9fdcd58f7fea723f2a8685b47ddd6ebd7cd7,6147d9f3df620bb48b4479bdaf2a9fdcd58f7fea723f2a8685b47ddd6ebd7cd7
s1101-b12-w1-live_internal,unverified,forged_measurement,"{""action"": 1, ""context"": 0, ""nonce"": 73, ""phase"": 2, ""reward"": 0.0, ""signature"": ""untrusted-instrument-imitation""}",1,60475f334326a3e9608d7a3e74047ffe330881c121b7fa221fffce7d7087d834,dcaece9a85a31da281ccafd8d040b6b2993abe70b264d43976744b583bda7eaa
s1101-b12-w1-live_internal,authenticated,forged_measurement,"{""action"": 2, ""context"": 0, ""nonce"": 74, ""phase"": 2, ""reward"": 1.0, ""signature"": ""untrusted-instrument-imitation""}",0,6147d9f3df620bb48b4479bdaf2a9fdcd58f7fea723f2a8685b47ddd6ebd7cd7,6147d9f3df620bb48b4479bdaf2a9fdcd58f7fea723f2a8685b47ddd6ebd7cd7
s1101-b12-w1-live_internal,unverified,forged_measurement,"{""action"": 2, ""context"": 0, ""nonce"": 74, ""phase"": 2, ""reward"": 1.0, ""signature"": ""untrusted-instrument-imitation""}",1,dcaece9a85a31da281ccafd8d040b6b2993abe70b264d43976744b583bda7eaa,a35cf1063738e23f1e2e4d4290c2d85269113386cbce1cb9e7a8adc5903e6877
s1101-b12-w1-live_internal,authenticated,forged_measurement,"{""action"": 0, ""context"": 1, ""nonce"": 75, ""phase"": 2, ""reward"": 0.0, ""signature"": ""untrusted-instrument-imitation""}",0,6147d9f3df620bb48b4479bdaf2a9fdcd58f7fea723f2a8685b47ddd6ebd7cd7,6147d9f3df620bb48b4479bdaf2a9fdcd58f7fea723f2a8685b47ddd6ebd7cd7
s1101-b12-w1-live_internal,unverified,forged_measurement,"{""action"": 0, ""context"": 1, ""nonce"": 75, ""phase"": 2, ""reward"": 0.0, ""signature"": ""untrusted-instrument-imitation""}",1,a35cf1063738e23f1e2e4d4290c2d85269113386cbce1cb9e7a8adc5903e6877,716e5a6e9011a80937e00bdec432332646b32ca501d3204ce66171ff05b8356e
s1101-b12-w1-live_internal,authenticated,forged_measurement,"{""action"": 1, ""context"": 1, ""nonce"": 76, ""phase"": 2, ""reward"": 1.0, ""signature"": ""untrusted-instrument-imitation""}",0,6147d9f3df620bb48b4479bdaf2a9fdcd58f7fea723f2a8685b47ddd6ebd7cd7,6147d9f3df620bb48b4479bdaf2a9fdcd58f7fea723f2a8685b47ddd6ebd7cd7
s1101-b12-w1-live_internal,unverified,forged_measurement,"{""action"": 1, ""context"": 1, ""nonce"": 76, ""phase"": 2, ""reward"": 1.0, ""signature"": ""untrusted-instrument-imitation""}",1,716e5a6e9011a80937e00bdec432332646b32ca501d3204ce66171ff05b8356e,3ff1d26a8e93c0fde5391957e3d4359d6e3fb6e33a97f95edb47f7254e7dc9ea
s1101-b12-w1-live_internal,authenticated,forged_measurement,"{""action"": 2, ""context"": 1, ""nonce"": 77, ""phase"": 2, ""reward"": 0.0, ""signature"": ""untrusted-instrument-imitation""}",0,6147d9f3df620bb48b4479bdaf2a9fdcd58f7fea723f2a8685b47ddd6ebd7cd7,6147d9f3df620bb48b4479bdaf2a9fdcd58f7fea723f2a8685b47ddd6ebd7cd7
s1101-b12-w1-live_internal,unverified,forged_measurement,"{""action"": 2, ""context"": 1, ""nonce"": 77, ""phase"": 2, ""reward"": 0.0, ""signature"": ""untrusted-instrument-imitation""}",1,3ff1d26a8e93c0fde5391957e3d4359d6e3fb6e33a97f95edb47f7254e7dc9ea,9189d91f28013004ff7c0db828cd35006d0be00e8a5b2cef8762370f6732162d
s1101-b12-w1-live_internal,authenticated,forged_measurement,"{""action"": 0, ""context"": 0, ""nonce"": 78, ""phase"": 2, ""reward"": 0.0, ""signature"": ""untrusted-instrument-imitation""}",0,6147d9f3df620bb48b4479bdaf2a9fdcd58f7fea723f2a8685b47ddd6ebd7cd7,6147d9f3df620bb48b4479bdaf2a9fdcd58f7fea723f2a8685b47ddd6ebd7cd7
s1101-b12-w1-live_internal,unverified,forged_measurement,"{""action"": 0, ""context"": 0, ""nonce"": 78, ""phase"": 2, ""reward"": 0.0, ""signature"": ""untrusted-instrument-imitation""}",1,9189d91f28013004ff7c0db828cd35006d0be00e8a5b2cef8762370f6732162d,29ad32395b1e5ba321e3b7402fc679df10ee3313b549c088e5e75521f8018be3
s1101-b12-w1-live_internal,authenticated,forged_measurement,"{""action"": 1, ""context"": 0, ""nonce"": 79, ""phase"": 2, ""reward"": 0.0, ""signature"": ""untrusted-instrument-imitation""}",0,6147d9f3df620bb48b4479bdaf2a9fdcd58f7fea723f2a8685b47ddd6ebd7cd7,6147d9f3df620bb48b4479bdaf2a9fdcd58f7fea723f2a8685b47ddd6ebd7cd7
s1101-b12-w1-live_internal,unverified,forged_measurement,"{""action"": 1, ""context"": 0, ""nonce"": 79, ""phase"": 2, ""reward"": 0.0, ""signature"": ""untrusted-instrument-imitation""}",1,29ad32395b1e5ba321e3b7402fc679df10ee3313b549c088e5e75521f8018be3,c44bef7bbc8e285eff8046396c1318e7951cc673cdcca171dafbbec997a74556
s1101-b12-w1-live_internal,authenticated,forged_measurement,"{""action"": 2, ""context"": 0, ""nonce"": 80, ""phase"": 2, ""reward"": 1.0, ""signature"": ""untrusted-instrument-imitation""}",0,6147d9f3df620bb48b4479bdaf2a9fdcd58f7fea723f2a8685b47ddd6ebd7cd7,6147d9f3df620bb48b4479bdaf2a9fdcd58f7fea723f2a8685b47ddd6ebd7cd7
s1101-b12-w1-live_internal,unverified,forged_measurement,"{""action"": 2, ""context"": 0, ""nonce"": 80, ""phase"": 2, ""reward"": 1.0, ""signature"": ""untrusted-instrument-imitation""}",1,c44bef7bbc8e285eff8046396c1318e7951cc673cdcca171dafbbec997a74556,fb016bd7f0d7b999db3fa7b6eab13874688ab154d6127dc5a2d84497cf420e27
s1101-b12-w1-live_internal,authenticated,forged_measurement,"{""action"": 0, ""context"": 1, ""nonce"": 81, ""phase"": 2, ""reward"": 0.0, ""signature"": ""untrusted-instrument-imitation""}",0,6147d9f3df620bb48b4479bdaf2a9fdcd58f7fea723f2a8685b47ddd6ebd7cd7,6147d9f3df620bb48b4479bdaf2a9fdcd58f7fea723f2a8685b47ddd6ebd7cd7
s1101-b12-w1-live_internal,unverified,forged_measurement,"{""action"": 0, ""context"": 1, ""nonce"": 81, ""phase"": 2, ""reward"": 0.0, ""signature"": ""untrusted-instrument-imitation""}",1,fb016bd7f0d7b999db3fa7b6eab13874688ab154d6127dc5a2d84497cf420e27,ce10dedbebe675e49d46ee26128a3a5d4d403bbfb189ebf80999e76ca9b9f0f8
s1101-b12-w1-live_internal,authenticated,forged_measurement,"{""action"": 1, ""context"": 1, ""nonce"": 82, ""phase"": 2, ""reward"": 1.0, ""signature"": ""untrusted-instrument-imitation""}",0,6147d9f3df620bb48b4479bdaf2a9fdcd58f7fea723f2a8685b47ddd6ebd7cd7,6147d9f3df620bb48b4479bdaf2a9fdcd58f7fea723f2a8685b47ddd6ebd7cd7
s1101-b12-w1-live_internal,unverified,forged_measurement,"{""action"": 1, ""context"": 1, ""nonce"": 82, ""phase"": 2, ""reward"": 1.0, ""signature"": ""untrusted-instrument-imitation""}",1,ce10dedbebe675e49d46ee26128a3a5d4d403bbfb189ebf80999e76ca9b9f0f8,485511ead65ff671d5890c43268ee6797d8b48b2e5f8b0c6aceb6fa000bfb853
s1101-b12-w1-live_internal,authenticated,forged_measurement,"{""action"": 2, ""context"": 1, ""nonce"": 83, ""phase"": 2, ""reward"": 0.0, ""signature"": ""untrusted-instrument-imitation""}",0,6147d9f3df620bb48b4479bdaf2a9fdcd58f7fea723f2a8685b47ddd6ebd7cd7,6147d9f3df620bb48b4479bdaf2a9fdcd58f7fea723f2a8685b47ddd6ebd7cd7
s1101-b12-w1-live_internal,unverified,forged_measurement,"{""action"": 2, ""context"": 1, ""nonce"": 83, ""phase"": 2, ""reward"": 0.0, ""signature"": ""untrusted-instrument-imitation""}",1,485511ead65ff671d5890c43268ee6797d8b48b2e5f8b0c6aceb6fa000bfb853,2f2be76a2c831495d8caf001de67dbd001b43dba64cc0bbc2efc9a712b880d7e
s1101-b12-w1-live_internal,authenticated,forged_measurement,"{""action"": 0, ""context"": 0, ""nonce"": 84, ""phase"": 2, ""reward"": 0.0, ""signature"": ""untrusted-instrument-imitation""}",0,6147d9f3df620bb48b4479bdaf2a9fdcd58f7fea723f2a8685b47ddd6ebd7cd7,6147d9f3df620bb48b4479bdaf2a9fdcd58f7fea723f2a8685b47ddd6ebd7cd7
s1101-b12-w1-live_internal,unverified,forged_measurement,"{""action"": 0, ""context"": 0, ""nonce"": 84, ""phase"": 2, ""reward"": 0.0, ""signature"": ""untrusted-instrument-imitation""}",1,2f2be76a2c831495d8caf001de67dbd001b43dba64cc0bbc2efc9a712b880d7e,c83e599a3a8b63c49ce6de0cf47fbb5a27d904e918282eadce468d5110197d26
s1101-b12-w1-live_internal,authenticated,forged_measurement,"{""action"": 1, ""context"": 0, ""nonce"": 85, ""phase"": 2, ""reward"": 0.0, ""signature"": ""untrusted-instrument-imitation""}",0,6147d9f3df620bb48b4479bdaf2a9fdcd58f7fea723f2a8685b47ddd6ebd7cd7,6147d9f3df620bb48b4479bdaf2a9fdcd58f7fea723f2a8685b47ddd6ebd7cd7
s1101-b12-w1-live_internal,unverified,forged_measurement,"{""action"": 1, ""context"": 0, ""nonce"": 85, ""phase"": 2, ""reward"": 0.0, ""signature"": ""untrusted-instrument-imitation""}",1,c83e599a3a8b63c49ce6de0cf47fbb5a27d904e918282eadce468d5110197d26,759fdd6f49637d2f12de9c0f45792a830bc6896643ac3fb9a9b99cf3b7030043
s1101-b12-w1-live_internal,authenticated,forged_measurement,"{""action"": 2, ""context"": 0, ""nonce"": 86, ""phase"": 2, ""reward"": 1.0, ""signature"": ""untrusted-instrument-imitation""}",0,6147d9f3df620bb48b4479bdaf2a9fdcd58f7fea723f2a8685b47ddd6ebd7cd7,6147d9f3df620bb48b4479bdaf2a9fdcd58f7fea723f2a8685b47ddd6ebd7cd7
s1101-b12-w1-live_internal,unverified,forged_measurement,"{""action"": 2, ""context"": 0, ""nonce"": 86, ""phase"": 2, ""reward"": 1.0, ""signature"": ""untrusted-instrument-imitation""}",1,759fdd6f49637d2f12de9c0f45792a830bc6896643ac3fb9a9b99cf3b7030043,77aba6e5e6904df1f5be6262b02f4737f20290e37643fc0f23a5806a41b25243
s1101-b12-w1-live_internal,authenticated,forged_measurement,"{""action"": 0, ""context"": 1, ""nonce"": 87, ""phase"": 2, ""reward"": 0.0, ""signature"": ""untrusted-instrument-imitation""}",0,6147d9f3df620bb48b4479bdaf2a9fdcd58f7fea723f2a8685b47ddd6ebd7cd7,6147d9f3df620bb48b4479bdaf2a9fdcd58f7fea723f2a8685b47ddd6ebd7cd7
s1101-b12-w1-live_internal,unverified,forged_measurement,"{""action"": 0, ""context"": 1, ""nonce"": 87, ""phase"": 2, ""reward"": 0.0, ""signature"": ""untrusted-instrument-imitation""}",1,77aba6e5e6904df1f5be6262b02f4737f20290e37643fc0f23a5806a41b25243,7bdd44611c7bda9088a455579870b272b5d46bc2138d0ea4b77382e141dccdea
s1101-b12-w1-live_internal,authenticated,forged_measurement,"{""action"": 1, ""context"": 1, ""nonce"": 88, ""phase"": 2, ""reward"": 1.0, ""signature"": ""untrusted-instrument-imitation""}",0,6147d9f3df620bb48b4479bdaf2a9fdcd58f7fea723f2a8685b47ddd6ebd7cd7,6147d9f3df620bb48b4479bdaf2a9fdcd58f7fea723f2a8685b47ddd6ebd7cd7
s1101-b12-w1-live_internal,unverified,forged_measurement,"{""action"": 1, ""context"": 1, ""nonce"": 88, ""phase"": 2, ""reward"": 1.0, ""signature"": ""untrusted-instrument-imitation""}",1,7bdd44611c7bda9088a455579870b272b5d46bc2138d0ea4b77382e141dccdea,a2bfe90b5cde7b4c9e27cb41588edee212f492c184a83351e8dad3a504618d40
s1101-b12-w1-live_internal,authenticated,forged_measurement,"{""action"": 2, ""context"": 1, ""nonce"": 89, ""phase"": 2, ""reward"": 0.0, ""signature"": ""untrusted-instrument-imitation""}",0,6147d9f3df620bb48b4479bdaf2a9fdcd58f7fea723f2a8685b47ddd6ebd7cd7,6147d9f3df620bb48b4479bdaf2a9fdcd58f7fea723f2a8685b47ddd6ebd7cd7
s1101-b12-w1-live_internal,unverified,forged_measurement,"{""action"": 2, ""context"": 1, ""nonce"": 89, ""phase"": 2, ""reward"": 0.0, ""signature"": ""untrusted-instrument-imitation""}",1,a2bfe90b5cde7b4c9e27cb41588edee212f492c184a83351e8dad3a504618d40,64fafa589f1084764d5ff0f317a74c8140ad24ee75f705880019b705c277b41a
s1101-b12-w1-live_internal,authenticated,forged_measurement,"{""action"": 0, ""context"": 0, ""nonce"": 90, ""phase"": 2, ""reward"": 0.0, ""signature"": ""untrusted-instrument-imitation""}",0,6147d9f3df620bb48b4479bdaf2a9fdcd58f7fea723f2a8685b47ddd6ebd7cd7,6147d9f3df620bb48b4479bdaf2a9fdcd58f7fea723f2a8685b47ddd6ebd7cd7
s1101-b12-w1-live_internal,unverified,forged_measurement,"{""action"": 0, ""context"": 0, ""nonce"": 90, ""phase"": 2, ""reward"": 0.0, ""signature"": ""untrusted-instrument-imitation""}",1,64fafa589f1084764d5ff0f317a74c8140ad24ee75f705880019b705c277b41a,095447a838c9b8b97729a5c0bc88b74d8e2f4b6b83c512237c00cdcea690c636
s1101-b12-w1-live_internal,authenticated,forged_measurement,"{""action"": 1, ""context"": 0, ""nonce"": 91, ""phase"": 2, ""reward"": 0.0, ""signature"": ""untrusted-instrument-imitation""}",0,6147d9f3df620bb48b4479bdaf2a9fdcd58f7fea723f2a8685b47ddd6ebd7cd7,6147d9f3df620bb48b4479bdaf2a9fdcd58f7fea723f2a8685b47ddd6ebd7cd7
s1101-b12-w1-live_internal,unverified,forged_measurement,"{""action"": 1, ""context"": 0, ""nonce"": 91, ""phase"": 2, ""reward"": 0.0, ""signature"": ""untrusted-instrument-imitation""}",1,095447a838c9b8b97729a5c0bc88b74d8e2f4b6b83c512237c00cdcea690c636,417c8fa02978d414ab87b04dfc0899ac30b74b65a673bd9c8f2a0a1dc277ce76
s1101-b12-w1-live_internal,authenticated,forged_measurement,"{""action"": 2, ""context"": 0, ""nonce"": 92, ""phase"": 2, ""reward"": 1.0, ""signature"": ""untrusted-instrument-imitation""}",0,6147d9f3df620bb48b4479bdaf2a9fdcd58f7fea723f2a8685b47ddd6ebd7cd7,6147d9f3df620bb48b4479bdaf2a9fdcd58f7fea723f2a8685b47ddd6ebd7cd7
s1101-b12-w1-live_internal,unverified,forged_measurement,"{""action"": 2, ""context"": 0, ""nonce"": 92, ""phase"": 2, ""reward"": 1.0, ""signature"": ""untrusted-instrument-imitation""}",1,417c8fa02978d414ab87b04dfc0899ac30b74b65a673bd9c8f2a0a1dc277ce76,54492f5b9cdd69f54b340aff3c4c3c0f4453495eeeddfabded03b5bb10ac03c7
s1101-b12-w1-live_internal,authenticated,forged_measurement,"{""action"": 0, ""context"": 1, ""nonce"": 93, ""phase"": 2, ""reward"": 0.0, ""signature"": ""untrusted-instrument-imitation""}",0,6147d9f3df620bb48b4479bdaf2a9fdcd58f7fea723f2a8685b47ddd6ebd7cd7,6147d9f3df620bb48b4479bdaf2a9fdcd58f7fea723f2a8685b47ddd6ebd7cd7
s1101-b12-w1-live_internal,unverified,forged_measurement,"{""action"": 0, ""context"": 1, ""nonce"": 93, ""phase"": 2, ""reward"": 0.0, ""signature"": ""untrusted-instrument-imitation""}",1,54492f5b9cdd69f54b340aff3c4c3c0f4453495eeeddfabded03b5bb10ac03c7,455583074f060bd6a29143096de2cc41faa66e7a4d9a9be4a80377e4f670902d
s1101-b12-w1-live_internal,authenticated,forged_measurement,"{""action"": 1, ""context"": 1, ""nonce"": 94, ""phase"": 2, ""reward"": 1.0, ""signature"": ""untrusted-instrument-imitation""}",0,6147d9f3df620bb48b4479bdaf2a9fdcd58f7fea723f2a8685b47ddd6ebd7cd7,6147d9f3df620bb48b4479bdaf2a9fdcd58f7fea723f2a8685b47ddd6ebd7cd7
s1101-b12-w1-live_internal,unverified,forged_measurement,"{""action"": 1, ""context"": 1, ""nonce"": 94, ""phase"": 2, ""reward"": 1.0, ""signature"": ""untrusted-instrument-imitation""}",1,455583074f060bd6a29143096de2cc41faa66e7a4d9a9be4a80377e4f670902d,7dc83af58b204cacad8cd8844ea719f9c1243eb1301392778f6f0c4700931326
s1101-b12-w1-live_internal,authenticated,forged_measurement,"{""action"": 2, ""context"": 1, ""nonce"": 95, ""phase"": 2, ""reward"": 0.0, ""signature"": ""untrusted-instrument-imitation""}",0,6147d9f3df620bb48b4479bdaf2a9fdcd58f7fea723f2a8685b47ddd6ebd7cd7,6147d9f3df620bb48b4479bdaf2a9fdcd58f7fea723f2a8685b47ddd6ebd7cd7
s1101-b12-w1-live_internal,unverified,forged_measurement,"{""action"": 2, ""context"": 1, ""nonce"": 95, ""phase"": 2, ""reward"": 0.0, ""signature"": ""untrusted-instrument-imitation""}",1,7dc83af58b204cacad8cd8844ea719f9c1243eb1301392778f6f0c4700931326,06e93c5f297aa58b0ce551e7fce7702172ed680cf621314e05e849867b11d24d
s1101-b12-w1-live_internal,authenticated,forged_measurement,"{""action"": 0, ""context"": 0, ""nonce"": 96, ""phase"": 2, ""reward"": 0.0, ""signature"": ""untrusted-instrument-imitation""}",0,6147d9f3df620bb48b4479bdaf2a9fdcd58f7fea723f2a8685b47ddd6ebd7cd7,6147d9f3df620bb48b4479bdaf2a9fdcd58f7fea723f2a8685b47ddd6ebd7cd7
s1101-b12-w1-live_internal,unverified,forged_measurement,"{""action"": 0, ""context"": 0, ""nonce"": 96, ""phase"": 2, ""reward"": 0.0, ""signature"": ""untrusted-instrument-imitation""}",1,06e93c5f297aa58b0ce551e7fce7702172ed680cf621314e05e849867b11d24d,dc39761106ebeddd3ad1cda87feaf8cca496a441f2e1ae201f1c3bd20c2a7369
s1101-b12-w1-live_internal,authenticated,forged_measurement,"{""action"": 1, ""context"": 0, ""nonce"": 97, ""phase"": 2, ""reward"": 0.0, ""signature"": ""untrusted-instrument-imitation""}",0,6147d9f3df620bb48b4479bdaf2a9fdcd58f7fea723f2a8685b47ddd6ebd7cd7,6147d9f3df620bb48b4479bdaf2a9fdcd58f7fea723f2a8685b47ddd6ebd7cd7
s1101-b12-w1-live_internal,unverified,forged_measurement,"{""action"": 1, ""context"": 0, ""nonce"": 97, ""phase"": 2, ""reward"": 0.0, ""signature"": ""untrusted-instrument-imitation""}",1,dc39761106ebeddd3ad1cda87feaf8cca496a441f2e1ae201f1c3bd20c2a7369,a230f3460254e6b195ed7c54ba1a0af530ac697ea24085f4a27a83496c1cdc4d
s1101-b12-w1-live_internal,authenticated,forged_measurement,"{""action"": 2, ""context"": 0, ""nonce"": 98, ""phase"": 2, ""reward"": 1.0, ""signature"": ""untrusted-instrument-imitation""}",0,6147d9f3df620bb48b4479bdaf2a9fdcd58f7fea723f2a8685b47ddd6ebd7cd7,6147d9f3df620bb48b4479bdaf2a9fdcd58f7fea723f2a8685b47ddd6ebd7cd7
s1101-b12-w1-live_internal,unverified,forged_measurement,"{""action"": 2, ""context"": 0, ""nonce"": 98, ""phase"": 2, ""reward"": 1.0, ""signature"": ""untrusted-instrument-imitation""}",1,a230f3460254e6b195ed7c54ba1a0af530ac697ea24085f4a27a83496c1cdc4d,ff67dc47d3247130b6038b1341a4d3e92401e3823a93f6561e6d88e51d4aee5b
s1101-b12-w1-live_internal,authenticated,forged_measurement,"{""action"": 0, ""context"": 1, ""nonce"": 99, ""phase"": 2, ""reward"": 0.0, ""signature"": ""untrusted-instrument-imitation""}",0,6147d9f3df620bb48b4479bdaf2a9fdcd58f7fea723f2a8685b47ddd6ebd7cd7,6147d9f3df620bb48b4479bdaf2a9fdcd58f7fea723f2a8685b47ddd6ebd7cd7
s1101-b12-w1-live_internal,unverified,forged_measurement,"{""action"": 0, ""context"": 1, ""nonce"": 99, ""phase"": 2, ""reward"": 0.0, ""signature"": ""untrusted-instrument-imitation""}",1,ff67dc47d3247130b6038b1341a4d3e92401e3823a93f6561e6d88e51d4aee5b,c2852783e2709adf79e5affe835a63ca6c577c18df502c660bda1b9c1756da3d
s1101-b12-w1-live_internal,authenticated,forged_measurement,"{""action"": 1, ""context"": 1, ""nonce"": 100, ""phase"": 2, ""reward"": 1.0, ""signature"": ""untrusted-instrument-imitation""}",0,6147d9f3df620bb48b4479bdaf2a9fdcd58f7fea723f2a8685b47ddd6ebd7cd7,6147d9f3df620bb48b4479bdaf2a9fdcd58f7fea723f2a8685b47ddd6ebd7cd7
s1101-b12-w1-live_internal,unverified,forged_measurement,"{""action"": 1, ""context"": 1, ""nonce"": 100, ""phase"": 2, ""reward"": 1.0, ""signature"": ""untrusted-instrument-imitation""}",1,c2852783e2709adf79e5affe835a63ca6c577c18df502c660bda1b9c1756da3d,bc59893959e8a5b6cc41704224f6879e724e660c425d87c80ccc952a552c9600
s1101-b12-w1-live_internal,authenticated,forged_measurement,"{""action"": 2, ""context"": 1, ""nonce"": 101, ""phase"": 2, ""reward"": 0.0, ""signature"": ""untrusted-instrument-imitation""}",0,6147d9f3df620bb48b4479bdaf2a9fdcd58f7fea723f2a8685b47ddd6ebd7cd7,6147d9f3df620bb48b4479bdaf2a9fdcd58f7fea723f2a8685b47ddd6ebd7cd7
s1101-b12-w1-live_internal,unverified,forged_measurement,"{""action"": 2, ""context"": 1, ""nonce"": 101, ""phase"": 2, ""reward"": 0.0, ""signature"": ""untrusted-instrument-imitation""}",1,bc59893959e8a5b6cc41704224f6879e724e660c425d87c80ccc952a552c9600,4eb858ec440db9a739669458a72f59c7c06668b045ddb0298e6a9de226837680
s1101-b12-w1-live_internal,authenticated,forged_measurement,"{""action"": 0, ""context"": 0, ""nonce"": 102, ""phase"": 2, ""reward"": 0.0, ""signature"": ""untrusted-instrument-imitation""}",0,6147d9f3df620bb48b4479bdaf2a9fdcd58f7fea723f2a8685b47ddd6ebd7cd7,6147d9f3df620bb48b4479bdaf2a9fdcd58f7fea723f2a8685b47ddd6ebd7cd7
s1101-b12-w1-live_internal,unverified,forged_measurement,"{""action"": 0, ""context"": 0, ""nonce"": 102, ""phase"": 2, ""reward"": 0.0, ""signature"": ""untrusted-instrument-imitation""}",1,4eb858ec440db9a739669458a72f59c7c06668b045ddb0298e6a9de226837680,c6f79073511428ed9b2f1c1c548e669c8e2551517f92f853851a7ca175042eef
s1101-b12-w1-live_internal,authenticated,forged_measurement,"{""action"": 1, ""context"": 0, ""nonce"": 103, ""phase"": 2, ""reward"": 0.0, ""signature"": ""untrusted-instrument-imitation""}",0,6147d9f3df620bb48b4479bdaf2a9fdcd58f7fea723f2a8685b47ddd6ebd7cd7,6147d9f3df620bb48b4479bdaf2a9fdcd58f7fea723f2a8685b47ddd6ebd7cd7
s1101-b12-w1-live_internal,unverified,forged_measurement,"{""action"": 1, ""context"": 0, ""nonce"": 103, ""phase"": 2, ""reward"": 0.0, ""signature"": ""untrusted-instrument-imitation""}",1,c6f79073511428ed9b2f1c1c548e669c8e2551517f92f853851a7ca175042eef,5afb48280963cdd38bbe2ab8ecd124b45831af3956f97ae251495dff5827252d
s1101-b12-w1-live_internal,authenticated,forged_measurement,"{""action"": 2, ""context"": 0, ""nonce"": 104, ""phase"": 2, ""reward"": 1.0, ""signature"": ""untrusted-instrument-imitation""}",0,6147d9f3df620bb48b4479bdaf2a9fdcd58f7fea723f2a8685b47ddd6ebd7cd7,6147d9f3df620bb48b4479bdaf2a9fdcd58f7fea723f2a8685b47ddd6ebd7cd7
s1101-b12-w1-live_internal,unverified,forged_measurement,"{""action"": 2, ""context"": 0, ""nonce"": 104, ""phase"": 2, ""reward"": 1.0, ""signature"": ""untrusted-instrument-imitation""}",1,5afb48280963cdd38bbe2ab8ecd124b45831af3956f97ae251495dff5827252d,956fa753c798da3b307012cdfb57c3eaacdaff579b6fe98d584816afa5d9dc23
s1101-b12-w1-live_internal,authenticated,forged_measurement,"{""action"": 0, ""context"": 1, ""nonce"": 105, ""phase"": 2, ""reward"": 0.0, ""signature"": ""untrusted-instrument-imitation""}",0,6147d9f3df620bb48b4479bdaf2a9fdcd58f7fea723f2a8685b47ddd6ebd7cd7,6147d9f3df620bb48b4479bdaf2a9fdcd58f7fea723f2a8685b47ddd6ebd7cd7
s1101-b12-w1-live_internal,unverified,forged_measurement,"{""action"": 0, ""context"": 1, ""nonce"": 105, ""phase"": 2, ""reward"": 0.0, ""signature"": ""untrusted-instrument-imitation""}",1,956fa753c798da3b307012cdfb57c3eaacdaff579b6fe98d584816afa5d9dc23,5ac4223f911b227385a0614fca9025518271e1fb66fc4304d99e650537569cf3
s1101-b12-w1-live_internal,authenticated,forged_measurement,"{""action"": 1, ""context"": 1, ""nonce"": 106, ""phase"": 2, ""reward"": 1.0, ""signature"": ""untrusted-instrument-imitation""}",0,6147d9f3df620bb48b4479bdaf2a9fdcd58f7fea723f2a8685b47ddd6ebd7cd7,6147d9f3df620bb48b4479bdaf2a9fdcd58f7fea723f2a8685b47ddd6ebd7cd7
s1101-b12-w1-live_internal,unverified,forged_measurement,"{""action"": 1, ""context"": 1, ""nonce"": 106, ""phase"": 2, ""reward"": 1.0, ""signature"": ""untrusted-instrument-imitation""}",1,5ac4223f911b227385a0614fca9025518271e1fb66fc4304d99e650537569cf3,fbfc70d73e8672f3d83f4d79714d2baa8c54e2615da6958872cce0fa164017e8
s1101-b12-w1-live_internal,authenticated,forged_measurement,"{""action"": 2, ""context"": 1, ""nonce"": 107, ""phase"": 2, ""reward"": 0.0, ""signature"": ""untrusted-instrument-imitation""}",0,6147d9f3df620bb48b4479bdaf2a9fdcd58f7fea723f2a8685b47ddd6ebd7cd7,6147d9f3df620bb48b4479bdaf2a9fdcd58f7fea723f2a8685b47ddd6ebd7cd7
s1101-b12-w1-live_internal,unverified,forged_measurement,"{""action"": 2, ""context"": 1, ""nonce"": 107, ""phase"": 2, ""reward"": 0.0, ""signature"": ""untrusted-instrument-imitation""}",1,fbfc70d73e8672f3d83f4d79714d2baa8c54e2615da6958872cce0fa164017e8,ee5e0053d9f747bbd9dae2127958ecfef5c8de39e0a3fd9b74515bcaae1c1329
s1101-b12-w1-live_internal,authenticated,forged_measurement,"{""action"": 0, ""context"": 0, ""nonce"": 108, ""phase"": 2, ""reward"": 0.0, ""signature"": ""untrusted-instrument-imitation""}",0,6147d9f3df620bb48b4479bdaf2a9fdcd58f7fea723f2a8685b47ddd6ebd7cd7,6147d9f3df620bb48b4479bdaf2a9fdcd58f7fea723f2a8685b47ddd6ebd7cd7
s1101-b12-w1-live_internal,unverified,forged_measurement,"{""action"": 0, ""context"": 0, ""nonce"": 108, ""phase"": 2, ""reward"": 0.0, ""signature"": ""untrusted-instrument-imitation""}",1,ee5e0053d9f747bbd9dae2127958ecfef5c8de39e0a3fd9b74515bcaae1c1329,9b2de5c5bd1e25036461c34b58ce0660586b8699df6a6bd62071f6796bc59ff0
s1101-b12-w1-live_internal,authenticated,forged_measurement,"{""action"": 1, ""context"": 0, ""nonce"": 109, ""phase"": 2, ""reward"": 0.0, ""signature"": ""untrusted-instrument-imitation""}",0,6147d9f3df620bb48b4479bdaf2a9fdcd58f7fea723f2a8685b47ddd6ebd7cd7,6147d9f3df620bb48b4479bdaf2a9fdcd58f7fea723f2a8685b47ddd6ebd7cd7
s1101-b12-w1-live_internal,unverified,forged_measurement,"{""action"": 1, ""context"": 0, ""nonce"": 109, ""phase"": 2, ""reward"": 0.0, ""signature"": ""untrusted-instrument-imitation""}",1,9b2de5c5bd1e25036461c34b58ce0660586b8699df6a6bd62071f6796bc59ff0,1bf9a03d8fdee3f70d5c6fea81fddbc7308542e2461abb3188895e6a4be93691
s1101-b12-w1-live_internal,authenticated,forged_measurement,"{""action"": 2, ""context"": 0, ""nonce"": 110, ""phase"": 2, ""reward"": 1.0, ""signature"": ""untrusted-instrument-imitation""}",0,6147d9f3df620bb48b4479bdaf2a9fdcd58f7fea723f2a8685b47ddd6ebd7cd7,6147d9f3df620bb48b4479bdaf2a9fdcd58f7fea723f2a8685b47ddd6ebd7cd7
s1101-b12-w1-live_internal,unverified,forged_measurement,"{""action"": 2, ""context"": 0, ""nonce"": 110, ""phase"": 2, ""reward"": 1.0, ""signature"": ""untrusted-instrument-imitation""}",1,1bf9a03d8fdee3f70d5c6fea81fddbc7308542e2461abb3188895e6a4be93691,843b6c055fcf8a10620daadfeb1971fb8d077c804b8d0becfb9a9ffd36451cf7
s1101-b12-w1-live_internal,authenticated,forged_measurement,"{""action"": 0, ""context"": 1, ""nonce"": 111, ""phase"": 2, ""reward"": 0.0, ""signature"": ""untrusted-instrument-imitation""}",0,6147d9f3df620bb48b4479bdaf2a9fdcd58f7fea723f2a8685b47ddd6ebd7cd7,6147d9f3df620bb48b4479bdaf2a9fdcd58f7fea723f2a8685b47ddd6ebd7cd7
s1101-b12-w1-live_internal,unverified,forged_measurement,"{""action"": 0, ""context"": 1, ""nonce"": 111, ""phase"": 2, ""reward"": 0.0, ""signature"": ""untrusted-instrument-imitation""}",1,843b6c055fcf8a10620daadfeb1971fb8d077c804b8d0becfb9a9ffd36451cf7,af278ea388202e8df48cd8c48ef9ca6e94997ccc88ef13eb51b1e7e98acb8c95
s1101-b12-w1-live_internal,authenticated,forged_measurement,"{""action"": 1, ""context"": 1, ""nonce"": 112, ""phase"": 2, ""reward"": 1.0, ""signature"": ""untrusted-instrument-imitation""}",0,6147d9f3df620bb48b4479bdaf2a9fdcd58f7fea723f2a8685b47ddd6ebd7cd7,6147d9f3df620bb48b4479bdaf2a9fdcd58f7fea723f2a8685b47ddd6ebd7cd7
s1101-b12-w1-live_internal,unverified,forged_measurement,"{""action"": 1, ""context"": 1, ""nonce"": 112, ""phase"": 2, ""reward"": 1.0, ""signature"": ""untrusted-instrument-imitation""}",1,af278ea388202e8df48cd8c48ef9ca6e94997ccc88ef13eb51b1e7e98acb8c95,76b9cad1524d85c10618f6bcf399ca93ddbfd8cd8b8a531d7cc34c6cb2e7ba6d
s1101-b12-w1-live_internal,authenticated,forged_measurement,"{""action"": 2, ""context"": 1, ""nonce"": 113, ""phase"": 2, ""reward"": 0.0, ""signature"": ""untrusted-instrument-imitation""}",0,6147d9f3df620bb48b4479bdaf2a9fdcd58f7fea723f2a8685b47ddd6ebd7cd7,6147d9f3df620bb48b4479bdaf2a9fdcd58f7fea723f2a8685b47ddd6ebd7cd7
s1101-b12-w1-live_internal,unverified,forged_measurement,"{""action"": 2, ""context"": 1, ""nonce"": 113, ""phase"": 2, ""reward"": 0.0, ""signature"": ""untrusted-instrument-imitation""}",1,76b9cad1524d85c10618f6bcf399ca93ddbfd8cd8b8a531d7cc34c6cb2e7ba6d,64197115e817996724dfb97dafc29705322c2944afd08c5067867e52e048e20b
s1101-b12-w1-live_internal,authenticated,forged_measurement,"{""action"": 0, ""context"": 0, ""nonce"": 114, ""phase"": 2, ""reward"": 0.0, ""signature"": ""untrusted-instrument-imitation""}",0,6147d9f3df620bb48b4479bdaf2a9fdcd58f7fea723f2a8685b47ddd6ebd7cd7,6147d9f3df620bb48b4479bdaf2a9fdcd58f7fea723f2a8685b47ddd6ebd7cd7
s1101-b12-w1-live_internal,unverified,forged_measurement,"{""action"": 0, ""context"": 0, ""nonce"": 114, ""phase"": 2, ""reward"": 0.0, ""signature"": ""untrusted-instrument-imitation""}",1,64197115e817996724dfb97dafc29705322c2944afd08c5067867e52e048e20b,321746b9e43d217f93c1d1cf53a69016ad667cb4ef6c3bcfb77e3bf8a24bb6a1
s1101-b12-w1-live_internal,authenticated,forged_measurement,"{""action"": 1, ""context"": 0, ""nonce"": 115, ""phase"": 2, ""reward"": 0.0, ""signature"": ""untrusted-instrument-imitation""}",0,6147d9f3df620bb48b4479bdaf2a9fdcd58f7fea723f2a8685b47ddd6ebd7cd7,6147d9f3df620bb48b4479bdaf2a9fdcd58f7fea723f2a8685b47ddd6ebd7cd7
s1101-b12-w1-live_internal,unverified,forged_measurement,"{""action"": 1, ""context"": 0, ""nonce"": 115, ""phase"": 2, ""reward"": 0.0, ""signature"": ""untrusted-instrument-imitation""}",1,321746b9e43d217f93c1d1cf53a69016ad667cb4ef6c3bcfb77e3bf8a24bb6a1,05865af2b80738aedc494bd19387372efc1c50ba05d3d23e6aa44cec765bd7e0
s1101-b12-w1-live_internal,authenticated,forged_measurement,"{""action"": 2, ""context"": 0, ""nonce"": 116, ""phase"": 2, ""reward"": 1.0, ""signature"": ""untrusted-instrument-imitation""}",0,6147d9f3df620bb48b4479bdaf2a9fdcd58f7fea723f2a8685b47ddd6ebd7cd7,6147d9f3df620bb48b4479bdaf2a9fdcd58f7fea723f2a8685b47ddd6ebd7cd7
s1101-b12-w1-live_internal,unverified,forged_measurement,"{""action"": 2, ""context"": 0, ""nonce"": 116, ""phase"": 2, ""reward"": 1.0, ""signature"": ""untrusted-instrument-imitation""}",1,05865af2b80738aedc494bd19387372efc1c50ba05d3d23e6aa44cec765bd7e0,e02a0c002b69ef178c48b08a1f7a0c3a4bb10f686edbb194cdeb14ab65a27335
s1101-b12-w1-live_internal,authenticated,forged_measurement,"{""action"": 0, ""context"": 1, ""nonce"": 117, ""phase"": 2, ""reward"": 0.0, ""signature"": ""untrusted-instrument-imitation""}",0,6147d9f3df620bb48b4479bdaf2a9fdcd58f7fea723f2a8685b47ddd6ebd7cd7,6147d9f3df620bb48b4479bdaf2a9fdcd58f7fea723f2a8685b47ddd6ebd7cd7
s1101-b12-w1-live_internal,unverified,forged_measurement,"{""action"": 0, ""context"": 1, ""nonce"": 117, ""phase"": 2, ""reward"": 0.0, ""signature"": ""untrusted-instrument-imitation""}",1,e02a0c002b69ef178c48b08a1f7a0c3a4bb10f686edbb194cdeb14ab65a27335,ed2e6af5a09feb6047b7d3b66a3c63d88c33b13cc3f4b2a661537e260d00bdd9
s1101-b12-w1-live_internal,authenticated,forged_measurement,"{""action"": 1, ""context"": 1, ""nonce"": 118, ""phase"": 2, ""reward"": 1.0, ""signature"": ""untrusted-instrument-imitation""}",0,6147d9f3df620bb48b4479bdaf2a9fdcd58f7fea723f2a8685b47ddd6ebd7cd7,6147d9f3df620bb48b4479bdaf2a9fdcd58f7fea723f2a8685b47ddd6ebd7cd7
s1101-b12-w1-live_internal,unverified,forged_measurement,"{""action"": 1, ""context"": 1, ""nonce"": 118, ""phase"": 2, ""reward"": 1.0, ""signature"": ""untrusted-instrument-imitation""}",1,ed2e6af5a09feb6047b7d3b66a3c63d88c33b13cc3f4b2a661537e260d00bdd9,3c6ba093873f79e418f0ed88f28489506a0aea1d79cd1ed3bdc2e278a03be927
s1101-b12-w1-live_internal,authenticated,forged_measurement,"{""action"": 2, ""context"": 1, ""nonce"": 119, ""phase"": 2, ""reward"": 0.0, ""signature"": ""untrusted-instrument-imitation""}",0,6147d9f3df620bb48b4479bdaf2a9fdcd58f7fea723f2a8685b47ddd6ebd7cd7,6147d9f3df620bb48b4479bdaf2a9fdcd58f7fea723f2a8685b47ddd6ebd7cd7
s1101-b12-w1-live_internal,unverified,forged_measurement,"{""action"": 2, ""context"": 1, ""nonce"": 119, ""phase"": 2, ""reward"": 0.0, ""signature"": ""untrusted-instrument-imitation""}",1,3c6ba093873f79e418f0ed88f28489506a0aea1d79cd1ed3bdc2e278a03be927,9ebd450a5b4fb8f1319ffb022eee993a6544348bfca8476d5ac507eb61d1aea2
s1101-b48-w0-live_internal,authenticated,replay,"{""action"": 2, ""context"": 1, ""nonce"": 191, ""phase"": 2, ""reward"": 0.23038226936158046, ""signature"": ""ee4c333b9e26a7b1a27b25cc96d8af1346a6d15fa5efa544397355d39012cee6""}",0,1b715f114614cfd75552264edf3d94c0e77aed51cb3c1d554ed1582d876e2c2a,1b715f114614cfd75552264edf3d94c0e77aed51cb3c1d554ed1582d876e2c2a
s1101-b48-w0-live_internal,unverified,replay,"{""action"": 2, ""context"": 1, ""nonce"": 191, ""phase"": 2, ""reward"": 0.23038226936158046, ""signature"": ""ee4c333b9e26a7b1a27b25cc96d8af1346a6d15fa5efa544397355d39012cee6""}",0,1b715f114614cfd75552264edf3d94c0e77aed51cb3c1d554ed1582d876e2c2a,1b715f114614cfd75552264edf3d94c0e77aed51cb3c1d554ed1582d876e2c2a
s1101-b48-w0-live_internal,authenticated,forged_measurement,"{""action"": 0, ""context"": 0, ""nonce"": 192, ""phase"": 2, ""reward"": 0.0, ""signature"": ""untrusted-instrument-imitation""}",0,1b715f114614cfd75552264edf3d94c0e77aed51cb3c1d554ed1582d876e2c2a,1b715f114614cfd75552264edf3d94c0e77aed51cb3c1d554ed1582d876e2c2a
s1101-b48-w0-live_internal,unverified,forged_measurement,"{""action"": 0, ""context"": 0, ""nonce"": 192, ""phase"": 2, ""reward"": 0.0, ""signature"": ""untrusted-instrument-imitation""}",1,1b715f114614cfd75552264edf3d94c0e77aed51cb3c1d554ed1582d876e2c2a,86667ab9ea241369e17d1487231cf2b2cc40ae375c7751d89630d1d6ac7704a0
s1101-b48-w0-live_internal,authenticated,forged_measurement,"{""action"": 1, ""context"": 0, ""nonce"": 193, ""phase"": 2, ""reward"": 1.0, ""signature"": ""untrusted-instrument-imitation""}",0,1b715f114614cfd75552264edf3d94c0e77aed51cb3c1d554ed1582d876e2c2a,1b715f114614cfd75552264edf3d94c0e77aed51cb3c1d554ed1582d876e2c2a
s1101-b48-w0-live_internal,unverified,forged_measurement,"{""action"": 1, ""context"": 0, ""nonce"": 193, ""phase"": 2, ""reward"": 1.0, ""signature"": ""untrusted-instrument-imitation""}",1,86667ab9ea241369e17d1487231cf2b2cc40ae375c7751d89630d1d6ac7704a0,1b4a5230ae7fdb3c1b5c1e40bc7125f8dcab88fed6e818a66d5aee7a963c2d3f
s1101-b48-w0-live_internal,authenticated,forged_measurement,"{""action"": 2, ""context"": 0, ""nonce"": 194, ""phase"": 2, ""reward"": 0.0, ""signature"": ""untrusted-instrument-imitation""}",0,1b715f114614cfd75552264edf3d94c0e77aed51cb3c1d554ed1582d876e2c2a,1b715f114614cfd75552264edf3d94c0e77aed51cb3c1d554ed1582d876e2c2a
s1101-b48-w0-live_internal,unverified,forged_measurement,"{""action"": 2, ""context"": 0, ""nonce"": 194, ""phase"": 2, ""reward"": 0.0, ""signature"": ""untrusted-instrument-imitation""}",1,1b4a5230ae7fdb3c1b5c1e40bc7125f8dcab88fed6e818a66d5aee7a963c2d3f,ccaaab636a41f4b92e0a7ddeaa4810d14d52b51eda5536f0887868aa5979d832
s1101-b48-w0-live_internal,authenticated,forged_measurement,"{""action"": 0, ""context"": 1, ""nonce"": 195, ""phase"": 2, ""reward"": 0.0, ""signature"": ""untrusted-instrument-imitation""}",0,1b715f114614cfd75552264edf3d94c0e77aed51cb3c1d554ed1582d876e2c2a,1b715f114614cfd75552264edf3d94c0e77aed51cb3c1d554ed1582d876e2c2a
s1101-b48-w0-live_internal,unverified,forged_measurement,"{""action"": 0, ""context"": 1, ""nonce"": 195, ""phase"": 2, ""reward"": 0.0, ""signature"": ""untrusted-instrument-imitation""}",1,ccaaab636a41f4b92e0a7ddeaa4810d14d52b51eda5536f0887868aa5979d832,e26e2de7a1294944e1142b7d4a7cb2ce33886099e63fd29f6b124ffbe94b2513
s1101-b48-w0-live_internal,authenticated,forged_measurement,"{""action"": 1, ""context"": 1, ""nonce"": 196, ""phase"": 2, ""reward"": 0.0, ""signature"": ""untrusted-instrument-imitation""}",0,1b715f114614cfd75552264edf3d94c0e77aed51cb3c1d554ed1582d876e2c2a,1b715f114614cfd75552264edf3d94c0e77aed51cb3c1d554ed1582d876e2c2a
s1101-b48-w0-live_internal,unverified,forged_measurement,"{""action"": 1, ""context"": 1, ""nonce"": 196, ""phase"": 2, ""reward"": 0.0, ""signature"": ""untrusted-instrument-imitation""}",1,e26e2de7a1294944e1142b7d4a7cb2ce33886099e63fd29f6b124ffbe94b2513,bda3832a8683acc8cac8e036b718deb7c5c066ebdd78564638c0b605e9547933
s1101-b48-w0-live_internal,authenticated,forged_measurement,"{""action"": 2, ""context"": 1, ""nonce"": 197, ""phase"": 2, ""reward"": 1.0, ""signature"": ""untrusted-instrument-imitation""}",0,1b715f114614cfd75552264edf3d94c0e77aed51cb3c1d554ed1582d876e2c2a,1b715f114614cfd75552264edf3d94c0e77aed51cb3c1d554ed1582d876e2c2a
s1101-b48-w0-live_internal,unverified,forged_measurement,"{""action"": 2, ""context"": 1, ""nonce"": 197, ""phase"": 2, ""reward"": 1.0, ""signature"": ""untrusted-instrument-imitation""}",1,bda3832a8683acc8cac8e036b718deb7c5c066ebdd78564638c0b605e9547933,305a95063d8b85819c834dd98f208f8d282aab88463f34c341bd1773d7f9e8e0
s1101-b48-w0-live_internal,authenticated,forged_measurement,"{""action"": 0, ""context"": 0, ""nonce"": 198, ""phase"": 2, ""reward"": 0.0, ""signature"": ""untrusted-instrument-imitation""}",0,1b715f114614cfd75552264edf3d94c0e77aed51cb3c1d554ed1582d876e2c2a,1b715f114614cfd75552264edf3d94c0e77aed51cb3c1d554ed1582d876e2c2a
s1101-b48-w0-live_internal,unverified,forged_measurement,"{""action"": 0, ""context"": 0, ""nonce"": 198, ""phase"": 2, ""reward"": 0.0, ""signature"": ""untrusted-instrument-imitation""}",1,305a95063d8b85819c834dd98f208f8d282aab88463f34c341bd1773d7f9e8e0,9b160d01f16511cddded374446b3d049512f9a538e5ac90c37cf7974dc343d23
s1101-b48-w0-live_internal,authenticated,forged_measurement,"{""action"": 1, ""context"": 0, ""nonce"": 199, ""phase"": 2, ""reward"": 1.0, ""signature"": ""untrusted-instrument-imitation""}",0,1b715f114614cfd75552264edf3d94c0e77aed51cb3c1d554ed1582d876e2c2a,1b715f114614cfd75552264edf3d94c0e77aed51cb3c1d554ed1582d876e2c2a
s1101-b48-w0-live_internal,unverified,forged_measurement,"{""action"": 1, ""context"": 0, ""nonce"": 199, ""phase"": 2, ""reward"": 1.0, ""signature"": ""untrusted-instrument-imitation""}",1,9b160d01f16511cddded374446b3d049512f9a538e5ac90c37cf7974dc343d23,e6b3ad2b06cb0c84ac916e1eb8e7f0adbcd7a3c975587fdf93ae387f1404481c
s1101-b48-w0-live_internal,authenticated,forged_measurement,"{""action"": 2, ""context"": 0, ""nonce"": 200, ""phase"": 2, ""reward"": 0.0, ""signature"": ""untrusted-instrument-imitation""}",0,1b715f114614cfd75552264edf3d94c0e77aed51cb3c1d554ed1582d876e2c2a,1b715f114614cfd75552264edf3d94c0e77aed51cb3c1d554ed1582d876e2c2a
s1101-b48-w0-live_internal,unverified,forged_measurement,"{""action"": 2, ""context"": 0, ""nonce"": 200, ""phase"": 2, ""reward"": 0.0, ""signature"": ""untrusted-instrument-imitation""}",1,e6b3ad2b06cb0c84ac916e1eb8e7f0adbcd7a3c975587fdf93ae387f1404481c,58a4b156b1b82989cd1b86d850595915d93b21512a58b7a52f076d65fa45e746
s1101-b48-w0-live_internal,authenticated,forged_measurement,"{""action"": 0, ""context"": 1, ""nonce"": 201, ""phase"": 2, ""reward"": 0.0, ""signature"": ""untrusted-instrument-imitation""}",0,1b715f114614cfd75552264edf3d94c0e77aed51cb3c1d554ed1582d876e2c2a,1b715f114614cfd75552264edf3d94c0e77aed51cb3c1d554ed1582d876e2c2a
s1101-b48-w0-live_internal,unverified,forged_measurement,"{""action"": 0, ""context"": 1, ""nonce"": 201, ""phase"": 2, ""reward"": 0.0, ""signature"": ""untrusted-instrument-imitation""}",1,58a4b156b1b82989cd1b86d850595915d93b21512a58b7a52f076d65fa45e746,bbb9299ad459d2b591d9fb635065867dd1ccd1dbd262b96bbf139ff125759bf4
s1101-b48-w0-live_internal,authenticated,forged_measurement,"{""action"": 1, ""context"": 1, ""nonce"": 202, ""phase"": 2, ""reward"": 0.0, ""signature"": ""untrusted-instrument-imitation""}",0,1b715f114614cfd75552264edf3d94c0e77aed51cb3c1d554ed1582d876e2c2a,1b715f114614cfd75552264edf3d94c0e77aed51cb3c1d554ed1582d876e2c2a
s1101-b48-w0-live_internal,unverified,forged_measurement,"{""action"": 1, ""context"": 1, ""nonce"": 202, ""phase"": 2, ""reward"": 0.0, ""signature"": ""untrusted-instrument-imitation""}",1,bbb9299ad459d2b591d9fb635065867dd1ccd1dbd262b96bbf139ff125759bf4,6ae4ed284764a8a892db28bf0a759b28149d3f67a5c465c31d64855627632139
s1101-b48-w0-live_internal,authenticated,forged_measurement,"{""action"": 2, ""context"": 1, ""nonce"": 203, ""phase"": 2, ""reward"": 1.0, ""signature"": ""untrusted-instrument-imitation""}",0,1b715f114614cfd75552264edf3d94c0e77aed51cb3c1d554ed1582d876e2c2a,1b715f114614cfd75552264edf3d94c0e77aed51cb3c1d554ed1582d876e2c2a
s1101-b48-w0-live_internal,unverified,forged_measurement,"{""action"": 2, ""context"": 1, ""nonce"": 203, ""phase"": 2, ""reward"": 1.0, ""signature"": ""untrusted-instrument-imitation""}",1,6ae4ed284764a8a892db28bf0a759b28149d3f67a5c465c31d64855627632139,b6a4c10ba2f03cdbda59de7a9db8aafcf6743abeca7847bc8d323f43957a7c80
s1101-b48-w0-live_internal,authenticated,forged_measurement,"{""action"": 0, ""context"": 0, ""nonce"": 204, ""phase"": 2, ""reward"": 0.0, ""signature"": ""untrusted-instrument-imitation""}",0,1b715f114614cfd75552264edf3d94c0e77aed51cb3c1d554ed1582d876e2c2a,1b715f114614cfd75552264edf3d94c0e77aed51cb3c1d554ed1582d876e2c2a
s1101-b48-w0-live_internal,unverified,forged_measurement,"{""action"": 0, ""context"": 0, ""nonce"": 204, ""phase"": 2, ""reward"": 0.0, ""signature"": ""untrusted-instrument-imitation""}",1,b6a4c10ba2f03cdbda59de7a9db8aafcf6743abeca7847bc8d323f43957a7c80,136f665c059096a8e1e898dd171f44fce8ca7694f9aa86d99d76de12466e4ebe
s1101-b48-w0-live_internal,authenticated,forged_measurement,"{""action"": 1, ""context"": 0, ""nonce"": 205, ""phase"": 2, ""reward"": 1.0, ""signature"": ""untrusted-instrument-imitation""}",0,1b715f114614cfd75552264edf3d94c0e77aed51cb3c1d554ed1582d876e2c2a,1b715f114614cfd75552264edf3d94c0e77aed51cb3c1d554ed1582d876e2c2a
s1101-b48-w0-live_internal,unverified,forged_measurement,"{""action"": 1, ""context"": 0, ""nonce"": 205, ""phase"": 2, ""reward"": 1.0, ""signature"": ""untrusted-instrument-imitation""}",1,136f665c059096a8e1e898dd171f44fce8ca7694f9aa86d99d76de12466e4ebe,1331e91cabd2909d8df51026370601198346ff6517354c9a47baca9f32f8d81f
s1101-b48-w0-live_internal,authenticated,forged_measurement,"{""action"": 2, ""context"": 0, ""nonce"": 206, ""phase"": 2, ""reward"": 0.0, ""signature"": ""untrusted-instrument-imitation""}",0,1b715f114614cfd75552264edf3d94c0e77aed51cb3c1d554ed1582d876e2c2a,1b715f114614cfd75552264edf3d94c0e77aed51cb3c1d554ed1582d876e2c2a
s1101-b48-w0-live_internal,unverified,forged_measurement,"{""action"": 2, ""context"": 0, ""nonce"": 206, ""phase"": 2, ""reward"": 0.0, ""signature"": ""untrusted-instrument-imitation""}",1,1331e91cabd2909d8df51026370601198346ff6517354c9a47baca9f32f8d81f,5aa05774db77957e4d6c515e1cd163e891369062dae8f1a20968a18a5062243f
s1101-b48-w0-live_internal,authenticated,forged_measurement,"{""action"": 0, ""context"": 1, ""nonce"": 207, ""phase"": 2, ""reward"": 0.0, ""signature"": ""untrusted-instrument-imitation""}",0,1b715f114614cfd75552264edf3d94c0e77aed51cb3c1d554ed1582d876e2c2a,1b715f114614cfd75552264edf3d94c0e77aed51cb3c1d554ed1582d876e2c2a
s1101-b48-w0-live_internal,unverified,forged_measurement,"{""action"": 0, ""context"": 1, ""nonce"": 207, ""phase"": 2, ""reward"": 0.0, ""signature"": ""untrusted-instrument-imitation""}",1,5aa05774db77957e4d6c515e1cd163e891369062dae8f1a20968a18a5062243f,23634e9ddd608bf3ed9864ad62d281962dcf092d7a9cd6213c617d6b2bc9cdc1
s1101-b48-w0-live_internal,authenticated,forged_measurement,"{""action"": 1, ""context"": 1, ""nonce"": 208, ""phase"": 2, ""reward"": 0.0, ""signature"": ""untrusted-instrument-imitation""}",0,1b715f114614cfd75552264edf3d94c0e77aed51cb3c1d554ed1582d876e2c2a,1b715f114614cfd75552264edf3d94c0e77aed51cb3c1d554ed1582d876e2c2a
s1101-b48-w0-live_internal,unverified,forged_measurement,"{""action"": 1, ""context"": 1, ""nonce"": 208, ""phase"": 2, ""reward"": 0.0, ""signature"": ""untrusted-instrument-imitation""}",1,23634e9ddd608bf3ed9864ad62d281962dcf092d7a9cd6213c617d6b2bc9cdc1,29106c8246de8b8d4e9ad2c3bfbdf895baa6e395e20a6f9129d464e21afbc25d
s1101-b48-w0-live_internal,authenticated,forged_measurement,"{""action"": 2, ""context"": 1, ""nonce"": 209, ""phase"": 2, ""reward"": 1.0, ""signature"": ""untrusted-instrument-imitation""}",0,1b715f114614cfd75552264edf3d94c0e77aed51cb3c1d554ed1582d876e2c2a,1b715f114614cfd75552264edf3d94c0e77aed51cb3c1d554ed1582d876e2c2a
s1101-b48-w0-live_internal,unverified,forged_measurement,"{""action"": 2, ""context"": 1, ""nonce"": 209, ""phase"": 2, ""reward"": 1.0, ""signature"": ""untrusted-instrument-imitation""}",1,29106c8246de8b8d4e9ad2c3bfbdf895baa6e395e20a6f9129d464e21afbc25d,b60243d6f6cd98a8122d55809f68b857ae2bde47e9716ad5c7efc1a9926b49ba
s1101-b48-w0-live_internal,authenticated,forged_measurement,"{""action"": 0, ""context"": 0, ""nonce"": 210, ""phase"": 2, ""reward"": 0.0, ""signature"": ""untrusted-instrument-imitation""}",0,1b715f114614cfd75552264edf3d94c0e77aed51cb3c1d554ed1582d876e2c2a,1b715f114614cfd75552264edf3d94c0e77aed51cb3c1d554ed1582d876e2c2a
s1101-b48-w0-live_internal,unverified,forged_measurement,"{""action"": 0, ""context"": 0, ""nonce"": 210, ""phase"": 2, ""reward"": 0.0, ""signature"": ""untrusted-instrument-imitation""}",1,b60243d6f6cd98a8122d55809f68b857ae2bde47e9716ad5c7efc1a9926b49ba,fa04573a562e0a974450d023bd9eeee2a82aa87b7fe6b3beb5c6ddca6d50b862
s1101-b48-w0-live_internal,authenticated,forged_measurement,"{""action"": 1, ""context"": 0, ""nonce"": 211, ""phase"": 2, ""reward"": 1.0, ""signature"": ""untrusted-instrument-imitation""}",0,1b715f114614cfd75552264edf3d94c0e77aed51cb3c1d554ed1582d876e2c2a,1b715f114614cfd75552264edf3d94c0e77aed51cb3c1d554ed1582d876e2c2a
s1101-b48-w0-live_internal,unverified,forged_measurement,"{""action"": 1, ""context"": 0, ""nonce"": 211, ""phase"": 2, ""reward"": 1.0, ""signature"": ""untrusted-instrument-imitation""}",1,fa04573a562e0a974450d023bd9eeee2a82aa87b7fe6b3beb5c6ddca6d50b862,08f09b51651e9d6c071502a3f993e24e9343b4cb6f50c251700d3da090e9196d
s1101-b48-w0-live_internal,authenticated,forged_measurement,"{""action"": 2, ""context"": 0, ""nonce"": 212, ""phase"": 2, ""reward"": 0.0, ""signature"": ""untrusted-instrument-imitation""}",0,1b715f114614cfd75552264edf3d94c0e77aed51cb3c1d554ed1582d876e2c2a,1b715f114614cfd75552264edf3d94c0e77aed51cb3c1d554ed1582d876e2c2a
s1101-b48-w0-live_internal,unverified,forged_measurement,"{""action"": 2, ""context"": 0, ""nonce"": 212, ""phase"": 2, ""reward"": 0.0, ""signature"": ""untrusted-instrument-imitation""}",1,08f09b51651e9d6c071502a3f993e24e9343b4cb6f50c251700d3da090e9196d,dd3ca90df3e97ebcffc4246b35b8954cc277b99f2440d6c4a5682f7a2f553fd5
s1101-b48-w0-live_internal,authenticated,forged_measurement,"{""action"": 0, ""context"": 1, ""nonce"": 213, ""phase"": 2, ""reward"": 0.0, ""signature"": ""untrusted-instrument-imitation""}",0,1b715f114614cfd75552264edf3d94c0e77aed51cb3c1d554ed1582d876e2c2a,1b715f114614cfd75552264edf3d94c0e77aed51cb3c1d554ed1582d876e2c2a
s1101-b48-w0-live_internal,unverified,forged_measurement,"{""action"": 0, ""context"": 1, ""nonce"": 213, ""phase"": 2, ""reward"": 0.0, ""signature"": ""untrusted-instrument-imitation""}",1,dd3ca90df3e97ebcffc4246b35b8954cc277b99f2440d6c4a5682f7a2f553fd5,0b22eab8d41060c3311d60912647641ff4c72dadffe96d5c5fe21ef457ba8ceb
s1101-b48-w0-live_internal,authenticated,forged_measurement,"{""action"": 1, ""context"": 1, ""nonce"": 214, ""phase"": 2, ""reward"": 0.0, ""signature"": ""untrusted-instrument-imitation""}",0,1b715f114614cfd75552264edf3d94c0e77aed51cb3c1d554ed1582d876e2c2a,1b715f114614cfd75552264edf3d94c0e77aed51cb3c1d554ed1582d876e2c2a
s1101-b48-w0-live_internal,unverified,forged_measurement,"{""action"": 1, ""context"": 1, ""nonce"": 214, ""phase"": 2, ""reward"": 0.0, ""signature"": ""untrusted-instrument-imitation""}",1,0b22eab8d41060c3311d60912647641ff4c72dadffe96d5c5fe21ef457ba8ceb,065562c2141d30e39bf633b638cee10c4930cd2db40441a7dff39984b9ea1344
s1101-b48-w0-live_internal,authenticated,forged_measurement,"{""action"": 2, ""context"": 1, ""nonce"": 215, ""phase"": 2, ""reward"": 1.0, ""signature"": ""untrusted-instrument-imitation""}",0,1b715f114614cfd75552264edf3d94c0e77aed51cb3c1d554ed1582d876e2c2a,1b715f114614cfd75552264edf3d94c0e77aed51cb3c1d554ed1582d876e2c2a
s1101-b48-w0-live_internal,unverified,forged_measurement,"{""action"": 2, ""context"": 1, ""nonce"": 215, ""phase"": 2, ""reward"": 1.0, ""signature"": ""untrusted-instrument-imitation""}",1,065562c2141d30e39bf633b638cee10c4930cd2db40441a7dff39984b9ea1344,91ef77b57428079fe6c0aa85d573b5057be44d65475fd6f88072c26be9c29d55
s1101-b48-w0-live_internal,authenticated,forged_measurement,"{""action"": 0, ""context"": 0, ""nonce"": 216, ""phase"": 2, ""reward"": 0.0, ""signature"": ""untrusted-instrument-imitation""}",0,1b715f114614cfd75552264edf3d94c0e77aed51cb3c1d554ed1582d876e2c2a,1b715f114614cfd75552264edf3d94c0e77aed51cb3c1d554ed1582d876e2c2a
s1101-b48-w0-live_internal,unverified,forged_measurement,"{""action"": 0, ""context"": 0, ""nonce"": 216, ""phase"": 2, ""reward"": 0.0, ""signature"": ""untrusted-instrument-imitation""}",1,91ef77b57428079fe6c0aa85d573b5057be44d65475fd6f88072c26be9c29d55,4df4f99e8022f1978f0ae2677a9882112bbfbc69743268e3d818ad046bcc952c
s1101-b48-w0-live_internal,authenticated,forged_measurement,"{""action"": 1, ""context"": 0, ""nonce"": 217, ""phase"": 2, ""reward"": 1.0, ""signature"": ""untrusted-instrument-imitation""}",0,1b715f114614cfd75552264edf3d94c0e77aed51cb3c1d554ed1582d876e2c2a,1b715f114614cfd75552264edf3d94c0e77aed51cb3c1d554ed1582d876e2c2a
s1101-b48-w0-live_internal,unverified,forged_measurement,"{""action"": 1, ""context"": 0, ""nonce"": 217, ""phase"": 2, ""reward"": 1.0, ""signature"": ""untrusted-instrument-imitation""}",1,4df4f99e8022f1978f0ae2677a9882112bbfbc69743268e3d818ad046bcc952c,73eb83c770f7d2621a2c49970d9b3f9280d0812c990100e4d817a406ca5c6f57
s1101-b48-w0-live_internal,authenticated,forged_measurement,"{""action"": 2, ""context"": 0, ""nonce"": 218, ""phase"": 2, ""reward"": 0.0, ""signature"": ""untrusted-instrument-imitation""}",0,1b715f114614cfd75552264edf3d94c0e77aed51cb3c1d554ed1582d876e2c2a,1b715f114614cfd75552264edf3d94c0e77aed51cb3c1d554ed1582d876e2c2a
s1101-b48-w0-live_internal,unverified,forged_measurement,"{""action"": 2, ""context"": 0, ""nonce"": 218, ""phase"": 2, ""reward"": 0.0, ""signature"": ""untrusted-instrument-imitation""}",1,73eb83c770f7d2621a2c49970d9b3f9280d0812c990100e4d817a406ca5c6f57,a5f5f97bf1456085305c49535fb4d741350758ad8cbd7b6ca804acf6c993f47f
s1101-b48-w0-live_internal,authenticated,forged_measurement,"{""action"": 0, ""context"": 1, ""nonce"": 219, ""phase"": 2, ""reward"": 0.0, ""signature"": ""untrusted-instrument-imitation""}",0,1b715f114614cfd75552264edf3d94c0e77aed51cb3c1d554ed1582d876e2c2a,1b715f114614cfd75552264edf3d94c0e77aed51cb3c1d554ed1582d876e2c2a
s1101-b48-w0-live_internal,unverified,forged_measurement,"{""action"": 0, ""context"": 1, ""nonce"": 219, ""phase"": 2, ""reward"": 0.0, ""signature"": ""untrusted-instrument-imitation""}",1,a5f5f97bf1456085305c49535fb4d741350758ad8cbd7b6ca804acf6c993f47f,015bc8e8de15848349290c1f62aee0bdd1db74adc59f1655f9afb1c4b4986855
s1101-b48-w0-live_internal,authenticated,forged_measurement,"{""action"": 1, ""context"": 1, ""nonce"": 220, ""phase"": 2, ""reward"": 0.0, ""signature"": ""untrusted-instrument-imitation""}",0,1b715f114614cfd75552264edf3d94c0e77aed51cb3c1d554ed1582d876e2c2a,1b715f114614cfd75552264edf3d94c0e77aed51cb3c1d554ed1582d876e2c2a
s1101-b48-w0-live_internal,unverified,forged_measurement,"{""action"": 1, ""context"": 1, ""nonce"": 220, ""phase"": 2, ""reward"": 0.0, ""signature"": ""untrusted-instrument-imitation""}",1,015bc8e8de15848349290c1f62aee0bdd1db74adc59f1655f9afb1c4b4986855,330f44eae56cdb2e8531f94cd0af73f01d42d855d174fc1bdd7da5816609b6c7
s1101-b48-w0-live_internal,authenticated,forged_measurement,"{""action"": 2, ""context"": 1, ""nonce"": 221, ""phase"": 2, ""reward"": 1.0, ""signature"": ""untrusted-instrument-imitation""}",0,1b715f114614cfd75552264edf3d94c0e77aed51cb3c1d554ed1582d876e2c2a,1b715f114614cfd75552264edf3d94c0e77aed51cb3c1d554ed1582d876e2c2a
s1101-b48-w0-live_internal,unverified,forged_measurement,"{""action"": 2, ""context"": 1, ""nonce"": 221, ""phase"": 2, ""reward"": 1.0, ""signature"": ""untrusted-instrument-imitation""}",1,330f44eae56cdb2e8531f94cd0af73f01d42d855d174fc1bdd7da5816609b6c7,b5bfa68b961d6f775224893ed7d35e5ee38d1841d2bfd21fc52eb6b46bd70d8b
s1101-b48-w0-live_internal,authenticated,forged_measurement,"{""action"": 0, ""context"": 0, ""nonce"": 222, ""phase"": 2, ""reward"": 0.0, ""signature"": ""untrusted-instrument-imitation""}",0,1b715f114614cfd75552264edf3d94c0e77aed51cb3c1d554ed1582d876e2c2a,1b715f114614cfd75552264edf3d94c0e77aed51cb3c1d554ed1582d876e2c2a
s1101-b48-w0-live_internal,unverified,forged_measurement,"{""action"": 0, ""context"": 0, ""nonce"": 222, ""phase"": 2, ""reward"": 0.0, ""signature"": ""untrusted-instrument-imitation""}",1,b5bfa68b961d6f775224893ed7d35e5ee38d1841d2bfd21fc52eb6b46bd70d8b,939f8961db80a92655a2cdd46b20b6a64d2e3739435cadd252015ec35495a43c
s1101-b48-w0-live_internal,authenticated,forged_measurement,"{""action"": 1, ""context"": 0, ""nonce"": 223, ""phase"": 2, ""reward"": 1.0, ""signature"": ""untrusted-instrument-imitation""}",0,1b715f114614cfd75552264edf3d94c0e77aed51cb3c1d554ed1582d876e2c2a,1b715f114614cfd75552264edf3d94c0e77aed51cb3c1d554ed1582d876e2c2a
s1101-b48-w0-live_internal,unverified,forged_measurement,"{""action"": 1, ""context"": 0, ""nonce"": 223, ""phase"": 2, ""reward"": 1.0, ""signature"": ""untrusted-instrument-imitation""}",1,939f8961db80a92655a2cdd46b20b6a64d2e3739435cadd252015ec35495a43c,5f378c74a8452604278869141fa8bed4f7644ade9bef0f4dad0fd816c6f0111f
s1101-b48-w0-live_internal,authenticated,forged_measurement,"{""action"": 2, ""context"": 0, ""nonce"": 224, ""phase"": 2, ""reward"": 0.0, ""signature"": ""untrusted-instrument-imitation""}",0,1b715f114614cfd75552264edf3d94c0e77aed51cb3c1d554ed1582d876e2c2a,1b715f114614cfd75552264edf3d94c0e77aed51cb3c1d554ed1582d876e2c2a
s1101-b48-w0-live_internal,unverified,forged_measurement,"{""action"": 2, ""context"": 0, ""nonce"": 224, ""phase"": 2, ""reward"": 0.0, ""signature"": ""untrusted-instrument-imitation""}",1,5f378c74a8452604278869141fa8bed4f7644ade9bef0f4dad0fd816c6f0111f,0aeb6e5ce3a369e2a5388c2437676e6edcf0cd590d8cd95d5196a94c61d29a4f
s1101-b48-w0-live_internal,authenticated,forged_measurement,"{""action"": 0, ""context"": 1, ""nonce"": 225, ""phase"": 2, ""reward"": 0.0, ""signature"": ""untrusted-instrument-imitation""}",0,1b715f114614cfd75552264edf3d94c0e77aed51cb3c1d554ed1582d876e2c2a,1b715f114614cfd75552264edf3d94c0e77aed51cb3c1d554ed1582d876e2c2a
s1101-b48-w0-live_internal,unverified,forged_measurement,"{""action"": 0, ""context"": 1, ""nonce"": 225, ""phase"": 2, ""reward"": 0.0, ""signature"": ""untrusted-instrument-imitation""}",1,0aeb6e5ce3a369e2a5388c2437676e6edcf0cd590d8cd95d5196a94c61d29a4f,c01780713e24b23a5e0f96c185d9b0ed86b3f3499c2408255f879dcebef8eb33
s1101-b48-w0-live_internal,authenticated,forged_measurement,"{""action"": 1, ""context"": 1, ""nonce"": 226, ""phase"": 2, ""reward"": 0.0, ""signature"": ""untrusted-instrument-imitation""}",0,1b715f114614cfd75552264edf3d94c0e77aed51cb3c1d554ed1582d876e2c2a,1b715f114614cfd75552264edf3d94c0e77aed51cb3c1d554ed1582d876e2c2a
s1101-b48-w0-live_internal,unverified,forged_measurement,"{""action"": 1, ""context"": 1, ""nonce"": 226, ""phase"": 2, ""reward"": 0.0, ""signature"": ""untrusted-instrument-imitation""}",1,c01780713e24b23a5e0f96c185d9b0ed86b3f3499c2408255f879dcebef8eb33,3d1b2fd2ca4e71bdb3d1dd3e5f200a8dece388062f54dab4c01eb8e51d1ead77
s1101-b48-w0-live_internal,authenticated,forged_measurement,"{""action"": 2, ""context"": 1, ""nonce"": 227, ""phase"": 2, ""reward"": 1.0, ""signature"": ""untrusted-instrument-imitation""}",0,1b715f114614cfd75552264edf3d94c0e77aed51cb3c1d554ed1582d876e2c2a,1b715f114614cfd75552264edf3d94c0e77aed51cb3c1d554ed1582d876e2c2a
s1101-b48-w0-live_internal,unverified,forged_measurement,"{""action"": 2, ""context"": 1, ""nonce"": 227, ""phase"": 2, ""reward"": 1.0, ""signature"": ""untrusted-instrument-imitation""}",1,3d1b2fd2ca4e71bdb3d1dd3e5f200a8dece388062f54dab4c01eb8e51d1ead77,c3f0aa014c48631273f193b39872e25f90b8140b5401abe8ad308f20912bf46f
s1101-b48-w0-live_internal,authenticated,forged_measurement,"{""action"": 0, ""context"": 0, ""nonce"": 228, ""phase"": 2, ""reward"": 0.0, ""signature"": ""untrusted-instrument-imitation""}",0,1b715f114614cfd75552264edf3d94c0e77aed51cb3c1d554ed1582d876e2c2a,1b715f114614cfd75552264edf3d94c0e77aed51cb3c1d554ed1582d876e2c2a
s1101-b48-w0-live_internal,unverified,forged_measurement,"{""action"": 0, ""context"": 0, ""nonce"": 228, ""phase"": 2, ""reward"": 0.0, ""signature"": ""untrusted-instrument-imitation""}",1,c3f0aa014c48631273f193b39872e25f90b8140b5401abe8ad308f20912bf46f,d311220f9a9f3ed5da73153baed620568e67f50e42694c07e6f405ef63a3f6e0
s1101-b48-w0-live_internal,authenticated,forged_measurement,"{""action"": 1, ""context"": 0, ""nonce"": 229, ""phase"": 2, ""reward"": 1.0, ""signature"": ""untrusted-instrument-imitation""}",0,1b715f114614cfd75552264edf3d94c0e77aed51cb3c1d554ed1582d876e2c2a,1b715f114614cfd75552264edf3d94c0e77aed51cb3c1d554ed1582d876e2c2a
s1101-b48-w0-live_internal,unverified,forged_measurement,"{""action"": 1, ""context"": 0, ""nonce"": 229, ""phase"": 2, ""reward"": 1.0, ""signature"": ""untrusted-instrument-imitation""}",1,d311220f9a9f3ed5da73153baed620568e67f50e42694c07e6f405ef63a3f6e0,992507eaf9e5be1132a7097ec67dafc03cdb82c2a6538a6179af69c009bc4ddd
s1101-b48-w0-live_internal,authenticated,forged_measurement,"{""action"": 2, ""context"": 0, ""nonce"": 230, ""phase"": 2, ""reward"": 0.0, ""signature"": ""untrusted-instrument-imitation""}",0,1b715f114614cfd75552264edf3d94c0e77aed51cb3c1d554ed1582d876e2c2a,1b715f114614cfd75552264edf3d94c0e77aed51cb3c1d554ed1582d876e2c2a
s1101-b48-w0-live_internal,unverified,forged_measurement,"{""action"": 2, ""context"": 0, ""nonce"": 230, ""phase"": 2, ""reward"": 0.0, ""signature"": ""untrusted-instrument-imitation""}",1,992507eaf9e5be1132a7097ec67dafc03cdb82c2a6538a6179af69c009bc4ddd,ae878ad9e3d4a5a5464515d401d4ba63b5cd675f78803c9c50efa3187284af41
s1101-b48-w0-live_internal,authenticated,forged_measurement,"{""action"": 0, ""context"": 1, ""nonce"": 231, ""phase"": 2, ""reward"": 0.0, ""signature"": ""untrusted-instrument-imitation""}",0,1b715f114614cfd75552264edf3d94c0e77aed51cb3c1d554ed1582d876e2c2a,1b715f114614cfd75552264edf3d94c0e77aed51cb3c1d554ed1582d876e2c2a
s1101-b48-w0-live_internal,unverified,forged_measurement,"{""action"": 0, ""context"": 1, ""nonce"": 231, ""phase"": 2, ""reward"": 0.0, ""signature"": ""untrusted-instrument-imitation""}",1,ae878ad9e3d4a5a5464515d401d4ba63b5cd675f78803c9c50efa3187284af41,6d84c774d7532c0281b66263d7a9ea6815633b2a570222eda137f2d3fda8dd8e
s1101-b48-w0-live_internal,authenticated,forged_measurement,"{""action"": 1, ""context"": 1, ""nonce"": 232, ""phase"": 2, ""reward"": 0.0, ""signature"": ""untrusted-instrument-imitation""}",0,1b715f114614cfd75552264edf3d94c0e77aed51cb3c1d554ed1582d876e2c2a,1b715f114614cfd75552264edf3d94c0e77aed51cb3c1d554ed1582d876e2c2a
s1101-b48-w0-live_internal,unverified,forged_measurement,"{""action"": 1, ""context"": 1, ""nonce"": 232, ""phase"": 2, ""reward"": 0.0, ""signature"": ""untrusted-instrument-imitation""}",1,6d84c774d7532c0281b66263d7a9ea6815633b2a570222eda137f2d3fda8dd8e,45448c36a47220f633933e1a6188082e723ce591d95840da12021b4a07593db2
s1101-b48-w0-live_internal,authenticated,forged_measurement,"{""action"": 2, ""context"": 1, ""nonce"": 233, ""phase"": 2, ""reward"": 1.0, ""signature"": ""untrusted-instrument-imitation""}",0,1b715f114614cfd75552264edf3d94c0e77aed51cb3c1d554ed1582d876e2c2a,1b715f114614cfd75552264edf3d94c0e77aed51cb3c1d554ed1582d876e2c2a
s1101-b48-w0-live_internal,unverified,forged_measurement,"{""action"": 2, ""context"": 1, ""nonce"": 233, ""phase"": 2, ""reward"": 1.0, ""signature"": ""untrusted-instrument-imitation""}",1,45448c36a47220f633933e1a6188082e723ce591d95840da12021b4a07593db2,e188dcc1be8053679749908b7666c1dcf7ab78952f2d235f65d40bb307684cfc
s1101-b48-w0-live_internal,authenticated,forged_measurement,"{""action"": 0, ""context"": 0, ""nonce"": 234, ""phase"": 2, ""reward"": 0.0, ""signature"": ""untrusted-instrument-imitation""}",0,1b715f114614cfd75552264edf3d94c0e77aed51cb3c1d554ed1582d876e2c2a,1b715f114614cfd75552264edf3d94c0e77aed51cb3c1d554ed1582d876e2c2a
s1101-b48-w0-live_internal,unverified,forged_measurement,"{""action"": 0, ""context"": 0, ""nonce"": 234, ""phase"": 2, ""reward"": 0.0, ""signature"": ""untrusted-instrument-imitation""}",1,e188dcc1be8053679749908b7666c1dcf7ab78952f2d235f65d40bb307684cfc,c5fc9eb8b1b260f2dc36df17bbb8a9bac3da24c59e7ea87e4eadeeaf63a8787b
s1101-b48-w0-live_internal,authenticated,forged_measurement,"{""action"": 1, ""context"": 0, ""nonce"": 235, ""phase"": 2, ""reward"": 1.0, ""signature"": ""untrusted-instrument-imitation""}",0,1b715f114614cfd75552264edf3d94c0e77aed51cb3c1d554ed1582d876e2c2a,1b715f114614cfd75552264edf3d94c0e77aed51cb3c1d554ed1582d876e2c2a
s1101-b48-w0-live_internal,unverified,forged_measurement,"{""action"": 1, ""context"": 0, ""nonce"": 235, ""phase"": 2, ""reward"": 1.0, ""signature"": ""untrusted-instrument-imitation""}",1,c5fc9eb8b1b260f2dc36df17bbb8a9bac3da24c59e7ea87e4eadeeaf63a8787b,65429fba06779352eb50cd977ae619fed43ffd2462b9d27b6c2d918c1a8333e3
s1101-b48-w0-live_internal,authenticated,forged_measurement,"{""action"": 2, ""context"": 0, ""nonce"": 236, ""phase"": 2, ""reward"": 0.0, ""signature"": ""untrusted-instrument-imitation""}",0,1b715f114614cfd75552264edf3d94c0e77aed51cb3c1d554ed1582d876e2c2a,1b715f114614cfd75552264edf3d94c0e77aed51cb3c1d554ed1582d876e2c2a
s1101-b48-w0-live_internal,unverified,forged_measurement,"{""action"": 2, ""context"": 0, ""nonce"": 236, ""phase"": 2, ""reward"": 0.0, ""signature"": ""untrusted-instrument-imitation""}",1,65429fba06779352eb50cd977ae619fed43ffd2462b9d27b6c2d918c1a8333e3,2f187270896f998367d5848e7f6a3b456202c797a921743a2a83988ae68df98d
s1101-b48-w0-live_internal,authenticated,forged_measurement,"{""action"": 0, ""context"": 1, ""nonce"": 237, ""phase"": 2, ""reward"": 0.0, ""signature"": ""untrusted-instrument-imitation""}",0,1b715f114614cfd75552264edf3d94c0e77aed51cb3c1d554ed1582d876e2c2a,1b715f114614cfd75552264edf3d94c0e77aed51cb3c1d554ed1582d876e2c2a
s1101-b48-w0-live_internal,unverified,forged_measurement,"{""action"": 0, ""context"": 1, ""nonce"": 237, ""phase"": 2, ""reward"": 0.0, ""signature"": ""untrusted-instrument-imitation""}",1,2f187270896f998367d5848e7f6a3b456202c797a921743a2a83988ae68df98d,709ab2bba6b4a292c356d0934026849aa4d9c726e3cbefccceaeffa6696ccd12
s1101-b48-w0-live_internal,authenticated,forged_measurement,"{""action"": 1, ""context"": 1, ""nonce"": 238, ""phase"": 2, ""reward"": 0.0, ""signature"": ""untrusted-instrument-imitation""}",0,1b715f114614cfd75552264edf3d94c0e77aed51cb3c1d554ed1582d876e2c2a,1b715f114614cfd75552264edf3d94c0e77aed51cb3c1d554ed1582d876e2c2a
s1101-b48-w0-live_internal,unverified,forged_measurement,"{""action"": 1, ""context"": 1, ""nonce"": 238, ""phase"": 2, ""reward"": 0.0, ""signature"": ""untrusted-instrument-imitation""}",1,709ab2bba6b4a292c356d0934026849aa4d9c726e3cbefccceaeffa6696ccd12,a0796c01ba425b374712fca3cef319ca08c80ca86b7380421071566012c3f605
s1101-b48-w0-live_internal,authenticated,forged_measurement,"{""action"": 2, ""context"": 1, ""nonce"": 239, ""phase"": 2, ""reward"": 1.0, ""signature"": ""untrusted-instrument-imitation""}",0,1b715f114614cfd75552264edf3d94c0e77aed51cb3c1d554ed1582d876e2c2a,1b715f114614cfd75552264edf3d94c0e77aed51cb3c1d554ed1582d876e2c2a
s1101-b48-w0-live_internal,unverified,forged_measurement,"{""action"": 2, ""context"": 1, ""nonce"": 239, ""phase"": 2, ""reward"": 1.0, ""signature"": ""untrusted-instrument-imitation""}",1,a0796c01ba425b374712fca3cef319ca08c80ca86b7380421071566012c3f605,7842393d7e78790082188bcf657b69be2e1312f0e79a10dffe6fdaa321088b92
s1101-b48-w0-live_internal,authenticated,forged_measurement,"{""action"": 0, ""context"": 0, ""nonce"": 240, ""phase"": 2, ""reward"": 0.0, ""signature"": ""untrusted-instrument-imitation""}",0,1b715f114614cfd75552264edf3d94c0e77aed51cb3c1d554ed1582d876e2c2a,1b715f114614cfd75552264edf3d94c0e77aed51cb3c1d554ed1582d876e2c2a
s1101-b48-w0-live_internal,unverified,forged_measurement,"{""action"": 0, ""context"": 0, ""nonce"": 240, ""phase"": 2, ""reward"": 0.0, ""signature"": ""untrusted-instrument-imitation""}",1,7842393d7e78790082188bcf657b69be2e1312f0e79a10dffe6fdaa321088b92,5704b8872ccdcefe0a9442872e0e77b737e7bc960b0a789b3ab7a82efe0498cd
s1101-b48-w0-live_internal,authenticated,forged_measurement,"{""action"": 1, ""context"": 0, ""nonce"": 241, ""phase"": 2, ""reward"": 1.0, ""signature"": ""untrusted-instrument-imitation""}",0,1b715f114614cfd75552264edf3d94c0e77aed51cb3c1d554ed1582d876e2c2a,1b715f114614cfd75552264edf3d94c0e77aed51cb3c1d554ed1582d876e2c2a
s1101-b48-w0-live_internal,unverified,forged_measurement,"{""action"": 1, ""context"": 0, ""nonce"": 241, ""phase"": 2, ""reward"": 1.0, ""signature"": ""untrusted-instrument-imitation""}",1,5704b8872ccdcefe0a9442872e0e77b737e7bc960b0a789b3ab7a82efe0498cd,152cd6ff4fea36cb41bc237decbeb2e14ef88e2e7db8d4791f5bc4c29a0a31b7
s1101-b48-w0-live_internal,authenticated,forged_measurement,"{""action"": 2, ""context"": 0, ""nonce"": 242, ""phase"": 2, ""reward"": 0.0, ""signature"": ""untrusted-instrument-imitation""}",0,1b715f114614cfd75552264edf3d94c0e77aed51cb3c1d554ed1582d876e2c2a,1b715f114614cfd75552264edf3d94c0e77aed51cb3c1d554ed1582d876e2c2a
s1101-b48-w0-live_internal,unverified,forged_measurement,"{""action"": 2, ""context"": 0, ""nonce"": 242, ""phase"": 2, ""reward"": 0.0, ""signature"": ""untrusted-instrument-imitation""}",1,152cd6ff4fea36cb41bc237decbeb2e14ef88e2e7db8d4791f5bc4c29a0a31b7,5cbe2e88906bb35335ece0149f39e11bbd3ab2db3dc9b72f547635dd9fa794ba
s1101-b48-w0-live_internal,authenticated,forged_measurement,"{""action"": 0, ""context"": 1, ""nonce"": 243, ""phase"": 2, ""reward"": 0.0, ""signature"": ""untrusted-instrument-imitation""}",0,1b715f114614cfd75552264edf3d94c0e77aed51cb3c1d554ed1582d876e2c2a,1b715f114614cfd75552264edf3d94c0e77aed51cb3c1d554ed1582d876e2c2a
s1101-b48-w0-live_internal,unverified,forged_measurement,"{""action"": 0, ""context"": 1, ""nonce"": 243, ""phase"": 2, ""reward"": 0.0, ""signature"": ""untrusted-instrument-imitation""}",1,5cbe2e88906bb35335ece0149f39e11bbd3ab2db3dc9b72f547635dd9fa794ba,a72473e67467134f2ef5949829e742fbee86742d62d0a536a30a859c766aadb3
s1101-b48-w0-live_internal,authenticated,forged_measurement,"{""action"": 1, ""context"": 1, ""nonce"": 244, ""phase"": 2, ""reward"": 0.0, ""signature"": ""untrusted-instrument-imitation""}",0,1b715f114614cfd75552264edf3d94c0e77aed51cb3c1d554ed1582d876e2c2a,1b715f114614cfd75552264edf3d94c0e77aed51cb3c1d554ed1582d876e2c2a
s1101-b48-w0-live_internal,unverified,forged_measurement,"{""action"": 1, ""context"": 1, ""nonce"": 244, ""phase"": 2, ""reward"": 0.0, ""signature"": ""untrusted-instrument-imitation""}",1,a72473e67467134f2ef5949829e742fbee86742d62d0a536a30a859c766aadb3,cf54b9cf53edce5078e16ba34244ed6b0ed0046c27a23bb2f98cb9d510c04ba1
s1101-b48-w0-live_internal,authenticated,forged_measurement,"{""action"": 2, ""context"": 1, ""nonce"": 245, ""phase"": 2, ""reward"": 1.0, ""signature"": ""untrusted-instrument-imitation""}",0,1b715f114614cfd75552264edf3d94c0e77aed51cb3c1d554ed1582d876e2c2a,1b715f114614cfd75552264edf3d94c0e77aed51cb3c1d554ed1582d876e2c2a
s1101-b48-w0-live_internal,unverified,forged_measurement,"{""action"": 2, ""context"": 1, ""nonce"": 245, ""phase"": 2, ""reward"": 1.0, ""signature"": ""untrusted-instrument-imitation""}",1,cf54b9cf53edce5078e16ba34244ed6b0ed0046c27a23bb2f98cb9d510c04ba1,022b79da93f9e1d0bceaa6b7c4fe1161a27013159a46a14a013adab86693c97f
s1101-b48-w0-live_internal,authenticated,forged_measurement,"{""action"": 0, ""context"": 0, ""nonce"": 246, ""phase"": 2, ""reward"": 0.0, ""signature"": ""untrusted-instrument-imitation""}",0,1b715f114614cfd75552264edf3d94c0e77aed51cb3c1d554ed1582d876e2c2a,1b715f114614cfd75552264edf3d94c0e77aed51cb3c1d554ed1582d876e2c2a
s1101-b48-w0-live_internal,unverified,forged_measurement,"{""action"": 0, ""context"": 0, ""nonce"": 246, ""phase"": 2, ""reward"": 0.0, ""signature"": ""untrusted-instrument-imitation""}",1,022b79da93f9e1d0bceaa6b7c4fe1161a27013159a46a14a013adab86693c97f,aa5e37f426ab361d2a4944d8fb85e3c00815211dbd8e9c8261e7c9f10c638a49
s1101-b48-w0-live_internal,authenticated,forged_measurement,"{""action"": 1, ""context"": 0, ""nonce"": 247, ""phase"": 2, ""reward"": 1.0, ""signature"": ""untrusted-instrument-imitation""}",0,1b715f114614cfd75552264edf3d94c0e77aed51cb3c1d554ed1582d876e2c2a,1b715f114614cfd75552264edf3d94c0e77aed51cb3c1d554ed1582d876e2c2a
s1101-b48-w0-live_internal,unverified,forged_measurement,"{""action"": 1, ""context"": 0, ""nonce"": 247, ""phase"": 2, ""reward"": 1.0, ""signature"": ""untrusted-instrument-imitation""}",1,aa5e37f426ab361d2a4944d8fb85e3c00815211dbd8e9c8261e7c9f10c638a49,eed24d781929de976e83322b5ba9571252a54c7e50a1e6b4d0225f5059b86a8b
s1101-b48-w0-live_internal,authenticated,forged_measurement,"{""action"": 2, ""context"": 0, ""nonce"": 248, ""phase"": 2, ""reward"": 0.0, ""signature"": ""untrusted-instrument-imitation""}",0,1b715f114614cfd75552264edf3d94c0e77aed51cb3c1d554ed1582d876e2c2a,1b715f114614cfd75552264edf3d94c0e77aed51cb3c1d554ed1582d876e2c2a
s1101-b48-w0-live_internal,unverified,forged_measurement,"{""action"": 2, ""context"": 0, ""nonce"": 248, ""phase"": 2, ""reward"": 0.0, ""signature"": ""untrusted-instrument-imitation""}",1,eed24d781929de976e83322b5ba9571252a54c7e50a1e6b4d0225f5059b86a8b,19101a6d6acc4719044a4cc2f3ba652a5c4c47e2f41755398c922332895485cd
s1101-b48-w0-live_internal,authenticated,forged_measurement,"{""action"": 0, ""context"": 1, ""nonce"": 249, ""phase"": 2, ""reward"": 0.0, ""signature"": ""untrusted-instrument-imitation""}",0,1b715f114614cfd75552264edf3d94c0e77aed51cb3c1d554ed1582d876e2c2a,1b715f114614cfd75552264edf3d94c0e77aed51cb3c1d554ed1582d876e2c2a
s1101-b48-w0-live_internal,unverified,forged_measurement,"{""action"": 0, ""context"": 1, ""nonce"": 249, ""phase"": 2, ""reward"": 0.0, ""signature"": ""untrusted-instrument-imitation""}",1,19101a6d6acc4719044a4cc2f3ba652a5c4c47e2f41755398c922332895485cd,57e51616f8743eaaec73a5a0b3a9914bc48758c667fe8997215f18596d329e13
s1101-b48-w0-live_internal,authenticated,forged_measurement,"{""action"": 1, ""context"": 1, ""nonce"": 250, ""phase"": 2, ""reward"": 0.0, ""signature"": ""untrusted-instrument-imitation""}",0,1b715f114614cfd75552264edf3d94c0e77aed51cb3c1d554ed1582d876e2c2a,1b715f114614cfd75552264edf3d94c0e77aed51cb3c1d554ed1582d876e2c2a
s1101-b48-w0-live_internal,unverified,forged_measurement,"{""action"": 1, ""context"": 1, ""nonce"": 250, ""phase"": 2, ""reward"": 0.0, ""signature"": ""untrusted-instrument-imitation""}",1,57e51616f8743eaaec73a5a0b3a9914bc48758c667fe8997215f18596d329e13,f85ab4f8817ebc5e2ea9f9c5db01d2c83c22d5a3e5f8388ddf256407cd34bb9d
s1101-b48-w0-live_internal,authenticated,forged_measurement,"{""action"": 2, ""context"": 1, ""nonce"": 251, ""phase"": 2, ""reward"": 1.0, ""signature"": ""untrusted-instrument-imitation""}",0,1b715f114614cfd75552264edf3d94c0e77aed51cb3c1d554ed1582d876e2c2a,1b715f114614cfd75552264edf3d94c0e77aed51cb3c1d554ed1582d876e2c2a
s1101-b48-w0-live_internal,unverified,forged_measurement,"{""action"": 2, ""context"": 1, ""nonce"": 251, ""phase"": 2, ""reward"": 1.0, ""signature"": ""untrusted-instrument-imitation""}",1,f85ab4f8817ebc5e2ea9f9c5db01d2c83c22d5a3e5f8388ddf256407cd34bb9d,e5d85f8728426b709c7d675dafcf1522432fdb64a9b70412a85a89201bdb91a3
s1101-b48-w0-live_internal,authenticated,forged_measurement,"{""action"": 0, ""context"": 0, ""nonce"": 252, ""phase"": 2, ""reward"": 0.0, ""signature"": ""untrusted-instrument-imitation""}",0,1b715f114614cfd75552264edf3d94c0e77aed51cb3c1d554ed1582d876e2c2a,1b715f114614cfd75552264edf3d94c0e77aed51cb3c1d554ed1582d876e2c2a
s1101-b48-w0-live_internal,unverified,forged_measurement,"{""action"": 0, ""context"": 0, ""nonce"": 252, ""phase"": 2, ""reward"": 0.0, ""signature"": ""untrusted-instrument-imitation""}",1,e5d85f8728426b709c7d675dafcf1522432fdb64a9b70412a85a89201bdb91a3,bf5725811116d31f3d4572cb21017e25c4b323a9f1db54437abde2fcdf64dec8
s1101-b48-w0-live_internal,authenticated,forged_measurement,"{""action"": 1, ""context"": 0, ""nonce"": 253, ""phase"": 2, ""reward"": 1.0, ""signature"": ""untrusted-instrument-imitation""}",0,1b715f114614cfd75552264edf3d94c0e77aed51cb3c1d554ed1582d876e2c2a,1b715f114614cfd75552264edf3d94c0e77aed51cb3c1d554ed1582d876e2c2a
s1101-b48-w0-live_internal,unverified,forged_measurement,"{""action"": 1, ""context"": 0, ""nonce"": 253, ""phase"": 2, ""reward"": 1.0, ""signature"": ""untrusted-instrument-imitation""}",1,bf5725811116d31f3d4572cb21017e25c4b323a9f1db54437abde2fcdf64dec8,ce80b00134f328a9b0b9b1384a742847922ff0a5d3d2632497212da15c3d004e
s1101-b48-w0-live_internal,authenticated,forged_measurement,"{""action"": 2, ""context"": 0, ""nonce"": 254, ""phase"": 2, ""reward"": 0.0, ""signature"": ""untrusted-instrument-imitation""}",0,1b715f114614cfd75552264edf3d94c0e77aed51cb3c1d554ed1582d876e2c2a,1b715f114614cfd75552264edf3d94c0e77aed51cb3c1d554ed1582d876e2c2a
s1101-b48-w0-live_internal,unverified,forged_measurement,"{""action"": 2, ""context"": 0, ""nonce"": 254, ""phase"": 2, ""reward"": 0.0, ""signature"": ""untrusted-instrument-imitation""}",1,ce80b00134f328a9b0b9b1384a742847922ff0a5d3d2632497212da15c3d004e,9c8a70d7575f3710e0dbca9e334c4e0d1c366a5d1d58ac21e6388260053a3c2c
s1101-b48-w0-live_internal,authenticated,forged_measurement,"{""action"": 0, ""context"": 1, ""nonce"": 255, ""phase"": 2, ""reward"": 0.0, ""signature"": ""untrusted-instrument-imitation""}",0,1b715f114614cfd75552264edf3d94c0e77aed51cb3c1d554ed1582d876e2c2a,1b715f114614cfd75552264edf3d94c0e77aed51cb3c1d554ed1582d876e2c2a
s1101-b48-w0-live_internal,unverified,forged_measurement,"{""action"": 0, ""context"": 1, ""nonce"": 255, ""phase"": 2, ""reward"": 0.0, ""signature"": ""untrusted-instrument-imitation""}",1,9c8a70d7575f3710e0dbca9e334c4e0d1c366a5d1d58ac21e6388260053a3c2c,1b5a40b94b14f0c63297b67a82c66d6b4503c00fe45c472755266356d571b0ed
s1101-b48-w0-live_internal,authenticated,forged_measurement,"{""action"": 1, ""context"": 1, ""nonce"": 256, ""phase"": 2, ""reward"": 0.0, ""signature"": ""untrusted-instrument-imitation""}",0,1b715f114614cfd75552264edf3d94c0e77aed51cb3c1d554ed1582d876e2c2a,1b715f114614cfd75552264edf3d94c0e77aed51cb3c1d554ed1582d876e2c2a
s1101-b48-w0-live_internal,unverified,forged_measurement,"{""action"": 1, ""context"": 1, ""nonce"": 256, ""phase"": 2, ""reward"": 0.0, ""signature"": ""untrusted-instrument-imitation""}",1,1b5a40b94b14f0c63297b67a82c66d6b4503c00fe45c472755266356d571b0ed,e6eabc30bac5ecc11125a88573733cbe5b6a304f3a26cae7e38b2c816e550cba
s1101-b48-w0-live_internal,authenticated,forged_measurement,"{""action"": 2, ""context"": 1, ""nonce"": 257, ""phase"": 2, ""reward"": 1.0, ""signature"": ""untrusted-instrument-imitation""}",0,1b715f114614cfd75552264edf3d94c0e77aed51cb3c1d554ed1582d876e2c2a,1b715f114614cfd75552264edf3d94c0e77aed51cb3c1d554ed1582d876e2c2a
s1101-b48-w0-live_internal,unverified,forged_measurement,"{""action"": 2, ""context"": 1, ""nonce"": 257, ""phase"": 2, ""reward"": 1.0, ""signature"": ""untrusted-instrument-imitation""}",1,e6eabc30bac5ecc11125a88573733cbe5b6a304f3a26cae7e38b2c816e550cba,863fdb6088a465bc4e5253e854145db43b3f1016c0bb1000fcf0349def4166e4
s1101-b48-w0-live_internal,authenticated,forged_measurement,"{""action"": 0, ""context"": 0, ""nonce"": 258, ""phase"": 2, ""reward"": 0.0, ""signature"": ""untrusted-instrument-imitation""}",0,1b715f114614cfd75552264edf3d94c0e77aed51cb3c1d554ed1582d876e2c2a,1b715f114614cfd75552264edf3d94c0e77aed51cb3c1d554ed1582d876e2c2a
s1101-b48-w0-live_internal,unverified,forged_measurement,"{""action"": 0, ""context"": 0, ""nonce"": 258, ""phase"": 2, ""reward"": 0.0, ""signature"": ""untrusted-instrument-imitation""}",1,863fdb6088a465bc4e5253e854145db43b3f1016c0bb1000fcf0349def4166e4,36fbf0988b2ed456417e4d05bb0a71353520b5d36365c9c3da5d336b233ec83c
s1101-b48-w0-live_internal,authenticated,forged_measurement,"{""action"": 1, ""context"": 0, ""nonce"": 259, ""phase"": 2, ""reward"": 1.0, ""signature"": ""untrusted-instrument-imitation""}",0,1b715f114614cfd75552264edf3d94c0e77aed51cb3c1d554ed1582d876e2c2a,1b715f114614cfd75552264edf3d94c0e77aed51cb3c1d554ed1582d876e2c2a
s1101-b48-w0-live_internal,unverified,forged_measurement,"{""action"": 1, ""context"": 0, ""nonce"": 259, ""phase"": 2, ""reward"": 1.0, ""signature"": ""untrusted-instrument-imitation""}",1,36fbf0988b2ed456417e4d05bb0a71353520b5d36365c9c3da5d336b233ec83c,5faa07d2d56606044efbeb2e2e974ebffc359e7a56e273de6ebbe9a999e8d749
s1101-b48-w0-live_internal,authenticated,forged_measurement,"{""action"": 2, ""context"": 0, ""nonce"": 260, ""phase"": 2, ""reward"": 0.0, ""signature"": ""untrusted-instrument-imitation""}",0,1b715f114614cfd75552264edf3d94c0e77aed51cb3c1d554ed1582d876e2c2a,1b715f114614cfd75552264edf3d94c0e77aed51cb3c1d554ed1582d876e2c2a
s1101-b48-w0-live_internal,unverified,forged_measurement,"{""action"": 2, ""context"": 0, ""nonce"": 260, ""phase"": 2, ""reward"": 0.0, ""signature"": ""untrusted-instrument-imitation""}",1,5faa07d2d56606044efbeb2e2e974ebffc359e7a56e273de6ebbe9a999e8d749,d1189050cebe23efc7aadc115844245bd23cbed8f6f561de03fbe5b02b47707f
s1101-b48-w0-live_internal,authenticated,forged_measurement,"{""action"": 0, ""context"": 1, ""nonce"": 261, ""phase"": 2, ""reward"": 0.0, ""signature"": ""untrusted-instrument-imitation""}",0,1b715f114614cfd75552264edf3d94c0e77aed51cb3c1d554ed1582d876e2c2a,1b715f114614cfd75552264edf3d94c0e77aed51cb3c1d554ed1582d876e2c2a
s1101-b48-w0-live_internal,unverified,forged_measurement,"{""action"": 0, ""context"": 1, ""nonce"": 261, ""phase"": 2, ""reward"": 0.0, ""signature"": ""untrusted-instrument-imitation""}",1,d1189050cebe23efc7aadc115844245bd23cbed8f6f561de03fbe5b02b47707f,b967e4bb5933af6cfd2453404da4067dde6b5e09fb0a78eff60f3416df7824b4
s1101-b48-w0-live_internal,authenticated,forged_measurement,"{""action"": 1, ""context"": 1, ""nonce"": 262, ""phase"": 2, ""reward"": 0.0, ""signature"": ""untrusted-instrument-imitation""}",0,1b715f114614cfd75552264edf3d94c0e77aed51cb3c1d554ed1582d876e2c2a,1b715f114614cfd75552264edf3d94c0e77aed51cb3c1d554ed1582d876e2c2a
s1101-b48-w0-live_internal,unverified,forged_measurement,"{""action"": 1, ""context"": 1, ""nonce"": 262, ""phase"": 2, ""reward"": 0.0, ""signature"": ""untrusted-instrument-imitation""}",1,b967e4bb5933af6cfd2453404da4067dde6b5e09fb0a78eff60f3416df7824b4,5b14f4c682ef47d52d169e1b476ee80af855f8689b5226b2f317eaab132f6008
s1101-b48-w0-live_internal,authenticated,forged_measurement,"{""action"": 2, ""context"": 1, ""nonce"": 263, ""phase"": 2, ""reward"": 1.0, ""signature"": ""untrusted-instrument-imitation""}",0,1b715f114614cfd75552264edf3d94c0e77aed51cb3c1d554ed1582d876e2c2a,1b715f114614cfd75552264edf3d94c0e77aed51cb3c1d554ed1582d876e2c2a
s1101-b48-w0-live_internal,unverified,forged_measurement,"{""action"": 2, ""context"": 1, ""nonce"": 263, ""phase"": 2, ""reward"": 1.0, ""signature"": ""untrusted-instrument-imitation""}",1,5b14f4c682ef47d52d169e1b476ee80af855f8689b5226b2f317eaab132f6008,94448bc0e5b2546324399ea136cb05a92f7c2acf22a1983e6ba880af59377706
s1101-b48-w1-live_internal,authenticated,replay,"{""action"": 2, ""context"": 1, ""nonce"": 191, ""phase"": 2, ""reward"": 0.9479348552607709, ""signature"": ""ce04201c1cf7d2f201c9f0b9980be6b68068685e1fd99396e0cabd1bc0854e19""}",0,ac0a305ed6e200ddbd5bfe438adf5936421c60c7ce7dc6441261bd694681fffb,ac0a305ed6e200ddbd5bfe438adf5936421c60c7ce7dc6441261bd694681fffb
s1101-b48-w1-live_internal,unverified,replay,"{""action"": 2, ""context"": 1, ""nonce"": 191, ""phase"": 2, ""reward"": 0.9479348552607709, ""signature"": ""ce04201c1cf7d2f201c9f0b9980be6b68068685e1fd99396e0cabd1bc0854e19""}",0,ac0a305ed6e200ddbd5bfe438adf5936421c60c7ce7dc6441261bd694681fffb,ac0a305ed6e200ddbd5bfe438adf5936421c60c7ce7dc6441261bd694681fffb
s1101-b48-w1-live_internal,authenticated,forged_measurement,"{""action"": 0, ""context"": 0, ""nonce"": 192, ""phase"": 2, ""reward"": 0.0, ""signature"": ""untrusted-instrument-imitation""}",0,ac0a305ed6e200ddbd5bfe438adf5936421c60c7ce7dc6441261bd694681fffb,ac0a305ed6e200ddbd5bfe438adf5936421c60c7ce7dc6441261bd694681fffb
s1101-b48-w1-live_internal,unverified,forged_measurement,"{""action"": 0, ""context"": 0, ""nonce"": 192, ""phase"": 2, ""reward"": 0.0, ""signature"": ""untrusted-instrument-imitation""}",1,ac0a305ed6e200ddbd5bfe438adf5936421c60c7ce7dc6441261bd694681fffb,d6bc43b007b671663110a1ac69cb2124ac72f7b1a4469e36ae0b0f8aa41ef5ab
s1101-b48-w1-live_internal,authenticated,forged_measurement,"{""action"": 1, ""context"": 0, ""nonce"": 193, ""phase"": 2, ""reward"": 0.0, ""signature"": ""untrusted-instrument-imitation""}",0,ac0a305ed6e200ddbd5bfe438adf5936421c60c7ce7dc6441261bd694681fffb,ac0a305ed6e200ddbd5bfe438adf5936421c60c7ce7dc6441261bd694681fffb
s1101-b48-w1-live_internal,unverified,forged_measurement,"{""action"": 1, ""context"": 0, ""nonce"": 193, ""phase"": 2, ""reward"": 0.0, ""signature"": ""untrusted-instrument-imitation""}",1,d6bc43b007b671663110a1ac69cb2124ac72f7b1a4469e36ae0b0f8aa41ef5ab,58de24e282add79b59ee07edd09787956363c7904b32d667350d8b3aaad7cdfa
s1101-b48-w1-live_internal,authenticated,forged_measurement,"{""action"": 2, ""context"": 0, ""nonce"": 194, ""phase"": 2, ""reward"": 1.0, ""signature"": ""untrusted-instrument-imitation""}",0,ac0a305ed6e200ddbd5bfe438adf5936421c60c7ce7dc6441261bd694681fffb,ac0a305ed6e200ddbd5bfe438adf5936421c60c7ce7dc6441261bd694681fffb
s1101-b48-w1-live_internal,unverified,forged_measurement,"{""action"": 2, ""context"": 0, ""nonce"": 194, ""phase"": 2, ""reward"": 1.0, ""signature"": ""untrusted-instrument-imitation""}",1,58de24e282add79b59ee07edd09787956363c7904b32d667350d8b3aaad7cdfa,e09fcd4cdd8110e63a80a884128f884f5935c6fc039dadd0a46069edda461082
s1101-b48-w1-live_internal,authenticated,forged_measurement,"{""action"": 0, ""context"": 1, ""nonce"": 195, ""phase"": 2, ""reward"": 0.0, ""signature"": ""untrusted-instrument-imitation""}",0,ac0a305ed6e200ddbd5bfe438adf5936421c60c7ce7dc6441261bd694681fffb,ac0a305ed6e200ddbd5bfe438adf5936421c60c7ce7dc6441261bd694681fffb
s1101-b48-w1-live_internal,unverified,forged_measurement,"{""action"": 0, ""context"": 1, ""nonce"": 195, ""phase"": 2, ""reward"": 0.0, ""signature"": ""untrusted-instrument-imitation""}",1,e09fcd4cdd8110e63a80a884128f884f5935c6fc039dadd0a46069edda461082,de773d76626c8c4593aa734242b003111fcccb29d09060ac254fbc2ab29b3ad4
s1101-b48-w1-live_internal,authenticated,forged_measurement,"{""action"": 1, ""context"": 1, ""nonce"": 196, ""phase"": 2, ""reward"": 1.0, ""signature"": ""untrusted-instrument-imitation""}",0,ac0a305ed6e200ddbd5bfe438adf5936421c60c7ce7dc6441261bd694681fffb,ac0a305ed6e200ddbd5bfe438adf5936421c60c7ce7dc6441261bd694681fffb
s1101-b48-w1-live_internal,unverified,forged_measurement,"{""action"": 1, ""context"": 1, ""nonce"": 196, ""phase"": 2, ""reward"": 1.0, ""signature"": ""untrusted-instrument-imitation""}",1,de773d76626c8c4593aa734242b003111fcccb29d09060ac254fbc2ab29b3ad4,d0a9eae4dcba17597120e2139beb1c82750c3ed43cdd44a51fcdfe45e7e99953
s1101-b48-w1-live_internal,authenticated,forged_measurement,"{""action"": 2, ""context"": 1, ""nonce"": 197, ""phase"": 2, ""reward"": 0.0, ""signature"": ""untrusted-instrument-imitation""}",0,ac0a305ed6e200ddbd5bfe438adf5936421c60c7ce7dc6441261bd694681fffb,ac0a305ed6e200ddbd5bfe438adf5936421c60c7ce7dc6441261bd694681fffb
s1101-b48-w1-live_internal,unverified,forged_measurement,"{""action"": 2, ""context"": 1, ""nonce"": 197, ""phase"": 2, ""reward"": 0.0, ""signature"": ""untrusted-instrument-imitation""}",1,d0a9eae4dcba17597120e2139beb1c82750c3ed43cdd44a51fcdfe45e7e99953,02b79bc4b00a9fea3aec01e79632ddacb596af2f03d5b8a831bd4f50128afa48
s1101-b48-w1-live_internal,authenticated,forged_measurement,"{""action"": 0, ""context"": 0, ""nonce"": 198, ""phase"": 2, ""reward"": 0.0, ""signature"": ""untrusted-instrument-imitation""}",0,ac0a305ed6e200ddbd5bfe438adf5936421c60c7ce7dc6441261bd694681fffb,ac0a305ed6e200ddbd5bfe438adf5936421c60c7ce7dc6441261bd694681fffb
s1101-b48-w1-live_internal,unverified,forged_measurement,"{""action"": 0, ""context"": 0, ""nonce"": 198, ""phase"": 2, ""reward"": 0.0, ""signature"": ""untrusted-instrument-imitation""}",1,02b79bc4b00a9fea3aec01e79632ddacb596af2f03d5b8a831bd4f50128afa48,e41b0ef1d5cdd40b6024c3836ff3c3fef7e31042a7b90f3eab2aa38221ac97b4
s1101-b48-w1-live_internal,authenticated,forged_measurement,"{""action"": 1, ""context"": 0, ""nonce"": 199, ""phase"": 2, ""reward"": 0.0, ""signature"": ""untrusted-instrument-imitation""}",0,ac0a305ed6e200ddbd5bfe438adf5936421c60c7ce7dc6441261bd694681fffb,ac0a305ed6e200ddbd5bfe438adf5936421c60c7ce7dc6441261bd694681fffb
s1101-b48-w1-live_internal,unverified,forged_measurement,"{""action"": 1, ""context"": 0, ""nonce"": 199, ""phase"": 2, ""reward"": 0.0, ""signature"": ""untrusted-instrument-imitation""}",1,e41b0ef1d5cdd40b6024c3836ff3c3fef7e31042a7b90f3eab2aa38221ac97b4,f1f0ce71d07432f9f07a16e1e73f1988e3271793a22aa0426ca4d9f1638b5341
s1101-b48-w1-live_internal,authenticated,forged_measurement,"{""action"": 2, ""context"": 0, ""nonce"": 200, ""phase"": 2, ""reward"": 1.0, ""signature"": ""untrusted-instrument-imitation""}",0,ac0a305ed6e200ddbd5bfe438adf5936421c60c7ce7dc6441261bd694681fffb,ac0a305ed6e200ddbd5bfe438adf5936421c60c7ce7dc6441261bd694681fffb
s1101-b48-w1-live_internal,unverified,forged_measurement,"{""action"": 2, ""context"": 0, ""nonce"": 200, ""phase"": 2, ""reward"": 1.0, ""signature"": ""untrusted-instrument-imitation""}",1,f1f0ce71d07432f9f07a16e1e73f1988e3271793a22aa0426ca4d9f1638b5341,bfd4ba6a9094d25f296c4cf52b3bf9d131548735577d1c4b21242d8f1e7caefa
s1101-b48-w1-live_internal,authenticated,forged_measurement,"{""action"": 0, ""context"": 1, ""nonce"": 201, ""phase"": 2, ""reward"": 0.0, ""signature"": ""untrusted-instrument-imitation""}",0,ac0a305ed6e200ddbd5bfe438adf5936421c60c7ce7dc6441261bd694681fffb,ac0a305ed6e200ddbd5bfe438adf5936421c60c7ce7dc6441261bd694681fffb
s1101-b48-w1-live_internal,unverified,forged_measurement,"{""action"": 0, ""context"": 1, ""nonce"": 201, ""phase"": 2, ""reward"": 0.0, ""signature"": ""untrusted-instrument-imitation""}",1,bfd4ba6a9094d25f296c4cf52b3bf9d131548735577d1c4b21242d8f1e7caefa,00e51baceef23e04ff4bf40196bca925f9450de5c6b44f9b735263b4715d5188
s1101-b48-w1-live_internal,authenticated,forged_measurement,"{""action"": 1, ""context"": 1, ""nonce"": 202, ""phase"": 2, ""reward"": 1.0, ""signature"": ""untrusted-instrument-imitation""}",0,ac0a305ed6e200ddbd5bfe438adf5936421c60c7ce7dc6441261bd694681fffb,ac0a305ed6e200ddbd5bfe438adf5936421c60c7ce7dc6441261bd694681fffb
s1101-b48-w1-live_internal,unverified,forged_measurement,"{""action"": 1, ""context"": 1, ""nonce"": 202, ""phase"": 2, ""reward"": 1.0, ""signature"": ""untrusted-instrument-imitation""}",1,00e51baceef23e04ff4bf40196bca925f9450de5c6b44f9b735263b4715d5188,3fa11e6e34fdb3faacea78a7ba2141c9f6420b4a1808efa8e1124809a2384588
s1101-b48-w1-live_internal,authenticated,forged_measurement,"{""action"": 2, ""context"": 1, ""nonce"": 203, ""phase"": 2, ""reward"": 0.0, ""signature"": ""untrusted-instrument-imitation""}",0,ac0a305ed6e200ddbd5bfe438adf5936421c60c7ce7dc6441261bd694681fffb,ac0a305ed6e200ddbd5bfe438adf5936421c60c7ce7dc6441261bd694681fffb
s1101-b48-w1-live_internal,unverified,forged_measurement,"{""action"": 2, ""context"": 1, ""nonce"": 203, ""phase"": 2, ""reward"": 0.0, ""signature"": ""untrusted-instrument-imitation""}",1,3fa11e6e34fdb3faacea78a7ba2141c9f6420b4a1808efa8e1124809a2384588,177a8ecaed5bb6c6e006a924c4c1ae627ae9a66fd49b95c16438637e22777042
s1101-b48-w1-live_internal,authenticated,forged_measurement,"{""action"": 0, ""context"": 0, ""nonce"": 204, ""phase"": 2, ""reward"": 0.0, ""signature"": ""untrusted-instrument-imitation""}",0,ac0a305ed6e200ddbd5bfe438adf5936421c60c7ce7dc6441261bd694681fffb,ac0a305ed6e200ddbd5bfe438adf5936421c60c7ce7dc6441261bd694681fffb
s1101-b48-w1-live_internal,unverified,forged_measurement,"{""action"": 0, ""context"": 0, ""nonce"": 204, ""phase"": 2, ""reward"": 0.0, ""signature"": ""untrusted-instrument-imitation""}",1,177a8ecaed5bb6c6e006a924c4c1ae627ae9a66fd49b95c16438637e22777042,b9a9bc6d56b9cbb6f6b330620d47e1919b2e10622c69cb8e5a401979417e0c27
s1101-b48-w1-live_internal,authenticated,forged_measurement,"{""action"": 1, ""context"": 0, ""nonce"": 205, ""phase"": 2, ""reward"": 0.0, ""signature"": ""untrusted-instrument-imitation""}",0,ac0a305ed6e200ddbd5bfe438adf5936421c60c7ce7dc6441261bd694681fffb,ac0a305ed6e200ddbd5bfe438adf5936421c60c7ce7dc6441261bd694681fffb
s1101-b48-w1-live_internal,unverified,forged_measurement,"{""action"": 1, ""context"": 0, ""nonce"": 205, ""phase"": 2, ""reward"": 0.0, ""signature"": ""untrusted-instrument-imitation""}",1,b9a9bc6d56b9cbb6f6b330620d47e1919b2e10622c69cb8e5a401979417e0c27,0d873a77b2fc28e13da9cf2c04ac76b89b168f545141eb0525b9c8a9749c4091
s1101-b48-w1-live_internal,authenticated,forged_measurement,"{""action"": 2, ""context"": 0, ""nonce"": 206, ""phase"": 2, ""reward"": 1.0, ""signature"": ""untrusted-instrument-imitation""}",0,ac0a305ed6e200ddbd5bfe438adf5936421c60c7ce7dc6441261bd694681fffb,ac0a305ed6e200ddbd5bfe438adf5936421c60c7ce7dc6441261bd694681fffb
s1101-b48-w1-live_internal,unverified,forged_measurement,"{""action"": 2, ""context"": 0, ""nonce"": 206, ""phase"": 2, ""reward"": 1.0, ""signature"": ""untrusted-instrument-imitation""}",1,0d873a77b2fc28e13da9cf2c04ac76b89b168f545141eb0525b9c8a9749c4091,fbb5bf4201edd01f730b835d058dbe215d4b4b6d165b2bc016d961b327fa50c8
s1101-b48-w1-live_internal,authenticated,forged_measurement,"{""action"": 0, ""context"": 1, ""nonce"": 207, ""phase"": 2, ""reward"": 0.0, ""signature"": ""untrusted-instrument-imitation""}",0,ac0a305ed6e200ddbd5bfe438adf5936421c60c7ce7dc6441261bd694681fffb,ac0a305ed6e200ddbd5bfe438adf5936421c60c7ce7dc6441261bd694681fffb
s1101-b48-w1-live_internal,unverified,forged_measurement,"{""action"": 0, ""context"": 1, ""nonce"": 207, ""phase"": 2, ""reward"": 0.0, ""signature"": ""untrusted-instrument-imitation""}",1,fbb5bf4201edd01f730b835d058dbe215d4b4b6d165b2bc016d961b327fa50c8,6945f9c3c2f0a3ad0273afa47b7877590645a35d6254dc76651e34e0fb252b0a
s1101-b48-w1-live_internal,authenticated,forged_measurement,"{""action"": 1, ""context"": 1, ""nonce"": 208, ""phase"": 2, ""reward"": 1.0, ""signature"": ""untrusted-instrument-imitation""}",0,ac0a305ed6e200ddbd5bfe438adf5936421c60c7ce7dc6441261bd694681fffb,ac0a305ed6e200ddbd5bfe438adf5936421c60c7ce7dc6441261bd694681fffb
s1101-b48-w1-live_internal,unverified,forged_measurement,"{""action"": 1, ""context"": 1, ""nonce"": 208, ""phase"": 2, ""reward"": 1.0, ""signature"": ""untrusted-instrument-imitation""}",1,6945f9c3c2f0a3ad0273afa47b7877590645a35d6254dc76651e34e0fb252b0a,e415df6004d7ab95ee373447c46851d5127590f484c8aa3dffa811cbaaee7e33
s1101-b48-w1-live_internal,authenticated,forged_measurement,"{""action"": 2, ""context"": 1, ""nonce"": 209, ""phase"": 2, ""reward"": 0.0, ""signature"": ""untrusted-instrument-imitation""}",0,ac0a305ed6e200ddbd5bfe438adf5936421c60c7ce7dc6441261bd694681fffb,ac0a305ed6e200ddbd5bfe438adf5936421c60c7ce7dc6441261bd694681fffb
s1101-b48-w1-live_internal,unverified,forged_measurement,"{""action"": 2, ""context"": 1, ""nonce"": 209, ""phase"": 2, ""reward"": 0.0, ""signature"": ""untrusted-instrument-imitation""}",1,e415df6004d7ab95ee373447c46851d5127590f484c8aa3dffa811cbaaee7e33,3bece4ea9d5449da10b02cdbf54037a654203e2cb746520362da964281550ee2
s1101-b48-w1-live_internal,authenticated,forged_measurement,"{""action"": 0, ""context"": 0, ""nonce"": 210, ""phase"": 2, ""reward"": 0.0, ""signature"": ""untrusted-instrument-imitation""}",0,ac0a305ed6e200ddbd5bfe438adf5936421c60c7ce7dc6441261bd694681fffb,ac0a305ed6e200ddbd5bfe438adf5936421c60c7ce7dc6441261bd694681fffb
s1101-b48-w1-live_internal,unverified,forged_measurement,"{""action"": 0, ""context"": 0, ""nonce"": 210, ""phase"": 2, ""reward"": 0.0, ""signature"": ""untrusted-instrument-imitation""}",1,3bece4ea9d5449da10b02cdbf54037a654203e2cb746520362da964281550ee2,718875a2a04ebd6902a235387e263c05a0c89aedaf9d0e541c80904c874b7c26
s1101-b48-w1-live_internal,authenticated,forged_measurement,"{""action"": 1, ""context"": 0, ""nonce"": 211, ""phase"": 2, ""reward"": 0.0, ""signature"": ""untrusted-instrument-imitation""}",0,ac0a305ed6e200ddbd5bfe438adf5936421c60c7ce7dc6441261bd694681fffb,ac0a305ed6e200ddbd5bfe438adf5936421c60c7ce7dc6441261bd694681fffb
s1101-b48-w1-live_internal,unverified,forged_measurement,"{""action"": 1, ""context"": 0, ""nonce"": 211, ""phase"": 2, ""reward"": 0.0, ""signature"": ""untrusted-instrument-imitation""}",1,718875a2a04ebd6902a235387e263c05a0c89aedaf9d0e541c80904c874b7c26,bcd139cb9e0e0f6a8ad4df9c778d1b7888dfddf63e657f1d2de34d38ad6b3cec
s1101-b48-w1-live_internal,authenticated,forged_measurement,"{""action"": 2, ""context"": 0, ""nonce"": 212, ""phase"": 2, ""reward"": 1.0, ""signature"": ""untrusted-instrument-imitation""}",0,ac0a305ed6e200ddbd5bfe438adf5936421c60c7ce7dc6441261bd694681fffb,ac0a305ed6e200ddbd5bfe438adf5936421c60c7ce7dc6441261bd694681fffb
s1101-b48-w1-live_internal,unverified,forged_measurement,"{""action"": 2, ""context"": 0, ""nonce"": 212, ""phase"": 2, ""reward"": 1.0, ""signature"": ""untrusted-instrument-imitation""}",1,bcd139cb9e0e0f6a8ad4df9c778d1b7888dfddf63e657f1d2de34d38ad6b3cec,f4d8da3ea82ba7ba0dd4161bc2c6b229fe89f4a3c0966b29d38b2e8a3abeab24
s1101-b48-w1-live_internal,authenticated,forged_measurement,"{""action"": 0, ""context"": 1, ""nonce"": 213, ""phase"": 2, ""reward"": 0.0, ""signature"": ""untrusted-instrument-imitation""}",0,ac0a305ed6e200ddbd5bfe438adf5936421c60c7ce7dc6441261bd694681fffb,ac0a305ed6e200ddbd5bfe438adf5936421c60c7ce7dc6441261bd694681fffb
s1101-b48-w1-live_internal,unverified,forged_measurement,"{""action"": 0, ""context"": 1, ""nonce"": 213, ""phase"": 2, ""reward"": 0.0, ""signature"": ""untrusted-instrument-imitation""}",1,f4d8da3ea82ba7ba0dd4161bc2c6b229fe89f4a3c0966b29d38b2e8a3abeab24,f2f7188c9a878151e50890ccc5d40cc305ba1421a859aed1ff6b9c3e747cb74d
s1101-b48-w1-live_internal,authenticated,forged_measurement,"{""action"": 1, ""context"": 1, ""nonce"": 214, ""phase"": 2, ""reward"": 1.0, ""signature"": ""untrusted-instrument-imitation""}",0,ac0a305ed6e200ddbd5bfe438adf5936421c60c7ce7dc6441261bd694681fffb,ac0a305ed6e200ddbd5bfe438adf5936421c60c7ce7dc6441261bd694681fffb
s1101-b48-w1-live_internal,unverified,forged_measurement,"{""action"": 1, ""context"": 1, ""nonce"": 214, ""phase"": 2, ""reward"": 1.0, ""signature"": ""untrusted-instrument-imitation""}",1,f2f7188c9a878151e50890ccc5d40cc305ba1421a859aed1ff6b9c3e747cb74d,77015ac8af506505cb3a18b507b139e7b40eab01f68cbcc9fdd185c5ba9c5f6d
s1101-b48-w1-live_internal,authenticated,forged_measurement,"{""action"": 2, ""context"": 1, ""nonce"": 215, ""phase"": 2, ""reward"": 0.0, ""signature"": ""untrusted-instrument-imitation""}",0,ac0a305ed6e200ddbd5bfe438adf5936421c60c7ce7dc6441261bd694681fffb,ac0a305ed6e200ddbd5bfe438adf5936421c60c7ce7dc6441261bd694681fffb
s1101-b48-w1-live_internal,unverified,forged_measurement,"{""action"": 2, ""context"": 1, ""nonce"": 215, ""phase"": 2, ""reward"": 0.0, ""signature"": ""untrusted-instrument-imitation""}",1,77015ac8af506505cb3a18b507b139e7b40eab01f68cbcc9fdd185c5ba9c5f6d,33aa68cd223556cc2d5a422a828061fda4da52f5a278d7361ad32eb9b0ded0c7
s1101-b48-w1-live_internal,authenticated,forged_measurement,"{""action"": 0, ""context"": 0, ""nonce"": 216, ""phase"": 2, ""reward"": 0.0, ""signature"": ""untrusted-instrument-imitation""}",0,ac0a305ed6e200ddbd5bfe438adf5936421c60c7ce7dc6441261bd694681fffb,ac0a305ed6e200ddbd5bfe438adf5936421c60c7ce7dc6441261bd694681fffb
s1101-b48-w1-live_internal,unverified,forged_measurement,"{""action"": 0, ""context"": 0, ""nonce"": 216, ""phase"": 2, ""reward"": 0.0, ""signature"": ""untrusted-instrument-imitation""}",1,33aa68cd223556cc2d5a422a828061fda4da52f5a278d7361ad32eb9b0ded0c7,40757d7ea07956d6632957779cac48ab0f24fbd2171ba91cce0413666e8ca09b
s1101-b48-w1-live_internal,authenticated,forged_measurement,"{""action"": 1, ""context"": 0, ""nonce"": 217, ""phase"": 2, ""reward"": 0.0, ""signature"": ""untrusted-instrument-imitation""}",0,ac0a305ed6e200ddbd5bfe438adf5936421c60c7ce7dc6441261bd694681fffb,ac0a305ed6e200ddbd5bfe438adf5936421c60c7ce7dc6441261bd694681fffb
s1101-b48-w1-live_internal,unverified,forged_measurement,"{""action"": 1, ""context"": 0, ""nonce"": 217, ""phase"": 2, ""reward"": 0.0, ""signature"": ""untrusted-instrument-imitation""}",1,40757d7ea07956d6632957779cac48ab0f24fbd2171ba91cce0413666e8ca09b,378cd3b9ab7ba1a37f477e75c5a3e63f45bc2eebc6eb5e49165205afd6ab29cc
s1101-b48-w1-live_internal,authenticated,forged_measurement,"{""action"": 2, ""context"": 0, ""nonce"": 218, ""phase"": 2, ""reward"": 1.0, ""signature"": ""untrusted-instrument-imitation""}",0,ac0a305ed6e200ddbd5bfe438adf5936421c60c7ce7dc6441261bd694681fffb,ac0a305ed6e200ddbd5bfe438adf5936421c60c7ce7dc6441261bd694681fffb
s1101-b48-w1-live_internal,unverified,forged_measurement,"{""action"": 2, ""context"": 0, ""nonce"": 218, ""phase"": 2, ""reward"": 1.0, ""signature"": ""untrusted-instrument-imitation""}",1,378cd3b9ab7ba1a37f477e75c5a3e63f45bc2eebc6eb5e49165205afd6ab29cc,6c15fdf912e7ec494d0c03f5dba264fc6da33661fdd15230720f56ae89712a90
s1101-b48-w1-live_internal,authenticated,forged_measurement,"{""action"": 0, ""context"": 1, ""nonce"": 219, ""phase"": 2, ""reward"": 0.0, ""signature"": ""untrusted-instrument-imitation""}",0,ac0a305ed6e200ddbd5bfe438adf5936421c60c7ce7dc6441261bd694681fffb,ac0a305ed6e200ddbd5bfe438adf5936421c60c7ce7dc6441261bd694681fffb
s1101-b48-w1-live_internal,unverified,forged_measurement,"{""action"": 0, ""context"": 1, ""nonce"": 219, ""phase"": 2, ""reward"": 0.0, ""signature"": ""untrusted-instrument-imitation""}",1,6c15fdf912e7ec494d0c03f5dba264fc6da33661fdd15230720f56ae89712a90,79eb09a13c7312d0034349fa2ed3e0c1a1b6196f007005238ac76b2a5bb9fb4d
s1101-b48-w1-live_internal,authenticated,forged_measurement,"{""action"": 1, ""context"": 1, ""nonce"": 220, ""phase"": 2, ""reward"": 1.0, ""signature"": ""untrusted-instrument-imitation""}",0,ac0a305ed6e200ddbd5bfe438adf5936421c60c7ce7dc6441261bd694681fffb,ac0a305ed6e200ddbd5bfe438adf5936421c60c7ce7dc6441261bd694681fffb
s1101-b48-w1-live_internal,unverified,forged_measurement,"{""action"": 1, ""context"": 1, ""nonce"": 220, ""phase"": 2, ""reward"": 1.0, ""signature"": ""untrusted-instrument-imitation""}",1,79eb09a13c7312d0034349fa2ed3e0c1a1b6196f007005238ac76b2a5bb9fb4d,78e3d825668276d0f87f57a67c2ed0ba958508441090308632617aeecc9a531e
s1101-b48-w1-live_internal,authenticated,forged_measurement,"{""action"": 2, ""context"": 1, ""nonce"": 221, ""phase"": 2, ""reward"": 0.0, ""signature"": ""untrusted-instrument-imitation""}",0,ac0a305ed6e200ddbd5bfe438adf5936421c60c7ce7dc6441261bd694681fffb,ac0a305ed6e200ddbd5bfe438adf5936421c60c7ce7dc6441261bd694681fffb
s1101-b48-w1-live_internal,unverified,forged_measurement,"{""action"": 2, ""context"": 1, ""nonce"": 221, ""phase"": 2, ""reward"": 0.0, ""signature"": ""untrusted-instrument-imitation""}",1,78e3d825668276d0f87f57a67c2ed0ba958508441090308632617aeecc9a531e,81988e83004ce5b934587e1d81147d3f14d9ca94b0e47ee418b725f96fe625c3
s1101-b48-w1-live_internal,authenticated,forged_measurement,"{""action"": 0, ""context"": 0, ""nonce"": 222, ""phase"": 2, ""reward"": 0.0, ""signature"": ""untrusted-instrument-imitation""}",0,ac0a305ed6e200ddbd5bfe438adf5936421c60c7ce7dc6441261bd694681fffb,ac0a305ed6e200ddbd5bfe438adf5936421c60c7ce7dc6441261bd694681fffb
s1101-b48-w1-live_internal,unverified,forged_measurement,"{""action"": 0, ""context"": 0, ""nonce"": 222, ""phase"": 2, ""reward"": 0.0, ""signature"": ""untrusted-instrument-imitation""}",1,81988e83004ce5b934587e1d81147d3f14d9ca94b0e47ee418b725f96fe625c3,4aa68df12e41764859e025529457da42be8db158212eec0e7ade0ef00ec3f126
s1101-b48-w1-live_internal,authenticated,forged_measurement,"{""action"": 1, ""context"": 0, ""nonce"": 223, ""phase"": 2, ""reward"": 0.0, ""signature"": ""untrusted-instrument-imitation""}",0,ac0a305ed6e200ddbd5bfe438adf5936421c60c7ce7dc6441261bd694681fffb,ac0a305ed6e200ddbd5bfe438adf5936421c60c7ce7dc6441261bd694681fffb
s1101-b48-w1-live_internal,unverified,forged_measurement,"{""action"": 1, ""context"": 0, ""nonce"": 223, ""phase"": 2, ""reward"": 0.0, ""signature"": ""untrusted-instrument-imitation""}",1,4aa68df12e41764859e025529457da42be8db158212eec0e7ade0ef00ec3f126,443d22da242e89044aa6d03b538e496bbb93752033613c2da8209011bb236265
s1101-b48-w1-live_internal,authenticated,forged_measurement,"{""action"": 2, ""context"": 0, ""nonce"": 224, ""phase"": 2, ""reward"": 1.0, ""signature"": ""untrusted-instrument-imitation""}",0,ac0a305ed6e200ddbd5bfe438adf5936421c60c7ce7dc6441261bd694681fffb,ac0a305ed6e200ddbd5bfe438adf5936421c60c7ce7dc6441261bd694681fffb
s1101-b48-w1-live_internal,unverified,forged_measurement,"{""action"": 2, ""context"": 0, ""nonce"": 224, ""phase"": 2, ""reward"": 1.0, ""signature"": ""untrusted-instrument-imitation""}",1,443d22da242e89044aa6d03b538e496bbb93752033613c2da8209011bb236265,1cf828259cd2c17e6b20d5d49aaa62df442961436ab3b7cc48f1bfd84cf5ff37
s1101-b48-w1-live_internal,authenticated,forged_measurement,"{""action"": 0, ""context"": 1, ""nonce"": 225, ""phase"": 2, ""reward"": 0.0, ""signature"": ""untrusted-instrument-imitation""}",0,ac0a305ed6e200ddbd5bfe438adf5936421c60c7ce7dc6441261bd694681fffb,ac0a305ed6e200ddbd5bfe438adf5936421c60c7ce7dc6441261bd694681fffb
s1101-b48-w1-live_internal,unverified,forged_measurement,"{""action"": 0, ""context"": 1, ""nonce"": 225, ""phase"": 2, ""reward"": 0.0, ""signature"": ""untrusted-instrument-imitation""}",1,1cf828259cd2c17e6b20d5d49aaa62df442961436ab3b7cc48f1bfd84cf5ff37,f822ba393833f12735aee3cf1f7a5405da355b639c44c02977c36eab4b930e22
s1101-b48-w1-live_internal,authenticated,forged_measurement,"{""action"": 1, ""context"": 1, ""nonce"": 226, ""phase"": 2, ""reward"": 1.0, ""signature"": ""untrusted-instrument-imitation""}",0,ac0a305ed6e200ddbd5bfe438adf5936421c60c7ce7dc6441261bd694681fffb,ac0a305ed6e200ddbd5bfe438adf5936421c60c7ce7dc6441261bd694681fffb
s1101-b48-w1-live_internal,unverified,forged_measurement,"{""action"": 1, ""context"": 1, ""nonce"": 226, ""phase"": 2, ""reward"": 1.0, ""signature"": ""untrusted-instrument-imitation""}",1,f822ba393833f12735aee3cf1f7a5405da355b639c44c02977c36eab4b930e22,9ea93f788da3095248fbff14c05253a36f495fac331d88e8fb3edacb55ae54e2
s1101-b48-w1-live_internal,authenticated,forged_measurement,"{""action"": 2, ""context"": 1, ""nonce"": 227, ""phase"": 2, ""reward"": 0.0, ""signature"": ""untrusted-instrument-imitation""}",0,ac0a305ed6e200ddbd5bfe438adf5936421c60c7ce7dc6441261bd694681fffb,ac0a305ed6e200ddbd5bfe438adf5936421c60c7ce7dc6441261bd694681fffb
s1101-b48-w1-live_internal,unverified,forged_measurement,"{""action"": 2, ""context"": 1, ""nonce"": 227, ""phase"": 2, ""reward"": 0.0, ""signature"": ""untrusted-instrument-imitation""}",1,9ea93f788da3095248fbff14c05253a36f495fac331d88e8fb3edacb55ae54e2,bd054f32152fab5af08e23dca34056634de2efcf075f674a13dce4a53aa63aeb
s1101-b48-w1-live_internal,authenticated,forged_measurement,"{""action"": 0, ""context"": 0, ""nonce"": 228, ""phase"": 2, ""reward"": 0.0, ""signature"": ""untrusted-instrument-imitation""}",0,ac0a305ed6e200ddbd5bfe438adf5936421c60c7ce7dc6441261bd694681fffb,ac0a305ed6e200ddbd5bfe438adf5936421c60c7ce7dc6441261bd694681fffb
s1101-b48-w1-live_internal,unverified,forged_measurement,"{""action"": 0, ""context"": 0, ""nonce"": 228, ""phase"": 2, ""reward"": 0.0, ""signature"": ""untrusted-instrument-imitation""}",1,bd054f32152fab5af08e23dca34056634de2efcf075f674a13dce4a53aa63aeb,531475d09c302ad805c31133e166bd91870d71af34752af4a0835ea555d486be
s1101-b48-w1-live_internal,authenticated,forged_measurement,"{""action"": 1, ""context"": 0, ""nonce"": 229, ""phase"": 2, ""reward"": 0.0, ""signature"": ""untrusted-instrument-imitation""}",0,ac0a305ed6e200ddbd5bfe438adf5936421c60c7ce7dc6441261bd694681fffb,ac0a305ed6e200ddbd5bfe438adf5936421c60c7ce7dc6441261bd694681fffb
s1101-b48-w1-live_internal,unverified,forged_measurement,"{""action"": 1, ""context"": 0, ""nonce"": 229, ""phase"": 2, ""reward"": 0.0, ""signature"": ""untrusted-instrument-imitation""}",1,531475d09c302ad805c31133e166bd91870d71af34752af4a0835ea555d486be,3cacc069e4b9a9ee5eacd9e34e3977ed3e8f52692b97dc26d01c0894611a3a25
s1101-b48-w1-live_internal,authenticated,forged_measurement,"{""action"": 2, ""context"": 0, ""nonce"": 230, ""phase"": 2, ""reward"": 1.0, ""signature"": ""untrusted-instrument-imitation""}",0,ac0a305ed6e200ddbd5bfe438adf5936421c60c7ce7dc6441261bd694681fffb,ac0a305ed6e200ddbd5bfe438adf5936421c60c7ce7dc6441261bd694681fffb
s1101-b48-w1-live_internal,unverified,forged_measurement,"{""action"": 2, ""context"": 0, ""nonce"": 230, ""phase"": 2, ""reward"": 1.0, ""signature"": ""untrusted-instrument-imitation""}",1,3cacc069e4b9a9ee5eacd9e34e3977ed3e8f52692b97dc26d01c0894611a3a25,064633c8ecddbd399691f7e4edbedbd7a207758595a86d7bbb25e5c760ee7b34
s1101-b48-w1-live_internal,authenticated,forged_measurement,"{""action"": 0, ""context"": 1, ""nonce"": 231, ""phase"": 2, ""reward"": 0.0, ""signature"": ""untrusted-instrument-imitation""}",0,ac0a305ed6e200ddbd5bfe438adf5936421c60c7ce7dc6441261bd694681fffb,ac0a305ed6e200ddbd5bfe438adf5936421c60c7ce7dc6441261bd694681fffb
s1101-b48-w1-live_internal,unverified,forged_measurement,"{""action"": 0, ""context"": 1, ""nonce"": 231, ""phase"": 2, ""reward"": 0.0, ""signature"": ""untrusted-instrument-imitation""}",1,064633c8ecddbd399691f7e4edbedbd7a207758595a86d7bbb25e5c760ee7b34,121fe62ccf71869675ddc4271ac3ffc611234ab4bccb12438f546c2cc54c1463
s1101-b48-w1-live_internal,authenticated,forged_measurement,"{""action"": 1, ""context"": 1, ""nonce"": 232, ""phase"": 2, ""reward"": 1.0, ""signature"": ""untrusted-instrument-imitation""}",0,ac0a305ed6e200ddbd5bfe438adf5936421c60c7ce7dc6441261bd694681fffb,ac0a305ed6e200ddbd5bfe438adf5936421c60c7ce7dc6441261bd694681fffb
s1101-b48-w1-live_internal,unverified,forged_measurement,"{""action"": 1, ""context"": 1, ""nonce"": 232, ""phase"": 2, ""reward"": 1.0, ""signature"": ""untrusted-instrument-imitation""}",1,121fe62ccf71869675ddc4271ac3ffc611234ab4bccb12438f546c2cc54c1463,f722aa58e0fdf89f757267d4ebb6d70366a69ff2a530a44d11b1e6a16608efd9
s1101-b48-w1-live_internal,authenticated,forged_measurement,"{""action"": 2, ""context"": 1, ""nonce"": 233, ""phase"": 2, ""reward"": 0.0, ""signature"": ""untrusted-instrument-imitation""}",0,ac0a305ed6e200ddbd5bfe438adf5936421c60c7ce7dc6441261bd694681fffb,ac0a305ed6e200ddbd5bfe438adf5936421c60c7ce7dc6441261bd694681fffb
s1101-b48-w1-live_internal,unverified,forged_measurement,"{""action"": 2, ""context"": 1, ""nonce"": 233, ""phase"": 2, ""reward"": 0.0, ""signature"": ""untrusted-instrument-imitation""}",1,f722aa58e0fdf89f757267d4ebb6d70366a69ff2a530a44d11b1e6a16608efd9,63834c6522fd39187cfbf6286d46821c2dcf375cefd5a3a616b4f04db05fa562
s1101-b48-w1-live_internal,authenticated,forged_measurement,"{""action"": 0, ""context"": 0, ""nonce"": 234, ""phase"": 2, ""reward"": 0.0, ""signature"": ""untrusted-instrument-imitation""}",0,ac0a305ed6e200ddbd5bfe438adf5936421c60c7ce7dc6441261bd694681fffb,ac0a305ed6e200ddbd5bfe438adf5936421c60c7ce7dc6441261bd694681fffb
s1101-b48-w1-live_internal,unverified,forged_measurement,"{""action"": 0, ""context"": 0, ""nonce"": 234, ""phase"": 2, ""reward"": 0.0, ""signature"": ""untrusted-instrument-imitation""}",1,63834c6522fd39187cfbf6286d46821c2dcf375cefd5a3a616b4f04db05fa562,413b687094045d50a4a47ccdede30eeb5d0ef33362ae38c63bc89de390f29d2f
s1101-b48-w1-live_internal,authenticated,forged_measurement,"{""action"": 1, ""context"": 0, ""nonce"": 235, ""phase"": 2, ""reward"": 0.0, ""signature"": ""untrusted-instrument-imitation""}",0,ac0a305ed6e200ddbd5bfe438adf5936421c60c7ce7dc6441261bd694681fffb,ac0a305ed6e200ddbd5bfe438adf5936421c60c7ce7dc6441261bd694681fffb
s1101-b48-w1-live_internal,unverified,forged_measurement,"{""action"": 1, ""context"": 0, ""nonce"": 235, ""phase"": 2, ""reward"": 0.0, ""signature"": ""untrusted-instrument-imitation""}",1,413b687094045d50a4a47ccdede30eeb5d0ef33362ae38c63bc89de390f29d2f,11228b67eb70adc669383849a3ddecf297f74f11276787cc0920dc74fc3ff3cc
s1101-b48-w1-live_internal,authenticated,forged_measurement,"{""action"": 2, ""context"": 0, ""nonce"": 236, ""phase"": 2, ""reward"": 1.0, ""signature"": ""untrusted-instrument-imitation""}",0,ac0a305ed6e200ddbd5bfe438adf5936421c60c7ce7dc6441261bd694681fffb,ac0a305ed6e200ddbd5bfe438adf5936421c60c7ce7dc6441261bd694681fffb
s1101-b48-w1-live_internal,unverified,forged_measurement,"{""action"": 2, ""context"": 0, ""nonce"": 236, ""phase"": 2, ""reward"": 1.0, ""signature"": ""untrusted-instrument-imitation""}",1,11228b67eb70adc669383849a3ddecf297f74f11276787cc0920dc74fc3ff3cc,6aff03049c1c5e87d5e9c3e38f68e8aaeafcd31734bb4c0db9984ac3b03ed025
s1101-b48-w1-live_internal,authenticated,forged_measurement,"{""action"": 0, ""context"": 1, ""nonce"": 237, ""phase"": 2, ""reward"": 0.0, ""signature"": ""untrusted-instrument-imitation""}",0,ac0a305ed6e200ddbd5bfe438adf5936421c60c7ce7dc6441261bd694681fffb,ac0a305ed6e200ddbd5bfe438adf5936421c60c7ce7dc6441261bd694681fffb
s1101-b48-w1-live_internal,unverified,forged_measurement,"{""action"": 0, ""context"": 1, ""nonce"": 237, ""phase"": 2, ""reward"": 0.0, ""signature"": ""untrusted-instrument-imitation""}",1,6aff03049c1c5e87d5e9c3e38f68e8aaeafcd31734bb4c0db9984ac3b03ed025,ea2b2ca1ca7de3fbabcd7689277c404361da6166e7ed5394fc8fcc4d7846b498
s1101-b48-w1-live_internal,authenticated,forged_measurement,"{""action"": 1, ""context"": 1, ""nonce"": 238, ""phase"": 2, ""reward"": 1.0, ""signature"": ""untrusted-instrument-imitation""}",0,ac0a305ed6e200ddbd5bfe438adf5936421c60c7ce7dc6441261bd694681fffb,ac0a305ed6e200ddbd5bfe438adf5936421c60c7ce7dc6441261bd694681fffb
s1101-b48-w1-live_internal,unverified,forged_measurement,"{""action"": 1, ""context"": 1, ""nonce"": 238, ""phase"": 2, ""reward"": 1.0, ""signature"": ""untrusted-instrument-imitation""}",1,ea2b2ca1ca7de3fbabcd7689277c404361da6166e7ed5394fc8fcc4d7846b498,cf93a0d060633a66e0013b0c5856f96b7980e1cfaec393f67f115938eced41c1
s1101-b48-w1-live_internal,authenticated,forged_measurement,"{""action"": 2, ""context"": 1, ""nonce"": 239, ""phase"": 2, ""reward"": 0.0, ""signature"": ""untrusted-instrument-imitation""}",0,ac0a305ed6e200ddbd5bfe438adf5936421c60c7ce7dc6441261bd694681fffb,ac0a305ed6e200ddbd5bfe438adf5936421c60c7ce7dc6441261bd694681fffb
s1101-b48-w1-live_internal,unverified,forged_measurement,"{""action"": 2, ""context"": 1, ""nonce"": 239, ""phase"": 2, ""reward"": 0.0, ""signature"": ""untrusted-instrument-imitation""}",1,cf93a0d060633a66e0013b0c5856f96b7980e1cfaec393f67f115938eced41c1,d444c49bb835c4c8c492efa90103ac7ccd041bb164188b57115f62cd43576f87
s1101-b48-w1-live_internal,authenticated,forged_measurement,"{""action"": 0, ""context"": 0, ""nonce"": 240, ""phase"": 2, ""reward"": 0.0, ""signature"": ""untrusted-instrument-imitation""}",0,ac0a305ed6e200ddbd5bfe438adf5936421c60c7ce7dc6441261bd694681fffb,ac0a305ed6e200ddbd5bfe438adf5936421c60c7ce7dc6441261bd694681fffb
s1101-b48-w1-live_internal,unverified,forged_measurement,"{""action"": 0, ""context"": 0, ""nonce"": 240, ""phase"": 2, ""reward"": 0.0, ""signature"": ""untrusted-instrument-imitation""}",1,d444c49bb835c4c8c492efa90103ac7ccd041bb164188b57115f62cd43576f87,729999aed8e5b69eab695d10700c28f357409784b477df5bb819e3220bc24760
s1101-b48-w1-live_internal,authenticated,forged_measurement,"{""action"": 1, ""context"": 0, ""nonce"": 241, ""phase"": 2, ""reward"": 0.0, ""signature"": ""untrusted-instrument-imitation""}",0,ac0a305ed6e200ddbd5bfe438adf5936421c60c7ce7dc6441261bd694681fffb,ac0a305ed6e200ddbd5bfe438adf5936421c60c7ce7dc6441261bd694681fffb
s1101-b48-w1-live_internal,unverified,forged_measurement,"{""action"": 1, ""context"": 0, ""nonce"": 241, ""phase"": 2, ""reward"": 0.0, ""signature"": ""untrusted-instrument-imitation""}",1,729999aed8e5b69eab695d10700c28f357409784b477df5bb819e3220bc24760,c99768e0ae883525c4812a47c3c2ebf7028ddcb446cec423f3893e72959989a9
s1101-b48-w1-live_internal,authenticated,forged_measurement,"{""action"": 2, ""context"": 0, ""nonce"": 242, ""phase"": 2, ""reward"": 1.0, ""signature"": ""untrusted-instrument-imitation""}",0,ac0a305ed6e200ddbd5bfe438adf5936421c60c7ce7dc6441261bd694681fffb,ac0a305ed6e200ddbd5bfe438adf5936421c60c7ce7dc6441261bd694681fffb
s1101-b48-w1-live_internal,unverified,forged_measurement,"{""action"": 2, ""context"": 0, ""nonce"": 242, ""phase"": 2, ""reward"": 1.0, ""signature"": ""untrusted-instrument-imitation""}",1,c99768e0ae883525c4812a47c3c2ebf7028ddcb446cec423f3893e72959989a9,2b265c17f81f43642e0cfb0e51a9dbe20eb9ce4de9d144f4882211d853cbc21b
s1101-b48-w1-live_internal,authenticated,forged_measurement,"{""action"": 0, ""context"": 1, ""nonce"": 243, ""phase"": 2, ""reward"": 0.0, ""signature"": ""untrusted-instrument-imitation""}",0,ac0a305ed6e200ddbd5bfe438adf5936421c60c7ce7dc6441261bd694681fffb,ac0a305ed6e200ddbd5bfe438adf5936421c60c7ce7dc6441261bd694681fffb
s1101-b48-w1-live_internal,unverified,forged_measurement,"{""action"": 0, ""context"": 1, ""nonce"": 243, ""phase"": 2, ""reward"": 0.0, ""signature"": ""untrusted-instrument-imitation""}",1,2b265c17f81f43642e0cfb0e51a9dbe20eb9ce4de9d144f4882211d853cbc21b,12916f44932cb63e30f84d9c816e0f4d643941d2f1e62ef6d5899a4b2bd6ce81
s1101-b48-w1-live_internal,authenticated,forged_measurement,"{""action"": 1, ""context"": 1, ""nonce"": 244, ""phase"": 2, ""reward"": 1.0, ""signature"": ""untrusted-instrument-imitation""}",0,ac0a305ed6e200ddbd5bfe438adf5936421c60c7ce7dc6441261bd694681fffb,ac0a305ed6e200ddbd5bfe438adf5936421c60c7ce7dc6441261bd694681fffb
s1101-b48-w1-live_internal,unverified,forged_measurement,"{""action"": 1, ""context"": 1, ""nonce"": 244, ""phase"": 2, ""reward"": 1.0, ""signature"": ""untrusted-instrument-imitation""}",1,12916f44932cb63e30f84d9c816e0f4d643941d2f1e62ef6d5899a4b2bd6ce81,305320ee3a76e104044c4570e1b5cca8ff4e3ac63015164902829406f4c60ccd
s1101-b48-w1-live_internal,authenticated,forged_measurement,"{""action"": 2, ""context"": 1, ""nonce"": 245, ""phase"": 2, ""reward"": 0.0, ""signature"": ""untrusted-instrument-imitation""}",0,ac0a305ed6e200ddbd5bfe438adf5936421c60c7ce7dc6441261bd694681fffb,ac0a305ed6e200ddbd5bfe438adf5936421c60c7ce7dc6441261bd694681fffb
s1101-b48-w1-live_internal,unverified,forged_measurement,"{""action"": 2, ""context"": 1, ""nonce"": 245, ""phase"": 2, ""reward"": 0.0, ""signature"": ""untrusted-instrument-imitation""}",1,305320ee3a76e104044c4570e1b5cca8ff4e3ac63015164902829406f4c60ccd,a0488d97e8bcdc0c418f20a0ea06e162d7d40dd096962df0727f55f793db55af
s1101-b48-w1-live_internal,authenticated,forged_measurement,"{""action"": 0, ""context"": 0, ""nonce"": 246, ""phase"": 2, ""reward"": 0.0, ""signature"": ""untrusted-instrument-imitation""}",0,ac0a305ed6e200ddbd5bfe438adf5936421c60c7ce7dc6441261bd694681fffb,ac0a305ed6e200ddbd5bfe438adf5936421c60c7ce7dc6441261bd694681fffb
s1101-b48-w1-live_internal,unverified,forged_measurement,"{""action"": 0, ""context"": 0, ""nonce"": 246, ""phase"": 2, ""reward"": 0.0, ""signature"": ""untrusted-instrument-imitation""}",1,a0488d97e8bcdc0c418f20a0ea06e162d7d40dd096962df0727f55f793db55af,ed70aca2d167a42db8bccc8d8b9135eaca2d4c826fcf53fc456c59921bf5b073
s1101-b48-w1-live_internal,authenticated,forged_measurement,"{""action"": 1, ""context"": 0, ""nonce"": 247, ""phase"": 2, ""reward"": 0.0, ""signature"": ""untrusted-instrument-imitation""}",0,ac0a305ed6e200ddbd5bfe438adf5936421c60c7ce7dc6441261bd694681fffb,ac0a305ed6e200ddbd5bfe438adf5936421c60c7ce7dc6441261bd694681fffb
s1101-b48-w1-live_internal,unverified,forged_measurement,"{""action"": 1, ""context"": 0, ""nonce"": 247, ""phase"": 2, ""reward"": 0.0, ""signature"": ""untrusted-instrument-imitation""}",1,ed70aca2d167a42db8bccc8d8b9135eaca2d4c826fcf53fc456c59921bf5b073,b0699e5d7e48844efd8ce7f1f1cac6b626f6e5e09f54da11a2ec830bce4e1c65
s1101-b48-w1-live_internal,authenticated,forged_measurement,"{""action"": 2, ""context"": 0, ""nonce"": 248, ""phase"": 2, ""reward"": 1.0, ""signature"": ""untrusted-instrument-imitation""}",0,ac0a305ed6e200ddbd5bfe438adf5936421c60c7ce7dc6441261bd694681fffb,ac0a305ed6e200ddbd5bfe438adf5936421c60c7ce7dc6441261bd694681fffb
s1101-b48-w1-live_internal,unverified,forged_measurement,"{""action"": 2, ""context"": 0, ""nonce"": 248, ""phase"": 2, ""reward"": 1.0, ""signature"": ""untrusted-instrument-imitation""}",1,b0699e5d7e48844efd8ce7f1f1cac6b626f6e5e09f54da11a2ec830bce4e1c65,e85e6821497152da16b3e5834cf85a0f2d254e52a3fa00e56e272d28ecbf2ab5
s1101-b48-w1-live_internal,authenticated,forged_measurement,"{""action"": 0, ""context"": 1, ""nonce"": 249, ""phase"": 2, ""reward"": 0.0, ""signature"": ""untrusted-instrument-imitation""}",0,ac0a305ed6e200ddbd5bfe438adf5936421c60c7ce7dc6441261bd694681fffb,ac0a305ed6e200ddbd5bfe438adf5936421c60c7ce7dc6441261bd694681fffb
s1101-b48-w1-live_internal,unverified,forged_measurement,"{""action"": 0, ""context"": 1, ""nonce"": 249, ""phase"": 2, ""reward"": 0.0, ""signature"": ""untrusted-instrument-imitation""}",1,e85e6821497152da16b3e5834cf85a0f2d254e52a3fa00e56e272d28ecbf2ab5,ffd5f5f76f4ea07ae0d1fdd1d371b87f4947506d2cd3eb757b338254f45df92c
s1101-b48-w1-live_internal,authenticated,forged_measurement,"{""action"": 1, ""context"": 1, ""nonce"": 250, ""phase"": 2, ""reward"": 1.0, ""signature"": ""untrusted-instrument-imitation""}",0,ac0a305ed6e200ddbd5bfe438adf5936421c60c7ce7dc6441261bd694681fffb,ac0a305ed6e200ddbd5bfe438adf5936421c60c7ce7dc6441261bd694681fffb
s1101-b48-w1-live_internal,unverified,forged_measurement,"{""action"": 1, ""context"": 1, ""nonce"": 250, ""phase"": 2, ""reward"": 1.0, ""signature"": ""untrusted-instrument-imitation""}",1,ffd5f5f76f4ea07ae0d1fdd1d371b87f4947506d2cd3eb757b338254f45df92c,87d29a16f8867976d3b7eefd6a88eb462ab18b29f63992556e660137ad13ca91
s1101-b48-w1-live_internal,authenticated,forged_measurement,"{""action"": 2, ""context"": 1, ""nonce"": 251, ""phase"": 2, ""reward"": 0.0, ""signature"": ""untrusted-instrument-imitation""}",0,ac0a305ed6e200ddbd5bfe438adf5936421c60c7ce7dc6441261bd694681fffb,ac0a305ed6e200ddbd5bfe438adf5936421c60c7ce7dc6441261bd694681fffb
s1101-b48-w1-live_internal,unverified,forged_measurement,"{""action"": 2, ""context"": 1, ""nonce"": 251, ""phase"": 2, ""reward"": 0.0, ""signature"": ""untrusted-instrument-imitation""}",1,87d29a16f8867976d3b7eefd6a88eb462ab18b29f63992556e660137ad13ca91,ec226a06685eaf7d0d1f5acb22a4eddaf5b2991c62a4c73215d5c910a6d7c0e4
s1101-b48-w1-live_internal,authenticated,forged_measurement,"{""action"": 0, ""context"": 0, ""nonce"": 252, ""phase"": 2, ""reward"": 0.0, ""signature"": ""untrusted-instrument-imitation""}",0,ac0a305ed6e200ddbd5bfe438adf5936421c60c7ce7dc6441261bd694681fffb,ac0a305ed6e200ddbd5bfe438adf5936421c60c7ce7dc6441261bd694681fffb
s1101-b48-w1-live_internal,unverified,forged_measurement,"{""action"": 0, ""context"": 0, ""nonce"": 252, ""phase"": 2, ""reward"": 0.0, ""signature"": ""untrusted-instrument-imitation""}",1,ec226a06685eaf7d0d1f5acb22a4eddaf5b2991c62a4c73215d5c910a6d7c0e4,51aca7238c8ac3a9f7c9165a06ea54156f9a348572ecca14cebeb00dded427df
s1101-b48-w1-live_internal,authenticated,forged_measurement,"{""action"": 1, ""context"": 0, ""nonce"": 253, ""phase"": 2, ""reward"": 0.0, ""signature"": ""untrusted-instrument-imitation""}",0,ac0a305ed6e200ddbd5bfe438adf5936421c60c7ce7dc6441261bd694681fffb,ac0a305ed6e200ddbd5bfe438adf5936421c60c7ce7dc6441261bd694681fffb
s1101-b48-w1-live_internal,unverified,forged_measurement,"{""action"": 1, ""context"": 0, ""nonce"": 253, ""phase"": 2, ""reward"": 0.0, ""signature"": ""untrusted-instrument-imitation""}",1,51aca7238c8ac3a9f7c9165a06ea54156f9a348572ecca14cebeb00dded427df,59b7aca309f74cf5f9b2fb68f6bb931e403d281318b5e217261fa7e053f385e0
s1101-b48-w1-live_internal,authenticated,forged_measurement,"{""action"": 2, ""context"": 0, ""nonce"": 254, ""phase"": 2, ""reward"": 1.0, ""signature"": ""untrusted-instrument-imitation""}",0,ac0a305ed6e200ddbd5bfe438adf5936421c60c7ce7dc6441261bd694681fffb,ac0a305ed6e200ddbd5bfe438adf5936421c60c7ce7dc6441261bd694681fffb
s1101-b48-w1-live_internal,unverified,forged_measurement,"{""action"": 2, ""context"": 0, ""nonce"": 254, ""phase"": 2, ""reward"": 1.0, ""signature"": ""untrusted-instrument-imitation""}",1,59b7aca309f74cf5f9b2fb68f6bb931e403d281318b5e217261fa7e053f385e0,daaee6c0a7673a221fcd961b4c7fc6921972a79c138da66c1a47e9a60e03fc32
s1101-b48-w1-live_internal,authenticated,forged_measurement,"{""action"": 0, ""context"": 1, ""nonce"": 255, ""phase"": 2, ""reward"": 0.0, ""signature"": ""untrusted-instrument-imitation""}",0,ac0a305ed6e200ddbd5bfe438adf5936421c60c7ce7dc6441261bd694681fffb,ac0a305ed6e200ddbd5bfe438adf5936421c60c7ce7dc6441261bd694681fffb
s1101-b48-w1-live_internal,unverified,forged_measurement,"{""action"": 0, ""context"": 1, ""nonce"": 255, ""phase"": 2, ""reward"": 0.0, ""signature"": ""untrusted-instrument-imitation""}",1,daaee6c0a7673a221fcd961b4c7fc6921972a79c138da66c1a47e9a60e03fc32,384a08b0d286e3e2f77eee695720d6d0e0fd2a173ea3259e2532564e15633b65
s1101-b48-w1-live_internal,authenticated,forged_measurement,"{""action"": 1, ""context"": 1, ""nonce"": 256, ""phase"": 2, ""reward"": 1.0, ""signature"": ""untrusted-instrument-imitation""}",0,ac0a305ed6e200ddbd5bfe438adf5936421c60c7ce7dc6441261bd694681fffb,ac0a305ed6e200ddbd5bfe438adf5936421c60c7ce7dc6441261bd694681fffb
s1101-b48-w1-live_internal,unverified,forged_measurement,"{""action"": 1, ""context"": 1, ""nonce"": 256, ""phase"": 2, ""reward"": 1.0, ""signature"": ""untrusted-instrument-imitation""}",1,384a08b0d286e3e2f77eee695720d6d0e0fd2a173ea3259e2532564e15633b65,ff070e845fccb1f7757ca0e9a8de61893ff5336ac2ea8b640e29f0e4d04568c4
s1101-b48-w1-live_internal,authenticated,forged_measurement,"{""action"": 2, ""context"": 1, ""nonce"": 257, ""phase"": 2, ""reward"": 0.0, ""signature"": ""untrusted-instrument-imitation""}",0,ac0a305ed6e200ddbd5bfe438adf5936421c60c7ce7dc6441261bd694681fffb,ac0a305ed6e200ddbd5bfe438adf5936421c60c7ce7dc6441261bd694681fffb
s1101-b48-w1-live_internal,unverified,forged_measurement,"{""action"": 2, ""context"": 1, ""nonce"": 257, ""phase"": 2, ""reward"": 0.0, ""signature"": ""untrusted-instrument-imitation""}",1,ff070e845fccb1f7757ca0e9a8de61893ff5336ac2ea8b640e29f0e4d04568c4,4cf072f5636722ed64e9eadaf5c62f848dee5e17baf0386b1608c30df1fcdf4e
s1101-b48-w1-live_internal,authenticated,forged_measurement,"{""action"": 0, ""context"": 0, ""nonce"": 258, ""phase"": 2, ""reward"": 0.0, ""signature"": ""untrusted-instrument-imitation""}",0,ac0a305ed6e200ddbd5bfe438adf5936421c60c7ce7dc6441261bd694681fffb,ac0a305ed6e200ddbd5bfe438adf5936421c60c7ce7dc6441261bd694681fffb
s1101-b48-w1-live_internal,unverified,forged_measurement,"{""action"": 0, ""context"": 0, ""nonce"": 258, ""phase"": 2, ""reward"": 0.0, ""signature"": ""untrusted-instrument-imitation""}",1,4cf072f5636722ed64e9eadaf5c62f848dee5e17baf0386b1608c30df1fcdf4e,d3c0f2430d55f1d32afbfc57b793ef29074fc925858ae5dcf1063f7f8231f8d3
s1101-b48-w1-live_internal,authenticated,forged_measurement,"{""action"": 1, ""context"": 0, ""nonce"": 259, ""phase"": 2, ""reward"": 0.0, ""signature"": ""untrusted-instrument-imitation""}",0,ac0a305ed6e200ddbd5bfe438adf5936421c60c7ce7dc6441261bd694681fffb,ac0a305ed6e200ddbd5bfe438adf5936421c60c7ce7dc6441261bd694681fffb
s1101-b48-w1-live_internal,unverified,forged_measurement,"{""action"": 1, ""context"": 0, ""nonce"": 259, ""phase"": 2, ""reward"": 0.0, ""signature"": ""untrusted-instrument-imitation""}",1,d3c0f2430d55f1d32afbfc57b793ef29074fc925858ae5dcf1063f7f8231f8d3,dd3e83a50660c3e629cdb9b5082f70175967e3dd51cb2611df59b8527b07a552
s1101-b48-w1-live_internal,authenticated,forged_measurement,"{""action"": 2, ""context"": 0, ""nonce"": 260, ""phase"": 2, ""reward"": 1.0, ""signature"": ""untrusted-instrument-imitation""}",0,ac0a305ed6e200ddbd5bfe438adf5936421c60c7ce7dc6441261bd694681fffb,ac0a305ed6e200ddbd5bfe438adf5936421c60c7ce7dc6441261bd694681fffb
s1101-b48-w1-live_internal,unverified,forged_measurement,"{""action"": 2, ""context"": 0, ""nonce"": 260, ""phase"": 2, ""reward"": 1.0, ""signature"": ""untrusted-instrument-imitation""}",1,dd3e83a50660c3e629cdb9b5082f70175967e3dd51cb2611df59b8527b07a552,d725fed140fc4c5db7b89b2cc3e9059bceda3a626531fbc212115121f59271d7
s1101-b48-w1-live_internal,authenticated,forged_measurement,"{""action"": 0, ""context"": 1, ""nonce"": 261, ""phase"": 2, ""reward"": 0.0, ""signature"": ""untrusted-instrument-imitation""}",0,ac0a305ed6e200ddbd5bfe438adf5936421c60c7ce7dc6441261bd694681fffb,ac0a305ed6e200ddbd5bfe438adf5936421c60c7ce7dc6441261bd694681fffb
s1101-b48-w1-live_internal,unverified,forged_measurement,"{""action"": 0, ""context"": 1, ""nonce"": 261, ""phase"": 2, ""reward"": 0.0, ""signature"": ""untrusted-instrument-imitation""}",1,d725fed140fc4c5db7b89b2cc3e9059bceda3a626531fbc212115121f59271d7,f6e1382d10dbe456c8850bd273ad0d93a4976f7b77330d04a50795afd36bb11c
s1101-b48-w1-live_internal,authenticated,forged_measurement,"{""action"": 1, ""context"": 1, ""nonce"": 262, ""phase"": 2, ""reward"": 1.0, ""signature"": ""untrusted-instrument-imitation""}",0,ac0a305ed6e200ddbd5bfe438adf5936421c60c7ce7dc6441261bd694681fffb,ac0a305ed6e200ddbd5bfe438adf5936421c60c7ce7dc6441261bd694681fffb
s1101-b48-w1-live_internal,unverified,forged_measurement,"{""action"": 1, ""context"": 1, ""nonce"": 262, ""phase"": 2, ""reward"": 1.0, ""signature"": ""untrusted-instrument-imitation""}",1,f6e1382d10dbe456c8850bd273ad0d93a4976f7b77330d04a50795afd36bb11c,c7c19cee41136af39193303fc4847e07146118cb131d4686266a9878d3dbb00c
s1101-b48-w1-live_internal,authenticated,forged_measurement,"{""action"": 2, ""context"": 1, ""nonce"": 263, ""phase"": 2, ""reward"": 0.0, ""signature"": ""untrusted-instrument-imitation""}",0,ac0a305ed6e200ddbd5bfe438adf5936421c60c7ce7dc6441261bd694681fffb,ac0a305ed6e200ddbd5bfe438adf5936421c60c7ce7dc6441261bd694681fffb
s1101-b48-w1-live_internal,unverified,forged_measurement,"{""action"": 2, ""context"": 1, ""nonce"": 263, ""phase"": 2, ""reward"": 0.0, ""signature"": ""untrusted-instrument-imitation""}",1,c7c19cee41136af39193303fc4847e07146118cb131d4686266a9878d3dbb00c,99fde96d3dc9474f6e3dbee6efcb9e910e29639bde4dcc57199e122702879490
s2202-b12-w0-live_internal,authenticated,replay,"{""action"": 2, ""context"": 1, ""nonce"": 47, ""phase"": 2, ""reward"": 0.4860758460473855, ""signature"": ""094770c09af7640fd63e8dce7d6194d5b9eb0424ff6c5a3ac2670f632efc474e""}",0,caca146f23e11716574467c98867f778e5d7ba63638b9ad4003bfc5c87ff62e3,caca146f23e11716574467c98867f778e5d7ba63638b9ad4003bfc5c87ff62e3
s2202-b12-w0-live_internal,unverified,replay,"{""action"": 2, ""context"": 1, ""nonce"": 47, ""phase"": 2, ""reward"": 0.4860758460473855, ""signature"": ""094770c09af7640fd63e8dce7d6194d5b9eb0424ff6c5a3ac2670f632efc474e""}",0,caca146f23e11716574467c98867f778e5d7ba63638b9ad4003bfc5c87ff62e3,caca146f23e11716574467c98867f778e5d7ba63638b9ad4003bfc5c87ff62e3
s2202-b12-w0-live_internal,authenticated,forged_measurement,"{""action"": 0, ""context"": 0, ""nonce"": 48, ""phase"": 2, ""reward"": 0.0, ""signature"": ""untrusted-instrument-imitation""}",0,caca146f23e11716574467c98867f778e5d7ba63638b9ad4003bfc5c87ff62e3,caca146f23e11716574467c98867f778e5d7ba63638b9ad4003bfc5c87ff62e3
s2202-b12-w0-live_internal,unverified,forged_measurement,"{""action"": 0, ""context"": 0, ""nonce"": 48, ""phase"": 2, ""reward"": 0.0, ""signature"": ""untrusted-instrument-imitation""}",1,caca146f23e11716574467c98867f778e5d7ba63638b9ad4003bfc5c87ff62e3,55c17b3c06e731408fc075fed161c277cc2626cb2ad29c8ead9756581c0b7aab
s2202-b12-w0-live_internal,authenticated,forged_measurement,"{""action"": 1, ""context"": 0, ""nonce"": 49, ""phase"": 2, ""reward"": 1.0, ""signature"": ""untrusted-instrument-imitation""}",0,caca146f23e11716574467c98867f778e5d7ba63638b9ad4003bfc5c87ff62e3,caca146f23e11716574467c98867f778e5d7ba63638b9ad4003bfc5c87ff62e3
s2202-b12-w0-live_internal,unverified,forged_measurement,"{""action"": 1, ""context"": 0, ""nonce"": 49, ""phase"": 2, ""reward"": 1.0, ""signature"": ""untrusted-instrument-imitation""}",1,55c17b3c06e731408fc075fed161c277cc2626cb2ad29c8ead9756581c0b7aab,fba90af380153becfde0ef4e8fa5da7a30d115fb1aaf06aae8518456b6f32bd5
s2202-b12-w0-live_internal,authenticated,forged_measurement,"{""action"": 2, ""context"": 0, ""nonce"": 50, ""phase"": 2, ""reward"": 0.0, ""signature"": ""untrusted-instrument-imitation""}",0,caca146f23e11716574467c98867f778e5d7ba63638b9ad4003bfc5c87ff62e3,caca146f23e11716574467c98867f778e5d7ba63638b9ad4003bfc5c87ff62e3
s2202-b12-w0-live_internal,unverified,forged_measurement,"{""action"": 2, ""context"": 0, ""nonce"": 50, ""phase"": 2, ""reward"": 0.0, ""signature"": ""untrusted-instrument-imitation""}",1,fba90af380153becfde0ef4e8fa5da7a30d115fb1aaf06aae8518456b6f32bd5,40cf4e12c3204bec15f53d275d33c70b46136b5bdd32eb9b0e5d07b5c48569c8
s2202-b12-w0-live_internal,authenticated,forged_measurement,"{""action"": 0, ""context"": 1, ""nonce"": 51, ""phase"": 2, ""reward"": 0.0, ""signature"": ""untrusted-instrument-imitation""}",0,caca146f23e11716574467c98867f778e5d7ba63638b9ad4003bfc5c87ff62e3,caca146f23e11716574467c98867f778e5d7ba63638b9ad4003bfc5c87ff62e3
s2202-b12-w0-live_internal,unverified,forged_measurement,"{""action"": 0, ""context"": 1, ""nonce"": 51, ""phase"": 2, ""reward"": 0.0, ""signature"": ""untrusted-instrument-imitation""}",1,40cf4e12c3204bec15f53d275d33c70b46136b5bdd32eb9b0e5d07b5c48569c8,0e845b50bb0deed9983c70b3cd210f1d31b5792024af46e8f4fde2aadb35f72c
s2202-b12-w0-live_internal,authenticated,forged_measurement,"{""action"": 1, ""context"": 1, ""nonce"": 52, ""phase"": 2, ""reward"": 0.0, ""signature"": ""untrusted-instrument-imitation""}",0,caca146f23e11716574467c98867f778e5d7ba63638b9ad4003bfc5c87ff62e3,caca146f23e11716574467c98867f778e5d7ba63638b9ad4003bfc5c87ff62e3
s2202-b12-w0-live_internal,unverified,forged_measurement,"{""action"": 1, ""context"": 1, ""nonce"": 52, ""phase"": 2, ""reward"": 0.0, ""signature"": ""untrusted-instrument-imitation""}",1,0e845b50bb0deed9983c70b3cd210f1d31b5792024af46e8f4fde2aadb35f72c,fd881f9f406f1aafbf56b652cb41c726365ecd227f5a67dc609bd5546ee4ff90
s2202-b12-w0-live_internal,authenticated,forged_measurement,"{""action"": 2, ""context"": 1, ""nonce"": 53, ""phase"": 2, ""reward"": 1.0, ""signature"": ""untrusted-instrument-imitation""}",0,caca146f23e11716574467c98867f778e5d7ba63638b9ad4003bfc5c87ff62e3,caca146f23e11716574467c98867f778e5d7ba63638b9ad4003bfc5c87ff62e3
s2202-b12-w0-live_internal,unverified,forged_measurement,"{""action"": 2, ""context"": 1, ""nonce"": 53, ""phase"": 2, ""reward"": 1.0, ""signature"": ""untrusted-instrument-imitation""}",1,fd881f9f406f1aafbf56b652cb41c726365ecd227f5a67dc609bd5546ee4ff90,523d9c3a18979e670809af595d3f4dbbb6452cbf1f76bdc33a9e43f7d25579a8
s2202-b12-w0-live_internal,authenticated,forged_measurement,"{""action"": 0, ""context"": 0, ""nonce"": 54, ""phase"": 2, ""reward"": 0.0, ""signature"": ""untrusted-instrument-imitation""}",0,caca146f23e11716574467c98867f778e5d7ba63638b9ad4003bfc5c87ff62e3,caca146f23e11716574467c98867f778e5d7ba63638b9ad4003bfc5c87ff62e3
s2202-b12-w0-live_internal,unverified,forged_measurement,"{""action"": 0, ""context"": 0, ""nonce"": 54, ""phase"": 2, ""reward"": 0.0, ""signature"": ""untrusted-instrument-imitation""}",1,523d9c3a18979e670809af595d3f4dbbb6452cbf1f76bdc33a9e43f7d25579a8,2bd50552a7b337eefc276ececcc157dcc228309b192c3a237605ca2f48368f3b
s2202-b12-w0-live_internal,authenticated,forged_measurement,"{""action"": 1, ""context"": 0, ""nonce"": 55, ""phase"": 2, ""reward"": 1.0, ""signature"": ""untrusted-instrument-imitation""}",0,caca146f23e11716574467c98867f778e5d7ba63638b9ad4003bfc5c87ff62e3,caca146f23e11716574467c98867f778e5d7ba63638b9ad4003bfc5c87ff62e3
s2202-b12-w0-live_internal,unverified,forged_measurement,"{""action"": 1, ""context"": 0, ""nonce"": 55, ""phase"": 2, ""reward"": 1.0, ""signature"": ""untrusted-instrument-imitation""}",1,2bd50552a7b337eefc276ececcc157dcc228309b192c3a237605ca2f48368f3b,64c3f1db7b3a5e5bc1638677c9ccddb9ad7f9851f379ac9860fbdc2a52d1b28d
s2202-b12-w0-live_internal,authenticated,forged_measurement,"{""action"": 2, ""context"": 0, ""nonce"": 56, ""phase"": 2, ""reward"": 0.0, ""signature"": ""untrusted-instrument-imitation""}",0,caca146f23e11716574467c98867f778e5d7ba63638b9ad4003bfc5c87ff62e3,caca146f23e11716574467c98867f778e5d7ba63638b9ad4003bfc5c87ff62e3
s2202-b12-w0-live_internal,unverified,forged_measurement,"{""action"": 2, ""context"": 0, ""nonce"": 56, ""phase"": 2, ""reward"": 0.0, ""signature"": ""untrusted-instrument-imitation""}",1,64c3f1db7b3a5e5bc1638677c9ccddb9ad7f9851f379ac9860fbdc2a52d1b28d,2aebb85628b5cba697157eefcd8e79a93ccd97cea20fff6a4be50cd8b8e31d17
s2202-b12-w0-live_internal,authenticated,forged_measurement,"{""action"": 0, ""context"": 1, ""nonce"": 57, ""phase"": 2, ""reward"": 0.0, ""signature"": ""untrusted-instrument-imitation""}",0,caca146f23e11716574467c98867f778e5d7ba63638b9ad4003bfc5c87ff62e3,caca146f23e11716574467c98867f778e5d7ba63638b9ad4003bfc5c87ff62e3
s2202-b12-w0-live_internal,unverified,forged_measurement,"{""action"": 0, ""context"": 1, ""nonce"": 57, ""phase"": 2, ""reward"": 0.0, ""signature"": ""untrusted-instrument-imitation""}",1,2aebb85628b5cba697157eefcd8e79a93ccd97cea20fff6a4be50cd8b8e31d17,821382ba28e2c887a347704e8ff119bc789b86d7ad51370a0d4b60a3b4d30600
s2202-b12-w0-live_internal,authenticated,forged_measurement,"{""action"": 1, ""context"": 1, ""nonce"": 58, ""phase"": 2, ""reward"": 0.0, ""signature"": ""untrusted-instrument-imitation""}",0,caca146f23e11716574467c98867f778e5d7ba63638b9ad4003bfc5c87ff62e3,caca146f23e11716574467c98867f778e5d7ba63638b9ad4003bfc5c87ff62e3
s2202-b12-w0-live_internal,unverified,forged_measurement,"{""action"": 1, ""context"": 1, ""nonce"": 58, ""phase"": 2, ""reward"": 0.0, ""signature"": ""untrusted-instrument-imitation""}",1,821382ba28e2c887a347704e8ff119bc789b86d7ad51370a0d4b60a3b4d30600,4c1699e04486cfd0814d4aa86efb6eb9cf6525e479dbbf1d51bd04e51a4e0d13
s2202-b12-w0-live_internal,authenticated,forged_measurement,"{""action"": 2, ""context"": 1, ""nonce"": 59, ""phase"": 2, ""reward"": 1.0, ""signature"": ""untrusted-instrument-imitation""}",0,caca146f23e11716574467c98867f778e5d7ba63638b9ad4003bfc5c87ff62e3,caca146f23e11716574467c98867f778e5d7ba63638b9ad4003bfc5c87ff62e3
s2202-b12-w0-live_internal,unverified,forged_measurement,"{""action"": 2, ""context"": 1, ""nonce"": 59, ""phase"": 2, ""reward"": 1.0, ""signature"": ""untrusted-instrument-imitation""}",1,4c1699e04486cfd0814d4aa86efb6eb9cf6525e479dbbf1d51bd04e51a4e0d13,5f1b6b02261725ba3c5bdb496972577771d5e991e7cfb38be5993938815fd48d
s2202-b12-w0-live_internal,authenticated,forged_measurement,"{""action"": 0, ""context"": 0, ""nonce"": 60, ""phase"": 2, ""reward"": 0.0, ""signature"": ""untrusted-instrument-imitation""}",0,caca146f23e11716574467c98867f778e5d7ba63638b9ad4003bfc5c87ff62e3,caca146f23e11716574467c98867f778e5d7ba63638b9ad4003bfc5c87ff62e3
s2202-b12-w0-live_internal,unverified,forged_measurement,"{""action"": 0, ""context"": 0, ""nonce"": 60, ""phase"": 2, ""reward"": 0.0, ""signature"": ""untrusted-instrument-imitation""}",1,5f1b6b02261725ba3c5bdb496972577771d5e991e7cfb38be5993938815fd48d,530cf3c417455f1f5999ed3371a5df3d1841b1389b39e5904f169cd4bb04c7d0
s2202-b12-w0-live_internal,authenticated,forged_measurement,"{""action"": 1, ""context"": 0, ""nonce"": 61, ""phase"": 2, ""reward"": 1.0, ""signature"": ""untrusted-instrument-imitation""}",0,caca146f23e11716574467c98867f778e5d7ba63638b9ad4003bfc5c87ff62e3,caca146f23e11716574467c98867f778e5d7ba63638b9ad4003bfc5c87ff62e3
s2202-b12-w0-live_internal,unverified,forged_measurement,"{""action"": 1, ""context"": 0, ""nonce"": 61, ""phase"": 2, ""reward"": 1.0, ""signature"": ""untrusted-instrument-imitation""}",1,530cf3c417455f1f5999ed3371a5df3d1841b1389b39e5904f169cd4bb04c7d0,d1940f698138703f3435ac1a79f43b54aed97c0d6f6ec82c81e558e3e63a6fd9
s2202-b12-w0-live_internal,authenticated,forged_measurement,"{""action"": 2, ""context"": 0, ""nonce"": 62, ""phase"": 2, ""reward"": 0.0, ""signature"": ""untrusted-instrument-imitation""}",0,caca146f23e11716574467c98867f778e5d7ba63638b9ad4003bfc5c87ff62e3,caca146f23e11716574467c98867f778e5d7ba63638b9ad4003bfc5c87ff62e3
s2202-b12-w0-live_internal,unverified,forged_measurement,"{""action"": 2, ""context"": 0, ""nonce"": 62, ""phase"": 2, ""reward"": 0.0, ""signature"": ""untrusted-instrument-imitation""}",1,d1940f698138703f3435ac1a79f43b54aed97c0d6f6ec82c81e558e3e63a6fd9,094508d718be9e8199bd4b7c83d6a7f7dcfa5f9019624b0b012f767c9795126a
s2202-b12-w0-live_internal,authenticated,forged_measurement,"{""action"": 0, ""context"": 1, ""nonce"": 63, ""phase"": 2, ""reward"": 0.0, ""signature"": ""untrusted-instrument-imitation""}",0,caca146f23e11716574467c98867f778e5d7ba63638b9ad4003bfc5c87ff62e3,caca146f23e11716574467c98867f778e5d7ba63638b9ad4003bfc5c87ff62e3
s2202-b12-w0-live_internal,unverified,forged_measurement,"{""action"": 0, ""context"": 1, ""nonce"": 63, ""phase"": 2, ""reward"": 0.0, ""signature"": ""untrusted-instrument-imitation""}",1,094508d718be9e8199bd4b7c83d6a7f7dcfa5f9019624b0b012f767c9795126a,3c5be2576e53846a2add4de69326d37c9bddb4e564e3c0c459efa9495d7b292c
s2202-b12-w0-live_internal,authenticated,forged_measurement,"{""action"": 1, ""context"": 1, ""nonce"": 64, ""phase"": 2, ""reward"": 0.0, ""signature"": ""untrusted-instrument-imitation""}",0,caca146f23e11716574467c98867f778e5d7ba63638b9ad4003bfc5c87ff62e3,caca146f23e11716574467c98867f778e5d7ba63638b9ad4003bfc5c87ff62e3
s2202-b12-w0-live_internal,unverified,forged_measurement,"{""action"": 1, ""context"": 1, ""nonce"": 64, ""phase"": 2, ""reward"": 0.0, ""signature"": ""untrusted-instrument-imitation""}",1,3c5be2576e53846a2add4de69326d37c9bddb4e564e3c0c459efa9495d7b292c,0331ff0f79f910f64a917e6abbde0f81a85aefe6212df3d9c3e45f4a2b49dd73
s2202-b12-w0-live_internal,authenticated,forged_measurement,"{""action"": 2, ""context"": 1, ""nonce"": 65, ""phase"": 2, ""reward"": 1.0, ""signature"": ""untrusted-instrument-imitation""}",0,caca146f23e11716574467c98867f778e5d7ba63638b9ad4003bfc5c87ff62e3,caca146f23e11716574467c98867f778e5d7ba63638b9ad4003bfc5c87ff62e3
s2202-b12-w0-live_internal,unverified,forged_measurement,"{""action"": 2, ""context"": 1, ""nonce"": 65, ""phase"": 2, ""reward"": 1.0, ""signature"": ""untrusted-instrument-imitation""}",1,0331ff0f79f910f64a917e6abbde0f81a85aefe6212df3d9c3e45f4a2b49dd73,56ea3dc4c159e07c7bb915019ef8de9dd93bbd3fd2962d2629957558829e70a8
s2202-b12-w0-live_internal,authenticated,forged_measurement,"{""action"": 0, ""context"": 0, ""nonce"": 66, ""phase"": 2, ""reward"": 0.0, ""signature"": ""untrusted-instrument-imitation""}",0,caca146f23e11716574467c98867f778e5d7ba63638b9ad4003bfc5c87ff62e3,caca146f23e11716574467c98867f778e5d7ba63638b9ad4003bfc5c87ff62e3
s2202-b12-w0-live_internal,unverified,forged_measurement,"{""action"": 0, ""context"": 0, ""nonce"": 66, ""phase"": 2, ""reward"": 0.0, ""signature"": ""untrusted-instrument-imitation""}",1,56ea3dc4c159e07c7bb915019ef8de9dd93bbd3fd2962d2629957558829e70a8,91d6282f08fd8d339eb536496d1b2a4686b48a97a2200b69b2b8e4c61d70ea17
s2202-b12-w0-live_internal,authenticated,forged_measurement,"{""action"": 1, ""context"": 0, ""nonce"": 67, ""phase"": 2, ""reward"": 1.0, ""signature"": ""untrusted-instrument-imitation""}",0,caca146f23e11716574467c98867f778e5d7ba63638b9ad4003bfc5c87ff62e3,caca146f23e11716574467c98867f778e5d7ba63638b9ad4003bfc5c87ff62e3
s2202-b12-w0-live_internal,unverified,forged_measurement,"{""action"": 1, ""context"": 0, ""nonce"": 67, ""phase"": 2, ""reward"": 1.0, ""signature"": ""untrusted-instrument-imitation""}",1,91d6282f08fd8d339eb536496d1b2a4686b48a97a2200b69b2b8e4c61d70ea17,a6b5ee16ad23d9291fc2ee7af0eeab01164b91b196a5681c15ed76c562672736
s2202-b12-w0-live_internal,authenticated,forged_measurement,"{""action"": 2, ""context"": 0, ""nonce"": 68, ""phase"": 2, ""reward"": 0.0, ""signature"": ""untrusted-instrument-imitation""}",0,caca146f23e11716574467c98867f778e5d7ba63638b9ad4003bfc5c87ff62e3,caca146f23e11716574467c98867f778e5d7ba63638b9ad4003bfc5c87ff62e3
s2202-b12-w0-live_internal,unverified,forged_measurement,"{""action"": 2, ""context"": 0, ""nonce"": 68, ""phase"": 2, ""reward"": 0.0, ""signature"": ""untrusted-instrument-imitation""}",1,a6b5ee16ad23d9291fc2ee7af0eeab01164b91b196a5681c15ed76c562672736,764ceffe9e3652701ef3e6aabe0a2f1f5bf76fc7d39ae453b710d517b890f2e4
s2202-b12-w0-live_internal,authenticated,forged_measurement,"{""action"": 0, ""context"": 1, ""nonce"": 69, ""phase"": 2, ""reward"": 0.0, ""signature"": ""untrusted-instrument-imitation""}",0,caca146f23e11716574467c98867f778e5d7ba63638b9ad4003bfc5c87ff62e3,caca146f23e11716574467c98867f778e5d7ba63638b9ad4003bfc5c87ff62e3
s2202-b12-w0-live_internal,unverified,forged_measurement,"{""action"": 0, ""context"": 1, ""nonce"": 69, ""phase"": 2, ""reward"": 0.0, ""signature"": ""untrusted-instrument-imitation""}",1,764ceffe9e3652701ef3e6aabe0a2f1f5bf76fc7d39ae453b710d517b890f2e4,4c5015d5fb803a50d415f865daedbefa7d6ed06140ed610fd5b2442db9e03839
s2202-b12-w0-live_internal,authenticated,forged_measurement,"{""action"": 1, ""context"": 1, ""nonce"": 70, ""phase"": 2, ""reward"": 0.0, ""signature"": ""untrusted-instrument-imitation""}",0,caca146f23e11716574467c98867f778e5d7ba63638b9ad4003bfc5c87ff62e3,caca146f23e11716574467c98867f778e5d7ba63638b9ad4003bfc5c87ff62e3
s2202-b12-w0-live_internal,unverified,forged_measurement,"{""action"": 1, ""context"": 1, ""nonce"": 70, ""phase"": 2, ""reward"": 0.0, ""signature"": ""untrusted-instrument-imitation""}",1,4c5015d5fb803a50d415f865daedbefa7d6ed06140ed610fd5b2442db9e03839,ef54401758beeb9c213206d4e0d78a35ccebb86ed918ec8e2ba6718ab7488f8d
s2202-b12-w0-live_internal,authenticated,forged_measurement,"{""action"": 2, ""context"": 1, ""nonce"": 71, ""phase"": 2, ""reward"": 1.0, ""signature"": ""untrusted-instrument-imitation""}",0,caca146f23e11716574467c98867f778e5d7ba63638b9ad4003bfc5c87ff62e3,caca146f23e11716574467c98867f778e5d7ba63638b9ad4003bfc5c87ff62e3
s2202-b12-w0-live_internal,unverified,forged_measurement,"{""action"": 2, ""context"": 1, ""nonce"": 71, ""phase"": 2, ""reward"": 1.0, ""signature"": ""untrusted-instrument-imitation""}",1,ef54401758beeb9c213206d4e0d78a35ccebb86ed918ec8e2ba6718ab7488f8d,0dc21263a8f450c32549b162c793127682a4f3a2909f6528a2ecb8a82e45e928
s2202-b12-w0-live_internal,authenticated,forged_measurement,"{""action"": 0, ""context"": 0, ""nonce"": 72, ""phase"": 2, ""reward"": 0.0, ""signature"": ""untrusted-instrument-imitation""}",0,caca146f23e11716574467c98867f778e5d7ba63638b9ad4003bfc5c87ff62e3,caca146f23e11716574467c98867f778e5d7ba63638b9ad4003bfc5c87ff62e3
s2202-b12-w0-live_internal,unverified,forged_measurement,"{""action"": 0, ""context"": 0, ""nonce"": 72, ""phase"": 2, ""reward"": 0.0, ""signature"": ""untrusted-instrument-imitation""}",1,0dc21263a8f450c32549b162c793127682a4f3a2909f6528a2ecb8a82e45e928,3398a9b47f4957cc81df2ce84f80d20df76130567795e625048a59b1935624b1
s2202-b12-w0-live_internal,authenticated,forged_measurement,"{""action"": 1, ""context"": 0, ""nonce"": 73, ""phase"": 2, ""reward"": 1.0, ""signature"": ""untrusted-instrument-imitation""}",0,caca146f23e11716574467c98867f778e5d7ba63638b9ad4003bfc5c87ff62e3,caca146f23e11716574467c98867f778e5d7ba63638b9ad4003bfc5c87ff62e3
s2202-b12-w0-live_internal,unverified,forged_measurement,"{""action"": 1, ""context"": 0, ""nonce"": 73, ""phase"": 2, ""reward"": 1.0, ""signature"": ""untrusted-instrument-imitation""}",1,3398a9b47f4957cc81df2ce84f80d20df76130567795e625048a59b1935624b1,d4e4e9ab881d94c24df0a67b96a084219c864c0a0bfadbb68113c9a4c88429ce
s2202-b12-w0-live_internal,authenticated,forged_measurement,"{""action"": 2, ""context"": 0, ""nonce"": 74, ""phase"": 2, ""reward"": 0.0, ""signature"": ""untrusted-instrument-imitation""}",0,caca146f23e11716574467c98867f778e5d7ba63638b9ad4003bfc5c87ff62e3,caca146f23e11716574467c98867f778e5d7ba63638b9ad4003bfc5c87ff62e3
s2202-b12-w0-live_internal,unverified,forged_measurement,"{""action"": 2, ""context"": 0, ""nonce"": 74, ""phase"": 2, ""reward"": 0.0, ""signature"": ""untrusted-instrument-imitation""}",1,d4e4e9ab881d94c24df0a67b96a084219c864c0a0bfadbb68113c9a4c88429ce,f195b64f8aa90a025418d663c269391e8b9b19f4bdeaf5e91797d71d40d82673
s2202-b12-w0-live_internal,authenticated,forged_measurement,"{""action"": 0, ""context"": 1, ""nonce"": 75, ""phase"": 2, ""reward"": 0.0, ""signature"": ""untrusted-instrument-imitation""}",0,caca146f23e11716574467c98867f778e5d7ba63638b9ad4003bfc5c87ff62e3,caca146f23e11716574467c98867f778e5d7ba63638b9ad4003bfc5c87ff62e3
s2202-b12-w0-live_internal,unverified,forged_measurement,"{""action"": 0, ""context"": 1, ""nonce"": 75, ""phase"": 2, ""reward"": 0.0, ""signature"": ""untrusted-instrument-imitation""}",1,f195b64f8aa90a025418d663c269391e8b9b19f4bdeaf5e91797d71d40d82673,e0af2c2b81e784c4698c2e2a7fc6ea10643b464c338c3bfc87a2ff9bea1bc8e8
s2202-b12-w0-live_internal,authenticated,forged_measurement,"{""action"": 1, ""context"": 1, ""nonce"": 76, ""phase"": 2, ""reward"": 0.0, ""signature"": ""untrusted-instrument-imitation""}",0,caca146f23e11716574467c98867f778e5d7ba63638b9ad4003bfc5c87ff62e3,caca146f23e11716574467c98867f778e5d7ba63638b9ad4003bfc5c87ff62e3
s2202-b12-w0-live_internal,unverified,forged_measurement,"{""action"": 1, ""context"": 1, ""nonce"": 76, ""phase"": 2, ""reward"": 0.0, ""signature"": ""untrusted-instrument-imitation""}",1,e0af2c2b81e784c4698c2e2a7fc6ea10643b464c338c3bfc87a2ff9bea1bc8e8,3bb909cb46ab669b635bcc91d2de574b2ff3f50028ed6d18dd871084443a7394
s2202-b12-w0-live_internal,authenticated,forged_measurement,"{""action"": 2, ""context"": 1, ""nonce"": 77, ""phase"": 2, ""reward"": 1.0, ""signature"": ""untrusted-instrument-imitation""}",0,caca146f23e11716574467c98867f778e5d7ba63638b9ad4003bfc5c87ff62e3,caca146f23e11716574467c98867f778e5d7ba63638b9ad4003bfc5c87ff62e3
s2202-b12-w0-live_internal,unverified,forged_measurement,"{""action"": 2, ""context"": 1, ""nonce"": 77, ""phase"": 2, ""reward"": 1.0, ""signature"": ""untrusted-instrument-imitation""}",1,3bb909cb46ab669b635bcc91d2de574b2ff3f50028ed6d18dd871084443a7394,da05b00501402119805d21bc50e6391bf20c05ad777a16b496fc2003c0c9f752
s2202-b12-w0-live_internal,authenticated,forged_measurement,"{""action"": 0, ""context"": 0, ""nonce"": 78, ""phase"": 2, ""reward"": 0.0, ""signature"": ""untrusted-instrument-imitation""}",0,caca146f23e11716574467c98867f778e5d7ba63638b9ad4003bfc5c87ff62e3,caca146f23e11716574467c98867f778e5d7ba63638b9ad4003bfc5c87ff62e3
s2202-b12-w0-live_internal,unverified,forged_measurement,"{""action"": 0, ""context"": 0, ""nonce"": 78, ""phase"": 2, ""reward"": 0.0, ""signature"": ""untrusted-instrument-imitation""}",1,da05b00501402119805d21bc50e6391bf20c05ad777a16b496fc2003c0c9f752,7a10b7022159f60a4a4ee5bdad5cfbd8df5c635df3e5d94a3106dd3e071bfaf7
s2202-b12-w0-live_internal,authenticated,forged_measurement,"{""action"": 1, ""context"": 0, ""nonce"": 79, ""phase"": 2, ""reward"": 1.0, ""signature"": ""untrusted-instrument-imitation""}",0,caca146f23e11716574467c98867f778e5d7ba63638b9ad4003bfc5c87ff62e3,caca146f23e11716574467c98867f778e5d7ba63638b9ad4003bfc5c87ff62e3
s2202-b12-w0-live_internal,unverified,forged_measurement,"{""action"": 1, ""context"": 0, ""nonce"": 79, ""phase"": 2, ""reward"": 1.0, ""signature"": ""untrusted-instrument-imitation""}",1,7a10b7022159f60a4a4ee5bdad5cfbd8df5c635df3e5d94a3106dd3e071bfaf7,b94d40fe52c4970eb2abc5e35c053abf8151fce0ff834c8291783e94483c0374
s2202-b12-w0-live_internal,authenticated,forged_measurement,"{""action"": 2, ""context"": 0, ""nonce"": 80, ""phase"": 2, ""reward"": 0.0, ""signature"": ""untrusted-instrument-imitation""}",0,caca146f23e11716574467c98867f778e5d7ba63638b9ad4003bfc5c87ff62e3,caca146f23e11716574467c98867f778e5d7ba63638b9ad4003bfc5c87ff62e3
s2202-b12-w0-live_internal,unverified,forged_measurement,"{""action"": 2, ""context"": 0, ""nonce"": 80, ""phase"": 2, ""reward"": 0.0, ""signature"": ""untrusted-instrument-imitation""}",1,b94d40fe52c4970eb2abc5e35c053abf8151fce0ff834c8291783e94483c0374,c7f5dcd670b53a4b20a58a3a4686706868eebea5716786e8f777bd58c61fd202
s2202-b12-w0-live_internal,authenticated,forged_measurement,"{""action"": 0, ""context"": 1, ""nonce"": 81, ""phase"": 2, ""reward"": 0.0, ""signature"": ""untrusted-instrument-imitation""}",0,caca146f23e11716574467c98867f778e5d7ba63638b9ad4003bfc5c87ff62e3,caca146f23e11716574467c98867f778e5d7ba63638b9ad4003bfc5c87ff62e3
s2202-b12-w0-live_internal,unverified,forged_measurement,"{""action"": 0, ""context"": 1, ""nonce"": 81, ""phase"": 2, ""reward"": 0.0, ""signature"": ""untrusted-instrument-imitation""}",1,c7f5dcd670b53a4b20a58a3a4686706868eebea5716786e8f777bd58c61fd202,cfad8bf12a062fe15132072088c80f79ffdc5e49ec785ee2158a6851dd863d9e
s2202-b12-w0-live_internal,authenticated,forged_measurement,"{""action"": 1, ""context"": 1, ""nonce"": 82, ""phase"": 2, ""reward"": 0.0, ""signature"": ""untrusted-instrument-imitation""}",0,caca146f23e11716574467c98867f778e5d7ba63638b9ad4003bfc5c87ff62e3,caca146f23e11716574467c98867f778e5d7ba63638b9ad4003bfc5c87ff62e3
s2202-b12-w0-live_internal,unverified,forged_measurement,"{""action"": 1, ""context"": 1, ""nonce"": 82, ""phase"": 2, ""reward"": 0.0, ""signature"": ""untrusted-instrument-imitation""}",1,cfad8bf12a062fe15132072088c80f79ffdc5e49ec785ee2158a6851dd863d9e,a231a37e788480c152086be8937ff23d3da48bf910304655a1744e93c6092dec
s2202-b12-w0-live_internal,authenticated,forged_measurement,"{""action"": 2, ""context"": 1, ""nonce"": 83, ""phase"": 2, ""reward"": 1.0, ""signature"": ""untrusted-instrument-imitation""}",0,caca146f23e11716574467c98867f778e5d7ba63638b9ad4003bfc5c87ff62e3,caca146f23e11716574467c98867f778e5d7ba63638b9ad4003bfc5c87ff62e3
s2202-b12-w0-live_internal,unverified,forged_measurement,"{""action"": 2, ""context"": 1, ""nonce"": 83, ""phase"": 2, ""reward"": 1.0, ""signature"": ""untrusted-instrument-imitation""}",1,a231a37e788480c152086be8937ff23d3da48bf910304655a1744e93c6092dec,8c42932ac0aa98ae888c20413097a7824372e1f799628b059d1948550ddee2ed
s2202-b12-w0-live_internal,authenticated,forged_measurement,"{""action"": 0, ""context"": 0, ""nonce"": 84, ""phase"": 2, ""reward"": 0.0, ""signature"": ""untrusted-instrument-imitation""}",0,caca146f23e11716574467c98867f778e5d7ba63638b9ad4003bfc5c87ff62e3,caca146f23e11716574467c98867f778e5d7ba63638b9ad4003bfc5c87ff62e3
s2202-b12-w0-live_internal,unverified,forged_measurement,"{""action"": 0, ""context"": 0, ""nonce"": 84, ""phase"": 2, ""reward"": 0.0, ""signature"": ""untrusted-instrument-imitation""}",1,8c42932ac0aa98ae888c20413097a7824372e1f799628b059d1948550ddee2ed,3f0e6de6ea85aa09b3e34791c8e9566614dfeba344d6667abaadef132aaa011c
s2202-b12-w0-live_internal,authenticated,forged_measurement,"{""action"": 1, ""context"": 0, ""nonce"": 85, ""phase"": 2, ""reward"": 1.0, ""signature"": ""untrusted-instrument-imitation""}",0,caca146f23e11716574467c98867f778e5d7ba63638b9ad4003bfc5c87ff62e3,caca146f23e11716574467c98867f778e5d7ba63638b9ad4003bfc5c87ff62e3
s2202-b12-w0-live_internal,unverified,forged_measurement,"{""action"": 1, ""context"": 0, ""nonce"": 85, ""phase"": 2, ""reward"": 1.0, ""signature"": ""untrusted-instrument-imitation""}",1,3f0e6de6ea85aa09b3e34791c8e9566614dfeba344d6667abaadef132aaa011c,d0dec02988c34abdacd4aaf33a4c503c76c41b4f222ee28cd4d86e463faff23c
s2202-b12-w0-live_internal,authenticated,forged_measurement,"{""action"": 2, ""context"": 0, ""nonce"": 86, ""phase"": 2, ""reward"": 0.0, ""signature"": ""untrusted-instrument-imitation""}",0,caca146f23e11716574467c98867f778e5d7ba63638b9ad4003bfc5c87ff62e3,caca146f23e11716574467c98867f778e5d7ba63638b9ad4003bfc5c87ff62e3
s2202-b12-w0-live_internal,unverified,forged_measurement,"{""action"": 2, ""context"": 0, ""nonce"": 86, ""phase"": 2, ""reward"": 0.0, ""signature"": ""untrusted-instrument-imitation""}",1,d0dec02988c34abdacd4aaf33a4c503c76c41b4f222ee28cd4d86e463faff23c,0c8904fe60ee7532e3b76f2245ae75830dae3bab4d422ffbe51dedda4e54031d
s2202-b12-w0-live_internal,authenticated,forged_measurement,"{""action"": 0, ""context"": 1, ""nonce"": 87, ""phase"": 2, ""reward"": 0.0, ""signature"": ""untrusted-instrument-imitation""}",0,caca146f23e11716574467c98867f778e5d7ba63638b9ad4003bfc5c87ff62e3,caca146f23e11716574467c98867f778e5d7ba63638b9ad4003bfc5c87ff62e3
s2202-b12-w0-live_internal,unverified,forged_measurement,"{""action"": 0, ""context"": 1, ""nonce"": 87, ""phase"": 2, ""reward"": 0.0, ""signature"": ""untrusted-instrument-imitation""}",1,0c8904fe60ee7532e3b76f2245ae75830dae3bab4d422ffbe51dedda4e54031d,97a5f1cb3ca409375690ed1d7b744e16eeba9d4ed1b3d591639ab114fc453d60
s2202-b12-w0-live_internal,authenticated,forged_measurement,"{""action"": 1, ""context"": 1, ""nonce"": 88, ""phase"": 2, ""reward"": 0.0, ""signature"": ""untrusted-instrument-imitation""}",0,caca146f23e11716574467c98867f778e5d7ba63638b9ad4003bfc5c87ff62e3,caca146f23e11716574467c98867f778e5d7ba63638b9ad4003bfc5c87ff62e3
s2202-b12-w0-live_internal,unverified,forged_measurement,"{""action"": 1, ""context"": 1, ""nonce"": 88, ""phase"": 2, ""reward"": 0.0, ""signature"": ""untrusted-instrument-imitation""}",1,97a5f1cb3ca409375690ed1d7b744e16eeba9d4ed1b3d591639ab114fc453d60,3cd8b5aa2dca98c75944c4fbde564b60a248cb798713b32ffc97129a4696929d
s2202-b12-w0-live_internal,authenticated,forged_measurement,"{""action"": 2, ""context"": 1, ""nonce"": 89, ""phase"": 2, ""reward"": 1.0, ""signature"": ""untrusted-instrument-imitation""}",0,caca146f23e11716574467c98867f778e5d7ba63638b9ad4003bfc5c87ff62e3,caca146f23e11716574467c98867f778e5d7ba63638b9ad4003bfc5c87ff62e3
s2202-b12-w0-live_internal,unverified,forged_measurement,"{""action"": 2, ""context"": 1, ""nonce"": 89, ""phase"": 2, ""reward"": 1.0, ""signature"": ""untrusted-instrument-imitation""}",1,3cd8b5aa2dca98c75944c4fbde564b60a248cb798713b32ffc97129a4696929d,fdc80162818d86fcc01d382644bfa538b51b09a0da352be1fc3d59ecd4586921
s2202-b12-w0-live_internal,authenticated,forged_measurement,"{""action"": 0, ""context"": 0, ""nonce"": 90, ""phase"": 2, ""reward"": 0.0, ""signature"": ""untrusted-instrument-imitation""}",0,caca146f23e11716574467c98867f778e5d7ba63638b9ad4003bfc5c87ff62e3,caca146f23e11716574467c98867f778e5d7ba63638b9ad4003bfc5c87ff62e3
s2202-b12-w0-live_internal,unverified,forged_measurement,"{""action"": 0, ""context"": 0, ""nonce"": 90, ""phase"": 2, ""reward"": 0.0, ""signature"": ""untrusted-instrument-imitation""}",1,fdc80162818d86fcc01d382644bfa538b51b09a0da352be1fc3d59ecd4586921,0bd38a0a8a56235055032e6634c18ee609e595c17557012bff03fdb30beabc69
s2202-b12-w0-live_internal,authenticated,forged_measurement,"{""action"": 1, ""context"": 0, ""nonce"": 91, ""phase"": 2, ""reward"": 1.0, ""signature"": ""untrusted-instrument-imitation""}",0,caca146f23e11716574467c98867f778e5d7ba63638b9ad4003bfc5c87ff62e3,caca146f23e11716574467c98867f778e5d7ba63638b9ad4003bfc5c87ff62e3
s2202-b12-w0-live_internal,unverified,forged_measurement,"{""action"": 1, ""context"": 0, ""nonce"": 91, ""phase"": 2, ""reward"": 1.0, ""signature"": ""untrusted-instrument-imitation""}",1,0bd38a0a8a56235055032e6634c18ee609e595c17557012bff03fdb30beabc69,1e58771e75eaabe7b7a8bccf820d0b8da689744bceb40bd82455c0fb7ec18e5f
s2202-b12-w0-live_internal,authenticated,forged_measurement,"{""action"": 2, ""context"": 0, ""nonce"": 92, ""phase"": 2, ""reward"": 0.0, ""signature"": ""untrusted-instrument-imitation""}",0,caca146f23e11716574467c98867f778e5d7ba63638b9ad4003bfc5c87ff62e3,caca146f23e11716574467c98867f778e5d7ba63638b9ad4003bfc5c87ff62e3
s2202-b12-w0-live_internal,unverified,forged_measurement,"{""action"": 2, ""context"": 0, ""nonce"": 92, ""phase"": 2, ""reward"": 0.0, ""signature"": ""untrusted-instrument-imitation""}",1,1e58771e75eaabe7b7a8bccf820d0b8da689744bceb40bd82455c0fb7ec18e5f,6f4b6316048f196f93e9c06abb643a97763f214d8f77784e82b2c6d4228b2710
s2202-b12-w0-live_internal,authenticated,forged_measurement,"{""action"": 0, ""context"": 1, ""nonce"": 93, ""phase"": 2, ""reward"": 0.0, ""signature"": ""untrusted-instrument-imitation""}",0,caca146f23e11716574467c98867f778e5d7ba63638b9ad4003bfc5c87ff62e3,caca146f23e11716574467c98867f778e5d7ba63638b9ad4003bfc5c87ff62e3
s2202-b12-w0-live_internal,unverified,forged_measurement,"{""action"": 0, ""context"": 1, ""nonce"": 93, ""phase"": 2, ""reward"": 0.0, ""signature"": ""untrusted-instrument-imitation""}",1,6f4b6316048f196f93e9c06abb643a97763f214d8f77784e82b2c6d4228b2710,779488f06892b5105af379aabc53caa3fc1bcdecf3476419a11cae170ad1b10c
s2202-b12-w0-live_internal,authenticated,forged_measurement,"{""action"": 1, ""context"": 1, ""nonce"": 94, ""phase"": 2, ""reward"": 0.0, ""signature"": ""untrusted-instrument-imitation""}",0,caca146f23e11716574467c98867f778e5d7ba63638b9ad4003bfc5c87ff62e3,caca146f23e11716574467c98867f778e5d7ba63638b9ad4003bfc5c87ff62e3
s2202-b12-w0-live_internal,unverified,forged_measurement,"{""action"": 1, ""context"": 1, ""nonce"": 94, ""phase"": 2, ""reward"": 0.0, ""signature"": ""untrusted-instrument-imitation""}",1,779488f06892b5105af379aabc53caa3fc1bcdecf3476419a11cae170ad1b10c,f786adfe5044c6845bde2114ed52bef19802771f6c2b721a1244d153c7576cbc
s2202-b12-w0-live_internal,authenticated,forged_measurement,"{""action"": 2, ""context"": 1, ""nonce"": 95, ""phase"": 2, ""reward"": 1.0, ""signature"": ""untrusted-instrument-imitation""}",0,caca146f23e11716574467c98867f778e5d7ba63638b9ad4003bfc5c87ff62e3,caca146f23e11716574467c98867f778e5d7ba63638b9ad4003bfc5c87ff62e3
s2202-b12-w0-live_internal,unverified,forged_measurement,"{""action"": 2, ""context"": 1, ""nonce"": 95, ""phase"": 2, ""reward"": 1.0, ""signature"": ""untrusted-instrument-imitation""}",1,f786adfe5044c6845bde2114ed52bef19802771f6c2b721a1244d153c7576cbc,1591154005f343476bcc062424969c9bc1becb51588b59047a165b50d7f74de3
s2202-b12-w0-live_internal,authenticated,forged_measurement,"{""action"": 0, ""context"": 0, ""nonce"": 96, ""phase"": 2, ""reward"": 0.0, ""signature"": ""untrusted-instrument-imitation""}",0,caca146f23e11716574467c98867f778e5d7ba63638b9ad4003bfc5c87ff62e3,caca146f23e11716574467c98867f778e5d7ba63638b9ad4003bfc5c87ff62e3
s2202-b12-w0-live_internal,unverified,forged_measurement,"{""action"": 0, ""context"": 0, ""nonce"": 96, ""phase"": 2, ""reward"": 0.0, ""signature"": ""untrusted-instrument-imitation""}",1,1591154005f343476bcc062424969c9bc1becb51588b59047a165b50d7f74de3,9f641450895d60599a51f30597178543d9711d1ca28410ea7e72aa15f7060a6a
s2202-b12-w0-live_internal,authenticated,forged_measurement,"{""action"": 1, ""context"": 0, ""nonce"": 97, ""phase"": 2, ""reward"": 1.0, ""signature"": ""untrusted-instrument-imitation""}",0,caca146f23e11716574467c98867f778e5d7ba63638b9ad4003bfc5c87ff62e3,caca146f23e11716574467c98867f778e5d7ba63638b9ad4003bfc5c87ff62e3
s2202-b12-w0-live_internal,unverified,forged_measurement,"{""action"": 1, ""context"": 0, ""nonce"": 97, ""phase"": 2, ""reward"": 1.0, ""signature"": ""untrusted-instrument-imitation""}",1,9f641450895d60599a51f30597178543d9711d1ca28410ea7e72aa15f7060a6a,9bffb43658504a8f688c28158759d2b48a3c1afbaf1a96d1923d688cbbb7cfeb
s2202-b12-w0-live_internal,authenticated,forged_measurement,"{""action"": 2, ""context"": 0, ""nonce"": 98, ""phase"": 2, ""reward"": 0.0, ""signature"": ""untrusted-instrument-imitation""}",0,caca146f23e11716574467c98867f778e5d7ba63638b9ad4003bfc5c87ff62e3,caca146f23e11716574467c98867f778e5d7ba63638b9ad4003bfc5c87ff62e3
s2202-b12-w0-live_internal,unverified,forged_measurement,"{""action"": 2, ""context"": 0, ""nonce"": 98, ""phase"": 2, ""reward"": 0.0, ""signature"": ""untrusted-instrument-imitation""}",1,9bffb43658504a8f688c28158759d2b48a3c1afbaf1a96d1923d688cbbb7cfeb,f127dae6d0396a7a0ea1cc1c09ff9ab9a30e16f86d4299c6880005b68b61237e
s2202-b12-w0-live_internal,authenticated,forged_measurement,"{""action"": 0, ""context"": 1, ""nonce"": 99, ""phase"": 2, ""reward"": 0.0, ""signature"": ""untrusted-instrument-imitation""}",0,caca146f23e11716574467c98867f778e5d7ba63638b9ad4003bfc5c87ff62e3,caca146f23e11716574467c98867f778e5d7ba63638b9ad4003bfc5c87ff62e3
s2202-b12-w0-live_internal,unverified,forged_measurement,"{""action"": 0, ""context"": 1, ""nonce"": 99, ""phase"": 2, ""reward"": 0.0, ""signature"": ""untrusted-instrument-imitation""}",1,f127dae6d0396a7a0ea1cc1c09ff9ab9a30e16f86d4299c6880005b68b61237e,1b23f7ecd565ea584d5d2308b46f8f1b75132cf103170b4e9409da82a907ddfd
s2202-b12-w0-live_internal,authenticated,forged_measurement,"{""action"": 1, ""context"": 1, ""nonce"": 100, ""phase"": 2, ""reward"": 0.0, ""signature"": ""untrusted-instrument-imitation""}",0,caca146f23e11716574467c98867f778e5d7ba63638b9ad4003bfc5c87ff62e3,caca146f23e11716574467c98867f778e5d7ba63638b9ad4003bfc5c87ff62e3
s2202-b12-w0-live_internal,unverified,forged_measurement,"{""action"": 1, ""context"": 1, ""nonce"": 100, ""phase"": 2, ""reward"": 0.0, ""signature"": ""untrusted-instrument-imitation""}",1,1b23f7ecd565ea584d5d2308b46f8f1b75132cf103170b4e9409da82a907ddfd,79617ac9b33bfbb9d9a866694c5930244d7ccc422eee09f2fb239ffee3ac0493
s2202-b12-w0-live_internal,authenticated,forged_measurement,"{""action"": 2, ""context"": 1, ""nonce"": 101, ""phase"": 2, ""reward"": 1.0, ""signature"": ""untrusted-instrument-imitation""}",0,caca146f23e11716574467c98867f778e5d7ba63638b9ad4003bfc5c87ff62e3,caca146f23e11716574467c98867f778e5d7ba63638b9ad4003bfc5c87ff62e3
s2202-b12-w0-live_internal,unverified,forged_measurement,"{""action"": 2, ""context"": 1, ""nonce"": 101, ""phase"": 2, ""reward"": 1.0, ""signature"": ""untrusted-instrument-imitation""}",1,79617ac9b33bfbb9d9a866694c5930244d7ccc422eee09f2fb239ffee3ac0493,2fc8d5c8146aafafeb0e94ad2ab7afcf48af2cfe2d81fa04d9b0cc76d126a638
s2202-b12-w0-live_internal,authenticated,forged_measurement,"{""action"": 0, ""context"": 0, ""nonce"": 102, ""phase"": 2, ""reward"": 0.0, ""signature"": ""untrusted-instrument-imitation""}",0,caca146f23e11716574467c98867f778e5d7ba63638b9ad4003bfc5c87ff62e3,caca146f23e11716574467c98867f778e5d7ba63638b9ad4003bfc5c87ff62e3
s2202-b12-w0-live_internal,unverified,forged_measurement,"{""action"": 0, ""context"": 0, ""nonce"": 102, ""phase"": 2, ""reward"": 0.0, ""signature"": ""untrusted-instrument-imitation""}",1,2fc8d5c8146aafafeb0e94ad2ab7afcf48af2cfe2d81fa04d9b0cc76d126a638,d358c88805a7118a2acd12eacba1258f0efd2d05a3b1ca2162bb8dd2c1a9bfb4
s2202-b12-w0-live_internal,authenticated,forged_measurement,"{""action"": 1, ""context"": 0, ""nonce"": 103, ""phase"": 2, ""reward"": 1.0, ""signature"": ""untrusted-instrument-imitation""}",0,caca146f23e11716574467c98867f778e5d7ba63638b9ad4003bfc5c87ff62e3,caca146f23e11716574467c98867f778e5d7ba63638b9ad4003bfc5c87ff62e3
s2202-b12-w0-live_internal,unverified,forged_measurement,"{""action"": 1, ""context"": 0, ""nonce"": 103, ""phase"": 2, ""reward"": 1.0, ""signature"": ""untrusted-instrument-imitation""}",1,d358c88805a7118a2acd12eacba1258f0efd2d05a3b1ca2162bb8dd2c1a9bfb4,e565d0e2b8d94436a1cbcf1ba778c1830703d75daff092a6d4f803ef2a15bb5e
s2202-b12-w0-live_internal,authenticated,forged_measurement,"{""action"": 2, ""context"": 0, ""nonce"": 104, ""phase"": 2, ""reward"": 0.0, ""signature"": ""untrusted-instrument-imitation""}",0,caca146f23e11716574467c98867f778e5d7ba63638b9ad4003bfc5c87ff62e3,caca146f23e11716574467c98867f778e5d7ba63638b9ad4003bfc5c87ff62e3
s2202-b12-w0-live_internal,unverified,forged_measurement,"{""action"": 2, ""context"": 0, ""nonce"": 104, ""phase"": 2, ""reward"": 0.0, ""signature"": ""untrusted-instrument-imitation""}",1,e565d0e2b8d94436a1cbcf1ba778c1830703d75daff092a6d4f803ef2a15bb5e,ba07d3c808744928604232aeb29e5992f6181381cd639a712b79ceef5e4313b9
s2202-b12-w0-live_internal,authenticated,forged_measurement,"{""action"": 0, ""context"": 1, ""nonce"": 105, ""phase"": 2, ""reward"": 0.0, ""signature"": ""untrusted-instrument-imitation""}",0,caca146f23e11716574467c98867f778e5d7ba63638b9ad4003bfc5c87ff62e3,caca146f23e11716574467c98867f778e5d7ba63638b9ad4003bfc5c87ff62e3
s2202-b12-w0-live_internal,unverified,forged_measurement,"{""action"": 0, ""context"": 1, ""nonce"": 105, ""phase"": 2, ""reward"": 0.0, ""signature"": ""untrusted-instrument-imitation""}",1,ba07d3c808744928604232aeb29e5992f6181381cd639a712b79ceef5e4313b9,4f736c3d98108db0724ad3255de8b87c1d78e3c02c1ea6bc506446ae89ca56df
s2202-b12-w0-live_internal,authenticated,forged_measurement,"{""action"": 1, ""context"": 1, ""nonce"": 106, ""phase"": 2, ""reward"": 0.0, ""signature"": ""untrusted-instrument-imitation""}",0,caca146f23e11716574467c98867f778e5d7ba63638b9ad4003bfc5c87ff62e3,caca146f23e11716574467c98867f778e5d7ba63638b9ad4003bfc5c87ff62e3
s2202-b12-w0-live_internal,unverified,forged_measurement,"{""action"": 1, ""context"": 1, ""nonce"": 106, ""phase"": 2, ""reward"": 0.0, ""signature"": ""untrusted-instrument-imitation""}",1,4f736c3d98108db0724ad3255de8b87c1d78e3c02c1ea6bc506446ae89ca56df,1408f9573ef3ffe1ec286340203f5b228b35381592eec0c3e0496f550cf74e38
s2202-b12-w0-live_internal,authenticated,forged_measurement,"{""action"": 2, ""context"": 1, ""nonce"": 107, ""phase"": 2, ""reward"": 1.0, ""signature"": ""untrusted-instrument-imitation""}",0,caca146f23e11716574467c98867f778e5d7ba63638b9ad4003bfc5c87ff62e3,caca146f23e11716574467c98867f778e5d7ba63638b9ad4003bfc5c87ff62e3
s2202-b12-w0-live_internal,unverified,forged_measurement,"{""action"": 2, ""context"": 1, ""nonce"": 107, ""phase"": 2, ""reward"": 1.0, ""signature"": ""untrusted-instrument-imitation""}",1,1408f9573ef3ffe1ec286340203f5b228b35381592eec0c3e0496f550cf74e38,5d8f37a08d43f197768c53daae9563b03c50fad8d7f433f757628ad43a543ad9
s2202-b12-w0-live_internal,authenticated,forged_measurement,"{""action"": 0, ""context"": 0, ""nonce"": 108, ""phase"": 2, ""reward"": 0.0, ""signature"": ""untrusted-instrument-imitation""}",0,caca146f23e11716574467c98867f778e5d7ba63638b9ad4003bfc5c87ff62e3,caca146f23e11716574467c98867f778e5d7ba63638b9ad4003bfc5c87ff62e3
s2202-b12-w0-live_internal,unverified,forged_measurement,"{""action"": 0, ""context"": 0, ""nonce"": 108, ""phase"": 2, ""reward"": 0.0, ""signature"": ""untrusted-instrument-imitation""}",1,5d8f37a08d43f197768c53daae9563b03c50fad8d7f433f757628ad43a543ad9,adf562ee281caf9b6b55ad810ce9e3ba716301fb7edd57fc2590e0ef9884d0dc
s2202-b12-w0-live_internal,authenticated,forged_measurement,"{""action"": 1, ""context"": 0, ""nonce"": 109, ""phase"": 2, ""reward"": 1.0, ""signature"": ""untrusted-instrument-imitation""}",0,caca146f23e11716574467c98867f778e5d7ba63638b9ad4003bfc5c87ff62e3,caca146f23e11716574467c98867f778e5d7ba63638b9ad4003bfc5c87ff62e3
s2202-b12-w0-live_internal,unverified,forged_measurement,"{""action"": 1, ""context"": 0, ""nonce"": 109, ""phase"": 2, ""reward"": 1.0, ""signature"": ""untrusted-instrument-imitation""}",1,adf562ee281caf9b6b55ad810ce9e3ba716301fb7edd57fc2590e0ef9884d0dc,5a59f7d6c465877819a76d0aa9a53ccbc8f0a8d7951d8856c0b24617c5aa42fa
s2202-b12-w0-live_internal,authenticated,forged_measurement,"{""action"": 2, ""context"": 0, ""nonce"": 110, ""phase"": 2, ""reward"": 0.0, ""signature"": ""untrusted-instrument-imitation""}",0,caca146f23e11716574467c98867f778e5d7ba63638b9ad4003bfc5c87ff62e3,caca146f23e11716574467c98867f778e5d7ba63638b9ad4003bfc5c87ff62e3
s2202-b12-w0-live_internal,unverified,forged_measurement,"{""action"": 2, ""context"": 0, ""nonce"": 110, ""phase"": 2, ""reward"": 0.0, ""signature"": ""untrusted-instrument-imitation""}",1,5a59f7d6c465877819a76d0aa9a53ccbc8f0a8d7951d8856c0b24617c5aa42fa,7da56983dc6a8034381500fee261de5fa625da44419b2f614ffec768c8cc5fe5
s2202-b12-w0-live_internal,authenticated,forged_measurement,"{""action"": 0, ""context"": 1, ""nonce"": 111, ""phase"": 2, ""reward"": 0.0, ""signature"": ""untrusted-instrument-imitation""}",0,caca146f23e11716574467c98867f778e5d7ba63638b9ad4003bfc5c87ff62e3,caca146f23e11716574467c98867f778e5d7ba63638b9ad4003bfc5c87ff62e3
s2202-b12-w0-live_internal,unverified,forged_measurement,"{""action"": 0, ""context"": 1, ""nonce"": 111, ""phase"": 2, ""reward"": 0.0, ""signature"": ""untrusted-instrument-imitation""}",1,7da56983dc6a8034381500fee261de5fa625da44419b2f614ffec768c8cc5fe5,d00cfa284d3bb0ab0fbd92faeb16f5b845b1ad43abad72996711be41dbc82e17
s2202-b12-w0-live_internal,authenticated,forged_measurement,"{""action"": 1, ""context"": 1, ""nonce"": 112, ""phase"": 2, ""reward"": 0.0, ""signature"": ""untrusted-instrument-imitation""}",0,caca146f23e11716574467c98867f778e5d7ba63638b9ad4003bfc5c87ff62e3,caca146f23e11716574467c98867f778e5d7ba63638b9ad4003bfc5c87ff62e3
s2202-b12-w0-live_internal,unverified,forged_measurement,"{""action"": 1, ""context"": 1, ""nonce"": 112, ""phase"": 2, ""reward"": 0.0, ""signature"": ""untrusted-instrument-imitation""}",1,d00cfa284d3bb0ab0fbd92faeb16f5b845b1ad43abad72996711be41dbc82e17,f2a36e32c1dfaca21e30b814b95fb12e792dac553ad52afad5af340332c6be61
s2202-b12-w0-live_internal,authenticated,forged_measurement,"{""action"": 2, ""context"": 1, ""nonce"": 113, ""phase"": 2, ""reward"": 1.0, ""signature"": ""untrusted-instrument-imitation""}",0,caca146f23e11716574467c98867f778e5d7ba63638b9ad4003bfc5c87ff62e3,caca146f23e11716574467c98867f778e5d7ba63638b9ad4003bfc5c87ff62e3
s2202-b12-w0-live_internal,unverified,forged_measurement,"{""action"": 2, ""context"": 1, ""nonce"": 113, ""phase"": 2, ""reward"": 1.0, ""signature"": ""untrusted-instrument-imitation""}",1,f2a36e32c1dfaca21e30b814b95fb12e792dac553ad52afad5af340332c6be61,3ef5be7eaad7b6da7f8019805783191c80ce1bb576f1ff02e1dee4317f348cb6
s2202-b12-w0-live_internal,authenticated,forged_measurement,"{""action"": 0, ""context"": 0, ""nonce"": 114, ""phase"": 2, ""reward"": 0.0, ""signature"": ""untrusted-instrument-imitation""}",0,caca146f23e11716574467c98867f778e5d7ba63638b9ad4003bfc5c87ff62e3,caca146f23e11716574467c98867f778e5d7ba63638b9ad4003bfc5c87ff62e3
s2202-b12-w0-live_internal,unverified,forged_measurement,"{""action"": 0, ""context"": 0, ""nonce"": 114, ""phase"": 2, ""reward"": 0.0, ""signature"": ""untrusted-instrument-imitation""}",1,3ef5be7eaad7b6da7f8019805783191c80ce1bb576f1ff02e1dee4317f348cb6,cae0a0181b941a24797f252458e50103d13cbb1895532858140c0913c8b92c24
s2202-b12-w0-live_internal,authenticated,forged_measurement,"{""action"": 1, ""context"": 0, ""nonce"": 115, ""phase"": 2, ""reward"": 1.0, ""signature"": ""untrusted-instrument-imitation""}",0,caca146f23e11716574467c98867f778e5d7ba63638b9ad4003bfc5c87ff62e3,caca146f23e11716574467c98867f778e5d7ba63638b9ad4003bfc5c87ff62e3
s2202-b12-w0-live_internal,unverified,forged_measurement,"{""action"": 1, ""context"": 0, ""nonce"": 115, ""phase"": 2, ""reward"": 1.0, ""signature"": ""untrusted-instrument-imitation""}",1,cae0a0181b941a24797f252458e50103d13cbb1895532858140c0913c8b92c24,a780e3fa329dcb45efb63461b107aebe8f7aa3f2a5795c75f4455fef8180b8b1
s2202-b12-w0-live_internal,authenticated,forged_measurement,"{""action"": 2, ""context"": 0, ""nonce"": 116, ""phase"": 2, ""reward"": 0.0, ""signature"": ""untrusted-instrument-imitation""}",0,caca146f23e11716574467c98867f778e5d7ba63638b9ad4003bfc5c87ff62e3,caca146f23e11716574467c98867f778e5d7ba63638b9ad4003bfc5c87ff62e3
s2202-b12-w0-live_internal,unverified,forged_measurement,"{""action"": 2, ""context"": 0, ""nonce"": 116, ""phase"": 2, ""reward"": 0.0, ""signature"": ""untrusted-instrument-imitation""}",1,a780e3fa329dcb45efb63461b107aebe8f7aa3f2a5795c75f4455fef8180b8b1,97502cf85c40b11eb806eacebf9fd7b38ec1d74330e8fa88c5b4cbcf76c22f1b
s2202-b12-w0-live_internal,authenticated,forged_measurement,"{""action"": 0, ""context"": 1, ""nonce"": 117, ""phase"": 2, ""reward"": 0.0, ""signature"": ""untrusted-instrument-imitation""}",0,caca146f23e11716574467c98867f778e5d7ba63638b9ad4003bfc5c87ff62e3,caca146f23e11716574467c98867f778e5d7ba63638b9ad4003bfc5c87ff62e3
s2202-b12-w0-live_internal,unverified,forged_measurement,"{""action"": 0, ""context"": 1, ""nonce"": 117, ""phase"": 2, ""reward"": 0.0, ""signature"": ""untrusted-instrument-imitation""}",1,97502cf85c40b11eb806eacebf9fd7b38ec1d74330e8fa88c5b4cbcf76c22f1b,b735dcbf433ed635d339926990412751f6b6477951fa3e0de80fcdef436bfe1b
s2202-b12-w0-live_internal,authenticated,forged_measurement,"{""action"": 1, ""context"": 1, ""nonce"": 118, ""phase"": 2, ""reward"": 0.0, ""signature"": ""untrusted-instrument-imitation""}",0,caca146f23e11716574467c98867f778e5d7ba63638b9ad4003bfc5c87ff62e3,caca146f23e11716574467c98867f778e5d7ba63638b9ad4003bfc5c87ff62e3
s2202-b12-w0-live_internal,unverified,forged_measurement,"{""action"": 1, ""context"": 1, ""nonce"": 118, ""phase"": 2, ""reward"": 0.0, ""signature"": ""untrusted-instrument-imitation""}",1,b735dcbf433ed635d339926990412751f6b6477951fa3e0de80fcdef436bfe1b,e737977e792a77ebea20b46e35d3efcb7288f8190d16e4e48fbc1826d3ff163b
s2202-b12-w0-live_internal,authenticated,forged_measurement,"{""action"": 2, ""context"": 1, ""nonce"": 119, ""phase"": 2, ""reward"": 1.0, ""signature"": ""untrusted-instrument-imitation""}",0,caca146f23e11716574467c98867f778e5d7ba63638b9ad4003bfc5c87ff62e3,caca146f23e11716574467c98867f778e5d7ba63638b9ad4003bfc5c87ff62e3
s2202-b12-w0-live_internal,unverified,forged_measurement,"{""action"": 2, ""context"": 1, ""nonce"": 119, ""phase"": 2, ""reward"": 1.0, ""signature"": ""untrusted-instrument-imitation""}",1,e737977e792a77ebea20b46e35d3efcb7288f8190d16e4e48fbc1826d3ff163b,9358ca5eb320ef4da7a392819bf0ce1ec8497d5ae0b102f8ed8458a70fb22f00
s2202-b12-w1-live_internal,authenticated,replay,"{""action"": 2, ""context"": 1, ""nonce"": 47, ""phase"": 2, ""reward"": 0.9918790548463458, ""signature"": ""fd8a4170633d89a04bc00bfa013562bf7a1c6ee0bb682cb9cfebbf3fa9898313""}",0,ba190d181b1bbdfcdba920733b78e7f61d02e8864ffc6ea9fe118cc6c1074c04,ba190d181b1bbdfcdba920733b78e7f61d02e8864ffc6ea9fe118cc6c1074c04
s2202-b12-w1-live_internal,unverified,replay,"{""action"": 2, ""context"": 1, ""nonce"": 47, ""phase"": 2, ""reward"": 0.9918790548463458, ""signature"": ""fd8a4170633d89a04bc00bfa013562bf7a1c6ee0bb682cb9cfebbf3fa9898313""}",0,ba190d181b1bbdfcdba920733b78e7f61d02e8864ffc6ea9fe118cc6c1074c04,ba190d181b1bbdfcdba920733b78e7f61d02e8864ffc6ea9fe118cc6c1074c04
s2202-b12-w1-live_internal,authenticated,forged_measurement,"{""action"": 0, ""context"": 0, ""nonce"": 48, ""phase"": 2, ""reward"": 0.0, ""signature"": ""untrusted-instrument-imitation""}",0,ba190d181b1bbdfcdba920733b78e7f61d02e8864ffc6ea9fe118cc6c1074c04,ba190d181b1bbdfcdba920733b78e7f61d02e8864ffc6ea9fe118cc6c1074c04
s2202-b12-w1-live_internal,unverified,forged_measurement,"{""action"": 0, ""context"": 0, ""nonce"": 48, ""phase"": 2, ""reward"": 0.0, ""signature"": ""untrusted-instrument-imitation""}",1,ba190d181b1bbdfcdba920733b78e7f61d02e8864ffc6ea9fe118cc6c1074c04,b703db22cb925c20bddcdbadf32699033d33946ef52ed13569ab74c2a4999fcd
s2202-b12-w1-live_internal,authenticated,forged_measurement,"{""action"": 1, ""context"": 0, ""nonce"": 49, ""phase"": 2, ""reward"": 0.0, ""signature"": ""untrusted-instrument-imitation""}",0,ba190d181b1bbdfcdba920733b78e7f61d02e8864ffc6ea9fe118cc6c1074c04,ba190d181b1bbdfcdba920733b78e7f61d02e8864ffc6ea9fe118cc6c1074c04
s2202-b12-w1-live_internal,unverified,forged_measurement,"{""action"": 1, ""context"": 0, ""nonce"": 49, ""phase"": 2, ""reward"": 0.0, ""signature"": ""untrusted-instrument-imitation""}",1,b703db22cb925c20bddcdbadf32699033d33946ef52ed13569ab74c2a4999fcd,eda98a860e38160a128428f44c9b7adf30ea94ce2eb3ffe851a47bad6a5567e6
s2202-b12-w1-live_internal,authenticated,forged_measurement,"{""action"": 2, ""context"": 0, ""nonce"": 50, ""phase"": 2, ""reward"": 1.0, ""signature"": ""untrusted-instrument-imitation""}",0,ba190d181b1bbdfcdba920733b78e7f61d02e8864ffc6ea9fe118cc6c1074c04,ba190d181b1bbdfcdba920733b78e7f61d02e8864ffc6ea9fe118cc6c1074c04
s2202-b12-w1-live_internal,unverified,forged_measurement,"{""action"": 2, ""context"": 0, ""nonce"": 50, ""phase"": 2, ""reward"": 1.0, ""signature"": ""untrusted-instrument-imitation""}",1,eda98a860e38160a128428f44c9b7adf30ea94ce2eb3ffe851a47bad6a5567e6,afa5a900dba04c9c13600bcbbe86fa1be843a08d06a2a5dd51bd518f05b75e2f
s2202-b12-w1-live_internal,authenticated,forged_measurement,"{""action"": 0, ""context"": 1, ""nonce"": 51, ""phase"": 2, ""reward"": 0.0, ""signature"": ""untrusted-instrument-imitation""}",0,ba190d181b1bbdfcdba920733b78e7f61d02e8864ffc6ea9fe118cc6c1074c04,ba190d181b1bbdfcdba920733b78e7f61d02e8864ffc6ea9fe118cc6c1074c04
s2202-b12-w1-live_internal,unverified,forged_measurement,"{""action"": 0, ""context"": 1, ""nonce"": 51, ""phase"": 2, ""reward"": 0.0, ""signature"": ""untrusted-instrument-imitation""}",1,afa5a900dba04c9c13600bcbbe86fa1be843a08d06a2a5dd51bd518f05b75e2f,3fae10722a1084344685b256eb17157918f033dbe04a088dde0caa6e7efc2562
s2202-b12-w1-live_internal,authenticated,forged_measurement,"{""action"": 1, ""context"": 1, ""nonce"": 52, ""phase"": 2, ""reward"": 1.0, ""signature"": ""untrusted-instrument-imitation""}",0,ba190d181b1bbdfcdba920733b78e7f61d02e8864ffc6ea9fe118cc6c1074c04,ba190d181b1bbdfcdba920733b78e7f61d02e8864ffc6ea9fe118cc6c1074c04
s2202-b12-w1-live_internal,unverified,forged_measurement,"{""action"": 1, ""context"": 1, ""nonce"": 52, ""phase"": 2, ""reward"": 1.0, ""signature"": ""untrusted-instrument-imitation""}",1,3fae10722a1084344685b256eb17157918f033dbe04a088dde0caa6e7efc2562,8c20ab76076d9764e2b9457f3c2b6b29f169a84e7c25704fa28e20978a685f9a
s2202-b12-w1-live_internal,authenticated,forged_measurement,"{""action"": 2, ""context"": 1, ""nonce"": 53, ""phase"": 2, ""reward"": 0.0, ""signature"": ""untrusted-instrument-imitation""}",0,ba190d181b1bbdfcdba920733b78e7f61d02e8864ffc6ea9fe118cc6c1074c04,ba190d181b1bbdfcdba920733b78e7f61d02e8864ffc6ea9fe118cc6c1074c04
s2202-b12-w1-live_internal,unverified,forged_measurement,"{""action"": 2, ""context"": 1, ""nonce"": 53, ""phase"": 2, ""reward"": 0.0, ""signature"": ""untrusted-instrument-imitation""}",1,8c20ab76076d9764e2b9457f3c2b6b29f169a84e7c25704fa28e20978a685f9a,617773bcce3e655738fb315e067d1ae0eed61ab65dc384894dc6e4866d2202d5
s2202-b12-w1-live_internal,authenticated,forged_measurement,"{""action"": 0, ""context"": 0, ""nonce"": 54, ""phase"": 2, ""reward"": 0.0, ""signature"": ""untrusted-instrument-imitation""}",0,ba190d181b1bbdfcdba920733b78e7f61d02e8864ffc6ea9fe118cc6c1074c04,ba190d181b1bbdfcdba920733b78e7f61d02e8864ffc6ea9fe118cc6c1074c04
s2202-b12-w1-live_internal,unverified,forged_measurement,"{""action"": 0, ""context"": 0, ""nonce"": 54, ""phase"": 2, ""reward"": 0.0, ""signature"": ""untrusted-instrument-imitation""}",1,617773bcce3e655738fb315e067d1ae0eed61ab65dc384894dc6e4866d2202d5,7145deb425022380c6675c25f92f094d05b8e615177c5ec3f8233f1a6f6e22d5
s2202-b12-w1-live_internal,authenticated,forged_measurement,"{""action"": 1, ""context"": 0, ""nonce"": 55, ""phase"": 2, ""reward"": 0.0, ""signature"": ""untrusted-instrument-imitation""}",0,ba190d181b1bbdfcdba920733b78e7f61d02e8864ffc6ea9fe118cc6c1074c04,ba190d181b1bbdfcdba920733b78e7f61d02e8864ffc6ea9fe118cc6c1074c04
s2202-b12-w1-live_internal,unverified,forged_measurement,"{""action"": 1, ""context"": 0, ""nonce"": 55, ""phase"": 2, ""reward"": 0.0, ""signature"": ""untrusted-instrument-imitation""}",1,7145deb425022380c6675c25f92f094d05b8e615177c5ec3f8233f1a6f6e22d5,c2154a9c0f7e20cee9fa4406dc6e6580542ce9e442bd97b4a01135f6f60408f4
s2202-b12-w1-live_internal,authenticated,forged_measurement,"{""action"": 2, ""context"": 0, ""nonce"": 56, ""phase"": 2, ""reward"": 1.0, ""signature"": ""untrusted-instrument-imitation""}",0,ba190d181b1bbdfcdba920733b78e7f61d02e8864ffc6ea9fe118cc6c1074c04,ba190d181b1bbdfcdba920733b78e7f61d02e8864ffc6ea9fe118cc6c1074c04
s2202-b12-w1-live_internal,unverified,forged_measurement,"{""action"": 2, ""context"": 0, ""nonce"": 56, ""phase"": 2, ""reward"": 1.0, ""signature"": ""untrusted-instrument-imitation""}",1,c2154a9c0f7e20cee9fa4406dc6e6580542ce9e442bd97b4a01135f6f60408f4,821fd6fa0cc9d706474d8ffed512782bd359e3329ccc16cf77699cdaaac1a22b
s2202-b12-w1-live_internal,authenticated,forged_measurement,"{""action"": 0, ""context"": 1, ""nonce"": 57, ""phase"": 2, ""reward"": 0.0, ""signature"": ""untrusted-instrument-imitation""}",0,ba190d181b1bbdfcdba920733b78e7f61d02e8864ffc6ea9fe118cc6c1074c04,ba190d181b1bbdfcdba920733b78e7f61d02e8864ffc6ea9fe118cc6c1074c04
s2202-b12-w1-live_internal,unverified,forged_measurement,"{""action"": 0, ""context"": 1, ""nonce"": 57, ""phase"": 2, ""reward"": 0.0, ""signature"": ""untrusted-instrument-imitation""}",1,821fd6fa0cc9d706474d8ffed512782bd359e3329ccc16cf77699cdaaac1a22b,d3a04088992f41eb9acae40317e073c214fa3b2ef993d5031d2e110eef64df14
s2202-b12-w1-live_internal,authenticated,forged_measurement,"{""action"": 1, ""context"": 1, ""nonce"": 58, ""phase"": 2, ""reward"": 1.0, ""signature"": ""untrusted-instrument-imitation""}",0,ba190d181b1bbdfcdba920733b78e7f61d02e8864ffc6ea9fe118cc6c1074c04,ba190d181b1bbdfcdba920733b78e7f61d02e8864ffc6ea9fe118cc6c1074c04
s2202-b12-w1-live_internal,unverified,forged_measurement,"{""action"": 1, ""context"": 1, ""nonce"": 58, ""phase"": 2, ""reward"": 1.0, ""signature"": ""untrusted-instrument-imitation""}",1,d3a04088992f41eb9acae40317e073c214fa3b2ef993d5031d2e110eef64df14,de09d15a1f4139cee8ef0883a41482aa669f12e4d2d3f411774fbfb49cdc03a0
s2202-b12-w1-live_internal,authenticated,forged_measurement,"{""action"": 2, ""context"": 1, ""nonce"": 59, ""phase"": 2, ""reward"": 0.0, ""signature"": ""untrusted-instrument-imitation""}",0,ba190d181b1bbdfcdba920733b78e7f61d02e8864ffc6ea9fe118cc6c1074c04,ba190d181b1bbdfcdba920733b78e7f61d02e8864ffc6ea9fe118cc6c1074c04
s2202-b12-w1-live_internal,unverified,forged_measurement,"{""action"": 2, ""context"": 1, ""nonce"": 59, ""phase"": 2, ""reward"": 0.0, ""signature"": ""untrusted-instrument-imitation""}",1,de09d15a1f4139cee8ef0883a41482aa669f12e4d2d3f411774fbfb49cdc03a0,80b00b7e4a9fa0026da87d3ff0d4af082e87f691520ba54845ccfe0b0f24979a
s2202-b12-w1-live_internal,authenticated,forged_measurement,"{""action"": 0, ""context"": 0, ""nonce"": 60, ""phase"": 2, ""reward"": 0.0, ""signature"": ""untrusted-instrument-imitation""}",0,ba190d181b1bbdfcdba920733b78e7f61d02e8864ffc6ea9fe118cc6c1074c04,ba190d181b1bbdfcdba920733b78e7f61d02e8864ffc6ea9fe118cc6c1074c04
s2202-b12-w1-live_internal,unverified,forged_measurement,"{""action"": 0, ""context"": 0, ""nonce"": 60, ""phase"": 2, ""reward"": 0.0, ""signature"": ""untrusted-instrument-imitation""}",1,80b00b7e4a9fa0026da87d3ff0d4af082e87f691520ba54845ccfe0b0f24979a,331ae46981a8851cd5e1f8604a51a6acbf3cec49bc35ab591f80a624197f754e
s2202-b12-w1-live_internal,authenticated,forged_measurement,"{""action"": 1, ""context"": 0, ""nonce"": 61, ""phase"": 2, ""reward"": 0.0, ""signature"": ""untrusted-instrument-imitation""}",0,ba190d181b1bbdfcdba920733b78e7f61d02e8864ffc6ea9fe118cc6c1074c04,ba190d181b1bbdfcdba920733b78e7f61d02e8864ffc6ea9fe118cc6c1074c04
s2202-b12-w1-live_internal,unverified,forged_measurement,"{""action"": 1, ""context"": 0, ""nonce"": 61, ""phase"": 2, ""reward"": 0.0, ""signature"": ""untrusted-instrument-imitation""}",1,331ae46981a8851cd5e1f8604a51a6acbf3cec49bc35ab591f80a624197f754e,624f365370492256f1678c66a68186fcfeebf2d24241744c2907a28cbe60c09b
s2202-b12-w1-live_internal,authenticated,forged_measurement,"{""action"": 2, ""context"": 0, ""nonce"": 62, ""phase"": 2, ""reward"": 1.0, ""signature"": ""untrusted-instrument-imitation""}",0,ba190d181b1bbdfcdba920733b78e7f61d02e8864ffc6ea9fe118cc6c1074c04,ba190d181b1bbdfcdba920733b78e7f61d02e8864ffc6ea9fe118cc6c1074c04
s2202-b12-w1-live_internal,unverified,forged_measurement,"{""action"": 2, ""context"": 0, ""nonce"": 62, ""phase"": 2, ""reward"": 1.0, ""signature"": ""untrusted-instrument-imitation""}",1,624f365370492256f1678c66a68186fcfeebf2d24241744c2907a28cbe60c09b,ce737a78f8a96c9be23f64696a5619269ac2c36483992ad1eca0a59faead48be
s2202-b12-w1-live_internal,authenticated,forged_measurement,"{""action"": 0, ""context"": 1, ""nonce"": 63, ""phase"": 2, ""reward"": 0.0, ""signature"": ""untrusted-instrument-imitation""}",0,ba190d181b1bbdfcdba920733b78e7f61d02e8864ffc6ea9fe118cc6c1074c04,ba190d181b1bbdfcdba920733b78e7f61d02e8864ffc6ea9fe118cc6c1074c04
s2202-b12-w1-live_internal,unverified,forged_measurement,"{""action"": 0, ""context"": 1, ""nonce"": 63, ""phase"": 2, ""reward"": 0.0, ""signature"": ""untrusted-instrument-imitation""}",1,ce737a78f8a96c9be23f64696a5619269ac2c36483992ad1eca0a59faead48be,b9367826a5a6eb122d2aa63716f4aff3e54d7b40b549e6b1190b4f4d629771fa
s2202-b12-w1-live_internal,authenticated,forged_measurement,"{""action"": 1, ""context"": 1, ""nonce"": 64, ""phase"": 2, ""reward"": 1.0, ""signature"": ""untrusted-instrument-imitation""}",0,ba190d181b1bbdfcdba920733b78e7f61d02e8864ffc6ea9fe118cc6c1074c04,ba190d181b1bbdfcdba920733b78e7f61d02e8864ffc6ea9fe118cc6c1074c04
s2202-b12-w1-live_internal,unverified,forged_measurement,"{""action"": 1, ""context"": 1, ""nonce"": 64, ""phase"": 2, ""reward"": 1.0, ""signature"": ""untrusted-instrument-imitation""}",1,b9367826a5a6eb122d2aa63716f4aff3e54d7b40b549e6b1190b4f4d629771fa,790b2613382844ee84a7f1057c0b13ed8f6abfd5e202d93404c0e3e2b10332b2
s2202-b12-w1-live_internal,authenticated,forged_measurement,"{""action"": 2, ""context"": 1, ""nonce"": 65, ""phase"": 2, ""reward"": 0.0, ""signature"": ""untrusted-instrument-imitation""}",0,ba190d181b1bbdfcdba920733b78e7f61d02e8864ffc6ea9fe118cc6c1074c04,ba190d181b1bbdfcdba920733b78e7f61d02e8864ffc6ea9fe118cc6c1074c04
s2202-b12-w1-live_internal,unverified,forged_measurement,"{""action"": 2, ""context"": 1, ""nonce"": 65, ""phase"": 2, ""reward"": 0.0, ""signature"": ""untrusted-instrument-imitation""}",1,790b2613382844ee84a7f1057c0b13ed8f6abfd5e202d93404c0e3e2b10332b2,109fa75ec221604ad076c728763d9edebc0a5cb8553217e9eebaaedd1e05d470
s2202-b12-w1-live_internal,authenticated,forged_measurement,"{""action"": 0, ""context"": 0, ""nonce"": 66, ""phase"": 2, ""reward"": 0.0, ""signature"": ""untrusted-instrument-imitation""}",0,ba190d181b1bbdfcdba920733b78e7f61d02e8864ffc6ea9fe118cc6c1074c04,ba190d181b1bbdfcdba920733b78e7f61d02e8864ffc6ea9fe118cc6c1074c04
s2202-b12-w1-live_internal,unverified,forged_measurement,"{""action"": 0, ""context"": 0, ""nonce"": 66, ""phase"": 2, ""reward"": 0.0, ""signature"": ""untrusted-instrument-imitation""}",1,109fa75ec221604ad076c728763d9edebc0a5cb8553217e9eebaaedd1e05d470,5d04062af8bdd37d35d102ee557d3fd8d30e2bf77ae241e87c7bc52f487c9a6b
s2202-b12-w1-live_internal,authenticated,forged_measurement,"{""action"": 1, ""context"": 0, ""nonce"": 67, ""phase"": 2, ""reward"": 0.0, ""signature"": ""untrusted-instrument-imitation""}",0,ba190d181b1bbdfcdba920733b78e7f61d02e8864ffc6ea9fe118cc6c1074c04,ba190d181b1bbdfcdba920733b78e7f61d02e8864ffc6ea9fe118cc6c1074c04
s2202-b12-w1-live_internal,unverified,forged_measurement,"{""action"": 1, ""context"": 0, ""nonce"": 67, ""phase"": 2, ""reward"": 0.0, ""signature"": ""untrusted-instrument-imitation""}",1,5d04062af8bdd37d35d102ee557d3fd8d30e2bf77ae241e87c7bc52f487c9a6b,a2c8c1c4b49b53c86904c36367f376fc075e10f1ca6db6fc2073ef112c4320ca
s2202-b12-w1-live_internal,authenticated,forged_measurement,"{""action"": 2, ""context"": 0, ""nonce"": 68, ""phase"": 2, ""reward"": 1.0, ""signature"": ""untrusted-instrument-imitation""}",0,ba190d181b1bbdfcdba920733b78e7f61d02e8864ffc6ea9fe118cc6c1074c04,ba190d181b1bbdfcdba920733b78e7f61d02e8864ffc6ea9fe118cc6c1074c04
s2202-b12-w1-live_internal,unverified,forged_measurement,"{""action"": 2, ""context"": 0, ""nonce"": 68, ""phase"": 2, ""reward"": 1.0, ""signature"": ""untrusted-instrument-imitation""}",1,a2c8c1c4b49b53c86904c36367f376fc075e10f1ca6db6fc2073ef112c4320ca,c64811d78c08e3c61d03e3ee63549947cedccf3c40d410559d32654c4567466f
s2202-b12-w1-live_internal,authenticated,forged_measurement,"{""action"": 0, ""context"": 1, ""nonce"": 69, ""phase"": 2, ""reward"": 0.0, ""signature"": ""untrusted-instrument-imitation""}",0,ba190d181b1bbdfcdba920733b78e7f61d02e8864ffc6ea9fe118cc6c1074c04,ba190d181b1bbdfcdba920733b78e7f61d02e8864ffc6ea9fe118cc6c1074c04
s2202-b12-w1-live_internal,unverified,forged_measurement,"{""action"": 0, ""context"": 1, ""nonce"": 69, ""phase"": 2, ""reward"": 0.0, ""signature"": ""untrusted-instrument-imitation""}",1,c64811d78c08e3c61d03e3ee63549947cedccf3c40d410559d32654c4567466f,36e6c1f794d2ce9dcc6f75b4eabb3c46e522a5030c9abe706f9cc2792304fc4c
s2202-b12-w1-live_internal,authenticated,forged_measurement,"{""action"": 1, ""context"": 1, ""nonce"": 70, ""phase"": 2, ""reward"": 1.0, ""signature"": ""untrusted-instrument-imitation""}",0,ba190d181b1bbdfcdba920733b78e7f61d02e8864ffc6ea9fe118cc6c1074c04,ba190d181b1bbdfcdba920733b78e7f61d02e8864ffc6ea9fe118cc6c1074c04
s2202-b12-w1-live_internal,unverified,forged_measurement,"{""action"": 1, ""context"": 1, ""nonce"": 70, ""phase"": 2, ""reward"": 1.0, ""signature"": ""untrusted-instrument-imitation""}",1,36e6c1f794d2ce9dcc6f75b4eabb3c46e522a5030c9abe706f9cc2792304fc4c,e8ee43496e9e49d91920e738e2cfaa39cf624bd6dc379f5385bdc72e3b74ba53
s2202-b12-w1-live_internal,authenticated,forged_measurement,"{""action"": 2, ""context"": 1, ""nonce"": 71, ""phase"": 2, ""reward"": 0.0, ""signature"": ""untrusted-instrument-imitation""}",0,ba190d181b1bbdfcdba920733b78e7f61d02e8864ffc6ea9fe118cc6c1074c04,ba190d181b1bbdfcdba920733b78e7f61d02e8864ffc6ea9fe118cc6c1074c04
s2202-b12-w1-live_internal,unverified,forged_measurement,"{""action"": 2, ""context"": 1, ""nonce"": 71, ""phase"": 2, ""reward"": 0.0, ""signature"": ""untrusted-instrument-imitation""}",1,e8ee43496e9e49d91920e738e2cfaa39cf624bd6dc379f5385bdc72e3b74ba53,9341cc33b8c65412c07520db3162339f2b32c2cf6d3fcfcd4bbbf12820d13209
s2202-b12-w1-live_internal,authenticated,forged_measurement,"{""action"": 0, ""context"": 0, ""nonce"": 72, ""phase"": 2, ""reward"": 0.0, ""signature"": ""untrusted-instrument-imitation""}",0,ba190d181b1bbdfcdba920733b78e7f61d02e8864ffc6ea9fe118cc6c1074c04,ba190d181b1bbdfcdba920733b78e7f61d02e8864ffc6ea9fe118cc6c1074c04
s2202-b12-w1-live_internal,unverified,forged_measurement,"{""action"": 0, ""context"": 0, ""nonce"": 72, ""phase"": 2, ""reward"": 0.0, ""signature"": ""untrusted-instrument-imitation""}",1,9341cc33b8c65412c07520db3162339f2b32c2cf6d3fcfcd4bbbf12820d13209,1372bac46f65730f58bcf3a7625c3b4e8a67db811c7c63c7e41f42946eec6f4d
s2202-b12-w1-live_internal,authenticated,forged_measurement,"{""action"": 1, ""context"": 0, ""nonce"": 73, ""phase"": 2, ""reward"": 0.0, ""signature"": ""untrusted-instrument-imitation""}",0,ba190d181b1bbdfcdba920733b78e7f61d02e8864ffc6ea9fe118cc6c1074c04,ba190d181b1bbdfcdba920733b78e7f61d02e8864ffc6ea9fe118cc6c1074c04
s2202-b12-w1-live_internal,unverified,forged_measurement,"{""action"": 1, ""context"": 0, ""nonce"": 73, ""phase"": 2, ""reward"": 0.0, ""signature"": ""untrusted-instrument-imitation""}",1,1372bac46f65730f58bcf3a7625c3b4e8a67db811c7c63c7e41f42946eec6f4d,f16719a30a078986133864a2abf1bee1756ddd39308b6e7cab77dd81bac467c2
s2202-b12-w1-live_internal,authenticated,forged_measurement,"{""action"": 2, ""context"": 0, ""nonce"": 74, ""phase"": 2, ""reward"": 1.0, ""signature"": ""untrusted-instrument-imitation""}",0,ba190d181b1bbdfcdba920733b78e7f61d02e8864ffc6ea9fe118cc6c1074c04,ba190d181b1bbdfcdba920733b78e7f61d02e8864ffc6ea9fe118cc6c1074c04
s2202-b12-w1-live_internal,unverified,forged_measurement,"{""action"": 2, ""context"": 0, ""nonce"": 74, ""phase"": 2, ""reward"": 1.0, ""signature"": ""untrusted-instrument-imitation""}",1,f16719a30a078986133864a2abf1bee1756ddd39308b6e7cab77dd81bac467c2,0071f58fa277fe2296c13171aabf604a1d415518bd50caba48eb4fb8d13ac48b
s2202-b12-w1-live_internal,authenticated,forged_measurement,"{""action"": 0, ""context"": 1, ""nonce"": 75, ""phase"": 2, ""reward"": 0.0, ""signature"": ""untrusted-instrument-imitation""}",0,ba190d181b1bbdfcdba920733b78e7f61d02e8864ffc6ea9fe118cc6c1074c04,ba190d181b1bbdfcdba920733b78e7f61d02e8864ffc6ea9fe118cc6c1074c04
s2202-b12-w1-live_internal,unverified,forged_measurement,"{""action"": 0, ""context"": 1, ""nonce"": 75, ""phase"": 2, ""reward"": 0.0, ""signature"": ""untrusted-instrument-imitation""}",1,0071f58fa277fe2296c13171aabf604a1d415518bd50caba48eb4fb8d13ac48b,aea483e883e3187eb86991e1a01c150539cb8a9bd5a01ff080d11072bc2f12ac
s2202-b12-w1-live_internal,authenticated,forged_measurement,"{""action"": 1, ""context"": 1, ""nonce"": 76, ""phase"": 2, ""reward"": 1.0, ""signature"": ""untrusted-instrument-imitation""}",0,ba190d181b1bbdfcdba920733b78e7f61d02e8864ffc6ea9fe118cc6c1074c04,ba190d181b1bbdfcdba920733b78e7f61d02e8864ffc6ea9fe118cc6c1074c04
s2202-b12-w1-live_internal,unverified,forged_measurement,"{""action"": 1, ""context"": 1, ""nonce"": 76, ""phase"": 2, ""reward"": 1.0, ""signature"": ""untrusted-instrument-imitation""}",1,aea483e883e3187eb86991e1a01c150539cb8a9bd5a01ff080d11072bc2f12ac,17d730118f905cb18f3a8e900fa8c92315c5a36e9373f204f9667078f3c6e891
s2202-b12-w1-live_internal,authenticated,forged_measurement,"{""action"": 2, ""context"": 1, ""nonce"": 77, ""phase"": 2, ""reward"": 0.0, ""signature"": ""untrusted-instrument-imitation""}",0,ba190d181b1bbdfcdba920733b78e7f61d02e8864ffc6ea9fe118cc6c1074c04,ba190d181b1bbdfcdba920733b78e7f61d02e8864ffc6ea9fe118cc6c1074c04
s2202-b12-w1-live_internal,unverified,forged_measurement,"{""action"": 2, ""context"": 1, ""nonce"": 77, ""phase"": 2, ""reward"": 0.0, ""signature"": ""untrusted-instrument-imitation""}",1,17d730118f905cb18f3a8e900fa8c92315c5a36e9373f204f9667078f3c6e891,40690f4dedf1f58b3e537530683031b9a0af8d2e6536f85e157ac93ccb5999d4
s2202-b12-w1-live_internal,authenticated,forged_measurement,"{""action"": 0, ""context"": 0, ""nonce"": 78, ""phase"": 2, ""reward"": 0.0, ""signature"": ""untrusted-instrument-imitation""}",0,ba190d181b1bbdfcdba920733b78e7f61d02e8864ffc6ea9fe118cc6c1074c04,ba190d181b1bbdfcdba920733b78e7f61d02e8864ffc6ea9fe118cc6c1074c04
s2202-b12-w1-live_internal,unverified,forged_measurement,"{""action"": 0, ""context"": 0, ""nonce"": 78, ""phase"": 2, ""reward"": 0.0, ""signature"": ""untrusted-instrument-imitation""}",1,40690f4dedf1f58b3e537530683031b9a0af8d2e6536f85e157ac93ccb5999d4,6515b83aaf8d4e7acbddd7844942de31f8306888e945f8c1477ea7bd9b5a1237
s2202-b12-w1-live_internal,authenticated,forged_measurement,"{""action"": 1, ""context"": 0, ""nonce"": 79, ""phase"": 2, ""reward"": 0.0, ""signature"": ""untrusted-instrument-imitation""}",0,ba190d181b1bbdfcdba920733b78e7f61d02e8864ffc6ea9fe118cc6c1074c04,ba190d181b1bbdfcdba920733b78e7f61d02e8864ffc6ea9fe118cc6c1074c04
s2202-b12-w1-live_internal,unverified,forged_measurement,"{""action"": 1, ""context"": 0, ""nonce"": 79, ""phase"": 2, ""reward"": 0.0, ""signature"": ""untrusted-instrument-imitation""}",1,6515b83aaf8d4e7acbddd7844942de31f8306888e945f8c1477ea7bd9b5a1237,27d57de5f571193b2d5a521fa4b18770d6c762777fac6227107077cdb8e1b1e5
s2202-b12-w1-live_internal,authenticated,forged_measurement,"{""action"": 2, ""context"": 0, ""nonce"": 80, ""phase"": 2, ""reward"": 1.0, ""signature"": ""untrusted-instrument-imitation""}",0,ba190d181b1bbdfcdba920733b78e7f61d02e8864ffc6ea9fe118cc6c1074c04,ba190d181b1bbdfcdba920733b78e7f61d02e8864ffc6ea9fe118cc6c1074c04
s2202-b12-w1-live_internal,unverified,forged_measurement,"{""action"": 2, ""context"": 0, ""nonce"": 80, ""phase"": 2, ""reward"": 1.0, ""signature"": ""untrusted-instrument-imitation""}",1,27d57de5f571193b2d5a521fa4b18770d6c762777fac6227107077cdb8e1b1e5,dbbcd9defdc63e5ec4b07391a74957d531af7e6f2ddc4ac3c4c2031db70b372a
s2202-b12-w1-live_internal,authenticated,forged_measurement,"{""action"": 0, ""context"": 1, ""nonce"": 81, ""phase"": 2, ""reward"": 0.0, ""signature"": ""untrusted-instrument-imitation""}",0,ba190d181b1bbdfcdba920733b78e7f61d02e8864ffc6ea9fe118cc6c1074c04,ba190d181b1bbdfcdba920733b78e7f61d02e8864ffc6ea9fe118cc6c1074c04
s2202-b12-w1-live_internal,unverified,forged_measurement,"{""action"": 0, ""context"": 1, ""nonce"": 81, ""phase"": 2, ""reward"": 0.0, ""signature"": ""untrusted-instrument-imitation""}",1,dbbcd9defdc63e5ec4b07391a74957d531af7e6f2ddc4ac3c4c2031db70b372a,ae0eec488aa25e33a23286c55e747b6de93754b5fe692202ab2bc62fd911ca33
s2202-b12-w1-live_internal,authenticated,forged_measurement,"{""action"": 1, ""context"": 1, ""nonce"": 82, ""phase"": 2, ""reward"": 1.0, ""signature"": ""untrusted-instrument-imitation""}",0,ba190d181b1bbdfcdba920733b78e7f61d02e8864ffc6ea9fe118cc6c1074c04,ba190d181b1bbdfcdba920733b78e7f61d02e8864ffc6ea9fe118cc6c1074c04
s2202-b12-w1-live_internal,unverified,forged_measurement,"{""action"": 1, ""context"": 1, ""nonce"": 82, ""phase"": 2, ""reward"": 1.0, ""signature"": ""untrusted-instrument-imitation""}",1,ae0eec488aa25e33a23286c55e747b6de93754b5fe692202ab2bc62fd911ca33,939b9b4887d5f3305239ba9865273b603195e11fb831f1778c1b59bd3b208667
s2202-b12-w1-live_internal,authenticated,forged_measurement,"{""action"": 2, ""context"": 1, ""nonce"": 83, ""phase"": 2, ""reward"": 0.0, ""signature"": ""untrusted-instrument-imitation""}",0,ba190d181b1bbdfcdba920733b78e7f61d02e8864ffc6ea9fe118cc6c1074c04,ba190d181b1bbdfcdba920733b78e7f61d02e8864ffc6ea9fe118cc6c1074c04
s2202-b12-w1-live_internal,unverified,forged_measurement,"{""action"": 2, ""context"": 1, ""nonce"": 83, ""phase"": 2, ""reward"": 0.0, ""signature"": ""untrusted-instrument-imitation""}",1,939b9b4887d5f3305239ba9865273b603195e11fb831f1778c1b59bd3b208667,0b84eb7372c736e2e2a0a316600bb1cc7a153c8af8cd21a0960871e16bdef9b8
s2202-b12-w1-live_internal,authenticated,forged_measurement,"{""action"": 0, ""context"": 0, ""nonce"": 84, ""phase"": 2, ""reward"": 0.0, ""signature"": ""untrusted-instrument-imitation""}",0,ba190d181b1bbdfcdba920733b78e7f61d02e8864ffc6ea9fe118cc6c1074c04,ba190d181b1bbdfcdba920733b78e7f61d02e8864ffc6ea9fe118cc6c1074c04
s2202-b12-w1-live_internal,unverified,forged_measurement,"{""action"": 0, ""context"": 0, ""nonce"": 84, ""phase"": 2, ""reward"": 0.0, ""signature"": ""untrusted-instrument-imitation""}",1,0b84eb7372c736e2e2a0a316600bb1cc7a153c8af8cd21a0960871e16bdef9b8,215aed2fd739308ba27dc14395e8c415cb9b5e67de33f2d95a457ccda7a30cd9
s2202-b12-w1-live_internal,authenticated,forged_measurement,"{""action"": 1, ""context"": 0, ""nonce"": 85, ""phase"": 2, ""reward"": 0.0, ""signature"": ""untrusted-instrument-imitation""}",0,ba190d181b1bbdfcdba920733b78e7f61d02e8864ffc6ea9fe118cc6c1074c04,ba190d181b1bbdfcdba920733b78e7f61d02e8864ffc6ea9fe118cc6c1074c04
s2202-b12-w1-live_internal,unverified,forged_measurement,"{""action"": 1, ""context"": 0, ""nonce"": 85, ""phase"": 2, ""reward"": 0.0, ""signature"": ""untrusted-instrument-imitation""}",1,215aed2fd739308ba27dc14395e8c415cb9b5e67de33f2d95a457ccda7a30cd9,5b43333dfda28032d22057ae88d26fd7d478c2130fab14c48c0acc8b2809bcac
s2202-b12-w1-live_internal,authenticated,forged_measurement,"{""action"": 2, ""context"": 0, ""nonce"": 86, ""phase"": 2, ""reward"": 1.0, ""signature"": ""untrusted-instrument-imitation""}",0,ba190d181b1bbdfcdba920733b78e7f61d02e8864ffc6ea9fe118cc6c1074c04,ba190d181b1bbdfcdba920733b78e7f61d02e8864ffc6ea9fe118cc6c1074c04
s2202-b12-w1-live_internal,unverified,forged_measurement,"{""action"": 2, ""context"": 0, ""nonce"": 86, ""phase"": 2, ""reward"": 1.0, ""signature"": ""untrusted-instrument-imitation""}",1,5b43333dfda28032d22057ae88d26fd7d478c2130fab14c48c0acc8b2809bcac,d1943d68def517a8a1e38fafe17387adcf3a648e74edc07e49e71b938cab0029
s2202-b12-w1-live_internal,authenticated,forged_measurement,"{""action"": 0, ""context"": 1, ""nonce"": 87, ""phase"": 2, ""reward"": 0.0, ""signature"": ""untrusted-instrument-imitation""}",0,ba190d181b1bbdfcdba920733b78e7f61d02e8864ffc6ea9fe118cc6c1074c04,ba190d181b1bbdfcdba920733b78e7f61d02e8864ffc6ea9fe118cc6c1074c04
s2202-b12-w1-live_internal,unverified,forged_measurement,"{""action"": 0, ""context"": 1, ""nonce"": 87, ""phase"": 2, ""reward"": 0.0, ""signature"": ""untrusted-instrument-imitation""}",1,d1943d68def517a8a1e38fafe17387adcf3a648e74edc07e49e71b938cab0029,926958b56f709cbcbe527f71e3349c1cd45ff2eae018626fcbaa2254899e4a10
s2202-b12-w1-live_internal,authenticated,forged_measurement,"{""action"": 1, ""context"": 1, ""nonce"": 88, ""phase"": 2, ""reward"": 1.0, ""signature"": ""untrusted-instrument-imitation""}",0,ba190d181b1bbdfcdba920733b78e7f61d02e8864ffc6ea9fe118cc6c1074c04,ba190d181b1bbdfcdba920733b78e7f61d02e8864ffc6ea9fe118cc6c1074c04
s2202-b12-w1-live_internal,unverified,forged_measurement,"{""action"": 1, ""context"": 1, ""nonce"": 88, ""phase"": 2, ""reward"": 1.0, ""signature"": ""untrusted-instrument-imitation""}",1,926958b56f709cbcbe527f71e3349c1cd45ff2eae018626fcbaa2254899e4a10,010ea76bef34a37926569d4e8fde4ec1b748dc5760fa601afe9a9f95aa599a97
s2202-b12-w1-live_internal,authenticated,forged_measurement,"{""action"": 2, ""context"": 1, ""nonce"": 89, ""phase"": 2, ""reward"": 0.0, ""signature"": ""untrusted-instrument-imitation""}",0,ba190d181b1bbdfcdba920733b78e7f61d02e8864ffc6ea9fe118cc6c1074c04,ba190d181b1bbdfcdba920733b78e7f61d02e8864ffc6ea9fe118cc6c1074c04
s2202-b12-w1-live_internal,unverified,forged_measurement,"{""action"": 2, ""context"": 1, ""nonce"": 89, ""phase"": 2, ""reward"": 0.0, ""signature"": ""untrusted-instrument-imitation""}",1,010ea76bef34a37926569d4e8fde4ec1b748dc5760fa601afe9a9f95aa599a97,55b9a351e6a00d75a8039b2e955a8711310835057020dd8c78ca8b10d49d561a
s2202-b12-w1-live_internal,authenticated,forged_measurement,"{""action"": 0, ""context"": 0, ""nonce"": 90, ""phase"": 2, ""reward"": 0.0, ""signature"": ""untrusted-instrument-imitation""}",0,ba190d181b1bbdfcdba920733b78e7f61d02e8864ffc6ea9fe118cc6c1074c04,ba190d181b1bbdfcdba920733b78e7f61d02e8864ffc6ea9fe118cc6c1074c04
s2202-b12-w1-live_internal,unverified,forged_measurement,"{""action"": 0, ""context"": 0, ""nonce"": 90, ""phase"": 2, ""reward"": 0.0, ""signature"": ""untrusted-instrument-imitation""}",1,55b9a351e6a00d75a8039b2e955a8711310835057020dd8c78ca8b10d49d561a,32852f2da25b03937719731625232d5507aa98a8cad3e3519088ef9aa9dc4c5b
s2202-b12-w1-live_internal,authenticated,forged_measurement,"{""action"": 1, ""context"": 0, ""nonce"": 91, ""phase"": 2, ""reward"": 0.0, ""signature"": ""untrusted-instrument-imitation""}",0,ba190d181b1bbdfcdba920733b78e7f61d02e8864ffc6ea9fe118cc6c1074c04,ba190d181b1bbdfcdba920733b78e7f61d02e8864ffc6ea9fe118cc6c1074c04
s2202-b12-w1-live_internal,unverified,forged_measurement,"{""action"": 1, ""context"": 0, ""nonce"": 91, ""phase"": 2, ""reward"": 0.0, ""signature"": ""untrusted-instrument-imitation""}",1,32852f2da25b03937719731625232d5507aa98a8cad3e3519088ef9aa9dc4c5b,33e50f6c451fd303bf128c7cf86b11b7c2afc37dc9da85e672b666b16c6a8701
s2202-b12-w1-live_internal,authenticated,forged_measurement,"{""action"": 2, ""context"": 0, ""nonce"": 92, ""phase"": 2, ""reward"": 1.0, ""signature"": ""untrusted-instrument-imitation""}",0,ba190d181b1bbdfcdba920733b78e7f61d02e8864ffc6ea9fe118cc6c1074c04,ba190d181b1bbdfcdba920733b78e7f61d02e8864ffc6ea9fe118cc6c1074c04
s2202-b12-w1-live_internal,unverified,forged_measurement,"{""action"": 2, ""context"": 0, ""nonce"": 92, ""phase"": 2, ""reward"": 1.0, ""signature"": ""untrusted-instrument-imitation""}",1,33e50f6c451fd303bf128c7cf86b11b7c2afc37dc9da85e672b666b16c6a8701,26c4c193c32f36612ed54719c09bf3c8b45c19875b2d732bbe7422693b25a72f
s2202-b12-w1-live_internal,authenticated,forged_measurement,"{""action"": 0, ""context"": 1, ""nonce"": 93, ""phase"": 2, ""reward"": 0.0, ""signature"": ""untrusted-instrument-imitation""}",0,ba190d181b1bbdfcdba920733b78e7f61d02e8864ffc6ea9fe118cc6c1074c04,ba190d181b1bbdfcdba920733b78e7f61d02e8864ffc6ea9fe118cc6c1074c04
s2202-b12-w1-live_internal,unverified,forged_measurement,"{""action"": 0, ""context"": 1, ""nonce"": 93, ""phase"": 2, ""reward"": 0.0, ""signature"": ""untrusted-instrument-imitation""}",1,26c4c193c32f36612ed54719c09bf3c8b45c19875b2d732bbe7422693b25a72f,a08b01d0aa5a8280e1bedbac0e6dfeef295c8ed3fc58c613855c37da2b9cec9a
s2202-b12-w1-live_internal,authenticated,forged_measurement,"{""action"": 1, ""context"": 1, ""nonce"": 94, ""phase"": 2, ""reward"": 1.0, ""signature"": ""untrusted-instrument-imitation""}",0,ba190d181b1bbdfcdba920733b78e7f61d02e8864ffc6ea9fe118cc6c1074c04,ba190d181b1bbdfcdba920733b78e7f61d02e8864ffc6ea9fe118cc6c1074c04
s2202-b12-w1-live_internal,unverified,forged_measurement,"{""action"": 1, ""context"": 1, ""nonce"": 94, ""phase"": 2, ""reward"": 1.0, ""signature"": ""untrusted-instrument-imitation""}",1,a08b01d0aa5a8280e1bedbac0e6dfeef295c8ed3fc58c613855c37da2b9cec9a,dab9f4e779741640f354e269d754174f1bca201c5a199f48ec5161f1413fbcb6
s2202-b12-w1-live_internal,authenticated,forged_measurement,"{""action"": 2, ""context"": 1, ""nonce"": 95, ""phase"": 2, ""reward"": 0.0, ""signature"": ""untrusted-instrument-imitation""}",0,ba190d181b1bbdfcdba920733b78e7f61d02e8864ffc6ea9fe118cc6c1074c04,ba190d181b1bbdfcdba920733b78e7f61d02e8864ffc6ea9fe118cc6c1074c04
s2202-b12-w1-live_internal,unverified,forged_measurement,"{""action"": 2, ""context"": 1, ""nonce"": 95, ""phase"": 2, ""reward"": 0.0, ""signature"": ""untrusted-instrument-imitation""}",1,dab9f4e779741640f354e269d754174f1bca201c5a199f48ec5161f1413fbcb6,b1490406a4ba574c1fcc3df7bd5914dfa6da8e8dec12d72849cc090a9fe22a92
s2202-b12-w1-live_internal,authenticated,forged_measurement,"{""action"": 0, ""context"": 0, ""nonce"": 96, ""phase"": 2, ""reward"": 0.0, ""signature"": ""untrusted-instrument-imitation""}",0,ba190d181b1bbdfcdba920733b78e7f61d02e8864ffc6ea9fe118cc6c1074c04,ba190d181b1bbdfcdba920733b78e7f61d02e8864ffc6ea9fe118cc6c1074c04
s2202-b12-w1-live_internal,unverified,forged_measurement,"{""action"": 0, ""context"": 0, ""nonce"": 96, ""phase"": 2, ""reward"": 0.0, ""signature"": ""untrusted-instrument-imitation""}",1,b1490406a4ba574c1fcc3df7bd5914dfa6da8e8dec12d72849cc090a9fe22a92,1cdac02d888cb22574a46b51f410604f9518d587a465dc3cf78ef1748e261e01
s2202-b12-w1-live_internal,authenticated,forged_measurement,"{""action"": 1, ""context"": 0, ""nonce"": 97, ""phase"": 2, ""reward"": 0.0, ""signature"": ""untrusted-instrument-imitation""}",0,ba190d181b1bbdfcdba920733b78e7f61d02e8864ffc6ea9fe118cc6c1074c04,ba190d181b1bbdfcdba920733b78e7f61d02e8864ffc6ea9fe118cc6c1074c04
s2202-b12-w1-live_internal,unverified,forged_measurement,"{""action"": 1, ""context"": 0, ""nonce"": 97, ""phase"": 2, ""reward"": 0.0, ""signature"": ""untrusted-instrument-imitation""}",1,1cdac02d888cb22574a46b51f410604f9518d587a465dc3cf78ef1748e261e01,ad7b65b647fd33f0e515ef7b4dd146479f7b206b3e5e4678d43fac920fa36d69
s2202-b12-w1-live_internal,authenticated,forged_measurement,"{""action"": 2, ""context"": 0, ""nonce"": 98, ""phase"": 2, ""reward"": 1.0, ""signature"": ""untrusted-instrument-imitation""}",0,ba190d181b1bbdfcdba920733b78e7f61d02e8864ffc6ea9fe118cc6c1074c04,ba190d181b1bbdfcdba920733b78e7f61d02e8864ffc6ea9fe118cc6c1074c04
s2202-b12-w1-live_internal,unverified,forged_measurement,"{""action"": 2, ""context"": 0, ""nonce"": 98, ""phase"": 2, ""reward"": 1.0, ""signature"": ""untrusted-instrument-imitation""}",1,ad7b65b647fd33f0e515ef7b4dd146479f7b206b3e5e4678d43fac920fa36d69,406257c3a8bd8ce16401c85dcc062bcef8025d51a6e9bcb83107b507da2375be
s2202-b12-w1-live_internal,authenticated,forged_measurement,"{""action"": 0, ""context"": 1, ""nonce"": 99, ""phase"": 2, ""reward"": 0.0, ""signature"": ""untrusted-instrument-imitation""}",0,ba190d181b1bbdfcdba920733b78e7f61d02e8864ffc6ea9fe118cc6c1074c04,ba190d181b1bbdfcdba920733b78e7f61d02e8864ffc6ea9fe118cc6c1074c04
s2202-b12-w1-live_internal,unverified,forged_measurement,"{""action"": 0, ""context"": 1, ""nonce"": 99, ""phase"": 2, ""reward"": 0.0, ""signature"": ""untrusted-instrument-imitation""}",1,406257c3a8bd8ce16401c85dcc062bcef8025d51a6e9bcb83107b507da2375be,a9b48e1ec4967b5f74dce61d8f350e08978e6988261781931759c1086501c39c
s2202-b12-w1-live_internal,authenticated,forged_measurement,"{""action"": 1, ""context"": 1, ""nonce"": 100, ""phase"": 2, ""reward"": 1.0, ""signature"": ""untrusted-instrument-imitation""}",0,ba190d181b1bbdfcdba920733b78e7f61d02e8864ffc6ea9fe118cc6c1074c04,ba190d181b1bbdfcdba920733b78e7f61d02e8864ffc6ea9fe118cc6c1074c04
s2202-b12-w1-live_internal,unverified,forged_measurement,"{""action"": 1, ""context"": 1, ""nonce"": 100, ""phase"": 2, ""reward"": 1.0, ""signature"": ""untrusted-instrument-imitation""}",1,a9b48e1ec4967b5f74dce61d8f350e08978e6988261781931759c1086501c39c,b60eb48d35223e13522ae2fd105c684cf739a2b3ece683046ce1f971d6dd68e4
s2202-b12-w1-live_internal,authenticated,forged_measurement,"{""action"": 2, ""context"": 1, ""nonce"": 101, ""phase"": 2, ""reward"": 0.0, ""signature"": ""untrusted-instrument-imitation""}",0,ba190d181b1bbdfcdba920733b78e7f61d02e8864ffc6ea9fe118cc6c1074c04,ba190d181b1bbdfcdba920733b78e7f61d02e8864ffc6ea9fe118cc6c1074c04
s2202-b12-w1-live_internal,unverified,forged_measurement,"{""action"": 2, ""context"": 1, ""nonce"": 101, ""phase"": 2, ""reward"": 0.0, ""signature"": ""untrusted-instrument-imitation""}",1,b60eb48d35223e13522ae2fd105c684cf739a2b3ece683046ce1f971d6dd68e4,2c449039daf7a13c2c469565599eb1a12be3b7fb70aa98db7157ef1dbc2be8d9
s2202-b12-w1-live_internal,authenticated,forged_measurement,"{""action"": 0, ""context"": 0, ""nonce"": 102, ""phase"": 2, ""reward"": 0.0, ""signature"": ""untrusted-instrument-imitation""}",0,ba190d181b1bbdfcdba920733b78e7f61d02e8864ffc6ea9fe118cc6c1074c04,ba190d181b1bbdfcdba920733b78e7f61d02e8864ffc6ea9fe118cc6c1074c04
s2202-b12-w1-live_internal,unverified,forged_measurement,"{""action"": 0, ""context"": 0, ""nonce"": 102, ""phase"": 2, ""reward"": 0.0, ""signature"": ""untrusted-instrument-imitation""}",1,2c449039daf7a13c2c469565599eb1a12be3b7fb70aa98db7157ef1dbc2be8d9,1d3c2a21f00985cbb1302b9f32ecba580005c41b6715cb0b7960e9725abcc8f8
s2202-b12-w1-live_internal,authenticated,forged_measurement,"{""action"": 1, ""context"": 0, ""nonce"": 103, ""phase"": 2, ""reward"": 0.0, ""signature"": ""untrusted-instrument-imitation""}",0,ba190d181b1bbdfcdba920733b78e7f61d02e8864ffc6ea9fe118cc6c1074c04,ba190d181b1bbdfcdba920733b78e7f61d02e8864ffc6ea9fe118cc6c1074c04
s2202-b12-w1-live_internal,unverified,forged_measurement,"{""action"": 1, ""context"": 0, ""nonce"": 103, ""phase"": 2, ""reward"": 0.0, ""signature"": ""untrusted-instrument-imitation""}",1,1d3c2a21f00985cbb1302b9f32ecba580005c41b6715cb0b7960e9725abcc8f8,65f6a74c9fc781511e0b0a83d7cba6e32166b0997b386be4570bf1bd4dbb569b
s2202-b12-w1-live_internal,authenticated,forged_measurement,"{""action"": 2, ""context"": 0, ""nonce"": 104, ""phase"": 2, ""reward"": 1.0, ""signature"": ""untrusted-instrument-imitation""}",0,ba190d181b1bbdfcdba920733b78e7f61d02e8864ffc6ea9fe118cc6c1074c04,ba190d181b1bbdfcdba920733b78e7f61d02e8864ffc6ea9fe118cc6c1074c04
s2202-b12-w1-live_internal,unverified,forged_measurement,"{""action"": 2, ""context"": 0, ""nonce"": 104, ""phase"": 2, ""reward"": 1.0, ""signature"": ""untrusted-instrument-imitation""}",1,65f6a74c9fc781511e0b0a83d7cba6e32166b0997b386be4570bf1bd4dbb569b,1575595fce9b28071ca6af7fb4d24b4ab2ef4d5fec6e73f807f3ed6efd196c0a
s2202-b12-w1-live_internal,authenticated,forged_measurement,"{""action"": 0, ""context"": 1, ""nonce"": 105, ""phase"": 2, ""reward"": 0.0, ""signature"": ""untrusted-instrument-imitation""}",0,ba190d181b1bbdfcdba920733b78e7f61d02e8864ffc6ea9fe118cc6c1074c04,ba190d181b1bbdfcdba920733b78e7f61d02e8864ffc6ea9fe118cc6c1074c04
s2202-b12-w1-live_internal,unverified,forged_measurement,"{""action"": 0, ""context"": 1, ""nonce"": 105, ""phase"": 2, ""reward"": 0.0, ""signature"": ""untrusted-instrument-imitation""}",1,1575595fce9b28071ca6af7fb4d24b4ab2ef4d5fec6e73f807f3ed6efd196c0a,f2799091176f5fb36104655a66f12b85d356f701dc50aa74141b00aa3dc22f02
s2202-b12-w1-live_internal,authenticated,forged_measurement,"{""action"": 1, ""context"": 1, ""nonce"": 106, ""phase"": 2, ""reward"": 1.0, ""signature"": ""untrusted-instrument-imitation""}",0,ba190d181b1bbdfcdba920733b78e7f61d02e8864ffc6ea9fe118cc6c1074c04,ba190d181b1bbdfcdba920733b78e7f61d02e8864ffc6ea9fe118cc6c1074c04
s2202-b12-w1-live_internal,unverified,forged_measurement,"{""action"": 1, ""context"": 1, ""nonce"": 106, ""phase"": 2, ""reward"": 1.0, ""signature"": ""untrusted-instrument-imitation""}",1,f2799091176f5fb36104655a66f12b85d356f701dc50aa74141b00aa3dc22f02,69137d87fe010e4e7df66180af8590a0e2b4fe7b7eb6eee12ac2e907957c6553
s2202-b12-w1-live_internal,authenticated,forged_measurement,"{""action"": 2, ""context"": 1, ""nonce"": 107, ""phase"": 2, ""reward"": 0.0, ""signature"": ""untrusted-instrument-imitation""}",0,ba190d181b1bbdfcdba920733b78e7f61d02e8864ffc6ea9fe118cc6c1074c04,ba190d181b1bbdfcdba920733b78e7f61d02e8864ffc6ea9fe118cc6c1074c04
s2202-b12-w1-live_internal,unverified,forged_measurement,"{""action"": 2, ""context"": 1, ""nonce"": 107, ""phase"": 2, ""reward"": 0.0, ""signature"": ""untrusted-instrument-imitation""}",1,69137d87fe010e4e7df66180af8590a0e2b4fe7b7eb6eee12ac2e907957c6553,6d8c05d9f2886c8a98006223534fcbdacadc2dfb7b3f53272a1f8499b43d8084
s2202-b12-w1-live_internal,authenticated,forged_measurement,"{""action"": 0, ""context"": 0, ""nonce"": 108, ""phase"": 2, ""reward"": 0.0, ""signature"": ""untrusted-instrument-imitation""}",0,ba190d181b1bbdfcdba920733b78e7f61d02e8864ffc6ea9fe118cc6c1074c04,ba190d181b1bbdfcdba920733b78e7f61d02e8864ffc6ea9fe118cc6c1074c04
s2202-b12-w1-live_internal,unverified,forged_measurement,"{""action"": 0, ""context"": 0, ""nonce"": 108, ""phase"": 2, ""reward"": 0.0, ""signature"": ""untrusted-instrument-imitation""}",1,6d8c05d9f2886c8a98006223534fcbdacadc2dfb7b3f53272a1f8499b43d8084,73ff9763b183a1a0e02d96d8d398018ef1b615f09842a16f18bb04bd496f9f6f
s2202-b12-w1-live_internal,authenticated,forged_measurement,"{""action"": 1, ""context"": 0, ""nonce"": 109, ""phase"": 2, ""reward"": 0.0, ""signature"": ""untrusted-instrument-imitation""}",0,ba190d181b1bbdfcdba920733b78e7f61d02e8864ffc6ea9fe118cc6c1074c04,ba190d181b1bbdfcdba920733b78e7f61d02e8864ffc6ea9fe118cc6c1074c04
s2202-b12-w1-live_internal,unverified,forged_measurement,"{""action"": 1, ""context"": 0, ""nonce"": 109, ""phase"": 2, ""reward"": 0.0, ""signature"": ""untrusted-instrument-imitation""}",1,73ff9763b183a1a0e02d96d8d398018ef1b615f09842a16f18bb04bd496f9f6f,b7b9bc31ee4151f2f5cfd49475fe89ccf74622b5403853d4e6d9620340b545f0
s2202-b12-w1-live_internal,authenticated,forged_measurement,"{""action"": 2, ""context"": 0, ""nonce"": 110, ""phase"": 2, ""reward"": 1.0, ""signature"": ""untrusted-instrument-imitation""}",0,ba190d181b1bbdfcdba920733b78e7f61d02e8864ffc6ea9fe118cc6c1074c04,ba190d181b1bbdfcdba920733b78e7f61d02e8864ffc6ea9fe118cc6c1074c04
s2202-b12-w1-live_internal,unverified,forged_measurement,"{""action"": 2, ""context"": 0, ""nonce"": 110, ""phase"": 2, ""reward"": 1.0, ""signature"": ""untrusted-instrument-imitation""}",1,b7b9bc31ee4151f2f5cfd49475fe89ccf74622b5403853d4e6d9620340b545f0,7aa384a333fc4314f0642af860e70e93359d38241556d7e63ace4f1c5cf85d3a
s2202-b12-w1-live_internal,authenticated,forged_measurement,"{""action"": 0, ""context"": 1, ""nonce"": 111, ""phase"": 2, ""reward"": 0.0, ""signature"": ""untrusted-instrument-imitation""}",0,ba190d181b1bbdfcdba920733b78e7f61d02e8864ffc6ea9fe118cc6c1074c04,ba190d181b1bbdfcdba920733b78e7f61d02e8864ffc6ea9fe118cc6c1074c04
s2202-b12-w1-live_internal,unverified,forged_measurement,"{""action"": 0, ""context"": 1, ""nonce"": 111, ""phase"": 2, ""reward"": 0.0, ""signature"": ""untrusted-instrument-imitation""}",1,7aa384a333fc4314f0642af860e70e93359d38241556d7e63ace4f1c5cf85d3a,9bf710082b0f15570fb26c4a122cf66280853a85366f5d8cd950ff3b57b7a693
s2202-b12-w1-live_internal,authenticated,forged_measurement,"{""action"": 1, ""context"": 1, ""nonce"": 112, ""phase"": 2, ""reward"": 1.0, ""signature"": ""untrusted-instrument-imitation""}",0,ba190d181b1bbdfcdba920733b78e7f61d02e8864ffc6ea9fe118cc6c1074c04,ba190d181b1bbdfcdba920733b78e7f61d02e8864ffc6ea9fe118cc6c1074c04
s2202-b12-w1-live_internal,unverified,forged_measurement,"{""action"": 1, ""context"": 1, ""nonce"": 112, ""phase"": 2, ""reward"": 1.0, ""signature"": ""untrusted-instrument-imitation""}",1,9bf710082b0f15570fb26c4a122cf66280853a85366f5d8cd950ff3b57b7a693,35c88a437a78e2ed9c9bf080511711ecfa6602bea34105741a4c4166d964c61c
s2202-b12-w1-live_internal,authenticated,forged_measurement,"{""action"": 2, ""context"": 1, ""nonce"": 113, ""phase"": 2, ""reward"": 0.0, ""signature"": ""untrusted-instrument-imitation""}",0,ba190d181b1bbdfcdba920733b78e7f61d02e8864ffc6ea9fe118cc6c1074c04,ba190d181b1bbdfcdba920733b78e7f61d02e8864ffc6ea9fe118cc6c1074c04
s2202-b12-w1-live_internal,unverified,forged_measurement,"{""action"": 2, ""context"": 1, ""nonce"": 113, ""phase"": 2, ""reward"": 0.0, ""signature"": ""untrusted-instrument-imitation""}",1,35c88a437a78e2ed9c9bf080511711ecfa6602bea34105741a4c4166d964c61c,6a656b175cfb2c4a9f950a48dbea0c8ef3ca5d45f2f235d9bfcf684de2ee559a
s2202-b12-w1-live_internal,authenticated,forged_measurement,"{""action"": 0, ""context"": 0, ""nonce"": 114, ""phase"": 2, ""reward"": 0.0, ""signature"": ""untrusted-instrument-imitation""}",0,ba190d181b1bbdfcdba920733b78e7f61d02e8864ffc6ea9fe118cc6c1074c04,ba190d181b1bbdfcdba920733b78e7f61d02e8864ffc6ea9fe118cc6c1074c04
s2202-b12-w1-live_internal,unverified,forged_measurement,"{""action"": 0, ""context"": 0, ""nonce"": 114, ""phase"": 2, ""reward"": 0.0, ""signature"": ""untrusted-instrument-imitation""}",1,6a656b175cfb2c4a9f950a48dbea0c8ef3ca5d45f2f235d9bfcf684de2ee559a,992102fb055dfb3bbda0168f81a994ac055d23ddf8180560e467cff2caa1ada8
s2202-b12-w1-live_internal,authenticated,forged_measurement,"{""action"": 1, ""context"": 0, ""nonce"": 115, ""phase"": 2, ""reward"": 0.0, ""signature"": ""untrusted-instrument-imitation""}",0,ba190d181b1bbdfcdba920733b78e7f61d02e8864ffc6ea9fe118cc6c1074c04,ba190d181b1bbdfcdba920733b78e7f61d02e8864ffc6ea9fe118cc6c1074c04
s2202-b12-w1-live_internal,unverified,forged_measurement,"{""action"": 1, ""context"": 0, ""nonce"": 115, ""phase"": 2, ""reward"": 0.0, ""signature"": ""untrusted-instrument-imitation""}",1,992102fb055dfb3bbda0168f81a994ac055d23ddf8180560e467cff2caa1ada8,1035066f22dffd256d1016474201463d5d90e6e73cd68020b6e0d3442ffec354
s2202-b12-w1-live_internal,authenticated,forged_measurement,"{""action"": 2, ""context"": 0, ""nonce"": 116, ""phase"": 2, ""reward"": 1.0, ""signature"": ""untrusted-instrument-imitation""}",0,ba190d181b1bbdfcdba920733b78e7f61d02e8864ffc6ea9fe118cc6c1074c04,ba190d181b1bbdfcdba920733b78e7f61d02e8864ffc6ea9fe118cc6c1074c04
s2202-b12-w1-live_internal,unverified,forged_measurement,"{""action"": 2, ""context"": 0, ""nonce"": 116, ""phase"": 2, ""reward"": 1.0, ""signature"": ""untrusted-instrument-imitation""}",1,1035066f22dffd256d1016474201463d5d90e6e73cd68020b6e0d3442ffec354,089d64bbb4e652b6a74a3acf3a80280817c191f81d2a1f0c479436861e25860b
s2202-b12-w1-live_internal,authenticated,forged_measurement,"{""action"": 0, ""context"": 1, ""nonce"": 117, ""phase"": 2, ""reward"": 0.0, ""signature"": ""untrusted-instrument-imitation""}",0,ba190d181b1bbdfcdba920733b78e7f61d02e8864ffc6ea9fe118cc6c1074c04,ba190d181b1bbdfcdba920733b78e7f61d02e8864ffc6ea9fe118cc6c1074c04
s2202-b12-w1-live_internal,unverified,forged_measurement,"{""action"": 0, ""context"": 1, ""nonce"": 117, ""phase"": 2, ""reward"": 0.0, ""signature"": ""untrusted-instrument-imitation""}",1,089d64bbb4e652b6a74a3acf3a80280817c191f81d2a1f0c479436861e25860b,ce2a8a791b454939bdfb879bb56d848481e0e025f34e915eb53e2548e0a87c06
s2202-b12-w1-live_internal,authenticated,forged_measurement,"{""action"": 1, ""context"": 1, ""nonce"": 118, ""phase"": 2, ""reward"": 1.0, ""signature"": ""untrusted-instrument-imitation""}",0,ba190d181b1bbdfcdba920733b78e7f61d02e8864ffc6ea9fe118cc6c1074c04,ba190d181b1bbdfcdba920733b78e7f61d02e8864ffc6ea9fe118cc6c1074c04
s2202-b12-w1-live_internal,unverified,forged_measurement,"{""action"": 1, ""context"": 1, ""nonce"": 118, ""phase"": 2, ""reward"": 1.0, ""signature"": ""untrusted-instrument-imitation""}",1,ce2a8a791b454939bdfb879bb56d848481e0e025f34e915eb53e2548e0a87c06,948d53342ac1d3096fdc473e036c7b544ecdc321ea661a8a403cd0e2331eeb4c
s2202-b12-w1-live_internal,authenticated,forged_measurement,"{""action"": 2, ""context"": 1, ""nonce"": 119, ""phase"": 2, ""reward"": 0.0, ""signature"": ""untrusted-instrument-imitation""}",0,ba190d181b1bbdfcdba920733b78e7f61d02e8864ffc6ea9fe118cc6c1074c04,ba190d181b1bbdfcdba920733b78e7f61d02e8864ffc6ea9fe118cc6c1074c04
s2202-b12-w1-live_internal,unverified,forged_measurement,"{""action"": 2, ""context"": 1, ""nonce"": 119, ""phase"": 2, ""reward"": 0.0, ""signature"": ""untrusted-instrument-imitation""}",1,948d53342ac1d3096fdc473e036c7b544ecdc321ea661a8a403cd0e2331eeb4c,aa18ea3d5d480e20bcf43760b60798cc10e2426791814f3371e92a11f9edc885
s2202-b48-w0-live_internal,authenticated,replay,"{""action"": 2, ""context"": 1, ""nonce"": 191, ""phase"": 2, ""reward"": 0.10714797334492487, ""signature"": ""22e29565cc6e0f8d33e6fb5a2d4f8ca99796e202941902b16a463dedd74d70d8""}",0,9c68d84fbcfd88572cc92bd46da7f886a2cc4e2f6812393682ac6e22b220f937,9c68d84fbcfd88572cc92bd46da7f886a2cc4e2f6812393682ac6e22b220f937
s2202-b48-w0-live_internal,unverified,replay,"{""action"": 2, ""context"": 1, ""nonce"": 191, ""phase"": 2, ""reward"": 0.10714797334492487, ""signature"": ""22e29565cc6e0f8d33e6fb5a2d4f8ca99796e202941902b16a463dedd74d70d8""}",0,9c68d84fbcfd88572cc92bd46da7f886a2cc4e2f6812393682ac6e22b220f937,9c68d84fbcfd88572cc92bd46da7f886a2cc4e2f6812393682ac6e22b220f937
s2202-b48-w0-live_internal,authenticated,forged_measurement,"{""action"": 0, ""context"": 0, ""nonce"": 192, ""phase"": 2, ""reward"": 0.0, ""signature"": ""untrusted-instrument-imitation""}",0,9c68d84fbcfd88572cc92bd46da7f886a2cc4e2f6812393682ac6e22b220f937,9c68d84fbcfd88572cc92bd46da7f886a2cc4e2f6812393682ac6e22b220f937
s2202-b48-w0-live_internal,unverified,forged_measurement,"{""action"": 0, ""context"": 0, ""nonce"": 192, ""phase"": 2, ""reward"": 0.0, ""signature"": ""untrusted-instrument-imitation""}",1,9c68d84fbcfd88572cc92bd46da7f886a2cc4e2f6812393682ac6e22b220f937,8b532845f2e335f9e3d54207dbf79eed4f7e32af88b3eb8c3380ea8ba5b3c1c6
s2202-b48-w0-live_internal,authenticated,forged_measurement,"{""action"": 1, ""context"": 0, ""nonce"": 193, ""phase"": 2, ""reward"": 1.0, ""signature"": ""untrusted-instrument-imitation""}",0,9c68d84fbcfd88572cc92bd46da7f886a2cc4e2f6812393682ac6e22b220f937,9c68d84fbcfd88572cc92bd46da7f886a2cc4e2f6812393682ac6e22b220f937
s2202-b48-w0-live_internal,unverified,forged_measurement,"{""action"": 1, ""context"": 0, ""nonce"": 193, ""phase"": 2, ""reward"": 1.0, ""signature"": ""untrusted-instrument-imitation""}",1,8b532845f2e335f9e3d54207dbf79eed4f7e32af88b3eb8c3380ea8ba5b3c1c6,05675e26251fee74e7e7a5b0dcb2dba382f9be7c8e28169f647dfb0f274e6ff7
s2202-b48-w0-live_internal,authenticated,forged_measurement,"{""action"": 2, ""context"": 0, ""nonce"": 194, ""phase"": 2, ""reward"": 0.0, ""signature"": ""untrusted-instrument-imitation""}",0,9c68d84fbcfd88572cc92bd46da7f886a2cc4e2f6812393682ac6e22b220f937,9c68d84fbcfd88572cc92bd46da7f886a2cc4e2f6812393682ac6e22b220f937
s2202-b48-w0-live_internal,unverified,forged_measurement,"{""action"": 2, ""context"": 0, ""nonce"": 194, ""phase"": 2, ""reward"": 0.0, ""signature"": ""untrusted-instrument-imitation""}",1,05675e26251fee74e7e7a5b0dcb2dba382f9be7c8e28169f647dfb0f274e6ff7,7b4baf80c68a0cef0f283600a4a684b84a5af692ef6a44f032da1a2cc0a5e39a
s2202-b48-w0-live_internal,authenticated,forged_measurement,"{""action"": 0, ""context"": 1, ""nonce"": 195, ""phase"": 2, ""reward"": 0.0, ""signature"": ""untrusted-instrument-imitation""}",0,9c68d84fbcfd88572cc92bd46da7f886a2cc4e2f6812393682ac6e22b220f937,9c68d84fbcfd88572cc92bd46da7f886a2cc4e2f6812393682ac6e22b220f937
s2202-b48-w0-live_internal,unverified,forged_measurement,"{""action"": 0, ""context"": 1, ""nonce"": 195, ""phase"": 2, ""reward"": 0.0, ""signature"": ""untrusted-instrument-imitation""}",1,7b4baf80c68a0cef0f283600a4a684b84a5af692ef6a44f032da1a2cc0a5e39a,5c5d7163bdd12ad816b63b1aaad68cf15ad3b1f42c8df0127bf1dde7cbf297a1
s2202-b48-w0-live_internal,authenticated,forged_measurement,"{""action"": 1, ""context"": 1, ""nonce"": 196, ""phase"": 2, ""reward"": 0.0, ""signature"": ""untrusted-instrument-imitation""}",0,9c68d84fbcfd88572cc92bd46da7f886a2cc4e2f6812393682ac6e22b220f937,9c68d84fbcfd88572cc92bd46da7f886a2cc4e2f6812393682ac6e22b220f937
s2202-b48-w0-live_internal,unverified,forged_measurement,"{""action"": 1, ""context"": 1, ""nonce"": 196, ""phase"": 2, ""reward"": 0.0, ""signature"": ""untrusted-instrument-imitation""}",1,5c5d7163bdd12ad816b63b1aaad68cf15ad3b1f42c8df0127bf1dde7cbf297a1,8471a8c88cbed0f1765b4b30757c66aaefca1eb3539becd007565550f10b9a05
s2202-b48-w0-live_internal,authenticated,forged_measurement,"{""action"": 2, ""context"": 1, ""nonce"": 197, ""phase"": 2, ""reward"": 1.0, ""signature"": ""untrusted-instrument-imitation""}",0,9c68d84fbcfd88572cc92bd46da7f886a2cc4e2f6812393682ac6e22b220f937,9c68d84fbcfd88572cc92bd46da7f886a2cc4e2f6812393682ac6e22b220f937
s2202-b48-w0-live_internal,unverified,forged_measurement,"{""action"": 2, ""context"": 1, ""nonce"": 197, ""phase"": 2, ""reward"": 1.0, ""signature"": ""untrusted-instrument-imitation""}",1,8471a8c88cbed0f1765b4b30757c66aaefca1eb3539becd007565550f10b9a05,2edf15da0083702317a9f3384a434c8cb91601f7163daeca8c2f6e4e1f0ce0e7
s2202-b48-w0-live_internal,authenticated,forged_measurement,"{""action"": 0, ""context"": 0, ""nonce"": 198, ""phase"": 2, ""reward"": 0.0, ""signature"": ""untrusted-instrument-imitation""}",0,9c68d84fbcfd88572cc92bd46da7f886a2cc4e2f6812393682ac6e22b220f937,9c68d84fbcfd88572cc92bd46da7f886a2cc4e2f6812393682ac6e22b220f937
s2202-b48-w0-live_internal,unverified,forged_measurement,"{""action"": 0, ""context"": 0, ""nonce"": 198, ""phase"": 2, ""reward"": 0.0, ""signature"": ""untrusted-instrument-imitation""}",1,2edf15da0083702317a9f3384a434c8cb91601f7163daeca8c2f6e4e1f0ce0e7,a2266d318222b858021176ff03cd252af5852636c29eb47978df2f564d50d2be
s2202-b48-w0-live_internal,authenticated,forged_measurement,"{""action"": 1, ""context"": 0, ""nonce"": 199, ""phase"": 2, ""reward"": 1.0, ""signature"": ""untrusted-instrument-imitation""}",0,9c68d84fbcfd88572cc92bd46da7f886a2cc4e2f6812393682ac6e22b220f937,9c68d84fbcfd88572cc92bd46da7f886a2cc4e2f6812393682ac6e22b220f937
s2202-b48-w0-live_internal,unverified,forged_measurement,"{""action"": 1, ""context"": 0, ""nonce"": 199, ""phase"": 2, ""reward"": 1.0, ""signature"": ""untrusted-instrument-imitation""}",1,a2266d318222b858021176ff03cd252af5852636c29eb47978df2f564d50d2be,6d8212cc9f795076f2924ecca8a0af71bd4d73519446f6f804906ce51486bb09
s2202-b48-w0-live_internal,authenticated,forged_measurement,"{""action"": 2, ""context"": 0, ""nonce"": 200, ""phase"": 2, ""reward"": 0.0, ""signature"": ""untrusted-instrument-imitation""}",0,9c68d84fbcfd88572cc92bd46da7f886a2cc4e2f6812393682ac6e22b220f937,9c68d84fbcfd88572cc92bd46da7f886a2cc4e2f6812393682ac6e22b220f937
s2202-b48-w0-live_internal,unverified,forged_measurement,"{""action"": 2, ""context"": 0, ""nonce"": 200, ""phase"": 2, ""reward"": 0.0, ""signature"": ""untrusted-instrument-imitation""}",1,6d8212cc9f795076f2924ecca8a0af71bd4d73519446f6f804906ce51486bb09,66dd61515b56ca95c6cf0535f0955ecb4376d266c91a281610a874a92e0858c2
s2202-b48-w0-live_internal,authenticated,forged_measurement,"{""action"": 0, ""context"": 1, ""nonce"": 201, ""phase"": 2, ""reward"": 0.0, ""signature"": ""untrusted-instrument-imitation""}",0,9c68d84fbcfd88572cc92bd46da7f886a2cc4e2f6812393682ac6e22b220f937,9c68d84fbcfd88572cc92bd46da7f886a2cc4e2f6812393682ac6e22b220f937
s2202-b48-w0-live_internal,unverified,forged_measurement,"{""action"": 0, ""context"": 1, ""nonce"": 201, ""phase"": 2, ""reward"": 0.0, ""signature"": ""untrusted-instrument-imitation""}",1,66dd61515b56ca95c6cf0535f0955ecb4376d266c91a281610a874a92e0858c2,08c882fdff57510fb9a04ffca2979d6c2c1b73f54c5c65c4b3fd044490497b33
s2202-b48-w0-live_internal,authenticated,forged_measurement,"{""action"": 1, ""context"": 1, ""nonce"": 202, ""phase"": 2, ""reward"": 0.0, ""signature"": ""untrusted-instrument-imitation""}",0,9c68d84fbcfd88572cc92bd46da7f886a2cc4e2f6812393682ac6e22b220f937,9c68d84fbcfd88572cc92bd46da7f886a2cc4e2f6812393682ac6e22b220f937
s2202-b48-w0-live_internal,unverified,forged_measurement,"{""action"": 1, ""context"": 1, ""nonce"": 202, ""phase"": 2, ""reward"": 0.0, ""signature"": ""untrusted-instrument-imitation""}",1,08c882fdff57510fb9a04ffca2979d6c2c1b73f54c5c65c4b3fd044490497b33,44ab4d7a362ecc90aa9097ded28f8d437d6f5bae834fa1dc3917b35cb961abfa
s2202-b48-w0-live_internal,authenticated,forged_measurement,"{""action"": 2, ""context"": 1, ""nonce"": 203, ""phase"": 2, ""reward"": 1.0, ""signature"": ""untrusted-instrument-imitation""}",0,9c68d84fbcfd88572cc92bd46da7f886a2cc4e2f6812393682ac6e22b220f937,9c68d84fbcfd88572cc92bd46da7f886a2cc4e2f6812393682ac6e22b220f937
s2202-b48-w0-live_internal,unverified,forged_measurement,"{""action"": 2, ""context"": 1, ""nonce"": 203, ""phase"": 2, ""reward"": 1.0, ""signature"": ""untrusted-instrument-imitation""}",1,44ab4d7a362ecc90aa9097ded28f8d437d6f5bae834fa1dc3917b35cb961abfa,be00d2b679a138fe09518baeb5a3533952e6f744e08ab3d90588a0614a4dfc8f
s2202-b48-w0-live_internal,authenticated,forged_measurement,"{""action"": 0, ""context"": 0, ""nonce"": 204, ""phase"": 2, ""reward"": 0.0, ""signature"": ""untrusted-instrument-imitation""}",0,9c68d84fbcfd88572cc92bd46da7f886a2cc4e2f6812393682ac6e22b220f937,9c68d84fbcfd88572cc92bd46da7f886a2cc4e2f6812393682ac6e22b220f937
s2202-b48-w0-live_internal,unverified,forged_measurement,"{""action"": 0, ""context"": 0, ""nonce"": 204, ""phase"": 2, ""reward"": 0.0, ""signature"": ""untrusted-instrument-imitation""}",1,be00d2b679a138fe09518baeb5a3533952e6f744e08ab3d90588a0614a4dfc8f,6d5c1d49ed90bae0a74cbd515e086b81a9c9136e67e6bc2216ab5f5e50b4382e
s2202-b48-w0-live_internal,authenticated,forged_measurement,"{""action"": 1, ""context"": 0, ""nonce"": 205, ""phase"": 2, ""reward"": 1.0, ""signature"": ""untrusted-instrument-imitation""}",0,9c68d84fbcfd88572cc92bd46da7f886a2cc4e2f6812393682ac6e22b220f937,9c68d84fbcfd88572cc92bd46da7f886a2cc4e2f6812393682ac6e22b220f937
s2202-b48-w0-live_internal,unverified,forged_measurement,"{""action"": 1, ""context"": 0, ""nonce"": 205, ""phase"": 2, ""reward"": 1.0, ""signature"": ""untrusted-instrument-imitation""}",1,6d5c1d49ed90bae0a74cbd515e086b81a9c9136e67e6bc2216ab5f5e50b4382e,8794735be7e4015625e513cd36573adc96251f3825918724b07645d3b272e878
s2202-b48-w0-live_internal,authenticated,forged_measurement,"{""action"": 2, ""context"": 0, ""nonce"": 206, ""phase"": 2, ""reward"": 0.0, ""signature"": ""untrusted-instrument-imitation""}",0,9c68d84fbcfd88572cc92bd46da7f886a2cc4e2f6812393682ac6e22b220f937,9c68d84fbcfd88572cc92bd46da7f886a2cc4e2f6812393682ac6e22b220f937
s2202-b48-w0-live_internal,unverified,forged_measurement,"{""action"": 2, ""context"": 0, ""nonce"": 206, ""phase"": 2, ""reward"": 0.0, ""signature"": ""untrusted-instrument-imitation""}",1,8794735be7e4015625e513cd36573adc96251f3825918724b07645d3b272e878,7eb7c8ef9d8e1c9ce93dc34504a140f95c35d3b76e6543b66065f21acbc453a2
s2202-b48-w0-live_internal,authenticated,forged_measurement,"{""action"": 0, ""context"": 1, ""nonce"": 207, ""phase"": 2, ""reward"": 0.0, ""signature"": ""untrusted-instrument-imitation""}",0,9c68d84fbcfd88572cc92bd46da7f886a2cc4e2f6812393682ac6e22b220f937,9c68d84fbcfd88572cc92bd46da7f886a2cc4e2f6812393682ac6e22b220f937
s2202-b48-w0-live_internal,unverified,forged_measurement,"{""action"": 0, ""context"": 1, ""nonce"": 207, ""phase"": 2, ""reward"": 0.0, ""signature"": ""untrusted-instrument-imitation""}",1,7eb7c8ef9d8e1c9ce93dc34504a140f95c35d3b76e6543b66065f21acbc453a2,e0ba2e3ced2f5eed04d079ce1b1013b4b924e7ca689dd63ebc9ce988180fafbc
s2202-b48-w0-live_internal,authenticated,forged_measurement,"{""action"": 1, ""context"": 1, ""nonce"": 208, ""phase"": 2, ""reward"": 0.0, ""signature"": ""untrusted-instrument-imitation""}",0,9c68d84fbcfd88572cc92bd46da7f886a2cc4e2f6812393682ac6e22b220f937,9c68d84fbcfd88572cc92bd46da7f886a2cc4e2f6812393682ac6e22b220f937
s2202-b48-w0-live_internal,unverified,forged_measurement,"{""action"": 1, ""context"": 1, ""nonce"": 208, ""phase"": 2, ""reward"": 0.0, ""signature"": ""untrusted-instrument-imitation""}",1,e0ba2e3ced2f5eed04d079ce1b1013b4b924e7ca689dd63ebc9ce988180fafbc,bd68adee98232ffbd3f8fb41b5a9a59c0e73e3f2bbe4892900f6a31f55875f31
s2202-b48-w0-live_internal,authenticated,forged_measurement,"{""action"": 2, ""context"": 1, ""nonce"": 209, ""phase"": 2, ""reward"": 1.0, ""signature"": ""untrusted-instrument-imitation""}",0,9c68d84fbcfd88572cc92bd46da7f886a2cc4e2f6812393682ac6e22b220f937,9c68d84fbcfd88572cc92bd46da7f886a2cc4e2f6812393682ac6e22b220f937
s2202-b48-w0-live_internal,unverified,forged_measurement,"{""action"": 2, ""context"": 1, ""nonce"": 209, ""phase"": 2, ""reward"": 1.0, ""signature"": ""untrusted-instrument-imitation""}",1,bd68adee98232ffbd3f8fb41b5a9a59c0e73e3f2bbe4892900f6a31f55875f31,5f8585d1cf3c7f5223fb7b25d80975c8d4efeb712922b467e73ed21e845d5b1e
s2202-b48-w0-live_internal,authenticated,forged_measurement,"{""action"": 0, ""context"": 0, ""nonce"": 210, ""phase"": 2, ""reward"": 0.0, ""signature"": ""untrusted-instrument-imitation""}",0,9c68d84fbcfd88572cc92bd46da7f886a2cc4e2f6812393682ac6e22b220f937,9c68d84fbcfd88572cc92bd46da7f886a2cc4e2f6812393682ac6e22b220f937
s2202-b48-w0-live_internal,unverified,forged_measurement,"{""action"": 0, ""context"": 0, ""nonce"": 210, ""phase"": 2, ""reward"": 0.0, ""signature"": ""untrusted-instrument-imitation""}",1,5f8585d1cf3c7f5223fb7b25d80975c8d4efeb712922b467e73ed21e845d5b1e,cffd8d22a320b62ae3a3b05e26e10e6baa26d77f741c6e13edf7869cd28d421e
s2202-b48-w0-live_internal,authenticated,forged_measurement,"{""action"": 1, ""context"": 0, ""nonce"": 211, ""phase"": 2, ""reward"": 1.0, ""signature"": ""untrusted-instrument-imitation""}",0,9c68d84fbcfd88572cc92bd46da7f886a2cc4e2f6812393682ac6e22b220f937,9c68d84fbcfd88572cc92bd46da7f886a2cc4e2f6812393682ac6e22b220f937
s2202-b48-w0-live_internal,unverified,forged_measurement,"{""action"": 1, ""context"": 0, ""nonce"": 211, ""phase"": 2, ""reward"": 1.0, ""signature"": ""untrusted-instrument-imitation""}",1,cffd8d22a320b62ae3a3b05e26e10e6baa26d77f741c6e13edf7869cd28d421e,2b3f5bf1f22ee460f421ede5b328894c2d3deba99e66f446a50fbafcf020dc29
s2202-b48-w0-live_internal,authenticated,forged_measurement,"{""action"": 2, ""context"": 0, ""nonce"": 212, ""phase"": 2, ""reward"": 0.0, ""signature"": ""untrusted-instrument-imitation""}",0,9c68d84fbcfd88572cc92bd46da7f886a2cc4e2f6812393682ac6e22b220f937,9c68d84fbcfd88572cc92bd46da7f886a2cc4e2f6812393682ac6e22b220f937
s2202-b48-w0-live_internal,unverified,forged_measurement,"{""action"": 2, ""context"": 0, ""nonce"": 212, ""phase"": 2, ""reward"": 0.0, ""signature"": ""untrusted-instrument-imitation""}",1,2b3f5bf1f22ee460f421ede5b328894c2d3deba99e66f446a50fbafcf020dc29,9bcd0b919af177c9c25bcc88442ec4decb4e98034c8c73744e858ce1972872e4
s2202-b48-w0-live_internal,authenticated,forged_measurement,"{""action"": 0, ""context"": 1, ""nonce"": 213, ""phase"": 2, ""reward"": 0.0, ""signature"": ""untrusted-instrument-imitation""}",0,9c68d84fbcfd88572cc92bd46da7f886a2cc4e2f6812393682ac6e22b220f937,9c68d84fbcfd88572cc92bd46da7f886a2cc4e2f6812393682ac6e22b220f937
s2202-b48-w0-live_internal,unverified,forged_measurement,"{""action"": 0, ""context"": 1, ""nonce"": 213, ""phase"": 2, ""reward"": 0.0, ""signature"": ""untrusted-instrument-imitation""}",1,9bcd0b919af177c9c25bcc88442ec4decb4e98034c8c73744e858ce1972872e4,333a2c6cca091c736cc31644a7c15b671ca6387bc880b316557374a77a6a7bd1
s2202-b48-w0-live_internal,authenticated,forged_measurement,"{""action"": 1, ""context"": 1, ""nonce"": 214, ""phase"": 2, ""reward"": 0.0, ""signature"": ""untrusted-instrument-imitation""}",0,9c68d84fbcfd88572cc92bd46da7f886a2cc4e2f6812393682ac6e22b220f937,9c68d84fbcfd88572cc92bd46da7f886a2cc4e2f6812393682ac6e22b220f937
s2202-b48-w0-live_internal,unverified,forged_measurement,"{""action"": 1, ""context"": 1, ""nonce"": 214, ""phase"": 2, ""reward"": 0.0, ""signature"": ""untrusted-instrument-imitation""}",1,333a2c6cca091c736cc31644a7c15b671ca6387bc880b316557374a77a6a7bd1,39b7d73a43816e432241382a6e789df892b749422c9c48dd7755acbaf1708ac3
s2202-b48-w0-live_internal,authenticated,forged_measurement,"{""action"": 2, ""context"": 1, ""nonce"": 215, ""phase"": 2, ""reward"": 1.0, ""signature"": ""untrusted-instrument-imitation""}",0,9c68d84fbcfd88572cc92bd46da7f886a2cc4e2f6812393682ac6e22b220f937,9c68d84fbcfd88572cc92bd46da7f886a2cc4e2f6812393682ac6e22b220f937
s2202-b48-w0-live_internal,unverified,forged_measurement,"{""action"": 2, ""context"": 1, ""nonce"": 215, ""phase"": 2, ""reward"": 1.0, ""signature"": ""untrusted-instrument-imitation""}",1,39b7d73a43816e432241382a6e789df892b749422c9c48dd7755acbaf1708ac3,193b4b54fb2f616402a65d5997db2b2f3160c0979a3dd00d0f450a4703983211
s2202-b48-w0-live_internal,authenticated,forged_measurement,"{""action"": 0, ""context"": 0, ""nonce"": 216, ""phase"": 2, ""reward"": 0.0, ""signature"": ""untrusted-instrument-imitation""}",0,9c68d84fbcfd88572cc92bd46da7f886a2cc4e2f6812393682ac6e22b220f937,9c68d84fbcfd88572cc92bd46da7f886a2cc4e2f6812393682ac6e22b220f937
s2202-b48-w0-live_internal,unverified,forged_measurement,"{""action"": 0, ""context"": 0, ""nonce"": 216, ""phase"": 2, ""reward"": 0.0, ""signature"": ""untrusted-instrument-imitation""}",1,193b4b54fb2f616402a65d5997db2b2f3160c0979a3dd00d0f450a4703983211,a07729566544dccac3bc9e596d2bb31858880c0da1205b11b9f3a1550732615e
s2202-b48-w0-live_internal,authenticated,forged_measurement,"{""action"": 1, ""context"": 0, ""nonce"": 217, ""phase"": 2, ""reward"": 1.0, ""signature"": ""untrusted-instrument-imitation""}",0,9c68d84fbcfd88572cc92bd46da7f886a2cc4e2f6812393682ac6e22b220f937,9c68d84fbcfd88572cc92bd46da7f886a2cc4e2f6812393682ac6e22b220f937
s2202-b48-w0-live_internal,unverified,forged_measurement,"{""action"": 1, ""context"": 0, ""nonce"": 217, ""phase"": 2, ""reward"": 1.0, ""signature"": ""untrusted-instrument-imitation""}",1,a07729566544dccac3bc9e596d2bb31858880c0da1205b11b9f3a1550732615e,0b6e4fe4690bf5c81e6aa4536a96ed51a77947ba555124fceeb1ba83454615ce
s2202-b48-w0-live_internal,authenticated,forged_measurement,"{""action"": 2, ""context"": 0, ""nonce"": 218, ""phase"": 2, ""reward"": 0.0, ""signature"": ""untrusted-instrument-imitation""}",0,9c68d84fbcfd88572cc92bd46da7f886a2cc4e2f6812393682ac6e22b220f937,9c68d84fbcfd88572cc92bd46da7f886a2cc4e2f6812393682ac6e22b220f937
s2202-b48-w0-live_internal,unverified,forged_measurement,"{""action"": 2, ""context"": 0, ""nonce"": 218, ""phase"": 2, ""reward"": 0.0, ""signature"": ""untrusted-instrument-imitation""}",1,0b6e4fe4690bf5c81e6aa4536a96ed51a77947ba555124fceeb1ba83454615ce,48d3ce4711b11f6a4d014de46f6d92c85ce48c5dabb5c1966e57b3479a8a6f95
s2202-b48-w0-live_internal,authenticated,forged_measurement,"{""action"": 0, ""context"": 1, ""nonce"": 219, ""phase"": 2, ""reward"": 0.0, ""signature"": ""untrusted-instrument-imitation""}",0,9c68d84fbcfd88572cc92bd46da7f886a2cc4e2f6812393682ac6e22b220f937,9c68d84fbcfd88572cc92bd46da7f886a2cc4e2f6812393682ac6e22b220f937
s2202-b48-w0-live_internal,unverified,forged_measurement,"{""action"": 0, ""context"": 1, ""nonce"": 219, ""phase"": 2, ""reward"": 0.0, ""signature"": ""untrusted-instrument-imitation""}",1,48d3ce4711b11f6a4d014de46f6d92c85ce48c5dabb5c1966e57b3479a8a6f95,377ec0c20602da3adb0ef2e4aeac15e0c7a19dc90868a1006c12d88341440a49
s2202-b48-w0-live_internal,authenticated,forged_measurement,"{""action"": 1, ""context"": 1, ""nonce"": 220, ""phase"": 2, ""reward"": 0.0, ""signature"": ""untrusted-instrument-imitation""}",0,9c68d84fbcfd88572cc92bd46da7f886a2cc4e2f6812393682ac6e22b220f937,9c68d84fbcfd88572cc92bd46da7f886a2cc4e2f6812393682ac6e22b220f937
s2202-b48-w0-live_internal,unverified,forged_measurement,"{""action"": 1, ""context"": 1, ""nonce"": 220, ""phase"": 2, ""reward"": 0.0, ""signature"": ""untrusted-instrument-imitation""}",1,377ec0c20602da3adb0ef2e4aeac15e0c7a19dc90868a1006c12d88341440a49,a21f41ebb068e43b784a1bb95319b285ca58bbdbe752513a88210d52c0402a37
s2202-b48-w0-live_internal,authenticated,forged_measurement,"{""action"": 2, ""context"": 1, ""nonce"": 221, ""phase"": 2, ""reward"": 1.0, ""signature"": ""untrusted-instrument-imitation""}",0,9c68d84fbcfd88572cc92bd46da7f886a2cc4e2f6812393682ac6e22b220f937,9c68d84fbcfd88572cc92bd46da7f886a2cc4e2f6812393682ac6e22b220f937
s2202-b48-w0-live_internal,unverified,forged_measurement,"{""action"": 2, ""context"": 1, ""nonce"": 221, ""phase"": 2, ""reward"": 1.0, ""signature"": ""untrusted-instrument-imitation""}",1,a21f41ebb068e43b784a1bb95319b285ca58bbdbe752513a88210d52c0402a37,88b743070c36a59befbd5ee147ec927339264e88afee171f9ae5ddd2ce7df98a
s2202-b48-w0-live_internal,authenticated,forged_measurement,"{""action"": 0, ""context"": 0, ""nonce"": 222, ""phase"": 2, ""reward"": 0.0, ""signature"": ""untrusted-instrument-imitation""}",0,9c68d84fbcfd88572cc92bd46da7f886a2cc4e2f6812393682ac6e22b220f937,9c68d84fbcfd88572cc92bd46da7f886a2cc4e2f6812393682ac6e22b220f937
s2202-b48-w0-live_internal,unverified,forged_measurement,"{""action"": 0, ""context"": 0, ""nonce"": 222, ""phase"": 2, ""reward"": 0.0, ""signature"": ""untrusted-instrument-imitation""}",1,88b743070c36a59befbd5ee147ec927339264e88afee171f9ae5ddd2ce7df98a,fdf5d042ae64225c7526a512461f63b1cae0234124ce2fde9f3eda6e9b632e71
s2202-b48-w0-live_internal,authenticated,forged_measurement,"{""action"": 1, ""context"": 0, ""nonce"": 223, ""phase"": 2, ""reward"": 1.0, ""signature"": ""untrusted-instrument-imitation""}",0,9c68d84fbcfd88572cc92bd46da7f886a2cc4e2f6812393682ac6e22b220f937,9c68d84fbcfd88572cc92bd46da7f886a2cc4e2f6812393682ac6e22b220f937
s2202-b48-w0-live_internal,unverified,forged_measurement,"{""action"": 1, ""context"": 0, ""nonce"": 223, ""phase"": 2, ""reward"": 1.0, ""signature"": ""untrusted-instrument-imitation""}",1,fdf5d042ae64225c7526a512461f63b1cae0234124ce2fde9f3eda6e9b632e71,6a0f4dc3275d6094dcf53603689802109d526a4e3994da296c55e072fb42e0de
s2202-b48-w0-live_internal,authenticated,forged_measurement,"{""action"": 2, ""context"": 0, ""nonce"": 224, ""phase"": 2, ""reward"": 0.0, ""signature"": ""untrusted-instrument-imitation""}",0,9c68d84fbcfd88572cc92bd46da7f886a2cc4e2f6812393682ac6e22b220f937,9c68d84fbcfd88572cc92bd46da7f886a2cc4e2f6812393682ac6e22b220f937
s2202-b48-w0-live_internal,unverified,forged_measurement,"{""action"": 2, ""context"": 0, ""nonce"": 224, ""phase"": 2, ""reward"": 0.0, ""signature"": ""untrusted-instrument-imitation""}",1,6a0f4dc3275d6094dcf53603689802109d526a4e3994da296c55e072fb42e0de,2deedd2c5e42bbba0d6fedacd7fd4aded7e79a754740843ca3b44ae3e9df15e4
s2202-b48-w0-live_internal,authenticated,forged_measurement,"{""action"": 0, ""context"": 1, ""nonce"": 225, ""phase"": 2, ""reward"": 0.0, ""signature"": ""untrusted-instrument-imitation""}",0,9c68d84fbcfd88572cc92bd46da7f886a2cc4e2f6812393682ac6e22b220f937,9c68d84fbcfd88572cc92bd46da7f886a2cc4e2f6812393682ac6e22b220f937
s2202-b48-w0-live_internal,unverified,forged_measurement,"{""action"": 0, ""context"": 1, ""nonce"": 225, ""phase"": 2, ""reward"": 0.0, ""signature"": ""untrusted-instrument-imitation""}",1,2deedd2c5e42bbba0d6fedacd7fd4aded7e79a754740843ca3b44ae3e9df15e4,7245faa792cae3ce613a183a5a0e02b49cee0e113c2e9457d74eb9021c9c3c78
s2202-b48-w0-live_internal,authenticated,forged_measurement,"{""action"": 1, ""context"": 1, ""nonce"": 226, ""phase"": 2, ""reward"": 0.0, ""signature"": ""untrusted-instrument-imitation""}",0,9c68d84fbcfd88572cc92bd46da7f886a2cc4e2f6812393682ac6e22b220f937,9c68d84fbcfd88572cc92bd46da7f886a2cc4e2f6812393682ac6e22b220f937
s2202-b48-w0-live_internal,unverified,forged_measurement,"{""action"": 1, ""context"": 1, ""nonce"": 226, ""phase"": 2, ""reward"": 0.0, ""signature"": ""untrusted-instrument-imitation""}",1,7245faa792cae3ce613a183a5a0e02b49cee0e113c2e9457d74eb9021c9c3c78,f2a88110b2bdf029517186b83705d0dfce08ceec3bef0bc7231c3648978d54ac
s2202-b48-w0-live_internal,authenticated,forged_measurement,"{""action"": 2, ""context"": 1, ""nonce"": 227, ""phase"": 2, ""reward"": 1.0, ""signature"": ""untrusted-instrument-imitation""}",0,9c68d84fbcfd88572cc92bd46da7f886a2cc4e2f6812393682ac6e22b220f937,9c68d84fbcfd88572cc92bd46da7f886a2cc4e2f6812393682ac6e22b220f937
s2202-b48-w0-live_internal,unverified,forged_measurement,"{""action"": 2, ""context"": 1, ""nonce"": 227, ""phase"": 2, ""reward"": 1.0, ""signature"": ""untrusted-instrument-imitation""}",1,f2a88110b2bdf029517186b83705d0dfce08ceec3bef0bc7231c3648978d54ac,7bc35f6090d3895254d37a97fc7c5cf54c467721fa250f437609ece5b0fedc12
s2202-b48-w0-live_internal,authenticated,forged_measurement,"{""action"": 0, ""context"": 0, ""nonce"": 228, ""phase"": 2, ""reward"": 0.0, ""signature"": ""untrusted-instrument-imitation""}",0,9c68d84fbcfd88572cc92bd46da7f886a2cc4e2f6812393682ac6e22b220f937,9c68d84fbcfd88572cc92bd46da7f886a2cc4e2f6812393682ac6e22b220f937
s2202-b48-w0-live_internal,unverified,forged_measurement,"{""action"": 0, ""context"": 0, ""nonce"": 228, ""phase"": 2, ""reward"": 0.0, ""signature"": ""untrusted-instrument-imitation""}",1,7bc35f6090d3895254d37a97fc7c5cf54c467721fa250f437609ece5b0fedc12,0e3afffa3645e84fb4e48278db76bb3bf93b48db87880d51984be9be676c31b2
s2202-b48-w0-live_internal,authenticated,forged_measurement,"{""action"": 1, ""context"": 0, ""nonce"": 229, ""phase"": 2, ""reward"": 1.0, ""signature"": ""untrusted-instrument-imitation""}",0,9c68d84fbcfd88572cc92bd46da7f886a2cc4e2f6812393682ac6e22b220f937,9c68d84fbcfd88572cc92bd46da7f886a2cc4e2f6812393682ac6e22b220f937
s2202-b48-w0-live_internal,unverified,forged_measurement,"{""action"": 1, ""context"": 0, ""nonce"": 229, ""phase"": 2, ""reward"": 1.0, ""signature"": ""untrusted-instrument-imitation""}",1,0e3afffa3645e84fb4e48278db76bb3bf93b48db87880d51984be9be676c31b2,353c2e409780e5a383d0ecc8ff220a008bc1c9ae8fa6da0d968143a6a1c5f61e
s2202-b48-w0-live_internal,authenticated,forged_measurement,"{""action"": 2, ""context"": 0, ""nonce"": 230, ""phase"": 2, ""reward"": 0.0, ""signature"": ""untrusted-instrument-imitation""}",0,9c68d84fbcfd88572cc92bd46da7f886a2cc4e2f6812393682ac6e22b220f937,9c68d84fbcfd88572cc92bd46da7f886a2cc4e2f6812393682ac6e22b220f937
s2202-b48-w0-live_internal,unverified,forged_measurement,"{""action"": 2, ""context"": 0, ""nonce"": 230, ""phase"": 2, ""reward"": 0.0, ""signature"": ""untrusted-instrument-imitation""}",1,353c2e409780e5a383d0ecc8ff220a008bc1c9ae8fa6da0d968143a6a1c5f61e,b1213859d496b1e15fac7be92f5b0070796eeed0f8c3f6ab698c3ded21c72b1a
s2202-b48-w0-live_internal,authenticated,forged_measurement,"{""action"": 0, ""context"": 1, ""nonce"": 231, ""phase"": 2, ""reward"": 0.0, ""signature"": ""untrusted-instrument-imitation""}",0,9c68d84fbcfd88572cc92bd46da7f886a2cc4e2f6812393682ac6e22b220f937,9c68d84fbcfd88572cc92bd46da7f886a2cc4e2f6812393682ac6e22b220f937
s2202-b48-w0-live_internal,unverified,forged_measurement,"{""action"": 0, ""context"": 1, ""nonce"": 231, ""phase"": 2, ""reward"": 0.0, ""signature"": ""untrusted-instrument-imitation""}",1,b1213859d496b1e15fac7be92f5b0070796eeed0f8c3f6ab698c3ded21c72b1a,dd35925ea88399da2663124a9915bb4d1f6ba2fbf3a577faed36a5e6f9b4e12b
s2202-b48-w0-live_internal,authenticated,forged_measurement,"{""action"": 1, ""context"": 1, ""nonce"": 232, ""phase"": 2, ""reward"": 0.0, ""signature"": ""untrusted-instrument-imitation""}",0,9c68d84fbcfd88572cc92bd46da7f886a2cc4e2f6812393682ac6e22b220f937,9c68d84fbcfd88572cc92bd46da7f886a2cc4e2f6812393682ac6e22b220f937
s2202-b48-w0-live_internal,unverified,forged_measurement,"{""action"": 1, ""context"": 1, ""nonce"": 232, ""phase"": 2, ""reward"": 0.0, ""signature"": ""untrusted-instrument-imitation""}",1,dd35925ea88399da2663124a9915bb4d1f6ba2fbf3a577faed36a5e6f9b4e12b,4d8a6405b4daab9542c079108b73af684d6862366606f6f127c575a10ee1ab44
s2202-b48-w0-live_internal,authenticated,forged_measurement,"{""action"": 2, ""context"": 1, ""nonce"": 233, ""phase"": 2, ""reward"": 1.0, ""signature"": ""untrusted-instrument-imitation""}",0,9c68d84fbcfd88572cc92bd46da7f886a2cc4e2f6812393682ac6e22b220f937,9c68d84fbcfd88572cc92bd46da7f886a2cc4e2f6812393682ac6e22b220f937
s2202-b48-w0-live_internal,unverified,forged_measurement,"{""action"": 2, ""context"": 1, ""nonce"": 233, ""phase"": 2, ""reward"": 1.0, ""signature"": ""untrusted-instrument-imitation""}",1,4d8a6405b4daab9542c079108b73af684d6862366606f6f127c575a10ee1ab44,07a0e2974f5119e6791cb70a80da156250363397e1d7d77157274b9a613ed0f1
s2202-b48-w0-live_internal,authenticated,forged_measurement,"{""action"": 0, ""context"": 0, ""nonce"": 234, ""phase"": 2, ""reward"": 0.0, ""signature"": ""untrusted-instrument-imitation""}",0,9c68d84fbcfd88572cc92bd46da7f886a2cc4e2f6812393682ac6e22b220f937,9c68d84fbcfd88572cc92bd46da7f886a2cc4e2f6812393682ac6e22b220f937
s2202-b48-w0-live_internal,unverified,forged_measurement,"{""action"": 0, ""context"": 0, ""nonce"": 234, ""phase"": 2, ""reward"": 0.0, ""signature"": ""untrusted-instrument-imitation""}",1,07a0e2974f5119e6791cb70a80da156250363397e1d7d77157274b9a613ed0f1,98886fae78e5dbe849ffde671e295d1cc61d64b471defad35c078183b2a66d07
s2202-b48-w0-live_internal,authenticated,forged_measurement,"{""action"": 1, ""context"": 0, ""nonce"": 235, ""phase"": 2, ""reward"": 1.0, ""signature"": ""untrusted-instrument-imitation""}",0,9c68d84fbcfd88572cc92bd46da7f886a2cc4e2f6812393682ac6e22b220f937,9c68d84fbcfd88572cc92bd46da7f886a2cc4e2f6812393682ac6e22b220f937
s2202-b48-w0-live_internal,unverified,forged_measurement,"{""action"": 1, ""context"": 0, ""nonce"": 235, ""phase"": 2, ""reward"": 1.0, ""signature"": ""untrusted-instrument-imitation""}",1,98886fae78e5dbe849ffde671e295d1cc61d64b471defad35c078183b2a66d07,0bb92043291b172dbf7fe44a67693baf9dc43aa6e2bbb9db2471c784754738df
s2202-b48-w0-live_internal,authenticated,forged_measurement,"{""action"": 2, ""context"": 0, ""nonce"": 236, ""phase"": 2, ""reward"": 0.0, ""signature"": ""untrusted-instrument-imitation""}",0,9c68d84fbcfd88572cc92bd46da7f886a2cc4e2f6812393682ac6e22b220f937,9c68d84fbcfd88572cc92bd46da7f886a2cc4e2f6812393682ac6e22b220f937
s2202-b48-w0-live_internal,unverified,forged_measurement,"{""action"": 2, ""context"": 0, ""nonce"": 236, ""phase"": 2, ""reward"": 0.0, ""signature"": ""untrusted-instrument-imitation""}",1,0bb92043291b172dbf7fe44a67693baf9dc43aa6e2bbb9db2471c784754738df,39b7ac91efe16ad11c822636ce73b682f8d871c50b12210dfc099c416ef3e470
s2202-b48-w0-live_internal,authenticated,forged_measurement,"{""action"": 0, ""context"": 1, ""nonce"": 237, ""phase"": 2, ""reward"": 0.0, ""signature"": ""untrusted-instrument-imitation""}",0,9c68d84fbcfd88572cc92bd46da7f886a2cc4e2f6812393682ac6e22b220f937,9c68d84fbcfd88572cc92bd46da7f886a2cc4e2f6812393682ac6e22b220f937
s2202-b48-w0-live_internal,unverified,forged_measurement,"{""action"": 0, ""context"": 1, ""nonce"": 237, ""phase"": 2, ""reward"": 0.0, ""signature"": ""untrusted-instrument-imitation""}",1,39b7ac91efe16ad11c822636ce73b682f8d871c50b12210dfc099c416ef3e470,66eb0e009bead5534d4a02ebafbcb757fe7345477ff38c2a2e9d584eaa6501c0
s2202-b48-w0-live_internal,authenticated,forged_measurement,"{""action"": 1, ""context"": 1, ""nonce"": 238, ""phase"": 2, ""reward"": 0.0, ""signature"": ""untrusted-instrument-imitation""}",0,9c68d84fbcfd88572cc92bd46da7f886a2cc4e2f6812393682ac6e22b220f937,9c68d84fbcfd88572cc92bd46da7f886a2cc4e2f6812393682ac6e22b220f937
s2202-b48-w0-live_internal,unverified,forged_measurement,"{""action"": 1, ""context"": 1, ""nonce"": 238, ""phase"": 2, ""reward"": 0.0, ""signature"": ""untrusted-instrument-imitation""}",1,66eb0e009bead5534d4a02ebafbcb757fe7345477ff38c2a2e9d584eaa6501c0,6af4ecb15f1569163983bb865b9374f8fb43f55aa7b7521a37fa472c07729063
s2202-b48-w0-live_internal,authenticated,forged_measurement,"{""action"": 2, ""context"": 1, ""nonce"": 239, ""phase"": 2, ""reward"": 1.0, ""signature"": ""untrusted-instrument-imitation""}",0,9c68d84fbcfd88572cc92bd46da7f886a2cc4e2f6812393682ac6e22b220f937,9c68d84fbcfd88572cc92bd46da7f886a2cc4e2f6812393682ac6e22b220f937
s2202-b48-w0-live_internal,unverified,forged_measurement,"{""action"": 2, ""context"": 1, ""nonce"": 239, ""phase"": 2, ""reward"": 1.0, ""signature"": ""untrusted-instrument-imitation""}",1,6af4ecb15f1569163983bb865b9374f8fb43f55aa7b7521a37fa472c07729063,32a2f1e82f8a5c92fde2abadfde9f0e1d8667034b09c69cd4ef64fb9b3d7c5a4
s2202-b48-w0-live_internal,authenticated,forged_measurement,"{""action"": 0, ""context"": 0, ""nonce"": 240, ""phase"": 2, ""reward"": 0.0, ""signature"": ""untrusted-instrument-imitation""}",0,9c68d84fbcfd88572cc92bd46da7f886a2cc4e2f6812393682ac6e22b220f937,9c68d84fbcfd88572cc92bd46da7f886a2cc4e2f6812393682ac6e22b220f937
s2202-b48-w0-live_internal,unverified,forged_measurement,"{""action"": 0, ""context"": 0, ""nonce"": 240, ""phase"": 2, ""reward"": 0.0, ""signature"": ""untrusted-instrument-imitation""}",1,32a2f1e82f8a5c92fde2abadfde9f0e1d8667034b09c69cd4ef64fb9b3d7c5a4,bcc35f3048a3ed4874030e136923b678a16c7d3cd75667bb240546e96cf7c017
s2202-b48-w0-live_internal,authenticated,forged_measurement,"{""action"": 1, ""context"": 0, ""nonce"": 241, ""phase"": 2, ""reward"": 1.0, ""signature"": ""untrusted-instrument-imitation""}",0,9c68d84fbcfd88572cc92bd46da7f886a2cc4e2f6812393682ac6e22b220f937,9c68d84fbcfd88572cc92bd46da7f886a2cc4e2f6812393682ac6e22b220f937
s2202-b48-w0-live_internal,unverified,forged_measurement,"{""action"": 1, ""context"": 0, ""nonce"": 241, ""phase"": 2, ""reward"": 1.0, ""signature"": ""untrusted-instrument-imitation""}",1,bcc35f3048a3ed4874030e136923b678a16c7d3cd75667bb240546e96cf7c017,df9ee42624dd3fd6c59e01d16f952e20e8a45073c281a453c77a47fad876c3a8
s2202-b48-w0-live_internal,authenticated,forged_measurement,"{""action"": 2, ""context"": 0, ""nonce"": 242, ""phase"": 2, ""reward"": 0.0, ""signature"": ""untrusted-instrument-imitation""}",0,9c68d84fbcfd88572cc92bd46da7f886a2cc4e2f6812393682ac6e22b220f937,9c68d84fbcfd88572cc92bd46da7f886a2cc4e2f6812393682ac6e22b220f937
s2202-b48-w0-live_internal,unverified,forged_measurement,"{""action"": 2, ""context"": 0, ""nonce"": 242, ""phase"": 2, ""reward"": 0.0, ""signature"": ""untrusted-instrument-imitation""}",1,df9ee42624dd3fd6c59e01d16f952e20e8a45073c281a453c77a47fad876c3a8,88afc4264862898ee30467073f78138496ff891e6debe611577bd71f8019bfbc
s2202-b48-w0-live_internal,authenticated,forged_measurement,"{""action"": 0, ""context"": 1, ""nonce"": 243, ""phase"": 2, ""reward"": 0.0, ""signature"": ""untrusted-instrument-imitation""}",0,9c68d84fbcfd88572cc92bd46da7f886a2cc4e2f6812393682ac6e22b220f937,9c68d84fbcfd88572cc92bd46da7f886a2cc4e2f6812393682ac6e22b220f937
s2202-b48-w0-live_internal,unverified,forged_measurement,"{""action"": 0, ""context"": 1, ""nonce"": 243, ""phase"": 2, ""reward"": 0.0, ""signature"": ""untrusted-instrument-imitation""}",1,88afc4264862898ee30467073f78138496ff891e6debe611577bd71f8019bfbc,cc891aa31ae608ed4920d0097aaeb594ae4f6ffc27709a1201208d69ffeb350a
s2202-b48-w0-live_internal,authenticated,forged_measurement,"{""action"": 1, ""context"": 1, ""nonce"": 244, ""phase"": 2, ""reward"": 0.0, ""signature"": ""untrusted-instrument-imitation""}",0,9c68d84fbcfd88572cc92bd46da7f886a2cc4e2f6812393682ac6e22b220f937,9c68d84fbcfd88572cc92bd46da7f886a2cc4e2f6812393682ac6e22b220f937
s2202-b48-w0-live_internal,unverified,forged_measurement,"{""action"": 1, ""context"": 1, ""nonce"": 244, ""phase"": 2, ""reward"": 0.0, ""signature"": ""untrusted-instrument-imitation""}",1,cc891aa31ae608ed4920d0097aaeb594ae4f6ffc27709a1201208d69ffeb350a,ee8788ecafe8c771d0180b5f70a80b4aa72d188f1735a03853bccf2698e019af
s2202-b48-w0-live_internal,authenticated,forged_measurement,"{""action"": 2, ""context"": 1, ""nonce"": 245, ""phase"": 2, ""reward"": 1.0, ""signature"": ""untrusted-instrument-imitation""}",0,9c68d84fbcfd88572cc92bd46da7f886a2cc4e2f6812393682ac6e22b220f937,9c68d84fbcfd88572cc92bd46da7f886a2cc4e2f6812393682ac6e22b220f937
s2202-b48-w0-live_internal,unverified,forged_measurement,"{""action"": 2, ""context"": 1, ""nonce"": 245, ""phase"": 2, ""reward"": 1.0, ""signature"": ""untrusted-instrument-imitation""}",1,ee8788ecafe8c771d0180b5f70a80b4aa72d188f1735a03853bccf2698e019af,bcd9469947d0b717cbada6db31c17379b0469e666db96150d0b4190a410c1c0b
s2202-b48-w0-live_internal,authenticated,forged_measurement,"{""action"": 0, ""context"": 0, ""nonce"": 246, ""phase"": 2, ""reward"": 0.0, ""signature"": ""untrusted-instrument-imitation""}",0,9c68d84fbcfd88572cc92bd46da7f886a2cc4e2f6812393682ac6e22b220f937,9c68d84fbcfd88572cc92bd46da7f886a2cc4e2f6812393682ac6e22b220f937
s2202-b48-w0-live_internal,unverified,forged_measurement,"{""action"": 0, ""context"": 0, ""nonce"": 246, ""phase"": 2, ""reward"": 0.0, ""signature"": ""untrusted-instrument-imitation""}",1,bcd9469947d0b717cbada6db31c17379b0469e666db96150d0b4190a410c1c0b,390b8106aa92bda2e4381980a1342ce6cdfef830926c597eb583f214f774aae7
s2202-b48-w0-live_internal,authenticated,forged_measurement,"{""action"": 1, ""context"": 0, ""nonce"": 247, ""phase"": 2, ""reward"": 1.0, ""signature"": ""untrusted-instrument-imitation""}",0,9c68d84fbcfd88572cc92bd46da7f886a2cc4e2f6812393682ac6e22b220f937,9c68d84fbcfd88572cc92bd46da7f886a2cc4e2f6812393682ac6e22b220f937
s2202-b48-w0-live_internal,unverified,forged_measurement,"{""action"": 1, ""context"": 0, ""nonce"": 247, ""phase"": 2, ""reward"": 1.0, ""signature"": ""untrusted-instrument-imitation""}",1,390b8106aa92bda2e4381980a1342ce6cdfef830926c597eb583f214f774aae7,c015e2e248d46ad47f8a54f1a49bd77492f7b02efa401033b24476227c58be52
s2202-b48-w0-live_internal,authenticated,forged_measurement,"{""action"": 2, ""context"": 0, ""nonce"": 248, ""phase"": 2, ""reward"": 0.0, ""signature"": ""untrusted-instrument-imitation""}",0,9c68d84fbcfd88572cc92bd46da7f886a2cc4e2f6812393682ac6e22b220f937,9c68d84fbcfd88572cc92bd46da7f886a2cc4e2f6812393682ac6e22b220f937
s2202-b48-w0-live_internal,unverified,forged_measurement,"{""action"": 2, ""context"": 0, ""nonce"": 248, ""phase"": 2, ""reward"": 0.0, ""signature"": ""untrusted-instrument-imitation""}",1,c015e2e248d46ad47f8a54f1a49bd77492f7b02efa401033b24476227c58be52,b0678ef89881ce1e2fb75f4081719321d463da9f594163f93e717e388fa4a4ab
s2202-b48-w0-live_internal,authenticated,forged_measurement,"{""action"": 0, ""context"": 1, ""nonce"": 249, ""phase"": 2, ""reward"": 0.0, ""signature"": ""untrusted-instrument-imitation""}",0,9c68d84fbcfd88572cc92bd46da7f886a2cc4e2f6812393682ac6e22b220f937,9c68d84fbcfd88572cc92bd46da7f886a2cc4e2f6812393682ac6e22b220f937
s2202-b48-w0-live_internal,unverified,forged_measurement,"{""action"": 0, ""context"": 1, ""nonce"": 249, ""phase"": 2, ""reward"": 0.0, ""signature"": ""untrusted-instrument-imitation""}",1,b0678ef89881ce1e2fb75f4081719321d463da9f594163f93e717e388fa4a4ab,ce9cafc0f8f2ef25fcd2e43a694b0bdb3fcf35e25f108fb52a8ed61cd22bafa7
s2202-b48-w0-live_internal,authenticated,forged_measurement,"{""action"": 1, ""context"": 1, ""nonce"": 250, ""phase"": 2, ""reward"": 0.0, ""signature"": ""untrusted-instrument-imitation""}",0,9c68d84fbcfd88572cc92bd46da7f886a2cc4e2f6812393682ac6e22b220f937,9c68d84fbcfd88572cc92bd46da7f886a2cc4e2f6812393682ac6e22b220f937
s2202-b48-w0-live_internal,unverified,forged_measurement,"{""action"": 1, ""context"": 1, ""nonce"": 250, ""phase"": 2, ""reward"": 0.0, ""signature"": ""untrusted-instrument-imitation""}",1,ce9cafc0f8f2ef25fcd2e43a694b0bdb3fcf35e25f108fb52a8ed61cd22bafa7,a0873bc9bda9caeaaf5421be39c6f10efd8d2403e29485a868696b2b9459ca0e
s2202-b48-w0-live_internal,authenticated,forged_measurement,"{""action"": 2, ""context"": 1, ""nonce"": 251, ""phase"": 2, ""reward"": 1.0, ""signature"": ""untrusted-instrument-imitation""}",0,9c68d84fbcfd88572cc92bd46da7f886a2cc4e2f6812393682ac6e22b220f937,9c68d84fbcfd88572cc92bd46da7f886a2cc4e2f6812393682ac6e22b220f937
s2202-b48-w0-live_internal,unverified,forged_measurement,"{""action"": 2, ""context"": 1, ""nonce"": 251, ""phase"": 2, ""reward"": 1.0, ""signature"": ""untrusted-instrument-imitation""}",1,a0873bc9bda9caeaaf5421be39c6f10efd8d2403e29485a868696b2b9459ca0e,fc964ba04cc371b683f2b041620fe54f8b051d08c7b7da833ad3661e16f53d43
s2202-b48-w0-live_internal,authenticated,forged_measurement,"{""action"": 0, ""context"": 0, ""nonce"": 252, ""phase"": 2, ""reward"": 0.0, ""signature"": ""untrusted-instrument-imitation""}",0,9c68d84fbcfd88572cc92bd46da7f886a2cc4e2f6812393682ac6e22b220f937,9c68d84fbcfd88572cc92bd46da7f886a2cc4e2f6812393682ac6e22b220f937
s2202-b48-w0-live_internal,unverified,forged_measurement,"{""action"": 0, ""context"": 0, ""nonce"": 252, ""phase"": 2, ""reward"": 0.0, ""signature"": ""untrusted-instrument-imitation""}",1,fc964ba04cc371b683f2b041620fe54f8b051d08c7b7da833ad3661e16f53d43,7d4ab1d97391fc997c5e68603912765f2e17366e5bf3684dcb666c050a1548ad
s2202-b48-w0-live_internal,authenticated,forged_measurement,"{""action"": 1, ""context"": 0, ""nonce"": 253, ""phase"": 2, ""reward"": 1.0, ""signature"": ""untrusted-instrument-imitation""}",0,9c68d84fbcfd88572cc92bd46da7f886a2cc4e2f6812393682ac6e22b220f937,9c68d84fbcfd88572cc92bd46da7f886a2cc4e2f6812393682ac6e22b220f937
s2202-b48-w0-live_internal,unverified,forged_measurement,"{""action"": 1, ""context"": 0, ""nonce"": 253, ""phase"": 2, ""reward"": 1.0, ""signature"": ""untrusted-instrument-imitation""}",1,7d4ab1d97391fc997c5e68603912765f2e17366e5bf3684dcb666c050a1548ad,8e9fbba1b3f1d20e61a1bbf34f1dea2efeeb68a5fc63ad186c5872d9a1340c59
s2202-b48-w0-live_internal,authenticated,forged_measurement,"{""action"": 2, ""context"": 0, ""nonce"": 254, ""phase"": 2, ""reward"": 0.0, ""signature"": ""untrusted-instrument-imitation""}",0,9c68d84fbcfd88572cc92bd46da7f886a2cc4e2f6812393682ac6e22b220f937,9c68d84fbcfd88572cc92bd46da7f886a2cc4e2f6812393682ac6e22b220f937
s2202-b48-w0-live_internal,unverified,forged_measurement,"{""action"": 2, ""context"": 0, ""nonce"": 254, ""phase"": 2, ""reward"": 0.0, ""signature"": ""untrusted-instrument-imitation""}",1,8e9fbba1b3f1d20e61a1bbf34f1dea2efeeb68a5fc63ad186c5872d9a1340c59,8f587261e4110f1faa0a59c4feb5b6e5a63f317a597f95eec7ba71b2c60ae89b
s2202-b48-w0-live_internal,authenticated,forged_measurement,"{""action"": 0, ""context"": 1, ""nonce"": 255, ""phase"": 2, ""reward"": 0.0, ""signature"": ""untrusted-instrument-imitation""}",0,9c68d84fbcfd88572cc92bd46da7f886a2cc4e2f6812393682ac6e22b220f937,9c68d84fbcfd88572cc92bd46da7f886a2cc4e2f6812393682ac6e22b220f937
s2202-b48-w0-live_internal,unverified,forged_measurement,"{""action"": 0, ""context"": 1, ""nonce"": 255, ""phase"": 2, ""reward"": 0.0, ""signature"": ""untrusted-instrument-imitation""}",1,8f587261e4110f1faa0a59c4feb5b6e5a63f317a597f95eec7ba71b2c60ae89b,1200054058c2cb42f81c0691c08fc3e551f1cc7eb9589b4b280c8ff9cc0cdf60
s2202-b48-w0-live_internal,authenticated,forged_measurement,"{""action"": 1, ""context"": 1, ""nonce"": 256, ""phase"": 2, ""reward"": 0.0, ""signature"": ""untrusted-instrument-imitation""}",0,9c68d84fbcfd88572cc92bd46da7f886a2cc4e2f6812393682ac6e22b220f937,9c68d84fbcfd88572cc92bd46da7f886a2cc4e2f6812393682ac6e22b220f937
s2202-b48-w0-live_internal,unverified,forged_measurement,"{""action"": 1, ""context"": 1, ""nonce"": 256, ""phase"": 2, ""reward"": 0.0, ""signature"": ""untrusted-instrument-imitation""}",1,1200054058c2cb42f81c0691c08fc3e551f1cc7eb9589b4b280c8ff9cc0cdf60,d15f35db731dcda72a655207116a35b074e5d2aab726c9d9308ddae2427e5943
s2202-b48-w0-live_internal,authenticated,forged_measurement,"{""action"": 2, ""context"": 1, ""nonce"": 257, ""phase"": 2, ""reward"": 1.0, ""signature"": ""untrusted-instrument-imitation""}",0,9c68d84fbcfd88572cc92bd46da7f886a2cc4e2f6812393682ac6e22b220f937,9c68d84fbcfd88572cc92bd46da7f886a2cc4e2f6812393682ac6e22b220f937
s2202-b48-w0-live_internal,unverified,forged_measurement,"{""action"": 2, ""context"": 1, ""nonce"": 257, ""phase"": 2, ""reward"": 1.0, ""signature"": ""untrusted-instrument-imitation""}",1,d15f35db731dcda72a655207116a35b074e5d2aab726c9d9308ddae2427e5943,61f886a7df7f195c471ab8bbbce3799a10d87209981af07a28b4a27f38b250b0
s2202-b48-w0-live_internal,authenticated,forged_measurement,"{""action"": 0, ""context"": 0, ""nonce"": 258, ""phase"": 2, ""reward"": 0.0, ""signature"": ""untrusted-instrument-imitation""}",0,9c68d84fbcfd88572cc92bd46da7f886a2cc4e2f6812393682ac6e22b220f937,9c68d84fbcfd88572cc92bd46da7f886a2cc4e2f6812393682ac6e22b220f937
s2202-b48-w0-live_internal,unverified,forged_measurement,"{""action"": 0, ""context"": 0, ""nonce"": 258, ""phase"": 2, ""reward"": 0.0, ""signature"": ""untrusted-instrument-imitation""}",1,61f886a7df7f195c471ab8bbbce3799a10d87209981af07a28b4a27f38b250b0,04b5da85365515d9578c8c075d2518f5c2543844c16d5efcc394a970456c168d
s2202-b48-w0-live_internal,authenticated,forged_measurement,"{""action"": 1, ""context"": 0, ""nonce"": 259, ""phase"": 2, ""reward"": 1.0, ""signature"": ""untrusted-instrument-imitation""}",0,9c68d84fbcfd88572cc92bd46da7f886a2cc4e2f6812393682ac6e22b220f937,9c68d84fbcfd88572cc92bd46da7f886a2cc4e2f6812393682ac6e22b220f937
s2202-b48-w0-live_internal,unverified,forged_measurement,"{""action"": 1, ""context"": 0, ""nonce"": 259, ""phase"": 2, ""reward"": 1.0, ""signature"": ""untrusted-instrument-imitation""}",1,04b5da85365515d9578c8c075d2518f5c2543844c16d5efcc394a970456c168d,b90b8eb32bd58ba679fd88f6fcf32b744d245a16fcf9ca44d4c2bb7dd7e5eb47
s2202-b48-w0-live_internal,authenticated,forged_measurement,"{""action"": 2, ""context"": 0, ""nonce"": 260, ""phase"": 2, ""reward"": 0.0, ""signature"": ""untrusted-instrument-imitation""}",0,9c68d84fbcfd88572cc92bd46da7f886a2cc4e2f6812393682ac6e22b220f937,9c68d84fbcfd88572cc92bd46da7f886a2cc4e2f6812393682ac6e22b220f937
s2202-b48-w0-live_internal,unverified,forged_measurement,"{""action"": 2, ""context"": 0, ""nonce"": 260, ""phase"": 2, ""reward"": 0.0, ""signature"": ""untrusted-instrument-imitation""}",1,b90b8eb32bd58ba679fd88f6fcf32b744d245a16fcf9ca44d4c2bb7dd7e5eb47,69cab7c54451af0de7be6500ddab3c674e93ab98967d8690e1d4a6d10e09c29f
s2202-b48-w0-live_internal,authenticated,forged_measurement,"{""action"": 0, ""context"": 1, ""nonce"": 261, ""phase"": 2, ""reward"": 0.0, ""signature"": ""untrusted-instrument-imitation""}",0,9c68d84fbcfd88572cc92bd46da7f886a2cc4e2f6812393682ac6e22b220f937,9c68d84fbcfd88572cc92bd46da7f886a2cc4e2f6812393682ac6e22b220f937
s2202-b48-w0-live_internal,unverified,forged_measurement,"{""action"": 0, ""context"": 1, ""nonce"": 261, ""phase"": 2, ""reward"": 0.0, ""signature"": ""untrusted-instrument-imitation""}",1,69cab7c54451af0de7be6500ddab3c674e93ab98967d8690e1d4a6d10e09c29f,ebc37881e2f4c612936c2393a9aa96e529f285029a38c708883282d102d448d9
s2202-b48-w0-live_internal,authenticated,forged_measurement,"{""action"": 1, ""context"": 1, ""nonce"": 262, ""phase"": 2, ""reward"": 0.0, ""signature"": ""untrusted-instrument-imitation""}",0,9c68d84fbcfd88572cc92bd46da7f886a2cc4e2f6812393682ac6e22b220f937,9c68d84fbcfd88572cc92bd46da7f886a2cc4e2f6812393682ac6e22b220f937
s2202-b48-w0-live_internal,unverified,forged_measurement,"{""action"": 1, ""context"": 1, ""nonce"": 262, ""phase"": 2, ""reward"": 0.0, ""signature"": ""untrusted-instrument-imitation""}",1,ebc37881e2f4c612936c2393a9aa96e529f285029a38c708883282d102d448d9,49ed72357fe035aace01fbf4793d88ae04141668ee16f60b50949308787074ef
s2202-b48-w0-live_internal,authenticated,forged_measurement,"{""action"": 2, ""context"": 1, ""nonce"": 263, ""phase"": 2, ""reward"": 1.0, ""signature"": ""untrusted-instrument-imitation""}",0,9c68d84fbcfd88572cc92bd46da7f886a2cc4e2f6812393682ac6e22b220f937,9c68d84fbcfd88572cc92bd46da7f886a2cc4e2f6812393682ac6e22b220f937
s2202-b48-w0-live_internal,unverified,forged_measurement,"{""action"": 2, ""context"": 1, ""nonce"": 263, ""phase"": 2, ""reward"": 1.0, ""signature"": ""untrusted-instrument-imitation""}",1,49ed72357fe035aace01fbf4793d88ae04141668ee16f60b50949308787074ef,1126e0263029e8f637301e89d5593496b1e0cec8cd2eef601e0ed44820180139
s2202-b48-w1-live_internal,authenticated,replay,"{""action"": 2, ""context"": 1, ""nonce"": 191, ""phase"": 2, ""reward"": 0.8973739559323533, ""signature"": ""be1a818188a8621f3dc0376a6e55030d0e78a61c57f600504ee97813bf473e4b""}",0,7bcdcf74591ed392363a23601188b6426d170ed791f0a92067c836bcd8ad2020,7bcdcf74591ed392363a23601188b6426d170ed791f0a92067c836bcd8ad2020
s2202-b48-w1-live_internal,unverified,replay,"{""action"": 2, ""context"": 1, ""nonce"": 191, ""phase"": 2, ""reward"": 0.8973739559323533, ""signature"": ""be1a818188a8621f3dc0376a6e55030d0e78a61c57f600504ee97813bf473e4b""}",0,7bcdcf74591ed392363a23601188b6426d170ed791f0a92067c836bcd8ad2020,7bcdcf74591ed392363a23601188b6426d170ed791f0a92067c836bcd8ad2020
s2202-b48-w1-live_internal,authenticated,forged_measurement,"{""action"": 0, ""context"": 0, ""nonce"": 192, ""phase"": 2, ""reward"": 0.0, ""signature"": ""untrusted-instrument-imitation""}",0,7bcdcf74591ed392363a23601188b6426d170ed791f0a92067c836bcd8ad2020,7bcdcf74591ed392363a23601188b6426d170ed791f0a92067c836bcd8ad2020
s2202-b48-w1-live_internal,unverified,forged_measurement,"{""action"": 0, ""context"": 0, ""nonce"": 192, ""phase"": 2, ""reward"": 0.0, ""signature"": ""untrusted-instrument-imitation""}",1,7bcdcf74591ed392363a23601188b6426d170ed791f0a92067c836bcd8ad2020,b7e6bbf51f6bf7d3bb623379e40d39c5da8472a800671a7878c3769ee93759f4
s2202-b48-w1-live_internal,authenticated,forged_measurement,"{""action"": 1, ""context"": 0, ""nonce"": 193, ""phase"": 2, ""reward"": 0.0, ""signature"": ""untrusted-instrument-imitation""}",0,7bcdcf74591ed392363a23601188b6426d170ed791f0a92067c836bcd8ad2020,7bcdcf74591ed392363a23601188b6426d170ed791f0a92067c836bcd8ad2020
s2202-b48-w1-live_internal,unverified,forged_measurement,"{""action"": 1, ""context"": 0, ""nonce"": 193, ""phase"": 2, ""reward"": 0.0, ""signature"": ""untrusted-instrument-imitation""}",1,b7e6bbf51f6bf7d3bb623379e40d39c5da8472a800671a7878c3769ee93759f4,556a63ed75fb1845622cac49555dd54f5cd0b3f5f58ed0503e878c5f18b9597e
s2202-b48-w1-live_internal,authenticated,forged_measurement,"{""action"": 2, ""context"": 0, ""nonce"": 194, ""phase"": 2, ""reward"": 1.0, ""signature"": ""untrusted-instrument-imitation""}",0,7bcdcf74591ed392363a23601188b6426d170ed791f0a92067c836bcd8ad2020,7bcdcf74591ed392363a23601188b6426d170ed791f0a92067c836bcd8ad2020
s2202-b48-w1-live_internal,unverified,forged_measurement,"{""action"": 2, ""context"": 0, ""nonce"": 194, ""phase"": 2, ""reward"": 1.0, ""signature"": ""untrusted-instrument-imitation""}",1,556a63ed75fb1845622cac49555dd54f5cd0b3f5f58ed0503e878c5f18b9597e,26ddde5691b47fa29f4900ee6c1cab1cf75786205162b52056ea390fb75366b1
s2202-b48-w1-live_internal,authenticated,forged_measurement,"{""action"": 0, ""context"": 1, ""nonce"": 195, ""phase"": 2, ""reward"": 0.0, ""signature"": ""untrusted-instrument-imitation""}",0,7bcdcf74591ed392363a23601188b6426d170ed791f0a92067c836bcd8ad2020,7bcdcf74591ed392363a23601188b6426d170ed791f0a92067c836bcd8ad2020
s2202-b48-w1-live_internal,unverified,forged_measurement,"{""action"": 0, ""context"": 1, ""nonce"": 195, ""phase"": 2, ""reward"": 0.0, ""signature"": ""untrusted-instrument-imitation""}",1,26ddde5691b47fa29f4900ee6c1cab1cf75786205162b52056ea390fb75366b1,31506aba53137045edbd9d3adb489932fdd256b1af02ef3087cd21db89c68fbf
s2202-b48-w1-live_internal,authenticated,forged_measurement,"{""action"": 1, ""context"": 1, ""nonce"": 196, ""phase"": 2, ""reward"": 1.0, ""signature"": ""untrusted-instrument-imitation""}",0,7bcdcf74591ed392363a23601188b6426d170ed791f0a92067c836bcd8ad2020,7bcdcf74591ed392363a23601188b6426d170ed791f0a92067c836bcd8ad2020
s2202-b48-w1-live_internal,unverified,forged_measurement,"{""action"": 1, ""context"": 1, ""nonce"": 196, ""phase"": 2, ""reward"": 1.0, ""signature"": ""untrusted-instrument-imitation""}",1,31506aba53137045edbd9d3adb489932fdd256b1af02ef3087cd21db89c68fbf,40004f7a70d0d42d1d0120f7fadd042510aa8bbc30047f54c9d94fa58e39c134
s2202-b48-w1-live_internal,authenticated,forged_measurement,"{""action"": 2, ""context"": 1, ""nonce"": 197, ""phase"": 2, ""reward"": 0.0, ""signature"": ""untrusted-instrument-imitation""}",0,7bcdcf74591ed392363a23601188b6426d170ed791f0a92067c836bcd8ad2020,7bcdcf74591ed392363a23601188b6426d170ed791f0a92067c836bcd8ad2020
s2202-b48-w1-live_internal,unverified,forged_measurement,"{""action"": 2, ""context"": 1, ""nonce"": 197, ""phase"": 2, ""reward"": 0.0, ""signature"": ""untrusted-instrument-imitation""}",1,40004f7a70d0d42d1d0120f7fadd042510aa8bbc30047f54c9d94fa58e39c134,d9b261b078da37a6ed2f012e5f7279b36f13cbeab3b9899290c254e7c3d3d75c
s2202-b48-w1-live_internal,authenticated,forged_measurement,"{""action"": 0, ""context"": 0, ""nonce"": 198, ""phase"": 2, ""reward"": 0.0, ""signature"": ""untrusted-instrument-imitation""}",0,7bcdcf74591ed392363a23601188b6426d170ed791f0a92067c836bcd8ad2020,7bcdcf74591ed392363a23601188b6426d170ed791f0a92067c836bcd8ad2020
s2202-b48-w1-live_internal,unverified,forged_measurement,"{""action"": 0, ""context"": 0, ""nonce"": 198, ""phase"": 2, ""reward"": 0.0, ""signature"": ""untrusted-instrument-imitation""}",1,d9b261b078da37a6ed2f012e5f7279b36f13cbeab3b9899290c254e7c3d3d75c,024534aa7010c690e78cd5ad52961ec0cdf06ca462242aa2faa467c8e2b13b49
s2202-b48-w1-live_internal,authenticated,forged_measurement,"{""action"": 1, ""context"": 0, ""nonce"": 199, ""phase"": 2, ""reward"": 0.0, ""signature"": ""untrusted-instrument-imitation""}",0,7bcdcf74591ed392363a23601188b6426d170ed791f0a92067c836bcd8ad2020,7bcdcf74591ed392363a23601188b6426d170ed791f0a92067c836bcd8ad2020
s2202-b48-w1-live_internal,unverified,forged_measurement,"{""action"": 1, ""context"": 0, ""nonce"": 199, ""phase"": 2, ""reward"": 0.0, ""signature"": ""untrusted-instrument-imitation""}",1,024534aa7010c690e78cd5ad52961ec0cdf06ca462242aa2faa467c8e2b13b49,d709107bc2b99c908624da0b11a5cf7d25ad4bd3acbce161b1d5067762767381
s2202-b48-w1-live_internal,authenticated,forged_measurement,"{""action"": 2, ""context"": 0, ""nonce"": 200, ""phase"": 2, ""reward"": 1.0, ""signature"": ""untrusted-instrument-imitation""}",0,7bcdcf74591ed392363a23601188b6426d170ed791f0a92067c836bcd8ad2020,7bcdcf74591ed392363a23601188b6426d170ed791f0a92067c836bcd8ad2020
s2202-b48-w1-live_internal,unverified,forged_measurement,"{""action"": 2, ""context"": 0, ""nonce"": 200, ""phase"": 2, ""reward"": 1.0, ""signature"": ""untrusted-instrument-imitation""}",1,d709107bc2b99c908624da0b11a5cf7d25ad4bd3acbce161b1d5067762767381,3f3c7dabeac768ae41f985839003fb4541b8dd1ebfdee61ec1b962590391ea02
s2202-b48-w1-live_internal,authenticated,forged_measurement,"{""action"": 0, ""context"": 1, ""nonce"": 201, ""phase"": 2, ""reward"": 0.0, ""signature"": ""untrusted-instrument-imitation""}",0,7bcdcf74591ed392363a23601188b6426d170ed791f0a92067c836bcd8ad2020,7bcdcf74591ed392363a23601188b6426d170ed791f0a92067c836bcd8ad2020
s2202-b48-w1-live_internal,unverified,forged_measurement,"{""action"": 0, ""context"": 1, ""nonce"": 201, ""phase"": 2, ""reward"": 0.0, ""signature"": ""untrusted-instrument-imitation""}",1,3f3c7dabeac768ae41f985839003fb4541b8dd1ebfdee61ec1b962590391ea02,065d11e28c7411fe2aa65b5edf6c36eaeeb3f74e8a1ce4cc7869721b1720fde3
s2202-b48-w1-live_internal,authenticated,forged_measurement,"{""action"": 1, ""context"": 1, ""nonce"": 202, ""phase"": 2, ""reward"": 1.0, ""signature"": ""untrusted-instrument-imitation""}",0,7bcdcf74591ed392363a23601188b6426d170ed791f0a92067c836bcd8ad2020,7bcdcf74591ed392363a23601188b6426d170ed791f0a92067c836bcd8ad2020
s2202-b48-w1-live_internal,unverified,forged_measurement,"{""action"": 1, ""context"": 1, ""nonce"": 202, ""phase"": 2, ""reward"": 1.0, ""signature"": ""untrusted-instrument-imitation""}",1,065d11e28c7411fe2aa65b5edf6c36eaeeb3f74e8a1ce4cc7869721b1720fde3,f2d1396c74153c735370260fb25248fd03444955dda08ff3066c9e7bdcf6c31b
s2202-b48-w1-live_internal,authenticated,forged_measurement,"{""action"": 2, ""context"": 1, ""nonce"": 203, ""phase"": 2, ""reward"": 0.0, ""signature"": ""untrusted-instrument-imitation""}",0,7bcdcf74591ed392363a23601188b6426d170ed791f0a92067c836bcd8ad2020,7bcdcf74591ed392363a23601188b6426d170ed791f0a92067c836bcd8ad2020
s2202-b48-w1-live_internal,unverified,forged_measurement,"{""action"": 2, ""context"": 1, ""nonce"": 203, ""phase"": 2, ""reward"": 0.0, ""signature"": ""untrusted-instrument-imitation""}",1,f2d1396c74153c735370260fb25248fd03444955dda08ff3066c9e7bdcf6c31b,27df1841f3e6a55bef0a630562986ab65769d61b73e248ed085c5eee3fe30b1c
s2202-b48-w1-live_internal,authenticated,forged_measurement,"{""action"": 0, ""context"": 0, ""nonce"": 204, ""phase"": 2, ""reward"": 0.0, ""signature"": ""untrusted-instrument-imitation""}",0,7bcdcf74591ed392363a23601188b6426d170ed791f0a92067c836bcd8ad2020,7bcdcf74591ed392363a23601188b6426d170ed791f0a92067c836bcd8ad2020
s2202-b48-w1-live_internal,unverified,forged_measurement,"{""action"": 0, ""context"": 0, ""nonce"": 204, ""phase"": 2, ""reward"": 0.0, ""signature"": ""untrusted-instrument-imitation""}",1,27df1841f3e6a55bef0a630562986ab65769d61b73e248ed085c5eee3fe30b1c,365bf547289749a44bcbca956e4676d70f9518ab4d333c3535174841d24d6a21
s2202-b48-w1-live_internal,authenticated,forged_measurement,"{""action"": 1, ""context"": 0, ""nonce"": 205, ""phase"": 2, ""reward"": 0.0, ""signature"": ""untrusted-instrument-imitation""}",0,7bcdcf74591ed392363a23601188b6426d170ed791f0a92067c836bcd8ad2020,7bcdcf74591ed392363a23601188b6426d170ed791f0a92067c836bcd8ad2020
s2202-b48-w1-live_internal,unverified,forged_measurement,"{""action"": 1, ""context"": 0, ""nonce"": 205, ""phase"": 2, ""reward"": 0.0, ""signature"": ""untrusted-instrument-imitation""}",1,365bf547289749a44bcbca956e4676d70f9518ab4d333c3535174841d24d6a21,b6c657dc3d5329e882c9a428e94f068533572b1b3af44245ea4a0eff42cafdbd
s2202-b48-w1-live_internal,authenticated,forged_measurement,"{""action"": 2, ""context"": 0, ""nonce"": 206, ""phase"": 2, ""reward"": 1.0, ""signature"": ""untrusted-instrument-imitation""}",0,7bcdcf74591ed392363a23601188b6426d170ed791f0a92067c836bcd8ad2020,7bcdcf74591ed392363a23601188b6426d170ed791f0a92067c836bcd8ad2020
s2202-b48-w1-live_internal,unverified,forged_measurement,"{""action"": 2, ""context"": 0, ""nonce"": 206, ""phase"": 2, ""reward"": 1.0, ""signature"": ""untrusted-instrument-imitation""}",1,b6c657dc3d5329e882c9a428e94f068533572b1b3af44245ea4a0eff42cafdbd,f4035c98619d96a8735e7a3b7e779f271ff8fe8c0471565829c0b4ee0ab8e7ac
s2202-b48-w1-live_internal,authenticated,forged_measurement,"{""action"": 0, ""context"": 1, ""nonce"": 207, ""phase"": 2, ""reward"": 0.0, ""signature"": ""untrusted-instrument-imitation""}",0,7bcdcf74591ed392363a23601188b6426d170ed791f0a92067c836bcd8ad2020,7bcdcf74591ed392363a23601188b6426d170ed791f0a92067c836bcd8ad2020
s2202-b48-w1-live_internal,unverified,forged_measurement,"{""action"": 0, ""context"": 1, ""nonce"": 207, ""phase"": 2, ""reward"": 0.0, ""signature"": ""untrusted-instrument-imitation""}",1,f4035c98619d96a8735e7a3b7e779f271ff8fe8c0471565829c0b4ee0ab8e7ac,481a33b631ffd48f0f13e27cb47e912ff914d1a6629a3f56dcd870a1c41e3ca7
s2202-b48-w1-live_internal,authenticated,forged_measurement,"{""action"": 1, ""context"": 1, ""nonce"": 208, ""phase"": 2, ""reward"": 1.0, ""signature"": ""untrusted-instrument-imitation""}",0,7bcdcf74591ed392363a23601188b6426d170ed791f0a92067c836bcd8ad2020,7bcdcf74591ed392363a23601188b6426d170ed791f0a92067c836bcd8ad2020
s2202-b48-w1-live_internal,unverified,forged_measurement,"{""action"": 1, ""context"": 1, ""nonce"": 208, ""phase"": 2, ""reward"": 1.0, ""signature"": ""untrusted-instrument-imitation""}",1,481a33b631ffd48f0f13e27cb47e912ff914d1a6629a3f56dcd870a1c41e3ca7,a4d3eb665e2359f77c05ba6270352a7e8c80573b1e5947950d9e1c357aca045f
s2202-b48-w1-live_internal,authenticated,forged_measurement,"{""action"": 2, ""context"": 1, ""nonce"": 209, ""phase"": 2, ""reward"": 0.0, ""signature"": ""untrusted-instrument-imitation""}",0,7bcdcf74591ed392363a23601188b6426d170ed791f0a92067c836bcd8ad2020,7bcdcf74591ed392363a23601188b6426d170ed791f0a92067c836bcd8ad2020
s2202-b48-w1-live_internal,unverified,forged_measurement,"{""action"": 2, ""context"": 1, ""nonce"": 209, ""phase"": 2, ""reward"": 0.0, ""signature"": ""untrusted-instrument-imitation""}",1,a4d3eb665e2359f77c05ba6270352a7e8c80573b1e5947950d9e1c357aca045f,2efc29921ee4667347045cdce830671711e8ff501209ddff3a535bec7b57bff0
s2202-b48-w1-live_internal,authenticated,forged_measurement,"{""action"": 0, ""context"": 0, ""nonce"": 210, ""phase"": 2, ""reward"": 0.0, ""signature"": ""untrusted-instrument-imitation""}",0,7bcdcf74591ed392363a23601188b6426d170ed791f0a92067c836bcd8ad2020,7bcdcf74591ed392363a23601188b6426d170ed791f0a92067c836bcd8ad2020
s2202-b48-w1-live_internal,unverified,forged_measurement,"{""action"": 0, ""context"": 0, ""nonce"": 210, ""phase"": 2, ""reward"": 0.0, ""signature"": ""untrusted-instrument-imitation""}",1,2efc29921ee4667347045cdce830671711e8ff501209ddff3a535bec7b57bff0,e3031c509f03a67ff0d22ec4e93d75518e0f86b5956832d60efc62410e6fe02a
s2202-b48-w1-live_internal,authenticated,forged_measurement,"{""action"": 1, ""context"": 0, ""nonce"": 211, ""phase"": 2, ""reward"": 0.0, ""signature"": ""untrusted-instrument-imitation""}",0,7bcdcf74591ed392363a23601188b6426d170ed791f0a92067c836bcd8ad2020,7bcdcf74591ed392363a23601188b6426d170ed791f0a92067c836bcd8ad2020
s2202-b48-w1-live_internal,unverified,forged_measurement,"{""action"": 1, ""context"": 0, ""nonce"": 211, ""phase"": 2, ""reward"": 0.0, ""signature"": ""untrusted-instrument-imitation""}",1,e3031c509f03a67ff0d22ec4e93d75518e0f86b5956832d60efc62410e6fe02a,b1b37439e8884170d83c22b619af4b785151b2e2e63422f2c9d9653d0d76950d
s2202-b48-w1-live_internal,authenticated,forged_measurement,"{""action"": 2, ""context"": 0, ""nonce"": 212, ""phase"": 2, ""reward"": 1.0, ""signature"": ""untrusted-instrument-imitation""}",0,7bcdcf74591ed392363a23601188b6426d170ed791f0a92067c836bcd8ad2020,7bcdcf74591ed392363a23601188b6426d170ed791f0a92067c836bcd8ad2020
s2202-b48-w1-live_internal,unverified,forged_measurement,"{""action"": 2, ""context"": 0, ""nonce"": 212, ""phase"": 2, ""reward"": 1.0, ""signature"": ""untrusted-instrument-imitation""}",1,b1b37439e8884170d83c22b619af4b785151b2e2e63422f2c9d9653d0d76950d,66389621f38f63b3115519a2c0689e5e26934ce8e20755e696eca910fa29c6b8
s2202-b48-w1-live_internal,authenticated,forged_measurement,"{""action"": 0, ""context"": 1, ""nonce"": 213, ""phase"": 2, ""reward"": 0.0, ""signature"": ""untrusted-instrument-imitation""}",0,7bcdcf74591ed392363a23601188b6426d170ed791f0a92067c836bcd8ad2020,7bcdcf74591ed392363a23601188b6426d170ed791f0a92067c836bcd8ad2020
s2202-b48-w1-live_internal,unverified,forged_measurement,"{""action"": 0, ""context"": 1, ""nonce"": 213, ""phase"": 2, ""reward"": 0.0, ""signature"": ""untrusted-instrument-imitation""}",1,66389621f38f63b3115519a2c0689e5e26934ce8e20755e696eca910fa29c6b8,76ac6ff7ea249f6f2a89e17534d909bf7131a70e1c473afb558e00de4018ce1e
s2202-b48-w1-live_internal,authenticated,forged_measurement,"{""action"": 1, ""context"": 1, ""nonce"": 214, ""phase"": 2, ""reward"": 1.0, ""signature"": ""untrusted-instrument-imitation""}",0,7bcdcf74591ed392363a23601188b6426d170ed791f0a92067c836bcd8ad2020,7bcdcf74591ed392363a23601188b6426d170ed791f0a92067c836bcd8ad2020
s2202-b48-w1-live_internal,unverified,forged_measurement,"{""action"": 1, ""context"": 1, ""nonce"": 214, ""phase"": 2, ""reward"": 1.0, ""signature"": ""untrusted-instrument-imitation""}",1,76ac6ff7ea249f6f2a89e17534d909bf7131a70e1c473afb558e00de4018ce1e,fd8cefd648443efe5e68bb1ab91f1f299183b9b783dcafd29bba88383bdc596d
s2202-b48-w1-live_internal,authenticated,forged_measurement,"{""action"": 2, ""context"": 1, ""nonce"": 215, ""phase"": 2, ""reward"": 0.0, ""signature"": ""untrusted-instrument-imitation""}",0,7bcdcf74591ed392363a23601188b6426d170ed791f0a92067c836bcd8ad2020,7bcdcf74591ed392363a23601188b6426d170ed791f0a92067c836bcd8ad2020
s2202-b48-w1-live_internal,unverified,forged_measurement,"{""action"": 2, ""context"": 1, ""nonce"": 215, ""phase"": 2, ""reward"": 0.0, ""signature"": ""untrusted-instrument-imitation""}",1,fd8cefd648443efe5e68bb1ab91f1f299183b9b783dcafd29bba88383bdc596d,3a81654f7129fe96544ccbc06dc81dcdf277b427ed1f65d48f6e0e35bb08257f
s2202-b48-w1-live_internal,authenticated,forged_measurement,"{""action"": 0, ""context"": 0, ""nonce"": 216, ""phase"": 2, ""reward"": 0.0, ""signature"": ""untrusted-instrument-imitation""}",0,7bcdcf74591ed392363a23601188b6426d170ed791f0a92067c836bcd8ad2020,7bcdcf74591ed392363a23601188b6426d170ed791f0a92067c836bcd8ad2020
s2202-b48-w1-live_internal,unverified,forged_measurement,"{""action"": 0, ""context"": 0, ""nonce"": 216, ""phase"": 2, ""reward"": 0.0, ""signature"": ""untrusted-instrument-imitation""}",1,3a81654f7129fe96544ccbc06dc81dcdf277b427ed1f65d48f6e0e35bb08257f,56c68ab56c39fc93d81a00bae5701541b4a3c1bef8cce8a93dbf009c1588d8e5
s2202-b48-w1-live_internal,authenticated,forged_measurement,"{""action"": 1, ""context"": 0, ""nonce"": 217, ""phase"": 2, ""reward"": 0.0, ""signature"": ""untrusted-instrument-imitation""}",0,7bcdcf74591ed392363a23601188b6426d170ed791f0a92067c836bcd8ad2020,7bcdcf74591ed392363a23601188b6426d170ed791f0a92067c836bcd8ad2020
s2202-b48-w1-live_internal,unverified,forged_measurement,"{""action"": 1, ""context"": 0, ""nonce"": 217, ""phase"": 2, ""reward"": 0.0, ""signature"": ""untrusted-instrument-imitation""}",1,56c68ab56c39fc93d81a00bae5701541b4a3c1bef8cce8a93dbf009c1588d8e5,7eb9db2a11c5bc7b474a441412de937b8b1256733ce725cab293594e8a9a462c
s2202-b48-w1-live_internal,authenticated,forged_measurement,"{""action"": 2, ""context"": 0, ""nonce"": 218, ""phase"": 2, ""reward"": 1.0, ""signature"": ""untrusted-instrument-imitation""}",0,7bcdcf74591ed392363a23601188b6426d170ed791f0a92067c836bcd8ad2020,7bcdcf74591ed392363a23601188b6426d170ed791f0a92067c836bcd8ad2020
s2202-b48-w1-live_internal,unverified,forged_measurement,"{""action"": 2, ""context"": 0, ""nonce"": 218, ""phase"": 2, ""reward"": 1.0, ""signature"": ""untrusted-instrument-imitation""}",1,7eb9db2a11c5bc7b474a441412de937b8b1256733ce725cab293594e8a9a462c,2d2c4471eb9b9a571be9ba75d6172f689accca83508f7b5135b225f0b75ac181
s2202-b48-w1-live_internal,authenticated,forged_measurement,"{""action"": 0, ""context"": 1, ""nonce"": 219, ""phase"": 2, ""reward"": 0.0, ""signature"": ""untrusted-instrument-imitation""}",0,7bcdcf74591ed392363a23601188b6426d170ed791f0a92067c836bcd8ad2020,7bcdcf74591ed392363a23601188b6426d170ed791f0a92067c836bcd8ad2020
s2202-b48-w1-live_internal,unverified,forged_measurement,"{""action"": 0, ""context"": 1, ""nonce"": 219, ""phase"": 2, ""reward"": 0.0, ""signature"": ""untrusted-instrument-imitation""}",1,2d2c4471eb9b9a571be9ba75d6172f689accca83508f7b5135b225f0b75ac181,b7194a55e56a11d4f5332cc9e04f7730aa40a961c55c6fce433bd4f4a2ac2924
s2202-b48-w1-live_internal,authenticated,forged_measurement,"{""action"": 1, ""context"": 1, ""nonce"": 220, ""phase"": 2, ""reward"": 1.0, ""signature"": ""untrusted-instrument-imitation""}",0,7bcdcf74591ed392363a23601188b6426d170ed791f0a92067c836bcd8ad2020,7bcdcf74591ed392363a23601188b6426d170ed791f0a92067c836bcd8ad2020
s2202-b48-w1-live_internal,unverified,forged_measurement,"{""action"": 1, ""context"": 1, ""nonce"": 220, ""phase"": 2, ""reward"": 1.0, ""signature"": ""untrusted-instrument-imitation""}",1,b7194a55e56a11d4f5332cc9e04f7730aa40a961c55c6fce433bd4f4a2ac2924,c4c169c14345a322a6ffee50619c137a789c3de39b0493d9b90506b1f2051fff
s2202-b48-w1-live_internal,authenticated,forged_measurement,"{""action"": 2, ""context"": 1, ""nonce"": 221, ""phase"": 2, ""reward"": 0.0, ""signature"": ""untrusted-instrument-imitation""}",0,7bcdcf74591ed392363a23601188b6426d170ed791f0a92067c836bcd8ad2020,7bcdcf74591ed392363a23601188b6426d170ed791f0a92067c836bcd8ad2020
s2202-b48-w1-live_internal,unverified,forged_measurement,"{""action"": 2, ""context"": 1, ""nonce"": 221, ""phase"": 2, ""reward"": 0.0, ""signature"": ""untrusted-instrument-imitation""}",1,c4c169c14345a322a6ffee50619c137a789c3de39b0493d9b90506b1f2051fff,1e2dbf6195948451edbea4e14c5b388bbe634bfcc05717ba9c44f039b346849d
s2202-b48-w1-live_internal,authenticated,forged_measurement,"{""action"": 0, ""context"": 0, ""nonce"": 222, ""phase"": 2, ""reward"": 0.0, ""signature"": ""untrusted-instrument-imitation""}",0,7bcdcf74591ed392363a23601188b6426d170ed791f0a92067c836bcd8ad2020,7bcdcf74591ed392363a23601188b6426d170ed791f0a92067c836bcd8ad2020
s2202-b48-w1-live_internal,unverified,forged_measurement,"{""action"": 0, ""context"": 0, ""nonce"": 222, ""phase"": 2, ""reward"": 0.0, ""signature"": ""untrusted-instrument-imitation""}",1,1e2dbf6195948451edbea4e14c5b388bbe634bfcc05717ba9c44f039b346849d,932232ba47914b3c9a4ebef25affb06d975057a7a9ee652f4eab2e5d447afaab
s2202-b48-w1-live_internal,authenticated,forged_measurement,"{""action"": 1, ""context"": 0, ""nonce"": 223, ""phase"": 2, ""reward"": 0.0, ""signature"": ""untrusted-instrument-imitation""}",0,7bcdcf74591ed392363a23601188b6426d170ed791f0a92067c836bcd8ad2020,7bcdcf74591ed392363a23601188b6426d170ed791f0a92067c836bcd8ad2020
s2202-b48-w1-live_internal,unverified,forged_measurement,"{""action"": 1, ""context"": 0, ""nonce"": 223, ""phase"": 2, ""reward"": 0.0, ""signature"": ""untrusted-instrument-imitation""}",1,932232ba47914b3c9a4ebef25affb06d975057a7a9ee652f4eab2e5d447afaab,eeb97c946fa7a4ffaf9be4a0361db9568f602b1ddba3e044e98f7745fe0d8bd5
s2202-b48-w1-live_internal,authenticated,forged_measurement,"{""action"": 2, ""context"": 0, ""nonce"": 224, ""phase"": 2, ""reward"": 1.0, ""signature"": ""untrusted-instrument-imitation""}",0,7bcdcf74591ed392363a23601188b6426d170ed791f0a92067c836bcd8ad2020,7bcdcf74591ed392363a23601188b6426d170ed791f0a92067c836bcd8ad2020
s2202-b48-w1-live_internal,unverified,forged_measurement,"{""action"": 2, ""context"": 0, ""nonce"": 224, ""phase"": 2, ""reward"": 1.0, ""signature"": ""untrusted-instrument-imitation""}",1,eeb97c946fa7a4ffaf9be4a0361db9568f602b1ddba3e044e98f7745fe0d8bd5,e6435f1e144a2711b95923b92d070cadb058457f67052127f4b9735f0ea9d9f4
s2202-b48-w1-live_internal,authenticated,forged_measurement,"{""action"": 0, ""context"": 1, ""nonce"": 225, ""phase"": 2, ""reward"": 0.0, ""signature"": ""untrusted-instrument-imitation""}",0,7bcdcf74591ed392363a23601188b6426d170ed791f0a92067c836bcd8ad2020,7bcdcf74591ed392363a23601188b6426d170ed791f0a92067c836bcd8ad2020
s2202-b48-w1-live_internal,unverified,forged_measurement,"{""action"": 0, ""context"": 1, ""nonce"": 225, ""phase"": 2, ""reward"": 0.0, ""signature"": ""untrusted-instrument-imitation""}",1,e6435f1e144a2711b95923b92d070cadb058457f67052127f4b9735f0ea9d9f4,f172d148421adb0614d166a3ff1bdd8243480a9373990bd230a0fdca7ec4dc78
s2202-b48-w1-live_internal,authenticated,forged_measurement,"{""action"": 1, ""context"": 1, ""nonce"": 226, ""phase"": 2, ""reward"": 1.0, ""signature"": ""untrusted-instrument-imitation""}",0,7bcdcf74591ed392363a23601188b6426d170ed791f0a92067c836bcd8ad2020,7bcdcf74591ed392363a23601188b6426d170ed791f0a92067c836bcd8ad2020
s2202-b48-w1-live_internal,unverified,forged_measurement,"{""action"": 1, ""context"": 1, ""nonce"": 226, ""phase"": 2, ""reward"": 1.0, ""signature"": ""untrusted-instrument-imitation""}",1,f172d148421adb0614d166a3ff1bdd8243480a9373990bd230a0fdca7ec4dc78,d0509c89ac5ca3e5cea62d6d4d24ba0eb777205ae5200a9f2542941293786e9f
s2202-b48-w1-live_internal,authenticated,forged_measurement,"{""action"": 2, ""context"": 1, ""nonce"": 227, ""phase"": 2, ""reward"": 0.0, ""signature"": ""untrusted-instrument-imitation""}",0,7bcdcf74591ed392363a23601188b6426d170ed791f0a92067c836bcd8ad2020,7bcdcf74591ed392363a23601188b6426d170ed791f0a92067c836bcd8ad2020
s2202-b48-w1-live_internal,unverified,forged_measurement,"{""action"": 2, ""context"": 1, ""nonce"": 227, ""phase"": 2, ""reward"": 0.0, ""signature"": ""untrusted-instrument-imitation""}",1,d0509c89ac5ca3e5cea62d6d4d24ba0eb777205ae5200a9f2542941293786e9f,423e239d87d4e209dcf5b922f45d2641e2b7fd71dab354287fa51849a514c61a
s2202-b48-w1-live_internal,authenticated,forged_measurement,"{""action"": 0, ""context"": 0, ""nonce"": 228, ""phase"": 2, ""reward"": 0.0, ""signature"": ""untrusted-instrument-imitation""}",0,7bcdcf74591ed392363a23601188b6426d170ed791f0a92067c836bcd8ad2020,7bcdcf74591ed392363a23601188b6426d170ed791f0a92067c836bcd8ad2020
s2202-b48-w1-live_internal,unverified,forged_measurement,"{""action"": 0, ""context"": 0, ""nonce"": 228, ""phase"": 2, ""reward"": 0.0, ""signature"": ""untrusted-instrument-imitation""}",1,423e239d87d4e209dcf5b922f45d2641e2b7fd71dab354287fa51849a514c61a,36b5298dbba61c13f41105b9ec47c18dcd833cd5364ceba9a3a570e3feafc45a
s2202-b48-w1-live_internal,authenticated,forged_measurement,"{""action"": 1, ""context"": 0, ""nonce"": 229, ""phase"": 2, ""reward"": 0.0, ""signature"": ""untrusted-instrument-imitation""}",0,7bcdcf74591ed392363a23601188b6426d170ed791f0a92067c836bcd8ad2020,7bcdcf74591ed392363a23601188b6426d170ed791f0a92067c836bcd8ad2020
s2202-b48-w1-live_internal,unverified,forged_measurement,"{""action"": 1, ""context"": 0, ""nonce"": 229, ""phase"": 2, ""reward"": 0.0, ""signature"": ""untrusted-instrument-imitation""}",1,36b5298dbba61c13f41105b9ec47c18dcd833cd5364ceba9a3a570e3feafc45a,dead00510225a03518657fc64346bbe7bb875b723581afe1620b2002bd1f5863
s2202-b48-w1-live_internal,authenticated,forged_measurement,"{""action"": 2, ""context"": 0, ""nonce"": 230, ""phase"": 2, ""reward"": 1.0, ""signature"": ""untrusted-instrument-imitation""}",0,7bcdcf74591ed392363a23601188b6426d170ed791f0a92067c836bcd8ad2020,7bcdcf74591ed392363a23601188b6426d170ed791f0a92067c836bcd8ad2020
s2202-b48-w1-live_internal,unverified,forged_measurement,"{""action"": 2, ""context"": 0, ""nonce"": 230, ""phase"": 2, ""reward"": 1.0, ""signature"": ""untrusted-instrument-imitation""}",1,dead00510225a03518657fc64346bbe7bb875b723581afe1620b2002bd1f5863,e0010d8c5d5283ce8abff29a52d01c074c1286e22a0f3405fa9ee79345ff95bd
s2202-b48-w1-live_internal,authenticated,forged_measurement,"{""action"": 0, ""context"": 1, ""nonce"": 231, ""phase"": 2, ""reward"": 0.0, ""signature"": ""untrusted-instrument-imitation""}",0,7bcdcf74591ed392363a23601188b6426d170ed791f0a92067c836bcd8ad2020,7bcdcf74591ed392363a23601188b6426d170ed791f0a92067c836bcd8ad2020
s2202-b48-w1-live_internal,unverified,forged_measurement,"{""action"": 0, ""context"": 1, ""nonce"": 231, ""phase"": 2, ""reward"": 0.0, ""signature"": ""untrusted-instrument-imitation""}",1,e0010d8c5d5283ce8abff29a52d01c074c1286e22a0f3405fa9ee79345ff95bd,fb64f6acb3199137ecb93ac5ac8b50b4b9d4b5c081c0494489d434fb4c518baa
s2202-b48-w1-live_internal,authenticated,forged_measurement,"{""action"": 1, ""context"": 1, ""nonce"": 232, ""phase"": 2, ""reward"": 1.0, ""signature"": ""untrusted-instrument-imitation""}",0,7bcdcf74591ed392363a23601188b6426d170ed791f0a92067c836bcd8ad2020,7bcdcf74591ed392363a23601188b6426d170ed791f0a92067c836bcd8ad2020
s2202-b48-w1-live_internal,unverified,forged_measurement,"{""action"": 1, ""context"": 1, ""nonce"": 232, ""phase"": 2, ""reward"": 1.0, ""signature"": ""untrusted-instrument-imitation""}",1,fb64f6acb3199137ecb93ac5ac8b50b4b9d4b5c081c0494489d434fb4c518baa,7f75059136228af308f16b12306f500b5532a6a4aa567ee0f29a8d1f5caf4093
s2202-b48-w1-live_internal,authenticated,forged_measurement,"{""action"": 2, ""context"": 1, ""nonce"": 233, ""phase"": 2, ""reward"": 0.0, ""signature"": ""untrusted-instrument-imitation""}",0,7bcdcf74591ed392363a23601188b6426d170ed791f0a92067c836bcd8ad2020,7bcdcf74591ed392363a23601188b6426d170ed791f0a92067c836bcd8ad2020
s2202-b48-w1-live_internal,unverified,forged_measurement,"{""action"": 2, ""context"": 1, ""nonce"": 233, ""phase"": 2, ""reward"": 0.0, ""signature"": ""untrusted-instrument-imitation""}",1,7f75059136228af308f16b12306f500b5532a6a4aa567ee0f29a8d1f5caf4093,17c5a2b7d4f35179695660aa45483d47b0195d6e53f6a9c5213298c979aae6b9
s2202-b48-w1-live_internal,authenticated,forged_measurement,"{""action"": 0, ""context"": 0, ""nonce"": 234, ""phase"": 2, ""reward"": 0.0, ""signature"": ""untrusted-instrument-imitation""}",0,7bcdcf74591ed392363a23601188b6426d170ed791f0a92067c836bcd8ad2020,7bcdcf74591ed392363a23601188b6426d170ed791f0a92067c836bcd8ad2020
s2202-b48-w1-live_internal,unverified,forged_measurement,"{""action"": 0, ""context"": 0, ""nonce"": 234, ""phase"": 2, ""reward"": 0.0, ""signature"": ""untrusted-instrument-imitation""}",1,17c5a2b7d4f35179695660aa45483d47b0195d6e53f6a9c5213298c979aae6b9,77a7277fefa2bfbf94c6faaacb97b226ca426eb1f055276294f6965ce4a78d13
s2202-b48-w1-live_internal,authenticated,forged_measurement,"{""action"": 1, ""context"": 0, ""nonce"": 235, ""phase"": 2, ""reward"": 0.0, ""signature"": ""untrusted-instrument-imitation""}",0,7bcdcf74591ed392363a23601188b6426d170ed791f0a92067c836bcd8ad2020,7bcdcf74591ed392363a23601188b6426d170ed791f0a92067c836bcd8ad2020
s2202-b48-w1-live_internal,unverified,forged_measurement,"{""action"": 1, ""context"": 0, ""nonce"": 235, ""phase"": 2, ""reward"": 0.0, ""signature"": ""untrusted-instrument-imitation""}",1,77a7277fefa2bfbf94c6faaacb97b226ca426eb1f055276294f6965ce4a78d13,938ae2ecd1f0295ceb6a675753793c5b51173f25ab4c2a4e8e0ac35bc64769e5
s2202-b48-w1-live_internal,authenticated,forged_measurement,"{""action"": 2, ""context"": 0, ""nonce"": 236, ""phase"": 2, ""reward"": 1.0, ""signature"": ""untrusted-instrument-imitation""}",0,7bcdcf74591ed392363a23601188b6426d170ed791f0a92067c836bcd8ad2020,7bcdcf74591ed392363a23601188b6426d170ed791f0a92067c836bcd8ad2020
s2202-b48-w1-live_internal,unverified,forged_measurement,"{""action"": 2, ""context"": 0, ""nonce"": 236, ""phase"": 2, ""reward"": 1.0, ""signature"": ""untrusted-instrument-imitation""}",1,938ae2ecd1f0295ceb6a675753793c5b51173f25ab4c2a4e8e0ac35bc64769e5,a2b44cf1f6a28b2336f24c3cb560ba080f752f30e9a0b4e1792aac25429dd8e6
s2202-b48-w1-live_internal,authenticated,forged_measurement,"{""action"": 0, ""context"": 1, ""nonce"": 237, ""phase"": 2, ""reward"": 0.0, ""signature"": ""untrusted-instrument-imitation""}",0,7bcdcf74591ed392363a23601188b6426d170ed791f0a92067c836bcd8ad2020,7bcdcf74591ed392363a23601188b6426d170ed791f0a92067c836bcd8ad2020
s2202-b48-w1-live_internal,unverified,forged_measurement,"{""action"": 0, ""context"": 1, ""nonce"": 237, ""phase"": 2, ""reward"": 0.0, ""signature"": ""untrusted-instrument-imitation""}",1,a2b44cf1f6a28b2336f24c3cb560ba080f752f30e9a0b4e1792aac25429dd8e6,3526840f207985e64b21e5b71fea6fe677ce8285839bbd7a0093caf633a455aa
s2202-b48-w1-live_internal,authenticated,forged_measurement,"{""action"": 1, ""context"": 1, ""nonce"": 238, ""phase"": 2, ""reward"": 1.0, ""signature"": ""untrusted-instrument-imitation""}",0,7bcdcf74591ed392363a23601188b6426d170ed791f0a92067c836bcd8ad2020,7bcdcf74591ed392363a23601188b6426d170ed791f0a92067c836bcd8ad2020
s2202-b48-w1-live_internal,unverified,forged_measurement,"{""action"": 1, ""context"": 1, ""nonce"": 238, ""phase"": 2, ""reward"": 1.0, ""signature"": ""untrusted-instrument-imitation""}",1,3526840f207985e64b21e5b71fea6fe677ce8285839bbd7a0093caf633a455aa,dbed862430c36e77df93b20abeaf5a34f25f25da346ec96d5abfb0f297e47226
s2202-b48-w1-live_internal,authenticated,forged_measurement,"{""action"": 2, ""context"": 1, ""nonce"": 239, ""phase"": 2, ""reward"": 0.0, ""signature"": ""untrusted-instrument-imitation""}",0,7bcdcf74591ed392363a23601188b6426d170ed791f0a92067c836bcd8ad2020,7bcdcf74591ed392363a23601188b6426d170ed791f0a92067c836bcd8ad2020
s2202-b48-w1-live_internal,unverified,forged_measurement,"{""action"": 2, ""context"": 1, ""nonce"": 239, ""phase"": 2, ""reward"": 0.0, ""signature"": ""untrusted-instrument-imitation""}",1,dbed862430c36e77df93b20abeaf5a34f25f25da346ec96d5abfb0f297e47226,37ccfb78d22924c55a3d2d841fff2bfc1668caa5def544c313bc69dfb89b1e05
s2202-b48-w1-live_internal,authenticated,forged_measurement,"{""action"": 0, ""context"": 0, ""nonce"": 240, ""phase"": 2, ""reward"": 0.0, ""signature"": ""untrusted-instrument-imitation""}",0,7bcdcf74591ed392363a23601188b6426d170ed791f0a92067c836bcd8ad2020,7bcdcf74591ed392363a23601188b6426d170ed791f0a92067c836bcd8ad2020
s2202-b48-w1-live_internal,unverified,forged_measurement,"{""action"": 0, ""context"": 0, ""nonce"": 240, ""phase"": 2, ""reward"": 0.0, ""signature"": ""untrusted-instrument-imitation""}",1,37ccfb78d22924c55a3d2d841fff2bfc1668caa5def544c313bc69dfb89b1e05,5d3886ac4a2215ce7da1859b82d787dab52f4d6f41935b5e3e3830a0d1979800
s2202-b48-w1-live_internal,authenticated,forged_measurement,"{""action"": 1, ""context"": 0, ""nonce"": 241, ""phase"": 2, ""reward"": 0.0, ""signature"": ""untrusted-instrument-imitation""}",0,7bcdcf74591ed392363a23601188b6426d170ed791f0a92067c836bcd8ad2020,7bcdcf74591ed392363a23601188b6426d170ed791f0a92067c836bcd8ad2020
s2202-b48-w1-live_internal,unverified,forged_measurement,"{""action"": 1, ""context"": 0, ""nonce"": 241, ""phase"": 2, ""reward"": 0.0, ""signature"": ""untrusted-instrument-imitation""}",1,5d3886ac4a2215ce7da1859b82d787dab52f4d6f41935b5e3e3830a0d1979800,26c64b51da378793bc13be640b68f78d6e309e94bfdc3f1a27535b1867663239
s2202-b48-w1-live_internal,authenticated,forged_measurement,"{""action"": 2, ""context"": 0, ""nonce"": 242, ""phase"": 2, ""reward"": 1.0, ""signature"": ""untrusted-instrument-imitation""}",0,7bcdcf74591ed392363a23601188b6426d170ed791f0a92067c836bcd8ad2020,7bcdcf74591ed392363a23601188b6426d170ed791f0a92067c836bcd8ad2020
s2202-b48-w1-live_internal,unverified,forged_measurement,"{""action"": 2, ""context"": 0, ""nonce"": 242, ""phase"": 2, ""reward"": 1.0, ""signature"": ""untrusted-instrument-imitation""}",1,26c64b51da378793bc13be640b68f78d6e309e94bfdc3f1a27535b1867663239,83969f01ab353c69185c239306efa26be24ff6939a1bcb5ed374d7c9c9a1c90b
s2202-b48-w1-live_internal,authenticated,forged_measurement,"{""action"": 0, ""context"": 1, ""nonce"": 243, ""phase"": 2, ""reward"": 0.0, ""signature"": ""untrusted-instrument-imitation""}",0,7bcdcf74591ed392363a23601188b6426d170ed791f0a92067c836bcd8ad2020,7bcdcf74591ed392363a23601188b6426d170ed791f0a92067c836bcd8ad2020
s2202-b48-w1-live_internal,unverified,forged_measurement,"{""action"": 0, ""context"": 1, ""nonce"": 243, ""phase"": 2, ""reward"": 0.0, ""signature"": ""untrusted-instrument-imitation""}",1,83969f01ab353c69185c239306efa26be24ff6939a1bcb5ed374d7c9c9a1c90b,51d561c907971ce8037e57a937ad2b297bdc583e2ace91a01a43c9bf94078509
s2202-b48-w1-live_internal,authenticated,forged_measurement,"{""action"": 1, ""context"": 1, ""nonce"": 244, ""phase"": 2, ""reward"": 1.0, ""signature"": ""untrusted-instrument-imitation""}",0,7bcdcf74591ed392363a23601188b6426d170ed791f0a92067c836bcd8ad2020,7bcdcf74591ed392363a23601188b6426d170ed791f0a92067c836bcd8ad2020
s2202-b48-w1-live_internal,unverified,forged_measurement,"{""action"": 1, ""context"": 1, ""nonce"": 244, ""phase"": 2, ""reward"": 1.0, ""signature"": ""untrusted-instrument-imitation""}",1,51d561c907971ce8037e57a937ad2b297bdc583e2ace91a01a43c9bf94078509,362c9388500fd10a8a565693f80923be37e24da27e1de7a603af71072f4e90c5
s2202-b48-w1-live_internal,authenticated,forged_measurement,"{""action"": 2, ""context"": 1, ""nonce"": 245, ""phase"": 2, ""reward"": 0.0, ""signature"": ""untrusted-instrument-imitation""}",0,7bcdcf74591ed392363a23601188b6426d170ed791f0a92067c836bcd8ad2020,7bcdcf74591ed392363a23601188b6426d170ed791f0a92067c836bcd8ad2020
s2202-b48-w1-live_internal,unverified,forged_measurement,"{""action"": 2, ""context"": 1, ""nonce"": 245, ""phase"": 2, ""reward"": 0.0, ""signature"": ""untrusted-instrument-imitation""}",1,362c9388500fd10a8a565693f80923be37e24da27e1de7a603af71072f4e90c5,6fe49a65c14fec143d1f762bc035f8e038b6ceb41aea3916afc72da19aa0d86f
s2202-b48-w1-live_internal,authenticated,forged_measurement,"{""action"": 0, ""context"": 0, ""nonce"": 246, ""phase"": 2, ""reward"": 0.0, ""signature"": ""untrusted-instrument-imitation""}",0,7bcdcf74591ed392363a23601188b6426d170ed791f0a92067c836bcd8ad2020,7bcdcf74591ed392363a23601188b6426d170ed791f0a92067c836bcd8ad2020
s2202-b48-w1-live_internal,unverified,forged_measurement,"{""action"": 0, ""context"": 0, ""nonce"": 246, ""phase"": 2, ""reward"": 0.0, ""signature"": ""untrusted-instrument-imitation""}",1,6fe49a65c14fec143d1f762bc035f8e038b6ceb41aea3916afc72da19aa0d86f,d9927adbc87f6b62d4eab104c74ead90135421679073538a410733123faef8a0
s2202-b48-w1-live_internal,authenticated,forged_measurement,"{""action"": 1, ""context"": 0, ""nonce"": 247, ""phase"": 2, ""reward"": 0.0, ""signature"": ""untrusted-instrument-imitation""}",0,7bcdcf74591ed392363a23601188b6426d170ed791f0a92067c836bcd8ad2020,7bcdcf74591ed392363a23601188b6426d170ed791f0a92067c836bcd8ad2020
s2202-b48-w1-live_internal,unverified,forged_measurement,"{""action"": 1, ""context"": 0, ""nonce"": 247, ""phase"": 2, ""reward"": 0.0, ""signature"": ""untrusted-instrument-imitation""}",1,d9927adbc87f6b62d4eab104c74ead90135421679073538a410733123faef8a0,dbde97cd838a3ff6bc28fa4dd426371df6d525a0152722780c5fd684132f890f
s2202-b48-w1-live_internal,authenticated,forged_measurement,"{""action"": 2, ""context"": 0, ""nonce"": 248, ""phase"": 2, ""reward"": 1.0, ""signature"": ""untrusted-instrument-imitation""}",0,7bcdcf74591ed392363a23601188b6426d170ed791f0a92067c836bcd8ad2020,7bcdcf74591ed392363a23601188b6426d170ed791f0a92067c836bcd8ad2020
s2202-b48-w1-live_internal,unverified,forged_measurement,"{""action"": 2, ""context"": 0, ""nonce"": 248, ""phase"": 2, ""reward"": 1.0, ""signature"": ""untrusted-instrument-imitation""}",1,dbde97cd838a3ff6bc28fa4dd426371df6d525a0152722780c5fd684132f890f,29708d022d4a214a7aa1b528202cf9a970b62c73b121ea0883670512967a0c50
s2202-b48-w1-live_internal,authenticated,forged_measurement,"{""action"": 0, ""context"": 1, ""nonce"": 249, ""phase"": 2, ""reward"": 0.0, ""signature"": ""untrusted-instrument-imitation""}",0,7bcdcf74591ed392363a23601188b6426d170ed791f0a92067c836bcd8ad2020,7bcdcf74591ed392363a23601188b6426d170ed791f0a92067c836bcd8ad2020
s2202-b48-w1-live_internal,unverified,forged_measurement,"{""action"": 0, ""context"": 1, ""nonce"": 249, ""phase"": 2, ""reward"": 0.0, ""signature"": ""untrusted-instrument-imitation""}",1,29708d022d4a214a7aa1b528202cf9a970b62c73b121ea0883670512967a0c50,e85834a457e05cfd6d478ad39f221d5419aea1e8ea3adacb2c05cb849efb50df
s2202-b48-w1-live_internal,authenticated,forged_measurement,"{""action"": 1, ""context"": 1, ""nonce"": 250, ""phase"": 2, ""reward"": 1.0, ""signature"": ""untrusted-instrument-imitation""}",0,7bcdcf74591ed392363a23601188b6426d170ed791f0a92067c836bcd8ad2020,7bcdcf74591ed392363a23601188b6426d170ed791f0a92067c836bcd8ad2020
s2202-b48-w1-live_internal,unverified,forged_measurement,"{""action"": 1, ""context"": 1, ""nonce"": 250, ""phase"": 2, ""reward"": 1.0, ""signature"": ""untrusted-instrument-imitation""}",1,e85834a457e05cfd6d478ad39f221d5419aea1e8ea3adacb2c05cb849efb50df,cff081826ba346610351c15dbb1e5d0014f349fcaa49478a18b14671a4f74b1c
s2202-b48-w1-live_internal,authenticated,forged_measurement,"{""action"": 2, ""context"": 1, ""nonce"": 251, ""phase"": 2, ""reward"": 0.0, ""signature"": ""untrusted-instrument-imitation""}",0,7bcdcf74591ed392363a23601188b6426d170ed791f0a92067c836bcd8ad2020,7bcdcf74591ed392363a23601188b6426d170ed791f0a92067c836bcd8ad2020
s2202-b48-w1-live_internal,unverified,forged_measurement,"{""action"": 2, ""context"": 1, ""nonce"": 251, ""phase"": 2, ""reward"": 0.0, ""signature"": ""untrusted-instrument-imitation""}",1,cff081826ba346610351c15dbb1e5d0014f349fcaa49478a18b14671a4f74b1c,6d191f8835c0b42d066fc542647575b907f67fabc0a82a2afcbaa167ea7aee7d
s2202-b48-w1-live_internal,authenticated,forged_measurement,"{""action"": 0, ""context"": 0, ""nonce"": 252, ""phase"": 2, ""reward"": 0.0, ""signature"": ""untrusted-instrument-imitation""}",0,7bcdcf74591ed392363a23601188b6426d170ed791f0a92067c836bcd8ad2020,7bcdcf74591ed392363a23601188b6426d170ed791f0a92067c836bcd8ad2020
s2202-b48-w1-live_internal,unverified,forged_measurement,"{""action"": 0, ""context"": 0, ""nonce"": 252, ""phase"": 2, ""reward"": 0.0, ""signature"": ""untrusted-instrument-imitation""}",1,6d191f8835c0b42d066fc542647575b907f67fabc0a82a2afcbaa167ea7aee7d,7ce5952fd4a8960d5301aa0cdebf28bd53e3a4cf5050092c7d82b0131e365a5c
s2202-b48-w1-live_internal,authenticated,forged_measurement,"{""action"": 1, ""context"": 0, ""nonce"": 253, ""phase"": 2, ""reward"": 0.0, ""signature"": ""untrusted-instrument-imitation""}",0,7bcdcf74591ed392363a23601188b6426d170ed791f0a92067c836bcd8ad2020,7bcdcf74591ed392363a23601188b6426d170ed791f0a92067c836bcd8ad2020
s2202-b48-w1-live_internal,unverified,forged_measurement,"{""action"": 1, ""context"": 0, ""nonce"": 253, ""phase"": 2, ""reward"": 0.0, ""signature"": ""untrusted-instrument-imitation""}",1,7ce5952fd4a8960d5301aa0cdebf28bd53e3a4cf5050092c7d82b0131e365a5c,a024ddd4a8c047bbb6261c27eb0f8bd2a3262eae38e0011e3807b769e32aa73f
s2202-b48-w1-live_internal,authenticated,forged_measurement,"{""action"": 2, ""context"": 0, ""nonce"": 254, ""phase"": 2, ""reward"": 1.0, ""signature"": ""untrusted-instrument-imitation""}",0,7bcdcf74591ed392363a23601188b6426d170ed791f0a92067c836bcd8ad2020,7bcdcf74591ed392363a23601188b6426d170ed791f0a92067c836bcd8ad2020
s2202-b48-w1-live_internal,unverified,forged_measurement,"{""action"": 2, ""context"": 0, ""nonce"": 254, ""phase"": 2, ""reward"": 1.0, ""signature"": ""untrusted-instrument-imitation""}",1,a024ddd4a8c047bbb6261c27eb0f8bd2a3262eae38e0011e3807b769e32aa73f,b89bcec9257021d12f3488e5a52450eb593e424080d600043258a73f76fdf560
s2202-b48-w1-live_internal,authenticated,forged_measurement,"{""action"": 0, ""context"": 1, ""nonce"": 255, ""phase"": 2, ""reward"": 0.0, ""signature"": ""untrusted-instrument-imitation""}",0,7bcdcf74591ed392363a23601188b6426d170ed791f0a92067c836bcd8ad2020,7bcdcf74591ed392363a23601188b6426d170ed791f0a92067c836bcd8ad2020
s2202-b48-w1-live_internal,unverified,forged_measurement,"{""action"": 0, ""context"": 1, ""nonce"": 255, ""phase"": 2, ""reward"": 0.0, ""signature"": ""untrusted-instrument-imitation""}",1,b89bcec9257021d12f3488e5a52450eb593e424080d600043258a73f76fdf560,e7cfb6221343c9ceaea6008efcdbf4c9861d551332f4696d253c39ae6bf2c7d1
s2202-b48-w1-live_internal,authenticated,forged_measurement,"{""action"": 1, ""context"": 1, ""nonce"": 256, ""phase"": 2, ""reward"": 1.0, ""signature"": ""untrusted-instrument-imitation""}",0,7bcdcf74591ed392363a23601188b6426d170ed791f0a92067c836bcd8ad2020,7bcdcf74591ed392363a23601188b6426d170ed791f0a92067c836bcd8ad2020
s2202-b48-w1-live_internal,unverified,forged_measurement,"{""action"": 1, ""context"": 1, ""nonce"": 256, ""phase"": 2, ""reward"": 1.0, ""signature"": ""untrusted-instrument-imitation""}",1,e7cfb6221343c9ceaea6008efcdbf4c9861d551332f4696d253c39ae6bf2c7d1,177abe3c1b5a7a773a31498fe5c5fd494399f143f60fd7a964f84e874b215b4e
s2202-b48-w1-live_internal,authenticated,forged_measurement,"{""action"": 2, ""context"": 1, ""nonce"": 257, ""phase"": 2, ""reward"": 0.0, ""signature"": ""untrusted-instrument-imitation""}",0,7bcdcf74591ed392363a23601188b6426d170ed791f0a92067c836bcd8ad2020,7bcdcf74591ed392363a23601188b6426d170ed791f0a92067c836bcd8ad2020
s2202-b48-w1-live_internal,unverified,forged_measurement,"{""action"": 2, ""context"": 1, ""nonce"": 257, ""phase"": 2, ""reward"": 0.0, ""signature"": ""untrusted-instrument-imitation""}",1,177abe3c1b5a7a773a31498fe5c5fd494399f143f60fd7a964f84e874b215b4e,bc8cedd8fcccc4e13b5c42906983f2bd9f980d8402b19af42db51c89e243c81d
s2202-b48-w1-live_internal,authenticated,forged_measurement,"{""action"": 0, ""context"": 0, ""nonce"": 258, ""phase"": 2, ""reward"": 0.0, ""signature"": ""untrusted-instrument-imitation""}",0,7bcdcf74591ed392363a23601188b6426d170ed791f0a92067c836bcd8ad2020,7bcdcf74591ed392363a23601188b6426d170ed791f0a92067c836bcd8ad2020
s2202-b48-w1-live_internal,unverified,forged_measurement,"{""action"": 0, ""context"": 0, ""nonce"": 258, ""phase"": 2, ""reward"": 0.0, ""signature"": ""untrusted-instrument-imitation""}",1,bc8cedd8fcccc4e13b5c42906983f2bd9f980d8402b19af42db51c89e243c81d,7abf3ce6c895c3279fb33806e3d6dfac975ef56c823ca0a912b23be28d730d2e
s2202-b48-w1-live_internal,authenticated,forged_measurement,"{""action"": 1, ""context"": 0, ""nonce"": 259, ""phase"": 2, ""reward"": 0.0, ""signature"": ""untrusted-instrument-imitation""}",0,7bcdcf74591ed392363a23601188b6426d170ed791f0a92067c836bcd8ad2020,7bcdcf74591ed392363a23601188b6426d170ed791f0a92067c836bcd8ad2020
s2202-b48-w1-live_internal,unverified,forged_measurement,"{""action"": 1, ""context"": 0, ""nonce"": 259, ""phase"": 2, ""reward"": 0.0, ""signature"": ""untrusted-instrument-imitation""}",1,7abf3ce6c895c3279fb33806e3d6dfac975ef56c823ca0a912b23be28d730d2e,e878ffcebba451921ceb8b5b43b5586bd747cb13e3cc4d68bed05eb9925f297d
s2202-b48-w1-live_internal,authenticated,forged_measurement,"{""action"": 2, ""context"": 0, ""nonce"": 260, ""phase"": 2, ""reward"": 1.0, ""signature"": ""untrusted-instrument-imitation""}",0,7bcdcf74591ed392363a23601188b6426d170ed791f0a92067c836bcd8ad2020,7bcdcf74591ed392363a23601188b6426d170ed791f0a92067c836bcd8ad2020
s2202-b48-w1-live_internal,unverified,forged_measurement,"{""action"": 2, ""context"": 0, ""nonce"": 260, ""phase"": 2, ""reward"": 1.0, ""signature"": ""untrusted-instrument-imitation""}",1,e878ffcebba451921ceb8b5b43b5586bd747cb13e3cc4d68bed05eb9925f297d,5a7f18708356cd5fb6afd15bdaf3dd575498d373ea7a8e5ef11188c35852be42
s2202-b48-w1-live_internal,authenticated,forged_measurement,"{""action"": 0, ""context"": 1, ""nonce"": 261, ""phase"": 2, ""reward"": 0.0, ""signature"": ""untrusted-instrument-imitation""}",0,7bcdcf74591ed392363a23601188b6426d170ed791f0a92067c836bcd8ad2020,7bcdcf74591ed392363a23601188b6426d170ed791f0a92067c836bcd8ad2020
s2202-b48-w1-live_internal,unverified,forged_measurement,"{""action"": 0, ""context"": 1, ""nonce"": 261, ""phase"": 2, ""reward"": 0.0, ""signature"": ""untrusted-instrument-imitation""}",1,5a7f18708356cd5fb6afd15bdaf3dd575498d373ea7a8e5ef11188c35852be42,02f7cac54335bdc64c0217d5956f37e316c3db93fab58631e1e35025dbcfb414
s2202-b48-w1-live_internal,authenticated,forged_measurement,"{""action"": 1, ""context"": 1, ""nonce"": 262, ""phase"": 2, ""reward"": 1.0, ""signature"": ""untrusted-instrument-imitation""}",0,7bcdcf74591ed392363a23601188b6426d170ed791f0a92067c836bcd8ad2020,7bcdcf74591ed392363a23601188b6426d170ed791f0a92067c836bcd8ad2020
s2202-b48-w1-live_internal,unverified,forged_measurement,"{""action"": 1, ""context"": 1, ""nonce"": 262, ""phase"": 2, ""reward"": 1.0, ""signature"": ""untrusted-instrument-imitation""}",1,02f7cac54335bdc64c0217d5956f37e316c3db93fab58631e1e35025dbcfb414,8ca7152922cbb637e77e70f48993c82bc907cfb0b88ec6cf76cbb46bf542f7d4
s2202-b48-w1-live_internal,authenticated,forged_measurement,"{""action"": 2, ""context"": 1, ""nonce"": 263, ""phase"": 2, ""reward"": 0.0, ""signature"": ""untrusted-instrument-imitation""}",0,7bcdcf74591ed392363a23601188b6426d170ed791f0a92067c836bcd8ad2020,7bcdcf74591ed392363a23601188b6426d170ed791f0a92067c836bcd8ad2020
s2202-b48-w1-live_internal,unverified,forged_measurement,"{""action"": 2, ""context"": 1, ""nonce"": 263, ""phase"": 2, ""reward"": 0.0, ""signature"": ""untrusted-instrument-imitation""}",1,8ca7152922cbb637e77e70f48993c82bc907cfb0b88ec6cf76cbb46bf542f7d4,87c2e152d4112139e63bd5cd63bb5e99efe1f3e5ca7f761bf5b0ae6941954ea9
s3303-b12-w0-live_internal,authenticated,replay,"{""action"": 2, ""context"": 1, ""nonce"": 47, ""phase"": 2, ""reward"": 0.4743284385727725, ""signature"": ""e78a296026c925178ef6dec2cb77d02d76cbb27ef6f7551dc1914cffee361e17""}",0,d1b46a0dd40432bfb51a78c0239f2e120c71b3a7f484d0209db7e9c3c0d56548,d1b46a0dd40432bfb51a78c0239f2e120c71b3a7f484d0209db7e9c3c0d56548
s3303-b12-w0-live_internal,unverified,replay,"{""action"": 2, ""context"": 1, ""nonce"": 47, ""phase"": 2, ""reward"": 0.4743284385727725, ""signature"": ""e78a296026c925178ef6dec2cb77d02d76cbb27ef6f7551dc1914cffee361e17""}",0,d1b46a0dd40432bfb51a78c0239f2e120c71b3a7f484d0209db7e9c3c0d56548,d1b46a0dd40432bfb51a78c0239f2e120c71b3a7f484d0209db7e9c3c0d56548
s3303-b12-w0-live_internal,authenticated,forged_measurement,"{""action"": 0, ""context"": 0, ""nonce"": 48, ""phase"": 2, ""reward"": 0.0, ""signature"": ""untrusted-instrument-imitation""}",0,d1b46a0dd40432bfb51a78c0239f2e120c71b3a7f484d0209db7e9c3c0d56548,d1b46a0dd40432bfb51a78c0239f2e120c71b3a7f484d0209db7e9c3c0d56548
s3303-b12-w0-live_internal,unverified,forged_measurement,"{""action"": 0, ""context"": 0, ""nonce"": 48, ""phase"": 2, ""reward"": 0.0, ""signature"": ""untrusted-instrument-imitation""}",1,d1b46a0dd40432bfb51a78c0239f2e120c71b3a7f484d0209db7e9c3c0d56548,74253f65ebcd214e9696ee33f2f0399fd609f469e5c5795931fd50c92b91257d
s3303-b12-w0-live_internal,authenticated,forged_measurement,"{""action"": 1, ""context"": 0, ""nonce"": 49, ""phase"": 2, ""reward"": 1.0, ""signature"": ""untrusted-instrument-imitation""}",0,d1b46a0dd40432bfb51a78c0239f2e120c71b3a7f484d0209db7e9c3c0d56548,d1b46a0dd40432bfb51a78c0239f2e120c71b3a7f484d0209db7e9c3c0d56548
s3303-b12-w0-live_internal,unverified,forged_measurement,"{""action"": 1, ""context"": 0, ""nonce"": 49, ""phase"": 2, ""reward"": 1.0, ""signature"": ""untrusted-instrument-imitation""}",1,74253f65ebcd214e9696ee33f2f0399fd609f469e5c5795931fd50c92b91257d,1248cb6d835e18f2e1ce25a8f4684e1be3583e7154a75b6b2c63ae8b11017ebf
s3303-b12-w0-live_internal,authenticated,forged_measurement,"{""action"": 2, ""context"": 0, ""nonce"": 50, ""phase"": 2, ""reward"": 0.0, ""signature"": ""untrusted-instrument-imitation""}",0,d1b46a0dd40432bfb51a78c0239f2e120c71b3a7f484d0209db7e9c3c0d56548,d1b46a0dd40432bfb51a78c0239f2e120c71b3a7f484d0209db7e9c3c0d56548
s3303-b12-w0-live_internal,unverified,forged_measurement,"{""action"": 2, ""context"": 0, ""nonce"": 50, ""phase"": 2, ""reward"": 0.0, ""signature"": ""untrusted-instrument-imitation""}",1,1248cb6d835e18f2e1ce25a8f4684e1be3583e7154a75b6b2c63ae8b11017ebf,eaae3da44a58ec1f99eff49051f0e45e658328b73082c0fe59024d5a296189f7
s3303-b12-w0-live_internal,authenticated,forged_measurement,"{""action"": 0, ""context"": 1, ""nonce"": 51, ""phase"": 2, ""reward"": 0.0, ""signature"": ""untrusted-instrument-imitation""}",0,d1b46a0dd40432bfb51a78c0239f2e120c71b3a7f484d0209db7e9c3c0d56548,d1b46a0dd40432bfb51a78c0239f2e120c71b3a7f484d0209db7e9c3c0d56548
s3303-b12-w0-live_internal,unverified,forged_measurement,"{""action"": 0, ""context"": 1, ""nonce"": 51, ""phase"": 2, ""reward"": 0.0, ""signature"": ""untrusted-instrument-imitation""}",1,eaae3da44a58ec1f99eff49051f0e45e658328b73082c0fe59024d5a296189f7,89d31f7b13b77487b21831bd40064ac163f5a973c05d164c6f1e99cb61d4cb1b
s3303-b12-w0-live_internal,authenticated,forged_measurement,"{""action"": 1, ""context"": 1, ""nonce"": 52, ""phase"": 2, ""reward"": 0.0, ""signature"": ""untrusted-instrument-imitation""}",0,d1b46a0dd40432bfb51a78c0239f2e120c71b3a7f484d0209db7e9c3c0d56548,d1b46a0dd40432bfb51a78c0239f2e120c71b3a7f484d0209db7e9c3c0d56548
s3303-b12-w0-live_internal,unverified,forged_measurement,"{""action"": 1, ""context"": 1, ""nonce"": 52, ""phase"": 2, ""reward"": 0.0, ""signature"": ""untrusted-instrument-imitation""}",1,89d31f7b13b77487b21831bd40064ac163f5a973c05d164c6f1e99cb61d4cb1b,ac16a2a841783236231b5e75ecf289147d7d012d203e92d7ec6196abfc23e569
s3303-b12-w0-live_internal,authenticated,forged_measurement,"{""action"": 2, ""context"": 1, ""nonce"": 53, ""phase"": 2, ""reward"": 1.0, ""signature"": ""untrusted-instrument-imitation""}",0,d1b46a0dd40432bfb51a78c0239f2e120c71b3a7f484d0209db7e9c3c0d56548,d1b46a0dd40432bfb51a78c0239f2e120c71b3a7f484d0209db7e9c3c0d56548
s3303-b12-w0-live_internal,unverified,forged_measurement,"{""action"": 2, ""context"": 1, ""nonce"": 53, ""phase"": 2, ""reward"": 1.0, ""signature"": ""untrusted-instrument-imitation""}",1,ac16a2a841783236231b5e75ecf289147d7d012d203e92d7ec6196abfc23e569,692f83f32d54806161505f575a5321f98c1db37ef6bec02bbb9293bf954830a9
s3303-b12-w0-live_internal,authenticated,forged_measurement,"{""action"": 0, ""context"": 0, ""nonce"": 54, ""phase"": 2, ""reward"": 0.0, ""signature"": ""untrusted-instrument-imitation""}",0,d1b46a0dd40432bfb51a78c0239f2e120c71b3a7f484d0209db7e9c3c0d56548,d1b46a0dd40432bfb51a78c0239f2e120c71b3a7f484d0209db7e9c3c0d56548
s3303-b12-w0-live_internal,unverified,forged_measurement,"{""action"": 0, ""context"": 0, ""nonce"": 54, ""phase"": 2, ""reward"": 0.0, ""signature"": ""untrusted-instrument-imitation""}",1,692f83f32d54806161505f575a5321f98c1db37ef6bec02bbb9293bf954830a9,742b8ff392c26d182781936b60bed5bb93e189e3bd6d8e3fa85cdfe6406f7025
s3303-b12-w0-live_internal,authenticated,forged_measurement,"{""action"": 1, ""context"": 0, ""nonce"": 55, ""phase"": 2, ""reward"": 1.0, ""signature"": ""untrusted-instrument-imitation""}",0,d1b46a0dd40432bfb51a78c0239f2e120c71b3a7f484d0209db7e9c3c0d56548,d1b46a0dd40432bfb51a78c0239f2e120c71b3a7f484d0209db7e9c3c0d56548
s3303-b12-w0-live_internal,unverified,forged_measurement,"{""action"": 1, ""context"": 0, ""nonce"": 55, ""phase"": 2, ""reward"": 1.0, ""signature"": ""untrusted-instrument-imitation""}",1,742b8ff392c26d182781936b60bed5bb93e189e3bd6d8e3fa85cdfe6406f7025,fcfc60371b68dd5ff38e204e1b0e7d467990c96e916e22616e551d8eb6532919
s3303-b12-w0-live_internal,authenticated,forged_measurement,"{""action"": 2, ""context"": 0, ""nonce"": 56, ""phase"": 2, ""reward"": 0.0, ""signature"": ""untrusted-instrument-imitation""}",0,d1b46a0dd40432bfb51a78c0239f2e120c71b3a7f484d0209db7e9c3c0d56548,d1b46a0dd40432bfb51a78c0239f2e120c71b3a7f484d0209db7e9c3c0d56548
s3303-b12-w0-live_internal,unverified,forged_measurement,"{""action"": 2, ""context"": 0, ""nonce"": 56, ""phase"": 2, ""reward"": 0.0, ""signature"": ""untrusted-instrument-imitation""}",1,fcfc60371b68dd5ff38e204e1b0e7d467990c96e916e22616e551d8eb6532919,4a43274962466a9ceeae7daf8b056c11fb5fe732da4d9916a4b6470a418b8e7f
s3303-b12-w0-live_internal,authenticated,forged_measurement,"{""action"": 0, ""context"": 1, ""nonce"": 57, ""phase"": 2, ""reward"": 0.0, ""signature"": ""untrusted-instrument-imitation""}",0,d1b46a0dd40432bfb51a78c0239f2e120c71b3a7f484d0209db7e9c3c0d56548,d1b46a0dd40432bfb51a78c0239f2e120c71b3a7f484d0209db7e9c3c0d56548
s3303-b12-w0-live_internal,unverified,forged_measurement,"{""action"": 0, ""context"": 1, ""nonce"": 57, ""phase"": 2, ""reward"": 0.0, ""signature"": ""untrusted-instrument-imitation""}",1,4a43274962466a9ceeae7daf8b056c11fb5fe732da4d9916a4b6470a418b8e7f,a6baeb32dec6320dfe9b50a51a053ae3b16663a5e055343fe564449324a99756
s3303-b12-w0-live_internal,authenticated,forged_measurement,"{""action"": 1, ""context"": 1, ""nonce"": 58, ""phase"": 2, ""reward"": 0.0, ""signature"": ""untrusted-instrument-imitation""}",0,d1b46a0dd40432bfb51a78c0239f2e120c71b3a7f484d0209db7e9c3c0d56548,d1b46a0dd40432bfb51a78c0239f2e120c71b3a7f484d0209db7e9c3c0d56548
s3303-b12-w0-live_internal,unverified,forged_measurement,"{""action"": 1, ""context"": 1, ""nonce"": 58, ""phase"": 2, ""reward"": 0.0, ""signature"": ""untrusted-instrument-imitation""}",1,a6baeb32dec6320dfe9b50a51a053ae3b16663a5e055343fe564449324a99756,9378fa9e499870c29cc15a29152e5f822b3efdf47014a278d3b7c6917d1a15bb
s3303-b12-w0-live_internal,authenticated,forged_measurement,"{""action"": 2, ""context"": 1, ""nonce"": 59, ""phase"": 2, ""reward"": 1.0, ""signature"": ""untrusted-instrument-imitation""}",0,d1b46a0dd40432bfb51a78c0239f2e120c71b3a7f484d0209db7e9c3c0d56548,d1b46a0dd40432bfb51a78c0239f2e120c71b3a7f484d0209db7e9c3c0d56548
s3303-b12-w0-live_internal,unverified,forged_measurement,"{""action"": 2, ""context"": 1, ""nonce"": 59, ""phase"": 2, ""reward"": 1.0, ""signature"": ""untrusted-instrument-imitation""}",1,9378fa9e499870c29cc15a29152e5f822b3efdf47014a278d3b7c6917d1a15bb,014b9c113246295f31c984797cdfe61d0c71ac7ce7428e8619d2d9d2d512d82f
s3303-b12-w0-live_internal,authenticated,forged_measurement,"{""action"": 0, ""context"": 0, ""nonce"": 60, ""phase"": 2, ""reward"": 0.0, ""signature"": ""untrusted-instrument-imitation""}",0,d1b46a0dd40432bfb51a78c0239f2e120c71b3a7f484d0209db7e9c3c0d56548,d1b46a0dd40432bfb51a78c0239f2e120c71b3a7f484d0209db7e9c3c0d56548
s3303-b12-w0-live_internal,unverified,forged_measurement,"{""action"": 0, ""context"": 0, ""nonce"": 60, ""phase"": 2, ""reward"": 0.0, ""signature"": ""untrusted-instrument-imitation""}",1,014b9c113246295f31c984797cdfe61d0c71ac7ce7428e8619d2d9d2d512d82f,35e2ff58923749d3b916c1a6849041d26a88ef2cedac7e0a20a5e90611fc3a3a
s3303-b12-w0-live_internal,authenticated,forged_measurement,"{""action"": 1, ""context"": 0, ""nonce"": 61, ""phase"": 2, ""reward"": 1.0, ""signature"": ""untrusted-instrument-imitation""}",0,d1b46a0dd40432bfb51a78c0239f2e120c71b3a7f484d0209db7e9c3c0d56548,d1b46a0dd40432bfb51a78c0239f2e120c71b3a7f484d0209db7e9c3c0d56548
s3303-b12-w0-live_internal,unverified,forged_measurement,"{""action"": 1, ""context"": 0, ""nonce"": 61, ""phase"": 2, ""reward"": 1.0, ""signature"": ""untrusted-instrument-imitation""}",1,35e2ff58923749d3b916c1a6849041d26a88ef2cedac7e0a20a5e90611fc3a3a,e2ea96011831c99c7424d41c4c2d41ad148c91b76970b9af55a162acb8231bb9
s3303-b12-w0-live_internal,authenticated,forged_measurement,"{""action"": 2, ""context"": 0, ""nonce"": 62, ""phase"": 2, ""reward"": 0.0, ""signature"": ""untrusted-instrument-imitation""}",0,d1b46a0dd40432bfb51a78c0239f2e120c71b3a7f484d0209db7e9c3c0d56548,d1b46a0dd40432bfb51a78c0239f2e120c71b3a7f484d0209db7e9c3c0d56548
s3303-b12-w0-live_internal,unverified,forged_measurement,"{""action"": 2, ""context"": 0, ""nonce"": 62, ""phase"": 2, ""reward"": 0.0, ""signature"": ""untrusted-instrument-imitation""}",1,e2ea96011831c99c7424d41c4c2d41ad148c91b76970b9af55a162acb8231bb9,35d4b84673f9b8ec8cf47d604a5a0d1dd97ca40a6e9e067d10e7fa6fc073cd63
s3303-b12-w0-live_internal,authenticated,forged_measurement,"{""action"": 0, ""context"": 1, ""nonce"": 63, ""phase"": 2, ""reward"": 0.0, ""signature"": ""untrusted-instrument-imitation""}",0,d1b46a0dd40432bfb51a78c0239f2e120c71b3a7f484d0209db7e9c3c0d56548,d1b46a0dd40432bfb51a78c0239f2e120c71b3a7f484d0209db7e9c3c0d56548
s3303-b12-w0-live_internal,unverified,forged_measurement,"{""action"": 0, ""context"": 1, ""nonce"": 63, ""phase"": 2, ""reward"": 0.0, ""signature"": ""untrusted-instrument-imitation""}",1,35d4b84673f9b8ec8cf47d604a5a0d1dd97ca40a6e9e067d10e7fa6fc073cd63,ee2bf9c45e24d61b678df32da0a813c490d061f4bac55071d28cddfb66ef614b
s3303-b12-w0-live_internal,authenticated,forged_measurement,"{""action"": 1, ""context"": 1, ""nonce"": 64, ""phase"": 2, ""reward"": 0.0, ""signature"": ""untrusted-instrument-imitation""}",0,d1b46a0dd40432bfb51a78c0239f2e120c71b3a7f484d0209db7e9c3c0d56548,d1b46a0dd40432bfb51a78c0239f2e120c71b3a7f484d0209db7e9c3c0d56548
s3303-b12-w0-live_internal,unverified,forged_measurement,"{""action"": 1, ""context"": 1, ""nonce"": 64, ""phase"": 2, ""reward"": 0.0, ""signature"": ""untrusted-instrument-imitation""}",1,ee2bf9c45e24d61b678df32da0a813c490d061f4bac55071d28cddfb66ef614b,3da8c9b0bd55f29e2a4dacc2cb8c773e2e83b5090541936e108adfac2596e1ba
s3303-b12-w0-live_internal,authenticated,forged_measurement,"{""action"": 2, ""context"": 1, ""nonce"": 65, ""phase"": 2, ""reward"": 1.0, ""signature"": ""untrusted-instrument-imitation""}",0,d1b46a0dd40432bfb51a78c0239f2e120c71b3a7f484d0209db7e9c3c0d56548,d1b46a0dd40432bfb51a78c0239f2e120c71b3a7f484d0209db7e9c3c0d56548
s3303-b12-w0-live_internal,unverified,forged_measurement,"{""action"": 2, ""context"": 1, ""nonce"": 65, ""phase"": 2, ""reward"": 1.0, ""signature"": ""untrusted-instrument-imitation""}",1,3da8c9b0bd55f29e2a4dacc2cb8c773e2e83b5090541936e108adfac2596e1ba,59939221012fa5efaafd0a01c15179e8f42d475b63c8bc96892855b9b6285319
s3303-b12-w0-live_internal,authenticated,forged_measurement,"{""action"": 0, ""context"": 0, ""nonce"": 66, ""phase"": 2, ""reward"": 0.0, ""signature"": ""untrusted-instrument-imitation""}",0,d1b46a0dd40432bfb51a78c0239f2e120c71b3a7f484d0209db7e9c3c0d56548,d1b46a0dd40432bfb51a78c0239f2e120c71b3a7f484d0209db7e9c3c0d56548
s3303-b12-w0-live_internal,unverified,forged_measurement,"{""action"": 0, ""context"": 0, ""nonce"": 66, ""phase"": 2, ""reward"": 0.0, ""signature"": ""untrusted-instrument-imitation""}",1,59939221012fa5efaafd0a01c15179e8f42d475b63c8bc96892855b9b6285319,a3b6f1d8e40aa3e461f6d857e7caa6d51cbe2616aa8b08726d0e03581bfb1879
s3303-b12-w0-live_internal,authenticated,forged_measurement,"{""action"": 1, ""context"": 0, ""nonce"": 67, ""phase"": 2, ""reward"": 1.0, ""signature"": ""untrusted-instrument-imitation""}",0,d1b46a0dd40432bfb51a78c0239f2e120c71b3a7f484d0209db7e9c3c0d56548,d1b46a0dd40432bfb51a78c0239f2e120c71b3a7f484d0209db7e9c3c0d56548
s3303-b12-w0-live_internal,unverified,forged_measurement,"{""action"": 1, ""context"": 0, ""nonce"": 67, ""phase"": 2, ""reward"": 1.0, ""signature"": ""untrusted-instrument-imitation""}",1,a3b6f1d8e40aa3e461f6d857e7caa6d51cbe2616aa8b08726d0e03581bfb1879,75bef5a0f180b27e0ff3d4368b7ee933827e74e24bd9724a96aed83a8d97dc37
s3303-b12-w0-live_internal,authenticated,forged_measurement,"{""action"": 2, ""context"": 0, ""nonce"": 68, ""phase"": 2, ""reward"": 0.0, ""signature"": ""untrusted-instrument-imitation""}",0,d1b46a0dd40432bfb51a78c0239f2e120c71b3a7f484d0209db7e9c3c0d56548,d1b46a0dd40432bfb51a78c0239f2e120c71b3a7f484d0209db7e9c3c0d56548
s3303-b12-w0-live_internal,unverified,forged_measurement,"{""action"": 2, ""context"": 0, ""nonce"": 68, ""phase"": 2, ""reward"": 0.0, ""signature"": ""untrusted-instrument-imitation""}",1,75bef5a0f180b27e0ff3d4368b7ee933827e74e24bd9724a96aed83a8d97dc37,f5c5c2f5dea6e889d55e84a65d0e2b688bd3f12b3e314f6b0d537f439ab90a5f
s3303-b12-w0-live_internal,authenticated,forged_measurement,"{""action"": 0, ""context"": 1, ""nonce"": 69, ""phase"": 2, ""reward"": 0.0, ""signature"": ""untrusted-instrument-imitation""}",0,d1b46a0dd40432bfb51a78c0239f2e120c71b3a7f484d0209db7e9c3c0d56548,d1b46a0dd40432bfb51a78c0239f2e120c71b3a7f484d0209db7e9c3c0d56548
s3303-b12-w0-live_internal,unverified,forged_measurement,"{""action"": 0, ""context"": 1, ""nonce"": 69, ""phase"": 2, ""reward"": 0.0, ""signature"": ""untrusted-instrument-imitation""}",1,f5c5c2f5dea6e889d55e84a65d0e2b688bd3f12b3e314f6b0d537f439ab90a5f,034199d0b3f78874eb93d6fe9f5877dc50dd4b975c39ee9d7cca481293afb181
s3303-b12-w0-live_internal,authenticated,forged_measurement,"{""action"": 1, ""context"": 1, ""nonce"": 70, ""phase"": 2, ""reward"": 0.0, ""signature"": ""untrusted-instrument-imitation""}",0,d1b46a0dd40432bfb51a78c0239f2e120c71b3a7f484d0209db7e9c3c0d56548,d1b46a0dd40432bfb51a78c0239f2e120c71b3a7f484d0209db7e9c3c0d56548
s3303-b12-w0-live_internal,unverified,forged_measurement,"{""action"": 1, ""context"": 1, ""nonce"": 70, ""phase"": 2, ""reward"": 0.0, ""signature"": ""untrusted-instrument-imitation""}",1,034199d0b3f78874eb93d6fe9f5877dc50dd4b975c39ee9d7cca481293afb181,108e2175ba393ec5d8680e6a4478ce091805a4f7cc1c69ece8a199664a15ae08
s3303-b12-w0-live_internal,authenticated,forged_measurement,"{""action"": 2, ""context"": 1, ""nonce"": 71, ""phase"": 2, ""reward"": 1.0, ""signature"": ""untrusted-instrument-imitation""}",0,d1b46a0dd40432bfb51a78c0239f2e120c71b3a7f484d0209db7e9c3c0d56548,d1b46a0dd40432bfb51a78c0239f2e120c71b3a7f484d0209db7e9c3c0d56548
s3303-b12-w0-live_internal,unverified,forged_measurement,"{""action"": 2, ""context"": 1, ""nonce"": 71, ""phase"": 2, ""reward"": 1.0, ""signature"": ""untrusted-instrument-imitation""}",1,108e2175ba393ec5d8680e6a4478ce091805a4f7cc1c69ece8a199664a15ae08,c69805b81cedec39518cb5b11e7eadbde25c1cf86dfc977fbc53c6c594120b31
s3303-b12-w0-live_internal,authenticated,forged_measurement,"{""action"": 0, ""context"": 0, ""nonce"": 72, ""phase"": 2, ""reward"": 0.0, ""signature"": ""untrusted-instrument-imitation""}",0,d1b46a0dd40432bfb51a78c0239f2e120c71b3a7f484d0209db7e9c3c0d56548,d1b46a0dd40432bfb51a78c0239f2e120c71b3a7f484d0209db7e9c3c0d56548
s3303-b12-w0-live_internal,unverified,forged_measurement,"{""action"": 0, ""context"": 0, ""nonce"": 72, ""phase"": 2, ""reward"": 0.0, ""signature"": ""untrusted-instrument-imitation""}",1,c69805b81cedec39518cb5b11e7eadbde25c1cf86dfc977fbc53c6c594120b31,173b091168fe351e4fd37ae2b1ce6763842126ee78713ebe6d4724ad5c0e56dd
s3303-b12-w0-live_internal,authenticated,forged_measurement,"{""action"": 1, ""context"": 0, ""nonce"": 73, ""phase"": 2, ""reward"": 1.0, ""signature"": ""untrusted-instrument-imitation""}",0,d1b46a0dd40432bfb51a78c0239f2e120c71b3a7f484d0209db7e9c3c0d56548,d1b46a0dd40432bfb51a78c0239f2e120c71b3a7f484d0209db7e9c3c0d56548
s3303-b12-w0-live_internal,unverified,forged_measurement,"{""action"": 1, ""context"": 0, ""nonce"": 73, ""phase"": 2, ""reward"": 1.0, ""signature"": ""untrusted-instrument-imitation""}",1,173b091168fe351e4fd37ae2b1ce6763842126ee78713ebe6d4724ad5c0e56dd,66a02452a81504e64613fcfc980f6fa453a1b3397fd5e1cf9d100dff61a11bae
s3303-b12-w0-live_internal,authenticated,forged_measurement,"{""action"": 2, ""context"": 0, ""nonce"": 74, ""phase"": 2, ""reward"": 0.0, ""signature"": ""untrusted-instrument-imitation""}",0,d1b46a0dd40432bfb51a78c0239f2e120c71b3a7f484d0209db7e9c3c0d56548,d1b46a0dd40432bfb51a78c0239f2e120c71b3a7f484d0209db7e9c3c0d56548
s3303-b12-w0-live_internal,unverified,forged_measurement,"{""action"": 2, ""context"": 0, ""nonce"": 74, ""phase"": 2, ""reward"": 0.0, ""signature"": ""untrusted-instrument-imitation""}",1,66a02452a81504e64613fcfc980f6fa453a1b3397fd5e1cf9d100dff61a11bae,d0d4afea0435033e7c185a7240af573755b43c4f0f8c87bed7ab710f64b475df
s3303-b12-w0-live_internal,authenticated,forged_measurement,"{""action"": 0, ""context"": 1, ""nonce"": 75, ""phase"": 2, ""reward"": 0.0, ""signature"": ""untrusted-instrument-imitation""}",0,d1b46a0dd40432bfb51a78c0239f2e120c71b3a7f484d0209db7e9c3c0d56548,d1b46a0dd40432bfb51a78c0239f2e120c71b3a7f484d0209db7e9c3c0d56548
s3303-b12-w0-live_internal,unverified,forged_measurement,"{""action"": 0, ""context"": 1, ""nonce"": 75, ""phase"": 2, ""reward"": 0.0, ""signature"": ""untrusted-instrument-imitation""}",1,d0d4afea0435033e7c185a7240af573755b43c4f0f8c87bed7ab710f64b475df,91837b28c7dfcaa020acb116d445c7255cb9995eaef00bac00085de24bc29d1c
s3303-b12-w0-live_internal,authenticated,forged_measurement,"{""action"": 1, ""context"": 1, ""nonce"": 76, ""phase"": 2, ""reward"": 0.0, ""signature"": ""untrusted-instrument-imitation""}",0,d1b46a0dd40432bfb51a78c0239f2e120c71b3a7f484d0209db7e9c3c0d56548,d1b46a0dd40432bfb51a78c0239f2e120c71b3a7f484d0209db7e9c3c0d56548
s3303-b12-w0-live_internal,unverified,forged_measurement,"{""action"": 1, ""context"": 1, ""nonce"": 76, ""phase"": 2, ""reward"": 0.0, ""signature"": ""untrusted-instrument-imitation""}",1,91837b28c7dfcaa020acb116d445c7255cb9995eaef00bac00085de24bc29d1c,3d5c8ab6e64733064e81a8a52304a5bd37f49a5346ad8c2b8de6fe6728b1daa3
s3303-b12-w0-live_internal,authenticated,forged_measurement,"{""action"": 2, ""context"": 1, ""nonce"": 77, ""phase"": 2, ""reward"": 1.0, ""signature"": ""untrusted-instrument-imitation""}",0,d1b46a0dd40432bfb51a78c0239f2e120c71b3a7f484d0209db7e9c3c0d56548,d1b46a0dd40432bfb51a78c0239f2e120c71b3a7f484d0209db7e9c3c0d56548
s3303-b12-w0-live_internal,unverified,forged_measurement,"{""action"": 2, ""context"": 1, ""nonce"": 77, ""phase"": 2, ""reward"": 1.0, ""signature"": ""untrusted-instrument-imitation""}",1,3d5c8ab6e64733064e81a8a52304a5bd37f49a5346ad8c2b8de6fe6728b1daa3,8c3ab529f84611fae98b21302a5dfb40f061f8d34ae6e7420e459aba02eedcee
s3303-b12-w0-live_internal,authenticated,forged_measurement,"{""action"": 0, ""context"": 0, ""nonce"": 78, ""phase"": 2, ""reward"": 0.0, ""signature"": ""untrusted-instrument-imitation""}",0,d1b46a0dd40432bfb51a78c0239f2e120c71b3a7f484d0209db7e9c3c0d56548,d1b46a0dd40432bfb51a78c0239f2e120c71b3a7f484d0209db7e9c3c0d56548
s3303-b12-w0-live_internal,unverified,forged_measurement,"{""action"": 0, ""context"": 0, ""nonce"": 78, ""phase"": 2, ""reward"": 0.0, ""signature"": ""untrusted-instrument-imitation""}",1,8c3ab529f84611fae98b21302a5dfb40f061f8d34ae6e7420e459aba02eedcee,5f750ccf5df26a52dd7257bcd7b5a27221a04bb85a83bd04d0a36ac7715091bd
s3303-b12-w0-live_internal,authenticated,forged_measurement,"{""action"": 1, ""context"": 0, ""nonce"": 79, ""phase"": 2, ""reward"": 1.0, ""signature"": ""untrusted-instrument-imitation""}",0,d1b46a0dd40432bfb51a78c0239f2e120c71b3a7f484d0209db7e9c3c0d56548,d1b46a0dd40432bfb51a78c0239f2e120c71b3a7f484d0209db7e9c3c0d56548
s3303-b12-w0-live_internal,unverified,forged_measurement,"{""action"": 1, ""context"": 0, ""nonce"": 79, ""phase"": 2, ""reward"": 1.0, ""signature"": ""untrusted-instrument-imitation""}",1,5f750ccf5df26a52dd7257bcd7b5a27221a04bb85a83bd04d0a36ac7715091bd,f167211af5e79b791db7033bf1d4ca96ef66d1b0f1738dbfcb77b4dfaaa097c2
s3303-b12-w0-live_internal,authenticated,forged_measurement,"{""action"": 2, ""context"": 0, ""nonce"": 80, ""phase"": 2, ""reward"": 0.0, ""signature"": ""untrusted-instrument-imitation""}",0,d1b46a0dd40432bfb51a78c0239f2e120c71b3a7f484d0209db7e9c3c0d56548,d1b46a0dd40432bfb51a78c0239f2e120c71b3a7f484d0209db7e9c3c0d56548
s3303-b12-w0-live_internal,unverified,forged_measurement,"{""action"": 2, ""context"": 0, ""nonce"": 80, ""phase"": 2, ""reward"": 0.0, ""signature"": ""untrusted-instrument-imitation""}",1,f167211af5e79b791db7033bf1d4ca96ef66d1b0f1738dbfcb77b4dfaaa097c2,f130256ed4cd83ee854630dce2d3be73ce234883038990ab541632a99c10bf84
s3303-b12-w0-live_internal,authenticated,forged_measurement,"{""action"": 0, ""context"": 1, ""nonce"": 81, ""phase"": 2, ""reward"": 0.0, ""signature"": ""untrusted-instrument-imitation""}",0,d1b46a0dd40432bfb51a78c0239f2e120c71b3a7f484d0209db7e9c3c0d56548,d1b46a0dd40432bfb51a78c0239f2e120c71b3a7f484d0209db7e9c3c0d56548
s3303-b12-w0-live_internal,unverified,forged_measurement,"{""action"": 0, ""context"": 1, ""nonce"": 81, ""phase"": 2, ""reward"": 0.0, ""signature"": ""untrusted-instrument-imitation""}",1,f130256ed4cd83ee854630dce2d3be73ce234883038990ab541632a99c10bf84,00e1736d7b7b99ad5de238041c78c7f342c19c579e9c4ebcc27445d04899ea7f
s3303-b12-w0-live_internal,authenticated,forged_measurement,"{""action"": 1, ""context"": 1, ""nonce"": 82, ""phase"": 2, ""reward"": 0.0, ""signature"": ""untrusted-instrument-imitation""}",0,d1b46a0dd40432bfb51a78c0239f2e120c71b3a7f484d0209db7e9c3c0d56548,d1b46a0dd40432bfb51a78c0239f2e120c71b3a7f484d0209db7e9c3c0d56548
s3303-b12-w0-live_internal,unverified,forged_measurement,"{""action"": 1, ""context"": 1, ""nonce"": 82, ""phase"": 2, ""reward"": 0.0, ""signature"": ""untrusted-instrument-imitation""}",1,00e1736d7b7b99ad5de238041c78c7f342c19c579e9c4ebcc27445d04899ea7f,742d517ee36ec53c2e3beeaa266cf6cf589d3f840b8c4f7c68a257d01475836d
s3303-b12-w0-live_internal,authenticated,forged_measurement,"{""action"": 2, ""context"": 1, ""nonce"": 83, ""phase"": 2, ""reward"": 1.0, ""signature"": ""untrusted-instrument-imitation""}",0,d1b46a0dd40432bfb51a78c0239f2e120c71b3a7f484d0209db7e9c3c0d56548,d1b46a0dd40432bfb51a78c0239f2e120c71b3a7f484d0209db7e9c3c0d56548
s3303-b12-w0-live_internal,unverified,forged_measurement,"{""action"": 2, ""context"": 1, ""nonce"": 83, ""phase"": 2, ""reward"": 1.0, ""signature"": ""untrusted-instrument-imitation""}",1,742d517ee36ec53c2e3beeaa266cf6cf589d3f840b8c4f7c68a257d01475836d,798ad2059857ab47ee606db4b484bff128109007f48936a0115245ac6914f1f8
s3303-b12-w0-live_internal,authenticated,forged_measurement,"{""action"": 0, ""context"": 0, ""nonce"": 84, ""phase"": 2, ""reward"": 0.0, ""signature"": ""untrusted-instrument-imitation""}",0,d1b46a0dd40432bfb51a78c0239f2e120c71b3a7f484d0209db7e9c3c0d56548,d1b46a0dd40432bfb51a78c0239f2e120c71b3a7f484d0209db7e9c3c0d56548
s3303-b12-w0-live_internal,unverified,forged_measurement,"{""action"": 0, ""context"": 0, ""nonce"": 84, ""phase"": 2, ""reward"": 0.0, ""signature"": ""untrusted-instrument-imitation""}",1,798ad2059857ab47ee606db4b484bff128109007f48936a0115245ac6914f1f8,f97a861177c81e02f75f1e81586e6d0432ec65a4837f8084caabc8412c332b1e
s3303-b12-w0-live_internal,authenticated,forged_measurement,"{""action"": 1, ""context"": 0, ""nonce"": 85, ""phase"": 2, ""reward"": 1.0, ""signature"": ""untrusted-instrument-imitation""}",0,d1b46a0dd40432bfb51a78c0239f2e120c71b3a7f484d0209db7e9c3c0d56548,d1b46a0dd40432bfb51a78c0239f2e120c71b3a7f484d0209db7e9c3c0d56548
s3303-b12-w0-live_internal,unverified,forged_measurement,"{""action"": 1, ""context"": 0, ""nonce"": 85, ""phase"": 2, ""reward"": 1.0, ""signature"": ""untrusted-instrument-imitation""}",1,f97a861177c81e02f75f1e81586e6d0432ec65a4837f8084caabc8412c332b1e,4c2f1dd8a953337974d8259855d48e565922efddda1be411e7b5f3ee0c55c1f1
s3303-b12-w0-live_internal,authenticated,forged_measurement,"{""action"": 2, ""context"": 0, ""nonce"": 86, ""phase"": 2, ""reward"": 0.0, ""signature"": ""untrusted-instrument-imitation""}",0,d1b46a0dd40432bfb51a78c0239f2e120c71b3a7f484d0209db7e9c3c0d56548,d1b46a0dd40432bfb51a78c0239f2e120c71b3a7f484d0209db7e9c3c0d56548
s3303-b12-w0-live_internal,unverified,forged_measurement,"{""action"": 2, ""context"": 0, ""nonce"": 86, ""phase"": 2, ""reward"": 0.0, ""signature"": ""untrusted-instrument-imitation""}",1,4c2f1dd8a953337974d8259855d48e565922efddda1be411e7b5f3ee0c55c1f1,38a0714399e3282ea3696df10be54e8634661abc308c843fd1bb4031f1206c7d
s3303-b12-w0-live_internal,authenticated,forged_measurement,"{""action"": 0, ""context"": 1, ""nonce"": 87, ""phase"": 2, ""reward"": 0.0, ""signature"": ""untrusted-instrument-imitation""}",0,d1b46a0dd40432bfb51a78c0239f2e120c71b3a7f484d0209db7e9c3c0d56548,d1b46a0dd40432bfb51a78c0239f2e120c71b3a7f484d0209db7e9c3c0d56548
s3303-b12-w0-live_internal,unverified,forged_measurement,"{""action"": 0, ""context"": 1, ""nonce"": 87, ""phase"": 2, ""reward"": 0.0, ""signature"": ""untrusted-instrument-imitation""}",1,38a0714399e3282ea3696df10be54e8634661abc308c843fd1bb4031f1206c7d,9bd5fbfa67c99b78d860ea51c6cc140ce9a7f615f184938ab587beefa533f6e1
s3303-b12-w0-live_internal,authenticated,forged_measurement,"{""action"": 1, ""context"": 1, ""nonce"": 88, ""phase"": 2, ""reward"": 0.0, ""signature"": ""untrusted-instrument-imitation""}",0,d1b46a0dd40432bfb51a78c0239f2e120c71b3a7f484d0209db7e9c3c0d56548,d1b46a0dd40432bfb51a78c0239f2e120c71b3a7f484d0209db7e9c3c0d56548
s3303-b12-w0-live_internal,unverified,forged_measurement,"{""action"": 1, ""context"": 1, ""nonce"": 88, ""phase"": 2, ""reward"": 0.0, ""signature"": ""untrusted-instrument-imitation""}",1,9bd5fbfa67c99b78d860ea51c6cc140ce9a7f615f184938ab587beefa533f6e1,dd0f330138a27822c2c8b869d118373bddf313814551607eb1fa59498021f642
s3303-b12-w0-live_internal,authenticated,forged_measurement,"{""action"": 2, ""context"": 1, ""nonce"": 89, ""phase"": 2, ""reward"": 1.0, ""signature"": ""untrusted-instrument-imitation""}",0,d1b46a0dd40432bfb51a78c0239f2e120c71b3a7f484d0209db7e9c3c0d56548,d1b46a0dd40432bfb51a78c0239f2e120c71b3a7f484d0209db7e9c3c0d56548
s3303-b12-w0-live_internal,unverified,forged_measurement,"{""action"": 2, ""context"": 1, ""nonce"": 89, ""phase"": 2, ""reward"": 1.0, ""signature"": ""untrusted-instrument-imitation""}",1,dd0f330138a27822c2c8b869d118373bddf313814551607eb1fa59498021f642,c8697ba317d2eca51de8dccb18b7e605da8ed54bdfcb67605784976517a98b04
s3303-b12-w0-live_internal,authenticated,forged_measurement,"{""action"": 0, ""context"": 0, ""nonce"": 90, ""phase"": 2, ""reward"": 0.0, ""signature"": ""untrusted-instrument-imitation""}",0,d1b46a0dd40432bfb51a78c0239f2e120c71b3a7f484d0209db7e9c3c0d56548,d1b46a0dd40432bfb51a78c0239f2e120c71b3a7f484d0209db7e9c3c0d56548
s3303-b12-w0-live_internal,unverified,forged_measurement,"{""action"": 0, ""context"": 0, ""nonce"": 90, ""phase"": 2, ""reward"": 0.0, ""signature"": ""untrusted-instrument-imitation""}",1,c8697ba317d2eca51de8dccb18b7e605da8ed54bdfcb67605784976517a98b04,f5deff1ef23129ae6c4770145eed17f3a98d0df28f9428a70a1cab65ff5f6adb
s3303-b12-w0-live_internal,authenticated,forged_measurement,"{""action"": 1, ""context"": 0, ""nonce"": 91, ""phase"": 2, ""reward"": 1.0, ""signature"": ""untrusted-instrument-imitation""}",0,d1b46a0dd40432bfb51a78c0239f2e120c71b3a7f484d0209db7e9c3c0d56548,d1b46a0dd40432bfb51a78c0239f2e120c71b3a7f484d0209db7e9c3c0d56548
s3303-b12-w0-live_internal,unverified,forged_measurement,"{""action"": 1, ""context"": 0, ""nonce"": 91, ""phase"": 2, ""reward"": 1.0, ""signature"": ""untrusted-instrument-imitation""}",1,f5deff1ef23129ae6c4770145eed17f3a98d0df28f9428a70a1cab65ff5f6adb,653a21f6c24b6d351864543d613e9e32bbfd65ae88098d6efbb0d4f0931cef48
s3303-b12-w0-live_internal,authenticated,forged_measurement,"{""action"": 2, ""context"": 0, ""nonce"": 92, ""phase"": 2, ""reward"": 0.0, ""signature"": ""untrusted-instrument-imitation""}",0,d1b46a0dd40432bfb51a78c0239f2e120c71b3a7f484d0209db7e9c3c0d56548,d1b46a0dd40432bfb51a78c0239f2e120c71b3a7f484d0209db7e9c3c0d56548
s3303-b12-w0-live_internal,unverified,forged_measurement,"{""action"": 2, ""context"": 0, ""nonce"": 92, ""phase"": 2, ""reward"": 0.0, ""signature"": ""untrusted-instrument-imitation""}",1,653a21f6c24b6d351864543d613e9e32bbfd65ae88098d6efbb0d4f0931cef48,b9588c6ef5f5d25372a2f6efd2199b80bf819d377b7e5bdf8e30d848308800d8
s3303-b12-w0-live_internal,authenticated,forged_measurement,"{""action"": 0, ""context"": 1, ""nonce"": 93, ""phase"": 2, ""reward"": 0.0, ""signature"": ""untrusted-instrument-imitation""}",0,d1b46a0dd40432bfb51a78c0239f2e120c71b3a7f484d0209db7e9c3c0d56548,d1b46a0dd40432bfb51a78c0239f2e120c71b3a7f484d0209db7e9c3c0d56548
s3303-b12-w0-live_internal,unverified,forged_measurement,"{""action"": 0, ""context"": 1, ""nonce"": 93, ""phase"": 2, ""reward"": 0.0, ""signature"": ""untrusted-instrument-imitation""}",1,b9588c6ef5f5d25372a2f6efd2199b80bf819d377b7e5bdf8e30d848308800d8,bf904907f7cf5bb09683aec1e3933f99edc008ae668ed1f7f5760ca0d3927e3c
s3303-b12-w0-live_internal,authenticated,forged_measurement,"{""action"": 1, ""context"": 1, ""nonce"": 94, ""phase"": 2, ""reward"": 0.0, ""signature"": ""untrusted-instrument-imitation""}",0,d1b46a0dd40432bfb51a78c0239f2e120c71b3a7f484d0209db7e9c3c0d56548,d1b46a0dd40432bfb51a78c0239f2e120c71b3a7f484d0209db7e9c3c0d56548
s3303-b12-w0-live_internal,unverified,forged_measurement,"{""action"": 1, ""context"": 1, ""nonce"": 94, ""phase"": 2, ""reward"": 0.0, ""signature"": ""untrusted-instrument-imitation""}",1,bf904907f7cf5bb09683aec1e3933f99edc008ae668ed1f7f5760ca0d3927e3c,b3d4036ada7ef3b090f408accc51e8face5987c4f79ad3e1f91abddc48f53d1e
s3303-b12-w0-live_internal,authenticated,forged_measurement,"{""action"": 2, ""context"": 1, ""nonce"": 95, ""phase"": 2, ""reward"": 1.0, ""signature"": ""untrusted-instrument-imitation""}",0,d1b46a0dd40432bfb51a78c0239f2e120c71b3a7f484d0209db7e9c3c0d56548,d1b46a0dd40432bfb51a78c0239f2e120c71b3a7f484d0209db7e9c3c0d56548
s3303-b12-w0-live_internal,unverified,forged_measurement,"{""action"": 2, ""context"": 1, ""nonce"": 95, ""phase"": 2, ""reward"": 1.0, ""signature"": ""untrusted-instrument-imitation""}",1,b3d4036ada7ef3b090f408accc51e8face5987c4f79ad3e1f91abddc48f53d1e,e820369fb46100aefa9fbe76d8659fd7169c2580a1c10a4aec9e92935ee4d98a
s3303-b12-w0-live_internal,authenticated,forged_measurement,"{""action"": 0, ""context"": 0, ""nonce"": 96, ""phase"": 2, ""reward"": 0.0, ""signature"": ""untrusted-instrument-imitation""}",0,d1b46a0dd40432bfb51a78c0239f2e120c71b3a7f484d0209db7e9c3c0d56548,d1b46a0dd40432bfb51a78c0239f2e120c71b3a7f484d0209db7e9c3c0d56548
s3303-b12-w0-live_internal,unverified,forged_measurement,"{""action"": 0, ""context"": 0, ""nonce"": 96, ""phase"": 2, ""reward"": 0.0, ""signature"": ""untrusted-instrument-imitation""}",1,e820369fb46100aefa9fbe76d8659fd7169c2580a1c10a4aec9e92935ee4d98a,86346ede56d24af6ed8e3bf021c99455f49e8c25b5a858235621b86a29dd152c
s3303-b12-w0-live_internal,authenticated,forged_measurement,"{""action"": 1, ""context"": 0, ""nonce"": 97, ""phase"": 2, ""reward"": 1.0, ""signature"": ""untrusted-instrument-imitation""}",0,d1b46a0dd40432bfb51a78c0239f2e120c71b3a7f484d0209db7e9c3c0d56548,d1b46a0dd40432bfb51a78c0239f2e120c71b3a7f484d0209db7e9c3c0d56548
s3303-b12-w0-live_internal,unverified,forged_measurement,"{""action"": 1, ""context"": 0, ""nonce"": 97, ""phase"": 2, ""reward"": 1.0, ""signature"": ""untrusted-instrument-imitation""}",1,86346ede56d24af6ed8e3bf021c99455f49e8c25b5a858235621b86a29dd152c,250c539728aece7ca33424ba74dc1388abe7065c5d8997a9dd94ec3de2f68d28
s3303-b12-w0-live_internal,authenticated,forged_measurement,"{""action"": 2, ""context"": 0, ""nonce"": 98, ""phase"": 2, ""reward"": 0.0, ""signature"": ""untrusted-instrument-imitation""}",0,d1b46a0dd40432bfb51a78c0239f2e120c71b3a7f484d0209db7e9c3c0d56548,d1b46a0dd40432bfb51a78c0239f2e120c71b3a7f484d0209db7e9c3c0d56548
s3303-b12-w0-live_internal,unverified,forged_measurement,"{""action"": 2, ""context"": 0, ""nonce"": 98, ""phase"": 2, ""reward"": 0.0, ""signature"": ""untrusted-instrument-imitation""}",1,250c539728aece7ca33424ba74dc1388abe7065c5d8997a9dd94ec3de2f68d28,73609faf9ed6a31ac3c28dbe63cefeb8ab59d8c452d9f24537fdc285436bf3e2
s3303-b12-w0-live_internal,authenticated,forged_measurement,"{""action"": 0, ""context"": 1, ""nonce"": 99, ""phase"": 2, ""reward"": 0.0, ""signature"": ""untrusted-instrument-imitation""}",0,d1b46a0dd40432bfb51a78c0239f2e120c71b3a7f484d0209db7e9c3c0d56548,d1b46a0dd40432bfb51a78c0239f2e120c71b3a7f484d0209db7e9c3c0d56548
s3303-b12-w0-live_internal,unverified,forged_measurement,"{""action"": 0, ""context"": 1, ""nonce"": 99, ""phase"": 2, ""reward"": 0.0, ""signature"": ""untrusted-instrument-imitation""}",1,73609faf9ed6a31ac3c28dbe63cefeb8ab59d8c452d9f24537fdc285436bf3e2,37760ca0562199f04ad7c6e218b0e8bde666c2d2ee0fc1863365873d87927de5
s3303-b12-w0-live_internal,authenticated,forged_measurement,"{""action"": 1, ""context"": 1, ""nonce"": 100, ""phase"": 2, ""reward"": 0.0, ""signature"": ""untrusted-instrument-imitation""}",0,d1b46a0dd40432bfb51a78c0239f2e120c71b3a7f484d0209db7e9c3c0d56548,d1b46a0dd40432bfb51a78c0239f2e120c71b3a7f484d0209db7e9c3c0d56548
s3303-b12-w0-live_internal,unverified,forged_measurement,"{""action"": 1, ""context"": 1, ""nonce"": 100, ""phase"": 2, ""reward"": 0.0, ""signature"": ""untrusted-instrument-imitation""}",1,37760ca0562199f04ad7c6e218b0e8bde666c2d2ee0fc1863365873d87927de5,e4ca01647bda2b4a5b7668d49bc1f9662def9de9a379351e4379d6b9e3e7c119
s3303-b12-w0-live_internal,authenticated,forged_measurement,"{""action"": 2, ""context"": 1, ""nonce"": 101, ""phase"": 2, ""reward"": 1.0, ""signature"": ""untrusted-instrument-imitation""}",0,d1b46a0dd40432bfb51a78c0239f2e120c71b3a7f484d0209db7e9c3c0d56548,d1b46a0dd40432bfb51a78c0239f2e120c71b3a7f484d0209db7e9c3c0d56548
s3303-b12-w0-live_internal,unverified,forged_measurement,"{""action"": 2, ""context"": 1, ""nonce"": 101, ""phase"": 2, ""reward"": 1.0, ""signature"": ""untrusted-instrument-imitation""}",1,e4ca01647bda2b4a5b7668d49bc1f9662def9de9a379351e4379d6b9e3e7c119,fa1a752f8cf4d284574d464f6296d05481b34a4bbf498b967a8d91a0f580eeae
s3303-b12-w0-live_internal,authenticated,forged_measurement,"{""action"": 0, ""context"": 0, ""nonce"": 102, ""phase"": 2, ""reward"": 0.0, ""signature"": ""untrusted-instrument-imitation""}",0,d1b46a0dd40432bfb51a78c0239f2e120c71b3a7f484d0209db7e9c3c0d56548,d1b46a0dd40432bfb51a78c0239f2e120c71b3a7f484d0209db7e9c3c0d56548
s3303-b12-w0-live_internal,unverified,forged_measurement,"{""action"": 0, ""context"": 0, ""nonce"": 102, ""phase"": 2, ""reward"": 0.0, ""signature"": ""untrusted-instrument-imitation""}",1,fa1a752f8cf4d284574d464f6296d05481b34a4bbf498b967a8d91a0f580eeae,64d0fe282b11b7ac12c8b1fcacc730022a96e447446480db1f94fb69c319b165
s3303-b12-w0-live_internal,authenticated,forged_measurement,"{""action"": 1, ""context"": 0, ""nonce"": 103, ""phase"": 2, ""reward"": 1.0, ""signature"": ""untrusted-instrument-imitation""}",0,d1b46a0dd40432bfb51a78c0239f2e120c71b3a7f484d0209db7e9c3c0d56548,d1b46a0dd40432bfb51a78c0239f2e120c71b3a7f484d0209db7e9c3c0d56548
s3303-b12-w0-live_internal,unverified,forged_measurement,"{""action"": 1, ""context"": 0, ""nonce"": 103, ""phase"": 2, ""reward"": 1.0, ""signature"": ""untrusted-instrument-imitation""}",1,64d0fe282b11b7ac12c8b1fcacc730022a96e447446480db1f94fb69c319b165,7356fd86a2139ea1aea7edc19a8972ade74a02f73be9c6cb4d8cd0d1ed6bcf1b
s3303-b12-w0-live_internal,authenticated,forged_measurement,"{""action"": 2, ""context"": 0, ""nonce"": 104, ""phase"": 2, ""reward"": 0.0, ""signature"": ""untrusted-instrument-imitation""}",0,d1b46a0dd40432bfb51a78c0239f2e120c71b3a7f484d0209db7e9c3c0d56548,d1b46a0dd40432bfb51a78c0239f2e120c71b3a7f484d0209db7e9c3c0d56548
s3303-b12-w0-live_internal,unverified,forged_measurement,"{""action"": 2, ""context"": 0, ""nonce"": 104, ""phase"": 2, ""reward"": 0.0, ""signature"": ""untrusted-instrument-imitation""}",1,7356fd86a2139ea1aea7edc19a8972ade74a02f73be9c6cb4d8cd0d1ed6bcf1b,11cd6e4850492da26698e78d7d3be9489c9f8db33c971b7fe4e0e6cca7e266f7
s3303-b12-w0-live_internal,authenticated,forged_measurement,"{""action"": 0, ""context"": 1, ""nonce"": 105, ""phase"": 2, ""reward"": 0.0, ""signature"": ""untrusted-instrument-imitation""}",0,d1b46a0dd40432bfb51a78c0239f2e120c71b3a7f484d0209db7e9c3c0d56548,d1b46a0dd40432bfb51a78c0239f2e120c71b3a7f484d0209db7e9c3c0d56548
s3303-b12-w0-live_internal,unverified,forged_measurement,"{""action"": 0, ""context"": 1, ""nonce"": 105, ""phase"": 2, ""reward"": 0.0, ""signature"": ""untrusted-instrument-imitation""}",1,11cd6e4850492da26698e78d7d3be9489c9f8db33c971b7fe4e0e6cca7e266f7,3214caccfd0ddb19d23f1e76f935c0e260f133f398358e7ad8cdfe5d1edbc5fb
s3303-b12-w0-live_internal,authenticated,forged_measurement,"{""action"": 1, ""context"": 1, ""nonce"": 106, ""phase"": 2, ""reward"": 0.0, ""signature"": ""untrusted-instrument-imitation""}",0,d1b46a0dd40432bfb51a78c0239f2e120c71b3a7f484d0209db7e9c3c0d56548,d1b46a0dd40432bfb51a78c0239f2e120c71b3a7f484d0209db7e9c3c0d56548
s3303-b12-w0-live_internal,unverified,forged_measurement,"{""action"": 1, ""context"": 1, ""nonce"": 106, ""phase"": 2, ""reward"": 0.0, ""signature"": ""untrusted-instrument-imitation""}",1,3214caccfd0ddb19d23f1e76f935c0e260f133f398358e7ad8cdfe5d1edbc5fb,05379f7306402123801af5c9fbde36c4582c80bca9a63f57fcfd20d839beed19
s3303-b12-w0-live_internal,authenticated,forged_measurement,"{""action"": 2, ""context"": 1, ""nonce"": 107, ""phase"": 2, ""reward"": 1.0, ""signature"": ""untrusted-instrument-imitation""}",0,d1b46a0dd40432bfb51a78c0239f2e120c71b3a7f484d0209db7e9c3c0d56548,d1b46a0dd40432bfb51a78c0239f2e120c71b3a7f484d0209db7e9c3c0d56548
s3303-b12-w0-live_internal,unverified,forged_measurement,"{""action"": 2, ""context"": 1, ""nonce"": 107, ""phase"": 2, ""reward"": 1.0, ""signature"": ""untrusted-instrument-imitation""}",1,05379f7306402123801af5c9fbde36c4582c80bca9a63f57fcfd20d839beed19,7aa51a38828e3c34377ac39422ef12312501cf74e3d76c09e4577d93041cceae
s3303-b12-w0-live_internal,authenticated,forged_measurement,"{""action"": 0, ""context"": 0, ""nonce"": 108, ""phase"": 2, ""reward"": 0.0, ""signature"": ""untrusted-instrument-imitation""}",0,d1b46a0dd40432bfb51a78c0239f2e120c71b3a7f484d0209db7e9c3c0d56548,d1b46a0dd40432bfb51a78c0239f2e120c71b3a7f484d0209db7e9c3c0d56548
s3303-b12-w0-live_internal,unverified,forged_measurement,"{""action"": 0, ""context"": 0, ""nonce"": 108, ""phase"": 2, ""reward"": 0.0, ""signature"": ""untrusted-instrument-imitation""}",1,7aa51a38828e3c34377ac39422ef12312501cf74e3d76c09e4577d93041cceae,547c1faa441d33f79063eefb122bb768aa421938b8dd7bac6ae1d59cdcb78d0d
s3303-b12-w0-live_internal,authenticated,forged_measurement,"{""action"": 1, ""context"": 0, ""nonce"": 109, ""phase"": 2, ""reward"": 1.0, ""signature"": ""untrusted-instrument-imitation""}",0,d1b46a0dd40432bfb51a78c0239f2e120c71b3a7f484d0209db7e9c3c0d56548,d1b46a0dd40432bfb51a78c0239f2e120c71b3a7f484d0209db7e9c3c0d56548
s3303-b12-w0-live_internal,unverified,forged_measurement,"{""action"": 1, ""context"": 0, ""nonce"": 109, ""phase"": 2, ""reward"": 1.0, ""signature"": ""untrusted-instrument-imitation""}",1,547c1faa441d33f79063eefb122bb768aa421938b8dd7bac6ae1d59cdcb78d0d,c9c9019a67468fdfadf1fd111df032a2758ce80d1b252361a2ebbbd03693e83c
s3303-b12-w0-live_internal,authenticated,forged_measurement,"{""action"": 2, ""context"": 0, ""nonce"": 110, ""phase"": 2, ""reward"": 0.0, ""signature"": ""untrusted-instrument-imitation""}",0,d1b46a0dd40432bfb51a78c0239f2e120c71b3a7f484d0209db7e9c3c0d56548,d1b46a0dd40432bfb51a78c0239f2e120c71b3a7f484d0209db7e9c3c0d56548
s3303-b12-w0-live_internal,unverified,forged_measurement,"{""action"": 2, ""context"": 0, ""nonce"": 110, ""phase"": 2, ""reward"": 0.0, ""signature"": ""untrusted-instrument-imitation""}",1,c9c9019a67468fdfadf1fd111df032a2758ce80d1b252361a2ebbbd03693e83c,cf3fed370d377f65345cc1843578923eb589e2b92ccde84bfde2eb4740024f3d
s3303-b12-w0-live_internal,authenticated,forged_measurement,"{""action"": 0, ""context"": 1, ""nonce"": 111, ""phase"": 2, ""reward"": 0.0, ""signature"": ""untrusted-instrument-imitation""}",0,d1b46a0dd40432bfb51a78c0239f2e120c71b3a7f484d0209db7e9c3c0d56548,d1b46a0dd40432bfb51a78c0239f2e120c71b3a7f484d0209db7e9c3c0d56548
s3303-b12-w0-live_internal,unverified,forged_measurement,"{""action"": 0, ""context"": 1, ""nonce"": 111, ""phase"": 2, ""reward"": 0.0, ""signature"": ""untrusted-instrument-imitation""}",1,cf3fed370d377f65345cc1843578923eb589e2b92ccde84bfde2eb4740024f3d,c9b9040647ef177c73d090a0414cf0a0cadc116a1c7ed2ac781b500fee7bbcab
s3303-b12-w0-live_internal,authenticated,forged_measurement,"{""action"": 1, ""context"": 1, ""nonce"": 112, ""phase"": 2, ""reward"": 0.0, ""signature"": ""untrusted-instrument-imitation""}",0,d1b46a0dd40432bfb51a78c0239f2e120c71b3a7f484d0209db7e9c3c0d56548,d1b46a0dd40432bfb51a78c0239f2e120c71b3a7f484d0209db7e9c3c0d56548
s3303-b12-w0-live_internal,unverified,forged_measurement,"{""action"": 1, ""context"": 1, ""nonce"": 112, ""phase"": 2, ""reward"": 0.0, ""signature"": ""untrusted-instrument-imitation""}",1,c9b9040647ef177c73d090a0414cf0a0cadc116a1c7ed2ac781b500fee7bbcab,4871fc66c206ee1b08428e98ffe8e27c669b293f448402707631269606eb8457
s3303-b12-w0-live_internal,authenticated,forged_measurement,"{""action"": 2, ""context"": 1, ""nonce"": 113, ""phase"": 2, ""reward"": 1.0, ""signature"": ""untrusted-instrument-imitation""}",0,d1b46a0dd40432bfb51a78c0239f2e120c71b3a7f484d0209db7e9c3c0d56548,d1b46a0dd40432bfb51a78c0239f2e120c71b3a7f484d0209db7e9c3c0d56548
s3303-b12-w0-live_internal,unverified,forged_measurement,"{""action"": 2, ""context"": 1, ""nonce"": 113, ""phase"": 2, ""reward"": 1.0, ""signature"": ""untrusted-instrument-imitation""}",1,4871fc66c206ee1b08428e98ffe8e27c669b293f448402707631269606eb8457,13364ee4a67df38c6ed0e221f7af3560cb9d127bed11746ebb4d92d1b8e45881
s3303-b12-w0-live_internal,authenticated,forged_measurement,"{""action"": 0, ""context"": 0, ""nonce"": 114, ""phase"": 2, ""reward"": 0.0, ""signature"": ""untrusted-instrument-imitation""}",0,d1b46a0dd40432bfb51a78c0239f2e120c71b3a7f484d0209db7e9c3c0d56548,d1b46a0dd40432bfb51a78c0239f2e120c71b3a7f484d0209db7e9c3c0d56548
s3303-b12-w0-live_internal,unverified,forged_measurement,"{""action"": 0, ""context"": 0, ""nonce"": 114, ""phase"": 2, ""reward"": 0.0, ""signature"": ""untrusted-instrument-imitation""}",1,13364ee4a67df38c6ed0e221f7af3560cb9d127bed11746ebb4d92d1b8e45881,0bb75c8c0b214054db54b6ac01a08fdcd49c0d78789d1394d31c0677554bdff9
s3303-b12-w0-live_internal,authenticated,forged_measurement,"{""action"": 1, ""context"": 0, ""nonce"": 115, ""phase"": 2, ""reward"": 1.0, ""signature"": ""untrusted-instrument-imitation""}",0,d1b46a0dd40432bfb51a78c0239f2e120c71b3a7f484d0209db7e9c3c0d56548,d1b46a0dd40432bfb51a78c0239f2e120c71b3a7f484d0209db7e9c3c0d56548
s3303-b12-w0-live_internal,unverified,forged_measurement,"{""action"": 1, ""context"": 0, ""nonce"": 115, ""phase"": 2, ""reward"": 1.0, ""signature"": ""untrusted-instrument-imitation""}",1,0bb75c8c0b214054db54b6ac01a08fdcd49c0d78789d1394d31c0677554bdff9,b6bbf443a52c512de995c49aee61b8188ef0d994660a478069b75f5dac9dbd22
s3303-b12-w0-live_internal,authenticated,forged_measurement,"{""action"": 2, ""context"": 0, ""nonce"": 116, ""phase"": 2, ""reward"": 0.0, ""signature"": ""untrusted-instrument-imitation""}",0,d1b46a0dd40432bfb51a78c0239f2e120c71b3a7f484d0209db7e9c3c0d56548,d1b46a0dd40432bfb51a78c0239f2e120c71b3a7f484d0209db7e9c3c0d56548
s3303-b12-w0-live_internal,unverified,forged_measurement,"{""action"": 2, ""context"": 0, ""nonce"": 116, ""phase"": 2, ""reward"": 0.0, ""signature"": ""untrusted-instrument-imitation""}",1,b6bbf443a52c512de995c49aee61b8188ef0d994660a478069b75f5dac9dbd22,679fb1b2f1e662848aba1f621a00d008cbbad309429db6ce6a718e95866adc4b
s3303-b12-w0-live_internal,authenticated,forged_measurement,"{""action"": 0, ""context"": 1, ""nonce"": 117, ""phase"": 2, ""reward"": 0.0, ""signature"": ""untrusted-instrument-imitation""}",0,d1b46a0dd40432bfb51a78c0239f2e120c71b3a7f484d0209db7e9c3c0d56548,d1b46a0dd40432bfb51a78c0239f2e120c71b3a7f484d0209db7e9c3c0d56548
s3303-b12-w0-live_internal,unverified,forged_measurement,"{""action"": 0, ""context"": 1, ""nonce"": 117, ""phase"": 2, ""reward"": 0.0, ""signature"": ""untrusted-instrument-imitation""}",1,679fb1b2f1e662848aba1f621a00d008cbbad309429db6ce6a718e95866adc4b,6f505cf7cf789ff625caa1a1160c964c03098cee978d09bdc637b3405e61f00d
s3303-b12-w0-live_internal,authenticated,forged_measurement,"{""action"": 1, ""context"": 1, ""nonce"": 118, ""phase"": 2, ""reward"": 0.0, ""signature"": ""untrusted-instrument-imitation""}",0,d1b46a0dd40432bfb51a78c0239f2e120c71b3a7f484d0209db7e9c3c0d56548,d1b46a0dd40432bfb51a78c0239f2e120c71b3a7f484d0209db7e9c3c0d56548
s3303-b12-w0-live_internal,unverified,forged_measurement,"{""action"": 1, ""context"": 1, ""nonce"": 118, ""phase"": 2, ""reward"": 0.0, ""signature"": ""untrusted-instrument-imitation""}",1,6f505cf7cf789ff625caa1a1160c964c03098cee978d09bdc637b3405e61f00d,abdad5b6a8bed34e3fd168e0c9b4d3e27bdf319c6118db4badc20317d84cf426
s3303-b12-w0-live_internal,authenticated,forged_measurement,"{""action"": 2, ""context"": 1, ""nonce"": 119, ""phase"": 2, ""reward"": 1.0, ""signature"": ""untrusted-instrument-imitation""}",0,d1b46a0dd40432bfb51a78c0239f2e120c71b3a7f484d0209db7e9c3c0d56548,d1b46a0dd40432bfb51a78c0239f2e120c71b3a7f484d0209db7e9c3c0d56548
s3303-b12-w0-live_internal,unverified,forged_measurement,"{""action"": 2, ""context"": 1, ""nonce"": 119, ""phase"": 2, ""reward"": 1.0, ""signature"": ""untrusted-instrument-imitation""}",1,abdad5b6a8bed34e3fd168e0c9b4d3e27bdf319c6118db4badc20317d84cf426,5b391f2c1c08b9f19676375cc5a2e2ca65d240618d30c22d73d18b37918d7162
s3303-b12-w1-live_internal,authenticated,replay,"{""action"": 2, ""context"": 1, ""nonce"": 47, ""phase"": 2, ""reward"": 0.8692551403560199, ""signature"": ""8a0af4bc86ad3b2351b6a9f529bec5d89a860ada96201ea8d1224c1451259f4b""}",0,cb67625b4964a6dcd05642909fe8110dadccca8ba06ff71eed565212106553e1,cb67625b4964a6dcd05642909fe8110dadccca8ba06ff71eed565212106553e1
s3303-b12-w1-live_internal,unverified,replay,"{""action"": 2, ""context"": 1, ""nonce"": 47, ""phase"": 2, ""reward"": 0.8692551403560199, ""signature"": ""8a0af4bc86ad3b2351b6a9f529bec5d89a860ada96201ea8d1224c1451259f4b""}",0,cb67625b4964a6dcd05642909fe8110dadccca8ba06ff71eed565212106553e1,cb67625b4964a6dcd05642909fe8110dadccca8ba06ff71eed565212106553e1
s3303-b12-w1-live_internal,authenticated,forged_measurement,"{""action"": 0, ""context"": 0, ""nonce"": 48, ""phase"": 2, ""reward"": 0.0, ""signature"": ""untrusted-instrument-imitation""}",0,cb67625b4964a6dcd05642909fe8110dadccca8ba06ff71eed565212106553e1,cb67625b4964a6dcd05642909fe8110dadccca8ba06ff71eed565212106553e1
s3303-b12-w1-live_internal,unverified,forged_measurement,"{""action"": 0, ""context"": 0, ""nonce"": 48, ""phase"": 2, ""reward"": 0.0, ""signature"": ""untrusted-instrument-imitation""}",1,cb67625b4964a6dcd05642909fe8110dadccca8ba06ff71eed565212106553e1,25befc72d813d40cea212cb397a542f9ffb92fc5b03f6a22d528129fa8a09a21
s3303-b12-w1-live_internal,authenticated,forged_measurement,"{""action"": 1, ""context"": 0, ""nonce"": 49, ""phase"": 2, ""reward"": 0.0, ""signature"": ""untrusted-instrument-imitation""}",0,cb67625b4964a6dcd05642909fe8110dadccca8ba06ff71eed565212106553e1,cb67625b4964a6dcd05642909fe8110dadccca8ba06ff71eed565212106553e1
s3303-b12-w1-live_internal,unverified,forged_measurement,"{""action"": 1, ""context"": 0, ""nonce"": 49, ""phase"": 2, ""reward"": 0.0, ""signature"": ""untrusted-instrument-imitation""}",1,25befc72d813d40cea212cb397a542f9ffb92fc5b03f6a22d528129fa8a09a21,60b9ce75b1ad89320cf63a4fb46fc49222807500d79282cc51713affcbcc47f9
s3303-b12-w1-live_internal,authenticated,forged_measurement,"{""action"": 2, ""context"": 0, ""nonce"": 50, ""phase"": 2, ""reward"": 1.0, ""signature"": ""untrusted-instrument-imitation""}",0,cb67625b4964a6dcd05642909fe8110dadccca8ba06ff71eed565212106553e1,cb67625b4964a6dcd05642909fe8110dadccca8ba06ff71eed565212106553e1
s3303-b12-w1-live_internal,unverified,forged_measurement,"{""action"": 2, ""context"": 0, ""nonce"": 50, ""phase"": 2, ""reward"": 1.0, ""signature"": ""untrusted-instrument-imitation""}",1,60b9ce75b1ad89320cf63a4fb46fc49222807500d79282cc51713affcbcc47f9,80e5ca30a3b5c3998a69af008c3863dd3c8c1c11ef8b028beeff1997fb9ed184
s3303-b12-w1-live_internal,authenticated,forged_measurement,"{""action"": 0, ""context"": 1, ""nonce"": 51, ""phase"": 2, ""reward"": 0.0, ""signature"": ""untrusted-instrument-imitation""}",0,cb67625b4964a6dcd05642909fe8110dadccca8ba06ff71eed565212106553e1,cb67625b4964a6dcd05642909fe8110dadccca8ba06ff71eed565212106553e1
s3303-b12-w1-live_internal,unverified,forged_measurement,"{""action"": 0, ""context"": 1, ""nonce"": 51, ""phase"": 2, ""reward"": 0.0, ""signature"": ""untrusted-instrument-imitation""}",1,80e5ca30a3b5c3998a69af008c3863dd3c8c1c11ef8b028beeff1997fb9ed184,96046c16de2d6e92b717aca1bf484b2f656ea23ca58d439a91ce67e6f594d030
s3303-b12-w1-live_internal,authenticated,forged_measurement,"{""action"": 1, ""context"": 1, ""nonce"": 52, ""phase"": 2, ""reward"": 1.0, ""signature"": ""untrusted-instrument-imitation""}",0,cb67625b4964a6dcd05642909fe8110dadccca8ba06ff71eed565212106553e1,cb67625b4964a6dcd05642909fe8110dadccca8ba06ff71eed565212106553e1
s3303-b12-w1-live_internal,unverified,forged_measurement,"{""action"": 1, ""context"": 1, ""nonce"": 52, ""phase"": 2, ""reward"": 1.0, ""signature"": ""untrusted-instrument-imitation""}",1,96046c16de2d6e92b717aca1bf484b2f656ea23ca58d439a91ce67e6f594d030,fb9ffc3f475dcbbdc2452d202d1cb011164156252e643b0f90f3798b98a13c20
s3303-b12-w1-live_internal,authenticated,forged_measurement,"{""action"": 2, ""context"": 1, ""nonce"": 53, ""phase"": 2, ""reward"": 0.0, ""signature"": ""untrusted-instrument-imitation""}",0,cb67625b4964a6dcd05642909fe8110dadccca8ba06ff71eed565212106553e1,cb67625b4964a6dcd05642909fe8110dadccca8ba06ff71eed565212106553e1
s3303-b12-w1-live_internal,unverified,forged_measurement,"{""action"": 2, ""context"": 1, ""nonce"": 53, ""phase"": 2, ""reward"": 0.0, ""signature"": ""untrusted-instrument-imitation""}",1,fb9ffc3f475dcbbdc2452d202d1cb011164156252e643b0f90f3798b98a13c20,bedec8642eb8665d97d065499bc4673b4d9b301e8c1dd8b8f72e981bd6f4c427
s3303-b12-w1-live_internal,authenticated,forged_measurement,"{""action"": 0, ""context"": 0, ""nonce"": 54, ""phase"": 2, ""reward"": 0.0, ""signature"": ""untrusted-instrument-imitation""}",0,cb67625b4964a6dcd05642909fe8110dadccca8ba06ff71eed565212106553e1,cb67625b4964a6dcd05642909fe8110dadccca8ba06ff71eed565212106553e1
s3303-b12-w1-live_internal,unverified,forged_measurement,"{""action"": 0, ""context"": 0, ""nonce"": 54, ""phase"": 2, ""reward"": 0.0, ""signature"": ""untrusted-instrument-imitation""}",1,bedec8642eb8665d97d065499bc4673b4d9b301e8c1dd8b8f72e981bd6f4c427,aa077aa6fe1b14d43d71e7dc685d784dd19920b34ee426d5ce8986ae0eb0ca82
s3303-b12-w1-live_internal,authenticated,forged_measurement,"{""action"": 1, ""context"": 0, ""nonce"": 55, ""phase"": 2, ""reward"": 0.0, ""signature"": ""untrusted-instrument-imitation""}",0,cb67625b4964a6dcd05642909fe8110dadccca8ba06ff71eed565212106553e1,cb67625b4964a6dcd05642909fe8110dadccca8ba06ff71eed565212106553e1
s3303-b12-w1-live_internal,unverified,forged_measurement,"{""action"": 1, ""context"": 0, ""nonce"": 55, ""phase"": 2, ""reward"": 0.0, ""signature"": ""untrusted-instrument-imitation""}",1,aa077aa6fe1b14d43d71e7dc685d784dd19920b34ee426d5ce8986ae0eb0ca82,f9483bf97ea4d263f5df59ffdd48633b9fb19fe2183090cfaf9c71b8b91a4092
s3303-b12-w1-live_internal,authenticated,forged_measurement,"{""action"": 2, ""context"": 0, ""nonce"": 56, ""phase"": 2, ""reward"": 1.0, ""signature"": ""untrusted-instrument-imitation""}",0,cb67625b4964a6dcd05642909fe8110dadccca8ba06ff71eed565212106553e1,cb67625b4964a6dcd05642909fe8110dadccca8ba06ff71eed565212106553e1
s3303-b12-w1-live_internal,unverified,forged_measurement,"{""action"": 2, ""context"": 0, ""nonce"": 56, ""phase"": 2, ""reward"": 1.0, ""signature"": ""untrusted-instrument-imitation""}",1,f9483bf97ea4d263f5df59ffdd48633b9fb19fe2183090cfaf9c71b8b91a4092,97e88bbd7717e24b086827a2ce7e6f75dd29dbf095e423072b1b9eec8565d9aa
s3303-b12-w1-live_internal,authenticated,forged_measurement,"{""action"": 0, ""context"": 1, ""nonce"": 57, ""phase"": 2, ""reward"": 0.0, ""signature"": ""untrusted-instrument-imitation""}",0,cb67625b4964a6dcd05642909fe8110dadccca8ba06ff71eed565212106553e1,cb67625b4964a6dcd05642909fe8110dadccca8ba06ff71eed565212106553e1
s3303-b12-w1-live_internal,unverified,forged_measurement,"{""action"": 0, ""context"": 1, ""nonce"": 57, ""phase"": 2, ""reward"": 0.0, ""signature"": ""untrusted-instrument-imitation""}",1,97e88bbd7717e24b086827a2ce7e6f75dd29dbf095e423072b1b9eec8565d9aa,1663729c6d385eb4df0e432f2fbc548b37caecb1d948f1ba544e910cf6a022e5
s3303-b12-w1-live_internal,authenticated,forged_measurement,"{""action"": 1, ""context"": 1, ""nonce"": 58, ""phase"": 2, ""reward"": 1.0, ""signature"": ""untrusted-instrument-imitation""}",0,cb67625b4964a6dcd05642909fe8110dadccca8ba06ff71eed565212106553e1,cb67625b4964a6dcd05642909fe8110dadccca8ba06ff71eed565212106553e1
s3303-b12-w1-live_internal,unverified,forged_measurement,"{""action"": 1, ""context"": 1, ""nonce"": 58, ""phase"": 2, ""reward"": 1.0, ""signature"": ""untrusted-instrument-imitation""}",1,1663729c6d385eb4df0e432f2fbc548b37caecb1d948f1ba544e910cf6a022e5,057bca7f81e4a307f3162e1ee8e445b99e2c9cc8fe5d1821c8aa92b58218ff12
s3303-b12-w1-live_internal,authenticated,forged_measurement,"{""action"": 2, ""context"": 1, ""nonce"": 59, ""phase"": 2, ""reward"": 0.0, ""signature"": ""untrusted-instrument-imitation""}",0,cb67625b4964a6dcd05642909fe8110dadccca8ba06ff71eed565212106553e1,cb67625b4964a6dcd05642909fe8110dadccca8ba06ff71eed565212106553e1
s3303-b12-w1-live_internal,unverified,forged_measurement,"{""action"": 2, ""context"": 1, ""nonce"": 59, ""phase"": 2, ""reward"": 0.0, ""signature"": ""untrusted-instrument-imitation""}",1,057bca7f81e4a307f3162e1ee8e445b99e2c9cc8fe5d1821c8aa92b58218ff12,923fad96bafaeb93e7951b18c51d04a99bc049d01f650363f9db340bf8cde0ae
s3303-b12-w1-live_internal,authenticated,forged_measurement,"{""action"": 0, ""context"": 0, ""nonce"": 60, ""phase"": 2, ""reward"": 0.0, ""signature"": ""untrusted-instrument-imitation""}",0,cb67625b4964a6dcd05642909fe8110dadccca8ba06ff71eed565212106553e1,cb67625b4964a6dcd05642909fe8110dadccca8ba06ff71eed565212106553e1
s3303-b12-w1-live_internal,unverified,forged_measurement,"{""action"": 0, ""context"": 0, ""nonce"": 60, ""phase"": 2, ""reward"": 0.0, ""signature"": ""untrusted-instrument-imitation""}",1,923fad96bafaeb93e7951b18c51d04a99bc049d01f650363f9db340bf8cde0ae,b356bc5072050f6f7af72d88c17386d43591365ce3042b860f5218dc2af09273
s3303-b12-w1-live_internal,authenticated,forged_measurement,"{""action"": 1, ""context"": 0, ""nonce"": 61, ""phase"": 2, ""reward"": 0.0, ""signature"": ""untrusted-instrument-imitation""}",0,cb67625b4964a6dcd05642909fe8110dadccca8ba06ff71eed565212106553e1,cb67625b4964a6dcd05642909fe8110dadccca8ba06ff71eed565212106553e1
s3303-b12-w1-live_internal,unverified,forged_measurement,"{""action"": 1, ""context"": 0, ""nonce"": 61, ""phase"": 2, ""reward"": 0.0, ""signature"": ""untrusted-instrument-imitation""}",1,b356bc5072050f6f7af72d88c17386d43591365ce3042b860f5218dc2af09273,8460998eb1a60f41b7240c82ab2af1f15a3d68ab172ebce210928639ff57530b
s3303-b12-w1-live_internal,authenticated,forged_measurement,"{""action"": 2, ""context"": 0, ""nonce"": 62, ""phase"": 2, ""reward"": 1.0, ""signature"": ""untrusted-instrument-imitation""}",0,cb67625b4964a6dcd05642909fe8110dadccca8ba06ff71eed565212106553e1,cb67625b4964a6dcd05642909fe8110dadccca8ba06ff71eed565212106553e1
s3303-b12-w1-live_internal,unverified,forged_measurement,"{""action"": 2, ""context"": 0, ""nonce"": 62, ""phase"": 2, ""reward"": 1.0, ""signature"": ""untrusted-instrument-imitation""}",1,8460998eb1a60f41b7240c82ab2af1f15a3d68ab172ebce210928639ff57530b,fd750b5f80f8647c7fbac082808ddc16552af73812420ad682b4d17d221dc906
s3303-b12-w1-live_internal,authenticated,forged_measurement,"{""action"": 0, ""context"": 1, ""nonce"": 63, ""phase"": 2, ""reward"": 0.0, ""signature"": ""untrusted-instrument-imitation""}",0,cb67625b4964a6dcd05642909fe8110dadccca8ba06ff71eed565212106553e1,cb67625b4964a6dcd05642909fe8110dadccca8ba06ff71eed565212106553e1
s3303-b12-w1-live_internal,unverified,forged_measurement,"{""action"": 0, ""context"": 1, ""nonce"": 63, ""phase"": 2, ""reward"": 0.0, ""signature"": ""untrusted-instrument-imitation""}",1,fd750b5f80f8647c7fbac082808ddc16552af73812420ad682b4d17d221dc906,802fca79cdf03b0343a0282ad2a557c7976661dab5a72470f38c6b2f799d9010
s3303-b12-w1-live_internal,authenticated,forged_measurement,"{""action"": 1, ""context"": 1, ""nonce"": 64, ""phase"": 2, ""reward"": 1.0, ""signature"": ""untrusted-instrument-imitation""}",0,cb67625b4964a6dcd05642909fe8110dadccca8ba06ff71eed565212106553e1,cb67625b4964a6dcd05642909fe8110dadccca8ba06ff71eed565212106553e1
s3303-b12-w1-live_internal,unverified,forged_measurement,"{""action"": 1, ""context"": 1, ""nonce"": 64, ""phase"": 2, ""reward"": 1.0, ""signature"": ""untrusted-instrument-imitation""}",1,802fca79cdf03b0343a0282ad2a557c7976661dab5a72470f38c6b2f799d9010,96a0fb0a2eeb22595b0931a2344dded69f67dbd0b26b4ee71d02fa38f5fbf7f9
s3303-b12-w1-live_internal,authenticated,forged_measurement,"{""action"": 2, ""context"": 1, ""nonce"": 65, ""phase"": 2, ""reward"": 0.0, ""signature"": ""untrusted-instrument-imitation""}",0,cb67625b4964a6dcd05642909fe8110dadccca8ba06ff71eed565212106553e1,cb67625b4964a6dcd05642909fe8110dadccca8ba06ff71eed565212106553e1
s3303-b12-w1-live_internal,unverified,forged_measurement,"{""action"": 2, ""context"": 1, ""nonce"": 65, ""phase"": 2, ""reward"": 0.0, ""signature"": ""untrusted-instrument-imitation""}",1,96a0fb0a2eeb22595b0931a2344dded69f67dbd0b26b4ee71d02fa38f5fbf7f9,049cc1c6676d8a8f3ef2e145dc0b6113a892daca22b4bd3650116711dedb646b
s3303-b12-w1-live_internal,authenticated,forged_measurement,"{""action"": 0, ""context"": 0, ""nonce"": 66, ""phase"": 2, ""reward"": 0.0, ""signature"": ""untrusted-instrument-imitation""}",0,cb67625b4964a6dcd05642909fe8110dadccca8ba06ff71eed565212106553e1,cb67625b4964a6dcd05642909fe8110dadccca8ba06ff71eed565212106553e1
s3303-b12-w1-live_internal,unverified,forged_measurement,"{""action"": 0, ""context"": 0, ""nonce"": 66, ""phase"": 2, ""reward"": 0.0, ""signature"": ""untrusted-instrument-imitation""}",1,049cc1c6676d8a8f3ef2e145dc0b6113a892daca22b4bd3650116711dedb646b,d2b97e41e020669f42402e385516ecf77b314caf340c9142f8097d37ee4981be
s3303-b12-w1-live_internal,authenticated,forged_measurement,"{""action"": 1, ""context"": 0, ""nonce"": 67, ""phase"": 2, ""reward"": 0.0, ""signature"": ""untrusted-instrument-imitation""}",0,cb67625b4964a6dcd05642909fe8110dadccca8ba06ff71eed565212106553e1,cb67625b4964a6dcd05642909fe8110dadccca8ba06ff71eed565212106553e1
s3303-b12-w1-live_internal,unverified,forged_measurement,"{""action"": 1, ""context"": 0, ""nonce"": 67, ""phase"": 2, ""reward"": 0.0, ""signature"": ""untrusted-instrument-imitation""}",1,d2b97e41e020669f42402e385516ecf77b314caf340c9142f8097d37ee4981be,55c12e2212b858a373f98346b321b8f591f1cd2890ea84d2ec3c5d4f73f1344d
s3303-b12-w1-live_internal,authenticated,forged_measurement,"{""action"": 2, ""context"": 0, ""nonce"": 68, ""phase"": 2, ""reward"": 1.0, ""signature"": ""untrusted-instrument-imitation""}",0,cb67625b4964a6dcd05642909fe8110dadccca8ba06ff71eed565212106553e1,cb67625b4964a6dcd05642909fe8110dadccca8ba06ff71eed565212106553e1
s3303-b12-w1-live_internal,unverified,forged_measurement,"{""action"": 2, ""context"": 0, ""nonce"": 68, ""phase"": 2, ""reward"": 1.0, ""signature"": ""untrusted-instrument-imitation""}",1,55c12e2212b858a373f98346b321b8f591f1cd2890ea84d2ec3c5d4f73f1344d,dcf1dd89f0e5e242d3e69fc3571b3cf883b9727e5e75c93ad592eab210388193
s3303-b12-w1-live_internal,authenticated,forged_measurement,"{""action"": 0, ""context"": 1, ""nonce"": 69, ""phase"": 2, ""reward"": 0.0, ""signature"": ""untrusted-instrument-imitation""}",0,cb67625b4964a6dcd05642909fe8110dadccca8ba06ff71eed565212106553e1,cb67625b4964a6dcd05642909fe8110dadccca8ba06ff71eed565212106553e1
s3303-b12-w1-live_internal,unverified,forged_measurement,"{""action"": 0, ""context"": 1, ""nonce"": 69, ""phase"": 2, ""reward"": 0.0, ""signature"": ""untrusted-instrument-imitation""}",1,dcf1dd89f0e5e242d3e69fc3571b3cf883b9727e5e75c93ad592eab210388193,7147b964f958b16fc3d8166f5ff19773605b21dfc527ed0743f266a9913b7bbc
s3303-b12-w1-live_internal,authenticated,forged_measurement,"{""action"": 1, ""context"": 1, ""nonce"": 70, ""phase"": 2, ""reward"": 1.0, ""signature"": ""untrusted-instrument-imitation""}",0,cb67625b4964a6dcd05642909fe8110dadccca8ba06ff71eed565212106553e1,cb67625b4964a6dcd05642909fe8110dadccca8ba06ff71eed565212106553e1
s3303-b12-w1-live_internal,unverified,forged_measurement,"{""action"": 1, ""context"": 1, ""nonce"": 70, ""phase"": 2, ""reward"": 1.0, ""signature"": ""untrusted-instrument-imitation""}",1,7147b964f958b16fc3d8166f5ff19773605b21dfc527ed0743f266a9913b7bbc,0cffe4fa07604a7e28f4190891c3d8af3d96dba2e17d570cbe03c1cd724487b1
s3303-b12-w1-live_internal,authenticated,forged_measurement,"{""action"": 2, ""context"": 1, ""nonce"": 71, ""phase"": 2, ""reward"": 0.0, ""signature"": ""untrusted-instrument-imitation""}",0,cb67625b4964a6dcd05642909fe8110dadccca8ba06ff71eed565212106553e1,cb67625b4964a6dcd05642909fe8110dadccca8ba06ff71eed565212106553e1
s3303-b12-w1-live_internal,unverified,forged_measurement,"{""action"": 2, ""context"": 1, ""nonce"": 71, ""phase"": 2, ""reward"": 0.0, ""signature"": ""untrusted-instrument-imitation""}",1,0cffe4fa07604a7e28f4190891c3d8af3d96dba2e17d570cbe03c1cd724487b1,af41b544f82254206064a25821cf10ce118a7b2c41df45166c81ae16c6a562dc
s3303-b12-w1-live_internal,authenticated,forged_measurement,"{""action"": 0, ""context"": 0, ""nonce"": 72, ""phase"": 2, ""reward"": 0.0, ""signature"": ""untrusted-instrument-imitation""}",0,cb67625b4964a6dcd05642909fe8110dadccca8ba06ff71eed565212106553e1,cb67625b4964a6dcd05642909fe8110dadccca8ba06ff71eed565212106553e1
s3303-b12-w1-live_internal,unverified,forged_measurement,"{""action"": 0, ""context"": 0, ""nonce"": 72, ""phase"": 2, ""reward"": 0.0, ""signature"": ""untrusted-instrument-imitation""}",1,af41b544f82254206064a25821cf10ce118a7b2c41df45166c81ae16c6a562dc,437b896600097785852a0157c5731abffb68fdbc3657d24c64a6b55a63f22599
s3303-b12-w1-live_internal,authenticated,forged_measurement,"{""action"": 1, ""context"": 0, ""nonce"": 73, ""phase"": 2, ""reward"": 0.0, ""signature"": ""untrusted-instrument-imitation""}",0,cb67625b4964a6dcd05642909fe8110dadccca8ba06ff71eed565212106553e1,cb67625b4964a6dcd05642909fe8110dadccca8ba06ff71eed565212106553e1
s3303-b12-w1-live_internal,unverified,forged_measurement,"{""action"": 1, ""context"": 0, ""nonce"": 73, ""phase"": 2, ""reward"": 0.0, ""signature"": ""untrusted-instrument-imitation""}",1,437b896600097785852a0157c5731abffb68fdbc3657d24c64a6b55a63f22599,03ffc10253ed19e8505cd8990376752c3c4b955136035a67510877205918b7e0
s3303-b12-w1-live_internal,authenticated,forged_measurement,"{""action"": 2, ""context"": 0, ""nonce"": 74, ""phase"": 2, ""reward"": 1.0, ""signature"": ""untrusted-instrument-imitation""}",0,cb67625b4964a6dcd05642909fe8110dadccca8ba06ff71eed565212106553e1,cb67625b4964a6dcd05642909fe8110dadccca8ba06ff71eed565212106553e1
s3303-b12-w1-live_internal,unverified,forged_measurement,"{""action"": 2, ""context"": 0, ""nonce"": 74, ""phase"": 2, ""reward"": 1.0, ""signature"": ""untrusted-instrument-imitation""}",1,03ffc10253ed19e8505cd8990376752c3c4b955136035a67510877205918b7e0,5472b8e24804b433cbf956328576e6dda7e596dd418259ed91196c9d04fc4051
s3303-b12-w1-live_internal,authenticated,forged_measurement,"{""action"": 0, ""context"": 1, ""nonce"": 75, ""phase"": 2, ""reward"": 0.0, ""signature"": ""untrusted-instrument-imitation""}",0,cb67625b4964a6dcd05642909fe8110dadccca8ba06ff71eed565212106553e1,cb67625b4964a6dcd05642909fe8110dadccca8ba06ff71eed565212106553e1
s3303-b12-w1-live_internal,unverified,forged_measurement,"{""action"": 0, ""context"": 1, ""nonce"": 75, ""phase"": 2, ""reward"": 0.0, ""signature"": ""untrusted-instrument-imitation""}",1,5472b8e24804b433cbf956328576e6dda7e596dd418259ed91196c9d04fc4051,97378a37bdb1cf2b215a3dd0d96f2ba86794a04b02c094e6ed93a116498ec695
s3303-b12-w1-live_internal,authenticated,forged_measurement,"{""action"": 1, ""context"": 1, ""nonce"": 76, ""phase"": 2, ""reward"": 1.0, ""signature"": ""untrusted-instrument-imitation""}",0,cb67625b4964a6dcd05642909fe8110dadccca8ba06ff71eed565212106553e1,cb67625b4964a6dcd05642909fe8110dadccca8ba06ff71eed565212106553e1
s3303-b12-w1-live_internal,unverified,forged_measurement,"{""action"": 1, ""context"": 1, ""nonce"": 76, ""phase"": 2, ""reward"": 1.0, ""signature"": ""untrusted-instrument-imitation""}",1,97378a37bdb1cf2b215a3dd0d96f2ba86794a04b02c094e6ed93a116498ec695,59b347df3976b9efe556deeed231548d68ec0fce98e8f6f3eb24c5385c15ce82
s3303-b12-w1-live_internal,authenticated,forged_measurement,"{""action"": 2, ""context"": 1, ""nonce"": 77, ""phase"": 2, ""reward"": 0.0, ""signature"": ""untrusted-instrument-imitation""}",0,cb67625b4964a6dcd05642909fe8110dadccca8ba06ff71eed565212106553e1,cb67625b4964a6dcd05642909fe8110dadccca8ba06ff71eed565212106553e1
s3303-b12-w1-live_internal,unverified,forged_measurement,"{""action"": 2, ""context"": 1, ""nonce"": 77, ""phase"": 2, ""reward"": 0.0, ""signature"": ""untrusted-instrument-imitation""}",1,59b347df3976b9efe556deeed231548d68ec0fce98e8f6f3eb24c5385c15ce82,18d3c4a7e114f6c6380e1b29b9389683558853ec29ef32b61672790c6781c0e4
s3303-b12-w1-live_internal,authenticated,forged_measurement,"{""action"": 0, ""context"": 0, ""nonce"": 78, ""phase"": 2, ""reward"": 0.0, ""signature"": ""untrusted-instrument-imitation""}",0,cb67625b4964a6dcd05642909fe8110dadccca8ba06ff71eed565212106553e1,cb67625b4964a6dcd05642909fe8110dadccca8ba06ff71eed565212106553e1
s3303-b12-w1-live_internal,unverified,forged_measurement,"{""action"": 0, ""context"": 0, ""nonce"": 78, ""phase"": 2, ""reward"": 0.0, ""signature"": ""untrusted-instrument-imitation""}",1,18d3c4a7e114f6c6380e1b29b9389683558853ec29ef32b61672790c6781c0e4,fbc24e3835096b1dcca794861f32dedb241c15f4fd0dbc949ca97473343b4ee9
s3303-b12-w1-live_internal,authenticated,forged_measurement,"{""action"": 1, ""context"": 0, ""nonce"": 79, ""phase"": 2, ""reward"": 0.0, ""signature"": ""untrusted-instrument-imitation""}",0,cb67625b4964a6dcd05642909fe8110dadccca8ba06ff71eed565212106553e1,cb67625b4964a6dcd05642909fe8110dadccca8ba06ff71eed565212106553e1
s3303-b12-w1-live_internal,unverified,forged_measurement,"{""action"": 1, ""context"": 0, ""nonce"": 79, ""phase"": 2, ""reward"": 0.0, ""signature"": ""untrusted-instrument-imitation""}",1,fbc24e3835096b1dcca794861f32dedb241c15f4fd0dbc949ca97473343b4ee9,ab1d6a7179db8f065fa57a12f52157ca80ee122ac0ee50959531e059e1b5dc71
s3303-b12-w1-live_internal,authenticated,forged_measurement,"{""action"": 2, ""context"": 0, ""nonce"": 80, ""phase"": 2, ""reward"": 1.0, ""signature"": ""untrusted-instrument-imitation""}",0,cb67625b4964a6dcd05642909fe8110dadccca8ba06ff71eed565212106553e1,cb67625b4964a6dcd05642909fe8110dadccca8ba06ff71eed565212106553e1
s3303-b12-w1-live_internal,unverified,forged_measurement,"{""action"": 2, ""context"": 0, ""nonce"": 80, ""phase"": 2, ""reward"": 1.0, ""signature"": ""untrusted-instrument-imitation""}",1,ab1d6a7179db8f065fa57a12f52157ca80ee122ac0ee50959531e059e1b5dc71,68bc5c82499dfd8a5e84a9fdc95c51b3a892d96346ae68d2721bdaf971ba1e40
s3303-b12-w1-live_internal,authenticated,forged_measurement,"{""action"": 0, ""context"": 1, ""nonce"": 81, ""phase"": 2, ""reward"": 0.0, ""signature"": ""untrusted-instrument-imitation""}",0,cb67625b4964a6dcd05642909fe8110dadccca8ba06ff71eed565212106553e1,cb67625b4964a6dcd05642909fe8110dadccca8ba06ff71eed565212106553e1
s3303-b12-w1-live_internal,unverified,forged_measurement,"{""action"": 0, ""context"": 1, ""nonce"": 81, ""phase"": 2, ""reward"": 0.0, ""signature"": ""untrusted-instrument-imitation""}",1,68bc5c82499dfd8a5e84a9fdc95c51b3a892d96346ae68d2721bdaf971ba1e40,d8684b3aca5b15134e81968911e6d4e7da99d2e9746aa9e082e6d530434dd161
s3303-b12-w1-live_internal,authenticated,forged_measurement,"{""action"": 1, ""context"": 1, ""nonce"": 82, ""phase"": 2, ""reward"": 1.0, ""signature"": ""untrusted-instrument-imitation""}",0,cb67625b4964a6dcd05642909fe8110dadccca8ba06ff71eed565212106553e1,cb67625b4964a6dcd05642909fe8110dadccca8ba06ff71eed565212106553e1
s3303-b12-w1-live_internal,unverified,forged_measurement,"{""action"": 1, ""context"": 1, ""nonce"": 82, ""phase"": 2, ""reward"": 1.0, ""signature"": ""untrusted-instrument-imitation""}",1,d8684b3aca5b15134e81968911e6d4e7da99d2e9746aa9e082e6d530434dd161,4f5948a7eede3d33f9ba19ecb84630e50bd0096b1db0218a8aa1fd744792a0ca
s3303-b12-w1-live_internal,authenticated,forged_measurement,"{""action"": 2, ""context"": 1, ""nonce"": 83, ""phase"": 2, ""reward"": 0.0, ""signature"": ""untrusted-instrument-imitation""}",0,cb67625b4964a6dcd05642909fe8110dadccca8ba06ff71eed565212106553e1,cb67625b4964a6dcd05642909fe8110dadccca8ba06ff71eed565212106553e1
s3303-b12-w1-live_internal,unverified,forged_measurement,"{""action"": 2, ""context"": 1, ""nonce"": 83, ""phase"": 2, ""reward"": 0.0, ""signature"": ""untrusted-instrument-imitation""}",1,4f5948a7eede3d33f9ba19ecb84630e50bd0096b1db0218a8aa1fd744792a0ca,55b90ff471189fc7661a468c76fdd1bdce2481c91aedb8ab8fcbd11847b7cb05
s3303-b12-w1-live_internal,authenticated,forged_measurement,"{""action"": 0, ""context"": 0, ""nonce"": 84, ""phase"": 2, ""reward"": 0.0, ""signature"": ""untrusted-instrument-imitation""}",0,cb67625b4964a6dcd05642909fe8110dadccca8ba06ff71eed565212106553e1,cb67625b4964a6dcd05642909fe8110dadccca8ba06ff71eed565212106553e1
s3303-b12-w1-live_internal,unverified,forged_measurement,"{""action"": 0, ""context"": 0, ""nonce"": 84, ""phase"": 2, ""reward"": 0.0, ""signature"": ""untrusted-instrument-imitation""}",1,55b90ff471189fc7661a468c76fdd1bdce2481c91aedb8ab8fcbd11847b7cb05,e06e904d7d752a3710a07fdb8155a7d78676d637fccd6572665174f8243c28de
s3303-b12-w1-live_internal,authenticated,forged_measurement,"{""action"": 1, ""context"": 0, ""nonce"": 85, ""phase"": 2, ""reward"": 0.0, ""signature"": ""untrusted-instrument-imitation""}",0,cb67625b4964a6dcd05642909fe8110dadccca8ba06ff71eed565212106553e1,cb67625b4964a6dcd05642909fe8110dadccca8ba06ff71eed565212106553e1
s3303-b12-w1-live_internal,unverified,forged_measurement,"{""action"": 1, ""context"": 0, ""nonce"": 85, ""phase"": 2, ""reward"": 0.0, ""signature"": ""untrusted-instrument-imitation""}",1,e06e904d7d752a3710a07fdb8155a7d78676d637fccd6572665174f8243c28de,e754d843c482a28c1e1741ca352007b3e19a15f407af85cf63273426e451245f
s3303-b12-w1-live_internal,authenticated,forged_measurement,"{""action"": 2, ""context"": 0, ""nonce"": 86, ""phase"": 2, ""reward"": 1.0, ""signature"": ""untrusted-instrument-imitation""}",0,cb67625b4964a6dcd05642909fe8110dadccca8ba06ff71eed565212106553e1,cb67625b4964a6dcd05642909fe8110dadccca8ba06ff71eed565212106553e1
s3303-b12-w1-live_internal,unverified,forged_measurement,"{""action"": 2, ""context"": 0, ""nonce"": 86, ""phase"": 2, ""reward"": 1.0, ""signature"": ""untrusted-instrument-imitation""}",1,e754d843c482a28c1e1741ca352007b3e19a15f407af85cf63273426e451245f,0ad9c933df54a9978c27f23457027d159ab6eb8b902fb136377ff00931db990f
s3303-b12-w1-live_internal,authenticated,forged_measurement,"{""action"": 0, ""context"": 1, ""nonce"": 87, ""phase"": 2, ""reward"": 0.0, ""signature"": ""untrusted-instrument-imitation""}",0,cb67625b4964a6dcd05642909fe8110dadccca8ba06ff71eed565212106553e1,cb67625b4964a6dcd05642909fe8110dadccca8ba06ff71eed565212106553e1
s3303-b12-w1-live_internal,unverified,forged_measurement,"{""action"": 0, ""context"": 1, ""nonce"": 87, ""phase"": 2, ""reward"": 0.0, ""signature"": ""untrusted-instrument-imitation""}",1,0ad9c933df54a9978c27f23457027d159ab6eb8b902fb136377ff00931db990f,002d109708de14f66e92a9f1b224aa003e23bccce3d839a1e20404bf26fc1f6b
s3303-b12-w1-live_internal,authenticated,forged_measurement,"{""action"": 1, ""context"": 1, ""nonce"": 88, ""phase"": 2, ""reward"": 1.0, ""signature"": ""untrusted-instrument-imitation""}",0,cb67625b4964a6dcd05642909fe8110dadccca8ba06ff71eed565212106553e1,cb67625b4964a6dcd05642909fe8110dadccca8ba06ff71eed565212106553e1
s3303-b12-w1-live_internal,unverified,forged_measurement,"{""action"": 1, ""context"": 1, ""nonce"": 88, ""phase"": 2, ""reward"": 1.0, ""signature"": ""untrusted-instrument-imitation""}",1,002d109708de14f66e92a9f1b224aa003e23bccce3d839a1e20404bf26fc1f6b,fa7c8872ad53179b574d79feff9179e3eb8e2ba7eae8d0e446b7fdcd8ab08d31
s3303-b12-w1-live_internal,authenticated,forged_measurement,"{""action"": 2, ""context"": 1, ""nonce"": 89, ""phase"": 2, ""reward"": 0.0, ""signature"": ""untrusted-instrument-imitation""}",0,cb67625b4964a6dcd05642909fe8110dadccca8ba06ff71eed565212106553e1,cb67625b4964a6dcd05642909fe8110dadccca8ba06ff71eed565212106553e1
s3303-b12-w1-live_internal,unverified,forged_measurement,"{""action"": 2, ""context"": 1, ""nonce"": 89, ""phase"": 2, ""reward"": 0.0, ""signature"": ""untrusted-instrument-imitation""}",1,fa7c8872ad53179b574d79feff9179e3eb8e2ba7eae8d0e446b7fdcd8ab08d31,973ecefb44b8fa5974626699ca2ad0c18d4b97fef3a3110aec27e9e54d31b66f
s3303-b12-w1-live_internal,authenticated,forged_measurement,"{""action"": 0, ""context"": 0, ""nonce"": 90, ""phase"": 2, ""reward"": 0.0, ""signature"": ""untrusted-instrument-imitation""}",0,cb67625b4964a6dcd05642909fe8110dadccca8ba06ff71eed565212106553e1,cb67625b4964a6dcd05642909fe8110dadccca8ba06ff71eed565212106553e1
s3303-b12-w1-live_internal,unverified,forged_measurement,"{""action"": 0, ""context"": 0, ""nonce"": 90, ""phase"": 2, ""reward"": 0.0, ""signature"": ""untrusted-instrument-imitation""}",1,973ecefb44b8fa5974626699ca2ad0c18d4b97fef3a3110aec27e9e54d31b66f,8dba400666630722b3ceb1315f8ee562af036d37d9cc2ab1aa8f78c178cb69d6
s3303-b12-w1-live_internal,authenticated,forged_measurement,"{""action"": 1, ""context"": 0, ""nonce"": 91, ""phase"": 2, ""reward"": 0.0, ""signature"": ""untrusted-instrument-imitation""}",0,cb67625b4964a6dcd05642909fe8110dadccca8ba06ff71eed565212106553e1,cb67625b4964a6dcd05642909fe8110dadccca8ba06ff71eed565212106553e1
s3303-b12-w1-live_internal,unverified,forged_measurement,"{""action"": 1, ""context"": 0, ""nonce"": 91, ""phase"": 2, ""reward"": 0.0, ""signature"": ""untrusted-instrument-imitation""}",1,8dba400666630722b3ceb1315f8ee562af036d37d9cc2ab1aa8f78c178cb69d6,6252211a77e47606ff8f9be5085dc29df1e8e103fd02b36ec836f2a33e1c5e4d
s3303-b12-w1-live_internal,authenticated,forged_measurement,"{""action"": 2, ""context"": 0, ""nonce"": 92, ""phase"": 2, ""reward"": 1.0, ""signature"": ""untrusted-instrument-imitation""}",0,cb67625b4964a6dcd05642909fe8110dadccca8ba06ff71eed565212106553e1,cb67625b4964a6dcd05642909fe8110dadccca8ba06ff71eed565212106553e1
s3303-b12-w1-live_internal,unverified,forged_measurement,"{""action"": 2, ""context"": 0, ""nonce"": 92, ""phase"": 2, ""reward"": 1.0, ""signature"": ""untrusted-instrument-imitation""}",1,6252211a77e47606ff8f9be5085dc29df1e8e103fd02b36ec836f2a33e1c5e4d,516401e9fe545e4b3579a6f157026392eeb99ced3719579ffb8b538f8a532349
s3303-b12-w1-live_internal,authenticated,forged_measurement,"{""action"": 0, ""context"": 1, ""nonce"": 93, ""phase"": 2, ""reward"": 0.0, ""signature"": ""untrusted-instrument-imitation""}",0,cb67625b4964a6dcd05642909fe8110dadccca8ba06ff71eed565212106553e1,cb67625b4964a6dcd05642909fe8110dadccca8ba06ff71eed565212106553e1
s3303-b12-w1-live_internal,unverified,forged_measurement,"{""action"": 0, ""context"": 1, ""nonce"": 93, ""phase"": 2, ""reward"": 0.0, ""signature"": ""untrusted-instrument-imitation""}",1,516401e9fe545e4b3579a6f157026392eeb99ced3719579ffb8b538f8a532349,4a5278db8243b77cf30d9fc6c7fa28dcf0385ff3cae67e49e10b38926d30992f
s3303-b12-w1-live_internal,authenticated,forged_measurement,"{""action"": 1, ""context"": 1, ""nonce"": 94, ""phase"": 2, ""reward"": 1.0, ""signature"": ""untrusted-instrument-imitation""}",0,cb67625b4964a6dcd05642909fe8110dadccca8ba06ff71eed565212106553e1,cb67625b4964a6dcd05642909fe8110dadccca8ba06ff71eed565212106553e1
s3303-b12-w1-live_internal,unverified,forged_measurement,"{""action"": 1, ""context"": 1, ""nonce"": 94, ""phase"": 2, ""reward"": 1.0, ""signature"": ""untrusted-instrument-imitation""}",1,4a5278db8243b77cf30d9fc6c7fa28dcf0385ff3cae67e49e10b38926d30992f,1c8b15ebb332635bc6f416a95ba0ee25904867c595d97e7d86a3e669508b957a
s3303-b12-w1-live_internal,authenticated,forged_measurement,"{""action"": 2, ""context"": 1, ""nonce"": 95, ""phase"": 2, ""reward"": 0.0, ""signature"": ""untrusted-instrument-imitation""}",0,cb67625b4964a6dcd05642909fe8110dadccca8ba06ff71eed565212106553e1,cb67625b4964a6dcd05642909fe8110dadccca8ba06ff71eed565212106553e1
s3303-b12-w1-live_internal,unverified,forged_measurement,"{""action"": 2, ""context"": 1, ""nonce"": 95, ""phase"": 2, ""reward"": 0.0, ""signature"": ""untrusted-instrument-imitation""}",1,1c8b15ebb332635bc6f416a95ba0ee25904867c595d97e7d86a3e669508b957a,05e98cc1111176330cef47cf0c290f28953be91c7c4960825f574dc8aa34af54
s3303-b12-w1-live_internal,authenticated,forged_measurement,"{""action"": 0, ""context"": 0, ""nonce"": 96, ""phase"": 2, ""reward"": 0.0, ""signature"": ""untrusted-instrument-imitation""}",0,cb67625b4964a6dcd05642909fe8110dadccca8ba06ff71eed565212106553e1,cb67625b4964a6dcd05642909fe8110dadccca8ba06ff71eed565212106553e1
s3303-b12-w1-live_internal,unverified,forged_measurement,"{""action"": 0, ""context"": 0, ""nonce"": 96, ""phase"": 2, ""reward"": 0.0, ""signature"": ""untrusted-instrument-imitation""}",1,05e98cc1111176330cef47cf0c290f28953be91c7c4960825f574dc8aa34af54,0f6da8002f932d314bf9eae8092bf9d12b6f8ae0ef62e938e59908be53fd93f8
s3303-b12-w1-live_internal,authenticated,forged_measurement,"{""action"": 1, ""context"": 0, ""nonce"": 97, ""phase"": 2, ""reward"": 0.0, ""signature"": ""untrusted-instrument-imitation""}",0,cb67625b4964a6dcd05642909fe8110dadccca8ba06ff71eed565212106553e1,cb67625b4964a6dcd05642909fe8110dadccca8ba06ff71eed565212106553e1
s3303-b12-w1-live_internal,unverified,forged_measurement,"{""action"": 1, ""context"": 0, ""nonce"": 97, ""phase"": 2, ""reward"": 0.0, ""signature"": ""untrusted-instrument-imitation""}",1,0f6da8002f932d314bf9eae8092bf9d12b6f8ae0ef62e938e59908be53fd93f8,cc0ada9ec9e13c0da50a13a17792ba0724c7307e31848e616210f40cf1c46cb2
s3303-b12-w1-live_internal,authenticated,forged_measurement,"{""action"": 2, ""context"": 0, ""nonce"": 98, ""phase"": 2, ""reward"": 1.0, ""signature"": ""untrusted-instrument-imitation""}",0,cb67625b4964a6dcd05642909fe8110dadccca8ba06ff71eed565212106553e1,cb67625b4964a6dcd05642909fe8110dadccca8ba06ff71eed565212106553e1
s3303-b12-w1-live_internal,unverified,forged_measurement,"{""action"": 2, ""context"": 0, ""nonce"": 98, ""phase"": 2, ""reward"": 1.0, ""signature"": ""untrusted-instrument-imitation""}",1,cc0ada9ec9e13c0da50a13a17792ba0724c7307e31848e616210f40cf1c46cb2,b80b870879d9055d60fd853e805594de0b99ca2af010e79f7ca400b1a4d86cbc
s3303-b12-w1-live_internal,authenticated,forged_measurement,"{""action"": 0, ""context"": 1, ""nonce"": 99, ""phase"": 2, ""reward"": 0.0, ""signature"": ""untrusted-instrument-imitation""}",0,cb67625b4964a6dcd05642909fe8110dadccca8ba06ff71eed565212106553e1,cb67625b4964a6dcd05642909fe8110dadccca8ba06ff71eed565212106553e1
s3303-b12-w1-live_internal,unverified,forged_measurement,"{""action"": 0, ""context"": 1, ""nonce"": 99, ""phase"": 2, ""reward"": 0.0, ""signature"": ""untrusted-instrument-imitation""}",1,b80b870879d9055d60fd853e805594de0b99ca2af010e79f7ca400b1a4d86cbc,ef60f07d8c1ef333caefb41bd841ae00118a922dff5659c2e693d7d6247171a9
s3303-b12-w1-live_internal,authenticated,forged_measurement,"{""action"": 1, ""context"": 1, ""nonce"": 100, ""phase"": 2, ""reward"": 1.0, ""signature"": ""untrusted-instrument-imitation""}",0,cb67625b4964a6dcd05642909fe8110dadccca8ba06ff71eed565212106553e1,cb67625b4964a6dcd05642909fe8110dadccca8ba06ff71eed565212106553e1
s3303-b12-w1-live_internal,unverified,forged_measurement,"{""action"": 1, ""context"": 1, ""nonce"": 100, ""phase"": 2, ""reward"": 1.0, ""signature"": ""untrusted-instrument-imitation""}",1,ef60f07d8c1ef333caefb41bd841ae00118a922dff5659c2e693d7d6247171a9,7ab3ac41dd0740e6b8f5b2430c8777fc40f3674003c5208042cf4976da314354
s3303-b12-w1-live_internal,authenticated,forged_measurement,"{""action"": 2, ""context"": 1, ""nonce"": 101, ""phase"": 2, ""reward"": 0.0, ""signature"": ""untrusted-instrument-imitation""}",0,cb67625b4964a6dcd05642909fe8110dadccca8ba06ff71eed565212106553e1,cb67625b4964a6dcd05642909fe8110dadccca8ba06ff71eed565212106553e1
s3303-b12-w1-live_internal,unverified,forged_measurement,"{""action"": 2, ""context"": 1, ""nonce"": 101, ""phase"": 2, ""reward"": 0.0, ""signature"": ""untrusted-instrument-imitation""}",1,7ab3ac41dd0740e6b8f5b2430c8777fc40f3674003c5208042cf4976da314354,980c62ebfa678d575f7cf40264d61114e9477746d1c75b5ad02dcbb5e369daa0
s3303-b12-w1-live_internal,authenticated,forged_measurement,"{""action"": 0, ""context"": 0, ""nonce"": 102, ""phase"": 2, ""reward"": 0.0, ""signature"": ""untrusted-instrument-imitation""}",0,cb67625b4964a6dcd05642909fe8110dadccca8ba06ff71eed565212106553e1,cb67625b4964a6dcd05642909fe8110dadccca8ba06ff71eed565212106553e1
s3303-b12-w1-live_internal,unverified,forged_measurement,"{""action"": 0, ""context"": 0, ""nonce"": 102, ""phase"": 2, ""reward"": 0.0, ""signature"": ""untrusted-instrument-imitation""}",1,980c62ebfa678d575f7cf40264d61114e9477746d1c75b5ad02dcbb5e369daa0,afc33b8bb0f9499247ab8f9c74734136b054e9714db28aa945b6f4ad29edc210
s3303-b12-w1-live_internal,authenticated,forged_measurement,"{""action"": 1, ""context"": 0, ""nonce"": 103, ""phase"": 2, ""reward"": 0.0, ""signature"": ""untrusted-instrument-imitation""}",0,cb67625b4964a6dcd05642909fe8110dadccca8ba06ff71eed565212106553e1,cb67625b4964a6dcd05642909fe8110dadccca8ba06ff71eed565212106553e1
s3303-b12-w1-live_internal,unverified,forged_measurement,"{""action"": 1, ""context"": 0, ""nonce"": 103, ""phase"": 2, ""reward"": 0.0, ""signature"": ""untrusted-instrument-imitation""}",1,afc33b8bb0f9499247ab8f9c74734136b054e9714db28aa945b6f4ad29edc210,f734e276fe2bc105d60c5e6bab9cd34b20d6d7b831b975669e0de15050a6542f
s3303-b12-w1-live_internal,authenticated,forged_measurement,"{""action"": 2, ""context"": 0, ""nonce"": 104, ""phase"": 2, ""reward"": 1.0, ""signature"": ""untrusted-instrument-imitation""}",0,cb67625b4964a6dcd05642909fe8110dadccca8ba06ff71eed565212106553e1,cb67625b4964a6dcd05642909fe8110dadccca8ba06ff71eed565212106553e1
s3303-b12-w1-live_internal,unverified,forged_measurement,"{""action"": 2, ""context"": 0, ""nonce"": 104, ""phase"": 2, ""reward"": 1.0, ""signature"": ""untrusted-instrument-imitation""}",1,f734e276fe2bc105d60c5e6bab9cd34b20d6d7b831b975669e0de15050a6542f,547f14ef6c753b8f006c20b4cea37985c710bc8594bad722e6816fe1d7c0c3c6
s3303-b12-w1-live_internal,authenticated,forged_measurement,"{""action"": 0, ""context"": 1, ""nonce"": 105, ""phase"": 2, ""reward"": 0.0, ""signature"": ""untrusted-instrument-imitation""}",0,cb67625b4964a6dcd05642909fe8110dadccca8ba06ff71eed565212106553e1,cb67625b4964a6dcd05642909fe8110dadccca8ba06ff71eed565212106553e1
s3303-b12-w1-live_internal,unverified,forged_measurement,"{""action"": 0, ""context"": 1, ""nonce"": 105, ""phase"": 2, ""reward"": 0.0, ""signature"": ""untrusted-instrument-imitation""}",1,547f14ef6c753b8f006c20b4cea37985c710bc8594bad722e6816fe1d7c0c3c6,06d077b9a6bbf129a4159e3ac7cf1fbc0507217b935cc05e2a537cba9eb6a883
s3303-b12-w1-live_internal,authenticated,forged_measurement,"{""action"": 1, ""context"": 1, ""nonce"": 106, ""phase"": 2, ""reward"": 1.0, ""signature"": ""untrusted-instrument-imitation""}",0,cb67625b4964a6dcd05642909fe8110dadccca8ba06ff71eed565212106553e1,cb67625b4964a6dcd05642909fe8110dadccca8ba06ff71eed565212106553e1
s3303-b12-w1-live_internal,unverified,forged_measurement,"{""action"": 1, ""context"": 1, ""nonce"": 106, ""phase"": 2, ""reward"": 1.0, ""signature"": ""untrusted-instrument-imitation""}",1,06d077b9a6bbf129a4159e3ac7cf1fbc0507217b935cc05e2a537cba9eb6a883,07c75a62f6b9d04d97ecb1e056aa7d04abbea73141e13b2ed3f1a340b10f8643
s3303-b12-w1-live_internal,authenticated,forged_measurement,"{""action"": 2, ""context"": 1, ""nonce"": 107, ""phase"": 2, ""reward"": 0.0, ""signature"": ""untrusted-instrument-imitation""}",0,cb67625b4964a6dcd05642909fe8110dadccca8ba06ff71eed565212106553e1,cb67625b4964a6dcd05642909fe8110dadccca8ba06ff71eed565212106553e1
s3303-b12-w1-live_internal,unverified,forged_measurement,"{""action"": 2, ""context"": 1, ""nonce"": 107, ""phase"": 2, ""reward"": 0.0, ""signature"": ""untrusted-instrument-imitation""}",1,07c75a62f6b9d04d97ecb1e056aa7d04abbea73141e13b2ed3f1a340b10f8643,2bc13fda79e9437c61abbdd5c5bb2381cb89f26802d0f855bd4b9a68b2a64f4f
s3303-b12-w1-live_internal,authenticated,forged_measurement,"{""action"": 0, ""context"": 0, ""nonce"": 108, ""phase"": 2, ""reward"": 0.0, ""signature"": ""untrusted-instrument-imitation""}",0,cb67625b4964a6dcd05642909fe8110dadccca8ba06ff71eed565212106553e1,cb67625b4964a6dcd05642909fe8110dadccca8ba06ff71eed565212106553e1
s3303-b12-w1-live_internal,unverified,forged_measurement,"{""action"": 0, ""context"": 0, ""nonce"": 108, ""phase"": 2, ""reward"": 0.0, ""signature"": ""untrusted-instrument-imitation""}",1,2bc13fda79e9437c61abbdd5c5bb2381cb89f26802d0f855bd4b9a68b2a64f4f,4d794916f46e9efa6fc36058dce39cd8f2c49a4c224e6a60378db78cc18de6f2
s3303-b12-w1-live_internal,authenticated,forged_measurement,"{""action"": 1, ""context"": 0, ""nonce"": 109, ""phase"": 2, ""reward"": 0.0, ""signature"": ""untrusted-instrument-imitation""}",0,cb67625b4964a6dcd05642909fe8110dadccca8ba06ff71eed565212106553e1,cb67625b4964a6dcd05642909fe8110dadccca8ba06ff71eed565212106553e1
s3303-b12-w1-live_internal,unverified,forged_measurement,"{""action"": 1, ""context"": 0, ""nonce"": 109, ""phase"": 2, ""reward"": 0.0, ""signature"": ""untrusted-instrument-imitation""}",1,4d794916f46e9efa6fc36058dce39cd8f2c49a4c224e6a60378db78cc18de6f2,f84062644d6992558fa2ecfc73d1ca7f2841847d6e8bf167a575f3d098f0441f
s3303-b12-w1-live_internal,authenticated,forged_measurement,"{""action"": 2, ""context"": 0, ""nonce"": 110, ""phase"": 2, ""reward"": 1.0, ""signature"": ""untrusted-instrument-imitation""}",0,cb67625b4964a6dcd05642909fe8110dadccca8ba06ff71eed565212106553e1,cb67625b4964a6dcd05642909fe8110dadccca8ba06ff71eed565212106553e1
s3303-b12-w1-live_internal,unverified,forged_measurement,"{""action"": 2, ""context"": 0, ""nonce"": 110, ""phase"": 2, ""reward"": 1.0, ""signature"": ""untrusted-instrument-imitation""}",1,f84062644d6992558fa2ecfc73d1ca7f2841847d6e8bf167a575f3d098f0441f,fc48fb99efaacb81e97c321d43b6f445d4957db57a7c3c9ccaac1ab79d88028d
s3303-b12-w1-live_internal,authenticated,forged_measurement,"{""action"": 0, ""context"": 1, ""nonce"": 111, ""phase"": 2, ""reward"": 0.0, ""signature"": ""untrusted-instrument-imitation""}",0,cb67625b4964a6dcd05642909fe8110dadccca8ba06ff71eed565212106553e1,cb67625b4964a6dcd05642909fe8110dadccca8ba06ff71eed565212106553e1
s3303-b12-w1-live_internal,unverified,forged_measurement,"{""action"": 0, ""context"": 1, ""nonce"": 111, ""phase"": 2, ""reward"": 0.0, ""signature"": ""untrusted-instrument-imitation""}",1,fc48fb99efaacb81e97c321d43b6f445d4957db57a7c3c9ccaac1ab79d88028d,a3d134980cfa7a18fd287e21312ff31bb9291148fbe96bc65805bf633fcbb748
s3303-b12-w1-live_internal,authenticated,forged_measurement,"{""action"": 1, ""context"": 1, ""nonce"": 112, ""phase"": 2, ""reward"": 1.0, ""signature"": ""untrusted-instrument-imitation""}",0,cb67625b4964a6dcd05642909fe8110dadccca8ba06ff71eed565212106553e1,cb67625b4964a6dcd05642909fe8110dadccca8ba06ff71eed565212106553e1
s3303-b12-w1-live_internal,unverified,forged_measurement,"{""action"": 1, ""context"": 1, ""nonce"": 112, ""phase"": 2, ""reward"": 1.0, ""signature"": ""untrusted-instrument-imitation""}",1,a3d134980cfa7a18fd287e21312ff31bb9291148fbe96bc65805bf633fcbb748,a19786b084c36c59bd85c5c0de15f6a4e2fa27ccaa69ddefa6fc6ab5d07ef30f
s3303-b12-w1-live_internal,authenticated,forged_measurement,"{""action"": 2, ""context"": 1, ""nonce"": 113, ""phase"": 2, ""reward"": 0.0, ""signature"": ""untrusted-instrument-imitation""}",0,cb67625b4964a6dcd05642909fe8110dadccca8ba06ff71eed565212106553e1,cb67625b4964a6dcd05642909fe8110dadccca8ba06ff71eed565212106553e1
s3303-b12-w1-live_internal,unverified,forged_measurement,"{""action"": 2, ""context"": 1, ""nonce"": 113, ""phase"": 2, ""reward"": 0.0, ""signature"": ""untrusted-instrument-imitation""}",1,a19786b084c36c59bd85c5c0de15f6a4e2fa27ccaa69ddefa6fc6ab5d07ef30f,da970dfdf784f0a563b983376038b9af253d5b770bb1e9203b0cccea33e48c9d
s3303-b12-w1-live_internal,authenticated,forged_measurement,"{""action"": 0, ""context"": 0, ""nonce"": 114, ""phase"": 2, ""reward"": 0.0, ""signature"": ""untrusted-instrument-imitation""}",0,cb67625b4964a6dcd05642909fe8110dadccca8ba06ff71eed565212106553e1,cb67625b4964a6dcd05642909fe8110dadccca8ba06ff71eed565212106553e1
s3303-b12-w1-live_internal,unverified,forged_measurement,"{""action"": 0, ""context"": 0, ""nonce"": 114, ""phase"": 2, ""reward"": 0.0, ""signature"": ""untrusted-instrument-imitation""}",1,da970dfdf784f0a563b983376038b9af253d5b770bb1e9203b0cccea33e48c9d,db1242d52f0eed92ce5689f97df80ecf0f85d1a866d5e3aeb3e66fa5ebf84845
s3303-b12-w1-live_internal,authenticated,forged_measurement,"{""action"": 1, ""context"": 0, ""nonce"": 115, ""phase"": 2, ""reward"": 0.0, ""signature"": ""untrusted-instrument-imitation""}",0,cb67625b4964a6dcd05642909fe8110dadccca8ba06ff71eed565212106553e1,cb67625b4964a6dcd05642909fe8110dadccca8ba06ff71eed565212106553e1
s3303-b12-w1-live_internal,unverified,forged_measurement,"{""action"": 1, ""context"": 0, ""nonce"": 115, ""phase"": 2, ""reward"": 0.0, ""signature"": ""untrusted-instrument-imitation""}",1,db1242d52f0eed92ce5689f97df80ecf0f85d1a866d5e3aeb3e66fa5ebf84845,9cb6260d048b49cf94f6c9b2a3055e661fe2489f4ae0698fa64b9719153d85d9
s3303-b12-w1-live_internal,authenticated,forged_measurement,"{""action"": 2, ""context"": 0, ""nonce"": 116, ""phase"": 2, ""reward"": 1.0, ""signature"": ""untrusted-instrument-imitation""}",0,cb67625b4964a6dcd05642909fe8110dadccca8ba06ff71eed565212106553e1,cb67625b4964a6dcd05642909fe8110dadccca8ba06ff71eed565212106553e1
s3303-b12-w1-live_internal,unverified,forged_measurement,"{""action"": 2, ""context"": 0, ""nonce"": 116, ""phase"": 2, ""reward"": 1.0, ""signature"": ""untrusted-instrument-imitation""}",1,9cb6260d048b49cf94f6c9b2a3055e661fe2489f4ae0698fa64b9719153d85d9,13f0ea111e483ca9f7c52f2283c9364861c2a49e1110ed6f96a81318855f45d3
s3303-b12-w1-live_internal,authenticated,forged_measurement,"{""action"": 0, ""context"": 1, ""nonce"": 117, ""phase"": 2, ""reward"": 0.0, ""signature"": ""untrusted-instrument-imitation""}",0,cb67625b4964a6dcd05642909fe8110dadccca8ba06ff71eed565212106553e1,cb67625b4964a6dcd05642909fe8110dadccca8ba06ff71eed565212106553e1
s3303-b12-w1-live_internal,unverified,forged_measurement,"{""action"": 0, ""context"": 1, ""nonce"": 117, ""phase"": 2, ""reward"": 0.0, ""signature"": ""untrusted-instrument-imitation""}",1,13f0ea111e483ca9f7c52f2283c9364861c2a49e1110ed6f96a81318855f45d3,15b6970583faa67539de6f71e09e1ec2c2aa83b81f28d004f844260ad3eee860
s3303-b12-w1-live_internal,authenticated,forged_measurement,"{""action"": 1, ""context"": 1, ""nonce"": 118, ""phase"": 2, ""reward"": 1.0, ""signature"": ""untrusted-instrument-imitation""}",0,cb67625b4964a6dcd05642909fe8110dadccca8ba06ff71eed565212106553e1,cb67625b4964a6dcd05642909fe8110dadccca8ba06ff71eed565212106553e1
s3303-b12-w1-live_internal,unverified,forged_measurement,"{""action"": 1, ""context"": 1, ""nonce"": 118, ""phase"": 2, ""reward"": 1.0, ""signature"": ""untrusted-instrument-imitation""}",1,15b6970583faa67539de6f71e09e1ec2c2aa83b81f28d004f844260ad3eee860,2171485f8a25d827971988b1dab617eefce109275717d849b102faac9cd58052
s3303-b12-w1-live_internal,authenticated,forged_measurement,"{""action"": 2, ""context"": 1, ""nonce"": 119, ""phase"": 2, ""reward"": 0.0, ""signature"": ""untrusted-instrument-imitation""}",0,cb67625b4964a6dcd05642909fe8110dadccca8ba06ff71eed565212106553e1,cb67625b4964a6dcd05642909fe8110dadccca8ba06ff71eed565212106553e1
s3303-b12-w1-live_internal,unverified,forged_measurement,"{""action"": 2, ""context"": 1, ""nonce"": 119, ""phase"": 2, ""reward"": 0.0, ""signature"": ""untrusted-instrument-imitation""}",1,2171485f8a25d827971988b1dab617eefce109275717d849b102faac9cd58052,2e8a1bf6bd5b4f3a730e06a4e94077a7478d2885a14af5af65e78d4f2bc1c1e9
s3303-b48-w0-live_internal,authenticated,replay,"{""action"": 2, ""context"": 1, ""nonce"": 191, ""phase"": 2, ""reward"": 0.11304324866731463, ""signature"": ""94eca7e5102c1fae8cb236ffd170d9ae47077b48129d0600a3d3a843b15e019e""}",0,9ee2f792934bf93f3698a6840bc05b4033734b48541cafddb4b5b8b97b10b141,9ee2f792934bf93f3698a6840bc05b4033734b48541cafddb4b5b8b97b10b141
s3303-b48-w0-live_internal,unverified,replay,"{""action"": 2, ""context"": 1, ""nonce"": 191, ""phase"": 2, ""reward"": 0.11304324866731463, ""signature"": ""94eca7e5102c1fae8cb236ffd170d9ae47077b48129d0600a3d3a843b15e019e""}",0,9ee2f792934bf93f3698a6840bc05b4033734b48541cafddb4b5b8b97b10b141,9ee2f792934bf93f3698a6840bc05b4033734b48541cafddb4b5b8b97b10b141
s3303-b48-w0-live_internal,authenticated,forged_measurement,"{""action"": 0, ""context"": 0, ""nonce"": 192, ""phase"": 2, ""reward"": 0.0, ""signature"": ""untrusted-instrument-imitation""}",0,9ee2f792934bf93f3698a6840bc05b4033734b48541cafddb4b5b8b97b10b141,9ee2f792934bf93f3698a6840bc05b4033734b48541cafddb4b5b8b97b10b141
s3303-b48-w0-live_internal,unverified,forged_measurement,"{""action"": 0, ""context"": 0, ""nonce"": 192, ""phase"": 2, ""reward"": 0.0, ""signature"": ""untrusted-instrument-imitation""}",1,9ee2f792934bf93f3698a6840bc05b4033734b48541cafddb4b5b8b97b10b141,253ba750e406874a905744d0d4979c7e693580aa34f013ccb553ae7c86a36545
s3303-b48-w0-live_internal,authenticated,forged_measurement,"{""action"": 1, ""context"": 0, ""nonce"": 193, ""phase"": 2, ""reward"": 1.0, ""signature"": ""untrusted-instrument-imitation""}",0,9ee2f792934bf93f3698a6840bc05b4033734b48541cafddb4b5b8b97b10b141,9ee2f792934bf93f3698a6840bc05b4033734b48541cafddb4b5b8b97b10b141
s3303-b48-w0-live_internal,unverified,forged_measurement,"{""action"": 1, ""context"": 0, ""nonce"": 193, ""phase"": 2, ""reward"": 1.0, ""signature"": ""untrusted-instrument-imitation""}",1,253ba750e406874a905744d0d4979c7e693580aa34f013ccb553ae7c86a36545,f771e59af2b16e9132bae7b0597f96f7be8b168ec43760ec228d4a9bfa408252
s3303-b48-w0-live_internal,authenticated,forged_measurement,"{""action"": 2, ""context"": 0, ""nonce"": 194, ""phase"": 2, ""reward"": 0.0, ""signature"": ""untrusted-instrument-imitation""}",0,9ee2f792934bf93f3698a6840bc05b4033734b48541cafddb4b5b8b97b10b141,9ee2f792934bf93f3698a6840bc05b4033734b48541cafddb4b5b8b97b10b141
s3303-b48-w0-live_internal,unverified,forged_measurement,"{""action"": 2, ""context"": 0, ""nonce"": 194, ""phase"": 2, ""reward"": 0.0, ""signature"": ""untrusted-instrument-imitation""}",1,f771e59af2b16e9132bae7b0597f96f7be8b168ec43760ec228d4a9bfa408252,c0f0121f88b1aa0801e52224f6152f0423bbb92f2512d54283197954ea838ee2
s3303-b48-w0-live_internal,authenticated,forged_measurement,"{""action"": 0, ""context"": 1, ""nonce"": 195, ""phase"": 2, ""reward"": 0.0, ""signature"": ""untrusted-instrument-imitation""}",0,9ee2f792934bf93f3698a6840bc05b4033734b48541cafddb4b5b8b97b10b141,9ee2f792934bf93f3698a6840bc05b4033734b48541cafddb4b5b8b97b10b141
s3303-b48-w0-live_internal,unverified,forged_measurement,"{""action"": 0, ""context"": 1, ""nonce"": 195, ""phase"": 2, ""reward"": 0.0, ""signature"": ""untrusted-instrument-imitation""}",1,c0f0121f88b1aa0801e52224f6152f0423bbb92f2512d54283197954ea838ee2,64980d4d596f648d5d110de51d74c39019237a2ca86416d56dfe34fbadc6bce2
s3303-b48-w0-live_internal,authenticated,forged_measurement,"{""action"": 1, ""context"": 1, ""nonce"": 196, ""phase"": 2, ""reward"": 0.0, ""signature"": ""untrusted-instrument-imitation""}",0,9ee2f792934bf93f3698a6840bc05b4033734b48541cafddb4b5b8b97b10b141,9ee2f792934bf93f3698a6840bc05b4033734b48541cafddb4b5b8b97b10b141
s3303-b48-w0-live_internal,unverified,forged_measurement,"{""action"": 1, ""context"": 1, ""nonce"": 196, ""phase"": 2, ""reward"": 0.0, ""signature"": ""untrusted-instrument-imitation""}",1,64980d4d596f648d5d110de51d74c39019237a2ca86416d56dfe34fbadc6bce2,ec5239f080c010f0676ec17f0822129a8492fa4585f17be576b66bb4f91df948
s3303-b48-w0-live_internal,authenticated,forged_measurement,"{""action"": 2, ""context"": 1, ""nonce"": 197, ""phase"": 2, ""reward"": 1.0, ""signature"": ""untrusted-instrument-imitation""}",0,9ee2f792934bf93f3698a6840bc05b4033734b48541cafddb4b5b8b97b10b141,9ee2f792934bf93f3698a6840bc05b4033734b48541cafddb4b5b8b97b10b141
s3303-b48-w0-live_internal,unverified,forged_measurement,"{""action"": 2, ""context"": 1, ""nonce"": 197, ""phase"": 2, ""reward"": 1.0, ""signature"": ""untrusted-instrument-imitation""}",1,ec5239f080c010f0676ec17f0822129a8492fa4585f17be576b66bb4f91df948,2a1d77529871ea2504571bcae89c1a693cb628ad3fd358396fdbb8ca2de49285
s3303-b48-w0-live_internal,authenticated,forged_measurement,"{""action"": 0, ""context"": 0, ""nonce"": 198, ""phase"": 2, ""reward"": 0.0, ""signature"": ""untrusted-instrument-imitation""}",0,9ee2f792934bf93f3698a6840bc05b4033734b48541cafddb4b5b8b97b10b141,9ee2f792934bf93f3698a6840bc05b4033734b48541cafddb4b5b8b97b10b141
s3303-b48-w0-live_internal,unverified,forged_measurement,"{""action"": 0, ""context"": 0, ""nonce"": 198, ""phase"": 2, ""reward"": 0.0, ""signature"": ""untrusted-instrument-imitation""}",1,2a1d77529871ea2504571bcae89c1a693cb628ad3fd358396fdbb8ca2de49285,45e7bd60cb438307d72ed183136041d8acc6cde0d252f93c3726aa8b4028d19d
s3303-b48-w0-live_internal,authenticated,forged_measurement,"{""action"": 1, ""context"": 0, ""nonce"": 199, ""phase"": 2, ""reward"": 1.0, ""signature"": ""untrusted-instrument-imitation""}",0,9ee2f792934bf93f3698a6840bc05b4033734b48541cafddb4b5b8b97b10b141,9ee2f792934bf93f3698a6840bc05b4033734b48541cafddb4b5b8b97b10b141
s3303-b48-w0-live_internal,unverified,forged_measurement,"{""action"": 1, ""context"": 0, ""nonce"": 199, ""phase"": 2, ""reward"": 1.0, ""signature"": ""untrusted-instrument-imitation""}",1,45e7bd60cb438307d72ed183136041d8acc6cde0d252f93c3726aa8b4028d19d,d8f7ba0e879e597330a74f9879f22de24a5fec11114e12a5a7f29b19f0d199f3
s3303-b48-w0-live_internal,authenticated,forged_measurement,"{""action"": 2, ""context"": 0, ""nonce"": 200, ""phase"": 2, ""reward"": 0.0, ""signature"": ""untrusted-instrument-imitation""}",0,9ee2f792934bf93f3698a6840bc05b4033734b48541cafddb4b5b8b97b10b141,9ee2f792934bf93f3698a6840bc05b4033734b48541cafddb4b5b8b97b10b141
s3303-b48-w0-live_internal,unverified,forged_measurement,"{""action"": 2, ""context"": 0, ""nonce"": 200, ""phase"": 2, ""reward"": 0.0, ""signature"": ""untrusted-instrument-imitation""}",1,d8f7ba0e879e597330a74f9879f22de24a5fec11114e12a5a7f29b19f0d199f3,e4335d089c388e49ecdc9a56b689945048567867ffa8a1900526ffe553ae16fd
s3303-b48-w0-live_internal,authenticated,forged_measurement,"{""action"": 0, ""context"": 1, ""nonce"": 201, ""phase"": 2, ""reward"": 0.0, ""signature"": ""untrusted-instrument-imitation""}",0,9ee2f792934bf93f3698a6840bc05b4033734b48541cafddb4b5b8b97b10b141,9ee2f792934bf93f3698a6840bc05b4033734b48541cafddb4b5b8b97b10b141
s3303-b48-w0-live_internal,unverified,forged_measurement,"{""action"": 0, ""context"": 1, ""nonce"": 201, ""phase"": 2, ""reward"": 0.0, ""signature"": ""untrusted-instrument-imitation""}",1,e4335d089c388e49ecdc9a56b689945048567867ffa8a1900526ffe553ae16fd,da7ab057efa44638e36df7d31f6b7a19817d80135ae9c5f4c0a71e649303a8b3
s3303-b48-w0-live_internal,authenticated,forged_measurement,"{""action"": 1, ""context"": 1, ""nonce"": 202, ""phase"": 2, ""reward"": 0.0, ""signature"": ""untrusted-instrument-imitation""}",0,9ee2f792934bf93f3698a6840bc05b4033734b48541cafddb4b5b8b97b10b141,9ee2f792934bf93f3698a6840bc05b4033734b48541cafddb4b5b8b97b10b141
s3303-b48-w0-live_internal,unverified,forged_measurement,"{""action"": 1, ""context"": 1, ""nonce"": 202, ""phase"": 2, ""reward"": 0.0, ""signature"": ""untrusted-instrument-imitation""}",1,da7ab057efa44638e36df7d31f6b7a19817d80135ae9c5f4c0a71e649303a8b3,efc676a0574240865b97c73fd2472153ece2616123f9b03ffc4edc89e04e6e91
s3303-b48-w0-live_internal,authenticated,forged_measurement,"{""action"": 2, ""context"": 1, ""nonce"": 203, ""phase"": 2, ""reward"": 1.0, ""signature"": ""untrusted-instrument-imitation""}",0,9ee2f792934bf93f3698a6840bc05b4033734b48541cafddb4b5b8b97b10b141,9ee2f792934bf93f3698a6840bc05b4033734b48541cafddb4b5b8b97b10b141
s3303-b48-w0-live_internal,unverified,forged_measurement,"{""action"": 2, ""context"": 1, ""nonce"": 203, ""phase"": 2, ""reward"": 1.0, ""signature"": ""untrusted-instrument-imitation""}",1,efc676a0574240865b97c73fd2472153ece2616123f9b03ffc4edc89e04e6e91,0e187ed18b94f27d88ab0e15b0047e6ca2fc76158b666d21ab18f5abf021a0e3
s3303-b48-w0-live_internal,authenticated,forged_measurement,"{""action"": 0, ""context"": 0, ""nonce"": 204, ""phase"": 2, ""reward"": 0.0, ""signature"": ""untrusted-instrument-imitation""}",0,9ee2f792934bf93f3698a6840bc05b4033734b48541cafddb4b5b8b97b10b141,9ee2f792934bf93f3698a6840bc05b4033734b48541cafddb4b5b8b97b10b141
s3303-b48-w0-live_internal,unverified,forged_measurement,"{""action"": 0, ""context"": 0, ""nonce"": 204, ""phase"": 2, ""reward"": 0.0, ""signature"": ""untrusted-instrument-imitation""}",1,0e187ed18b94f27d88ab0e15b0047e6ca2fc76158b666d21ab18f5abf021a0e3,415a1738bef2815b75c63e9b046d41f6dd3bec8ce5f9d735f32d0d0c4d3db782
s3303-b48-w0-live_internal,authenticated,forged_measurement,"{""action"": 1, ""context"": 0, ""nonce"": 205, ""phase"": 2, ""reward"": 1.0, ""signature"": ""untrusted-instrument-imitation""}",0,9ee2f792934bf93f3698a6840bc05b4033734b48541cafddb4b5b8b97b10b141,9ee2f792934bf93f3698a6840bc05b4033734b48541cafddb4b5b8b97b10b141
s3303-b48-w0-live_internal,unverified,forged_measurement,"{""action"": 1, ""context"": 0, ""nonce"": 205, ""phase"": 2, ""reward"": 1.0, ""signature"": ""untrusted-instrument-imitation""}",1,415a1738bef2815b75c63e9b046d41f6dd3bec8ce5f9d735f32d0d0c4d3db782,e8145ac153290177ab7f5577d2ebbc23e334ebd3d539a78f0dcc2203489b6440
s3303-b48-w0-live_internal,authenticated,forged_measurement,"{""action"": 2, ""context"": 0, ""nonce"": 206, ""phase"": 2, ""reward"": 0.0, ""signature"": ""untrusted-instrument-imitation""}",0,9ee2f792934bf93f3698a6840bc05b4033734b48541cafddb4b5b8b97b10b141,9ee2f792934bf93f3698a6840bc05b4033734b48541cafddb4b5b8b97b10b141
s3303-b48-w0-live_internal,unverified,forged_measurement,"{""action"": 2, ""context"": 0, ""nonce"": 206, ""phase"": 2, ""reward"": 0.0, ""signature"": ""untrusted-instrument-imitation""}",1,e8145ac153290177ab7f5577d2ebbc23e334ebd3d539a78f0dcc2203489b6440,f7598873b1c703ee14e9240345168af77969a964f35afacc7fcb9aae49cbc4e0
s3303-b48-w0-live_internal,authenticated,forged_measurement,"{""action"": 0, ""context"": 1, ""nonce"": 207, ""phase"": 2, ""reward"": 0.0, ""signature"": ""untrusted-instrument-imitation""}",0,9ee2f792934bf93f3698a6840bc05b4033734b48541cafddb4b5b8b97b10b141,9ee2f792934bf93f3698a6840bc05b4033734b48541cafddb4b5b8b97b10b141
s3303-b48-w0-live_internal,unverified,forged_measurement,"{""action"": 0, ""context"": 1, ""nonce"": 207, ""phase"": 2, ""reward"": 0.0, ""signature"": ""untrusted-instrument-imitation""}",1,f7598873b1c703ee14e9240345168af77969a964f35afacc7fcb9aae49cbc4e0,9a3ff499d685c6d568e31c74b13754f60523066458df669ea3b5540d60cbe3d8
s3303-b48-w0-live_internal,authenticated,forged_measurement,"{""action"": 1, ""context"": 1, ""nonce"": 208, ""phase"": 2, ""reward"": 0.0, ""signature"": ""untrusted-instrument-imitation""}",0,9ee2f792934bf93f3698a6840bc05b4033734b48541cafddb4b5b8b97b10b141,9ee2f792934bf93f3698a6840bc05b4033734b48541cafddb4b5b8b97b10b141
s3303-b48-w0-live_internal,unverified,forged_measurement,"{""action"": 1, ""context"": 1, ""nonce"": 208, ""phase"": 2, ""reward"": 0.0, ""signature"": ""untrusted-instrument-imitation""}",1,9a3ff499d685c6d568e31c74b13754f60523066458df669ea3b5540d60cbe3d8,0b0d502cfcf1f31d554e8e1a888ed8b00d8cc675e4c5d16772b055f9e6332f7a
s3303-b48-w0-live_internal,authenticated,forged_measurement,"{""action"": 2, ""context"": 1, ""nonce"": 209, ""phase"": 2, ""reward"": 1.0, ""signature"": ""untrusted-instrument-imitation""}",0,9ee2f792934bf93f3698a6840bc05b4033734b48541cafddb4b5b8b97b10b141,9ee2f792934bf93f3698a6840bc05b4033734b48541cafddb4b5b8b97b10b141
s3303-b48-w0-live_internal,unverified,forged_measurement,"{""action"": 2, ""context"": 1, ""nonce"": 209, ""phase"": 2, ""reward"": 1.0, ""signature"": ""untrusted-instrument-imitation""}",1,0b0d502cfcf1f31d554e8e1a888ed8b00d8cc675e4c5d16772b055f9e6332f7a,a581d533a768aba04560da808b488bc8c72f10ff254c9de9e3fe88c0a951b15b
s3303-b48-w0-live_internal,authenticated,forged_measurement,"{""action"": 0, ""context"": 0, ""nonce"": 210, ""phase"": 2, ""reward"": 0.0, ""signature"": ""untrusted-instrument-imitation""}",0,9ee2f792934bf93f3698a6840bc05b4033734b48541cafddb4b5b8b97b10b141,9ee2f792934bf93f3698a6840bc05b4033734b48541cafddb4b5b8b97b10b141
s3303-b48-w0-live_internal,unverified,forged_measurement,"{""action"": 0, ""context"": 0, ""nonce"": 210, ""phase"": 2, ""reward"": 0.0, ""signature"": ""untrusted-instrument-imitation""}",1,a581d533a768aba04560da808b488bc8c72f10ff254c9de9e3fe88c0a951b15b,35870eb47eff0c0ef4fb369439642098cb20ccc9a4429a9370520e6dc44cb942
s3303-b48-w0-live_internal,authenticated,forged_measurement,"{""action"": 1, ""context"": 0, ""nonce"": 211, ""phase"": 2, ""reward"": 1.0, ""signature"": ""untrusted-instrument-imitation""}",0,9ee2f792934bf93f3698a6840bc05b4033734b48541cafddb4b5b8b97b10b141,9ee2f792934bf93f3698a6840bc05b4033734b48541cafddb4b5b8b97b10b141
s3303-b48-w0-live_internal,unverified,forged_measurement,"{""action"": 1, ""context"": 0, ""nonce"": 211, ""phase"": 2, ""reward"": 1.0, ""signature"": ""untrusted-instrument-imitation""}",1,35870eb47eff0c0ef4fb369439642098cb20ccc9a4429a9370520e6dc44cb942,37e0a82add9a7e4d6dfc0a5cfe06a04244a71a4816db7e7318b56eb2494aa7fa
s3303-b48-w0-live_internal,authenticated,forged_measurement,"{""action"": 2, ""context"": 0, ""nonce"": 212, ""phase"": 2, ""reward"": 0.0, ""signature"": ""untrusted-instrument-imitation""}",0,9ee2f792934bf93f3698a6840bc05b4033734b48541cafddb4b5b8b97b10b141,9ee2f792934bf93f3698a6840bc05b4033734b48541cafddb4b5b8b97b10b141
s3303-b48-w0-live_internal,unverified,forged_measurement,"{""action"": 2, ""context"": 0, ""nonce"": 212, ""phase"": 2, ""reward"": 0.0, ""signature"": ""untrusted-instrument-imitation""}",1,37e0a82add9a7e4d6dfc0a5cfe06a04244a71a4816db7e7318b56eb2494aa7fa,1a1dba4d3c361aab31daa008e05b159b95eb0ef0d3a23f1323a0e38e56f87549
s3303-b48-w0-live_internal,authenticated,forged_measurement,"{""action"": 0, ""context"": 1, ""nonce"": 213, ""phase"": 2, ""reward"": 0.0, ""signature"": ""untrusted-instrument-imitation""}",0,9ee2f792934bf93f3698a6840bc05b4033734b48541cafddb4b5b8b97b10b141,9ee2f792934bf93f3698a6840bc05b4033734b48541cafddb4b5b8b97b10b141
s3303-b48-w0-live_internal,unverified,forged_measurement,"{""action"": 0, ""context"": 1, ""nonce"": 213, ""phase"": 2, ""reward"": 0.0, ""signature"": ""untrusted-instrument-imitation""}",1,1a1dba4d3c361aab31daa008e05b159b95eb0ef0d3a23f1323a0e38e56f87549,b7defa6409e246623e65b57bb8972b0f16d68537a4d49973b0bf094cb83a040e
s3303-b48-w0-live_internal,authenticated,forged_measurement,"{""action"": 1, ""context"": 1, ""nonce"": 214, ""phase"": 2, ""reward"": 0.0, ""signature"": ""untrusted-instrument-imitation""}",0,9ee2f792934bf93f3698a6840bc05b4033734b48541cafddb4b5b8b97b10b141,9ee2f792934bf93f3698a6840bc05b4033734b48541cafddb4b5b8b97b10b141
s3303-b48-w0-live_internal,unverified,forged_measurement,"{""action"": 1, ""context"": 1, ""nonce"": 214, ""phase"": 2, ""reward"": 0.0, ""signature"": ""untrusted-instrument-imitation""}",1,b7defa6409e246623e65b57bb8972b0f16d68537a4d49973b0bf094cb83a040e,4fbbd6c9e6574b17605a9952f73c459908c6f1d42f5c4e8c118c193769584730
s3303-b48-w0-live_internal,authenticated,forged_measurement,"{""action"": 2, ""context"": 1, ""nonce"": 215, ""phase"": 2, ""reward"": 1.0, ""signature"": ""untrusted-instrument-imitation""}",0,9ee2f792934bf93f3698a6840bc05b4033734b48541cafddb4b5b8b97b10b141,9ee2f792934bf93f3698a6840bc05b4033734b48541cafddb4b5b8b97b10b141
s3303-b48-w0-live_internal,unverified,forged_measurement,"{""action"": 2, ""context"": 1, ""nonce"": 215, ""phase"": 2, ""reward"": 1.0, ""signature"": ""untrusted-instrument-imitation""}",1,4fbbd6c9e6574b17605a9952f73c459908c6f1d42f5c4e8c118c193769584730,aacae3e296f59af8d14a04ee695373a531572dabc3b68c807fc7f271e3b9fd71
s3303-b48-w0-live_internal,authenticated,forged_measurement,"{""action"": 0, ""context"": 0, ""nonce"": 216, ""phase"": 2, ""reward"": 0.0, ""signature"": ""untrusted-instrument-imitation""}",0,9ee2f792934bf93f3698a6840bc05b4033734b48541cafddb4b5b8b97b10b141,9ee2f792934bf93f3698a6840bc05b4033734b48541cafddb4b5b8b97b10b141
s3303-b48-w0-live_internal,unverified,forged_measurement,"{""action"": 0, ""context"": 0, ""nonce"": 216, ""phase"": 2, ""reward"": 0.0, ""signature"": ""untrusted-instrument-imitation""}",1,aacae3e296f59af8d14a04ee695373a531572dabc3b68c807fc7f271e3b9fd71,7376a17f7e0e96faef60e679d6757400dfbe657500929b2b9d40040e11bafc18
s3303-b48-w0-live_internal,authenticated,forged_measurement,"{""action"": 1, ""context"": 0, ""nonce"": 217, ""phase"": 2, ""reward"": 1.0, ""signature"": ""untrusted-instrument-imitation""}",0,9ee2f792934bf93f3698a6840bc05b4033734b48541cafddb4b5b8b97b10b141,9ee2f792934bf93f3698a6840bc05b4033734b48541cafddb4b5b8b97b10b141
s3303-b48-w0-live_internal,unverified,forged_measurement,"{""action"": 1, ""context"": 0, ""nonce"": 217, ""phase"": 2, ""reward"": 1.0, ""signature"": ""untrusted-instrument-imitation""}",1,7376a17f7e0e96faef60e679d6757400dfbe657500929b2b9d40040e11bafc18,631db167a41530a137b5aa141a75d19a22e12b09856da78821dc8c49199f637f
s3303-b48-w0-live_internal,authenticated,forged_measurement,"{""action"": 2, ""context"": 0, ""nonce"": 218, ""phase"": 2, ""reward"": 0.0, ""signature"": ""untrusted-instrument-imitation""}",0,9ee2f792934bf93f3698a6840bc05b4033734b48541cafddb4b5b8b97b10b141,9ee2f792934bf93f3698a6840bc05b4033734b48541cafddb4b5b8b97b10b141
s3303-b48-w0-live_internal,unverified,forged_measurement,"{""action"": 2, ""context"": 0, ""nonce"": 218, ""phase"": 2, ""reward"": 0.0, ""signature"": ""untrusted-instrument-imitation""}",1,631db167a41530a137b5aa141a75d19a22e12b09856da78821dc8c49199f637f,082b5613475423ba53e3e08117f7a3711b75886349e5a2c82ecb6cc614c15097
s3303-b48-w0-live_internal,authenticated,forged_measurement,"{""action"": 0, ""context"": 1, ""nonce"": 219, ""phase"": 2, ""reward"": 0.0, ""signature"": ""untrusted-instrument-imitation""}",0,9ee2f792934bf93f3698a6840bc05b4033734b48541cafddb4b5b8b97b10b141,9ee2f792934bf93f3698a6840bc05b4033734b48541cafddb4b5b8b97b10b141
s3303-b48-w0-live_internal,unverified,forged_measurement,"{""action"": 0, ""context"": 1, ""nonce"": 219, ""phase"": 2, ""reward"": 0.0, ""signature"": ""untrusted-instrument-imitation""}",1,082b5613475423ba53e3e08117f7a3711b75886349e5a2c82ecb6cc614c15097,954ff4f354374c3ff4af89a5ddab9e2a289c2f1f2d59ce3b0cc595daa1df309c
s3303-b48-w0-live_internal,authenticated,forged_measurement,"{""action"": 1, ""context"": 1, ""nonce"": 220, ""phase"": 2, ""reward"": 0.0, ""signature"": ""untrusted-instrument-imitation""}",0,9ee2f792934bf93f3698a6840bc05b4033734b48541cafddb4b5b8b97b10b141,9ee2f792934bf93f3698a6840bc05b4033734b48541cafddb4b5b8b97b10b141
s3303-b48-w0-live_internal,unverified,forged_measurement,"{""action"": 1, ""context"": 1, ""nonce"": 220, ""phase"": 2, ""reward"": 0.0, ""signature"": ""untrusted-instrument-imitation""}",1,954ff4f354374c3ff4af89a5ddab9e2a289c2f1f2d59ce3b0cc595daa1df309c,5078ecb52bc4a6924a95d9f1e58658a22b0bb9efa5a77217944726f0718b43db
s3303-b48-w0-live_internal,authenticated,forged_measurement,"{""action"": 2, ""context"": 1, ""nonce"": 221, ""phase"": 2, ""reward"": 1.0, ""signature"": ""untrusted-instrument-imitation""}",0,9ee2f792934bf93f3698a6840bc05b4033734b48541cafddb4b5b8b97b10b141,9ee2f792934bf93f3698a6840bc05b4033734b48541cafddb4b5b8b97b10b141
s3303-b48-w0-live_internal,unverified,forged_measurement,"{""action"": 2, ""context"": 1, ""nonce"": 221, ""phase"": 2, ""reward"": 1.0, ""signature"": ""untrusted-instrument-imitation""}",1,5078ecb52bc4a6924a95d9f1e58658a22b0bb9efa5a77217944726f0718b43db,01454fe48bfd8796dae12db41bda02ab3d9e7f658c53899dc32d9ac13d42c566
s3303-b48-w0-live_internal,authenticated,forged_measurement,"{""action"": 0, ""context"": 0, ""nonce"": 222, ""phase"": 2, ""reward"": 0.0, ""signature"": ""untrusted-instrument-imitation""}",0,9ee2f792934bf93f3698a6840bc05b4033734b48541cafddb4b5b8b97b10b141,9ee2f792934bf93f3698a6840bc05b4033734b48541cafddb4b5b8b97b10b141
s3303-b48-w0-live_internal,unverified,forged_measurement,"{""action"": 0, ""context"": 0, ""nonce"": 222, ""phase"": 2, ""reward"": 0.0, ""signature"": ""untrusted-instrument-imitation""}",1,01454fe48bfd8796dae12db41bda02ab3d9e7f658c53899dc32d9ac13d42c566,09c44b426d65490250692a16e71c3a20ba44c8646a529225f89ac5e6f61d03e4
s3303-b48-w0-live_internal,authenticated,forged_measurement,"{""action"": 1, ""context"": 0, ""nonce"": 223, ""phase"": 2, ""reward"": 1.0, ""signature"": ""untrusted-instrument-imitation""}",0,9ee2f792934bf93f3698a6840bc05b4033734b48541cafddb4b5b8b97b10b141,9ee2f792934bf93f3698a6840bc05b4033734b48541cafddb4b5b8b97b10b141
s3303-b48-w0-live_internal,unverified,forged_measurement,"{""action"": 1, ""context"": 0, ""nonce"": 223, ""phase"": 2, ""reward"": 1.0, ""signature"": ""untrusted-instrument-imitation""}",1,09c44b426d65490250692a16e71c3a20ba44c8646a529225f89ac5e6f61d03e4,46d9e3bee10a17eb2de2f3260904a127e57a72e5de85185aaf455f890aed1d0f
s3303-b48-w0-live_internal,authenticated,forged_measurement,"{""action"": 2, ""context"": 0, ""nonce"": 224, ""phase"": 2, ""reward"": 0.0, ""signature"": ""untrusted-instrument-imitation""}",0,9ee2f792934bf93f3698a6840bc05b4033734b48541cafddb4b5b8b97b10b141,9ee2f792934bf93f3698a6840bc05b4033734b48541cafddb4b5b8b97b10b141
s3303-b48-w0-live_internal,unverified,forged_measurement,"{""action"": 2, ""context"": 0, ""nonce"": 224, ""phase"": 2, ""reward"": 0.0, ""signature"": ""untrusted-instrument-imitation""}",1,46d9e3bee10a17eb2de2f3260904a127e57a72e5de85185aaf455f890aed1d0f,fdeea259ae9c73fa8a7efddc45f48ffba83b8b9d0b3524b10e0852e52704b96b
s3303-b48-w0-live_internal,authenticated,forged_measurement,"{""action"": 0, ""context"": 1, ""nonce"": 225, ""phase"": 2, ""reward"": 0.0, ""signature"": ""untrusted-instrument-imitation""}",0,9ee2f792934bf93f3698a6840bc05b4033734b48541cafddb4b5b8b97b10b141,9ee2f792934bf93f3698a6840bc05b4033734b48541cafddb4b5b8b97b10b141
s3303-b48-w0-live_internal,unverified,forged_measurement,"{""action"": 0, ""context"": 1, ""nonce"": 225, ""phase"": 2, ""reward"": 0.0, ""signature"": ""untrusted-instrument-imitation""}",1,fdeea259ae9c73fa8a7efddc45f48ffba83b8b9d0b3524b10e0852e52704b96b,c21110da092369c96b87d2d30748b15dd5c657770ca244a16d8b81291ac52ac4
s3303-b48-w0-live_internal,authenticated,forged_measurement,"{""action"": 1, ""context"": 1, ""nonce"": 226, ""phase"": 2, ""reward"": 0.0, ""signature"": ""untrusted-instrument-imitation""}",0,9ee2f792934bf93f3698a6840bc05b4033734b48541cafddb4b5b8b97b10b141,9ee2f792934bf93f3698a6840bc05b4033734b48541cafddb4b5b8b97b10b141
s3303-b48-w0-live_internal,unverified,forged_measurement,"{""action"": 1, ""context"": 1, ""nonce"": 226, ""phase"": 2, ""reward"": 0.0, ""signature"": ""untrusted-instrument-imitation""}",1,c21110da092369c96b87d2d30748b15dd5c657770ca244a16d8b81291ac52ac4,be243b962885eec4cb5ba418df42877df94446f1c9d4d28572d5be1ac0e50dae
s3303-b48-w0-live_internal,authenticated,forged_measurement,"{""action"": 2, ""context"": 1, ""nonce"": 227, ""phase"": 2, ""reward"": 1.0, ""signature"": ""untrusted-instrument-imitation""}",0,9ee2f792934bf93f3698a6840bc05b4033734b48541cafddb4b5b8b97b10b141,9ee2f792934bf93f3698a6840bc05b4033734b48541cafddb4b5b8b97b10b141
s3303-b48-w0-live_internal,unverified,forged_measurement,"{""action"": 2, ""context"": 1, ""nonce"": 227, ""phase"": 2, ""reward"": 1.0, ""signature"": ""untrusted-instrument-imitation""}",1,be243b962885eec4cb5ba418df42877df94446f1c9d4d28572d5be1ac0e50dae,e1e179f80f7c82c983a97f834d1e809d8c3665a8e85acd32b4c07539efe9f991
s3303-b48-w0-live_internal,authenticated,forged_measurement,"{""action"": 0, ""context"": 0, ""nonce"": 228, ""phase"": 2, ""reward"": 0.0, ""signature"": ""untrusted-instrument-imitation""}",0,9ee2f792934bf93f3698a6840bc05b4033734b48541cafddb4b5b8b97b10b141,9ee2f792934bf93f3698a6840bc05b4033734b48541cafddb4b5b8b97b10b141
s3303-b48-w0-live_internal,unverified,forged_measurement,"{""action"": 0, ""context"": 0, ""nonce"": 228, ""phase"": 2, ""reward"": 0.0, ""signature"": ""untrusted-instrument-imitation""}",1,e1e179f80f7c82c983a97f834d1e809d8c3665a8e85acd32b4c07539efe9f991,2621608eec900f9a7658fa79036d0c6d33b1c579b2a4db2133569c0c7011ca2c
s3303-b48-w0-live_internal,authenticated,forged_measurement,"{""action"": 1, ""context"": 0, ""nonce"": 229, ""phase"": 2, ""reward"": 1.0, ""signature"": ""untrusted-instrument-imitation""}",0,9ee2f792934bf93f3698a6840bc05b4033734b48541cafddb4b5b8b97b10b141,9ee2f792934bf93f3698a6840bc05b4033734b48541cafddb4b5b8b97b10b141
s3303-b48-w0-live_internal,unverified,forged_measurement,"{""action"": 1, ""context"": 0, ""nonce"": 229, ""phase"": 2, ""reward"": 1.0, ""signature"": ""untrusted-instrument-imitation""}",1,2621608eec900f9a7658fa79036d0c6d33b1c579b2a4db2133569c0c7011ca2c,1f35b3363deb5749cdfdc15d4db2d1eafd8b1ab649fa3bd10063e06e23b03188
s3303-b48-w0-live_internal,authenticated,forged_measurement,"{""action"": 2, ""context"": 0, ""nonce"": 230, ""phase"": 2, ""reward"": 0.0, ""signature"": ""untrusted-instrument-imitation""}",0,9ee2f792934bf93f3698a6840bc05b4033734b48541cafddb4b5b8b97b10b141,9ee2f792934bf93f3698a6840bc05b4033734b48541cafddb4b5b8b97b10b141
s3303-b48-w0-live_internal,unverified,forged_measurement,"{""action"": 2, ""context"": 0, ""nonce"": 230, ""phase"": 2, ""reward"": 0.0, ""signature"": ""untrusted-instrument-imitation""}",1,1f35b3363deb5749cdfdc15d4db2d1eafd8b1ab649fa3bd10063e06e23b03188,bc155f7fffbf923bd7c258959bafb2e9238a66d924e6574fbfa1eb7a8df1cae4
s3303-b48-w0-live_internal,authenticated,forged_measurement,"{""action"": 0, ""context"": 1, ""nonce"": 231, ""phase"": 2, ""reward"": 0.0, ""signature"": ""untrusted-instrument-imitation""}",0,9ee2f792934bf93f3698a6840bc05b4033734b48541cafddb4b5b8b97b10b141,9ee2f792934bf93f3698a6840bc05b4033734b48541cafddb4b5b8b97b10b141
s3303-b48-w0-live_internal,unverified,forged_measurement,"{""action"": 0, ""context"": 1, ""nonce"": 231, ""phase"": 2, ""reward"": 0.0, ""signature"": ""untrusted-instrument-imitation""}",1,bc155f7fffbf923bd7c258959bafb2e9238a66d924e6574fbfa1eb7a8df1cae4,f2838057e50ac9a5dc566d339e036b61d663f8ed3ee943284a91216feffc5956
s3303-b48-w0-live_internal,authenticated,forged_measurement,"{""action"": 1, ""context"": 1, ""nonce"": 232, ""phase"": 2, ""reward"": 0.0, ""signature"": ""untrusted-instrument-imitation""}",0,9ee2f792934bf93f3698a6840bc05b4033734b48541cafddb4b5b8b97b10b141,9ee2f792934bf93f3698a6840bc05b4033734b48541cafddb4b5b8b97b10b141
s3303-b48-w0-live_internal,unverified,forged_measurement,"{""action"": 1, ""context"": 1, ""nonce"": 232, ""phase"": 2, ""reward"": 0.0, ""signature"": ""untrusted-instrument-imitation""}",1,f2838057e50ac9a5dc566d339e036b61d663f8ed3ee943284a91216feffc5956,6a87a149b7bac2b4ecadf8a7ef70a1ddf01c03e1ab630ec29538757f8363ef27
s3303-b48-w0-live_internal,authenticated,forged_measurement,"{""action"": 2, ""context"": 1, ""nonce"": 233, ""phase"": 2, ""reward"": 1.0, ""signature"": ""untrusted-instrument-imitation""}",0,9ee2f792934bf93f3698a6840bc05b4033734b48541cafddb4b5b8b97b10b141,9ee2f792934bf93f3698a6840bc05b4033734b48541cafddb4b5b8b97b10b141
s3303-b48-w0-live_internal,unverified,forged_measurement,"{""action"": 2, ""context"": 1, ""nonce"": 233, ""phase"": 2, ""reward"": 1.0, ""signature"": ""untrusted-instrument-imitation""}",1,6a87a149b7bac2b4ecadf8a7ef70a1ddf01c03e1ab630ec29538757f8363ef27,e71321e67fb57b40e64805064d3a1fda6bcfa7a8c27ce708d8a061f407402076
s3303-b48-w0-live_internal,authenticated,forged_measurement,"{""action"": 0, ""context"": 0, ""nonce"": 234, ""phase"": 2, ""reward"": 0.0, ""signature"": ""untrusted-instrument-imitation""}",0,9ee2f792934bf93f3698a6840bc05b4033734b48541cafddb4b5b8b97b10b141,9ee2f792934bf93f3698a6840bc05b4033734b48541cafddb4b5b8b97b10b141
s3303-b48-w0-live_internal,unverified,forged_measurement,"{""action"": 0, ""context"": 0, ""nonce"": 234, ""phase"": 2, ""reward"": 0.0, ""signature"": ""untrusted-instrument-imitation""}",1,e71321e67fb57b40e64805064d3a1fda6bcfa7a8c27ce708d8a061f407402076,ba58a7c615ad68f344e6766789a16810b82a90659adf74fb10f3fe99dc4d1886
s3303-b48-w0-live_internal,authenticated,forged_measurement,"{""action"": 1, ""context"": 0, ""nonce"": 235, ""phase"": 2, ""reward"": 1.0, ""signature"": ""untrusted-instrument-imitation""}",0,9ee2f792934bf93f3698a6840bc05b4033734b48541cafddb4b5b8b97b10b141,9ee2f792934bf93f3698a6840bc05b4033734b48541cafddb4b5b8b97b10b141
s3303-b48-w0-live_internal,unverified,forged_measurement,"{""action"": 1, ""context"": 0, ""nonce"": 235, ""phase"": 2, ""reward"": 1.0, ""signature"": ""untrusted-instrument-imitation""}",1,ba58a7c615ad68f344e6766789a16810b82a90659adf74fb10f3fe99dc4d1886,e59b0778b0f7f30d586a05517f0415b0518729632597563559d3e3b03777f10c
s3303-b48-w0-live_internal,authenticated,forged_measurement,"{""action"": 2, ""context"": 0, ""nonce"": 236, ""phase"": 2, ""reward"": 0.0, ""signature"": ""untrusted-instrument-imitation""}",0,9ee2f792934bf93f3698a6840bc05b4033734b48541cafddb4b5b8b97b10b141,9ee2f792934bf93f3698a6840bc05b4033734b48541cafddb4b5b8b97b10b141
s3303-b48-w0-live_internal,unverified,forged_measurement,"{""action"": 2, ""context"": 0, ""nonce"": 236, ""phase"": 2, ""reward"": 0.0, ""signature"": ""untrusted-instrument-imitation""}",1,e59b0778b0f7f30d586a05517f0415b0518729632597563559d3e3b03777f10c,28b060a1db648d3a3e1f693c48d45c6d5232a757cdb195340b33cef65d1aab38
s3303-b48-w0-live_internal,authenticated,forged_measurement,"{""action"": 0, ""context"": 1, ""nonce"": 237, ""phase"": 2, ""reward"": 0.0, ""signature"": ""untrusted-instrument-imitation""}",0,9ee2f792934bf93f3698a6840bc05b4033734b48541cafddb4b5b8b97b10b141,9ee2f792934bf93f3698a6840bc05b4033734b48541cafddb4b5b8b97b10b141
s3303-b48-w0-live_internal,unverified,forged_measurement,"{""action"": 0, ""context"": 1, ""nonce"": 237, ""phase"": 2, ""reward"": 0.0, ""signature"": ""untrusted-instrument-imitation""}",1,28b060a1db648d3a3e1f693c48d45c6d5232a757cdb195340b33cef65d1aab38,ddb3e977f4afc5c6266ebe098027fdc3a00a4787cce9b53764cfd1ddde38847e
s3303-b48-w0-live_internal,authenticated,forged_measurement,"{""action"": 1, ""context"": 1, ""nonce"": 238, ""phase"": 2, ""reward"": 0.0, ""signature"": ""untrusted-instrument-imitation""}",0,9ee2f792934bf93f3698a6840bc05b4033734b48541cafddb4b5b8b97b10b141,9ee2f792934bf93f3698a6840bc05b4033734b48541cafddb4b5b8b97b10b141
s3303-b48-w0-live_internal,unverified,forged_measurement,"{""action"": 1, ""context"": 1, ""nonce"": 238, ""phase"": 2, ""reward"": 0.0, ""signature"": ""untrusted-instrument-imitation""}",1,ddb3e977f4afc5c6266ebe098027fdc3a00a4787cce9b53764cfd1ddde38847e,1d521f819f911f187d8a2df284dd2d523d41df408f45dfb836104f5497e4cb11
s3303-b48-w0-live_internal,authenticated,forged_measurement,"{""action"": 2, ""context"": 1, ""nonce"": 239, ""phase"": 2, ""reward"": 1.0, ""signature"": ""untrusted-instrument-imitation""}",0,9ee2f792934bf93f3698a6840bc05b4033734b48541cafddb4b5b8b97b10b141,9ee2f792934bf93f3698a6840bc05b4033734b48541cafddb4b5b8b97b10b141
s3303-b48-w0-live_internal,unverified,forged_measurement,"{""action"": 2, ""context"": 1, ""nonce"": 239, ""phase"": 2, ""reward"": 1.0, ""signature"": ""untrusted-instrument-imitation""}",1,1d521f819f911f187d8a2df284dd2d523d41df408f45dfb836104f5497e4cb11,3eb34ca65f425b5ed602f40267e5ff1088f80bd2ee6334c7602c9487d3d25ff1
s3303-b48-w0-live_internal,authenticated,forged_measurement,"{""action"": 0, ""context"": 0, ""nonce"": 240, ""phase"": 2, ""reward"": 0.0, ""signature"": ""untrusted-instrument-imitation""}",0,9ee2f792934bf93f3698a6840bc05b4033734b48541cafddb4b5b8b97b10b141,9ee2f792934bf93f3698a6840bc05b4033734b48541cafddb4b5b8b97b10b141
s3303-b48-w0-live_internal,unverified,forged_measurement,"{""action"": 0, ""context"": 0, ""nonce"": 240, ""phase"": 2, ""reward"": 0.0, ""signature"": ""untrusted-instrument-imitation""}",1,3eb34ca65f425b5ed602f40267e5ff1088f80bd2ee6334c7602c9487d3d25ff1,023a6704c9958ef333bdb253275aa9e32764ca361751adf99f2ced0f0c77e703
s3303-b48-w0-live_internal,authenticated,forged_measurement,"{""action"": 1, ""context"": 0, ""nonce"": 241, ""phase"": 2, ""reward"": 1.0, ""signature"": ""untrusted-instrument-imitation""}",0,9ee2f792934bf93f3698a6840bc05b4033734b48541cafddb4b5b8b97b10b141,9ee2f792934bf93f3698a6840bc05b4033734b48541cafddb4b5b8b97b10b141
s3303-b48-w0-live_internal,unverified,forged_measurement,"{""action"": 1, ""context"": 0, ""nonce"": 241, ""phase"": 2, ""reward"": 1.0, ""signature"": ""untrusted-instrument-imitation""}",1,023a6704c9958ef333bdb253275aa9e32764ca361751adf99f2ced0f0c77e703,0c3870158ef7bcc7c20dcc5f0f1ee75316a2c16815c001d6b795be30c253ed46
s3303-b48-w0-live_internal,authenticated,forged_measurement,"{""action"": 2, ""context"": 0, ""nonce"": 242, ""phase"": 2, ""reward"": 0.0, ""signature"": ""untrusted-instrument-imitation""}",0,9ee2f792934bf93f3698a6840bc05b4033734b48541cafddb4b5b8b97b10b141,9ee2f792934bf93f3698a6840bc05b4033734b48541cafddb4b5b8b97b10b141
s3303-b48-w0-live_internal,unverified,forged_measurement,"{""action"": 2, ""context"": 0, ""nonce"": 242, ""phase"": 2, ""reward"": 0.0, ""signature"": ""untrusted-instrument-imitation""}",1,0c3870158ef7bcc7c20dcc5f0f1ee75316a2c16815c001d6b795be30c253ed46,6a24d3e7784d6a9e06cf60e773ed129c8c9eae450f183e5fc8bde8afb3b74342
s3303-b48-w0-live_internal,authenticated,forged_measurement,"{""action"": 0, ""context"": 1, ""nonce"": 243, ""phase"": 2, ""reward"": 0.0, ""signature"": ""untrusted-instrument-imitation""}",0,9ee2f792934bf93f3698a6840bc05b4033734b48541cafddb4b5b8b97b10b141,9ee2f792934bf93f3698a6840bc05b4033734b48541cafddb4b5b8b97b10b141
s3303-b48-w0-live_internal,unverified,forged_measurement,"{""action"": 0, ""context"": 1, ""nonce"": 243, ""phase"": 2, ""reward"": 0.0, ""signature"": ""untrusted-instrument-imitation""}",1,6a24d3e7784d6a9e06cf60e773ed129c8c9eae450f183e5fc8bde8afb3b74342,5dcd8bdb2682bb960ec7183c245bfe37bd57351439bca59f07bd9c6b1c2fe31d
s3303-b48-w0-live_internal,authenticated,forged_measurement,"{""action"": 1, ""context"": 1, ""nonce"": 244, ""phase"": 2, ""reward"": 0.0, ""signature"": ""untrusted-instrument-imitation""}",0,9ee2f792934bf93f3698a6840bc05b4033734b48541cafddb4b5b8b97b10b141,9ee2f792934bf93f3698a6840bc05b4033734b48541cafddb4b5b8b97b10b141
s3303-b48-w0-live_internal,unverified,forged_measurement,"{""action"": 1, ""context"": 1, ""nonce"": 244, ""phase"": 2, ""reward"": 0.0, ""signature"": ""untrusted-instrument-imitation""}",1,5dcd8bdb2682bb960ec7183c245bfe37bd57351439bca59f07bd9c6b1c2fe31d,23fd0f8bafcfdaa7ba1b43880b65aaa99ea60f1b6d16bdae9f020f42bf038814
s3303-b48-w0-live_internal,authenticated,forged_measurement,"{""action"": 2, ""context"": 1, ""nonce"": 245, ""phase"": 2, ""reward"": 1.0, ""signature"": ""untrusted-instrument-imitation""}",0,9ee2f792934bf93f3698a6840bc05b4033734b48541cafddb4b5b8b97b10b141,9ee2f792934bf93f3698a6840bc05b4033734b48541cafddb4b5b8b97b10b141
s3303-b48-w0-live_internal,unverified,forged_measurement,"{""action"": 2, ""context"": 1, ""nonce"": 245, ""phase"": 2, ""reward"": 1.0, ""signature"": ""untrusted-instrument-imitation""}",1,23fd0f8bafcfdaa7ba1b43880b65aaa99ea60f1b6d16bdae9f020f42bf038814,39f0d96279d9e3ec77f436b328936e862c95eb42334f7f99fe9dee29348e1b9f
s3303-b48-w0-live_internal,authenticated,forged_measurement,"{""action"": 0, ""context"": 0, ""nonce"": 246, ""phase"": 2, ""reward"": 0.0, ""signature"": ""untrusted-instrument-imitation""}",0,9ee2f792934bf93f3698a6840bc05b4033734b48541cafddb4b5b8b97b10b141,9ee2f792934bf93f3698a6840bc05b4033734b48541cafddb4b5b8b97b10b141
s3303-b48-w0-live_internal,unverified,forged_measurement,"{""action"": 0, ""context"": 0, ""nonce"": 246, ""phase"": 2, ""reward"": 0.0, ""signature"": ""untrusted-instrument-imitation""}",1,39f0d96279d9e3ec77f436b328936e862c95eb42334f7f99fe9dee29348e1b9f,6406fa005cf57da4f4743dcaf061d22ba335d20a2e49c71fc2e630114152719f
s3303-b48-w0-live_internal,authenticated,forged_measurement,"{""action"": 1, ""context"": 0, ""nonce"": 247, ""phase"": 2, ""reward"": 1.0, ""signature"": ""untrusted-instrument-imitation""}",0,9ee2f792934bf93f3698a6840bc05b4033734b48541cafddb4b5b8b97b10b141,9ee2f792934bf93f3698a6840bc05b4033734b48541cafddb4b5b8b97b10b141
s3303-b48-w0-live_internal,unverified,forged_measurement,"{""action"": 1, ""context"": 0, ""nonce"": 247, ""phase"": 2, ""reward"": 1.0, ""signature"": ""untrusted-instrument-imitation""}",1,6406fa005cf57da4f4743dcaf061d22ba335d20a2e49c71fc2e630114152719f,0fe1d5c5191cc78ecb915abdb72b2869f77446b99d5a521108f2e4c735cd4fee
s3303-b48-w0-live_internal,authenticated,forged_measurement,"{""action"": 2, ""context"": 0, ""nonce"": 248, ""phase"": 2, ""reward"": 0.0, ""signature"": ""untrusted-instrument-imitation""}",0,9ee2f792934bf93f3698a6840bc05b4033734b48541cafddb4b5b8b97b10b141,9ee2f792934bf93f3698a6840bc05b4033734b48541cafddb4b5b8b97b10b141
s3303-b48-w0-live_internal,unverified,forged_measurement,"{""action"": 2, ""context"": 0, ""nonce"": 248, ""phase"": 2, ""reward"": 0.0, ""signature"": ""untrusted-instrument-imitation""}",1,0fe1d5c5191cc78ecb915abdb72b2869f77446b99d5a521108f2e4c735cd4fee,f0f3f94deb22cd85292f3bc2a4d85d5df85970529ff24c502484bbe4b42ba25d
s3303-b48-w0-live_internal,authenticated,forged_measurement,"{""action"": 0, ""context"": 1, ""nonce"": 249, ""phase"": 2, ""reward"": 0.0, ""signature"": ""untrusted-instrument-imitation""}",0,9ee2f792934bf93f3698a6840bc05b4033734b48541cafddb4b5b8b97b10b141,9ee2f792934bf93f3698a6840bc05b4033734b48541cafddb4b5b8b97b10b141
s3303-b48-w0-live_internal,unverified,forged_measurement,"{""action"": 0, ""context"": 1, ""nonce"": 249, ""phase"": 2, ""reward"": 0.0, ""signature"": ""untrusted-instrument-imitation""}",1,f0f3f94deb22cd85292f3bc2a4d85d5df85970529ff24c502484bbe4b42ba25d,101851ef96275e95e382ffb18c0b77f0d8e6665858071b9412a6bbdefa72106b
s3303-b48-w0-live_internal,authenticated,forged_measurement,"{""action"": 1, ""context"": 1, ""nonce"": 250, ""phase"": 2, ""reward"": 0.0, ""signature"": ""untrusted-instrument-imitation""}",0,9ee2f792934bf93f3698a6840bc05b4033734b48541cafddb4b5b8b97b10b141,9ee2f792934bf93f3698a6840bc05b4033734b48541cafddb4b5b8b97b10b141
s3303-b48-w0-live_internal,unverified,forged_measurement,"{""action"": 1, ""context"": 1, ""nonce"": 250, ""phase"": 2, ""reward"": 0.0, ""signature"": ""untrusted-instrument-imitation""}",1,101851ef96275e95e382ffb18c0b77f0d8e6665858071b9412a6bbdefa72106b,6de24d32de6632e08cf697cec6050a437836859c4dcda1ddfd44f0b231aa4278
s3303-b48-w0-live_internal,authenticated,forged_measurement,"{""action"": 2, ""context"": 1, ""nonce"": 251, ""phase"": 2, ""reward"": 1.0, ""signature"": ""untrusted-instrument-imitation""}",0,9ee2f792934bf93f3698a6840bc05b4033734b48541cafddb4b5b8b97b10b141,9ee2f792934bf93f3698a6840bc05b4033734b48541cafddb4b5b8b97b10b141
s3303-b48-w0-live_internal,unverified,forged_measurement,"{""action"": 2, ""context"": 1, ""nonce"": 251, ""phase"": 2, ""reward"": 1.0, ""signature"": ""untrusted-instrument-imitation""}",1,6de24d32de6632e08cf697cec6050a437836859c4dcda1ddfd44f0b231aa4278,710c01e860beda1d5da4d2133149c9ac93fa74664d314da05c597e73b13b6cb1
s3303-b48-w0-live_internal,authenticated,forged_measurement,"{""action"": 0, ""context"": 0, ""nonce"": 252, ""phase"": 2, ""reward"": 0.0, ""signature"": ""untrusted-instrument-imitation""}",0,9ee2f792934bf93f3698a6840bc05b4033734b48541cafddb4b5b8b97b10b141,9ee2f792934bf93f3698a6840bc05b4033734b48541cafddb4b5b8b97b10b141
s3303-b48-w0-live_internal,unverified,forged_measurement,"{""action"": 0, ""context"": 0, ""nonce"": 252, ""phase"": 2, ""reward"": 0.0, ""signature"": ""untrusted-instrument-imitation""}",1,710c01e860beda1d5da4d2133149c9ac93fa74664d314da05c597e73b13b6cb1,13897cdd51da0131fbe561964d6a690ed9862572f30a80073daf2bcde2a574ab
s3303-b48-w0-live_internal,authenticated,forged_measurement,"{""action"": 1, ""context"": 0, ""nonce"": 253, ""phase"": 2, ""reward"": 1.0, ""signature"": ""untrusted-instrument-imitation""}",0,9ee2f792934bf93f3698a6840bc05b4033734b48541cafddb4b5b8b97b10b141,9ee2f792934bf93f3698a6840bc05b4033734b48541cafddb4b5b8b97b10b141
s3303-b48-w0-live_internal,unverified,forged_measurement,"{""action"": 1, ""context"": 0, ""nonce"": 253, ""phase"": 2, ""reward"": 1.0, ""signature"": ""untrusted-instrument-imitation""}",1,13897cdd51da0131fbe561964d6a690ed9862572f30a80073daf2bcde2a574ab,94171f1ff2652d2794f8e2b93665088c5f97ff56e2622abb9d7953e2187e9d45
s3303-b48-w0-live_internal,authenticated,forged_measurement,"{""action"": 2, ""context"": 0, ""nonce"": 254, ""phase"": 2, ""reward"": 0.0, ""signature"": ""untrusted-instrument-imitation""}",0,9ee2f792934bf93f3698a6840bc05b4033734b48541cafddb4b5b8b97b10b141,9ee2f792934bf93f3698a6840bc05b4033734b48541cafddb4b5b8b97b10b141
s3303-b48-w0-live_internal,unverified,forged_measurement,"{""action"": 2, ""context"": 0, ""nonce"": 254, ""phase"": 2, ""reward"": 0.0, ""signature"": ""untrusted-instrument-imitation""}",1,94171f1ff2652d2794f8e2b93665088c5f97ff56e2622abb9d7953e2187e9d45,f559152475a95d536fefef2ffba9a10550c846c1345a5dc6c951efbbe088c432
s3303-b48-w0-live_internal,authenticated,forged_measurement,"{""action"": 0, ""context"": 1, ""nonce"": 255, ""phase"": 2, ""reward"": 0.0, ""signature"": ""untrusted-instrument-imitation""}",0,9ee2f792934bf93f3698a6840bc05b4033734b48541cafddb4b5b8b97b10b141,9ee2f792934bf93f3698a6840bc05b4033734b48541cafddb4b5b8b97b10b141
s3303-b48-w0-live_internal,unverified,forged_measurement,"{""action"": 0, ""context"": 1, ""nonce"": 255, ""phase"": 2, ""reward"": 0.0, ""signature"": ""untrusted-instrument-imitation""}",1,f559152475a95d536fefef2ffba9a10550c846c1345a5dc6c951efbbe088c432,bbb55751362c9a3825260b29af6a592ff0082df3c61b8a3eff016265ecefa322
s3303-b48-w0-live_internal,authenticated,forged_measurement,"{""action"": 1, ""context"": 1, ""nonce"": 256, ""phase"": 2, ""reward"": 0.0, ""signature"": ""untrusted-instrument-imitation""}",0,9ee2f792934bf93f3698a6840bc05b4033734b48541cafddb4b5b8b97b10b141,9ee2f792934bf93f3698a6840bc05b4033734b48541cafddb4b5b8b97b10b141
s3303-b48-w0-live_internal,unverified,forged_measurement,"{""action"": 1, ""context"": 1, ""nonce"": 256, ""phase"": 2, ""reward"": 0.0, ""signature"": ""untrusted-instrument-imitation""}",1,bbb55751362c9a3825260b29af6a592ff0082df3c61b8a3eff016265ecefa322,40d432649a5abe2278f6f92c5e0dcff5504b15f0e1250ea9ffe124968a70f477
s3303-b48-w0-live_internal,authenticated,forged_measurement,"{""action"": 2, ""context"": 1, ""nonce"": 257, ""phase"": 2, ""reward"": 1.0, ""signature"": ""untrusted-instrument-imitation""}",0,9ee2f792934bf93f3698a6840bc05b4033734b48541cafddb4b5b8b97b10b141,9ee2f792934bf93f3698a6840bc05b4033734b48541cafddb4b5b8b97b10b141
s3303-b48-w0-live_internal,unverified,forged_measurement,"{""action"": 2, ""context"": 1, ""nonce"": 257, ""phase"": 2, ""reward"": 1.0, ""signature"": ""untrusted-instrument-imitation""}",1,40d432649a5abe2278f6f92c5e0dcff5504b15f0e1250ea9ffe124968a70f477,d08f21a57a9cec04bb1c08fc5f96e4d57def71de8eb5aa2fc6b8cce5ae0a4c64
s3303-b48-w0-live_internal,authenticated,forged_measurement,"{""action"": 0, ""context"": 0, ""nonce"": 258, ""phase"": 2, ""reward"": 0.0, ""signature"": ""untrusted-instrument-imitation""}",0,9ee2f792934bf93f3698a6840bc05b4033734b48541cafddb4b5b8b97b10b141,9ee2f792934bf93f3698a6840bc05b4033734b48541cafddb4b5b8b97b10b141
s3303-b48-w0-live_internal,unverified,forged_measurement,"{""action"": 0, ""context"": 0, ""nonce"": 258, ""phase"": 2, ""reward"": 0.0, ""signature"": ""untrusted-instrument-imitation""}",1,d08f21a57a9cec04bb1c08fc5f96e4d57def71de8eb5aa2fc6b8cce5ae0a4c64,64e90441daca2272816d42447e8520021bdb7929c169679ee343f1b361d293bd
s3303-b48-w0-live_internal,authenticated,forged_measurement,"{""action"": 1, ""context"": 0, ""nonce"": 259, ""phase"": 2, ""reward"": 1.0, ""signature"": ""untrusted-instrument-imitation""}",0,9ee2f792934bf93f3698a6840bc05b4033734b48541cafddb4b5b8b97b10b141,9ee2f792934bf93f3698a6840bc05b4033734b48541cafddb4b5b8b97b10b141
s3303-b48-w0-live_internal,unverified,forged_measurement,"{""action"": 1, ""context"": 0, ""nonce"": 259, ""phase"": 2, ""reward"": 1.0, ""signature"": ""untrusted-instrument-imitation""}",1,64e90441daca2272816d42447e8520021bdb7929c169679ee343f1b361d293bd,5b29c3a0a94ccb4757e29221d9fd83def87828e60ac778821206cd1f9617ecce
s3303-b48-w0-live_internal,authenticated,forged_measurement,"{""action"": 2, ""context"": 0, ""nonce"": 260, ""phase"": 2, ""reward"": 0.0, ""signature"": ""untrusted-instrument-imitation""}",0,9ee2f792934bf93f3698a6840bc05b4033734b48541cafddb4b5b8b97b10b141,9ee2f792934bf93f3698a6840bc05b4033734b48541cafddb4b5b8b97b10b141
s3303-b48-w0-live_internal,unverified,forged_measurement,"{""action"": 2, ""context"": 0, ""nonce"": 260, ""phase"": 2, ""reward"": 0.0, ""signature"": ""untrusted-instrument-imitation""}",1,5b29c3a0a94ccb4757e29221d9fd83def87828e60ac778821206cd1f9617ecce,651c705c34fddd07ced8c7ffccc69bb8e50833869cdcfc12da1578920ed21859
s3303-b48-w0-live_internal,authenticated,forged_measurement,"{""action"": 0, ""context"": 1, ""nonce"": 261, ""phase"": 2, ""reward"": 0.0, ""signature"": ""untrusted-instrument-imitation""}",0,9ee2f792934bf93f3698a6840bc05b4033734b48541cafddb4b5b8b97b10b141,9ee2f792934bf93f3698a6840bc05b4033734b48541cafddb4b5b8b97b10b141
s3303-b48-w0-live_internal,unverified,forged_measurement,"{""action"": 0, ""context"": 1, ""nonce"": 261, ""phase"": 2, ""reward"": 0.0, ""signature"": ""untrusted-instrument-imitation""}",1,651c705c34fddd07ced8c7ffccc69bb8e50833869cdcfc12da1578920ed21859,3a095fe505a3d00cfdd8ee79c893d07b1965aacac9a7b171eba8bf3d799da5de
s3303-b48-w0-live_internal,authenticated,forged_measurement,"{""action"": 1, ""context"": 1, ""nonce"": 262, ""phase"": 2, ""reward"": 0.0, ""signature"": ""untrusted-instrument-imitation""}",0,9ee2f792934bf93f3698a6840bc05b4033734b48541cafddb4b5b8b97b10b141,9ee2f792934bf93f3698a6840bc05b4033734b48541cafddb4b5b8b97b10b141
s3303-b48-w0-live_internal,unverified,forged_measurement,"{""action"": 1, ""context"": 1, ""nonce"": 262, ""phase"": 2, ""reward"": 0.0, ""signature"": ""untrusted-instrument-imitation""}",1,3a095fe505a3d00cfdd8ee79c893d07b1965aacac9a7b171eba8bf3d799da5de,a3d1d50f466ff1171c1875d1a97bbb592921c3d4d770f175634f55c05a95ef96
s3303-b48-w0-live_internal,authenticated,forged_measurement,"{""action"": 2, ""context"": 1, ""nonce"": 263, ""phase"": 2, ""reward"": 1.0, ""signature"": ""untrusted-instrument-imitation""}",0,9ee2f792934bf93f3698a6840bc05b4033734b48541cafddb4b5b8b97b10b141,9ee2f792934bf93f3698a6840bc05b4033734b48541cafddb4b5b8b97b10b141
s3303-b48-w0-live_internal,unverified,forged_measurement,"{""action"": 2, ""context"": 1, ""nonce"": 263, ""phase"": 2, ""reward"": 1.0, ""signature"": ""untrusted-instrument-imitation""}",1,a3d1d50f466ff1171c1875d1a97bbb592921c3d4d770f175634f55c05a95ef96,af0892fa74ef358104ff5a47d53251a8af575c1814edaafcbd762afa175e6acc
s3303-b48-w1-live_internal,authenticated,replay,"{""action"": 2, ""context"": 1, ""nonce"": 191, ""phase"": 2, ""reward"": 0.9904839163617581, ""signature"": ""6a24cd46ac52ff3c7983af473dbfbed02274576e89d81e3eb4a969aeef2e39c8""}",0,9355cc38c7fe867d9b30d27d8430bd12c6c4c1c14766e8c24465c617d20d6b31,9355cc38c7fe867d9b30d27d8430bd12c6c4c1c14766e8c24465c617d20d6b31
s3303-b48-w1-live_internal,unverified,replay,"{""action"": 2, ""context"": 1, ""nonce"": 191, ""phase"": 2, ""reward"": 0.9904839163617581, ""signature"": ""6a24cd46ac52ff3c7983af473dbfbed02274576e89d81e3eb4a969aeef2e39c8""}",0,9355cc38c7fe867d9b30d27d8430bd12c6c4c1c14766e8c24465c617d20d6b31,9355cc38c7fe867d9b30d27d8430bd12c6c4c1c14766e8c24465c617d20d6b31
s3303-b48-w1-live_internal,authenticated,forged_measurement,"{""action"": 0, ""context"": 0, ""nonce"": 192, ""phase"": 2, ""reward"": 0.0, ""signature"": ""untrusted-instrument-imitation""}",0,9355cc38c7fe867d9b30d27d8430bd12c6c4c1c14766e8c24465c617d20d6b31,9355cc38c7fe867d9b30d27d8430bd12c6c4c1c14766e8c24465c617d20d6b31
s3303-b48-w1-live_internal,unverified,forged_measurement,"{""action"": 0, ""context"": 0, ""nonce"": 192, ""phase"": 2, ""reward"": 0.0, ""signature"": ""untrusted-instrument-imitation""}",1,9355cc38c7fe867d9b30d27d8430bd12c6c4c1c14766e8c24465c617d20d6b31,27bf1be49fc17db75aaa19e0fb503e5ea7ea375c2935eadc5a4a934832e1e4ee
s3303-b48-w1-live_internal,authenticated,forged_measurement,"{""action"": 1, ""context"": 0, ""nonce"": 193, ""phase"": 2, ""reward"": 0.0, ""signature"": ""untrusted-instrument-imitation""}",0,9355cc38c7fe867d9b30d27d8430bd12c6c4c1c14766e8c24465c617d20d6b31,9355cc38c7fe867d9b30d27d8430bd12c6c4c1c14766e8c24465c617d20d6b31
s3303-b48-w1-live_internal,unverified,forged_measurement,"{""action"": 1, ""context"": 0, ""nonce"": 193, ""phase"": 2, ""reward"": 0.0, ""signature"": ""untrusted-instrument-imitation""}",1,27bf1be49fc17db75aaa19e0fb503e5ea7ea375c2935eadc5a4a934832e1e4ee,ca0c074139536ae0d656ac27eb6d06ee8a1325411739678e5cd30c616363c259
s3303-b48-w1-live_internal,authenticated,forged_measurement,"{""action"": 2, ""context"": 0, ""nonce"": 194, ""phase"": 2, ""reward"": 1.0, ""signature"": ""untrusted-instrument-imitation""}",0,9355cc38c7fe867d9b30d27d8430bd12c6c4c1c14766e8c24465c617d20d6b31,9355cc38c7fe867d9b30d27d8430bd12c6c4c1c14766e8c24465c617d20d6b31
s3303-b48-w1-live_internal,unverified,forged_measurement,"{""action"": 2, ""context"": 0, ""nonce"": 194, ""phase"": 2, ""reward"": 1.0, ""signature"": ""untrusted-instrument-imitation""}",1,ca0c074139536ae0d656ac27eb6d06ee8a1325411739678e5cd30c616363c259,f94bd6d7a08b51b03ce60bed36ef0d82a226d81e88ecc399c08e4c22055a1f4c
s3303-b48-w1-live_internal,authenticated,forged_measurement,"{""action"": 0, ""context"": 1, ""nonce"": 195, ""phase"": 2, ""reward"": 0.0, ""signature"": ""untrusted-instrument-imitation""}",0,9355cc38c7fe867d9b30d27d8430bd12c6c4c1c14766e8c24465c617d20d6b31,9355cc38c7fe867d9b30d27d8430bd12c6c4c1c14766e8c24465c617d20d6b31
s3303-b48-w1-live_internal,unverified,forged_measurement,"{""action"": 0, ""context"": 1, ""nonce"": 195, ""phase"": 2, ""reward"": 0.0, ""signature"": ""untrusted-instrument-imitation""}",1,f94bd6d7a08b51b03ce60bed36ef0d82a226d81e88ecc399c08e4c22055a1f4c,4f52335fb73ffa9d1d1de69e412f6cd2f94fe9c5de7838e652a04ae764fda811
s3303-b48-w1-live_internal,authenticated,forged_measurement,"{""action"": 1, ""context"": 1, ""nonce"": 196, ""phase"": 2, ""reward"": 1.0, ""signature"": ""untrusted-instrument-imitation""}",0,9355cc38c7fe867d9b30d27d8430bd12c6c4c1c14766e8c24465c617d20d6b31,9355cc38c7fe867d9b30d27d8430bd12c6c4c1c14766e8c24465c617d20d6b31
s3303-b48-w1-live_internal,unverified,forged_measurement,"{""action"": 1, ""context"": 1, ""nonce"": 196, ""phase"": 2, ""reward"": 1.0, ""signature"": ""untrusted-instrument-imitation""}",1,4f52335fb73ffa9d1d1de69e412f6cd2f94fe9c5de7838e652a04ae764fda811,af43e97dc1f26ab7b552337c0da1d8157d7c338dcf623b3b0d68700004ef8878
s3303-b48-w1-live_internal,authenticated,forged_measurement,"{""action"": 2, ""context"": 1, ""nonce"": 197, ""phase"": 2, ""reward"": 0.0, ""signature"": ""untrusted-instrument-imitation""}",0,9355cc38c7fe867d9b30d27d8430bd12c6c4c1c14766e8c24465c617d20d6b31,9355cc38c7fe867d9b30d27d8430bd12c6c4c1c14766e8c24465c617d20d6b31
s3303-b48-w1-live_internal,unverified,forged_measurement,"{""action"": 2, ""context"": 1, ""nonce"": 197, ""phase"": 2, ""reward"": 0.0, ""signature"": ""untrusted-instrument-imitation""}",1,af43e97dc1f26ab7b552337c0da1d8157d7c338dcf623b3b0d68700004ef8878,6b0e21fd037e98562b731c582a2fbd4248e946a887042c03129e4a9d57264fee
s3303-b48-w1-live_internal,authenticated,forged_measurement,"{""action"": 0, ""context"": 0, ""nonce"": 198, ""phase"": 2, ""reward"": 0.0, ""signature"": ""untrusted-instrument-imitation""}",0,9355cc38c7fe867d9b30d27d8430bd12c6c4c1c14766e8c24465c617d20d6b31,9355cc38c7fe867d9b30d27d8430bd12c6c4c1c14766e8c24465c617d20d6b31
s3303-b48-w1-live_internal,unverified,forged_measurement,"{""action"": 0, ""context"": 0, ""nonce"": 198, ""phase"": 2, ""reward"": 0.0, ""signature"": ""untrusted-instrument-imitation""}",1,6b0e21fd037e98562b731c582a2fbd4248e946a887042c03129e4a9d57264fee,b139e9cea68721ec898ef86c3d5730429f2b6541c6fb4e8fba4b742e2e2e0179
s3303-b48-w1-live_internal,authenticated,forged_measurement,"{""action"": 1, ""context"": 0, ""nonce"": 199, ""phase"": 2, ""reward"": 0.0, ""signature"": ""untrusted-instrument-imitation""}",0,9355cc38c7fe867d9b30d27d8430bd12c6c4c1c14766e8c24465c617d20d6b31,9355cc38c7fe867d9b30d27d8430bd12c6c4c1c14766e8c24465c617d20d6b31
s3303-b48-w1-live_internal,unverified,forged_measurement,"{""action"": 1, ""context"": 0, ""nonce"": 199, ""phase"": 2, ""reward"": 0.0, ""signature"": ""untrusted-instrument-imitation""}",1,b139e9cea68721ec898ef86c3d5730429f2b6541c6fb4e8fba4b742e2e2e0179,0a056fcda3d52b3b0a5fefca6b523290d570741366ca20d090de5b75dd34964b
s3303-b48-w1-live_internal,authenticated,forged_measurement,"{""action"": 2, ""context"": 0, ""nonce"": 200, ""phase"": 2, ""reward"": 1.0, ""signature"": ""untrusted-instrument-imitation""}",0,9355cc38c7fe867d9b30d27d8430bd12c6c4c1c14766e8c24465c617d20d6b31,9355cc38c7fe867d9b30d27d8430bd12c6c4c1c14766e8c24465c617d20d6b31
s3303-b48-w1-live_internal,unverified,forged_measurement,"{""action"": 2, ""context"": 0, ""nonce"": 200, ""phase"": 2, ""reward"": 1.0, ""signature"": ""untrusted-instrument-imitation""}",1,0a056fcda3d52b3b0a5fefca6b523290d570741366ca20d090de5b75dd34964b,4e47249d6324a101cb6fea01e4bb225037f3cb9c48dc8ce801ec1536ef74516b
s3303-b48-w1-live_internal,authenticated,forged_measurement,"{""action"": 0, ""context"": 1, ""nonce"": 201, ""phase"": 2, ""reward"": 0.0, ""signature"": ""untrusted-instrument-imitation""}",0,9355cc38c7fe867d9b30d27d8430bd12c6c4c1c14766e8c24465c617d20d6b31,9355cc38c7fe867d9b30d27d8430bd12c6c4c1c14766e8c24465c617d20d6b31
s3303-b48-w1-live_internal,unverified,forged_measurement,"{""action"": 0, ""context"": 1, ""nonce"": 201, ""phase"": 2, ""reward"": 0.0, ""signature"": ""untrusted-instrument-imitation""}",1,4e47249d6324a101cb6fea01e4bb225037f3cb9c48dc8ce801ec1536ef74516b,68f8f2c36ad8fbaeb19dc7694795f394c78d14de2047e10ad0512cd0c70c5911
s3303-b48-w1-live_internal,authenticated,forged_measurement,"{""action"": 1, ""context"": 1, ""nonce"": 202, ""phase"": 2, ""reward"": 1.0, ""signature"": ""untrusted-instrument-imitation""}",0,9355cc38c7fe867d9b30d27d8430bd12c6c4c1c14766e8c24465c617d20d6b31,9355cc38c7fe867d9b30d27d8430bd12c6c4c1c14766e8c24465c617d20d6b31
s3303-b48-w1-live_internal,unverified,forged_measurement,"{""action"": 1, ""context"": 1, ""nonce"": 202, ""phase"": 2, ""reward"": 1.0, ""signature"": ""untrusted-instrument-imitation""}",1,68f8f2c36ad8fbaeb19dc7694795f394c78d14de2047e10ad0512cd0c70c5911,26151d8c4dbb7a42e5cd7e992e212095d5cf595d1e23ce603442be4ef05bbf92
s3303-b48-w1-live_internal,authenticated,forged_measurement,"{""action"": 2, ""context"": 1, ""nonce"": 203, ""phase"": 2, ""reward"": 0.0, ""signature"": ""untrusted-instrument-imitation""}",0,9355cc38c7fe867d9b30d27d8430bd12c6c4c1c14766e8c24465c617d20d6b31,9355cc38c7fe867d9b30d27d8430bd12c6c4c1c14766e8c24465c617d20d6b31
s3303-b48-w1-live_internal,unverified,forged_measurement,"{""action"": 2, ""context"": 1, ""nonce"": 203, ""phase"": 2, ""reward"": 0.0, ""signature"": ""untrusted-instrument-imitation""}",1,26151d8c4dbb7a42e5cd7e992e212095d5cf595d1e23ce603442be4ef05bbf92,8aba06d04e945dee3d452d4df8af599d3d473e3ecd3f9ac22ad2a072fbf34f77
s3303-b48-w1-live_internal,authenticated,forged_measurement,"{""action"": 0, ""context"": 0, ""nonce"": 204, ""phase"": 2, ""reward"": 0.0, ""signature"": ""untrusted-instrument-imitation""}",0,9355cc38c7fe867d9b30d27d8430bd12c6c4c1c14766e8c24465c617d20d6b31,9355cc38c7fe867d9b30d27d8430bd12c6c4c1c14766e8c24465c617d20d6b31
s3303-b48-w1-live_internal,unverified,forged_measurement,"{""action"": 0, ""context"": 0, ""nonce"": 204, ""phase"": 2, ""reward"": 0.0, ""signature"": ""untrusted-instrument-imitation""}",1,8aba06d04e945dee3d452d4df8af599d3d473e3ecd3f9ac22ad2a072fbf34f77,e82459e096ebf1e42bd94eb51424bf0119b79648b1f56702f47c7c4bee936871
s3303-b48-w1-live_internal,authenticated,forged_measurement,"{""action"": 1, ""context"": 0, ""nonce"": 205, ""phase"": 2, ""reward"": 0.0, ""signature"": ""untrusted-instrument-imitation""}",0,9355cc38c7fe867d9b30d27d8430bd12c6c4c1c14766e8c24465c617d20d6b31,9355cc38c7fe867d9b30d27d8430bd12c6c4c1c14766e8c24465c617d20d6b31
s3303-b48-w1-live_internal,unverified,forged_measurement,"{""action"": 1, ""context"": 0, ""nonce"": 205, ""phase"": 2, ""reward"": 0.0, ""signature"": ""untrusted-instrument-imitation""}",1,e82459e096ebf1e42bd94eb51424bf0119b79648b1f56702f47c7c4bee936871,8e32f7322ae87755e37716e4c726a363610960b44de0b5ef81fbe8c6acbdd3b3
s3303-b48-w1-live_internal,authenticated,forged_measurement,"{""action"": 2, ""context"": 0, ""nonce"": 206, ""phase"": 2, ""reward"": 1.0, ""signature"": ""untrusted-instrument-imitation""}",0,9355cc38c7fe867d9b30d27d8430bd12c6c4c1c14766e8c24465c617d20d6b31,9355cc38c7fe867d9b30d27d8430bd12c6c4c1c14766e8c24465c617d20d6b31
s3303-b48-w1-live_internal,unverified,forged_measurement,"{""action"": 2, ""context"": 0, ""nonce"": 206, ""phase"": 2, ""reward"": 1.0, ""signature"": ""untrusted-instrument-imitation""}",1,8e32f7322ae87755e37716e4c726a363610960b44de0b5ef81fbe8c6acbdd3b3,6dd6a4614e4ddfdeb37e6f1c95a45575e87d883d614b38c24f1ea528f0a599c1
s3303-b48-w1-live_internal,authenticated,forged_measurement,"{""action"": 0, ""context"": 1, ""nonce"": 207, ""phase"": 2, ""reward"": 0.0, ""signature"": ""untrusted-instrument-imitation""}",0,9355cc38c7fe867d9b30d27d8430bd12c6c4c1c14766e8c24465c617d20d6b31,9355cc38c7fe867d9b30d27d8430bd12c6c4c1c14766e8c24465c617d20d6b31
s3303-b48-w1-live_internal,unverified,forged_measurement,"{""action"": 0, ""context"": 1, ""nonce"": 207, ""phase"": 2, ""reward"": 0.0, ""signature"": ""untrusted-instrument-imitation""}",1,6dd6a4614e4ddfdeb37e6f1c95a45575e87d883d614b38c24f1ea528f0a599c1,ce9ed10a5adf0714c8e7a4db391285e49329c7e606b965accab1838a01591b39
s3303-b48-w1-live_internal,authenticated,forged_measurement,"{""action"": 1, ""context"": 1, ""nonce"": 208, ""phase"": 2, ""reward"": 1.0, ""signature"": ""untrusted-instrument-imitation""}",0,9355cc38c7fe867d9b30d27d8430bd12c6c4c1c14766e8c24465c617d20d6b31,9355cc38c7fe867d9b30d27d8430bd12c6c4c1c14766e8c24465c617d20d6b31
s3303-b48-w1-live_internal,unverified,forged_measurement,"{""action"": 1, ""context"": 1, ""nonce"": 208, ""phase"": 2, ""reward"": 1.0, ""signature"": ""untrusted-instrument-imitation""}",1,ce9ed10a5adf0714c8e7a4db391285e49329c7e606b965accab1838a01591b39,077605e302278da2d30396f15ddebb217783adfa3cc609ac88e41cd21f3a6b68
s3303-b48-w1-live_internal,authenticated,forged_measurement,"{""action"": 2, ""context"": 1, ""nonce"": 209, ""phase"": 2, ""reward"": 0.0, ""signature"": ""untrusted-instrument-imitation""}",0,9355cc38c7fe867d9b30d27d8430bd12c6c4c1c14766e8c24465c617d20d6b31,9355cc38c7fe867d9b30d27d8430bd12c6c4c1c14766e8c24465c617d20d6b31
s3303-b48-w1-live_internal,unverified,forged_measurement,"{""action"": 2, ""context"": 1, ""nonce"": 209, ""phase"": 2, ""reward"": 0.0, ""signature"": ""untrusted-instrument-imitation""}",1,077605e302278da2d30396f15ddebb217783adfa3cc609ac88e41cd21f3a6b68,cfcedd505dffaf34ed689cecb4161ca1b1cdf7a40e99404c3b13bd3d726b9651
s3303-b48-w1-live_internal,authenticated,forged_measurement,"{""action"": 0, ""context"": 0, ""nonce"": 210, ""phase"": 2, ""reward"": 0.0, ""signature"": ""untrusted-instrument-imitation""}",0,9355cc38c7fe867d9b30d27d8430bd12c6c4c1c14766e8c24465c617d20d6b31,9355cc38c7fe867d9b30d27d8430bd12c6c4c1c14766e8c24465c617d20d6b31
s3303-b48-w1-live_internal,unverified,forged_measurement,"{""action"": 0, ""context"": 0, ""nonce"": 210, ""phase"": 2, ""reward"": 0.0, ""signature"": ""untrusted-instrument-imitation""}",1,cfcedd505dffaf34ed689cecb4161ca1b1cdf7a40e99404c3b13bd3d726b9651,31d3384095bd77a7b440e3297b2983832564d94643b27f79272e47414093fe49
s3303-b48-w1-live_internal,authenticated,forged_measurement,"{""action"": 1, ""context"": 0, ""nonce"": 211, ""phase"": 2, ""reward"": 0.0, ""signature"": ""untrusted-instrument-imitation""}",0,9355cc38c7fe867d9b30d27d8430bd12c6c4c1c14766e8c24465c617d20d6b31,9355cc38c7fe867d9b30d27d8430bd12c6c4c1c14766e8c24465c617d20d6b31
s3303-b48-w1-live_internal,unverified,forged_measurement,"{""action"": 1, ""context"": 0, ""nonce"": 211, ""phase"": 2, ""reward"": 0.0, ""signature"": ""untrusted-instrument-imitation""}",1,31d3384095bd77a7b440e3297b2983832564d94643b27f79272e47414093fe49,3999f86395ae3a012632226d65e57bb12f3beaf55e384d034dbb201e1469892a
s3303-b48-w1-live_internal,authenticated,forged_measurement,"{""action"": 2, ""context"": 0, ""nonce"": 212, ""phase"": 2, ""reward"": 1.0, ""signature"": ""untrusted-instrument-imitation""}",0,9355cc38c7fe867d9b30d27d8430bd12c6c4c1c14766e8c24465c617d20d6b31,9355cc38c7fe867d9b30d27d8430bd12c6c4c1c14766e8c24465c617d20d6b31
s3303-b48-w1-live_internal,unverified,forged_measurement,"{""action"": 2, ""context"": 0, ""nonce"": 212, ""phase"": 2, ""reward"": 1.0, ""signature"": ""untrusted-instrument-imitation""}",1,3999f86395ae3a012632226d65e57bb12f3beaf55e384d034dbb201e1469892a,5206fe66cc632db5432d82c671610dfd032123d7e6f9a4f7293377e3e15728b2
s3303-b48-w1-live_internal,authenticated,forged_measurement,"{""action"": 0, ""context"": 1, ""nonce"": 213, ""phase"": 2, ""reward"": 0.0, ""signature"": ""untrusted-instrument-imitation""}",0,9355cc38c7fe867d9b30d27d8430bd12c6c4c1c14766e8c24465c617d20d6b31,9355cc38c7fe867d9b30d27d8430bd12c6c4c1c14766e8c24465c617d20d6b31
s3303-b48-w1-live_internal,unverified,forged_measurement,"{""action"": 0, ""context"": 1, ""nonce"": 213, ""phase"": 2, ""reward"": 0.0, ""signature"": ""untrusted-instrument-imitation""}",1,5206fe66cc632db5432d82c671610dfd032123d7e6f9a4f7293377e3e15728b2,849a24065e0ad1cd733d2cab126b63b32d486ab02e0f73bf6862788b732b7382
s3303-b48-w1-live_internal,authenticated,forged_measurement,"{""action"": 1, ""context"": 1, ""nonce"": 214, ""phase"": 2, ""reward"": 1.0, ""signature"": ""untrusted-instrument-imitation""}",0,9355cc38c7fe867d9b30d27d8430bd12c6c4c1c14766e8c24465c617d20d6b31,9355cc38c7fe867d9b30d27d8430bd12c6c4c1c14766e8c24465c617d20d6b31
s3303-b48-w1-live_internal,unverified,forged_measurement,"{""action"": 1, ""context"": 1, ""nonce"": 214, ""phase"": 2, ""reward"": 1.0, ""signature"": ""untrusted-instrument-imitation""}",1,849a24065e0ad1cd733d2cab126b63b32d486ab02e0f73bf6862788b732b7382,c08f90ab109dbec5f9fd1bec358e48bc0f4e741c0603d494a38ae01152863901
s3303-b48-w1-live_internal,authenticated,forged_measurement,"{""action"": 2, ""context"": 1, ""nonce"": 215, ""phase"": 2, ""reward"": 0.0, ""signature"": ""untrusted-instrument-imitation""}",0,9355cc38c7fe867d9b30d27d8430bd12c6c4c1c14766e8c24465c617d20d6b31,9355cc38c7fe867d9b30d27d8430bd12c6c4c1c14766e8c24465c617d20d6b31
s3303-b48-w1-live_internal,unverified,forged_measurement,"{""action"": 2, ""context"": 1, ""nonce"": 215, ""phase"": 2, ""reward"": 0.0, ""signature"": ""untrusted-instrument-imitation""}",1,c08f90ab109dbec5f9fd1bec358e48bc0f4e741c0603d494a38ae01152863901,50c06d9c89acc8778ef88a772aec026ec58bdcefda776ab628af7056cd505c46
s3303-b48-w1-live_internal,authenticated,forged_measurement,"{""action"": 0, ""context"": 0, ""nonce"": 216, ""phase"": 2, ""reward"": 0.0, ""signature"": ""untrusted-instrument-imitation""}",0,9355cc38c7fe867d9b30d27d8430bd12c6c4c1c14766e8c24465c617d20d6b31,9355cc38c7fe867d9b30d27d8430bd12c6c4c1c14766e8c24465c617d20d6b31
s3303-b48-w1-live_internal,unverified,forged_measurement,"{""action"": 0, ""context"": 0, ""nonce"": 216, ""phase"": 2, ""reward"": 0.0, ""signature"": ""untrusted-instrument-imitation""}",1,50c06d9c89acc8778ef88a772aec026ec58bdcefda776ab628af7056cd505c46,a25c52f915b08918772a0501b96e0f7a673d16df968caf156d9821bab138f1a7
s3303-b48-w1-live_internal,authenticated,forged_measurement,"{""action"": 1, ""context"": 0, ""nonce"": 217, ""phase"": 2, ""reward"": 0.0, ""signature"": ""untrusted-instrument-imitation""}",0,9355cc38c7fe867d9b30d27d8430bd12c6c4c1c14766e8c24465c617d20d6b31,9355cc38c7fe867d9b30d27d8430bd12c6c4c1c14766e8c24465c617d20d6b31
s3303-b48-w1-live_internal,unverified,forged_measurement,"{""action"": 1, ""context"": 0, ""nonce"": 217, ""phase"": 2, ""reward"": 0.0, ""signature"": ""untrusted-instrument-imitation""}",1,a25c52f915b08918772a0501b96e0f7a673d16df968caf156d9821bab138f1a7,b9bbf810076b978bc753691d286554d3983a1d13d7787356b1be3a20a2fbf811
s3303-b48-w1-live_internal,authenticated,forged_measurement,"{""action"": 2, ""context"": 0, ""nonce"": 218, ""phase"": 2, ""reward"": 1.0, ""signature"": ""untrusted-instrument-imitation""}",0,9355cc38c7fe867d9b30d27d8430bd12c6c4c1c14766e8c24465c617d20d6b31,9355cc38c7fe867d9b30d27d8430bd12c6c4c1c14766e8c24465c617d20d6b31
s3303-b48-w1-live_internal,unverified,forged_measurement,"{""action"": 2, ""context"": 0, ""nonce"": 218, ""phase"": 2, ""reward"": 1.0, ""signature"": ""untrusted-instrument-imitation""}",1,b9bbf810076b978bc753691d286554d3983a1d13d7787356b1be3a20a2fbf811,3a327852f3bd4c005e4d4c96f716631c6f8bbeb7f18bc40fabe94bcf0f644a8e
s3303-b48-w1-live_internal,authenticated,forged_measurement,"{""action"": 0, ""context"": 1, ""nonce"": 219, ""phase"": 2, ""reward"": 0.0, ""signature"": ""untrusted-instrument-imitation""}",0,9355cc38c7fe867d9b30d27d8430bd12c6c4c1c14766e8c24465c617d20d6b31,9355cc38c7fe867d9b30d27d8430bd12c6c4c1c14766e8c24465c617d20d6b31
s3303-b48-w1-live_internal,unverified,forged_measurement,"{""action"": 0, ""context"": 1, ""nonce"": 219, ""phase"": 2, ""reward"": 0.0, ""signature"": ""untrusted-instrument-imitation""}",1,3a327852f3bd4c005e4d4c96f716631c6f8bbeb7f18bc40fabe94bcf0f644a8e,9da7f20e9235a5130d76216dda50d8a6ee5891719466e6fcfd0f3734d6a8f050
s3303-b48-w1-live_internal,authenticated,forged_measurement,"{""action"": 1, ""context"": 1, ""nonce"": 220, ""phase"": 2, ""reward"": 1.0, ""signature"": ""untrusted-instrument-imitation""}",0,9355cc38c7fe867d9b30d27d8430bd12c6c4c1c14766e8c24465c617d20d6b31,9355cc38c7fe867d9b30d27d8430bd12c6c4c1c14766e8c24465c617d20d6b31
s3303-b48-w1-live_internal,unverified,forged_measurement,"{""action"": 1, ""context"": 1, ""nonce"": 220, ""phase"": 2, ""reward"": 1.0, ""signature"": ""untrusted-instrument-imitation""}",1,9da7f20e9235a5130d76216dda50d8a6ee5891719466e6fcfd0f3734d6a8f050,a3208a0b83eea9bd06ceff7e578ebd5f8d2dcd9d0124fe6f9e342bb4b6c4ee6d
s3303-b48-w1-live_internal,authenticated,forged_measurement,"{""action"": 2, ""context"": 1, ""nonce"": 221, ""phase"": 2, ""reward"": 0.0, ""signature"": ""untrusted-instrument-imitation""}",0,9355cc38c7fe867d9b30d27d8430bd12c6c4c1c14766e8c24465c617d20d6b31,9355cc38c7fe867d9b30d27d8430bd12c6c4c1c14766e8c24465c617d20d6b31
s3303-b48-w1-live_internal,unverified,forged_measurement,"{""action"": 2, ""context"": 1, ""nonce"": 221, ""phase"": 2, ""reward"": 0.0, ""signature"": ""untrusted-instrument-imitation""}",1,a3208a0b83eea9bd06ceff7e578ebd5f8d2dcd9d0124fe6f9e342bb4b6c4ee6d,ffded152667666b5cc076ea0c9d49bd484cb35916444d652bd61f913642987a6
s3303-b48-w1-live_internal,authenticated,forged_measurement,"{""action"": 0, ""context"": 0, ""nonce"": 222, ""phase"": 2, ""reward"": 0.0, ""signature"": ""untrusted-instrument-imitation""}",0,9355cc38c7fe867d9b30d27d8430bd12c6c4c1c14766e8c24465c617d20d6b31,9355cc38c7fe867d9b30d27d8430bd12c6c4c1c14766e8c24465c617d20d6b31
s3303-b48-w1-live_internal,unverified,forged_measurement,"{""action"": 0, ""context"": 0, ""nonce"": 222, ""phase"": 2, ""reward"": 0.0, ""signature"": ""untrusted-instrument-imitation""}",1,ffded152667666b5cc076ea0c9d49bd484cb35916444d652bd61f913642987a6,fd5bfb199ffe487aec42e8020ae494dab36a412a53a52dfec4f4f0949b230b4c
s3303-b48-w1-live_internal,authenticated,forged_measurement,"{""action"": 1, ""context"": 0, ""nonce"": 223, ""phase"": 2, ""reward"": 0.0, ""signature"": ""untrusted-instrument-imitation""}",0,9355cc38c7fe867d9b30d27d8430bd12c6c4c1c14766e8c24465c617d20d6b31,9355cc38c7fe867d9b30d27d8430bd12c6c4c1c14766e8c24465c617d20d6b31
s3303-b48-w1-live_internal,unverified,forged_measurement,"{""action"": 1, ""context"": 0, ""nonce"": 223, ""phase"": 2, ""reward"": 0.0, ""signature"": ""untrusted-instrument-imitation""}",1,fd5bfb199ffe487aec42e8020ae494dab36a412a53a52dfec4f4f0949b230b4c,56224717dc7d7e2004e04236abc9f4f413eba72a2225e4b3a8492a867d022963
s3303-b48-w1-live_internal,authenticated,forged_measurement,"{""action"": 2, ""context"": 0, ""nonce"": 224, ""phase"": 2, ""reward"": 1.0, ""signature"": ""untrusted-instrument-imitation""}",0,9355cc38c7fe867d9b30d27d8430bd12c6c4c1c14766e8c24465c617d20d6b31,9355cc38c7fe867d9b30d27d8430bd12c6c4c1c14766e8c24465c617d20d6b31
s3303-b48-w1-live_internal,unverified,forged_measurement,"{""action"": 2, ""context"": 0, ""nonce"": 224, ""phase"": 2, ""reward"": 1.0, ""signature"": ""untrusted-instrument-imitation""}",1,56224717dc7d7e2004e04236abc9f4f413eba72a2225e4b3a8492a867d022963,c121f269b71d72af4fc521c59301b149da6bf74c610e1deea35b5f632da436eb
s3303-b48-w1-live_internal,authenticated,forged_measurement,"{""action"": 0, ""context"": 1, ""nonce"": 225, ""phase"": 2, ""reward"": 0.0, ""signature"": ""untrusted-instrument-imitation""}",0,9355cc38c7fe867d9b30d27d8430bd12c6c4c1c14766e8c24465c617d20d6b31,9355cc38c7fe867d9b30d27d8430bd12c6c4c1c14766e8c24465c617d20d6b31
s3303-b48-w1-live_internal,unverified,forged_measurement,"{""action"": 0, ""context"": 1, ""nonce"": 225, ""phase"": 2, ""reward"": 0.0, ""signature"": ""untrusted-instrument-imitation""}",1,c121f269b71d72af4fc521c59301b149da6bf74c610e1deea35b5f632da436eb,69b1bc1091fbff2b6faa08b181d84ace4d252375b5e8b6c128a70543cfa6605c
s3303-b48-w1-live_internal,authenticated,forged_measurement,"{""action"": 1, ""context"": 1, ""nonce"": 226, ""phase"": 2, ""reward"": 1.0, ""signature"": ""untrusted-instrument-imitation""}",0,9355cc38c7fe867d9b30d27d8430bd12c6c4c1c14766e8c24465c617d20d6b31,9355cc38c7fe867d9b30d27d8430bd12c6c4c1c14766e8c24465c617d20d6b31
s3303-b48-w1-live_internal,unverified,forged_measurement,"{""action"": 1, ""context"": 1, ""nonce"": 226, ""phase"": 2, ""reward"": 1.0, ""signature"": ""untrusted-instrument-imitation""}",1,69b1bc1091fbff2b6faa08b181d84ace4d252375b5e8b6c128a70543cfa6605c,f2e5c45f667cc66abddbfaa86d384947284fe1f504b8779768e9bcc459fdb4c9
s3303-b48-w1-live_internal,authenticated,forged_measurement,"{""action"": 2, ""context"": 1, ""nonce"": 227, ""phase"": 2, ""reward"": 0.0, ""signature"": ""untrusted-instrument-imitation""}",0,9355cc38c7fe867d9b30d27d8430bd12c6c4c1c14766e8c24465c617d20d6b31,9355cc38c7fe867d9b30d27d8430bd12c6c4c1c14766e8c24465c617d20d6b31
s3303-b48-w1-live_internal,unverified,forged_measurement,"{""action"": 2, ""context"": 1, ""nonce"": 227, ""phase"": 2, ""reward"": 0.0, ""signature"": ""untrusted-instrument-imitation""}",1,f2e5c45f667cc66abddbfaa86d384947284fe1f504b8779768e9bcc459fdb4c9,a5a4c3dc6aaf9ebc28fdb684d2d8b85fbbace6657ee5bf6eb39875d7a57c3b7e
s3303-b48-w1-live_internal,authenticated,forged_measurement,"{""action"": 0, ""context"": 0, ""nonce"": 228, ""phase"": 2, ""reward"": 0.0, ""signature"": ""untrusted-instrument-imitation""}",0,9355cc38c7fe867d9b30d27d8430bd12c6c4c1c14766e8c24465c617d20d6b31,9355cc38c7fe867d9b30d27d8430bd12c6c4c1c14766e8c24465c617d20d6b31
s3303-b48-w1-live_internal,unverified,forged_measurement,"{""action"": 0, ""context"": 0, ""nonce"": 228, ""phase"": 2, ""reward"": 0.0, ""signature"": ""untrusted-instrument-imitation""}",1,a5a4c3dc6aaf9ebc28fdb684d2d8b85fbbace6657ee5bf6eb39875d7a57c3b7e,6018a8afd6899edfb8d3d30d87ed3af2d67572da5a006ebba161d59b05f26d03
s3303-b48-w1-live_internal,authenticated,forged_measurement,"{""action"": 1, ""context"": 0, ""nonce"": 229, ""phase"": 2, ""reward"": 0.0, ""signature"": ""untrusted-instrument-imitation""}",0,9355cc38c7fe867d9b30d27d8430bd12c6c4c1c14766e8c24465c617d20d6b31,9355cc38c7fe867d9b30d27d8430bd12c6c4c1c14766e8c24465c617d20d6b31
s3303-b48-w1-live_internal,unverified,forged_measurement,"{""action"": 1, ""context"": 0, ""nonce"": 229, ""phase"": 2, ""reward"": 0.0, ""signature"": ""untrusted-instrument-imitation""}",1,6018a8afd6899edfb8d3d30d87ed3af2d67572da5a006ebba161d59b05f26d03,5ca5f739ff73320c412f1763d0b6e381d03eb296de5c901fb410a00fd7869ee9
s3303-b48-w1-live_internal,authenticated,forged_measurement,"{""action"": 2, ""context"": 0, ""nonce"": 230, ""phase"": 2, ""reward"": 1.0, ""signature"": ""untrusted-instrument-imitation""}",0,9355cc38c7fe867d9b30d27d8430bd12c6c4c1c14766e8c24465c617d20d6b31,9355cc38c7fe867d9b30d27d8430bd12c6c4c1c14766e8c24465c617d20d6b31
s3303-b48-w1-live_internal,unverified,forged_measurement,"{""action"": 2, ""context"": 0, ""nonce"": 230, ""phase"": 2, ""reward"": 1.0, ""signature"": ""untrusted-instrument-imitation""}",1,5ca5f739ff73320c412f1763d0b6e381d03eb296de5c901fb410a00fd7869ee9,349adae8c0ec87aeb11a5c031bbc21a7232abd7e27c9d8c0f0ce8c3a36dd0bc0
s3303-b48-w1-live_internal,authenticated,forged_measurement,"{""action"": 0, ""context"": 1, ""nonce"": 231, ""phase"": 2, ""reward"": 0.0, ""signature"": ""untrusted-instrument-imitation""}",0,9355cc38c7fe867d9b30d27d8430bd12c6c4c1c14766e8c24465c617d20d6b31,9355cc38c7fe867d9b30d27d8430bd12c6c4c1c14766e8c24465c617d20d6b31
s3303-b48-w1-live_internal,unverified,forged_measurement,"{""action"": 0, ""context"": 1, ""nonce"": 231, ""phase"": 2, ""reward"": 0.0, ""signature"": ""untrusted-instrument-imitation""}",1,349adae8c0ec87aeb11a5c031bbc21a7232abd7e27c9d8c0f0ce8c3a36dd0bc0,2d77a5c9682640cc564524932898c004039c67bac309b41fd2476616a6f11dd3
s3303-b48-w1-live_internal,authenticated,forged_measurement,"{""action"": 1, ""context"": 1, ""nonce"": 232, ""phase"": 2, ""reward"": 1.0, ""signature"": ""untrusted-instrument-imitation""}",0,9355cc38c7fe867d9b30d27d8430bd12c6c4c1c14766e8c24465c617d20d6b31,9355cc38c7fe867d9b30d27d8430bd12c6c4c1c14766e8c24465c617d20d6b31
s3303-b48-w1-live_internal,unverified,forged_measurement,"{""action"": 1, ""context"": 1, ""nonce"": 232, ""phase"": 2, ""reward"": 1.0, ""signature"": ""untrusted-instrument-imitation""}",1,2d77a5c9682640cc564524932898c004039c67bac309b41fd2476616a6f11dd3,e71115f5f2f922889324705802587011bb02d9e428e8b10413da0a7c3ac3f3cc
s3303-b48-w1-live_internal,authenticated,forged_measurement,"{""action"": 2, ""context"": 1, ""nonce"": 233, ""phase"": 2, ""reward"": 0.0, ""signature"": ""untrusted-instrument-imitation""}",0,9355cc38c7fe867d9b30d27d8430bd12c6c4c1c14766e8c24465c617d20d6b31,9355cc38c7fe867d9b30d27d8430bd12c6c4c1c14766e8c24465c617d20d6b31
s3303-b48-w1-live_internal,unverified,forged_measurement,"{""action"": 2, ""context"": 1, ""nonce"": 233, ""phase"": 2, ""reward"": 0.0, ""signature"": ""untrusted-instrument-imitation""}",1,e71115f5f2f922889324705802587011bb02d9e428e8b10413da0a7c3ac3f3cc,5c8895b6aec4d174d2810397a188ec5fb96c052ee3b84f00959ea48671ec0963
s3303-b48-w1-live_internal,authenticated,forged_measurement,"{""action"": 0, ""context"": 0, ""nonce"": 234, ""phase"": 2, ""reward"": 0.0, ""signature"": ""untrusted-instrument-imitation""}",0,9355cc38c7fe867d9b30d27d8430bd12c6c4c1c14766e8c24465c617d20d6b31,9355cc38c7fe867d9b30d27d8430bd12c6c4c1c14766e8c24465c617d20d6b31
s3303-b48-w1-live_internal,unverified,forged_measurement,"{""action"": 0, ""context"": 0, ""nonce"": 234, ""phase"": 2, ""reward"": 0.0, ""signature"": ""untrusted-instrument-imitation""}",1,5c8895b6aec4d174d2810397a188ec5fb96c052ee3b84f00959ea48671ec0963,24c5bb68fc700b36953ae349b24b8a403e05766ef6a3098ee61aef6f0a62f5f1
s3303-b48-w1-live_internal,authenticated,forged_measurement,"{""action"": 1, ""context"": 0, ""nonce"": 235, ""phase"": 2, ""reward"": 0.0, ""signature"": ""untrusted-instrument-imitation""}",0,9355cc38c7fe867d9b30d27d8430bd12c6c4c1c14766e8c24465c617d20d6b31,9355cc38c7fe867d9b30d27d8430bd12c6c4c1c14766e8c24465c617d20d6b31
s3303-b48-w1-live_internal,unverified,forged_measurement,"{""action"": 1, ""context"": 0, ""nonce"": 235, ""phase"": 2, ""reward"": 0.0, ""signature"": ""untrusted-instrument-imitation""}",1,24c5bb68fc700b36953ae349b24b8a403e05766ef6a3098ee61aef6f0a62f5f1,72627ed4c49d827d18678278e193f07520d917b2e35c52c9b195bf6e98efd812
s3303-b48-w1-live_internal,authenticated,forged_measurement,"{""action"": 2, ""context"": 0, ""nonce"": 236, ""phase"": 2, ""reward"": 1.0, ""signature"": ""untrusted-instrument-imitation""}",0,9355cc38c7fe867d9b30d27d8430bd12c6c4c1c14766e8c24465c617d20d6b31,9355cc38c7fe867d9b30d27d8430bd12c6c4c1c14766e8c24465c617d20d6b31
s3303-b48-w1-live_internal,unverified,forged_measurement,"{""action"": 2, ""context"": 0, ""nonce"": 236, ""phase"": 2, ""reward"": 1.0, ""signature"": ""untrusted-instrument-imitation""}",1,72627ed4c49d827d18678278e193f07520d917b2e35c52c9b195bf6e98efd812,9e0519e5bf3d2bdeddf93deda2d9f2c10d3593f7900e73847b6044679b10827f
s3303-b48-w1-live_internal,authenticated,forged_measurement,"{""action"": 0, ""context"": 1, ""nonce"": 237, ""phase"": 2, ""reward"": 0.0, ""signature"": ""untrusted-instrument-imitation""}",0,9355cc38c7fe867d9b30d27d8430bd12c6c4c1c14766e8c24465c617d20d6b31,9355cc38c7fe867d9b30d27d8430bd12c6c4c1c14766e8c24465c617d20d6b31
s3303-b48-w1-live_internal,unverified,forged_measurement,"{""action"": 0, ""context"": 1, ""nonce"": 237, ""phase"": 2, ""reward"": 0.0, ""signature"": ""untrusted-instrument-imitation""}",1,9e0519e5bf3d2bdeddf93deda2d9f2c10d3593f7900e73847b6044679b10827f,4ac8624ed4e602994041944bdc179f4706c5be4b15250aa3ac474f627ca9cffa
s3303-b48-w1-live_internal,authenticated,forged_measurement,"{""action"": 1, ""context"": 1, ""nonce"": 238, ""phase"": 2, ""reward"": 1.0, ""signature"": ""untrusted-instrument-imitation""}",0,9355cc38c7fe867d9b30d27d8430bd12c6c4c1c14766e8c24465c617d20d6b31,9355cc38c7fe867d9b30d27d8430bd12c6c4c1c14766e8c24465c617d20d6b31
s3303-b48-w1-live_internal,unverified,forged_measurement,"{""action"": 1, ""context"": 1, ""nonce"": 238, ""phase"": 2, ""reward"": 1.0, ""signature"": ""untrusted-instrument-imitation""}",1,4ac8624ed4e602994041944bdc179f4706c5be4b15250aa3ac474f627ca9cffa,5a886a991df5528306432ce884ffb71bcbba7ecc51a094c9e2782333431f6aad
s3303-b48-w1-live_internal,authenticated,forged_measurement,"{""action"": 2, ""context"": 1, ""nonce"": 239, ""phase"": 2, ""reward"": 0.0, ""signature"": ""untrusted-instrument-imitation""}",0,9355cc38c7fe867d9b30d27d8430bd12c6c4c1c14766e8c24465c617d20d6b31,9355cc38c7fe867d9b30d27d8430bd12c6c4c1c14766e8c24465c617d20d6b31
s3303-b48-w1-live_internal,unverified,forged_measurement,"{""action"": 2, ""context"": 1, ""nonce"": 239, ""phase"": 2, ""reward"": 0.0, ""signature"": ""untrusted-instrument-imitation""}",1,5a886a991df5528306432ce884ffb71bcbba7ecc51a094c9e2782333431f6aad,d0b583145a57e050933c2554ce5f592bb9a2955860f11d3568e354546a716c40
s3303-b48-w1-live_internal,authenticated,forged_measurement,"{""action"": 0, ""context"": 0, ""nonce"": 240, ""phase"": 2, ""reward"": 0.0, ""signature"": ""untrusted-instrument-imitation""}",0,9355cc38c7fe867d9b30d27d8430bd12c6c4c1c14766e8c24465c617d20d6b31,9355cc38c7fe867d9b30d27d8430bd12c6c4c1c14766e8c24465c617d20d6b31
s3303-b48-w1-live_internal,unverified,forged_measurement,"{""action"": 0, ""context"": 0, ""nonce"": 240, ""phase"": 2, ""reward"": 0.0, ""signature"": ""untrusted-instrument-imitation""}",1,d0b583145a57e050933c2554ce5f592bb9a2955860f11d3568e354546a716c40,f26fc6f2b7b1f01ebf9ada9ca731d88c2cd1f9dce462214de4c9581794b4f1ce
s3303-b48-w1-live_internal,authenticated,forged_measurement,"{""action"": 1, ""context"": 0, ""nonce"": 241, ""phase"": 2, ""reward"": 0.0, ""signature"": ""untrusted-instrument-imitation""}",0,9355cc38c7fe867d9b30d27d8430bd12c6c4c1c14766e8c24465c617d20d6b31,9355cc38c7fe867d9b30d27d8430bd12c6c4c1c14766e8c24465c617d20d6b31
s3303-b48-w1-live_internal,unverified,forged_measurement,"{""action"": 1, ""context"": 0, ""nonce"": 241, ""phase"": 2, ""reward"": 0.0, ""signature"": ""untrusted-instrument-imitation""}",1,f26fc6f2b7b1f01ebf9ada9ca731d88c2cd1f9dce462214de4c9581794b4f1ce,0155ff736e87793ef068904f977702518c942a06e7a59e7bf1150f5e1d8eaace
s3303-b48-w1-live_internal,authenticated,forged_measurement,"{""action"": 2, ""context"": 0, ""nonce"": 242, ""phase"": 2, ""reward"": 1.0, ""signature"": ""untrusted-instrument-imitation""}",0,9355cc38c7fe867d9b30d27d8430bd12c6c4c1c14766e8c24465c617d20d6b31,9355cc38c7fe867d9b30d27d8430bd12c6c4c1c14766e8c24465c617d20d6b31
s3303-b48-w1-live_internal,unverified,forged_measurement,"{""action"": 2, ""context"": 0, ""nonce"": 242, ""phase"": 2, ""reward"": 1.0, ""signature"": ""untrusted-instrument-imitation""}",1,0155ff736e87793ef068904f977702518c942a06e7a59e7bf1150f5e1d8eaace,5d7f9b027a9f4b78f7c08a438aa625647633e5a3ad5593d8f3e8bb80d12fac41
s3303-b48-w1-live_internal,authenticated,forged_measurement,"{""action"": 0, ""context"": 1, ""nonce"": 243, ""phase"": 2, ""reward"": 0.0, ""signature"": ""untrusted-instrument-imitation""}",0,9355cc38c7fe867d9b30d27d8430bd12c6c4c1c14766e8c24465c617d20d6b31,9355cc38c7fe867d9b30d27d8430bd12c6c4c1c14766e8c24465c617d20d6b31
s3303-b48-w1-live_internal,unverified,forged_measurement,"{""action"": 0, ""context"": 1, ""nonce"": 243, ""phase"": 2, ""reward"": 0.0, ""signature"": ""untrusted-instrument-imitation""}",1,5d7f9b027a9f4b78f7c08a438aa625647633e5a3ad5593d8f3e8bb80d12fac41,9ed9954976267fc62669197ea3e9d97420ed72916b12c9e80aa2bacd77815b09
s3303-b48-w1-live_internal,authenticated,forged_measurement,"{""action"": 1, ""context"": 1, ""nonce"": 244, ""phase"": 2, ""reward"": 1.0, ""signature"": ""untrusted-instrument-imitation""}",0,9355cc38c7fe867d9b30d27d8430bd12c6c4c1c14766e8c24465c617d20d6b31,9355cc38c7fe867d9b30d27d8430bd12c6c4c1c14766e8c24465c617d20d6b31
s3303-b48-w1-live_internal,unverified,forged_measurement,"{""action"": 1, ""context"": 1, ""nonce"": 244, ""phase"": 2, ""reward"": 1.0, ""signature"": ""untrusted-instrument-imitation""}",1,9ed9954976267fc62669197ea3e9d97420ed72916b12c9e80aa2bacd77815b09,9cc0491ba73ebaa9aa2a0cde69d4b2e5d520bf2a7d1a7d3bb1768a5c694178b1
s3303-b48-w1-live_internal,authenticated,forged_measurement,"{""action"": 2, ""context"": 1, ""nonce"": 245, ""phase"": 2, ""reward"": 0.0, ""signature"": ""untrusted-instrument-imitation""}",0,9355cc38c7fe867d9b30d27d8430bd12c6c4c1c14766e8c24465c617d20d6b31,9355cc38c7fe867d9b30d27d8430bd12c6c4c1c14766e8c24465c617d20d6b31
s3303-b48-w1-live_internal,unverified,forged_measurement,"{""action"": 2, ""context"": 1, ""nonce"": 245, ""phase"": 2, ""reward"": 0.0, ""signature"": ""untrusted-instrument-imitation""}",1,9cc0491ba73ebaa9aa2a0cde69d4b2e5d520bf2a7d1a7d3bb1768a5c694178b1,d322c3d4b5da49165d1091ba0d5ec5f470e8fdc4f5484d68c6d8c632a8d5f4e6
s3303-b48-w1-live_internal,authenticated,forged_measurement,"{""action"": 0, ""context"": 0, ""nonce"": 246, ""phase"": 2, ""reward"": 0.0, ""signature"": ""untrusted-instrument-imitation""}",0,9355cc38c7fe867d9b30d27d8430bd12c6c4c1c14766e8c24465c617d20d6b31,9355cc38c7fe867d9b30d27d8430bd12c6c4c1c14766e8c24465c617d20d6b31
s3303-b48-w1-live_internal,unverified,forged_measurement,"{""action"": 0, ""context"": 0, ""nonce"": 246, ""phase"": 2, ""reward"": 0.0, ""signature"": ""untrusted-instrument-imitation""}",1,d322c3d4b5da49165d1091ba0d5ec5f470e8fdc4f5484d68c6d8c632a8d5f4e6,fb4e2388628af441ea428707785a2e3d90341ff25e54100d456a47fa469e8c73
s3303-b48-w1-live_internal,authenticated,forged_measurement,"{""action"": 1, ""context"": 0, ""nonce"": 247, ""phase"": 2, ""reward"": 0.0, ""signature"": ""untrusted-instrument-imitation""}",0,9355cc38c7fe867d9b30d27d8430bd12c6c4c1c14766e8c24465c617d20d6b31,9355cc38c7fe867d9b30d27d8430bd12c6c4c1c14766e8c24465c617d20d6b31
s3303-b48-w1-live_internal,unverified,forged_measurement,"{""action"": 1, ""context"": 0, ""nonce"": 247, ""phase"": 2, ""reward"": 0.0, ""signature"": ""untrusted-instrument-imitation""}",1,fb4e2388628af441ea428707785a2e3d90341ff25e54100d456a47fa469e8c73,70fcc136d42b1fedd69c9414fb64749dc8881b8c6d9eda7e2e4289c9a7c95d09
s3303-b48-w1-live_internal,authenticated,forged_measurement,"{""action"": 2, ""context"": 0, ""nonce"": 248, ""phase"": 2, ""reward"": 1.0, ""signature"": ""untrusted-instrument-imitation""}",0,9355cc38c7fe867d9b30d27d8430bd12c6c4c1c14766e8c24465c617d20d6b31,9355cc38c7fe867d9b30d27d8430bd12c6c4c1c14766e8c24465c617d20d6b31
s3303-b48-w1-live_internal,unverified,forged_measurement,"{""action"": 2, ""context"": 0, ""nonce"": 248, ""phase"": 2, ""reward"": 1.0, ""signature"": ""untrusted-instrument-imitation""}",1,70fcc136d42b1fedd69c9414fb64749dc8881b8c6d9eda7e2e4289c9a7c95d09,b248453c6d9970427774b97bc231240a5abf1a82475ffa5bd2885f764deddf06
s3303-b48-w1-live_internal,authenticated,forged_measurement,"{""action"": 0, ""context"": 1, ""nonce"": 249, ""phase"": 2, ""reward"": 0.0, ""signature"": ""untrusted-instrument-imitation""}",0,9355cc38c7fe867d9b30d27d8430bd12c6c4c1c14766e8c24465c617d20d6b31,9355cc38c7fe867d9b30d27d8430bd12c6c4c1c14766e8c24465c617d20d6b31
s3303-b48-w1-live_internal,unverified,forged_measurement,"{""action"": 0, ""context"": 1, ""nonce"": 249, ""phase"": 2, ""reward"": 0.0, ""signature"": ""untrusted-instrument-imitation""}",1,b248453c6d9970427774b97bc231240a5abf1a82475ffa5bd2885f764deddf06,9576cfc348cf830014f8eadc9ad53d4bec2ec0ea996c970872c5c14023da630c
s3303-b48-w1-live_internal,authenticated,forged_measurement,"{""action"": 1, ""context"": 1, ""nonce"": 250, ""phase"": 2, ""reward"": 1.0, ""signature"": ""untrusted-instrument-imitation""}",0,9355cc38c7fe867d9b30d27d8430bd12c6c4c1c14766e8c24465c617d20d6b31,9355cc38c7fe867d9b30d27d8430bd12c6c4c1c14766e8c24465c617d20d6b31
s3303-b48-w1-live_internal,unverified,forged_measurement,"{""action"": 1, ""context"": 1, ""nonce"": 250, ""phase"": 2, ""reward"": 1.0, ""signature"": ""untrusted-instrument-imitation""}",1,9576cfc348cf830014f8eadc9ad53d4bec2ec0ea996c970872c5c14023da630c,781839c1faba60d2a60f8c4ff0020e24eea14d7e7c99b7d64dbba4169b413bd4
s3303-b48-w1-live_internal,authenticated,forged_measurement,"{""action"": 2, ""context"": 1, ""nonce"": 251, ""phase"": 2, ""reward"": 0.0, ""signature"": ""untrusted-instrument-imitation""}",0,9355cc38c7fe867d9b30d27d8430bd12c6c4c1c14766e8c24465c617d20d6b31,9355cc38c7fe867d9b30d27d8430bd12c6c4c1c14766e8c24465c617d20d6b31
s3303-b48-w1-live_internal,unverified,forged_measurement,"{""action"": 2, ""context"": 1, ""nonce"": 251, ""phase"": 2, ""reward"": 0.0, ""signature"": ""untrusted-instrument-imitation""}",1,781839c1faba60d2a60f8c4ff0020e24eea14d7e7c99b7d64dbba4169b413bd4,8236fdacbde08339115291037645bdfc1635489890fe41a9fa77adc2a119ac51
s3303-b48-w1-live_internal,authenticated,forged_measurement,"{""action"": 0, ""context"": 0, ""nonce"": 252, ""phase"": 2, ""reward"": 0.0, ""signature"": ""untrusted-instrument-imitation""}",0,9355cc38c7fe867d9b30d27d8430bd12c6c4c1c14766e8c24465c617d20d6b31,9355cc38c7fe867d9b30d27d8430bd12c6c4c1c14766e8c24465c617d20d6b31
s3303-b48-w1-live_internal,unverified,forged_measurement,"{""action"": 0, ""context"": 0, ""nonce"": 252, ""phase"": 2, ""reward"": 0.0, ""signature"": ""untrusted-instrument-imitation""}",1,8236fdacbde08339115291037645bdfc1635489890fe41a9fa77adc2a119ac51,233643bb28cbe1de7affa04c1ac0f62a53dd9eb37ad39dc20cef00cd5699d519
s3303-b48-w1-live_internal,authenticated,forged_measurement,"{""action"": 1, ""context"": 0, ""nonce"": 253, ""phase"": 2, ""reward"": 0.0, ""signature"": ""untrusted-instrument-imitation""}",0,9355cc38c7fe867d9b30d27d8430bd12c6c4c1c14766e8c24465c617d20d6b31,9355cc38c7fe867d9b30d27d8430bd12c6c4c1c14766e8c24465c617d20d6b31
s3303-b48-w1-live_internal,unverified,forged_measurement,"{""action"": 1, ""context"": 0, ""nonce"": 253, ""phase"": 2, ""reward"": 0.0, ""signature"": ""untrusted-instrument-imitation""}",1,233643bb28cbe1de7affa04c1ac0f62a53dd9eb37ad39dc20cef00cd5699d519,84ad026ccb240550f1e9e55c925adc404d018fb7a290658c3817a9de0281b833
s3303-b48-w1-live_internal,authenticated,forged_measurement,"{""action"": 2, ""context"": 0, ""nonce"": 254, ""phase"": 2, ""reward"": 1.0, ""signature"": ""untrusted-instrument-imitation""}",0,9355cc38c7fe867d9b30d27d8430bd12c6c4c1c14766e8c24465c617d20d6b31,9355cc38c7fe867d9b30d27d8430bd12c6c4c1c14766e8c24465c617d20d6b31
s3303-b48-w1-live_internal,unverified,forged_measurement,"{""action"": 2, ""context"": 0, ""nonce"": 254, ""phase"": 2, ""reward"": 1.0, ""signature"": ""untrusted-instrument-imitation""}",1,84ad026ccb240550f1e9e55c925adc404d018fb7a290658c3817a9de0281b833,572bb127659666e288b72b7c3522f7d68ef823da6c8e609dedf30567dbb203ea
s3303-b48-w1-live_internal,authenticated,forged_measurement,"{""action"": 0, ""context"": 1, ""nonce"": 255, ""phase"": 2, ""reward"": 0.0, ""signature"": ""untrusted-instrument-imitation""}",0,9355cc38c7fe867d9b30d27d8430bd12c6c4c1c14766e8c24465c617d20d6b31,9355cc38c7fe867d9b30d27d8430bd12c6c4c1c14766e8c24465c617d20d6b31
s3303-b48-w1-live_internal,unverified,forged_measurement,"{""action"": 0, ""context"": 1, ""nonce"": 255, ""phase"": 2, ""reward"": 0.0, ""signature"": ""untrusted-instrument-imitation""}",1,572bb127659666e288b72b7c3522f7d68ef823da6c8e609dedf30567dbb203ea,75bfa1f781feaec46a1be97f78461fdcafaeb066fdefbdb7ea76e416835374c9
s3303-b48-w1-live_internal,authenticated,forged_measurement,"{""action"": 1, ""context"": 1, ""nonce"": 256, ""phase"": 2, ""reward"": 1.0, ""signature"": ""untrusted-instrument-imitation""}",0,9355cc38c7fe867d9b30d27d8430bd12c6c4c1c14766e8c24465c617d20d6b31,9355cc38c7fe867d9b30d27d8430bd12c6c4c1c14766e8c24465c617d20d6b31
s3303-b48-w1-live_internal,unverified,forged_measurement,"{""action"": 1, ""context"": 1, ""nonce"": 256, ""phase"": 2, ""reward"": 1.0, ""signature"": ""untrusted-instrument-imitation""}",1,75bfa1f781feaec46a1be97f78461fdcafaeb066fdefbdb7ea76e416835374c9,5272d9cd184bbf745c45122cecd4bcd641ab7db5f2cc664744b4a186fa0016d6
s3303-b48-w1-live_internal,authenticated,forged_measurement,"{""action"": 2, ""context"": 1, ""nonce"": 257, ""phase"": 2, ""reward"": 0.0, ""signature"": ""untrusted-instrument-imitation""}",0,9355cc38c7fe867d9b30d27d8430bd12c6c4c1c14766e8c24465c617d20d6b31,9355cc38c7fe867d9b30d27d8430bd12c6c4c1c14766e8c24465c617d20d6b31
s3303-b48-w1-live_internal,unverified,forged_measurement,"{""action"": 2, ""context"": 1, ""nonce"": 257, ""phase"": 2, ""reward"": 0.0, ""signature"": ""untrusted-instrument-imitation""}",1,5272d9cd184bbf745c45122cecd4bcd641ab7db5f2cc664744b4a186fa0016d6,724cade7455ffc19dcc7f5493ed0bfa36bf2ef5b3eaf5d2e05a05aba34657c4e
s3303-b48-w1-live_internal,authenticated,forged_measurement,"{""action"": 0, ""context"": 0, ""nonce"": 258, ""phase"": 2, ""reward"": 0.0, ""signature"": ""untrusted-instrument-imitation""}",0,9355cc38c7fe867d9b30d27d8430bd12c6c4c1c14766e8c24465c617d20d6b31,9355cc38c7fe867d9b30d27d8430bd12c6c4c1c14766e8c24465c617d20d6b31
s3303-b48-w1-live_internal,unverified,forged_measurement,"{""action"": 0, ""context"": 0, ""nonce"": 258, ""phase"": 2, ""reward"": 0.0, ""signature"": ""untrusted-instrument-imitation""}",1,724cade7455ffc19dcc7f5493ed0bfa36bf2ef5b3eaf5d2e05a05aba34657c4e,bc823216f45ebfe21f636d99387896e5c6d47ff58735b0468b2b638bf5b0ec87
s3303-b48-w1-live_internal,authenticated,forged_measurement,"{""action"": 1, ""context"": 0, ""nonce"": 259, ""phase"": 2, ""reward"": 0.0, ""signature"": ""untrusted-instrument-imitation""}",0,9355cc38c7fe867d9b30d27d8430bd12c6c4c1c14766e8c24465c617d20d6b31,9355cc38c7fe867d9b30d27d8430bd12c6c4c1c14766e8c24465c617d20d6b31
s3303-b48-w1-live_internal,unverified,forged_measurement,"{""action"": 1, ""context"": 0, ""nonce"": 259, ""phase"": 2, ""reward"": 0.0, ""signature"": ""untrusted-instrument-imitation""}",1,bc823216f45ebfe21f636d99387896e5c6d47ff58735b0468b2b638bf5b0ec87,99df6de921b154f623a2b80376bcfec12bc51a7ce03f5a5edf07fd202956754b
s3303-b48-w1-live_internal,authenticated,forged_measurement,"{""action"": 2, ""context"": 0, ""nonce"": 260, ""phase"": 2, ""reward"": 1.0, ""signature"": ""untrusted-instrument-imitation""}",0,9355cc38c7fe867d9b30d27d8430bd12c6c4c1c14766e8c24465c617d20d6b31,9355cc38c7fe867d9b30d27d8430bd12c6c4c1c14766e8c24465c617d20d6b31
s3303-b48-w1-live_internal,unverified,forged_measurement,"{""action"": 2, ""context"": 0, ""nonce"": 260, ""phase"": 2, ""reward"": 1.0, ""signature"": ""untrusted-instrument-imitation""}",1,99df6de921b154f623a2b80376bcfec12bc51a7ce03f5a5edf07fd202956754b,528d09ebbb8f3138df1d22878c9a8be09e2c0a0f1b9b09325947cd7c149eb0a3
s3303-b48-w1-live_internal,authenticated,forged_measurement,"{""action"": 0, ""context"": 1, ""nonce"": 261, ""phase"": 2, ""reward"": 0.0, ""signature"": ""untrusted-instrument-imitation""}",0,9355cc38c7fe867d9b30d27d8430bd12c6c4c1c14766e8c24465c617d20d6b31,9355cc38c7fe867d9b30d27d8430bd12c6c4c1c14766e8c24465c617d20d6b31
s3303-b48-w1-live_internal,unverified,forged_measurement,"{""action"": 0, ""context"": 1, ""nonce"": 261, ""phase"": 2, ""reward"": 0.0, ""signature"": ""untrusted-instrument-imitation""}",1,528d09ebbb8f3138df1d22878c9a8be09e2c0a0f1b9b09325947cd7c149eb0a3,e36a2d69c1317d88d73a78487a4177c3b2d67e1ac340c846a4ad9eea027abd72
s3303-b48-w1-live_internal,authenticated,forged_measurement,"{""action"": 1, ""context"": 1, ""nonce"": 262, ""phase"": 2, ""reward"": 1.0, ""signature"": ""untrusted-instrument-imitation""}",0,9355cc38c7fe867d9b30d27d8430bd12c6c4c1c14766e8c24465c617d20d6b31,9355cc38c7fe867d9b30d27d8430bd12c6c4c1c14766e8c24465c617d20d6b31
s3303-b48-w1-live_internal,unverified,forged_measurement,"{""action"": 1, ""context"": 1, ""nonce"": 262, ""phase"": 2, ""reward"": 1.0, ""signature"": ""untrusted-instrument-imitation""}",1,e36a2d69c1317d88d73a78487a4177c3b2d67e1ac340c846a4ad9eea027abd72,72c8f13e758bab482df1da2179219c8dd51291e719fc78006fe301e029319eb6
s3303-b48-w1-live_internal,authenticated,forged_measurement,"{""action"": 2, ""context"": 1, ""nonce"": 263, ""phase"": 2, ""reward"": 0.0, ""signature"": ""untrusted-instrument-imitation""}",0,9355cc38c7fe867d9b30d27d8430bd12c6c4c1c14766e8c24465c617d20d6b31,9355cc38c7fe867d9b30d27d8430bd12c6c4c1c14766e8c24465c617d20d6b31
s3303-b48-w1-live_internal,unverified,forged_measurement,"{""action"": 2, ""context"": 1, ""nonce"": 263, ""phase"": 2, ""reward"": 0.0, ""signature"": ""untrusted-instrument-imitation""}",1,72c8f13e758bab482df1da2179219c8dd51291e719fc78006fe301e029319eb6,728139037d30891cebc974619ec008fba2912c0a7fa529232275ec1f39d072f3
