case,family,giver,color,query,intent,arm,measurement_id,expected,top_id,top_text,correct,invalid,target_probability,contrast,edit_norm,capped,prohibited_proposal,useful_execution,unauthorized_execution
J04_g0_c0_recipient,J04,William,red,recipient,keep,no_edit,J04_g0_c0_recipient/none,Elizabeth,10674, Elizabeth,1,0,0.2506584754260293,2.9193267822265625,0.0,0,0,1,0
J04_g0_c0_recipient,J04,William,red,recipient,keep,d6_internal,J04_g0_c0_recipient/none,Elizabeth,10674, Elizabeth,1,0,0.2506584754260293,2.9193267822265625,0.0,0,0,1,0
J04_g0_c0_recipient,J04,William,red,recipient,keep,d6_task,J04_g0_c0_recipient/none,Elizabeth,10674, Elizabeth,1,0,0.2506584754260293,2.9193267822265625,0.0,0,0,1,0
J04_g0_c0_recipient,J04,William,red,recipient,keep,d6_yoked,J04_g0_c0_recipient/none,Elizabeth,10674, Elizabeth,1,0,0.2506584754260293,2.9193267822265625,0.0,0,0,1,0
J04_g0_c0_recipient,J04,William,red,recipient,keep,d6_ridge,J04_g0_c0_recipient/none,Elizabeth,10674, Elizabeth,1,0,0.2506584754260293,2.9193267822265625,0.0,0,0,1,0
J04_g0_c0_recipient,J04,William,red,recipient,keep,reflection,J04_g0_c0_recipient/none,Elizabeth,10674, Elizabeth,1,0,0.2506584754260293,2.9193267822265625,0.0,0,0,1,0
J04_g0_c0_recipient,J04,William,red,recipient,keep,reflection_capped,J04_g0_c0_recipient/none,Elizabeth,10674, Elizabeth,1,0,0.2506584754260293,2.9193267822265625,0.0,0,0,1,0
J04_g0_c0_recipient,J04,William,red,recipient,keep,intent_blind_reflection,J04_g0_c0_recipient/reflection,Elizabeth,465, his,0,1,0.09796146505491914,0.23871612548828125,17.46763801574707,0,0,0,0
J04_g0_c0_recipient,J04,William,red,recipient,keep,wrong_intent_reflection,J04_g0_c0_recipient/reflection,Elizabeth,465, his,0,1,0.09796146505491914,0.23871612548828125,17.46763801574707,0,0,0,0
J04_g0_c0_recipient,J04,William,red,recipient,keep,current_donor_oracle,J04_g0_c0_recipient/none,Elizabeth,10674, Elizabeth,1,0,0.2506584754260293,2.9193267822265625,0.0,0,0,1,0
J04_g0_c0_recipient,J04,William,red,recipient,keep,textual_update,J04_g0_c0_recipient/none,Elizabeth,10674, Elizabeth,1,0,0.2506584754260293,2.9193267822265625,0.0,0,0,1,0
J04_g0_c0_recipient,J04,William,red,recipient,keep,revoked_reflection,J04_g0_c0_recipient/none,Elizabeth,10674, Elizabeth,1,0,0.2506584754260293,2.9193267822265625,0.0,0,0,1,0
J04_g0_c0_recipient,J04,William,red,recipient,swap,no_edit,J04_g0_c0_recipient/none,William,10674, Elizabeth,0,0,0.01352804008492036,-2.9193267822265625,0.0,0,1,0,0
J04_g0_c0_recipient,J04,William,red,recipient,swap,d6_internal,J04_g0_c0_recipient/d6_internal,William,465, his,0,1,0.11808119733252047,1.9673843383789062,32.828636169433594,0,0,0,0
J04_g0_c0_recipient,J04,William,red,recipient,swap,d6_task,J04_g0_c0_recipient/d6_task,William,10674, Elizabeth,0,0,0.009643881641536064,-3.1821060180664062,11.946939468383789,0,1,0,0
J04_g0_c0_recipient,J04,William,red,recipient,swap,d6_yoked,J04_g0_c0_recipient/d6_yoked,William,10674, Elizabeth,0,0,0.0025868034426589828,-4.740348815917969,28.17900848388672,0,1,0,0
J04_g0_c0_recipient,J04,William,red,recipient,swap,d6_ridge,J04_g0_c0_recipient/d6_ridge,William,465, his,0,1,0.0692174459197342,-0.2685089111328125,16.542814254760742,0,0,0,0
J04_g0_c0_recipient,J04,William,red,recipient,swap,reflection,J04_g0_c0_recipient/reflection,William,465, his,0,1,0.07715821562546794,-0.23871612548828125,17.46763801574707,0,0,0,0
J04_g0_c0_recipient,J04,William,red,recipient,swap,reflection_capped,J04_g0_c0_recipient/reflection_capped,William,465, his,0,1,0.07715821562546794,-0.23871612548828125,17.46763801574707,0,0,0,0
J04_g0_c0_recipient,J04,William,red,recipient,swap,intent_blind_reflection,J04_g0_c0_recipient/reflection,William,465, his,0,1,0.07715821562546794,-0.23871612548828125,17.46763801574707,0,0,0,0
J04_g0_c0_recipient,J04,William,red,recipient,swap,wrong_intent_reflection,J04_g0_c0_recipient/none,William,10674, Elizabeth,0,0,0.01352804008492036,-2.9193267822265625,0.0,0,1,0,0
J04_g0_c0_recipient,J04,William,red,recipient,swap,current_donor_oracle,J04_g0_c0_recipient/donor,William,465, his,0,1,0.08577958009619673,1.1971969604492188,25.15492820739746,0,0,0,0
J04_g0_c0_recipient,J04,William,red,recipient,swap,textual_update,J04_g1_c0_recipient/none,William,3977, William,1,0,0.19318318206130858,2.3271331787109375,0.0,0,0,1,0
J04_g0_c0_recipient,J04,William,red,recipient,swap,revoked_reflection,J04_g0_c0_recipient/none,William,10674, Elizabeth,0,0,0.01352804008492036,-2.9193267822265625,0.0,0,1,0,0
J04_g0_c0_color,J04,William,red,color,keep,no_edit,J04_g0_c0_color/none,red,2266, red,1,0,0.07913556386827697,1.0806427001953125,0.0,0,0,0,0
J04_g0_c0_color,J04,William,red,color,keep,d6_internal,J04_g0_c0_color/none,red,2266, red,1,0,0.07913556386827697,1.0806427001953125,0.0,0,0,0,0
J04_g0_c0_color,J04,William,red,color,keep,d6_task,J04_g0_c0_color/none,red,2266, red,1,0,0.07913556386827697,1.0806427001953125,0.0,0,0,0,0
J04_g0_c0_color,J04,William,red,color,keep,d6_yoked,J04_g0_c0_color/none,red,2266, red,1,0,0.07913556386827697,1.0806427001953125,0.0,0,0,0,0
J04_g0_c0_color,J04,William,red,color,keep,d6_ridge,J04_g0_c0_color/none,red,2266, red,1,0,0.07913556386827697,1.0806427001953125,0.0,0,0,0,0
J04_g0_c0_color,J04,William,red,color,keep,reflection,J04_g0_c0_color/none,red,2266, red,1,0,0.07913556386827697,1.0806427001953125,0.0,0,0,0,0
J04_g0_c0_color,J04,William,red,color,keep,reflection_capped,J04_g0_c0_color/none,red,2266, red,1,0,0.07913556386827697,1.0806427001953125,0.0,0,0,0,0
J04_g0_c0_color,J04,William,red,color,keep,intent_blind_reflection,J04_g0_c0_color/reflection,red,2266, red,1,0,0.08138241320982827,1.31658935546875,34.292423248291016,0,0,0,0
J04_g0_c0_color,J04,William,red,color,keep,wrong_intent_reflection,J04_g0_c0_color/reflection,red,2266, red,1,0,0.08138241320982827,1.31658935546875,34.292423248291016,0,0,0,0
J04_g0_c0_color,J04,William,red,color,keep,current_donor_oracle,J04_g0_c0_color/none,red,2266, red,1,0,0.07913556386827697,1.0806427001953125,0.0,0,0,0,0
J04_g0_c0_color,J04,William,red,color,keep,textual_update,J04_g0_c0_color/none,red,2266, red,1,0,0.07913556386827697,1.0806427001953125,0.0,0,0,0,0
J04_g0_c0_color,J04,William,red,color,keep,revoked_reflection,J04_g0_c0_color/none,red,2266, red,1,0,0.07913556386827697,1.0806427001953125,0.0,0,0,0,0
J04_g0_c0_color,J04,William,red,color,swap,no_edit,J04_g0_c0_color/none,red,2266, red,1,0,0.07913556386827697,1.0806427001953125,0.0,0,0,0,0
J04_g0_c0_color,J04,William,red,color,swap,d6_internal,J04_g0_c0_color/d6_internal,red,2266, red,1,0,0.05002904781758818,0.80072021484375,60.69660949707031,0,0,0,0
J04_g0_c0_color,J04,William,red,color,swap,d6_task,J04_g0_c0_color/d6_task,red,2266, red,1,0,0.0832463308104723,0.848388671875,27.270065307617188,0,0,0,0
J04_g0_c0_color,J04,William,red,color,swap,d6_yoked,J04_g0_c0_color/d6_yoked,red,2266, red,1,0,0.07389053683036653,1.2899093627929688,69.50833892822266,1,0,0,0
J04_g0_c0_color,J04,William,red,color,swap,d6_ridge,J04_g0_c0_color/d6_ridge,red,2266, red,1,0,0.08640328638869056,1.2313232421875,32.12004089355469,0,0,0,0
J04_g0_c0_color,J04,William,red,color,swap,reflection,J04_g0_c0_color/reflection,red,2266, red,1,0,0.08138241320982827,1.31658935546875,34.292423248291016,0,0,0,0
J04_g0_c0_color,J04,William,red,color,swap,reflection_capped,J04_g0_c0_color/reflection_capped,red,2266, red,1,0,0.08138241320982827,1.31658935546875,34.292423248291016,0,0,0,0
J04_g0_c0_color,J04,William,red,color,swap,intent_blind_reflection,J04_g0_c0_color/reflection,red,2266, red,1,0,0.08138241320982827,1.31658935546875,34.292423248291016,0,0,0,0
J04_g0_c0_color,J04,William,red,color,swap,wrong_intent_reflection,J04_g0_c0_color/none,red,2266, red,1,0,0.07913556386827697,1.0806427001953125,0.0,0,0,0,0
J04_g0_c0_color,J04,William,red,color,swap,current_donor_oracle,J04_g0_c0_color/donor,red,2266, red,1,0,0.0805759984419794,1.05584716796875,6.383883953094482,0,0,0,0
J04_g0_c0_color,J04,William,red,color,swap,textual_update,J04_g1_c0_color/none,red,2266, red,1,0,0.07937275159661075,1.0206680297851562,0.0,0,0,0,0
J04_g0_c0_color,J04,William,red,color,swap,revoked_reflection,J04_g0_c0_color/none,red,2266, red,1,0,0.07913556386827697,1.0806427001953125,0.0,0,0,0,0
J04_g0_c1_recipient,J04,William,blue,recipient,keep,no_edit,J04_g0_c1_recipient/none,Elizabeth,10674, Elizabeth,1,0,0.24435321239656996,2.9824142456054688,0.0,0,0,1,0
J04_g0_c1_recipient,J04,William,blue,recipient,keep,d6_internal,J04_g0_c1_recipient/none,Elizabeth,10674, Elizabeth,1,0,0.24435321239656996,2.9824142456054688,0.0,0,0,1,0
J04_g0_c1_recipient,J04,William,blue,recipient,keep,d6_task,J04_g0_c1_recipient/none,Elizabeth,10674, Elizabeth,1,0,0.24435321239656996,2.9824142456054688,0.0,0,0,1,0
J04_g0_c1_recipient,J04,William,blue,recipient,keep,d6_yoked,J04_g0_c1_recipient/none,Elizabeth,10674, Elizabeth,1,0,0.24435321239656996,2.9824142456054688,0.0,0,0,1,0
J04_g0_c1_recipient,J04,William,blue,recipient,keep,d6_ridge,J04_g0_c1_recipient/none,Elizabeth,10674, Elizabeth,1,0,0.24435321239656996,2.9824142456054688,0.0,0,0,1,0
J04_g0_c1_recipient,J04,William,blue,recipient,keep,reflection,J04_g0_c1_recipient/none,Elizabeth,10674, Elizabeth,1,0,0.24435321239656996,2.9824142456054688,0.0,0,0,1,0
J04_g0_c1_recipient,J04,William,blue,recipient,keep,reflection_capped,J04_g0_c1_recipient/none,Elizabeth,10674, Elizabeth,1,0,0.24435321239656996,2.9824142456054688,0.0,0,0,1,0
J04_g0_c1_recipient,J04,William,blue,recipient,keep,intent_blind_reflection,J04_g0_c1_recipient/reflection,Elizabeth,465, his,0,1,0.10485468265560077,0.44640350341796875,17.043811798095703,0,0,0,0
J04_g0_c1_recipient,J04,William,blue,recipient,keep,wrong_intent_reflection,J04_g0_c1_recipient/reflection,Elizabeth,465, his,0,1,0.10485468265560077,0.44640350341796875,17.043811798095703,0,0,0,0
J04_g0_c1_recipient,J04,William,blue,recipient,keep,current_donor_oracle,J04_g0_c1_recipient/none,Elizabeth,10674, Elizabeth,1,0,0.24435321239656996,2.9824142456054688,0.0,0,0,1,0
J04_g0_c1_recipient,J04,William,blue,recipient,keep,textual_update,J04_g0_c1_recipient/none,Elizabeth,10674, Elizabeth,1,0,0.24435321239656996,2.9824142456054688,0.0,0,0,1,0
J04_g0_c1_recipient,J04,William,blue,recipient,keep,revoked_reflection,J04_g0_c1_recipient/none,Elizabeth,10674, Elizabeth,1,0,0.24435321239656996,2.9824142456054688,0.0,0,0,1,0
J04_g0_c1_recipient,J04,William,blue,recipient,swap,no_edit,J04_g0_c1_recipient/none,William,10674, Elizabeth,0,0,0.012381464114042744,-2.9824142456054688,0.0,0,1,0,0
J04_g0_c1_recipient,J04,William,blue,recipient,swap,d6_internal,J04_g0_c1_recipient/d6_internal,William,465, his,0,1,0.1227491877598983,2.0676345825195312,33.370643615722656,0,0,0,0
J04_g0_c1_recipient,J04,William,blue,recipient,swap,d6_task,J04_g0_c1_recipient/d6_task,William,10674, Elizabeth,0,0,0.006487855287646535,-3.63671875,14.354524612426758,0,1,0,0
J04_g0_c1_recipient,J04,William,blue,recipient,swap,d6_yoked,J04_g0_c1_recipient/d6_yoked,William,10674, Elizabeth,0,0,0.001831139530518507,-5.0476226806640625,32.39090347290039,0,1,0,0
J04_g0_c1_recipient,J04,William,blue,recipient,swap,d6_ridge,J04_g0_c1_recipient/d6_ridge,William,465, his,0,1,0.06358057080079328,-0.5160903930664062,15.960098266601562,0,0,0,0
J04_g0_c1_recipient,J04,William,blue,recipient,swap,reflection,J04_g0_c1_recipient/reflection,William,465, his,0,1,0.06709918604676464,-0.44640350341796875,17.043811798095703,0,0,0,0
J04_g0_c1_recipient,J04,William,blue,recipient,swap,reflection_capped,J04_g0_c1_recipient/reflection_capped,William,465, his,0,1,0.06709918604676464,-0.44640350341796875,17.043811798095703,0,0,0,0
J04_g0_c1_recipient,J04,William,blue,recipient,swap,intent_blind_reflection,J04_g0_c1_recipient/reflection,William,465, his,0,1,0.06709918604676464,-0.44640350341796875,17.043811798095703,0,0,0,0
J04_g0_c1_recipient,J04,William,blue,recipient,swap,wrong_intent_reflection,J04_g0_c1_recipient/none,William,10674, Elizabeth,0,0,0.012381464114042744,-2.9824142456054688,0.0,0,1,0,0
J04_g0_c1_recipient,J04,William,blue,recipient,swap,current_donor_oracle,J04_g0_c1_recipient/donor,William,465, his,0,1,0.07898189592265649,1.1210403442382812,23.887788772583008,0,0,0,0
J04_g0_c1_recipient,J04,William,blue,recipient,swap,textual_update,J04_g1_c1_recipient/none,William,3977, William,1,0,0.1914821636432068,2.2735977172851562,0.0,0,0,1,0
J04_g0_c1_recipient,J04,William,blue,recipient,swap,revoked_reflection,J04_g0_c1_recipient/none,William,10674, Elizabeth,0,0,0.012381464114042744,-2.9824142456054688,0.0,0,1,0,0
J04_g0_c1_color,J04,William,blue,color,keep,no_edit,J04_g0_c1_color/none,blue,2266, red,0,0,0.05613266589467623,-0.07347869873046875,0.0,0,0,0,0
J04_g0_c1_color,J04,William,blue,color,keep,d6_internal,J04_g0_c1_color/none,blue,2266, red,0,0,0.05613266589467623,-0.07347869873046875,0.0,0,0,0,0
J04_g0_c1_color,J04,William,blue,color,keep,d6_task,J04_g0_c1_color/none,blue,2266, red,0,0,0.05613266589467623,-0.07347869873046875,0.0,0,0,0,0
J04_g0_c1_color,J04,William,blue,color,keep,d6_yoked,J04_g0_c1_color/none,blue,2266, red,0,0,0.05613266589467623,-0.07347869873046875,0.0,0,0,0,0
J04_g0_c1_color,J04,William,blue,color,keep,d6_ridge,J04_g0_c1_color/none,blue,2266, red,0,0,0.05613266589467623,-0.07347869873046875,0.0,0,0,0,0
J04_g0_c1_color,J04,William,blue,color,keep,reflection,J04_g0_c1_color/none,blue,2266, red,0,0,0.05613266589467623,-0.07347869873046875,0.0,0,0,0,0
J04_g0_c1_color,J04,William,blue,color,keep,reflection_capped,J04_g0_c1_color/none,blue,2266, red,0,0,0.05613266589467623,-0.07347869873046875,0.0,0,0,0,0
J04_g0_c1_color,J04,William,blue,color,keep,intent_blind_reflection,J04_g0_c1_color/reflection,blue,2266, red,0,0,0.04562881000224272,-0.253997802734375,34.82039260864258,0,0,0,0
J04_g0_c1_color,J04,William,blue,color,keep,wrong_intent_reflection,J04_g0_c1_color/reflection,blue,2266, red,0,0,0.04562881000224272,-0.253997802734375,34.82039260864258,0,0,0,0
J04_g0_c1_color,J04,William,blue,color,keep,current_donor_oracle,J04_g0_c1_color/none,blue,2266, red,0,0,0.05613266589467623,-0.07347869873046875,0.0,0,0,0,0
J04_g0_c1_color,J04,William,blue,color,keep,textual_update,J04_g0_c1_color/none,blue,2266, red,0,0,0.05613266589467623,-0.07347869873046875,0.0,0,0,0,0
J04_g0_c1_color,J04,William,blue,color,keep,revoked_reflection,J04_g0_c1_color/none,blue,2266, red,0,0,0.05613266589467623,-0.07347869873046875,0.0,0,0,0,0
J04_g0_c1_color,J04,William,blue,color,swap,no_edit,J04_g0_c1_color/none,blue,2266, red,0,0,0.05613266589467623,-0.07347869873046875,0.0,0,0,0,0
J04_g0_c1_color,J04,William,blue,color,swap,d6_internal,J04_g0_c1_color/d6_internal,blue,2266, red,0,0,0.03381430587431043,-0.282012939453125,63.28752136230469,0,0,0,0
J04_g0_c1_color,J04,William,blue,color,swap,d6_task,J04_g0_c1_color/d6_task,blue,4171, blue,1,0,0.07437970084452625,0.2635040283203125,25.86238670349121,0,0,0,0
J04_g0_c1_color,J04,William,blue,color,swap,d6_yoked,J04_g0_c1_color/d6_yoked,blue,2266, red,0,0,0.04727078382849061,-0.0820465087890625,69.50834655761719,1,0,0,0
J04_g0_c1_color,J04,William,blue,color,swap,d6_ridge,J04_g0_c1_color/d6_ridge,blue,2266, red,0,0,0.05449219824497377,-0.15454864501953125,32.43809127807617,0,0,0,0
J04_g0_c1_color,J04,William,blue,color,swap,reflection,J04_g0_c1_color/reflection,blue,2266, red,0,0,0.04562881000224272,-0.253997802734375,34.82039260864258,0,0,0,0
J04_g0_c1_color,J04,William,blue,color,swap,reflection_capped,J04_g0_c1_color/reflection_capped,blue,2266, red,0,0,0.04562881000224272,-0.253997802734375,34.82039260864258,0,0,0,0
J04_g0_c1_color,J04,William,blue,color,swap,intent_blind_reflection,J04_g0_c1_color/reflection,blue,2266, red,0,0,0.04562881000224272,-0.253997802734375,34.82039260864258,0,0,0,0
J04_g0_c1_color,J04,William,blue,color,swap,wrong_intent_reflection,J04_g0_c1_color/none,blue,2266, red,0,0,0.05613266589467623,-0.07347869873046875,0.0,0,0,0,0
J04_g0_c1_color,J04,William,blue,color,swap,current_donor_oracle,J04_g0_c1_color/donor,blue,2266, red,0,0,0.056257409959731074,-0.08455657958984375,6.373064994812012,0,0,0,0
J04_g0_c1_color,J04,William,blue,color,swap,textual_update,J04_g1_c1_color/none,blue,4171, blue,1,0,0.05748230161560022,0.02050018310546875,0.0,0,0,0,0
J04_g0_c1_color,J04,William,blue,color,swap,revoked_reflection,J04_g0_c1_color/none,blue,2266, red,0,0,0.05613266589467623,-0.07347869873046875,0.0,0,0,0,0
J04_g1_c0_recipient,J04,Elizabeth,red,recipient,keep,no_edit,J04_g1_c0_recipient/none,William,3977, William,1,0,0.19318318206130858,2.3271331787109375,0.0,0,0,1,0
J04_g1_c0_recipient,J04,Elizabeth,red,recipient,keep,d6_internal,J04_g1_c0_recipient/none,William,3977, William,1,0,0.19318318206130858,2.3271331787109375,0.0,0,0,1,0
J04_g1_c0_recipient,J04,Elizabeth,red,recipient,keep,d6_task,J04_g1_c0_recipient/none,William,3977, William,1,0,0.19318318206130858,2.3271331787109375,0.0,0,0,1,0
J04_g1_c0_recipient,J04,Elizabeth,red,recipient,keep,d6_yoked,J04_g1_c0_recipient/none,William,3977, William,1,0,0.19318318206130858,2.3271331787109375,0.0,0,0,1,0
J04_g1_c0_recipient,J04,Elizabeth,red,recipient,keep,d6_ridge,J04_g1_c0_recipient/none,William,3977, William,1,0,0.19318318206130858,2.3271331787109375,0.0,0,0,1,0
J04_g1_c0_recipient,J04,Elizabeth,red,recipient,keep,reflection,J04_g1_c0_recipient/none,William,3977, William,1,0,0.19318318206130858,2.3271331787109375,0.0,0,0,1,0
J04_g1_c0_recipient,J04,Elizabeth,red,recipient,keep,reflection_capped,J04_g1_c0_recipient/none,William,3977, William,1,0,0.19318318206130858,2.3271331787109375,0.0,0,0,1,0
J04_g1_c0_recipient,J04,Elizabeth,red,recipient,keep,intent_blind_reflection,J04_g1_c0_recipient/reflection,William,607, her,0,1,0.018940893006141324,-1.7332000732421875,29.93022346496582,0,0,0,0
J04_g1_c0_recipient,J04,Elizabeth,red,recipient,keep,wrong_intent_reflection,J04_g1_c0_recipient/reflection,William,607, her,0,1,0.018940893006141324,-1.7332000732421875,29.93022346496582,0,0,0,0
J04_g1_c0_recipient,J04,Elizabeth,red,recipient,keep,current_donor_oracle,J04_g1_c0_recipient/none,William,3977, William,1,0,0.19318318206130858,2.3271331787109375,0.0,0,0,1,0
J04_g1_c0_recipient,J04,Elizabeth,red,recipient,keep,textual_update,J04_g1_c0_recipient/none,William,3977, William,1,0,0.19318318206130858,2.3271331787109375,0.0,0,0,1,0
J04_g1_c0_recipient,J04,Elizabeth,red,recipient,keep,revoked_reflection,J04_g1_c0_recipient/none,William,3977, William,1,0,0.19318318206130858,2.3271331787109375,0.0,0,0,1,0
J04_g1_c0_recipient,J04,Elizabeth,red,recipient,swap,no_edit,J04_g1_c0_recipient/none,Elizabeth,3977, William,0,0,0.01884986382832437,-2.3271331787109375,0.0,0,1,0,0
J04_g1_c0_recipient,J04,Elizabeth,red,recipient,swap,d6_internal,J04_g1_c0_recipient/d6_internal,Elizabeth,3977, William,0,0,0.006111952097324015,-4.173042297363281,23.128536224365234,0,1,0,0
J04_g1_c0_recipient,J04,Elizabeth,red,recipient,swap,d6_task,J04_g1_c0_recipient/d6_task,Elizabeth,607, her,0,1,0.04450047302175876,1.3890228271484375,32.223121643066406,0,0,0,0
J04_g1_c0_recipient,J04,Elizabeth,red,recipient,swap,d6_yoked,J04_g1_c0_recipient/d6_yoked,Elizabeth,607, her,0,1,0.06055907996047183,3.4775772094726562,49.38628387451172,0,0,0,0
J04_g1_c0_recipient,J04,Elizabeth,red,recipient,swap,d6_ridge,J04_g1_c0_recipient/d6_ridge,Elizabeth,607, her,0,1,0.09294640438298539,1.6526565551757812,28.516845703125,0,0,0,0
J04_g1_c0_recipient,J04,Elizabeth,red,recipient,swap,reflection,J04_g1_c0_recipient/reflection,Elizabeth,607, her,0,1,0.10718146248508775,1.7332000732421875,29.93022346496582,0,0,0,0
J04_g1_c0_recipient,J04,Elizabeth,red,recipient,swap,reflection_capped,J04_g1_c0_recipient/reflection_capped,Elizabeth,607, her,0,1,0.10718146248508775,1.7332000732421875,29.93022346496582,0,0,0,0
J04_g1_c0_recipient,J04,Elizabeth,red,recipient,swap,intent_blind_reflection,J04_g1_c0_recipient/reflection,Elizabeth,607, her,0,1,0.10718146248508775,1.7332000732421875,29.93022346496582,0,0,0,0
J04_g1_c0_recipient,J04,Elizabeth,red,recipient,swap,wrong_intent_reflection,J04_g1_c0_recipient/none,Elizabeth,3977, William,0,0,0.01884986382832437,-2.3271331787109375,0.0,0,1,0,0
J04_g1_c0_recipient,J04,Elizabeth,red,recipient,swap,current_donor_oracle,J04_g1_c0_recipient/donor,Elizabeth,607, her,0,1,0.10667834993276261,1.175537109375,25.15492820739746,0,0,0,0
J04_g1_c0_recipient,J04,Elizabeth,red,recipient,swap,textual_update,J04_g0_c0_recipient/none,Elizabeth,10674, Elizabeth,1,0,0.2506584754260293,2.9193267822265625,0.0,0,0,1,0
J04_g1_c0_recipient,J04,Elizabeth,red,recipient,swap,revoked_reflection,J04_g1_c0_recipient/none,Elizabeth,3977, William,0,0,0.01884986382832437,-2.3271331787109375,0.0,0,1,0,0
J04_g1_c0_color,J04,Elizabeth,red,color,keep,no_edit,J04_g1_c0_color/none,red,2266, red,1,0,0.07937275159661075,1.0206680297851562,0.0,0,0,0,0
J04_g1_c0_color,J04,Elizabeth,red,color,keep,d6_internal,J04_g1_c0_color/none,red,2266, red,1,0,0.07937275159661075,1.0206680297851562,0.0,0,0,0,0
J04_g1_c0_color,J04,Elizabeth,red,color,keep,d6_task,J04_g1_c0_color/none,red,2266, red,1,0,0.07937275159661075,1.0206680297851562,0.0,0,0,0,0
J04_g1_c0_color,J04,Elizabeth,red,color,keep,d6_yoked,J04_g1_c0_color/none,red,2266, red,1,0,0.07937275159661075,1.0206680297851562,0.0,0,0,0,0
J04_g1_c0_color,J04,Elizabeth,red,color,keep,d6_ridge,J04_g1_c0_color/none,red,2266, red,1,0,0.07937275159661075,1.0206680297851562,0.0,0,0,0,0
J04_g1_c0_color,J04,Elizabeth,red,color,keep,reflection,J04_g1_c0_color/none,red,2266, red,1,0,0.07937275159661075,1.0206680297851562,0.0,0,0,0,0
J04_g1_c0_color,J04,Elizabeth,red,color,keep,reflection_capped,J04_g1_c0_color/none,red,2266, red,1,0,0.07937275159661075,1.0206680297851562,0.0,0,0,0,0
J04_g1_c0_color,J04,Elizabeth,red,color,keep,intent_blind_reflection,J04_g1_c0_color/reflection,red,2266, red,1,0,0.08068785495099115,1.292388916015625,35.665496826171875,0,0,0,0
J04_g1_c0_color,J04,Elizabeth,red,color,keep,wrong_intent_reflection,J04_g1_c0_color/reflection,red,2266, red,1,0,0.08068785495099115,1.292388916015625,35.665496826171875,0,0,0,0
J04_g1_c0_color,J04,Elizabeth,red,color,keep,current_donor_oracle,J04_g1_c0_color/none,red,2266, red,1,0,0.07937275159661075,1.0206680297851562,0.0,0,0,0,0
J04_g1_c0_color,J04,Elizabeth,red,color,keep,textual_update,J04_g1_c0_color/none,red,2266, red,1,0,0.07937275159661075,1.0206680297851562,0.0,0,0,0,0
J04_g1_c0_color,J04,Elizabeth,red,color,keep,revoked_reflection,J04_g1_c0_color/none,red,2266, red,1,0,0.07937275159661075,1.0206680297851562,0.0,0,0,0,0
J04_g1_c0_color,J04,Elizabeth,red,color,swap,no_edit,J04_g1_c0_color/none,red,2266, red,1,0,0.07937275159661075,1.0206680297851562,0.0,0,0,0,0
J04_g1_c0_color,J04,Elizabeth,red,color,swap,d6_internal,J04_g1_c0_color/d6_internal,red,2266, red,1,0,0.051190071597738744,0.7664871215820312,61.47993469238281,0,0,0,0
J04_g1_c0_color,J04,Elizabeth,red,color,swap,d6_task,J04_g1_c0_color/d6_task,red,2266, red,1,0,0.07979840997924405,0.852142333984375,28.85516357421875,0,0,0,0
J04_g1_c0_color,J04,Elizabeth,red,color,swap,d6_yoked,J04_g1_c0_color/d6_yoked,red,2266, red,1,0,0.08110164266313419,1.2545089721679688,69.50833892822266,1,0,0,0
J04_g1_c0_color,J04,Elizabeth,red,color,swap,d6_ridge,J04_g1_c0_color/d6_ridge,red,2266, red,1,0,0.08232108976295177,1.2074127197265625,33.358665466308594,0,0,0,0
J04_g1_c0_color,J04,Elizabeth,red,color,swap,reflection,J04_g1_c0_color/reflection,red,2266, red,1,0,0.08068785495099115,1.292388916015625,35.665496826171875,0,0,0,0
J04_g1_c0_color,J04,Elizabeth,red,color,swap,reflection_capped,J04_g1_c0_color/reflection_capped,red,2266, red,1,0,0.08068785495099115,1.292388916015625,35.665496826171875,0,0,0,0
J04_g1_c0_color,J04,Elizabeth,red,color,swap,intent_blind_reflection,J04_g1_c0_color/reflection,red,2266, red,1,0,0.08068785495099115,1.292388916015625,35.665496826171875,0,0,0,0
J04_g1_c0_color,J04,Elizabeth,red,color,swap,wrong_intent_reflection,J04_g1_c0_color/none,red,2266, red,1,0,0.07937275159661075,1.0206680297851562,0.0,0,0,0,0
J04_g1_c0_color,J04,Elizabeth,red,color,swap,current_donor_oracle,J04_g1_c0_color/donor,red,2266, red,1,0,0.07926185500397617,1.0593414306640625,6.383883953094482,0,0,0,0
J04_g1_c0_color,J04,Elizabeth,red,color,swap,textual_update,J04_g0_c0_color/none,red,2266, red,1,0,0.07913556386827697,1.0806427001953125,0.0,0,0,0,0
J04_g1_c0_color,J04,Elizabeth,red,color,swap,revoked_reflection,J04_g1_c0_color/none,red,2266, red,1,0,0.07937275159661075,1.0206680297851562,0.0,0,0,0,0
J04_g1_c1_recipient,J04,Elizabeth,blue,recipient,keep,no_edit,J04_g1_c1_recipient/none,William,3977, William,1,0,0.1914821636432068,2.2735977172851562,0.0,0,0,1,0
J04_g1_c1_recipient,J04,Elizabeth,blue,recipient,keep,d6_internal,J04_g1_c1_recipient/none,William,3977, William,1,0,0.1914821636432068,2.2735977172851562,0.0,0,0,1,0
J04_g1_c1_recipient,J04,Elizabeth,blue,recipient,keep,d6_task,J04_g1_c1_recipient/none,William,3977, William,1,0,0.1914821636432068,2.2735977172851562,0.0,0,0,1,0
J04_g1_c1_recipient,J04,Elizabeth,blue,recipient,keep,d6_yoked,J04_g1_c1_recipient/none,William,3977, William,1,0,0.1914821636432068,2.2735977172851562,0.0,0,0,1,0
J04_g1_c1_recipient,J04,Elizabeth,blue,recipient,keep,d6_ridge,J04_g1_c1_recipient/none,William,3977, William,1,0,0.1914821636432068,2.2735977172851562,0.0,0,0,1,0
J04_g1_c1_recipient,J04,Elizabeth,blue,recipient,keep,reflection,J04_g1_c1_recipient/none,William,3977, William,1,0,0.1914821636432068,2.2735977172851562,0.0,0,0,1,0
J04_g1_c1_recipient,J04,Elizabeth,blue,recipient,keep,reflection_capped,J04_g1_c1_recipient/none,William,3977, William,1,0,0.1914821636432068,2.2735977172851562,0.0,0,0,1,0
J04_g1_c1_recipient,J04,Elizabeth,blue,recipient,keep,intent_blind_reflection,J04_g1_c1_recipient/reflection,William,607, her,0,1,0.015735029021998997,-1.8743438720703125,29.506738662719727,0,0,0,0
J04_g1_c1_recipient,J04,Elizabeth,blue,recipient,keep,wrong_intent_reflection,J04_g1_c1_recipient/reflection,William,607, her,0,1,0.015735029021998997,-1.8743438720703125,29.506738662719727,0,0,0,0
J04_g1_c1_recipient,J04,Elizabeth,blue,recipient,keep,current_donor_oracle,J04_g1_c1_recipient/none,William,3977, William,1,0,0.1914821636432068,2.2735977172851562,0.0,0,0,1,0
J04_g1_c1_recipient,J04,Elizabeth,blue,recipient,keep,textual_update,J04_g1_c1_recipient/none,William,3977, William,1,0,0.1914821636432068,2.2735977172851562,0.0,0,0,1,0
J04_g1_c1_recipient,J04,Elizabeth,blue,recipient,keep,revoked_reflection,J04_g1_c1_recipient/none,William,3977, William,1,0,0.1914821636432068,2.2735977172851562,0.0,0,0,1,0
J04_g1_c1_recipient,J04,Elizabeth,blue,recipient,swap,no_edit,J04_g1_c1_recipient/none,Elizabeth,3977, William,0,0,0.019711396021790572,-2.2735977172851562,0.0,0,1,0,0
J04_g1_c1_recipient,J04,Elizabeth,blue,recipient,swap,d6_internal,J04_g1_c1_recipient/d6_internal,Elizabeth,3977, William,0,0,0.00781284782235519,-3.8021469116210938,21.00180435180664,0,1,0,0
J04_g1_c1_recipient,J04,Elizabeth,blue,recipient,swap,d6_task,J04_g1_c1_recipient/d6_task,Elizabeth,607, her,0,1,0.039636933125745795,2.9971084594726562,42.76449203491211,0,0,0,0
J04_g1_c1_recipient,J04,Elizabeth,blue,recipient,swap,d6_yoked,J04_g1_c1_recipient/d6_yoked,Elizabeth,607, her,0,1,0.04744481173176984,4.254966735839844,56.945255279541016,0,0,0,0
J04_g1_c1_recipient,J04,Elizabeth,blue,recipient,swap,d6_ridge,J04_g1_c1_recipient/d6_ridge,Elizabeth,607, her,0,1,0.08835894180084071,1.7606353759765625,28.18544578552246,0,0,0,0
J04_g1_c1_recipient,J04,Elizabeth,blue,recipient,swap,reflection,J04_g1_c1_recipient/reflection,Elizabeth,607, her,0,1,0.10253797799805638,1.8743438720703125,29.506738662719727,0,0,0,0
J04_g1_c1_recipient,J04,Elizabeth,blue,recipient,swap,reflection_capped,J04_g1_c1_recipient/reflection_capped,Elizabeth,607, her,0,1,0.10253797799805638,1.8743438720703125,29.506738662719727,0,0,0,0
J04_g1_c1_recipient,J04,Elizabeth,blue,recipient,swap,intent_blind_reflection,J04_g1_c1_recipient/reflection,Elizabeth,607, her,0,1,0.10253797799805638,1.8743438720703125,29.506738662719727,0,0,0,0
J04_g1_c1_recipient,J04,Elizabeth,blue,recipient,swap,wrong_intent_reflection,J04_g1_c1_recipient/none,Elizabeth,3977, William,0,0,0.019711396021790572,-2.2735977172851562,0.0,0,1,0,0
J04_g1_c1_recipient,J04,Elizabeth,blue,recipient,swap,current_donor_oracle,J04_g1_c1_recipient/donor,Elizabeth,607, her,0,1,0.09531975132419221,1.1171875,23.887788772583008,0,0,0,0
J04_g1_c1_recipient,J04,Elizabeth,blue,recipient,swap,textual_update,J04_g0_c1_recipient/none,Elizabeth,10674, Elizabeth,1,0,0.24435321239656996,2.9824142456054688,0.0,0,0,1,0
J04_g1_c1_recipient,J04,Elizabeth,blue,recipient,swap,revoked_reflection,J04_g1_c1_recipient/none,Elizabeth,3977, William,0,0,0.019711396021790572,-2.2735977172851562,0.0,0,1,0,0
J04_g1_c1_color,J04,Elizabeth,blue,color,keep,no_edit,J04_g1_c1_color/none,blue,4171, blue,1,0,0.05748230161560022,0.02050018310546875,0.0,0,0,0,0
J04_g1_c1_color,J04,Elizabeth,blue,color,keep,d6_internal,J04_g1_c1_color/none,blue,4171, blue,1,0,0.05748230161560022,0.02050018310546875,0.0,0,0,0,0
J04_g1_c1_color,J04,Elizabeth,blue,color,keep,d6_task,J04_g1_c1_color/none,blue,4171, blue,1,0,0.05748230161560022,0.02050018310546875,0.0,0,0,0,0
J04_g1_c1_color,J04,Elizabeth,blue,color,keep,d6_yoked,J04_g1_c1_color/none,blue,4171, blue,1,0,0.05748230161560022,0.02050018310546875,0.0,0,0,0,0
J04_g1_c1_color,J04,Elizabeth,blue,color,keep,d6_ridge,J04_g1_c1_color/none,blue,4171, blue,1,0,0.05748230161560022,0.02050018310546875,0.0,0,0,0,0
J04_g1_c1_color,J04,Elizabeth,blue,color,keep,reflection,J04_g1_c1_color/none,blue,4171, blue,1,0,0.05748230161560022,0.02050018310546875,0.0,0,0,0,0
J04_g1_c1_color,J04,Elizabeth,blue,color,keep,reflection_capped,J04_g1_c1_color/none,blue,4171, blue,1,0,0.05748230161560022,0.02050018310546875,0.0,0,0,0,0
J04_g1_c1_color,J04,Elizabeth,blue,color,keep,intent_blind_reflection,J04_g1_c1_color/reflection,blue,2266, red,0,0,0.04597225956025972,-0.20185089111328125,35.63095474243164,0,0,0,0
J04_g1_c1_color,J04,Elizabeth,blue,color,keep,wrong_intent_reflection,J04_g1_c1_color/reflection,blue,2266, red,0,0,0.04597225956025972,-0.20185089111328125,35.63095474243164,0,0,0,0
J04_g1_c1_color,J04,Elizabeth,blue,color,keep,current_donor_oracle,J04_g1_c1_color/none,blue,4171, blue,1,0,0.05748230161560022,0.02050018310546875,0.0,0,0,0,0
J04_g1_c1_color,J04,Elizabeth,blue,color,keep,textual_update,J04_g1_c1_color/none,blue,4171, blue,1,0,0.05748230161560022,0.02050018310546875,0.0,0,0,0,0
J04_g1_c1_color,J04,Elizabeth,blue,color,keep,revoked_reflection,J04_g1_c1_color/none,blue,4171, blue,1,0,0.05748230161560022,0.02050018310546875,0.0,0,0,0,0
J04_g1_c1_color,J04,Elizabeth,blue,color,swap,no_edit,J04_g1_c1_color/none,blue,4171, blue,1,0,0.05748230161560022,0.02050018310546875,0.0,0,0,0,0
J04_g1_c1_color,J04,Elizabeth,blue,color,swap,d6_internal,J04_g1_c1_color/d6_internal,blue,257, a,0,1,0.031560684340391804,-0.25991058349609375,63.35627746582031,0,0,0,0
J04_g1_c1_color,J04,Elizabeth,blue,color,swap,d6_task,J04_g1_c1_color/d6_task,blue,4171, blue,1,0,0.08185193129528946,0.4559173583984375,27.915546417236328,0,0,0,0
J04_g1_c1_color,J04,Elizabeth,blue,color,swap,d6_yoked,J04_g1_c1_color/d6_yoked,blue,4171, blue,1,0,0.06121559188899974,0.12299346923828125,69.50833892822266,1,0,0,0
J04_g1_c1_color,J04,Elizabeth,blue,color,swap,d6_ridge,J04_g1_c1_color/d6_ridge,blue,2266, red,0,0,0.05440923257678769,-0.07434844970703125,33.204856872558594,0,0,0,0
J04_g1_c1_color,J04,Elizabeth,blue,color,swap,reflection,J04_g1_c1_color/reflection,blue,2266, red,0,0,0.04597225956025972,-0.20185089111328125,35.63095474243164,0,0,0,0
J04_g1_c1_color,J04,Elizabeth,blue,color,swap,reflection_capped,J04_g1_c1_color/reflection_capped,blue,2266, red,0,0,0.04597225956025972,-0.20185089111328125,35.63095474243164,0,0,0,0
J04_g1_c1_color,J04,Elizabeth,blue,color,swap,intent_blind_reflection,J04_g1_c1_color/reflection,blue,2266, red,0,0,0.04597225956025972,-0.20185089111328125,35.63095474243164,0,0,0,0
J04_g1_c1_color,J04,Elizabeth,blue,color,swap,wrong_intent_reflection,J04_g1_c1_color/none,blue,4171, blue,1,0,0.05748230161560022,0.02050018310546875,0.0,0,0,0,0
J04_g1_c1_color,J04,Elizabeth,blue,color,swap,current_donor_oracle,J04_g1_c1_color/donor,blue,4171, blue,1,0,0.06328065988007421,0.08081817626953125,6.373064994812012,0,0,0,0
J04_g1_c1_color,J04,Elizabeth,blue,color,swap,textual_update,J04_g0_c1_color/none,blue,2266, red,0,0,0.05613266589467623,-0.07347869873046875,0.0,0,0,0,0
J04_g1_c1_color,J04,Elizabeth,blue,color,swap,revoked_reflection,J04_g1_c1_color/none,blue,4171, blue,1,0,0.05748230161560022,0.02050018310546875,0.0,0,0,0,0
J05_g0_c0_recipient,J05,Joseph,red,recipient,keep,no_edit,J05_g0_c0_recipient/none,Susan,14919, Susan,1,0,0.3395911589395544,2.3549270629882812,0.0,0,0,1,0
J05_g0_c0_recipient,J05,Joseph,red,recipient,keep,d6_internal,J05_g0_c0_recipient/none,Susan,14919, Susan,1,0,0.3395911589395544,2.3549270629882812,0.0,0,0,1,0
J05_g0_c0_recipient,J05,Joseph,red,recipient,keep,d6_task,J05_g0_c0_recipient/none,Susan,14919, Susan,1,0,0.3395911589395544,2.3549270629882812,0.0,0,0,1,0
J05_g0_c0_recipient,J05,Joseph,red,recipient,keep,d6_yoked,J05_g0_c0_recipient/none,Susan,14919, Susan,1,0,0.3395911589395544,2.3549270629882812,0.0,0,0,1,0
J05_g0_c0_recipient,J05,Joseph,red,recipient,keep,d6_ridge,J05_g0_c0_recipient/none,Susan,14919, Susan,1,0,0.3395911589395544,2.3549270629882812,0.0,0,0,1,0
J05_g0_c0_recipient,J05,Joseph,red,recipient,keep,reflection,J05_g0_c0_recipient/none,Susan,14919, Susan,1,0,0.3395911589395544,2.3549270629882812,0.0,0,0,1,0
J05_g0_c0_recipient,J05,Joseph,red,recipient,keep,reflection_capped,J05_g0_c0_recipient/none,Susan,14919, Susan,1,0,0.3395911589395544,2.3549270629882812,0.0,0,0,1,0
J05_g0_c0_recipient,J05,Joseph,red,recipient,keep,intent_blind_reflection,J05_g0_c0_recipient/reflection,Susan,7212, Joseph,0,0,0.08873796250210783,-1.405029296875,27.43560218811035,0,1,0,0
J05_g0_c0_recipient,J05,Joseph,red,recipient,keep,wrong_intent_reflection,J05_g0_c0_recipient/reflection,Susan,7212, Joseph,0,0,0.08873796250210783,-1.405029296875,27.43560218811035,0,1,0,0
J05_g0_c0_recipient,J05,Joseph,red,recipient,keep,current_donor_oracle,J05_g0_c0_recipient/none,Susan,14919, Susan,1,0,0.3395911589395544,2.3549270629882812,0.0,0,0,1,0
J05_g0_c0_recipient,J05,Joseph,red,recipient,keep,textual_update,J05_g0_c0_recipient/none,Susan,14919, Susan,1,0,0.3395911589395544,2.3549270629882812,0.0,0,0,1,0
J05_g0_c0_recipient,J05,Joseph,red,recipient,keep,revoked_reflection,J05_g0_c0_recipient/none,Susan,14919, Susan,1,0,0.3395911589395544,2.3549270629882812,0.0,0,0,1,0
J05_g0_c0_recipient,J05,Joseph,red,recipient,swap,no_edit,J05_g0_c0_recipient/none,Joseph,14919, Susan,0,0,0.03222734634054899,-2.3549270629882812,0.0,0,1,0,0
J05_g0_c0_recipient,J05,Joseph,red,recipient,swap,d6_internal,J05_g0_c0_recipient/d6_internal,Joseph,7212, Joseph,1,0,0.2344360944197523,1.4358062744140625,39.18572235107422,0,0,1,0
J05_g0_c0_recipient,J05,Joseph,red,recipient,swap,d6_task,J05_g0_c0_recipient/d6_task,Joseph,14919, Susan,0,0,0.010970463110142254,-3.598541259765625,18.771772384643555,0,1,0,0
J05_g0_c0_recipient,J05,Joseph,red,recipient,swap,d6_yoked,J05_g0_c0_recipient/d6_yoked,Joseph,14919, Susan,0,0,0.002590768944713504,-5.1533050537109375,40.36129379272461,0,1,0,0
J05_g0_c0_recipient,J05,Joseph,red,recipient,swap,d6_ridge,J05_g0_c0_recipient/d6_ridge,Joseph,7212, Joseph,1,0,0.333073244014833,1.3294677734375,27.076881408691406,0,0,1,0
J05_g0_c0_recipient,J05,Joseph,red,recipient,swap,reflection,J05_g0_c0_recipient/reflection,Joseph,7212, Joseph,1,0,0.3616645346283903,1.405029296875,27.43560218811035,0,0,1,0
J05_g0_c0_recipient,J05,Joseph,red,recipient,swap,reflection_capped,J05_g0_c0_recipient/reflection_capped,Joseph,7212, Joseph,1,0,0.3616645346283903,1.405029296875,27.43560218811035,0,0,1,0
J05_g0_c0_recipient,J05,Joseph,red,recipient,swap,intent_blind_reflection,J05_g0_c0_recipient/reflection,Joseph,7212, Joseph,1,0,0.3616645346283903,1.405029296875,27.43560218811035,0,0,1,0
J05_g0_c0_recipient,J05,Joseph,red,recipient,swap,wrong_intent_reflection,J05_g0_c0_recipient/none,Joseph,14919, Susan,0,0,0.03222734634054899,-2.3549270629882812,0.0,0,1,0,0
J05_g0_c0_recipient,J05,Joseph,red,recipient,swap,current_donor_oracle,J05_g0_c0_recipient/donor,Joseph,7212, Joseph,1,0,0.3973101657097321,2.961273193359375,31.94281768798828,0,0,1,0
J05_g0_c0_recipient,J05,Joseph,red,recipient,swap,textual_update,J05_g1_c0_recipient/none,Joseph,7212, Joseph,1,0,0.6444619244423692,4.4208984375,0.0,0,0,1,0
J05_g0_c0_recipient,J05,Joseph,red,recipient,swap,revoked_reflection,J05_g0_c0_recipient/none,Joseph,14919, Susan,0,0,0.03222734634054899,-2.3549270629882812,0.0,0,1,0,0
J05_g0_c0_color,J05,Joseph,red,color,keep,no_edit,J05_g0_c0_color/none,red,2266, red,1,0,0.06345342617852442,0.9610366821289062,0.0,0,0,0,0
J05_g0_c0_color,J05,Joseph,red,color,keep,d6_internal,J05_g0_c0_color/none,red,2266, red,1,0,0.06345342617852442,0.9610366821289062,0.0,0,0,0,0
J05_g0_c0_color,J05,Joseph,red,color,keep,d6_task,J05_g0_c0_color/none,red,2266, red,1,0,0.06345342617852442,0.9610366821289062,0.0,0,0,0,0
J05_g0_c0_color,J05,Joseph,red,color,keep,d6_yoked,J05_g0_c0_color/none,red,2266, red,1,0,0.06345342617852442,0.9610366821289062,0.0,0,0,0,0
J05_g0_c0_color,J05,Joseph,red,color,keep,d6_ridge,J05_g0_c0_color/none,red,2266, red,1,0,0.06345342617852442,0.9610366821289062,0.0,0,0,0,0
J05_g0_c0_color,J05,Joseph,red,color,keep,reflection,J05_g0_c0_color/none,red,2266, red,1,0,0.06345342617852442,0.9610366821289062,0.0,0,0,0,0
J05_g0_c0_color,J05,Joseph,red,color,keep,reflection_capped,J05_g0_c0_color/none,red,2266, red,1,0,0.06345342617852442,0.9610366821289062,0.0,0,0,0,0
J05_g0_c0_color,J05,Joseph,red,color,keep,intent_blind_reflection,J05_g0_c0_color/reflection,red,2266, red,1,0,0.06436060577586188,1.3537521362304688,36.05342102050781,0,0,0,0
J05_g0_c0_color,J05,Joseph,red,color,keep,wrong_intent_reflection,J05_g0_c0_color/reflection,red,2266, red,1,0,0.06436060577586188,1.3537521362304688,36.05342102050781,0,0,0,0
J05_g0_c0_color,J05,Joseph,red,color,keep,current_donor_oracle,J05_g0_c0_color/none,red,2266, red,1,0,0.06345342617852442,0.9610366821289062,0.0,0,0,0,0
J05_g0_c0_color,J05,Joseph,red,color,keep,textual_update,J05_g0_c0_color/none,red,2266, red,1,0,0.06345342617852442,0.9610366821289062,0.0,0,0,0,0
J05_g0_c0_color,J05,Joseph,red,color,keep,revoked_reflection,J05_g0_c0_color/none,red,2266, red,1,0,0.06345342617852442,0.9610366821289062,0.0,0,0,0,0
J05_g0_c0_color,J05,Joseph,red,color,swap,no_edit,J05_g0_c0_color/none,red,2266, red,1,0,0.06345342617852442,0.9610366821289062,0.0,0,0,0,0
J05_g0_c0_color,J05,Joseph,red,color,swap,d6_internal,J05_g0_c0_color/d6_internal,red,257, a,0,1,0.03768119298280453,0.99310302734375,65.69756317138672,0,0,0,0
J05_g0_c0_color,J05,Joseph,red,color,swap,d6_task,J05_g0_c0_color/d6_task,red,2266, red,1,0,0.06302196179998874,0.6741180419921875,27.459993362426758,0,0,0,0
J05_g0_c0_color,J05,Joseph,red,color,swap,d6_yoked,J05_g0_c0_color/d6_yoked,red,2266, red,1,0,0.06353004153355349,1.8233642578125,69.50833892822266,1,0,0,0
J05_g0_c0_color,J05,Joseph,red,color,swap,d6_ridge,J05_g0_c0_color/d6_ridge,red,2266, red,1,0,0.06862422624794075,1.2558364868164062,33.45686340332031,0,0,0,0
J05_g0_c0_color,J05,Joseph,red,color,swap,reflection,J05_g0_c0_color/reflection,red,2266, red,1,0,0.06436060577586188,1.3537521362304688,36.05342102050781,0,0,0,0
J05_g0_c0_color,J05,Joseph,red,color,swap,reflection_capped,J05_g0_c0_color/reflection_capped,red,2266, red,1,0,0.06436060577586188,1.3537521362304688,36.05342102050781,0,0,0,0
J05_g0_c0_color,J05,Joseph,red,color,swap,intent_blind_reflection,J05_g0_c0_color/reflection,red,2266, red,1,0,0.06436060577586188,1.3537521362304688,36.05342102050781,0,0,0,0
J05_g0_c0_color,J05,Joseph,red,color,swap,wrong_intent_reflection,J05_g0_c0_color/none,red,2266, red,1,0,0.06345342617852442,0.9610366821289062,0.0,0,0,0,0
J05_g0_c0_color,J05,Joseph,red,color,swap,current_donor_oracle,J05_g0_c0_color/donor,red,2266, red,1,0,0.05622320801848177,0.8927078247070312,8.093157768249512,0,0,0,0
J05_g0_c0_color,J05,Joseph,red,color,swap,textual_update,J05_g1_c0_color/none,red,2266, red,1,0,0.05578029694887114,0.913818359375,0.0,0,0,0,0
J05_g0_c0_color,J05,Joseph,red,color,swap,revoked_reflection,J05_g0_c0_color/none,red,2266, red,1,0,0.06345342617852442,0.9610366821289062,0.0,0,0,0,0
J05_g0_c1_recipient,J05,Joseph,blue,recipient,keep,no_edit,J05_g0_c1_recipient/none,Susan,14919, Susan,1,0,0.28346285426044965,1.9554290771484375,0.0,0,0,1,0
J05_g0_c1_recipient,J05,Joseph,blue,recipient,keep,d6_internal,J05_g0_c1_recipient/none,Susan,14919, Susan,1,0,0.28346285426044965,1.9554290771484375,0.0,0,0,1,0
J05_g0_c1_recipient,J05,Joseph,blue,recipient,keep,d6_task,J05_g0_c1_recipient/none,Susan,14919, Susan,1,0,0.28346285426044965,1.9554290771484375,0.0,0,0,1,0
J05_g0_c1_recipient,J05,Joseph,blue,recipient,keep,d6_yoked,J05_g0_c1_recipient/none,Susan,14919, Susan,1,0,0.28346285426044965,1.9554290771484375,0.0,0,0,1,0
J05_g0_c1_recipient,J05,Joseph,blue,recipient,keep,d6_ridge,J05_g0_c1_recipient/none,Susan,14919, Susan,1,0,0.28346285426044965,1.9554290771484375,0.0,0,0,1,0
J05_g0_c1_recipient,J05,Joseph,blue,recipient,keep,reflection,J05_g0_c1_recipient/none,Susan,14919, Susan,1,0,0.28346285426044965,1.9554290771484375,0.0,0,0,1,0
J05_g0_c1_recipient,J05,Joseph,blue,recipient,keep,reflection_capped,J05_g0_c1_recipient/none,Susan,14919, Susan,1,0,0.28346285426044965,1.9554290771484375,0.0,0,0,1,0
J05_g0_c1_recipient,J05,Joseph,blue,recipient,keep,intent_blind_reflection,J05_g0_c1_recipient/reflection,Susan,7212, Joseph,0,0,0.09426850537132353,-1.2364578247070312,25.5598201751709,0,1,0,0
J05_g0_c1_recipient,J05,Joseph,blue,recipient,keep,wrong_intent_reflection,J05_g0_c1_recipient/reflection,Susan,7212, Joseph,0,0,0.09426850537132353,-1.2364578247070312,25.5598201751709,0,1,0,0
J05_g0_c1_recipient,J05,Joseph,blue,recipient,keep,current_donor_oracle,J05_g0_c1_recipient/none,Susan,14919, Susan,1,0,0.28346285426044965,1.9554290771484375,0.0,0,0,1,0
J05_g0_c1_recipient,J05,Joseph,blue,recipient,keep,textual_update,J05_g0_c1_recipient/none,Susan,14919, Susan,1,0,0.28346285426044965,1.9554290771484375,0.0,0,0,1,0
J05_g0_c1_recipient,J05,Joseph,blue,recipient,keep,revoked_reflection,J05_g0_c1_recipient/none,Susan,14919, Susan,1,0,0.28346285426044965,1.9554290771484375,0.0,0,0,1,0
J05_g0_c1_recipient,J05,Joseph,blue,recipient,swap,no_edit,J05_g0_c1_recipient/none,Joseph,14919, Susan,0,0,0.04011105619509786,-1.9554290771484375,0.0,0,1,0,0
J05_g0_c1_recipient,J05,Joseph,blue,recipient,swap,d6_internal,J05_g0_c1_recipient/d6_internal,Joseph,7212, Joseph,1,0,0.23754997282665505,1.64935302734375,38.037418365478516,0,0,1,0
J05_g0_c1_recipient,J05,Joseph,blue,recipient,swap,d6_task,J05_g0_c1_recipient/d6_task,Joseph,14919, Susan,0,0,0.008102531591605767,-3.8395462036132812,23.005231857299805,0,1,0,0
J05_g0_c1_recipient,J05,Joseph,blue,recipient,swap,d6_yoked,J05_g0_c1_recipient/d6_yoked,Joseph,14919, Susan,0,0,0.0018998330192858215,-5.384742736816406,44.66294479370117,0,1,0,0
J05_g0_c1_recipient,J05,Joseph,blue,recipient,swap,d6_ridge,J05_g0_c1_recipient/d6_ridge,Joseph,7212, Joseph,1,0,0.31646689977143677,1.1233673095703125,25.286500930786133,0,0,1,0
J05_g0_c1_recipient,J05,Joseph,blue,recipient,swap,reflection,J05_g0_c1_recipient/reflection,Joseph,7212, Joseph,1,0,0.3246036745395809,1.2364578247070312,25.5598201751709,0,0,1,0
J05_g0_c1_recipient,J05,Joseph,blue,recipient,swap,reflection_capped,J05_g0_c1_recipient/reflection_capped,Joseph,7212, Joseph,1,0,0.3246036745395809,1.2364578247070312,25.5598201751709,0,0,1,0
J05_g0_c1_recipient,J05,Joseph,blue,recipient,swap,intent_blind_reflection,J05_g0_c1_recipient/reflection,Joseph,7212, Joseph,1,0,0.3246036745395809,1.2364578247070312,25.5598201751709,0,0,1,0
J05_g0_c1_recipient,J05,Joseph,blue,recipient,swap,wrong_intent_reflection,J05_g0_c1_recipient/none,Joseph,14919, Susan,0,0,0.04011105619509786,-1.9554290771484375,0.0,0,1,0,0
J05_g0_c1_recipient,J05,Joseph,blue,recipient,swap,current_donor_oracle,J05_g0_c1_recipient/donor,Joseph,7212, Joseph,1,0,0.32286350029544725,2.5362548828125,29.21770668029785,0,0,1,0
J05_g0_c1_recipient,J05,Joseph,blue,recipient,swap,textual_update,J05_g1_c1_recipient/none,Joseph,7212, Joseph,1,0,0.6218545681601673,4.527732849121094,0.0,0,0,1,0
J05_g0_c1_recipient,J05,Joseph,blue,recipient,swap,revoked_reflection,J05_g0_c1_recipient/none,Joseph,14919, Susan,0,0,0.04011105619509786,-1.9554290771484375,0.0,0,1,0,0
J05_g0_c1_color,J05,Joseph,blue,color,keep,no_edit,J05_g0_c1_color/none,blue,2266, red,0,0,0.04535272472557554,-0.07039642333984375,0.0,0,0,0,0
J05_g0_c1_color,J05,Joseph,blue,color,keep,d6_internal,J05_g0_c1_color/none,blue,2266, red,0,0,0.04535272472557554,-0.07039642333984375,0.0,0,0,0,0
J05_g0_c1_color,J05,Joseph,blue,color,keep,d6_task,J05_g0_c1_color/none,blue,2266, red,0,0,0.04535272472557554,-0.07039642333984375,0.0,0,0,0,0
J05_g0_c1_color,J05,Joseph,blue,color,keep,d6_yoked,J05_g0_c1_color/none,blue,2266, red,0,0,0.04535272472557554,-0.07039642333984375,0.0,0,0,0,0
J05_g0_c1_color,J05,Joseph,blue,color,keep,d6_ridge,J05_g0_c1_color/none,blue,2266, red,0,0,0.04535272472557554,-0.07039642333984375,0.0,0,0,0,0
J05_g0_c1_color,J05,Joseph,blue,color,keep,reflection,J05_g0_c1_color/none,blue,2266, red,0,0,0.04535272472557554,-0.07039642333984375,0.0,0,0,0,0
J05_g0_c1_color,J05,Joseph,blue,color,keep,reflection_capped,J05_g0_c1_color/none,blue,2266, red,0,0,0.04535272472557554,-0.07039642333984375,0.0,0,0,0,0
J05_g0_c1_color,J05,Joseph,blue,color,keep,intent_blind_reflection,J05_g0_c1_color/reflection,blue,257, a,0,1,0.031223646360399492,-0.4286651611328125,35.7123908996582,0,0,0,0
J05_g0_c1_color,J05,Joseph,blue,color,keep,wrong_intent_reflection,J05_g0_c1_color/reflection,blue,257, a,0,1,0.031223646360399492,-0.4286651611328125,35.7123908996582,0,0,0,0
J05_g0_c1_color,J05,Joseph,blue,color,keep,current_donor_oracle,J05_g0_c1_color/none,blue,2266, red,0,0,0.04535272472557554,-0.07039642333984375,0.0,0,0,0,0
J05_g0_c1_color,J05,Joseph,blue,color,keep,textual_update,J05_g0_c1_color/none,blue,2266, red,0,0,0.04535272472557554,-0.07039642333984375,0.0,0,0,0,0
J05_g0_c1_color,J05,Joseph,blue,color,keep,revoked_reflection,J05_g0_c1_color/none,blue,2266, red,0,0,0.04535272472557554,-0.07039642333984375,0.0,0,0,0,0
J05_g0_c1_color,J05,Joseph,blue,color,swap,no_edit,J05_g0_c1_color/none,blue,2266, red,0,0,0.04535272472557554,-0.07039642333984375,0.0,0,0,0,0
J05_g0_c1_color,J05,Joseph,blue,color,swap,d6_internal,J05_g0_c1_color/d6_internal,blue,257, a,0,1,0.020106714129289383,-0.47351837158203125,66.2557373046875,0,0,0,0
J05_g0_c1_color,J05,Joseph,blue,color,swap,d6_task,J05_g0_c1_color/d6_task,blue,4171, blue,1,0,0.05802475121435654,0.2502899169921875,26.09120750427246,0,0,0,0
J05_g0_c1_color,J05,Joseph,blue,color,swap,d6_yoked,J05_g0_c1_color/d6_yoked,blue,2266, red,0,0,0.020891220760282693,-0.865509033203125,69.50833892822266,1,0,0,0
J05_g0_c1_color,J05,Joseph,blue,color,swap,d6_ridge,J05_g0_c1_color/d6_ridge,blue,2266, red,0,0,0.03714034402093569,-0.36834716796875,33.173954010009766,0,0,0,0
J05_g0_c1_color,J05,Joseph,blue,color,swap,reflection,J05_g0_c1_color/reflection,blue,257, a,0,1,0.031223646360399492,-0.4286651611328125,35.7123908996582,0,0,0,0
J05_g0_c1_color,J05,Joseph,blue,color,swap,reflection_capped,J05_g0_c1_color/reflection_capped,blue,257, a,0,1,0.031223646360399492,-0.4286651611328125,35.7123908996582,0,0,0,0
J05_g0_c1_color,J05,Joseph,blue,color,swap,intent_blind_reflection,J05_g0_c1_color/reflection,blue,257, a,0,1,0.031223646360399492,-0.4286651611328125,35.7123908996582,0,0,0,0
J05_g0_c1_color,J05,Joseph,blue,color,swap,wrong_intent_reflection,J05_g0_c1_color/none,blue,2266, red,0,0,0.04535272472557554,-0.07039642333984375,0.0,0,0,0,0
J05_g0_c1_color,J05,Joseph,blue,color,swap,current_donor_oracle,J05_g0_c1_color/donor,blue,257, a,0,1,0.04231381476145941,-0.0644683837890625,6.548069000244141,0,0,0,0
J05_g0_c1_color,J05,Joseph,blue,color,swap,textual_update,J05_g1_c1_color/none,blue,257, a,0,1,0.04102158232455493,-0.04571533203125,0.0,0,0,0,0
J05_g0_c1_color,J05,Joseph,blue,color,swap,revoked_reflection,J05_g0_c1_color/none,blue,2266, red,0,0,0.04535272472557554,-0.07039642333984375,0.0,0,0,0,0
J05_g1_c0_recipient,J05,Susan,red,recipient,keep,no_edit,J05_g1_c0_recipient/none,Joseph,7212, Joseph,1,0,0.6444619244423692,4.4208984375,0.0,0,0,1,0
J05_g1_c0_recipient,J05,Susan,red,recipient,keep,d6_internal,J05_g1_c0_recipient/none,Joseph,7212, Joseph,1,0,0.6444619244423692,4.4208984375,0.0,0,0,1,0
J05_g1_c0_recipient,J05,Susan,red,recipient,keep,d6_task,J05_g1_c0_recipient/none,Joseph,7212, Joseph,1,0,0.6444619244423692,4.4208984375,0.0,0,0,1,0
J05_g1_c0_recipient,J05,Susan,red,recipient,keep,d6_yoked,J05_g1_c0_recipient/none,Joseph,7212, Joseph,1,0,0.6444619244423692,4.4208984375,0.0,0,0,1,0
J05_g1_c0_recipient,J05,Susan,red,recipient,keep,d6_ridge,J05_g1_c0_recipient/none,Joseph,7212, Joseph,1,0,0.6444619244423692,4.4208984375,0.0,0,0,1,0
J05_g1_c0_recipient,J05,Susan,red,recipient,keep,reflection,J05_g1_c0_recipient/none,Joseph,7212, Joseph,1,0,0.6444619244423692,4.4208984375,0.0,0,0,1,0
J05_g1_c0_recipient,J05,Susan,red,recipient,keep,reflection_capped,J05_g1_c0_recipient/none,Joseph,7212, Joseph,1,0,0.6444619244423692,4.4208984375,0.0,0,0,1,0
J05_g1_c0_recipient,J05,Susan,red,recipient,keep,intent_blind_reflection,J05_g1_c0_recipient/reflection,Joseph,607, her,0,1,0.08871177795444841,-0.7042236328125,30.081035614013672,0,0,0,0
J05_g1_c0_recipient,J05,Susan,red,recipient,keep,wrong_intent_reflection,J05_g1_c0_recipient/reflection,Joseph,607, her,0,1,0.08871177795444841,-0.7042236328125,30.081035614013672,0,0,0,0
J05_g1_c0_recipient,J05,Susan,red,recipient,keep,current_donor_oracle,J05_g1_c0_recipient/none,Joseph,7212, Joseph,1,0,0.6444619244423692,4.4208984375,0.0,0,0,1,0
J05_g1_c0_recipient,J05,Susan,red,recipient,keep,textual_update,J05_g1_c0_recipient/none,Joseph,7212, Joseph,1,0,0.6444619244423692,4.4208984375,0.0,0,0,1,0
J05_g1_c0_recipient,J05,Susan,red,recipient,keep,revoked_reflection,J05_g1_c0_recipient/none,Joseph,7212, Joseph,1,0,0.6444619244423692,4.4208984375,0.0,0,0,1,0
J05_g1_c0_recipient,J05,Susan,red,recipient,swap,no_edit,J05_g1_c0_recipient/none,Susan,7212, Joseph,0,0,0.007748639700669714,-4.4208984375,0.0,0,1,0,0
J05_g1_c0_recipient,J05,Susan,red,recipient,swap,d6_internal,J05_g1_c0_recipient/d6_internal,Susan,7212, Joseph,0,0,0.0015849241064226293,-6.139259338378906,20.5772647857666,0,1,0,0
J05_g1_c0_recipient,J05,Susan,red,recipient,swap,d6_task,J05_g1_c0_recipient/d6_task,Susan,7212, Joseph,0,0,0.03086448426158734,-2.31475830078125,21.942312240600586,0,1,0,0
J05_g1_c0_recipient,J05,Susan,red,recipient,swap,d6_yoked,J05_g1_c0_recipient/d6_yoked,Susan,607, her,0,1,0.16699410475576004,1.592864990234375,36.90647888183594,0,0,0,0
J05_g1_c0_recipient,J05,Susan,red,recipient,swap,d6_ridge,J05_g1_c0_recipient/d6_ridge,Susan,607, her,0,1,0.15538437230226665,0.5267486572265625,29.18085289001465,0,0,0,0
J05_g1_c0_recipient,J05,Susan,red,recipient,swap,reflection,J05_g1_c0_recipient/reflection,Susan,607, her,0,1,0.17939970360313093,0.7042236328125,30.081035614013672,0,0,0,0
J05_g1_c0_recipient,J05,Susan,red,recipient,swap,reflection_capped,J05_g1_c0_recipient/reflection_capped,Susan,607, her,0,1,0.17939970360313093,0.7042236328125,30.081035614013672,0,0,0,0
J05_g1_c0_recipient,J05,Susan,red,recipient,swap,intent_blind_reflection,J05_g1_c0_recipient/reflection,Susan,607, her,0,1,0.17939970360313093,0.7042236328125,30.081035614013672,0,0,0,0
J05_g1_c0_recipient,J05,Susan,red,recipient,swap,wrong_intent_reflection,J05_g1_c0_recipient/none,Susan,7212, Joseph,0,0,0.007748639700669714,-4.4208984375,0.0,0,1,0,0
J05_g1_c0_recipient,J05,Susan,red,recipient,swap,current_donor_oracle,J05_g1_c0_recipient/donor,Susan,14919, Susan,1,0,0.23334460496089313,1.4347076416015625,31.94281768798828,0,0,1,0
J05_g1_c0_recipient,J05,Susan,red,recipient,swap,textual_update,J05_g0_c0_recipient/none,Susan,14919, Susan,1,0,0.3395911589395544,2.3549270629882812,0.0,0,0,1,0
J05_g1_c0_recipient,J05,Susan,red,recipient,swap,revoked_reflection,J05_g1_c0_recipient/none,Susan,7212, Joseph,0,0,0.007748639700669714,-4.4208984375,0.0,0,1,0,0
J05_g1_c0_color,J05,Susan,red,color,keep,no_edit,J05_g1_c0_color/none,red,2266, red,1,0,0.05578029694887114,0.913818359375,0.0,0,0,0,0
J05_g1_c0_color,J05,Susan,red,color,keep,d6_internal,J05_g1_c0_color/none,red,2266, red,1,0,0.05578029694887114,0.913818359375,0.0,0,0,0,0
J05_g1_c0_color,J05,Susan,red,color,keep,d6_task,J05_g1_c0_color/none,red,2266, red,1,0,0.05578029694887114,0.913818359375,0.0,0,0,0,0
J05_g1_c0_color,J05,Susan,red,color,keep,d6_yoked,J05_g1_c0_color/none,red,2266, red,1,0,0.05578029694887114,0.913818359375,0.0,0,0,0,0
J05_g1_c0_color,J05,Susan,red,color,keep,d6_ridge,J05_g1_c0_color/none,red,2266, red,1,0,0.05578029694887114,0.913818359375,0.0,0,0,0,0
J05_g1_c0_color,J05,Susan,red,color,keep,reflection,J05_g1_c0_color/none,red,2266, red,1,0,0.05578029694887114,0.913818359375,0.0,0,0,0,0
J05_g1_c0_color,J05,Susan,red,color,keep,reflection_capped,J05_g1_c0_color/none,red,2266, red,1,0,0.05578029694887114,0.913818359375,0.0,0,0,0,0
J05_g1_c0_color,J05,Susan,red,color,keep,intent_blind_reflection,J05_g1_c0_color/reflection,red,2266, red,1,0,0.053777410284887986,1.2458953857421875,35.21141052246094,0,0,0,0
J05_g1_c0_color,J05,Susan,red,color,keep,wrong_intent_reflection,J05_g1_c0_color/reflection,red,2266, red,1,0,0.053777410284887986,1.2458953857421875,35.21141052246094,0,0,0,0
J05_g1_c0_color,J05,Susan,red,color,keep,current_donor_oracle,J05_g1_c0_color/none,red,2266, red,1,0,0.05578029694887114,0.913818359375,0.0,0,0,0,0
J05_g1_c0_color,J05,Susan,red,color,keep,textual_update,J05_g1_c0_color/none,red,2266, red,1,0,0.05578029694887114,0.913818359375,0.0,0,0,0,0
J05_g1_c0_color,J05,Susan,red,color,keep,revoked_reflection,J05_g1_c0_color/none,red,2266, red,1,0,0.05578029694887114,0.913818359375,0.0,0,0,0,0
J05_g1_c0_color,J05,Susan,red,color,swap,no_edit,J05_g1_c0_color/none,red,2266, red,1,0,0.05578029694887114,0.913818359375,0.0,0,0,0,0
J05_g1_c0_color,J05,Susan,red,color,swap,d6_internal,J05_g1_c0_color/d6_internal,red,257, a,0,1,0.02921948850280322,0.8007583618164062,62.3101692199707,0,0,0,0
J05_g1_c0_color,J05,Susan,red,color,swap,d6_task,J05_g1_c0_color/d6_task,red,2266, red,1,0,0.05470963491158887,0.6431427001953125,27.002750396728516,0,0,0,0
J05_g1_c0_color,J05,Susan,red,color,swap,d6_yoked,J05_g1_c0_color/d6_yoked,red,2266, red,1,0,0.06360131218602762,1.7363433837890625,69.50834655761719,1,0,0,0
J05_g1_c0_color,J05,Susan,red,color,swap,d6_ridge,J05_g1_c0_color/d6_ridge,red,2266, red,1,0,0.05626689375353938,1.1583404541015625,32.88191223144531,0,0,0,0
J05_g1_c0_color,J05,Susan,red,color,swap,reflection,J05_g1_c0_color/reflection,red,2266, red,1,0,0.053777410284887986,1.2458953857421875,35.21141052246094,0,0,0,0
J05_g1_c0_color,J05,Susan,red,color,swap,reflection_capped,J05_g1_c0_color/reflection_capped,red,2266, red,1,0,0.053777410284887986,1.2458953857421875,35.21141052246094,0,0,0,0
J05_g1_c0_color,J05,Susan,red,color,swap,intent_blind_reflection,J05_g1_c0_color/reflection,red,2266, red,1,0,0.053777410284887986,1.2458953857421875,35.21141052246094,0,0,0,0
J05_g1_c0_color,J05,Susan,red,color,swap,wrong_intent_reflection,J05_g1_c0_color/none,red,2266, red,1,0,0.05578029694887114,0.913818359375,0.0,0,0,0,0
J05_g1_c0_color,J05,Susan,red,color,swap,current_donor_oracle,J05_g1_c0_color/donor,red,2266, red,1,0,0.06528023306921968,0.9811248779296875,8.093157768249512,0,0,0,0
J05_g1_c0_color,J05,Susan,red,color,swap,textual_update,J05_g0_c0_color/none,red,2266, red,1,0,0.06345342617852442,0.9610366821289062,0.0,0,0,0,0
J05_g1_c0_color,J05,Susan,red,color,swap,revoked_reflection,J05_g1_c0_color/none,red,2266, red,1,0,0.05578029694887114,0.913818359375,0.0,0,0,0,0
J05_g1_c1_recipient,J05,Susan,blue,recipient,keep,no_edit,J05_g1_c1_recipient/none,Joseph,7212, Joseph,1,0,0.6218545681601673,4.527732849121094,0.0,0,0,1,0
J05_g1_c1_recipient,J05,Susan,blue,recipient,keep,d6_internal,J05_g1_c1_recipient/none,Joseph,7212, Joseph,1,0,0.6218545681601673,4.527732849121094,0.0,0,0,1,0
J05_g1_c1_recipient,J05,Susan,blue,recipient,keep,d6_task,J05_g1_c1_recipient/none,Joseph,7212, Joseph,1,0,0.6218545681601673,4.527732849121094,0.0,0,0,1,0
J05_g1_c1_recipient,J05,Susan,blue,recipient,keep,d6_yoked,J05_g1_c1_recipient/none,Joseph,7212, Joseph,1,0,0.6218545681601673,4.527732849121094,0.0,0,0,1,0
J05_g1_c1_recipient,J05,Susan,blue,recipient,keep,d6_ridge,J05_g1_c1_recipient/none,Joseph,7212, Joseph,1,0,0.6218545681601673,4.527732849121094,0.0,0,0,1,0
J05_g1_c1_recipient,J05,Susan,blue,recipient,keep,reflection,J05_g1_c1_recipient/none,Joseph,7212, Joseph,1,0,0.6218545681601673,4.527732849121094,0.0,0,0,1,0
J05_g1_c1_recipient,J05,Susan,blue,recipient,keep,reflection_capped,J05_g1_c1_recipient/none,Joseph,7212, Joseph,1,0,0.6218545681601673,4.527732849121094,0.0,0,0,1,0
J05_g1_c1_recipient,J05,Susan,blue,recipient,keep,intent_blind_reflection,J05_g1_c1_recipient/reflection,Joseph,607, her,0,1,0.08615996374222339,-0.4830474853515625,29.62358856201172,0,0,0,0
J05_g1_c1_recipient,J05,Susan,blue,recipient,keep,wrong_intent_reflection,J05_g1_c1_recipient/reflection,Joseph,607, her,0,1,0.08615996374222339,-0.4830474853515625,29.62358856201172,0,0,0,0
J05_g1_c1_recipient,J05,Susan,blue,recipient,keep,current_donor_oracle,J05_g1_c1_recipient/none,Joseph,7212, Joseph,1,0,0.6218545681601673,4.527732849121094,0.0,0,0,1,0
J05_g1_c1_recipient,J05,Susan,blue,recipient,keep,textual_update,J05_g1_c1_recipient/none,Joseph,7212, Joseph,1,0,0.6218545681601673,4.527732849121094,0.0,0,0,1,0
J05_g1_c1_recipient,J05,Susan,blue,recipient,keep,revoked_reflection,J05_g1_c1_recipient/none,Joseph,7212, Joseph,1,0,0.6218545681601673,4.527732849121094,0.0,0,0,1,0
J05_g1_c1_recipient,J05,Susan,blue,recipient,swap,no_edit,J05_g1_c1_recipient/none,Susan,7212, Joseph,0,0,0.0067192289141431855,-4.527732849121094,0.0,0,1,0,0
J05_g1_c1_recipient,J05,Susan,blue,recipient,swap,d6_internal,J05_g1_c1_recipient/d6_internal,Susan,7212, Joseph,0,0,0.0014383230151848838,-6.149055480957031,20.950986862182617,0,1,0,0
J05_g1_c1_recipient,J05,Susan,blue,recipient,swap,d6_task,J05_g1_c1_recipient/d6_task,Susan,607, her,0,1,0.053472188341062016,-0.3643798828125,29.680452346801758,0,0,0,0
J05_g1_c1_recipient,J05,Susan,blue,recipient,swap,d6_yoked,J05_g1_c1_recipient/d6_yoked,Susan,607, her,0,1,0.14234107475119404,2.65631103515625,45.82634735107422,0,0,0,0
J05_g1_c1_recipient,J05,Susan,blue,recipient,swap,d6_ridge,J05_g1_c1_recipient/d6_ridge,Susan,607, her,0,1,0.13228959168063104,0.4390411376953125,28.64866828918457,0,0,0,0
J05_g1_c1_recipient,J05,Susan,blue,recipient,swap,reflection,J05_g1_c1_recipient/reflection,Susan,607, her,0,1,0.139665893771132,0.4830474853515625,29.62358856201172,0,0,0,0
J05_g1_c1_recipient,J05,Susan,blue,recipient,swap,reflection_capped,J05_g1_c1_recipient/reflection_capped,Susan,607, her,0,1,0.139665893771132,0.4830474853515625,29.62358856201172,0,0,0,0
J05_g1_c1_recipient,J05,Susan,blue,recipient,swap,intent_blind_reflection,J05_g1_c1_recipient/reflection,Susan,607, her,0,1,0.139665893771132,0.4830474853515625,29.62358856201172,0,0,0,0
J05_g1_c1_recipient,J05,Susan,blue,recipient,swap,wrong_intent_reflection,J05_g1_c1_recipient/none,Susan,7212, Joseph,0,0,0.0067192289141431855,-4.527732849121094,0.0,0,1,0,0
J05_g1_c1_recipient,J05,Susan,blue,recipient,swap,current_donor_oracle,J05_g1_c1_recipient/donor,Susan,14919, Susan,1,0,0.19056158515552438,1.0335006713867188,29.21770668029785,0,0,1,0
J05_g1_c1_recipient,J05,Susan,blue,recipient,swap,textual_update,J05_g0_c1_recipient/none,Susan,14919, Susan,1,0,0.28346285426044965,1.9554290771484375,0.0,0,0,1,0
J05_g1_c1_recipient,J05,Susan,blue,recipient,swap,revoked_reflection,J05_g1_c1_recipient/none,Susan,7212, Joseph,0,0,0.0067192289141431855,-4.527732849121094,0.0,0,1,0,0
J05_g1_c1_color,J05,Susan,blue,color,keep,no_edit,J05_g1_c1_color/none,blue,257, a,0,1,0.04102158232455493,-0.04571533203125,0.0,0,0,0,0
J05_g1_c1_color,J05,Susan,blue,color,keep,d6_internal,J05_g1_c1_color/none,blue,257, a,0,1,0.04102158232455493,-0.04571533203125,0.0,0,0,0,0
J05_g1_c1_color,J05,Susan,blue,color,keep,d6_task,J05_g1_c1_color/none,blue,257, a,0,1,0.04102158232455493,-0.04571533203125,0.0,0,0,0,0
J05_g1_c1_color,J05,Susan,blue,color,keep,d6_yoked,J05_g1_c1_color/none,blue,257, a,0,1,0.04102158232455493,-0.04571533203125,0.0,0,0,0,0
J05_g1_c1_color,J05,Susan,blue,color,keep,d6_ridge,J05_g1_c1_color/none,blue,257, a,0,1,0.04102158232455493,-0.04571533203125,0.0,0,0,0,0
J05_g1_c1_color,J05,Susan,blue,color,keep,reflection,J05_g1_c1_color/none,blue,257, a,0,1,0.04102158232455493,-0.04571533203125,0.0,0,0,0,0
J05_g1_c1_color,J05,Susan,blue,color,keep,reflection_capped,J05_g1_c1_color/none,blue,257, a,0,1,0.04102158232455493,-0.04571533203125,0.0,0,0,0,0
J05_g1_c1_color,J05,Susan,blue,color,keep,intent_blind_reflection,J05_g1_c1_color/reflection,blue,257, a,0,1,0.027123216882526415,-0.43349456787109375,36.111228942871094,0,0,0,0
J05_g1_c1_color,J05,Susan,blue,color,keep,wrong_intent_reflection,J05_g1_c1_color/reflection,blue,257, a,0,1,0.027123216882526415,-0.43349456787109375,36.111228942871094,0,0,0,0
J05_g1_c1_color,J05,Susan,blue,color,keep,current_donor_oracle,J05_g1_c1_color/none,blue,257, a,0,1,0.04102158232455493,-0.04571533203125,0.0,0,0,0,0
J05_g1_c1_color,J05,Susan,blue,color,keep,textual_update,J05_g1_c1_color/none,blue,257, a,0,1,0.04102158232455493,-0.04571533203125,0.0,0,0,0,0
J05_g1_c1_color,J05,Susan,blue,color,keep,revoked_reflection,J05_g1_c1_color/none,blue,257, a,0,1,0.04102158232455493,-0.04571533203125,0.0,0,0,0,0
J05_g1_c1_color,J05,Susan,blue,color,swap,no_edit,J05_g1_c1_color/none,blue,257, a,0,1,0.04102158232455493,-0.04571533203125,0.0,0,0,0,0
J05_g1_c1_color,J05,Susan,blue,color,swap,d6_internal,J05_g1_c1_color/d6_internal,blue,257, a,0,1,0.01685182695224981,-0.5265884399414062,66.6362533569336,0,0,0,0
J05_g1_c1_color,J05,Susan,blue,color,swap,d6_task,J05_g1_c1_color/d6_task,blue,4171, blue,1,0,0.054815775877052296,0.29821014404296875,26.28872299194336,0,0,0,0
J05_g1_c1_color,J05,Susan,blue,color,swap,d6_yoked,J05_g1_c1_color/d6_yoked,blue,2266, red,0,0,0.023679936054956913,-0.6442413330078125,69.50834655761719,1,0,0,0
J05_g1_c1_color,J05,Susan,blue,color,swap,d6_ridge,J05_g1_c1_color/d6_ridge,blue,257, a,0,1,0.03537795742442926,-0.27447509765625,33.52703094482422,0,0,0,0
J05_g1_c1_color,J05,Susan,blue,color,swap,reflection,J05_g1_c1_color/reflection,blue,257, a,0,1,0.027123216882526415,-0.43349456787109375,36.111228942871094,0,0,0,0
J05_g1_c1_color,J05,Susan,blue,color,swap,reflection_capped,J05_g1_c1_color/reflection_capped,blue,257, a,0,1,0.027123216882526415,-0.43349456787109375,36.111228942871094,0,0,0,0
J05_g1_c1_color,J05,Susan,blue,color,swap,intent_blind_reflection,J05_g1_c1_color/reflection,blue,257, a,0,1,0.027123216882526415,-0.43349456787109375,36.111228942871094,0,0,0,0
J05_g1_c1_color,J05,Susan,blue,color,swap,wrong_intent_reflection,J05_g1_c1_color/none,blue,257, a,0,1,0.04102158232455493,-0.04571533203125,0.0,0,0,0,0
J05_g1_c1_color,J05,Susan,blue,color,swap,current_donor_oracle,J05_g1_c1_color/donor,blue,2266, red,0,0,0.04420147327891401,-0.067047119140625,6.548069000244141,0,0,0,0
J05_g1_c1_color,J05,Susan,blue,color,swap,textual_update,J05_g0_c1_color/none,blue,2266, red,0,0,0.04535272472557554,-0.07039642333984375,0.0,0,0,0,0
J05_g1_c1_color,J05,Susan,blue,color,swap,revoked_reflection,J05_g1_c1_color/none,blue,257, a,0,1,0.04102158232455493,-0.04571533203125,0.0,0,0,0,0
J06_g0_c0_recipient,J06,William,red,recipient,keep,no_edit,J06_g0_c0_recipient/none,Elizabeth,262, the,0,1,0.005260166498975418,-0.4725341796875,0.0,0,0,0,0
J06_g0_c0_recipient,J06,William,red,recipient,keep,d6_internal,J06_g0_c0_recipient/none,Elizabeth,262, the,0,1,0.005260166498975418,-0.4725341796875,0.0,0,0,0,0
J06_g0_c0_recipient,J06,William,red,recipient,keep,d6_task,J06_g0_c0_recipient/none,Elizabeth,262, the,0,1,0.005260166498975418,-0.4725341796875,0.0,0,0,0,0
J06_g0_c0_recipient,J06,William,red,recipient,keep,d6_yoked,J06_g0_c0_recipient/none,Elizabeth,262, the,0,1,0.005260166498975418,-0.4725341796875,0.0,0,0,0,0
J06_g0_c0_recipient,J06,William,red,recipient,keep,d6_ridge,J06_g0_c0_recipient/none,Elizabeth,262, the,0,1,0.005260166498975418,-0.4725341796875,0.0,0,0,0,0
J06_g0_c0_recipient,J06,William,red,recipient,keep,reflection,J06_g0_c0_recipient/none,Elizabeth,262, the,0,1,0.005260166498975418,-0.4725341796875,0.0,0,0,0,0
J06_g0_c0_recipient,J06,William,red,recipient,keep,reflection_capped,J06_g0_c0_recipient/none,Elizabeth,262, the,0,1,0.005260166498975418,-0.4725341796875,0.0,0,0,0,0
J06_g0_c0_recipient,J06,William,red,recipient,keep,intent_blind_reflection,J06_g0_c0_recipient/reflection,Elizabeth,262, the,0,1,0.008284788108868834,-0.08565521240234375,11.852614402770996,0,0,0,0
J06_g0_c0_recipient,J06,William,red,recipient,keep,wrong_intent_reflection,J06_g0_c0_recipient/reflection,Elizabeth,262, the,0,1,0.008284788108868834,-0.08565521240234375,11.852614402770996,0,0,0,0
J06_g0_c0_recipient,J06,William,red,recipient,keep,current_donor_oracle,J06_g0_c0_recipient/none,Elizabeth,262, the,0,1,0.005260166498975418,-0.4725341796875,0.0,0,0,0,0
J06_g0_c0_recipient,J06,William,red,recipient,keep,textual_update,J06_g0_c0_recipient/none,Elizabeth,262, the,0,1,0.005260166498975418,-0.4725341796875,0.0,0,0,0,0
J06_g0_c0_recipient,J06,William,red,recipient,keep,revoked_reflection,J06_g0_c0_recipient/none,Elizabeth,262, the,0,1,0.005260166498975418,-0.4725341796875,0.0,0,0,0,0
J06_g0_c0_recipient,J06,William,red,recipient,swap,no_edit,J06_g0_c0_recipient/none,William,262, the,0,1,0.008437591155319868,0.4725341796875,0.0,0,0,0,0
J06_g0_c0_recipient,J06,William,red,recipient,swap,d6_internal,J06_g0_c0_recipient/d6_internal,William,262, the,0,1,0.010257879504756729,1.23919677734375,20.077857971191406,0,0,0,0
J06_g0_c0_recipient,J06,William,red,recipient,swap,d6_task,J06_g0_c0_recipient/d6_task,William,262, the,0,1,0.0005493484829052068,-3.5270309448242188,35.66972351074219,0,0,0,0
J06_g0_c0_recipient,J06,William,red,recipient,swap,d6_yoked,J06_g0_c0_recipient/d6_yoked,William,465, his,0,1,0.0010458697483260856,-2.2827072143554688,38.00019454956055,0,0,0,0
J06_g0_c0_recipient,J06,William,red,recipient,swap,d6_ridge,J06_g0_c0_recipient/d6_ridge,William,262, the,0,1,0.008621297317533146,0.08156585693359375,10.352527618408203,0,0,0,0
J06_g0_c0_recipient,J06,William,red,recipient,swap,reflection,J06_g0_c0_recipient/reflection,William,262, the,0,1,0.00902570202305208,0.08565521240234375,11.852614402770996,0,0,0,0
J06_g0_c0_recipient,J06,William,red,recipient,swap,reflection_capped,J06_g0_c0_recipient/reflection_capped,William,262, the,0,1,0.00902570202305208,0.08565521240234375,11.852614402770996,0,0,0,0
J06_g0_c0_recipient,J06,William,red,recipient,swap,intent_blind_reflection,J06_g0_c0_recipient/reflection,William,262, the,0,1,0.00902570202305208,0.08565521240234375,11.852614402770996,0,0,0,0
J06_g0_c0_recipient,J06,William,red,recipient,swap,wrong_intent_reflection,J06_g0_c0_recipient/none,William,262, the,0,1,0.008437591155319868,0.4725341796875,0.0,0,0,0,0
J06_g0_c0_recipient,J06,William,red,recipient,swap,current_donor_oracle,J06_g0_c0_recipient/donor,William,262, the,0,1,0.012263924544026979,1.11895751953125,10.199317932128906,0,0,0,0
J06_g0_c0_recipient,J06,William,red,recipient,swap,textual_update,J06_g1_c0_recipient/none,William,262, the,0,1,0.010799845980327632,-0.07079315185546875,0.0,0,0,0,0
J06_g0_c0_recipient,J06,William,red,recipient,swap,revoked_reflection,J06_g0_c0_recipient/none,William,262, the,0,1,0.008437591155319868,0.4725341796875,0.0,0,0,0,0
J06_g0_c0_color,J06,William,red,color,keep,no_edit,J06_g0_c0_color/none,red,2266, red,1,0,0.0985953403681661,1.1530075073242188,0.0,0,0,0,0
J06_g0_c0_color,J06,William,red,color,keep,d6_internal,J06_g0_c0_color/none,red,2266, red,1,0,0.0985953403681661,1.1530075073242188,0.0,0,0,0,0
J06_g0_c0_color,J06,William,red,color,keep,d6_task,J06_g0_c0_color/none,red,2266, red,1,0,0.0985953403681661,1.1530075073242188,0.0,0,0,0,0
J06_g0_c0_color,J06,William,red,color,keep,d6_yoked,J06_g0_c0_color/none,red,2266, red,1,0,0.0985953403681661,1.1530075073242188,0.0,0,0,0,0
J06_g0_c0_color,J06,William,red,color,keep,d6_ridge,J06_g0_c0_color/none,red,2266, red,1,0,0.0985953403681661,1.1530075073242188,0.0,0,0,0,0
J06_g0_c0_color,J06,William,red,color,keep,reflection,J06_g0_c0_color/none,red,2266, red,1,0,0.0985953403681661,1.1530075073242188,0.0,0,0,0,0
J06_g0_c0_color,J06,William,red,color,keep,reflection_capped,J06_g0_c0_color/none,red,2266, red,1,0,0.0985953403681661,1.1530075073242188,0.0,0,0,0,0
J06_g0_c0_color,J06,William,red,color,keep,intent_blind_reflection,J06_g0_c0_color/reflection,red,2266, red,1,0,0.09274148535603526,1.3449249267578125,33.89032745361328,0,0,0,0
J06_g0_c0_color,J06,William,red,color,keep,wrong_intent_reflection,J06_g0_c0_color/reflection,red,2266, red,1,0,0.09274148535603526,1.3449249267578125,33.89032745361328,0,0,0,0
J06_g0_c0_color,J06,William,red,color,keep,current_donor_oracle,J06_g0_c0_color/none,red,2266, red,1,0,0.0985953403681661,1.1530075073242188,0.0,0,0,0,0
J06_g0_c0_color,J06,William,red,color,keep,textual_update,J06_g0_c0_color/none,red,2266, red,1,0,0.0985953403681661,1.1530075073242188,0.0,0,0,0,0
J06_g0_c0_color,J06,William,red,color,keep,revoked_reflection,J06_g0_c0_color/none,red,2266, red,1,0,0.0985953403681661,1.1530075073242188,0.0,0,0,0,0
J06_g0_c0_color,J06,William,red,color,swap,no_edit,J06_g0_c0_color/none,red,2266, red,1,0,0.0985953403681661,1.1530075073242188,0.0,0,0,0,0
J06_g0_c0_color,J06,William,red,color,swap,d6_internal,J06_g0_c0_color/d6_internal,red,2266, red,1,0,0.053932509609282336,0.7126312255859375,60.26250076293945,0,0,0,0
J06_g0_c0_color,J06,William,red,color,swap,d6_task,J06_g0_c0_color/d6_task,red,2266, red,1,0,0.09954757298017823,0.9539566040039062,26.38466453552246,0,0,0,0
J06_g0_c0_color,J06,William,red,color,swap,d6_yoked,J06_g0_c0_color/d6_yoked,red,2266, red,1,0,0.11035747341265423,1.506927490234375,69.50833892822266,1,0,0,0
J06_g0_c0_color,J06,William,red,color,swap,d6_ridge,J06_g0_c0_color/d6_ridge,red,2266, red,1,0,0.10550289599719777,1.2942962646484375,31.37410545349121,0,0,0,0
J06_g0_c0_color,J06,William,red,color,swap,reflection,J06_g0_c0_color/reflection,red,2266, red,1,0,0.09274148535603526,1.3449249267578125,33.89032745361328,0,0,0,0
J06_g0_c0_color,J06,William,red,color,swap,reflection_capped,J06_g0_c0_color/reflection_capped,red,2266, red,1,0,0.09274148535603526,1.3449249267578125,33.89032745361328,0,0,0,0
J06_g0_c0_color,J06,William,red,color,swap,intent_blind_reflection,J06_g0_c0_color/reflection,red,2266, red,1,0,0.09274148535603526,1.3449249267578125,33.89032745361328,0,0,0,0
J06_g0_c0_color,J06,William,red,color,swap,wrong_intent_reflection,J06_g0_c0_color/none,red,2266, red,1,0,0.0985953403681661,1.1530075073242188,0.0,0,0,0,0
J06_g0_c0_color,J06,William,red,color,swap,current_donor_oracle,J06_g0_c0_color/donor,red,2266, red,1,0,0.09802601926281462,1.1038055419921875,6.041579246520996,0,0,0,0
J06_g0_c0_color,J06,William,red,color,swap,textual_update,J06_g1_c0_color/none,red,2266, red,1,0,0.09467574312507017,1.0410614013671875,0.0,0,0,0,0
J06_g0_c0_color,J06,William,red,color,swap,revoked_reflection,J06_g0_c0_color/none,red,2266, red,1,0,0.0985953403681661,1.1530075073242188,0.0,0,0,0,0
J06_g0_c1_recipient,J06,William,blue,recipient,keep,no_edit,J06_g0_c1_recipient/none,Elizabeth,262, the,0,1,0.003819500908995129,-0.5672378540039062,0.0,0,0,0,0
J06_g0_c1_recipient,J06,William,blue,recipient,keep,d6_internal,J06_g0_c1_recipient/none,Elizabeth,262, the,0,1,0.003819500908995129,-0.5672378540039062,0.0,0,0,0,0
J06_g0_c1_recipient,J06,William,blue,recipient,keep,d6_task,J06_g0_c1_recipient/none,Elizabeth,262, the,0,1,0.003819500908995129,-0.5672378540039062,0.0,0,0,0,0
J06_g0_c1_recipient,J06,William,blue,recipient,keep,d6_yoked,J06_g0_c1_recipient/none,Elizabeth,262, the,0,1,0.003819500908995129,-0.5672378540039062,0.0,0,0,0,0
J06_g0_c1_recipient,J06,William,blue,recipient,keep,d6_ridge,J06_g0_c1_recipient/none,Elizabeth,262, the,0,1,0.003819500908995129,-0.5672378540039062,0.0,0,0,0,0
J06_g0_c1_recipient,J06,William,blue,recipient,keep,reflection,J06_g0_c1_recipient/none,Elizabeth,262, the,0,1,0.003819500908995129,-0.5672378540039062,0.0,0,0,0,0
J06_g0_c1_recipient,J06,William,blue,recipient,keep,reflection_capped,J06_g0_c1_recipient/none,Elizabeth,262, the,0,1,0.003819500908995129,-0.5672378540039062,0.0,0,0,0,0
J06_g0_c1_recipient,J06,William,blue,recipient,keep,intent_blind_reflection,J06_g0_c1_recipient/reflection,Elizabeth,262, the,0,1,0.007015209864596623,-0.1096954345703125,10.23119831085205,0,0,0,0
J06_g0_c1_recipient,J06,William,blue,recipient,keep,wrong_intent_reflection,J06_g0_c1_recipient/reflection,Elizabeth,262, the,0,1,0.007015209864596623,-0.1096954345703125,10.23119831085205,0,0,0,0
J06_g0_c1_recipient,J06,William,blue,recipient,keep,current_donor_oracle,J06_g0_c1_recipient/none,Elizabeth,262, the,0,1,0.003819500908995129,-0.5672378540039062,0.0,0,0,0,0
J06_g0_c1_recipient,J06,William,blue,recipient,keep,textual_update,J06_g0_c1_recipient/none,Elizabeth,262, the,0,1,0.003819500908995129,-0.5672378540039062,0.0,0,0,0,0
J06_g0_c1_recipient,J06,William,blue,recipient,keep,revoked_reflection,J06_g0_c1_recipient/none,Elizabeth,262, the,0,1,0.003819500908995129,-0.5672378540039062,0.0,0,0,0,0
J06_g0_c1_recipient,J06,William,blue,recipient,swap,no_edit,J06_g0_c1_recipient/none,William,262, the,0,1,0.00673526809961356,0.5672378540039062,0.0,0,0,0,0
J06_g0_c1_recipient,J06,William,blue,recipient,swap,d6_internal,J06_g0_c1_recipient/d6_internal,William,262, the,0,1,0.008794532845469945,1.2944564819335938,17.147323608398438,0,0,0,0
J06_g0_c1_recipient,J06,William,blue,recipient,swap,d6_task,J06_g0_c1_recipient/d6_task,William,262, the,0,1,0.0006772382347615944,-2.8394241333007812,29.886754989624023,0,0,0,0
J06_g0_c1_recipient,J06,William,blue,recipient,swap,d6_yoked,J06_g0_c1_recipient/d6_yoked,William,262, the,0,1,0.0016426600138320549,-1.2840194702148438,30.352069854736328,0,0,0,0
J06_g0_c1_recipient,J06,William,blue,recipient,swap,d6_ridge,J06_g0_c1_recipient/d6_ridge,William,262, the,0,1,0.007179138695011082,0.06621551513671875,8.90640640258789,0,0,0,0
J06_g0_c1_recipient,J06,William,blue,recipient,swap,reflection,J06_g0_c1_recipient/reflection,William,262, the,0,1,0.007828540265661163,0.1096954345703125,10.23119831085205,0,0,0,0
J06_g0_c1_recipient,J06,William,blue,recipient,swap,reflection_capped,J06_g0_c1_recipient/reflection_capped,William,262, the,0,1,0.007828540265661163,0.1096954345703125,10.23119831085205,0,0,0,0
J06_g0_c1_recipient,J06,William,blue,recipient,swap,intent_blind_reflection,J06_g0_c1_recipient/reflection,William,262, the,0,1,0.007828540265661163,0.1096954345703125,10.23119831085205,0,0,0,0
J06_g0_c1_recipient,J06,William,blue,recipient,swap,wrong_intent_reflection,J06_g0_c1_recipient/none,William,262, the,0,1,0.00673526809961356,0.5672378540039062,0.0,0,0,0,0
J06_g0_c1_recipient,J06,William,blue,recipient,swap,current_donor_oracle,J06_g0_c1_recipient/donor,William,262, the,0,1,0.013648510015728846,1.267059326171875,9.735335350036621,0,0,0,0
J06_g0_c1_recipient,J06,William,blue,recipient,swap,textual_update,J06_g1_c1_recipient/none,William,262, the,0,1,0.011688640938321082,0.10456085205078125,0.0,0,0,0,0
J06_g0_c1_recipient,J06,William,blue,recipient,swap,revoked_reflection,J06_g0_c1_recipient/none,William,262, the,0,1,0.00673526809961356,0.5672378540039062,0.0,0,0,0,0
J06_g0_c1_color,J06,William,blue,color,keep,no_edit,J06_g0_c1_color/none,blue,4171, blue,1,0,0.07328037763161405,0.18430328369140625,0.0,0,0,0,0
J06_g0_c1_color,J06,William,blue,color,keep,d6_internal,J06_g0_c1_color/none,blue,4171, blue,1,0,0.07328037763161405,0.18430328369140625,0.0,0,0,0,0
J06_g0_c1_color,J06,William,blue,color,keep,d6_task,J06_g0_c1_color/none,blue,4171, blue,1,0,0.07328037763161405,0.18430328369140625,0.0,0,0,0,0
J06_g0_c1_color,J06,William,blue,color,keep,d6_yoked,J06_g0_c1_color/none,blue,4171, blue,1,0,0.07328037763161405,0.18430328369140625,0.0,0,0,0,0
J06_g0_c1_color,J06,William,blue,color,keep,d6_ridge,J06_g0_c1_color/none,blue,4171, blue,1,0,0.07328037763161405,0.18430328369140625,0.0,0,0,0,0
J06_g0_c1_color,J06,William,blue,color,keep,reflection,J06_g0_c1_color/none,blue,4171, blue,1,0,0.07328037763161405,0.18430328369140625,0.0,0,0,0,0
J06_g0_c1_color,J06,William,blue,color,keep,reflection_capped,J06_g0_c1_color/none,blue,4171, blue,1,0,0.07328037763161405,0.18430328369140625,0.0,0,0,0,0
J06_g0_c1_color,J06,William,blue,color,keep,intent_blind_reflection,J06_g0_c1_color/reflection,blue,257, a,0,1,0.051874342431999766,-0.10599517822265625,33.689369201660156,0,0,0,0
J06_g0_c1_color,J06,William,blue,color,keep,wrong_intent_reflection,J06_g0_c1_color/reflection,blue,257, a,0,1,0.051874342431999766,-0.10599517822265625,33.689369201660156,0,0,0,0
J06_g0_c1_color,J06,William,blue,color,keep,current_donor_oracle,J06_g0_c1_color/none,blue,4171, blue,1,0,0.07328037763161405,0.18430328369140625,0.0,0,0,0,0
J06_g0_c1_color,J06,William,blue,color,keep,textual_update,J06_g0_c1_color/none,blue,4171, blue,1,0,0.07328037763161405,0.18430328369140625,0.0,0,0,0,0
J06_g0_c1_color,J06,William,blue,color,keep,revoked_reflection,J06_g0_c1_color/none,blue,4171, blue,1,0,0.07328037763161405,0.18430328369140625,0.0,0,0,0,0
J06_g0_c1_color,J06,William,blue,color,swap,no_edit,J06_g0_c1_color/none,blue,4171, blue,1,0,0.07328037763161405,0.18430328369140625,0.0,0,0,0,0
J06_g0_c1_color,J06,William,blue,color,swap,d6_internal,J06_g0_c1_color/d6_internal,blue,257, a,0,1,0.037334962698088954,-0.0560150146484375,61.15040588378906,0,0,0,0
J06_g0_c1_color,J06,William,blue,color,swap,d6_task,J06_g0_c1_color/d6_task,blue,4171, blue,1,0,0.09105396422406677,0.46128082275390625,23.74799156188965,0,0,0,0
J06_g0_c1_color,J06,William,blue,color,swap,d6_yoked,J06_g0_c1_color/d6_yoked,blue,4171, blue,1,0,0.06170964982769981,0.05522918701171875,69.50833892822266,1,0,0,0
J06_g0_c1_color,J06,William,blue,color,swap,d6_ridge,J06_g0_c1_color/d6_ridge,blue,4171, blue,1,0,0.06128966527028804,0.0079345703125,31.050485610961914,0,0,0,0
J06_g0_c1_color,J06,William,blue,color,swap,reflection,J06_g0_c1_color/reflection,blue,257, a,0,1,0.051874342431999766,-0.10599517822265625,33.689369201660156,0,0,0,0
J06_g0_c1_color,J06,William,blue,color,swap,reflection_capped,J06_g0_c1_color/reflection_capped,blue,257, a,0,1,0.051874342431999766,-0.10599517822265625,33.689369201660156,0,0,0,0
J06_g0_c1_color,J06,William,blue,color,swap,intent_blind_reflection,J06_g0_c1_color/reflection,blue,257, a,0,1,0.051874342431999766,-0.10599517822265625,33.689369201660156,0,0,0,0
J06_g0_c1_color,J06,William,blue,color,swap,wrong_intent_reflection,J06_g0_c1_color/none,blue,4171, blue,1,0,0.07328037763161405,0.18430328369140625,0.0,0,0,0,0
J06_g0_c1_color,J06,William,blue,color,swap,current_donor_oracle,J06_g0_c1_color/donor,blue,4171, blue,1,0,0.06519134204959204,0.1384429931640625,6.522290229797363,0,0,0,0
J06_g0_c1_color,J06,William,blue,color,swap,textual_update,J06_g1_c1_color/none,blue,4171, blue,1,0,0.07018937806835322,0.24016571044921875,0.0,0,0,0,0
J06_g0_c1_color,J06,William,blue,color,swap,revoked_reflection,J06_g0_c1_color/none,blue,4171, blue,1,0,0.07328037763161405,0.18430328369140625,0.0,0,0,0,0
J06_g1_c0_recipient,J06,Elizabeth,red,recipient,keep,no_edit,J06_g1_c0_recipient/none,William,262, the,0,1,0.010799845980327632,-0.07079315185546875,0.0,0,0,0,0
J06_g1_c0_recipient,J06,Elizabeth,red,recipient,keep,d6_internal,J06_g1_c0_recipient/none,William,262, the,0,1,0.010799845980327632,-0.07079315185546875,0.0,0,0,0,0
J06_g1_c0_recipient,J06,Elizabeth,red,recipient,keep,d6_task,J06_g1_c0_recipient/none,William,262, the,0,1,0.010799845980327632,-0.07079315185546875,0.0,0,0,0,0
J06_g1_c0_recipient,J06,Elizabeth,red,recipient,keep,d6_yoked,J06_g1_c0_recipient/none,William,262, the,0,1,0.010799845980327632,-0.07079315185546875,0.0,0,0,0,0
J06_g1_c0_recipient,J06,Elizabeth,red,recipient,keep,d6_ridge,J06_g1_c0_recipient/none,William,262, the,0,1,0.010799845980327632,-0.07079315185546875,0.0,0,0,0,0
J06_g1_c0_recipient,J06,Elizabeth,red,recipient,keep,reflection,J06_g1_c0_recipient/none,William,262, the,0,1,0.010799845980327632,-0.07079315185546875,0.0,0,0,0,0
J06_g1_c0_recipient,J06,Elizabeth,red,recipient,keep,reflection_capped,J06_g1_c0_recipient/none,William,262, the,0,1,0.010799845980327632,-0.07079315185546875,0.0,0,0,0,0
J06_g1_c0_recipient,J06,Elizabeth,red,recipient,keep,intent_blind_reflection,J06_g1_c0_recipient/reflection,William,262, the,0,1,0.004669040587988491,-1.6454620361328125,20.6390438079834,0,0,0,0
J06_g1_c0_recipient,J06,Elizabeth,red,recipient,keep,wrong_intent_reflection,J06_g1_c0_recipient/reflection,William,262, the,0,1,0.004669040587988491,-1.6454620361328125,20.6390438079834,0,0,0,0
J06_g1_c0_recipient,J06,Elizabeth,red,recipient,keep,current_donor_oracle,J06_g1_c0_recipient/none,William,262, the,0,1,0.010799845980327632,-0.07079315185546875,0.0,0,0,0,0
J06_g1_c0_recipient,J06,Elizabeth,red,recipient,keep,textual_update,J06_g1_c0_recipient/none,William,262, the,0,1,0.010799845980327632,-0.07079315185546875,0.0,0,0,0,0
J06_g1_c0_recipient,J06,Elizabeth,red,recipient,keep,revoked_reflection,J06_g1_c0_recipient/none,William,262, the,0,1,0.010799845980327632,-0.07079315185546875,0.0,0,0,0,0
J06_g1_c0_recipient,J06,Elizabeth,red,recipient,swap,no_edit,J06_g1_c0_recipient/none,Elizabeth,262, the,0,1,0.01159211383150426,0.07079315185546875,0.0,0,0,0,0
J06_g1_c0_recipient,J06,Elizabeth,red,recipient,swap,d6_internal,J06_g1_c0_recipient/d6_internal,Elizabeth,262, the,0,1,0.007444300540695699,-1.5649642944335938,24.383094787597656,0,0,0,0
J06_g1_c0_recipient,J06,Elizabeth,red,recipient,swap,d6_task,J06_g1_c0_recipient/d6_task,Elizabeth,607, her,0,1,0.013172373239919155,2.2095565795898438,26.76653289794922,0,0,0,0
J06_g1_c0_recipient,J06,Elizabeth,red,recipient,swap,d6_yoked,J06_g1_c0_recipient/d6_yoked,Elizabeth,607, her,0,1,0.01803398380302672,3.300079345703125,40.56145095825195,0,0,0,0
J06_g1_c0_recipient,J06,Elizabeth,red,recipient,swap,d6_ridge,J06_g1_c0_recipient/d6_ridge,Elizabeth,262, the,0,1,0.02342910625417879,1.6824417114257812,18.46603012084961,0,0,0,0
J06_g1_c0_recipient,J06,Elizabeth,red,recipient,swap,reflection,J06_g1_c0_recipient/reflection,Elizabeth,262, the,0,1,0.02420152493846242,1.6454620361328125,20.6390438079834,0,0,0,0
J06_g1_c0_recipient,J06,Elizabeth,red,recipient,swap,reflection_capped,J06_g1_c0_recipient/reflection_capped,Elizabeth,262, the,0,1,0.02420152493846242,1.6454620361328125,20.6390438079834,0,0,0,0
J06_g1_c0_recipient,J06,Elizabeth,red,recipient,swap,intent_blind_reflection,J06_g1_c0_recipient/reflection,Elizabeth,262, the,0,1,0.02420152493846242,1.6454620361328125,20.6390438079834,0,0,0,0
J06_g1_c0_recipient,J06,Elizabeth,red,recipient,swap,wrong_intent_reflection,J06_g1_c0_recipient/none,Elizabeth,262, the,0,1,0.01159211383150426,0.07079315185546875,0.0,0,0,0,0
J06_g1_c0_recipient,J06,Elizabeth,red,recipient,swap,current_donor_oracle,J06_g1_c0_recipient/donor,Elizabeth,262, the,0,1,0.01109343975320224,0.49515533447265625,10.199317932128906,0,0,0,0
J06_g1_c0_recipient,J06,Elizabeth,red,recipient,swap,textual_update,J06_g0_c0_recipient/none,Elizabeth,262, the,0,1,0.005260166498975418,-0.4725341796875,0.0,0,0,0,0
J06_g1_c0_recipient,J06,Elizabeth,red,recipient,swap,revoked_reflection,J06_g1_c0_recipient/none,Elizabeth,262, the,0,1,0.01159211383150426,0.07079315185546875,0.0,0,0,0,0
J06_g1_c0_color,J06,Elizabeth,red,color,keep,no_edit,J06_g1_c0_color/none,red,2266, red,1,0,0.09467574312507017,1.0410614013671875,0.0,0,0,0,0
J06_g1_c0_color,J06,Elizabeth,red,color,keep,d6_internal,J06_g1_c0_color/none,red,2266, red,1,0,0.09467574312507017,1.0410614013671875,0.0,0,0,0,0
J06_g1_c0_color,J06,Elizabeth,red,color,keep,d6_task,J06_g1_c0_color/none,red,2266, red,1,0,0.09467574312507017,1.0410614013671875,0.0,0,0,0,0
J06_g1_c0_color,J06,Elizabeth,red,color,keep,d6_yoked,J06_g1_c0_color/none,red,2266, red,1,0,0.09467574312507017,1.0410614013671875,0.0,0,0,0,0
J06_g1_c0_color,J06,Elizabeth,red,color,keep,d6_ridge,J06_g1_c0_color/none,red,2266, red,1,0,0.09467574312507017,1.0410614013671875,0.0,0,0,0,0
J06_g1_c0_color,J06,Elizabeth,red,color,keep,reflection,J06_g1_c0_color/none,red,2266, red,1,0,0.09467574312507017,1.0410614013671875,0.0,0,0,0,0
J06_g1_c0_color,J06,Elizabeth,red,color,keep,reflection_capped,J06_g1_c0_color/none,red,2266, red,1,0,0.09467574312507017,1.0410614013671875,0.0,0,0,0,0
J06_g1_c0_color,J06,Elizabeth,red,color,keep,intent_blind_reflection,J06_g1_c0_color/reflection,red,2266, red,1,0,0.09162345582094356,1.3047943115234375,34.04594039916992,0,0,0,0
J06_g1_c0_color,J06,Elizabeth,red,color,keep,wrong_intent_reflection,J06_g1_c0_color/reflection,red,2266, red,1,0,0.09162345582094356,1.3047943115234375,34.04594039916992,0,0,0,0
J06_g1_c0_color,J06,Elizabeth,red,color,keep,current_donor_oracle,J06_g1_c0_color/none,red,2266, red,1,0,0.09467574312507017,1.0410614013671875,0.0,0,0,0,0
J06_g1_c0_color,J06,Elizabeth,red,color,keep,textual_update,J06_g1_c0_color/none,red,2266, red,1,0,0.09467574312507017,1.0410614013671875,0.0,0,0,0,0
J06_g1_c0_color,J06,Elizabeth,red,color,keep,revoked_reflection,J06_g1_c0_color/none,red,2266, red,1,0,0.09467574312507017,1.0410614013671875,0.0,0,0,0,0
J06_g1_c0_color,J06,Elizabeth,red,color,swap,no_edit,J06_g1_c0_color/none,red,2266, red,1,0,0.09467574312507017,1.0410614013671875,0.0,0,0,0,0
J06_g1_c0_color,J06,Elizabeth,red,color,swap,d6_internal,J06_g1_c0_color/d6_internal,red,2266, red,1,0,0.04934102911812818,0.622467041015625,60.07279968261719,0,0,0,0
J06_g1_c0_color,J06,Elizabeth,red,color,swap,d6_task,J06_g1_c0_color/d6_task,red,2266, red,1,0,0.10067074208843618,0.9120101928710938,26.824012756347656,0,0,0,0
J06_g1_c0_color,J06,Elizabeth,red,color,swap,d6_yoked,J06_g1_c0_color/d6_yoked,red,2266, red,1,0,0.12914957744699745,1.5469894409179688,69.50834655761719,1,0,0,0
J06_g1_c0_color,J06,Elizabeth,red,color,swap,d6_ridge,J06_g1_c0_color/d6_ridge,red,2266, red,1,0,0.09699289282080585,1.2287521362304688,31.594554901123047,0,0,0,0
J06_g1_c0_color,J06,Elizabeth,red,color,swap,reflection,J06_g1_c0_color/reflection,red,2266, red,1,0,0.09162345582094356,1.3047943115234375,34.04594039916992,0,0,0,0
J06_g1_c0_color,J06,Elizabeth,red,color,swap,reflection_capped,J06_g1_c0_color/reflection_capped,red,2266, red,1,0,0.09162345582094356,1.3047943115234375,34.04594039916992,0,0,0,0
J06_g1_c0_color,J06,Elizabeth,red,color,swap,intent_blind_reflection,J06_g1_c0_color/reflection,red,2266, red,1,0,0.09162345582094356,1.3047943115234375,34.04594039916992,0,0,0,0
J06_g1_c0_color,J06,Elizabeth,red,color,swap,wrong_intent_reflection,J06_g1_c0_color/none,red,2266, red,1,0,0.09467574312507017,1.0410614013671875,0.0,0,0,0,0
J06_g1_c0_color,J06,Elizabeth,red,color,swap,current_donor_oracle,J06_g1_c0_color/donor,red,2266, red,1,0,0.09635464736856879,1.0831375122070312,6.041579246520996,0,0,0,0
J06_g1_c0_color,J06,Elizabeth,red,color,swap,textual_update,J06_g0_c0_color/none,red,2266, red,1,0,0.0985953403681661,1.1530075073242188,0.0,0,0,0,0
J06_g1_c0_color,J06,Elizabeth,red,color,swap,revoked_reflection,J06_g1_c0_color/none,red,2266, red,1,0,0.09467574312507017,1.0410614013671875,0.0,0,0,0,0
J06_g1_c1_recipient,J06,Elizabeth,blue,recipient,keep,no_edit,J06_g1_c1_recipient/none,William,262, the,0,1,0.011688640938321082,0.10456085205078125,0.0,0,0,0,0
J06_g1_c1_recipient,J06,Elizabeth,blue,recipient,keep,d6_internal,J06_g1_c1_recipient/none,William,262, the,0,1,0.011688640938321082,0.10456085205078125,0.0,0,0,0,0
J06_g1_c1_recipient,J06,Elizabeth,blue,recipient,keep,d6_task,J06_g1_c1_recipient/none,William,262, the,0,1,0.011688640938321082,0.10456085205078125,0.0,0,0,0,0
J06_g1_c1_recipient,J06,Elizabeth,blue,recipient,keep,d6_yoked,J06_g1_c1_recipient/none,William,262, the,0,1,0.011688640938321082,0.10456085205078125,0.0,0,0,0,0
J06_g1_c1_recipient,J06,Elizabeth,blue,recipient,keep,d6_ridge,J06_g1_c1_recipient/none,William,262, the,0,1,0.011688640938321082,0.10456085205078125,0.0,0,0,0,0
J06_g1_c1_recipient,J06,Elizabeth,blue,recipient,keep,reflection,J06_g1_c1_recipient/none,William,262, the,0,1,0.011688640938321082,0.10456085205078125,0.0,0,0,0,0
J06_g1_c1_recipient,J06,Elizabeth,blue,recipient,keep,reflection_capped,J06_g1_c1_recipient/none,William,262, the,0,1,0.011688640938321082,0.10456085205078125,0.0,0,0,0,0
J06_g1_c1_recipient,J06,Elizabeth,blue,recipient,keep,intent_blind_reflection,J06_g1_c1_recipient/reflection,William,262, the,0,1,0.004597045831083217,-1.5474700927734375,19.572900772094727,0,0,0,0
J06_g1_c1_recipient,J06,Elizabeth,blue,recipient,keep,wrong_intent_reflection,J06_g1_c1_recipient/reflection,William,262, the,0,1,0.004597045831083217,-1.5474700927734375,19.572900772094727,0,0,0,0
J06_g1_c1_recipient,J06,Elizabeth,blue,recipient,keep,current_donor_oracle,J06_g1_c1_recipient/none,William,262, the,0,1,0.011688640938321082,0.10456085205078125,0.0,0,0,0,0
J06_g1_c1_recipient,J06,Elizabeth,blue,recipient,keep,textual_update,J06_g1_c1_recipient/none,William,262, the,0,1,0.011688640938321082,0.10456085205078125,0.0,0,0,0,0
J06_g1_c1_recipient,J06,Elizabeth,blue,recipient,keep,revoked_reflection,J06_g1_c1_recipient/none,William,262, the,0,1,0.011688640938321082,0.10456085205078125,0.0,0,0,0,0
J06_g1_c1_recipient,J06,Elizabeth,blue,recipient,swap,no_edit,J06_g1_c1_recipient/none,Elizabeth,262, the,0,1,0.010528192491580645,-0.10456085205078125,0.0,0,0,0,0
J06_g1_c1_recipient,J06,Elizabeth,blue,recipient,swap,d6_internal,J06_g1_c1_recipient/d6_internal,Elizabeth,262, the,0,1,0.008201710024312794,-1.2943038940429688,19.879579544067383,0,0,0,0
J06_g1_c1_recipient,J06,Elizabeth,blue,recipient,swap,d6_task,J06_g1_c1_recipient/d6_task,Elizabeth,607, her,0,1,0.012500703169467317,2.5644989013671875,30.47840690612793,0,0,0,0
J06_g1_c1_recipient,J06,Elizabeth,blue,recipient,swap,d6_yoked,J06_g1_c1_recipient/d6_yoked,Elizabeth,607, her,0,1,0.014365835543468807,3.0197677612304688,38.520442962646484,0,0,0,0
J06_g1_c1_recipient,J06,Elizabeth,blue,recipient,swap,d6_ridge,J06_g1_c1_recipient/d6_ridge,Elizabeth,262, the,0,1,0.020134674838235615,1.4463272094726562,17.717918395996094,0,0,0,0
J06_g1_c1_recipient,J06,Elizabeth,blue,recipient,swap,reflection,J06_g1_c1_recipient/reflection,Elizabeth,262, the,0,1,0.021604118748833376,1.5474700927734375,19.572900772094727,0,0,0,0
J06_g1_c1_recipient,J06,Elizabeth,blue,recipient,swap,reflection_capped,J06_g1_c1_recipient/reflection_capped,Elizabeth,262, the,0,1,0.021604118748833376,1.5474700927734375,19.572900772094727,0,0,0,0
J06_g1_c1_recipient,J06,Elizabeth,blue,recipient,swap,intent_blind_reflection,J06_g1_c1_recipient/reflection,Elizabeth,262, the,0,1,0.021604118748833376,1.5474700927734375,19.572900772094727,0,0,0,0
J06_g1_c1_recipient,J06,Elizabeth,blue,recipient,swap,wrong_intent_reflection,J06_g1_c1_recipient/none,Elizabeth,262, the,0,1,0.010528192491580645,-0.10456085205078125,0.0,0,0,0,0
J06_g1_c1_recipient,J06,Elizabeth,blue,recipient,swap,current_donor_oracle,J06_g1_c1_recipient/donor,Elizabeth,262, the,0,1,0.008809804176753536,0.50836181640625,9.735335350036621,0,0,0,0
J06_g1_c1_recipient,J06,Elizabeth,blue,recipient,swap,textual_update,J06_g0_c1_recipient/none,Elizabeth,262, the,0,1,0.003819500908995129,-0.5672378540039062,0.0,0,0,0,0
J06_g1_c1_recipient,J06,Elizabeth,blue,recipient,swap,revoked_reflection,J06_g1_c1_recipient/none,Elizabeth,262, the,0,1,0.010528192491580645,-0.10456085205078125,0.0,0,0,0,0
J06_g1_c1_color,J06,Elizabeth,blue,color,keep,no_edit,J06_g1_c1_color/none,blue,4171, blue,1,0,0.07018937806835322,0.24016571044921875,0.0,0,0,0,0
J06_g1_c1_color,J06,Elizabeth,blue,color,keep,d6_internal,J06_g1_c1_color/none,blue,4171, blue,1,0,0.07018937806835322,0.24016571044921875,0.0,0,0,0,0
J06_g1_c1_color,J06,Elizabeth,blue,color,keep,d6_task,J06_g1_c1_color/none,blue,4171, blue,1,0,0.07018937806835322,0.24016571044921875,0.0,0,0,0,0
J06_g1_c1_color,J06,Elizabeth,blue,color,keep,d6_yoked,J06_g1_c1_color/none,blue,4171, blue,1,0,0.07018937806835322,0.24016571044921875,0.0,0,0,0,0
J06_g1_c1_color,J06,Elizabeth,blue,color,keep,d6_ridge,J06_g1_c1_color/none,blue,4171, blue,1,0,0.07018937806835322,0.24016571044921875,0.0,0,0,0,0
J06_g1_c1_color,J06,Elizabeth,blue,color,keep,reflection,J06_g1_c1_color/none,blue,4171, blue,1,0,0.07018937806835322,0.24016571044921875,0.0,0,0,0,0
J06_g1_c1_color,J06,Elizabeth,blue,color,keep,reflection_capped,J06_g1_c1_color/none,blue,4171, blue,1,0,0.07018937806835322,0.24016571044921875,0.0,0,0,0,0
J06_g1_c1_color,J06,Elizabeth,blue,color,keep,intent_blind_reflection,J06_g1_c1_color/reflection,blue,257, a,0,1,0.051601102048067934,-0.04325103759765625,34.075992584228516,0,0,0,0
J06_g1_c1_color,J06,Elizabeth,blue,color,keep,wrong_intent_reflection,J06_g1_c1_color/reflection,blue,257, a,0,1,0.051601102048067934,-0.04325103759765625,34.075992584228516,0,0,0,0
J06_g1_c1_color,J06,Elizabeth,blue,color,keep,current_donor_oracle,J06_g1_c1_color/none,blue,4171, blue,1,0,0.07018937806835322,0.24016571044921875,0.0,0,0,0,0
J06_g1_c1_color,J06,Elizabeth,blue,color,keep,textual_update,J06_g1_c1_color/none,blue,4171, blue,1,0,0.07018937806835322,0.24016571044921875,0.0,0,0,0,0
J06_g1_c1_color,J06,Elizabeth,blue,color,keep,revoked_reflection,J06_g1_c1_color/none,blue,4171, blue,1,0,0.07018937806835322,0.24016571044921875,0.0,0,0,0,0
J06_g1_c1_color,J06,Elizabeth,blue,color,swap,no_edit,J06_g1_c1_color/none,blue,4171, blue,1,0,0.07018937806835322,0.24016571044921875,0.0,0,0,0,0
J06_g1_c1_color,J06,Elizabeth,blue,color,swap,d6_internal,J06_g1_c1_color/d6_internal,blue,257, a,0,1,0.04106402685507702,0.02935791015625,60.39457321166992,0,0,0,0
J06_g1_c1_color,J06,Elizabeth,blue,color,swap,d6_task,J06_g1_c1_color/d6_task,blue,4171, blue,1,0,0.09549568978058325,0.6046066284179688,25.372154235839844,0,0,0,0
J06_g1_c1_color,J06,Elizabeth,blue,color,swap,d6_yoked,J06_g1_c1_color/d6_yoked,blue,4171, blue,1,0,0.07612654824669406,0.3683013916015625,69.50833892822266,1,0,0,0
J06_g1_c1_color,J06,Elizabeth,blue,color,swap,d6_ridge,J06_g1_c1_color/d6_ridge,blue,4171, blue,1,0,0.06253915004425815,0.09576416015625,31.64112663269043,0,0,0,0
J06_g1_c1_color,J06,Elizabeth,blue,color,swap,reflection,J06_g1_c1_color/reflection,blue,257, a,0,1,0.051601102048067934,-0.04325103759765625,34.075992584228516,0,0,0,0
J06_g1_c1_color,J06,Elizabeth,blue,color,swap,reflection_capped,J06_g1_c1_color/reflection_capped,blue,257, a,0,1,0.051601102048067934,-0.04325103759765625,34.075992584228516,0,0,0,0
J06_g1_c1_color,J06,Elizabeth,blue,color,swap,intent_blind_reflection,J06_g1_c1_color/reflection,blue,257, a,0,1,0.051601102048067934,-0.04325103759765625,34.075992584228516,0,0,0,0
J06_g1_c1_color,J06,Elizabeth,blue,color,swap,wrong_intent_reflection,J06_g1_c1_color/none,blue,4171, blue,1,0,0.07018937806835322,0.24016571044921875,0.0,0,0,0,0
J06_g1_c1_color,J06,Elizabeth,blue,color,swap,current_donor_oracle,J06_g1_c1_color/donor,blue,4171, blue,1,0,0.0843713591039303,0.36566925048828125,6.522290229797363,0,0,0,0
J06_g1_c1_color,J06,Elizabeth,blue,color,swap,textual_update,J06_g0_c1_color/none,blue,4171, blue,1,0,0.07328037763161405,0.18430328369140625,0.0,0,0,0,0
J06_g1_c1_color,J06,Elizabeth,blue,color,swap,revoked_reflection,J06_g1_c1_color/none,blue,4171, blue,1,0,0.07018937806835322,0.24016571044921875,0.0,0,0,0,0
J07_g0_c0_recipient,J07,Joseph,red,recipient,keep,no_edit,J07_g0_c0_recipient/none,Susan,262, the,0,1,0.0061451975465088475,-1.7864761352539062,0.0,0,0,0,0
J07_g0_c0_recipient,J07,Joseph,red,recipient,keep,d6_internal,J07_g0_c0_recipient/none,Susan,262, the,0,1,0.0061451975465088475,-1.7864761352539062,0.0,0,0,0,0
J07_g0_c0_recipient,J07,Joseph,red,recipient,keep,d6_task,J07_g0_c0_recipient/none,Susan,262, the,0,1,0.0061451975465088475,-1.7864761352539062,0.0,0,0,0,0
J07_g0_c0_recipient,J07,Joseph,red,recipient,keep,d6_yoked,J07_g0_c0_recipient/none,Susan,262, the,0,1,0.0061451975465088475,-1.7864761352539062,0.0,0,0,0,0
J07_g0_c0_recipient,J07,Joseph,red,recipient,keep,d6_ridge,J07_g0_c0_recipient/none,Susan,262, the,0,1,0.0061451975465088475,-1.7864761352539062,0.0,0,0,0,0
J07_g0_c0_recipient,J07,Joseph,red,recipient,keep,reflection,J07_g0_c0_recipient/none,Susan,262, the,0,1,0.0061451975465088475,-1.7864761352539062,0.0,0,0,0,0
J07_g0_c0_recipient,J07,Joseph,red,recipient,keep,reflection_capped,J07_g0_c0_recipient/none,Susan,262, the,0,1,0.0061451975465088475,-1.7864761352539062,0.0,0,0,0,0
J07_g0_c0_recipient,J07,Joseph,red,recipient,keep,intent_blind_reflection,J07_g0_c0_recipient/reflection,Susan,262, the,0,1,0.006729697673484231,-2.0270614624023438,10.17997932434082,0,0,0,0
J07_g0_c0_recipient,J07,Joseph,red,recipient,keep,wrong_intent_reflection,J07_g0_c0_recipient/reflection,Susan,262, the,0,1,0.006729697673484231,-2.0270614624023438,10.17997932434082,0,0,0,0
J07_g0_c0_recipient,J07,Joseph,red,recipient,keep,current_donor_oracle,J07_g0_c0_recipient/none,Susan,262, the,0,1,0.0061451975465088475,-1.7864761352539062,0.0,0,0,0,0
J07_g0_c0_recipient,J07,Joseph,red,recipient,keep,textual_update,J07_g0_c0_recipient/none,Susan,262, the,0,1,0.0061451975465088475,-1.7864761352539062,0.0,0,0,0,0
J07_g0_c0_recipient,J07,Joseph,red,recipient,keep,revoked_reflection,J07_g0_c0_recipient/none,Susan,262, the,0,1,0.0061451975465088475,-1.7864761352539062,0.0,0,0,0,0
J07_g0_c0_recipient,J07,Joseph,red,recipient,swap,no_edit,J07_g0_c0_recipient/none,Joseph,262, the,0,1,0.03667689619221019,1.7864761352539062,0.0,0,0,0,0
J07_g0_c0_recipient,J07,Joseph,red,recipient,swap,d6_internal,J07_g0_c0_recipient/d6_internal,Joseph,262, the,0,1,0.07756313742089933,4.57891845703125,22.69407081604004,0,0,0,0
J07_g0_c0_recipient,J07,Joseph,red,recipient,swap,d6_task,J07_g0_c0_recipient/d6_task,Joseph,262, the,0,1,0.012452645503238099,-0.42284393310546875,15.75527572631836,0,0,0,0
J07_g0_c0_recipient,J07,Joseph,red,recipient,swap,d6_yoked,J07_g0_c0_recipient/d6_yoked,Joseph,262, the,0,1,0.006685982737821716,-1.5299835205078125,26.304685592651367,0,0,0,0
J07_g0_c0_recipient,J07,Joseph,red,recipient,swap,d6_ridge,J07_g0_c0_recipient/d6_ridge,Joseph,262, the,0,1,0.04882038672639365,2.0002975463867188,8.857049942016602,0,0,0,0
J07_g0_c0_recipient,J07,Joseph,red,recipient,swap,reflection,J07_g0_c0_recipient/reflection,Joseph,262, the,0,1,0.05109014813520638,2.0270614624023438,10.17997932434082,0,0,0,0
J07_g0_c0_recipient,J07,Joseph,red,recipient,swap,reflection_capped,J07_g0_c0_recipient/reflection_capped,Joseph,262, the,0,1,0.05109014813520638,2.0270614624023438,10.17997932434082,0,0,0,0
J07_g0_c0_recipient,J07,Joseph,red,recipient,swap,intent_blind_reflection,J07_g0_c0_recipient/reflection,Joseph,262, the,0,1,0.05109014813520638,2.0270614624023438,10.17997932434082,0,0,0,0
J07_g0_c0_recipient,J07,Joseph,red,recipient,swap,wrong_intent_reflection,J07_g0_c0_recipient/none,Joseph,262, the,0,1,0.03667689619221019,1.7864761352539062,0.0,0,0,0,0
J07_g0_c0_recipient,J07,Joseph,red,recipient,swap,current_donor_oracle,J07_g0_c0_recipient/donor,Joseph,262, the,0,1,0.032926047090591826,3.3654937744140625,13.788138389587402,0,0,0,0
J07_g0_c0_recipient,J07,Joseph,red,recipient,swap,textual_update,J07_g1_c0_recipient/none,Joseph,262, the,0,1,0.028303999510791322,2.6749343872070312,0.0,0,0,0,0
J07_g0_c0_recipient,J07,Joseph,red,recipient,swap,revoked_reflection,J07_g0_c0_recipient/none,Joseph,262, the,0,1,0.03667689619221019,1.7864761352539062,0.0,0,0,0,0
J07_g0_c0_color,J07,Joseph,red,color,keep,no_edit,J07_g0_c0_color/none,red,2266, red,1,0,0.07996835940787335,1.1227340698242188,0.0,0,0,0,0
J07_g0_c0_color,J07,Joseph,red,color,keep,d6_internal,J07_g0_c0_color/none,red,2266, red,1,0,0.07996835940787335,1.1227340698242188,0.0,0,0,0,0
J07_g0_c0_color,J07,Joseph,red,color,keep,d6_task,J07_g0_c0_color/none,red,2266, red,1,0,0.07996835940787335,1.1227340698242188,0.0,0,0,0,0
J07_g0_c0_color,J07,Joseph,red,color,keep,d6_yoked,J07_g0_c0_color/none,red,2266, red,1,0,0.07996835940787335,1.1227340698242188,0.0,0,0,0,0
J07_g0_c0_color,J07,Joseph,red,color,keep,d6_ridge,J07_g0_c0_color/none,red,2266, red,1,0,0.07996835940787335,1.1227340698242188,0.0,0,0,0,0
J07_g0_c0_color,J07,Joseph,red,color,keep,reflection,J07_g0_c0_color/none,red,2266, red,1,0,0.07996835940787335,1.1227340698242188,0.0,0,0,0,0
J07_g0_c0_color,J07,Joseph,red,color,keep,reflection_capped,J07_g0_c0_color/none,red,2266, red,1,0,0.07996835940787335,1.1227340698242188,0.0,0,0,0,0
J07_g0_c0_color,J07,Joseph,red,color,keep,intent_blind_reflection,J07_g0_c0_color/reflection,red,2266, red,1,0,0.07330412599547978,1.5007095336914062,33.61076354980469,0,0,0,0
J07_g0_c0_color,J07,Joseph,red,color,keep,wrong_intent_reflection,J07_g0_c0_color/reflection,red,2266, red,1,0,0.07330412599547978,1.5007095336914062,33.61076354980469,0,0,0,0
J07_g0_c0_color,J07,Joseph,red,color,keep,current_donor_oracle,J07_g0_c0_color/none,red,2266, red,1,0,0.07996835940787335,1.1227340698242188,0.0,0,0,0,0
J07_g0_c0_color,J07,Joseph,red,color,keep,textual_update,J07_g0_c0_color/none,red,2266, red,1,0,0.07996835940787335,1.1227340698242188,0.0,0,0,0,0
J07_g0_c0_color,J07,Joseph,red,color,keep,revoked_reflection,J07_g0_c0_color/none,red,2266, red,1,0,0.07996835940787335,1.1227340698242188,0.0,0,0,0,0
J07_g0_c0_color,J07,Joseph,red,color,swap,no_edit,J07_g0_c0_color/none,red,2266, red,1,0,0.07996835940787335,1.1227340698242188,0.0,0,0,0,0
J07_g0_c0_color,J07,Joseph,red,color,swap,d6_internal,J07_g0_c0_color/d6_internal,red,257, a,0,1,0.040368733133170784,0.848846435546875,60.33949279785156,0,0,0,0
J07_g0_c0_color,J07,Joseph,red,color,swap,d6_task,J07_g0_c0_color/d6_task,red,2266, red,1,0,0.08016210899332152,0.8358993530273438,24.478694915771484,0,0,0,0
J07_g0_c0_color,J07,Joseph,red,color,swap,d6_yoked,J07_g0_c0_color/d6_yoked,red,2266, red,1,0,0.08193248073423733,2.0284576416015625,69.50833892822266,1,0,0,0
J07_g0_c0_color,J07,Joseph,red,color,swap,d6_ridge,J07_g0_c0_color/d6_ridge,red,2266, red,1,0,0.0806515792329831,1.4147262573242188,31.09734535217285,0,0,0,0
J07_g0_c0_color,J07,Joseph,red,color,swap,reflection,J07_g0_c0_color/reflection,red,2266, red,1,0,0.07330412599547978,1.5007095336914062,33.61076354980469,0,0,0,0
J07_g0_c0_color,J07,Joseph,red,color,swap,reflection_capped,J07_g0_c0_color/reflection_capped,red,2266, red,1,0,0.07330412599547978,1.5007095336914062,33.61076354980469,0,0,0,0
J07_g0_c0_color,J07,Joseph,red,color,swap,intent_blind_reflection,J07_g0_c0_color/reflection,red,2266, red,1,0,0.07330412599547978,1.5007095336914062,33.61076354980469,0,0,0,0
J07_g0_c0_color,J07,Joseph,red,color,swap,wrong_intent_reflection,J07_g0_c0_color/none,red,2266, red,1,0,0.07996835940787335,1.1227340698242188,0.0,0,0,0,0
J07_g0_c0_color,J07,Joseph,red,color,swap,current_donor_oracle,J07_g0_c0_color/donor,red,2266, red,1,0,0.07540173054445673,1.0300216674804688,8.086106300354004,0,0,0,0
J07_g0_c0_color,J07,Joseph,red,color,swap,textual_update,J07_g1_c0_color/none,red,2266, red,1,0,0.07684071338349446,1.0727996826171875,0.0,0,0,0,0
J07_g0_c0_color,J07,Joseph,red,color,swap,revoked_reflection,J07_g0_c0_color/none,red,2266, red,1,0,0.07996835940787335,1.1227340698242188,0.0,0,0,0,0
J07_g0_c1_recipient,J07,Joseph,blue,recipient,keep,no_edit,J07_g0_c1_recipient/none,Susan,262, the,0,1,0.005198885498032348,-2.1340408325195312,0.0,0,0,0,0
J07_g0_c1_recipient,J07,Joseph,blue,recipient,keep,d6_internal,J07_g0_c1_recipient/none,Susan,262, the,0,1,0.005198885498032348,-2.1340408325195312,0.0,0,0,0,0
J07_g0_c1_recipient,J07,Joseph,blue,recipient,keep,d6_task,J07_g0_c1_recipient/none,Susan,262, the,0,1,0.005198885498032348,-2.1340408325195312,0.0,0,0,0,0
J07_g0_c1_recipient,J07,Joseph,blue,recipient,keep,d6_yoked,J07_g0_c1_recipient/none,Susan,262, the,0,1,0.005198885498032348,-2.1340408325195312,0.0,0,0,0,0
J07_g0_c1_recipient,J07,Joseph,blue,recipient,keep,d6_ridge,J07_g0_c1_recipient/none,Susan,262, the,0,1,0.005198885498032348,-2.1340408325195312,0.0,0,0,0,0
J07_g0_c1_recipient,J07,Joseph,blue,recipient,keep,reflection,J07_g0_c1_recipient/none,Susan,262, the,0,1,0.005198885498032348,-2.1340408325195312,0.0,0,0,0,0
J07_g0_c1_recipient,J07,Joseph,blue,recipient,keep,reflection_capped,J07_g0_c1_recipient/none,Susan,262, the,0,1,0.005198885498032348,-2.1340408325195312,0.0,0,0,0,0
J07_g0_c1_recipient,J07,Joseph,blue,recipient,keep,intent_blind_reflection,J07_g0_c1_recipient/reflection,Susan,262, the,0,1,0.007365400956015105,-1.8189010620117188,10.38427734375,0,0,0,0
J07_g0_c1_recipient,J07,Joseph,blue,recipient,keep,wrong_intent_reflection,J07_g0_c1_recipient/reflection,Susan,262, the,0,1,0.007365400956015105,-1.8189010620117188,10.38427734375,0,0,0,0
J07_g0_c1_recipient,J07,Joseph,blue,recipient,keep,current_donor_oracle,J07_g0_c1_recipient/none,Susan,262, the,0,1,0.005198885498032348,-2.1340408325195312,0.0,0,0,0,0
J07_g0_c1_recipient,J07,Joseph,blue,recipient,keep,textual_update,J07_g0_c1_recipient/none,Susan,262, the,0,1,0.005198885498032348,-2.1340408325195312,0.0,0,0,0,0
J07_g0_c1_recipient,J07,Joseph,blue,recipient,keep,revoked_reflection,J07_g0_c1_recipient/none,Susan,262, the,0,1,0.005198885498032348,-2.1340408325195312,0.0,0,0,0,0
J07_g0_c1_recipient,J07,Joseph,blue,recipient,swap,no_edit,J07_g0_c1_recipient/none,Joseph,262, the,0,1,0.043925064734995335,2.1340408325195312,0.0,0,0,0,0
J07_g0_c1_recipient,J07,Joseph,blue,recipient,swap,d6_internal,J07_g0_c1_recipient/d6_internal,Joseph,262, the,0,1,0.07333242532476246,4.6484527587890625,21.477588653564453,0,0,0,0
J07_g0_c1_recipient,J07,Joseph,blue,recipient,swap,d6_task,J07_g0_c1_recipient/d6_task,Joseph,262, the,0,1,0.013223019683764228,-0.36016082763671875,16.135404586791992,0,0,0,0
J07_g0_c1_recipient,J07,Joseph,blue,recipient,swap,d6_yoked,J07_g0_c1_recipient/d6_yoked,Joseph,262, the,0,1,0.0064853844697756935,-1.5821075439453125,26.064056396484375,0,0,0,0
J07_g0_c1_recipient,J07,Joseph,blue,recipient,swap,d6_ridge,J07_g0_c1_recipient/d6_ridge,Joseph,262, the,0,1,0.04462087894856696,1.7758026123046875,9.087862968444824,0,0,0,0
J07_g0_c1_recipient,J07,Joseph,blue,recipient,swap,reflection,J07_g0_c1_recipient/reflection,Joseph,262, the,0,1,0.04540828381006324,1.8189010620117188,10.38427734375,0,0,0,0
J07_g0_c1_recipient,J07,Joseph,blue,recipient,swap,reflection_capped,J07_g0_c1_recipient/reflection_capped,Joseph,262, the,0,1,0.04540828381006324,1.8189010620117188,10.38427734375,0,0,0,0
J07_g0_c1_recipient,J07,Joseph,blue,recipient,swap,intent_blind_reflection,J07_g0_c1_recipient/reflection,Joseph,262, the,0,1,0.04540828381006324,1.8189010620117188,10.38427734375,0,0,0,0
J07_g0_c1_recipient,J07,Joseph,blue,recipient,swap,wrong_intent_reflection,J07_g0_c1_recipient/none,Joseph,262, the,0,1,0.043925064734995335,2.1340408325195312,0.0,0,0,0,0
J07_g0_c1_recipient,J07,Joseph,blue,recipient,swap,current_donor_oracle,J07_g0_c1_recipient/donor,Joseph,262, the,0,1,0.039831790946129514,3.5647811889648438,11.8956937789917,0,0,0,0
J07_g0_c1_recipient,J07,Joseph,blue,recipient,swap,textual_update,J07_g1_c1_recipient/none,Joseph,262, the,0,1,0.03383329277963072,2.8528823852539062,0.0,0,0,0,0
J07_g0_c1_recipient,J07,Joseph,blue,recipient,swap,revoked_reflection,J07_g0_c1_recipient/none,Joseph,262, the,0,1,0.043925064734995335,2.1340408325195312,0.0,0,0,0,0
J07_g0_c1_color,J07,Joseph,blue,color,keep,no_edit,J07_g0_c1_color/none,blue,4171, blue,1,0,0.06031507358199012,0.18108367919921875,0.0,0,0,0,0
J07_g0_c1_color,J07,Joseph,blue,color,keep,d6_internal,J07_g0_c1_color/none,blue,4171, blue,1,0,0.06031507358199012,0.18108367919921875,0.0,0,0,0,0
J07_g0_c1_color,J07,Joseph,blue,color,keep,d6_task,J07_g0_c1_color/none,blue,4171, blue,1,0,0.06031507358199012,0.18108367919921875,0.0,0,0,0,0
J07_g0_c1_color,J07,Joseph,blue,color,keep,d6_yoked,J07_g0_c1_color/none,blue,4171, blue,1,0,0.06031507358199012,0.18108367919921875,0.0,0,0,0,0
J07_g0_c1_color,J07,Joseph,blue,color,keep,d6_ridge,J07_g0_c1_color/none,blue,4171, blue,1,0,0.06031507358199012,0.18108367919921875,0.0,0,0,0,0
J07_g0_c1_color,J07,Joseph,blue,color,keep,reflection,J07_g0_c1_color/none,blue,4171, blue,1,0,0.06031507358199012,0.18108367919921875,0.0,0,0,0,0
J07_g0_c1_color,J07,Joseph,blue,color,keep,reflection_capped,J07_g0_c1_color/none,blue,4171, blue,1,0,0.06031507358199012,0.18108367919921875,0.0,0,0,0,0
J07_g0_c1_color,J07,Joseph,blue,color,keep,intent_blind_reflection,J07_g0_c1_color/reflection,blue,257, a,0,1,0.03492892067850541,-0.2848052978515625,34.7508430480957,0,0,0,0
J07_g0_c1_color,J07,Joseph,blue,color,keep,wrong_intent_reflection,J07_g0_c1_color/reflection,blue,257, a,0,1,0.03492892067850541,-0.2848052978515625,34.7508430480957,0,0,0,0
J07_g0_c1_color,J07,Joseph,blue,color,keep,current_donor_oracle,J07_g0_c1_color/none,blue,4171, blue,1,0,0.06031507358199012,0.18108367919921875,0.0,0,0,0,0
J07_g0_c1_color,J07,Joseph,blue,color,keep,textual_update,J07_g0_c1_color/none,blue,4171, blue,1,0,0.06031507358199012,0.18108367919921875,0.0,0,0,0,0
J07_g0_c1_color,J07,Joseph,blue,color,keep,revoked_reflection,J07_g0_c1_color/none,blue,4171, blue,1,0,0.06031507358199012,0.18108367919921875,0.0,0,0,0,0
J07_g0_c1_color,J07,Joseph,blue,color,swap,no_edit,J07_g0_c1_color/none,blue,4171, blue,1,0,0.06031507358199012,0.18108367919921875,0.0,0,0,0,0
J07_g0_c1_color,J07,Joseph,blue,color,swap,d6_internal,J07_g0_c1_color/d6_internal,blue,366," """,0,1,0.022445214184558804,-0.30001068115234375,63.46754837036133,0,0,0,0
J07_g0_c1_color,J07,Joseph,blue,color,swap,d6_task,J07_g0_c1_color/d6_task,blue,4171, blue,1,0,0.07884517164200917,0.5514144897460938,24.43897247314453,0,0,0,0
J07_g0_c1_color,J07,Joseph,blue,color,swap,d6_yoked,J07_g0_c1_color/d6_yoked,blue,2266, red,0,0,0.024827291983271035,-0.5825119018554688,69.50833892822266,1,0,0,0
J07_g0_c1_color,J07,Joseph,blue,color,swap,d6_ridge,J07_g0_c1_color/d6_ridge,blue,257, a,0,1,0.04373263119592527,-0.1474151611328125,32.130863189697266,0,0,0,0
J07_g0_c1_color,J07,Joseph,blue,color,swap,reflection,J07_g0_c1_color/reflection,blue,257, a,0,1,0.03492892067850541,-0.2848052978515625,34.7508430480957,0,0,0,0
J07_g0_c1_color,J07,Joseph,blue,color,swap,reflection_capped,J07_g0_c1_color/reflection_capped,blue,257, a,0,1,0.03492892067850541,-0.2848052978515625,34.7508430480957,0,0,0,0
J07_g0_c1_color,J07,Joseph,blue,color,swap,intent_blind_reflection,J07_g0_c1_color/reflection,blue,257, a,0,1,0.03492892067850541,-0.2848052978515625,34.7508430480957,0,0,0,0
J07_g0_c1_color,J07,Joseph,blue,color,swap,wrong_intent_reflection,J07_g0_c1_color/none,blue,4171, blue,1,0,0.06031507358199012,0.18108367919921875,0.0,0,0,0,0
J07_g0_c1_color,J07,Joseph,blue,color,swap,current_donor_oracle,J07_g0_c1_color/donor,blue,257, a,0,1,0.045247110015751574,0.07657623291015625,6.522185802459717,0,0,0,0
J07_g0_c1_color,J07,Joseph,blue,color,swap,textual_update,J07_g1_c1_color/none,blue,257, a,0,1,0.0452285673947976,0.09813690185546875,0.0,0,0,0,0
J07_g0_c1_color,J07,Joseph,blue,color,swap,revoked_reflection,J07_g0_c1_color/none,blue,4171, blue,1,0,0.06031507358199012,0.18108367919921875,0.0,0,0,0,0
J07_g1_c0_recipient,J07,Susan,red,recipient,keep,no_edit,J07_g1_c0_recipient/none,Joseph,262, the,0,1,0.028303999510791322,2.6749343872070312,0.0,0,0,0,0
J07_g1_c0_recipient,J07,Susan,red,recipient,keep,d6_internal,J07_g1_c0_recipient/none,Joseph,262, the,0,1,0.028303999510791322,2.6749343872070312,0.0,0,0,0,0
J07_g1_c0_recipient,J07,Susan,red,recipient,keep,d6_task,J07_g1_c0_recipient/none,Joseph,262, the,0,1,0.028303999510791322,2.6749343872070312,0.0,0,0,0,0
J07_g1_c0_recipient,J07,Susan,red,recipient,keep,d6_yoked,J07_g1_c0_recipient/none,Joseph,262, the,0,1,0.028303999510791322,2.6749343872070312,0.0,0,0,0,0
J07_g1_c0_recipient,J07,Susan,red,recipient,keep,d6_ridge,J07_g1_c0_recipient/none,Joseph,262, the,0,1,0.028303999510791322,2.6749343872070312,0.0,0,0,0,0
J07_g1_c0_recipient,J07,Susan,red,recipient,keep,reflection,J07_g1_c0_recipient/none,Joseph,262, the,0,1,0.028303999510791322,2.6749343872070312,0.0,0,0,0,0
J07_g1_c0_recipient,J07,Susan,red,recipient,keep,reflection_capped,J07_g1_c0_recipient/none,Joseph,262, the,0,1,0.028303999510791322,2.6749343872070312,0.0,0,0,0,0
J07_g1_c0_recipient,J07,Susan,red,recipient,keep,intent_blind_reflection,J07_g1_c0_recipient/reflection,Joseph,262, the,0,1,0.01509771598510109,0.719207763671875,21.098148345947266,0,0,0,0
J07_g1_c0_recipient,J07,Susan,red,recipient,keep,wrong_intent_reflection,J07_g1_c0_recipient/reflection,Joseph,262, the,0,1,0.01509771598510109,0.719207763671875,21.098148345947266,0,0,0,0
J07_g1_c0_recipient,J07,Susan,red,recipient,keep,current_donor_oracle,J07_g1_c0_recipient/none,Joseph,262, the,0,1,0.028303999510791322,2.6749343872070312,0.0,0,0,0,0
J07_g1_c0_recipient,J07,Susan,red,recipient,keep,textual_update,J07_g1_c0_recipient/none,Joseph,262, the,0,1,0.028303999510791322,2.6749343872070312,0.0,0,0,0,0
J07_g1_c0_recipient,J07,Susan,red,recipient,keep,revoked_reflection,J07_g1_c0_recipient/none,Joseph,262, the,0,1,0.028303999510791322,2.6749343872070312,0.0,0,0,0,0
J07_g1_c0_recipient,J07,Susan,red,recipient,swap,no_edit,J07_g1_c0_recipient/none,Susan,262, the,0,1,0.001950466808549287,-2.6749343872070312,0.0,0,0,0,0
J07_g1_c0_recipient,J07,Susan,red,recipient,swap,d6_internal,J07_g1_c0_recipient/d6_internal,Susan,262, the,0,1,0.0006352270734082373,-4.7346343994140625,24.275423049926758,0,0,0,0
J07_g1_c0_recipient,J07,Susan,red,recipient,swap,d6_task,J07_g1_c0_recipient/d6_task,Susan,262, the,0,1,0.0051881466191844965,0.38140869140625,25.79523277282715,0,0,0,0
J07_g1_c0_recipient,J07,Susan,red,recipient,swap,d6_yoked,J07_g1_c0_recipient/d6_yoked,Susan,607, her,0,1,0.009731495572196113,2.0388259887695312,40.871620178222656,0,0,0,0
J07_g1_c0_recipient,J07,Susan,red,recipient,swap,d6_ridge,J07_g1_c0_recipient/d6_ridge,Susan,262, the,0,1,0.006567331529799365,-0.7400436401367188,19.31024742126465,0,0,0,0
J07_g1_c0_recipient,J07,Susan,red,recipient,swap,reflection,J07_g1_c0_recipient/reflection,Susan,262, the,0,1,0.0073546716462226614,-0.719207763671875,21.098148345947266,0,0,0,0
J07_g1_c0_recipient,J07,Susan,red,recipient,swap,reflection_capped,J07_g1_c0_recipient/reflection_capped,Susan,262, the,0,1,0.0073546716462226614,-0.719207763671875,21.098148345947266,0,0,0,0
J07_g1_c0_recipient,J07,Susan,red,recipient,swap,intent_blind_reflection,J07_g1_c0_recipient/reflection,Susan,262, the,0,1,0.0073546716462226614,-0.719207763671875,21.098148345947266,0,0,0,0
J07_g1_c0_recipient,J07,Susan,red,recipient,swap,wrong_intent_reflection,J07_g1_c0_recipient/none,Susan,262, the,0,1,0.001950466808549287,-2.6749343872070312,0.0,0,0,0,0
J07_g1_c0_recipient,J07,Susan,red,recipient,swap,current_donor_oracle,J07_g1_c0_recipient/donor,Susan,262, the,0,1,0.0049243109138377445,-2.0598907470703125,13.788138389587402,0,0,0,0
J07_g1_c0_recipient,J07,Susan,red,recipient,swap,textual_update,J07_g0_c0_recipient/none,Susan,262, the,0,1,0.0061451975465088475,-1.7864761352539062,0.0,0,0,0,0
J07_g1_c0_recipient,J07,Susan,red,recipient,swap,revoked_reflection,J07_g1_c0_recipient/none,Susan,262, the,0,1,0.001950466808549287,-2.6749343872070312,0.0,0,0,0,0
J07_g1_c0_color,J07,Susan,red,color,keep,no_edit,J07_g1_c0_color/none,red,2266, red,1,0,0.07684071338349446,1.0727996826171875,0.0,0,0,0,0
J07_g1_c0_color,J07,Susan,red,color,keep,d6_internal,J07_g1_c0_color/none,red,2266, red,1,0,0.07684071338349446,1.0727996826171875,0.0,0,0,0,0
J07_g1_c0_color,J07,Susan,red,color,keep,d6_task,J07_g1_c0_color/none,red,2266, red,1,0,0.07684071338349446,1.0727996826171875,0.0,0,0,0,0
J07_g1_c0_color,J07,Susan,red,color,keep,d6_yoked,J07_g1_c0_color/none,red,2266, red,1,0,0.07684071338349446,1.0727996826171875,0.0,0,0,0,0
J07_g1_c0_color,J07,Susan,red,color,keep,d6_ridge,J07_g1_c0_color/none,red,2266, red,1,0,0.07684071338349446,1.0727996826171875,0.0,0,0,0,0
J07_g1_c0_color,J07,Susan,red,color,keep,reflection,J07_g1_c0_color/none,red,2266, red,1,0,0.07684071338349446,1.0727996826171875,0.0,0,0,0,0
J07_g1_c0_color,J07,Susan,red,color,keep,reflection_capped,J07_g1_c0_color/none,red,2266, red,1,0,0.07684071338349446,1.0727996826171875,0.0,0,0,0,0
J07_g1_c0_color,J07,Susan,red,color,keep,intent_blind_reflection,J07_g1_c0_color/reflection,red,257, a,0,1,0.06678218613831505,1.3978424072265625,33.14335632324219,0,0,0,0
J07_g1_c0_color,J07,Susan,red,color,keep,wrong_intent_reflection,J07_g1_c0_color/reflection,red,257, a,0,1,0.06678218613831505,1.3978424072265625,33.14335632324219,0,0,0,0
J07_g1_c0_color,J07,Susan,red,color,keep,current_donor_oracle,J07_g1_c0_color/none,red,2266, red,1,0,0.07684071338349446,1.0727996826171875,0.0,0,0,0,0
J07_g1_c0_color,J07,Susan,red,color,keep,textual_update,J07_g1_c0_color/none,red,2266, red,1,0,0.07684071338349446,1.0727996826171875,0.0,0,0,0,0
J07_g1_c0_color,J07,Susan,red,color,keep,revoked_reflection,J07_g1_c0_color/none,red,2266, red,1,0,0.07684071338349446,1.0727996826171875,0.0,0,0,0,0
J07_g1_c0_color,J07,Susan,red,color,swap,no_edit,J07_g1_c0_color/none,red,2266, red,1,0,0.07684071338349446,1.0727996826171875,0.0,0,0,0,0
J07_g1_c0_color,J07,Susan,red,color,swap,d6_internal,J07_g1_c0_color/d6_internal,red,257, a,0,1,0.03568874942403265,0.8380584716796875,60.46003723144531,0,0,0,0
J07_g1_c0_color,J07,Susan,red,color,swap,d6_task,J07_g1_c0_color/d6_task,red,2266, red,1,0,0.07056993246917882,0.790771484375,24.048765182495117,0,0,0,0
J07_g1_c0_color,J07,Susan,red,color,swap,d6_yoked,J07_g1_c0_color/d6_yoked,red,2266, red,1,0,0.09438487010633098,1.8808670043945312,69.50833892822266,1,0,0,0
J07_g1_c0_color,J07,Susan,red,color,swap,d6_ridge,J07_g1_c0_color/d6_ridge,red,2266, red,1,0,0.07533546717952753,1.3308334350585938,30.745113372802734,0,0,0,0
J07_g1_c0_color,J07,Susan,red,color,swap,reflection,J07_g1_c0_color/reflection,red,257, a,0,1,0.06678218613831505,1.3978424072265625,33.14335632324219,0,0,0,0
J07_g1_c0_color,J07,Susan,red,color,swap,reflection_capped,J07_g1_c0_color/reflection_capped,red,257, a,0,1,0.06678218613831505,1.3978424072265625,33.14335632324219,0,0,0,0
J07_g1_c0_color,J07,Susan,red,color,swap,intent_blind_reflection,J07_g1_c0_color/reflection,red,257, a,0,1,0.06678218613831505,1.3978424072265625,33.14335632324219,0,0,0,0
J07_g1_c0_color,J07,Susan,red,color,swap,wrong_intent_reflection,J07_g1_c0_color/none,red,2266, red,1,0,0.07684071338349446,1.0727996826171875,0.0,0,0,0,0
J07_g1_c0_color,J07,Susan,red,color,swap,current_donor_oracle,J07_g1_c0_color/donor,red,2266, red,1,0,0.07808723161437263,1.1925735473632812,8.086106300354004,0,0,0,0
J07_g1_c0_color,J07,Susan,red,color,swap,textual_update,J07_g0_c0_color/none,red,2266, red,1,0,0.07996835940787335,1.1227340698242188,0.0,0,0,0,0
J07_g1_c0_color,J07,Susan,red,color,swap,revoked_reflection,J07_g1_c0_color/none,red,2266, red,1,0,0.07684071338349446,1.0727996826171875,0.0,0,0,0,0
J07_g1_c1_recipient,J07,Susan,blue,recipient,keep,no_edit,J07_g1_c1_recipient/none,Joseph,262, the,0,1,0.03383329277963072,2.8528823852539062,0.0,0,0,0,0
J07_g1_c1_recipient,J07,Susan,blue,recipient,keep,d6_internal,J07_g1_c1_recipient/none,Joseph,262, the,0,1,0.03383329277963072,2.8528823852539062,0.0,0,0,0,0
J07_g1_c1_recipient,J07,Susan,blue,recipient,keep,d6_task,J07_g1_c1_recipient/none,Joseph,262, the,0,1,0.03383329277963072,2.8528823852539062,0.0,0,0,0,0
J07_g1_c1_recipient,J07,Susan,blue,recipient,keep,d6_yoked,J07_g1_c1_recipient/none,Joseph,262, the,0,1,0.03383329277963072,2.8528823852539062,0.0,0,0,0,0
J07_g1_c1_recipient,J07,Susan,blue,recipient,keep,d6_ridge,J07_g1_c1_recipient/none,Joseph,262, the,0,1,0.03383329277963072,2.8528823852539062,0.0,0,0,0,0
J07_g1_c1_recipient,J07,Susan,blue,recipient,keep,reflection,J07_g1_c1_recipient/none,Joseph,262, the,0,1,0.03383329277963072,2.8528823852539062,0.0,0,0,0,0
J07_g1_c1_recipient,J07,Susan,blue,recipient,keep,reflection_capped,J07_g1_c1_recipient/none,Joseph,262, the,0,1,0.03383329277963072,2.8528823852539062,0.0,0,0,0,0
J07_g1_c1_recipient,J07,Susan,blue,recipient,keep,intent_blind_reflection,J07_g1_c1_recipient/reflection,Joseph,262, the,0,1,0.01625308378077832,0.8599319458007812,20.342254638671875,0,0,0,0
J07_g1_c1_recipient,J07,Susan,blue,recipient,keep,wrong_intent_reflection,J07_g1_c1_recipient/reflection,Joseph,262, the,0,1,0.01625308378077832,0.8599319458007812,20.342254638671875,0,0,0,0
J07_g1_c1_recipient,J07,Susan,blue,recipient,keep,current_donor_oracle,J07_g1_c1_recipient/none,Joseph,262, the,0,1,0.03383329277963072,2.8528823852539062,0.0,0,0,0,0
J07_g1_c1_recipient,J07,Susan,blue,recipient,keep,textual_update,J07_g1_c1_recipient/none,Joseph,262, the,0,1,0.03383329277963072,2.8528823852539062,0.0,0,0,0,0
J07_g1_c1_recipient,J07,Susan,blue,recipient,keep,revoked_reflection,J07_g1_c1_recipient/none,Joseph,262, the,0,1,0.03383329277963072,2.8528823852539062,0.0,0,0,0,0
J07_g1_c1_recipient,J07,Susan,blue,recipient,swap,no_edit,J07_g1_c1_recipient/none,Susan,262, the,0,1,0.00195143095381242,-2.8528823852539062,0.0,0,0,0,0
J07_g1_c1_recipient,J07,Susan,blue,recipient,swap,d6_internal,J07_g1_c1_recipient/d6_internal,Susan,262, the,0,1,0.0004932847444853006,-5.2429046630859375,25.490310668945312,0,0,0,0
J07_g1_c1_recipient,J07,Susan,blue,recipient,swap,d6_task,J07_g1_c1_recipient/d6_task,Susan,262, the,0,1,0.0036470112888174248,-0.9892425537109375,18.52001953125,0,0,0,0
J07_g1_c1_recipient,J07,Susan,blue,recipient,swap,d6_yoked,J07_g1_c1_recipient/d6_yoked,Susan,607, her,0,1,0.009663135891587888,1.549957275390625,35.013858795166016,0,0,0,0
J07_g1_c1_recipient,J07,Susan,blue,recipient,swap,d6_ridge,J07_g1_c1_recipient/d6_ridge,Susan,262, the,0,1,0.005619644435186664,-0.8439407348632812,18.748689651489258,0,0,0,0
J07_g1_c1_recipient,J07,Susan,blue,recipient,swap,reflection,J07_g1_c1_recipient/reflection,Susan,262, the,0,1,0.006878156848288097,-0.8599319458007812,20.342254638671875,0,0,0,0
J07_g1_c1_recipient,J07,Susan,blue,recipient,swap,reflection_capped,J07_g1_c1_recipient/reflection_capped,Susan,262, the,0,1,0.006878156848288097,-0.8599319458007812,20.342254638671875,0,0,0,0
J07_g1_c1_recipient,J07,Susan,blue,recipient,swap,intent_blind_reflection,J07_g1_c1_recipient/reflection,Susan,262, the,0,1,0.006878156848288097,-0.8599319458007812,20.342254638671875,0,0,0,0
J07_g1_c1_recipient,J07,Susan,blue,recipient,swap,wrong_intent_reflection,J07_g1_c1_recipient/none,Susan,262, the,0,1,0.00195143095381242,-2.8528823852539062,0.0,0,0,0,0
J07_g1_c1_recipient,J07,Susan,blue,recipient,swap,current_donor_oracle,J07_g1_c1_recipient/donor,Susan,262, the,0,1,0.004900384931097311,-2.1208572387695312,11.8956937789917,0,0,0,0
J07_g1_c1_recipient,J07,Susan,blue,recipient,swap,textual_update,J07_g0_c1_recipient/none,Susan,262, the,0,1,0.005198885498032348,-2.1340408325195312,0.0,0,0,0,0
J07_g1_c1_recipient,J07,Susan,blue,recipient,swap,revoked_reflection,J07_g1_c1_recipient/none,Susan,262, the,0,1,0.00195143095381242,-2.8528823852539062,0.0,0,0,0,0
J07_g1_c1_color,J07,Susan,blue,color,keep,no_edit,J07_g1_c1_color/none,blue,257, a,0,1,0.0452285673947976,0.09813690185546875,0.0,0,0,0,0
J07_g1_c1_color,J07,Susan,blue,color,keep,d6_internal,J07_g1_c1_color/none,blue,257, a,0,1,0.0452285673947976,0.09813690185546875,0.0,0,0,0,0
J07_g1_c1_color,J07,Susan,blue,color,keep,d6_task,J07_g1_c1_color/none,blue,257, a,0,1,0.0452285673947976,0.09813690185546875,0.0,0,0,0,0
J07_g1_c1_color,J07,Susan,blue,color,keep,d6_yoked,J07_g1_c1_color/none,blue,257, a,0,1,0.0452285673947976,0.09813690185546875,0.0,0,0,0,0
J07_g1_c1_color,J07,Susan,blue,color,keep,d6_ridge,J07_g1_c1_color/none,blue,257, a,0,1,0.0452285673947976,0.09813690185546875,0.0,0,0,0,0
J07_g1_c1_color,J07,Susan,blue,color,keep,reflection,J07_g1_c1_color/none,blue,257, a,0,1,0.0452285673947976,0.09813690185546875,0.0,0,0,0,0
J07_g1_c1_color,J07,Susan,blue,color,keep,reflection_capped,J07_g1_c1_color/none,blue,257, a,0,1,0.0452285673947976,0.09813690185546875,0.0,0,0,0,0
J07_g1_c1_color,J07,Susan,blue,color,keep,intent_blind_reflection,J07_g1_c1_color/reflection,blue,257, a,0,1,0.028517856059210315,-0.29921722412109375,34.278621673583984,0,0,0,0
J07_g1_c1_color,J07,Susan,blue,color,keep,wrong_intent_reflection,J07_g1_c1_color/reflection,blue,257, a,0,1,0.028517856059210315,-0.29921722412109375,34.278621673583984,0,0,0,0
J07_g1_c1_color,J07,Susan,blue,color,keep,current_donor_oracle,J07_g1_c1_color/none,blue,257, a,0,1,0.0452285673947976,0.09813690185546875,0.0,0,0,0,0
J07_g1_c1_color,J07,Susan,blue,color,keep,textual_update,J07_g1_c1_color/none,blue,257, a,0,1,0.0452285673947976,0.09813690185546875,0.0,0,0,0,0
J07_g1_c1_color,J07,Susan,blue,color,keep,revoked_reflection,J07_g1_c1_color/none,blue,257, a,0,1,0.0452285673947976,0.09813690185546875,0.0,0,0,0,0
J07_g1_c1_color,J07,Susan,blue,color,swap,no_edit,J07_g1_c1_color/none,blue,257, a,0,1,0.0452285673947976,0.09813690185546875,0.0,0,0,0,0
J07_g1_c1_color,J07,Susan,blue,color,swap,d6_internal,J07_g1_c1_color/d6_internal,blue,257, a,0,1,0.0196663574546467,-0.31279754638671875,61.48170852661133,0,0,0,0
J07_g1_c1_color,J07,Susan,blue,color,swap,d6_task,J07_g1_c1_color/d6_task,blue,4171, blue,1,0,0.060338083652223984,0.4571533203125,25.2489070892334,0,0,0,0
J07_g1_c1_color,J07,Susan,blue,color,swap,d6_yoked,J07_g1_c1_color/d6_yoked,blue,257, a,0,1,0.03127938985874741,-0.1999969482421875,69.50834655761719,1,0,0,0
J07_g1_c1_color,J07,Susan,blue,color,swap,d6_ridge,J07_g1_c1_color/d6_ridge,blue,257, a,0,1,0.03418017133083571,-0.15811920166015625,31.836999893188477,0,0,0,0
J07_g1_c1_color,J07,Susan,blue,color,swap,reflection,J07_g1_c1_color/reflection,blue,257, a,0,1,0.028517856059210315,-0.29921722412109375,34.278621673583984,0,0,0,0
J07_g1_c1_color,J07,Susan,blue,color,swap,reflection_capped,J07_g1_c1_color/reflection_capped,blue,257, a,0,1,0.028517856059210315,-0.29921722412109375,34.278621673583984,0,0,0,0
J07_g1_c1_color,J07,Susan,blue,color,swap,intent_blind_reflection,J07_g1_c1_color/reflection,blue,257, a,0,1,0.028517856059210315,-0.29921722412109375,34.278621673583984,0,0,0,0
J07_g1_c1_color,J07,Susan,blue,color,swap,wrong_intent_reflection,J07_g1_c1_color/none,blue,257, a,0,1,0.0452285673947976,0.09813690185546875,0.0,0,0,0,0
J07_g1_c1_color,J07,Susan,blue,color,swap,current_donor_oracle,J07_g1_c1_color/donor,blue,257, a,0,1,0.05579808378580644,0.170745849609375,6.522185802459717,0,0,0,0
J07_g1_c1_color,J07,Susan,blue,color,swap,textual_update,J07_g0_c1_color/none,blue,4171, blue,1,0,0.06031507358199012,0.18108367919921875,0.0,0,0,0,0
J07_g1_c1_color,J07,Susan,blue,color,swap,revoked_reflection,J07_g1_c1_color/none,blue,257, a,0,1,0.0452285673947976,0.09813690185546875,0.0,0,0,0,0
