modules,protocol,intervention,context,sheet,cell,sourceCellLabel,odor,time,timeLabel,meanCoordinate,semCoordinate,mean,sem,predicted,includedInScore,residual,standardizedResidual
2,fitting_script,none,0,ACVvsETA,0,PPL1-v1pedc,0,0,Pre-training,C2,C3,-4.216666666666667,1.0581135936677017,-2.5439767068497874,True,1.6726899598168794,1.580822673318933
2,fitting_script,none,0,ACVvsETA,0,PPL1-v1pedc,0,1,after 3x training,D2,D3,-0.7055555555555553,0.8447284875821847,-0.6574804263468176,True,0.04807512920873769,0.05691193077475134
2,fitting_script,none,0,ACVvsETA,0,PPL1-v1pedc,0,2,after 6x training,E2,E3,-0.26111111111111146,0.6000257196133604,-0.4533955857795998,True,-0.19228447466848836,-0.3204603875853706
2,fitting_script,none,0,ACVvsETA,0,PPL1-v1pedc,0,3,1hr memory,F2,F3,-3.1166666666666685,1.2700943786348051,-2.3456263849871477,True,0.7710402816795208,0.6070732180613964
2,fitting_script,none,0,ACVvsETA,0,PPL1-v1pedc,0,4,3hr,G2,G3,,,-2.541561177945393,False,,
2,fitting_script,none,0,ACVvsETA,0,PPL1-v1pedc,0,5,24hr,H2,H3,,,-2.5439767068497874,False,,
2,fitting_script,none,0,ACVvsETA,0,PPL1-v1pedc,1,0,Pre-training,K2,K3,-2.622222222222222,1.0319258362583996,-2.5439767068497874,True,0.0782455153724344,0.07582474691799587
2,fitting_script,none,0,ACVvsETA,0,PPL1-v1pedc,1,1,after 3x training,L2,L3,-0.3499999999999987,0.45067289757213136,-1.1298914244592726,True,-0.7798914244592738,-1.730504382803384
2,fitting_script,none,0,ACVvsETA,0,PPL1-v1pedc,1,2,after 6x training,M2,M3,-1.6277777777777747,1.1944162552464084,-1.1382259702802997,True,0.48955180749747496,0.4098670001744746
2,fitting_script,none,0,ACVvsETA,0,PPL1-v1pedc,1,3,1hr memory,N2,N3,-2.305555555555555,2.0896483414194056,-2.575659766194519,True,-0.27010421063896395,-0.12925821310943358
2,fitting_script,none,0,ACVvsETA,0,PPL1-v1pedc,1,4,3hr,O2,O3,,,-2.5466902864538916,False,,
2,fitting_script,none,0,ACVvsETA,0,PPL1-v1pedc,1,5,24hr,P2,P3,,,-2.5439767068497874,False,,
2,fitting_script,none,0,ACVvsETA,1,PPL1-a'2a2,0,0,Pre-training,C5,C6,-5.999999999999999,1.473629021016649,0.0,False,,
2,fitting_script,none,0,ACVvsETA,1,PPL1-a'2a2,0,1,after 3x training,D5,D6,1.016666666666665,1.3684055210476411,0.0,False,,
2,fitting_script,none,0,ACVvsETA,1,PPL1-a'2a2,0,2,after 6x training,E5,E6,1.6111111111111116,0.9259387204503228,0.0,False,,
2,fitting_script,none,0,ACVvsETA,1,PPL1-a'2a2,0,3,1hr memory,F5,F6,-3.7833333333333328,1.427793499107723,0.0,False,,
2,fitting_script,none,0,ACVvsETA,1,PPL1-a'2a2,0,4,3hr,G5,G6,,,0.0,False,,
2,fitting_script,none,0,ACVvsETA,1,PPL1-a'2a2,0,5,24hr,H5,H6,,,0.0,False,,
2,fitting_script,none,0,ACVvsETA,1,PPL1-a'2a2,1,0,Pre-training,K5,K6,-3.161111111111111,0.7516741509329,0.0,False,,
2,fitting_script,none,0,ACVvsETA,1,PPL1-a'2a2,1,1,after 3x training,L5,L6,-2.7777777777777786,1.0834330438443474,0.0,False,,
2,fitting_script,none,0,ACVvsETA,1,PPL1-a'2a2,1,2,after 6x training,M5,M6,-2.094444444444445,1.142696271946941,0.0,False,,
2,fitting_script,none,0,ACVvsETA,1,PPL1-a'2a2,1,3,1hr memory,N5,N6,-4.205555555555553,1.1727965465580137,0.0,False,,
2,fitting_script,none,0,ACVvsETA,1,PPL1-a'2a2,1,4,3hr,O5,O6,,,0.0,False,,
2,fitting_script,none,0,ACVvsETA,1,PPL1-a'2a2,1,5,24hr,P5,P6,,,0.0,False,,
2,fitting_script,none,0,ACVvsETA,2,PPL1-a3,0,0,Pre-training,C8,C9,-6.388888888888892,1.2920850305418747,-4.204290686779414,True,2.184598202109478,1.6907542077113151
2,fitting_script,none,0,ACVvsETA,2,PPL1-a3,0,1,after 3x training,D8,D9,3.2666666666666675,1.3243637694906167,2.437716751615849,True,-0.8289499150508184,-0.6259231293903889
2,fitting_script,none,0,ACVvsETA,2,PPL1-a3,0,2,after 6x training,E8,E9,3.9444444444444464,0.9049371997978655,4.362452932373708,True,0.4180084879292618,0.4619198857364155
2,fitting_script,none,0,ACVvsETA,2,PPL1-a3,0,3,1hr memory,F8,F9,-2.5111111111111115,1.4797928086233636,-2.3764790974549026,True,0.13463201365620892,0.09098031350852133
2,fitting_script,none,0,ACVvsETA,2,PPL1-a3,0,4,3hr,G8,G9,,,-4.181488472029563,False,,
2,fitting_script,none,0,ACVvsETA,2,PPL1-a3,0,5,24hr,H8,H9,,,-4.204290689698767,False,,
2,fitting_script,none,0,ACVvsETA,2,PPL1-a3,1,0,Pre-training,K8,K9,-4.805555555555553,1.551440263475702,-4.204290686779414,True,0.6012648687761386,0.38755270372390677
2,fitting_script,none,0,ACVvsETA,2,PPL1-a3,1,1,after 3x training,L8,L9,-4.083333333333338,1.4412659278382611,-2.709886214072296,True,1.3734471192610425,0.9529449720087817
2,fitting_script,none,0,ACVvsETA,2,PPL1-a3,1,2,after 6x training,M8,M9,-2.166666666666663,1.5688358076120608,-2.8073467951788027,True,-0.6406801285121397,-0.40837933798013243
2,fitting_script,none,0,ACVvsETA,2,PPL1-a3,1,3,1hr memory,N8,N9,-3.433333333333334,2.2751845302007156,-4.567575874044748,True,-1.1342425407114143,-0.49852771309558436
2,fitting_script,none,0,ACVvsETA,2,PPL1-a3,1,4,3hr,O8,O9,,,-4.230292854475729,False,,
2,fitting_script,none,0,ACVvsETA,2,PPL1-a3,1,5,24hr,P8,P9,,,-4.204290675953047,False,,
2,fitting_script,none,0,ACVvsETA,3,MBON-v1pedc,0,0,Pre-training,C11,C12,36.583333333333336,5.171197915259853,22.107789526857758,True,-14.475543806475578,-2.7992631579153513
2,fitting_script,none,0,ACVvsETA,3,MBON-v1pedc,0,1,after 3x training,D11,D12,-2.383333333333336,2.3427677234545894,-2.57436975457982,True,-0.1910364212464839,-0.08154304813658016
2,fitting_script,none,0,ACVvsETA,3,MBON-v1pedc,0,2,after 6x training,E11,E12,-10.694444444444434,3.311763121351167,-8.081114138569049,True,2.613330305875385,0.7891054432688929
2,fitting_script,none,0,ACVvsETA,3,MBON-v1pedc,0,3,1hr memory,F11,F12,21.644444444444446,3.6631970115841446,16.85652833775113,True,-4.7879161066933165,-1.3070321065322088
2,fitting_script,none,0,ACVvsETA,3,MBON-v1pedc,0,4,3hr,G11,G12,,,22.042562292285865,False,,
2,fitting_script,none,0,ACVvsETA,3,MBON-v1pedc,0,5,24hr,H11,H12,,,22.107789526857758,False,,
2,fitting_script,none,0,ACVvsETA,3,MBON-v1pedc,1,0,Pre-training,K11,K12,26.661111111111108,4.498727529281595,22.107789526857758,True,-4.55332158425335,-1.012135443770802
2,fitting_script,none,0,ACVvsETA,3,MBON-v1pedc,1,1,after 3x training,L11,L12,9.855555555555553,3.699466094278479,11.80051159380102,True,1.9449560382454667,0.5257396577450723
2,fitting_script,none,0,ACVvsETA,3,MBON-v1pedc,1,2,after 6x training,M11,M12,12.233333333333322,3.893415835572522,12.069745203981817,True,-0.16358812935150446,-0.042016608618290326
2,fitting_script,none,0,ACVvsETA,3,MBON-v1pedc,1,3,1hr memory,N11,N12,23.83888888888889,3.630765085573807,23.114319114071435,True,-0.7245697748174535,-0.19956393700501346
2,fitting_script,none,0,ACVvsETA,3,MBON-v1pedc,1,4,3hr,O11,O12,,,22.18197379884623,False,,
2,fitting_script,none,0,ACVvsETA,3,MBON-v1pedc,1,5,24hr,P11,P12,,,22.107789526857758,False,,
2,fitting_script,none,0,ACVvsETA,4,MBON-a2sc,0,0,Pre-training,C14,C15,6.12222222222222,2.813613291318908,0.0,False,,
2,fitting_script,none,0,ACVvsETA,4,MBON-a2sc,0,1,after 3x training,D14,D15,5.783333333333329,2.5195949249549163,0.0,False,,
2,fitting_script,none,0,ACVvsETA,4,MBON-a2sc,0,2,after 6x training,E14,E15,8.505555555555562,1.9248238072907775,0.0,False,,
2,fitting_script,none,0,ACVvsETA,4,MBON-a2sc,0,3,1hr memory,F14,F15,5.2166666666666615,2.368652247167882,0.0,False,,
2,fitting_script,none,0,ACVvsETA,4,MBON-a2sc,0,4,3hr,G14,G15,,,0.0,False,,
2,fitting_script,none,0,ACVvsETA,4,MBON-a2sc,0,5,24hr,H14,H15,,,0.0,False,,
2,fitting_script,none,0,ACVvsETA,4,MBON-a2sc,1,0,Pre-training,K14,K15,5.533333333333339,2.4482110557991907,0.0,False,,
2,fitting_script,none,0,ACVvsETA,4,MBON-a2sc,1,1,after 3x training,L14,L15,6.483333333333331,1.7183722036575857,0.0,False,,
2,fitting_script,none,0,ACVvsETA,4,MBON-a2sc,1,2,after 6x training,M14,M15,4.449999999999997,2.9640963215400054,0.0,False,,
2,fitting_script,none,0,ACVvsETA,4,MBON-a2sc,1,3,1hr memory,N14,N15,4.122222222222221,1.9737303950333085,0.0,False,,
2,fitting_script,none,0,ACVvsETA,4,MBON-a2sc,1,4,3hr,O14,O15,,,0.0,False,,
2,fitting_script,none,0,ACVvsETA,4,MBON-a2sc,1,5,24hr,P14,P15,,,0.0,False,,
2,fitting_script,none,0,ACVvsETA,5,MBON-a3,0,0,Pre-training,C17,C18,18.016666666666673,2.278905239563307,14.740796773154848,True,-3.2758698935118247,-1.4374752563821216
2,fitting_script,none,0,ACVvsETA,5,MBON-a3,0,1,after 3x training,D17,D18,-1.7666666666666642,2.8258010395552495,2.578845977829541,True,4.345512644496205,1.5377985157724132
2,fitting_script,none,0,ACVvsETA,5,MBON-a3,0,2,after 6x training,E17,E18,-9.505555555555555,2.622994129666491,-8.49319795336224,True,1.0123576021933154,0.38595496297280496
2,fitting_script,none,0,ACVvsETA,5,MBON-a3,0,3,1hr memory,F17,F18,-2.833333333333336,1.5905973720586883,-4.829495731825139,True,-1.9961623984918027,-1.2549765475270445
2,fitting_script,none,0,ACVvsETA,5,MBON-a3,0,4,3hr,G17,G18,1.5888888888888895,2.6482677564756854,8.976466286245664,True,7.387577397356774,2.789588544924235
2,fitting_script,none,0,ACVvsETA,5,MBON-a3,0,5,24hr,H17,H18,6.350000000000006,2.377265001822241,13.333427724246896,True,6.98342772424689,2.937589086153161
2,fitting_script,none,0,ACVvsETA,5,MBON-a3,1,0,Pre-training,K17,K18,17.594444444444434,2.0395988635342497,14.740796773154848,True,-2.853647671289586,-1.3991220147792884
2,fitting_script,none,0,ACVvsETA,5,MBON-a3,1,1,after 3x training,L17,L18,18.999999999999996,3.374363638722117,13.802939146007688,True,-5.197060853992308,-1.5401602821800358
2,fitting_script,none,0,ACVvsETA,5,MBON-a3,1,2,after 6x training,M17,M18,17.783333333333314,3.7343354084443097,17.613634348666054,True,-0.16969898466726008,-0.045442887717992944
2,fitting_script,none,0,ACVvsETA,5,MBON-a3,1,3,1hr memory,N17,N18,21.938888888888894,2.477854213614714,19.96,True,-1.9788888888888927,-0.7986300719452228
2,fitting_script,none,0,ACVvsETA,5,MBON-a3,1,4,3hr,O17,O18,22.18333333333332,2.592414796693324,19.96,True,-2.2233333333333185,-0.857630243496999
2,fitting_script,none,0,ACVvsETA,5,MBON-a3,1,5,24hr,P17,P18,16.03888888888889,2.7300973494727634,19.96,True,3.9211111111111094,1.4362532207389436
2,fitting_script,none,1,OCTvsBEN,0,PPL1-v1pedc,0,0,Pre-training,C2,C3,2.5672557781506233,1.1679948556387756,3.657218037273171,True,1.0899622591225477,0.9331909758510436
2,fitting_script,none,1,OCTvsBEN,0,PPL1-v1pedc,0,1,after 3x training,D2,D3,,,2.3126668906426735,False,,
2,fitting_script,none,1,OCTvsBEN,0,PPL1-v1pedc,0,2,after 6x training,E2,E3,,,2.5394452720929026,False,,
2,fitting_script,none,1,OCTvsBEN,0,PPL1-v1pedc,0,3,1hr memory,F2,F3,,,3.9320608375800172,False,,
2,fitting_script,none,1,OCTvsBEN,0,PPL1-v1pedc,0,4,3hr,G2,G3,,,3.66621676411304,False,,
2,fitting_script,none,1,OCTvsBEN,0,PPL1-v1pedc,0,5,24hr,H2,H3,,,3.657218037273171,False,,
2,fitting_script,none,1,OCTvsBEN,0,PPL1-v1pedc,1,0,Pre-training,K2,K3,2.5672557781506233,1.1679948556387756,3.657218037273171,True,1.0899622591225477,0.9331909758510436
2,fitting_script,none,1,OCTvsBEN,0,PPL1-v1pedc,1,1,after 3x training,L2,L3,,,1.624330634225702,False,,
2,fitting_script,none,1,OCTvsBEN,0,PPL1-v1pedc,1,2,after 6x training,M2,M3,,,1.6363123678740759,False,,
2,fitting_script,none,1,OCTvsBEN,0,PPL1-v1pedc,1,3,1hr memory,N2,N3,,,3.702765567562878,False,,
2,fitting_script,none,1,OCTvsBEN,0,PPL1-v1pedc,1,4,3hr,O2,O3,,,3.6611190762437658,False,,
2,fitting_script,none,1,OCTvsBEN,0,PPL1-v1pedc,1,5,24hr,P2,P3,,,3.657218037273171,False,,
2,fitting_script,none,1,OCTvsBEN,1,PPL1-a'2a2,0,0,Pre-training,C5,C6,2.236006017350811,0.9786209032655809,0.0,False,,
2,fitting_script,none,1,OCTvsBEN,1,PPL1-a'2a2,0,1,after 3x training,D5,D6,,,0.0,False,,
2,fitting_script,none,1,OCTvsBEN,1,PPL1-a'2a2,0,2,after 6x training,E5,E6,,,0.0,False,,
2,fitting_script,none,1,OCTvsBEN,1,PPL1-a'2a2,0,3,1hr memory,F5,F6,,,0.0,False,,
2,fitting_script,none,1,OCTvsBEN,1,PPL1-a'2a2,0,4,3hr,G5,G6,,,0.0,False,,
2,fitting_script,none,1,OCTvsBEN,1,PPL1-a'2a2,0,5,24hr,H5,H6,,,0.0,False,,
2,fitting_script,none,1,OCTvsBEN,1,PPL1-a'2a2,1,0,Pre-training,K5,K6,2.236006017350811,0.9786209032655809,0.0,False,,
2,fitting_script,none,1,OCTvsBEN,1,PPL1-a'2a2,1,1,after 3x training,L5,L6,,,0.0,False,,
2,fitting_script,none,1,OCTvsBEN,1,PPL1-a'2a2,1,2,after 6x training,M5,M6,,,0.0,False,,
2,fitting_script,none,1,OCTvsBEN,1,PPL1-a'2a2,1,3,1hr memory,N5,N6,,,0.0,False,,
2,fitting_script,none,1,OCTvsBEN,1,PPL1-a'2a2,1,4,3hr,O5,O6,,,0.0,False,,
2,fitting_script,none,1,OCTvsBEN,1,PPL1-a'2a2,1,5,24hr,P5,P6,,,0.0,False,,
2,fitting_script,none,1,OCTvsBEN,2,PPL1-a3,0,0,Pre-training,C8,C9,3.345531617017979,0.9723944131726138,3.434047927041533,True,0.08851631002355376,0.09102922520374544
2,fitting_script,none,1,OCTvsBEN,2,PPL1-a3,0,1,after 3x training,D8,D9,,,8.372852078592224,False,,
2,fitting_script,none,1,OCTvsBEN,2,PPL1-a3,0,2,after 6x training,E8,E9,,,10.5576035679198,False,,
2,fitting_script,none,1,OCTvsBEN,2,PPL1-a3,0,3,1hr memory,F8,F9,,,6.142564051577703,False,,
2,fitting_script,none,1,OCTvsBEN,2,PPL1-a3,0,4,3hr,G8,G9,,,3.5199575854396086,False,,
2,fitting_script,none,1,OCTvsBEN,2,PPL1-a3,0,5,24hr,H8,H9,,,3.4340478921950846,False,,
2,fitting_script,none,1,OCTvsBEN,2,PPL1-a3,1,0,Pre-training,K8,K9,3.345531617017979,0.9723944131726138,3.434047927041533,True,0.08851631002355376,0.09102922520374544
2,fitting_script,none,1,OCTvsBEN,2,PPL1-a3,1,1,after 3x training,L8,L9,,,2.8464446312301765,False,,
2,fitting_script,none,1,OCTvsBEN,2,PPL1-a3,1,2,after 6x training,M8,M9,,,2.988922996933902,False,,
2,fitting_script,none,1,OCTvsBEN,2,PPL1-a3,1,3,1hr memory,N8,N9,,,3.9643724847768764,False,,
2,fitting_script,none,1,OCTvsBEN,2,PPL1-a3,1,4,3hr,O8,O9,,,3.4714523657828824,False,,
2,fitting_script,none,1,OCTvsBEN,2,PPL1-a3,1,5,24hr,P8,P9,,,3.434047911547607,False,,
2,fitting_script,none,1,OCTvsBEN,3,MBON-v1pedc,0,0,Pre-training,C11,C12,24.2222222,4.33995868,22.107789526857758,True,-2.114432673142243,-0.48720110697971974
2,fitting_script,none,1,OCTvsBEN,3,MBON-v1pedc,0,1,after 3x training,D11,D12,-5.5444444,4.81416844,-10.044749363694887,True,-4.500304963694887,-0.9348042179626949
2,fitting_script,none,1,OCTvsBEN,3,MBON-v1pedc,0,2,after 6x training,E11,E12,-14.088889,6.19971398,-16.312961672800462,True,-2.224072672800462,-0.35873794823038946
2,fitting_script,none,1,OCTvsBEN,3,MBON-v1pedc,0,3,1hr memory,F11,F12,14.3888889,3.45450307,14.275831275822242,True,-0.11305762417775789,-0.032727608540743865
2,fitting_script,none,1,OCTvsBEN,3,MBON-v1pedc,0,4,3hr,G11,G12,,,21.862095058042456,False,,
2,fitting_script,none,1,OCTvsBEN,3,MBON-v1pedc,0,5,24hr,H11,H12,,,22.107789526857758,False,,
2,fitting_script,none,1,OCTvsBEN,3,MBON-v1pedc,1,0,Pre-training,K11,K12,17.266666666666662,3.8088679089034767,22.107789526857758,True,4.841122860191096,1.271013586182565
2,fitting_script,none,1,OCTvsBEN,3,MBON-v1pedc,1,1,after 3x training,L11,L12,-1.0055555555555429,3.0890210530551157,4.700387827799261,True,5.705943383354804,1.847168823181535
2,fitting_script,none,1,OCTvsBEN,3,MBON-v1pedc,1,2,after 6x training,M11,M12,-9.711111111111116,4.333328153325061,4.264421754979409,True,13.975532866090525,3.225126824370959
2,fitting_script,none,1,OCTvsBEN,3,MBON-v1pedc,1,3,1hr memory,N11,N12,14.455555555555549,3.907015474942043,20.49425927334056,True,6.038703717785012,1.5456052724937288
2,fitting_script,none,1,OCTvsBEN,3,MBON-v1pedc,1,4,3hr,O11,O12,,,22.00065192427727,False,,
2,fitting_script,none,1,OCTvsBEN,3,MBON-v1pedc,1,5,24hr,P11,P12,,,22.107789526857758,False,,
2,fitting_script,none,1,OCTvsBEN,4,MBON-a2sc,0,0,Pre-training,C14,C15,11.650000000000004,1.8262235877878155,0.0,False,,
2,fitting_script,none,1,OCTvsBEN,4,MBON-a2sc,0,1,after 3x training,D14,D15,4.516666666666672,1.7865966554954749,0.0,False,,
2,fitting_script,none,1,OCTvsBEN,4,MBON-a2sc,0,2,after 6x training,E14,E15,2.9333333333333313,1.7197799561697105,0.0,False,,
2,fitting_script,none,1,OCTvsBEN,4,MBON-a2sc,0,3,1hr memory,F14,F15,2.222222222222219,1.6982727080174294,0.0,False,,
2,fitting_script,none,1,OCTvsBEN,4,MBON-a2sc,0,4,3hr,G14,G15,,,0.0,False,,
2,fitting_script,none,1,OCTvsBEN,4,MBON-a2sc,0,5,24hr,H14,H15,,,0.0,False,,
2,fitting_script,none,1,OCTvsBEN,4,MBON-a2sc,1,0,Pre-training,K14,K15,8.100000000000003,2.4954841368842797,0.0,False,,
2,fitting_script,none,1,OCTvsBEN,4,MBON-a2sc,1,1,after 3x training,L14,L15,2.0833333333333335,2.3494411542691886,0.0,False,,
2,fitting_script,none,1,OCTvsBEN,4,MBON-a2sc,1,2,after 6x training,M14,M15,-0.16111111111110551,2.950129350965795,0.0,False,,
2,fitting_script,none,1,OCTvsBEN,4,MBON-a2sc,1,3,1hr memory,N14,N15,1.5722222222222195,1.7010089763426288,0.0,False,,
2,fitting_script,none,1,OCTvsBEN,4,MBON-a2sc,1,4,3hr,O14,O15,,,0.0,False,,
2,fitting_script,none,1,OCTvsBEN,4,MBON-a2sc,1,5,24hr,P14,P15,,,0.0,False,,
2,fitting_script,none,1,OCTvsBEN,5,MBON-a3,0,0,Pre-training,C17,C18,16.995238095238097,3.1095226876235573,14.740796773154848,True,-2.254441322083249,-0.7250120190652792
2,fitting_script,none,1,OCTvsBEN,5,MBON-a3,0,1,after 3x training,D17,D18,-10.185714285714289,2.1683614512391522,-11.2,True,-1.0142857142857107,-0.4677659777183723
2,fitting_script,none,1,OCTvsBEN,5,MBON-a3,0,2,after 6x training,E17,E18,-12,1.559765800647443,-11.2,True,0.8000000000000007,0.5128975129906866
2,fitting_script,none,1,OCTvsBEN,5,MBON-a3,0,3,1hr memory,F17,F18,-2.6095238095238082,1.632392749176261,-11.2,True,-8.590476190476192,-5.262505726523916
2,fitting_script,none,1,OCTvsBEN,5,MBON-a3,0,4,3hr,G17,G18,-2.623809523809521,2.053706344774464,-4.41917582247408,True,-1.7953662986645589,-0.8742078940510476
2,fitting_script,none,1,OCTvsBEN,5,MBON-a3,0,5,24hr,H17,H18,-3.2380952380952337,3.2270658963939063,-2.0580699902057287,True,1.180025247889505,0.3656650610104143
2,fitting_script,none,1,OCTvsBEN,5,MBON-a3,1,0,Pre-training,K17,K18,14.285714285714286,2.517634300272986,14.740796773154848,True,0.4550824874405617,0.18075797878636196
2,fitting_script,none,1,OCTvsBEN,5,MBON-a3,1,1,after 3x training,L17,L18,-5.82857142857143,3.0987233125596187,-1.4975417799085733,True,4.331029648662857,1.3976819521473582
2,fitting_script,none,1,OCTvsBEN,5,MBON-a3,1,2,after 6x training,M17,M18,-7.671428571428569,2.2129098880624256,-5.675757207743388,True,1.9956713636851813,0.9018312830770288
2,fitting_script,none,1,OCTvsBEN,5,MBON-a3,1,3,1hr memory,N17,N18,1.9238095238095188,3.0642597429958363,-1.542169465270863,True,-3.465978989080382,-1.1310983009853455
2,fitting_script,none,1,OCTvsBEN,5,MBON-a3,1,4,3hr,O17,O18,3.0476190476190426,2.6760040606146855,7.992749599615625,True,4.9451305519965825,1.847953306491124
2,fitting_script,none,1,OCTvsBEN,5,MBON-a3,1,5,24hr,P17,P18,10.519047619047626,2.571062584184094,7.271444700500002,True,-3.2476029185476243,-1.2631364707048642
2,figure_5c_script,none,0,ACVvsETA,0,PPL1-v1pedc,0,0,Pre-training,C2,C3,-4.216666666666667,1.0581135936677017,-2.5439767068497874,True,1.6726899598168794,1.580822673318933
2,figure_5c_script,none,0,ACVvsETA,0,PPL1-v1pedc,0,1,after 3x training,D2,D3,-0.7055555555555553,0.8447284875821847,-0.8725607989531305,True,-0.16700524339757528,-0.19770286648622956
2,figure_5c_script,none,0,ACVvsETA,0,PPL1-v1pedc,0,2,after 6x training,E2,E3,-0.26111111111111146,0.6000257196133604,-0.6469466280918896,True,-0.38583551698077817,-0.6430316307597609
2,figure_5c_script,none,0,ACVvsETA,0,PPL1-v1pedc,0,3,1hr memory,F2,F3,-3.1166666666666685,1.2700943786348051,-2.2976079040549,True,0.8190587626117685,0.6448802359806959
2,figure_5c_script,none,0,ACVvsETA,0,PPL1-v1pedc,0,4,3hr,G2,G3,,,-2.5406153068509116,False,,
2,figure_5c_script,none,0,ACVvsETA,0,PPL1-v1pedc,0,5,24hr,H2,H3,,,-2.5439767068497874,False,,
2,figure_5c_script,none,0,ACVvsETA,0,PPL1-v1pedc,1,0,Pre-training,K2,K3,-2.622222222222222,1.0319258362583996,-2.5439767068497874,True,0.0782455153724344,0.07582474691799587
2,figure_5c_script,none,0,ACVvsETA,0,PPL1-v1pedc,1,1,after 3x training,L2,L3,-0.3499999999999987,0.45067289757213136,-1.4685176105186026,True,-1.1185176105186039,-2.4818834603640267
2,figure_5c_script,none,0,ACVvsETA,0,PPL1-v1pedc,1,2,after 6x training,M2,M3,-1.6277777777777747,1.1944162552464084,-1.487235089584231,True,0.14054268819354365,0.11766642288751308
2,figure_5c_script,none,0,ACVvsETA,0,PPL1-v1pedc,1,3,1hr memory,N2,N3,-2.305555555555555,2.0896483414194056,-2.5830668963219416,True,-0.2775113407663867,-0.13280289092943054
2,figure_5c_script,none,0,ACVvsETA,0,PPL1-v1pedc,1,4,3hr,O2,O3,,,-2.546998631334259,False,,
2,figure_5c_script,none,0,ACVvsETA,0,PPL1-v1pedc,1,5,24hr,P2,P3,,,-2.5439767068497874,False,,
2,figure_5c_script,none,0,ACVvsETA,1,PPL1-a'2a2,0,0,Pre-training,C5,C6,-5.999999999999999,1.473629021016649,0.0,False,,
2,figure_5c_script,none,0,ACVvsETA,1,PPL1-a'2a2,0,1,after 3x training,D5,D6,1.016666666666665,1.3684055210476411,0.0,False,,
2,figure_5c_script,none,0,ACVvsETA,1,PPL1-a'2a2,0,2,after 6x training,E5,E6,1.6111111111111116,0.9259387204503228,0.0,False,,
2,figure_5c_script,none,0,ACVvsETA,1,PPL1-a'2a2,0,3,1hr memory,F5,F6,-3.7833333333333328,1.427793499107723,0.0,False,,
2,figure_5c_script,none,0,ACVvsETA,1,PPL1-a'2a2,0,4,3hr,G5,G6,,,0.0,False,,
2,figure_5c_script,none,0,ACVvsETA,1,PPL1-a'2a2,0,5,24hr,H5,H6,,,0.0,False,,
2,figure_5c_script,none,0,ACVvsETA,1,PPL1-a'2a2,1,0,Pre-training,K5,K6,-3.161111111111111,0.7516741509329,0.0,False,,
2,figure_5c_script,none,0,ACVvsETA,1,PPL1-a'2a2,1,1,after 3x training,L5,L6,-2.7777777777777786,1.0834330438443474,0.0,False,,
2,figure_5c_script,none,0,ACVvsETA,1,PPL1-a'2a2,1,2,after 6x training,M5,M6,-2.094444444444445,1.142696271946941,0.0,False,,
2,figure_5c_script,none,0,ACVvsETA,1,PPL1-a'2a2,1,3,1hr memory,N5,N6,-4.205555555555553,1.1727965465580137,0.0,False,,
2,figure_5c_script,none,0,ACVvsETA,1,PPL1-a'2a2,1,4,3hr,O5,O6,,,0.0,False,,
2,figure_5c_script,none,0,ACVvsETA,1,PPL1-a'2a2,1,5,24hr,P5,P6,,,0.0,False,,
2,figure_5c_script,none,0,ACVvsETA,2,PPL1-a3,0,0,Pre-training,C8,C9,-6.388888888888892,1.2920850305418747,-4.204290686779414,True,2.184598202109478,1.6907542077113151
2,figure_5c_script,none,0,ACVvsETA,2,PPL1-a3,0,1,after 3x training,D8,D9,3.2666666666666675,1.3243637694906167,2.7304198616884863,True,-0.5362468049781812,-0.4049089965549534
2,figure_5c_script,none,0,ACVvsETA,2,PPL1-a3,0,2,after 6x training,E8,E9,3.9444444444444464,0.9049371997978655,4.86878770036231,True,0.9243432559178633,1.0214446440309146
2,figure_5c_script,none,0,ACVvsETA,2,PPL1-a3,0,3,1hr memory,F8,F9,-2.5111111111111115,1.4797928086233636,-1.971053613013202,True,0.5400574980979096,0.36495480647748224
2,figure_5c_script,none,0,ACVvsETA,2,PPL1-a3,0,4,3hr,G8,G9,,,-4.172489988750266,False,,
2,figure_5c_script,none,0,ACVvsETA,2,PPL1-a3,0,5,24hr,H8,H9,,,-4.204290690864514,False,,
2,figure_5c_script,none,0,ACVvsETA,2,PPL1-a3,1,0,Pre-training,K8,K9,-4.805555555555553,1.551440263475702,-4.204290686779414,True,0.6012648687761386,0.38755270372390677
2,figure_5c_script,none,0,ACVvsETA,2,PPL1-a3,1,1,after 3x training,L8,L9,-4.083333333333338,1.4412659278382611,-3.4578478225999167,True,0.6254855107334216,0.433983416003999
2,figure_5c_script,none,0,ACVvsETA,2,PPL1-a3,1,2,after 6x training,M8,M9,-2.166666666666663,1.5688358076120608,-3.6448209590660645,True,-1.4781542923994015,-0.9421982117104489
2,figure_5c_script,none,0,ACVvsETA,2,PPL1-a3,1,3,1hr memory,N8,N9,-3.433333333333334,2.2751845302007156,-4.691173517954416,True,-1.2578401846210823,-0.5528519414247759
2,figure_5c_script,none,0,ACVvsETA,2,PPL1-a3,1,4,3hr,O8,O9,,,-4.233228498036517,False,,
2,figure_5c_script,none,0,ACVvsETA,2,PPL1-a3,1,5,24hr,P8,P9,,,-4.204290675953047,False,,
2,figure_5c_script,none,0,ACVvsETA,3,MBON-v1pedc,0,0,Pre-training,C11,C12,36.583333333333336,5.171197915259853,22.107789526857758,True,-14.475543806475578,-2.7992631579153513
2,figure_5c_script,none,0,ACVvsETA,3,MBON-v1pedc,0,1,after 3x training,D11,D12,-2.383333333333336,2.3427677234545894,-2.229523044568417,True,0.1538102887649191,0.0656532387846432
2,figure_5c_script,none,0,ACVvsETA,3,MBON-v1pedc,0,2,after 6x training,E11,E12,-10.694444444444434,3.311763121351167,-8.342083174172334,True,2.3523612702721,0.71030480867012
2,figure_5c_script,none,0,ACVvsETA,3,MBON-v1pedc,0,3,1hr memory,F11,F12,21.644444444444446,3.6631970115841446,15.672426822660206,True,-5.972017621784239,-1.6302747580593948
2,figure_5c_script,none,0,ACVvsETA,3,MBON-v1pedc,0,4,3hr,G11,G12,,,22.01685696828804,False,,
2,figure_5c_script,none,0,ACVvsETA,3,MBON-v1pedc,0,5,24hr,H11,H12,,,22.107789526857758,False,,
2,figure_5c_script,none,0,ACVvsETA,3,MBON-v1pedc,1,0,Pre-training,K11,K12,26.661111111111108,4.498727529281595,22.107789526857758,True,-4.55332158425335,-1.012135443770802
2,figure_5c_script,none,0,ACVvsETA,3,MBON-v1pedc,1,1,after 3x training,L11,L12,9.855555555555553,3.699466094278479,15.186156341056282,True,5.33060078550073,1.440910836767752
2,figure_5c_script,none,0,ACVvsETA,3,MBON-v1pedc,1,2,after 6x training,M11,M12,12.233333333333322,3.893415835572522,15.715772223466765,True,3.4824388901334427,0.8944430898738959
2,figure_5c_script,none,0,ACVvsETA,3,MBON-v1pedc,1,3,1hr memory,N11,N12,23.83888888888889,3.630765085573807,23.440563756737333,True,-0.3983251321515553,-0.10970831842969644
2,figure_5c_script,none,0,ACVvsETA,3,MBON-v1pedc,1,4,3hr,O11,O12,,,22.190358717318333,False,,
2,figure_5c_script,none,0,ACVvsETA,3,MBON-v1pedc,1,5,24hr,P11,P12,,,22.107789526857758,False,,
2,figure_5c_script,none,0,ACVvsETA,4,MBON-a2sc,0,0,Pre-training,C14,C15,6.12222222222222,2.813613291318908,0.0,False,,
2,figure_5c_script,none,0,ACVvsETA,4,MBON-a2sc,0,1,after 3x training,D14,D15,5.783333333333329,2.5195949249549163,0.0,False,,
2,figure_5c_script,none,0,ACVvsETA,4,MBON-a2sc,0,2,after 6x training,E14,E15,8.505555555555562,1.9248238072907775,0.0,False,,
2,figure_5c_script,none,0,ACVvsETA,4,MBON-a2sc,0,3,1hr memory,F14,F15,5.2166666666666615,2.368652247167882,0.0,False,,
2,figure_5c_script,none,0,ACVvsETA,4,MBON-a2sc,0,4,3hr,G14,G15,,,0.0,False,,
2,figure_5c_script,none,0,ACVvsETA,4,MBON-a2sc,0,5,24hr,H14,H15,,,0.0,False,,
2,figure_5c_script,none,0,ACVvsETA,4,MBON-a2sc,1,0,Pre-training,K14,K15,5.533333333333339,2.4482110557991907,0.0,False,,
2,figure_5c_script,none,0,ACVvsETA,4,MBON-a2sc,1,1,after 3x training,L14,L15,6.483333333333331,1.7183722036575857,0.0,False,,
2,figure_5c_script,none,0,ACVvsETA,4,MBON-a2sc,1,2,after 6x training,M14,M15,4.449999999999997,2.9640963215400054,0.0,False,,
2,figure_5c_script,none,0,ACVvsETA,4,MBON-a2sc,1,3,1hr memory,N14,N15,4.122222222222221,1.9737303950333085,0.0,False,,
2,figure_5c_script,none,0,ACVvsETA,4,MBON-a2sc,1,4,3hr,O14,O15,,,0.0,False,,
2,figure_5c_script,none,0,ACVvsETA,4,MBON-a2sc,1,5,24hr,P14,P15,,,0.0,False,,
2,figure_5c_script,none,0,ACVvsETA,5,MBON-a3,0,0,Pre-training,C17,C18,18.016666666666673,2.278905239563307,14.740796773154848,True,-3.2758698935118247,-1.4374752563821216
2,figure_5c_script,none,0,ACVvsETA,5,MBON-a3,0,1,after 3x training,D17,D18,-1.7666666666666642,2.8258010395552495,3.304465800643129,True,5.071132467309793,1.7945822782017005
2,figure_5c_script,none,0,ACVvsETA,5,MBON-a3,0,2,after 6x training,E17,E18,-9.505555555555555,2.622994129666491,-11.2,True,-1.6944444444444446,-0.6459962777956694
2,figure_5c_script,none,0,ACVvsETA,5,MBON-a3,0,3,1hr memory,F17,F18,-2.833333333333336,1.5905973720586883,-7.832356294918458,True,-4.999022961585123,-3.1428588085210754
2,figure_5c_script,none,0,ACVvsETA,5,MBON-a3,0,4,3hr,G17,G18,1.5888888888888895,2.6482677564756854,8.106768508934106,True,6.517879620045217,2.461186035327187
2,figure_5c_script,none,0,ACVvsETA,5,MBON-a3,0,5,24hr,H17,H18,6.350000000000006,2.377265001822241,12.771441142527898,True,6.421441142527892,2.701188608592511
2,figure_5c_script,none,0,ACVvsETA,5,MBON-a3,1,0,Pre-training,K17,K18,17.594444444444434,2.0395988635342497,14.740796773154848,True,-2.853647671289586,-1.3991220147792884
2,figure_5c_script,none,0,ACVvsETA,5,MBON-a3,1,1,after 3x training,L17,L18,18.999999999999996,3.374363638722117,18.087636836216102,True,-0.912363163783894,-0.2703808070102987
2,figure_5c_script,none,0,ACVvsETA,5,MBON-a3,1,2,after 6x training,M17,M18,17.783333333333314,3.7343354084443097,19.96,True,2.176666666666687,0.582879261928287
2,figure_5c_script,none,0,ACVvsETA,5,MBON-a3,1,3,1hr memory,N17,N18,21.938888888888894,2.477854213614714,19.96,True,-1.9788888888888927,-0.7986300719452228
2,figure_5c_script,none,0,ACVvsETA,5,MBON-a3,1,4,3hr,O17,O18,22.18333333333332,2.592414796693324,19.96,True,-2.2233333333333185,-0.857630243496999
2,figure_5c_script,none,0,ACVvsETA,5,MBON-a3,1,5,24hr,P17,P18,16.03888888888889,2.7300973494727634,19.96,True,3.9211111111111094,1.4362532207389436
2,figure_5c_script,none,1,OCTvsBEN,0,PPL1-v1pedc,0,0,Pre-training,C2,C3,2.5672557781506233,1.1679948556387756,3.657218037273171,True,1.0899622591225477,0.9331909758510436
2,figure_5c_script,none,1,OCTvsBEN,0,PPL1-v1pedc,0,1,after 3x training,D2,D3,,,2.8748728798102485,False,,
2,figure_5c_script,none,1,OCTvsBEN,0,PPL1-v1pedc,0,2,after 6x training,E2,E3,,,3.14815114400202,False,,
2,figure_5c_script,none,1,OCTvsBEN,0,PPL1-v1pedc,0,3,1hr memory,F2,F3,,,3.998431899000491,False,,
2,figure_5c_script,none,1,OCTvsBEN,0,PPL1-v1pedc,0,4,3hr,G2,G3,,,3.66790990946701,False,,
2,figure_5c_script,none,1,OCTvsBEN,0,PPL1-v1pedc,0,5,24hr,H2,H3,,,3.657218037273171,False,,
2,figure_5c_script,none,1,OCTvsBEN,0,PPL1-v1pedc,1,0,Pre-training,K2,K3,2.5672557781506233,1.1679948556387756,3.657218037273171,True,1.0899622591225477,0.9331909758510436
2,figure_5c_script,none,1,OCTvsBEN,0,PPL1-v1pedc,1,1,after 3x training,L2,L3,,,2.1111392564173546,False,,
2,figure_5c_script,none,1,OCTvsBEN,0,PPL1-v1pedc,1,2,after 6x training,M2,M3,,,2.138047483158105,False,,
2,figure_5c_script,none,1,OCTvsBEN,0,PPL1-v1pedc,1,3,1hr memory,N2,N3,,,3.7134140494587617,False,,
2,figure_5c_script,none,1,OCTvsBEN,0,PPL1-v1pedc,1,4,3hr,O2,O3,,,3.6615623524951344,False,,
2,figure_5c_script,none,1,OCTvsBEN,0,PPL1-v1pedc,1,5,24hr,P2,P3,,,3.657218037273171,False,,
2,figure_5c_script,none,1,OCTvsBEN,1,PPL1-a'2a2,0,0,Pre-training,C5,C6,2.236006017350811,0.9786209032655809,0.0,False,,
2,figure_5c_script,none,1,OCTvsBEN,1,PPL1-a'2a2,0,1,after 3x training,D5,D6,,,0.0,False,,
2,figure_5c_script,none,1,OCTvsBEN,1,PPL1-a'2a2,0,2,after 6x training,E5,E6,,,0.0,False,,
2,figure_5c_script,none,1,OCTvsBEN,1,PPL1-a'2a2,0,3,1hr memory,F5,F6,,,0.0,False,,
2,figure_5c_script,none,1,OCTvsBEN,1,PPL1-a'2a2,0,4,3hr,G5,G6,,,0.0,False,,
2,figure_5c_script,none,1,OCTvsBEN,1,PPL1-a'2a2,0,5,24hr,H5,H6,,,0.0,False,,
2,figure_5c_script,none,1,OCTvsBEN,1,PPL1-a'2a2,1,0,Pre-training,K5,K6,2.236006017350811,0.9786209032655809,0.0,False,,
2,figure_5c_script,none,1,OCTvsBEN,1,PPL1-a'2a2,1,1,after 3x training,L5,L6,,,0.0,False,,
2,figure_5c_script,none,1,OCTvsBEN,1,PPL1-a'2a2,1,2,after 6x training,M5,M6,,,0.0,False,,
2,figure_5c_script,none,1,OCTvsBEN,1,PPL1-a'2a2,1,3,1hr memory,N5,N6,,,0.0,False,,
2,figure_5c_script,none,1,OCTvsBEN,1,PPL1-a'2a2,1,4,3hr,O5,O6,,,0.0,False,,
2,figure_5c_script,none,1,OCTvsBEN,1,PPL1-a'2a2,1,5,24hr,P5,P6,,,0.0,False,,
2,figure_5c_script,none,1,OCTvsBEN,2,PPL1-a3,0,0,Pre-training,C8,C9,3.345531617017979,0.9723944131726138,3.434047927041533,True,0.08851631002355376,0.09102922520374544
2,figure_5c_script,none,1,OCTvsBEN,2,PPL1-a3,0,1,after 3x training,D8,D9,,,10.054221846514757,False,,
2,figure_5c_script,none,1,OCTvsBEN,2,PPL1-a3,0,2,after 6x training,E8,E9,,,12.66766531229941,False,,
2,figure_5c_script,none,1,OCTvsBEN,2,PPL1-a3,0,3,1hr memory,F8,F9,,,6.85481859042511,False,,
2,figure_5c_script,none,1,OCTvsBEN,2,PPL1-a3,0,4,3hr,G8,G9,,,3.5360707118319965,False,,
2,figure_5c_script,none,1,OCTvsBEN,2,PPL1-a3,0,5,24hr,H8,H9,,,3.4340478898624562,False,,
2,figure_5c_script,none,1,OCTvsBEN,2,PPL1-a3,1,0,Pre-training,K8,K9,3.345531617017979,0.9723944131726138,3.434047927041533,True,0.08851631002355376,0.09102922520374544
2,figure_5c_script,none,1,OCTvsBEN,2,PPL1-a3,1,1,after 3x training,L8,L9,,,3.598869377056186,False,,
2,figure_5c_script,none,1,OCTvsBEN,2,PPL1-a3,1,2,after 6x training,M8,M9,,,3.868819582482245,False,,
2,figure_5c_script,none,1,OCTvsBEN,2,PPL1-a3,1,3,1hr memory,N8,N9,,,4.148987526345416,False,,
2,figure_5c_script,none,1,OCTvsBEN,2,PPL1-a3,1,4,3hr,O8,O9,,,3.4756728625588416,False,,
2,figure_5c_script,none,1,OCTvsBEN,2,PPL1-a3,1,5,24hr,P8,P9,,,3.434047910793118,False,,
2,figure_5c_script,none,1,OCTvsBEN,3,MBON-v1pedc,0,0,Pre-training,C11,C12,24.2222222,4.33995868,22.107789526857758,True,-2.114432673142243,-0.48720110697971974
2,figure_5c_script,none,1,OCTvsBEN,3,MBON-v1pedc,0,1,after 3x training,D11,D12,-5.5444444,4.81416844,-11.114939794413836,True,-5.570495394413836,-1.1571043813360704
2,figure_5c_script,none,1,OCTvsBEN,3,MBON-v1pedc,0,2,after 6x training,E11,E12,-14.088889,6.19971398,-18.593721618624077,True,-4.504832618624077,-0.7266194268246028
2,figure_5c_script,none,1,OCTvsBEN,3,MBON-v1pedc,0,3,1hr memory,F11,F12,14.3888889,3.45450307,12.159106445481939,True,-2.2297824545180607,-0.6454712615201297
2,figure_5c_script,none,1,OCTvsBEN,3,MBON-v1pedc,0,4,3hr,G11,G12,,,21.816064702234975,False,,
2,figure_5c_script,none,1,OCTvsBEN,3,MBON-v1pedc,0,5,24hr,H11,H12,,,22.107789526857758,False,,
2,figure_5c_script,none,1,OCTvsBEN,3,MBON-v1pedc,1,0,Pre-training,K11,K12,17.266666666666662,3.8088679089034767,22.107789526857758,True,4.841122860191096,1.271013586182565
2,figure_5c_script,none,1,OCTvsBEN,3,MBON-v1pedc,1,1,after 3x training,L11,L12,-1.0055555555555429,3.0890210530551157,6.499013248249561,True,7.504568803805104,2.4294327150612673
2,figure_5c_script,none,1,OCTvsBEN,3,MBON-v1pedc,1,2,after 6x training,M11,M12,-9.711111111111116,4.333328153325061,5.713731812306847,True,15.424842923417962,3.5595833912513943
2,figure_5c_script,none,1,OCTvsBEN,3,MBON-v1pedc,1,3,1hr memory,N11,N12,14.455555555555549,3.907015474942043,19.882140165311526,True,5.426584609755977,1.3889334824906154
2,figure_5c_script,none,1,OCTvsBEN,3,MBON-v1pedc,1,4,3hr,O11,O12,,,21.988593221657922,False,,
2,figure_5c_script,none,1,OCTvsBEN,3,MBON-v1pedc,1,5,24hr,P11,P12,,,22.107789526857758,False,,
2,figure_5c_script,none,1,OCTvsBEN,4,MBON-a2sc,0,0,Pre-training,C14,C15,11.650000000000004,1.8262235877878155,0.0,False,,
2,figure_5c_script,none,1,OCTvsBEN,4,MBON-a2sc,0,1,after 3x training,D14,D15,4.516666666666672,1.7865966554954749,0.0,False,,
2,figure_5c_script,none,1,OCTvsBEN,4,MBON-a2sc,0,2,after 6x training,E14,E15,2.9333333333333313,1.7197799561697105,0.0,False,,
2,figure_5c_script,none,1,OCTvsBEN,4,MBON-a2sc,0,3,1hr memory,F14,F15,2.222222222222219,1.6982727080174294,0.0,False,,
2,figure_5c_script,none,1,OCTvsBEN,4,MBON-a2sc,0,4,3hr,G14,G15,,,0.0,False,,
2,figure_5c_script,none,1,OCTvsBEN,4,MBON-a2sc,0,5,24hr,H14,H15,,,0.0,False,,
2,figure_5c_script,none,1,OCTvsBEN,4,MBON-a2sc,1,0,Pre-training,K14,K15,8.100000000000003,2.4954841368842797,0.0,False,,
2,figure_5c_script,none,1,OCTvsBEN,4,MBON-a2sc,1,1,after 3x training,L14,L15,2.0833333333333335,2.3494411542691886,0.0,False,,
2,figure_5c_script,none,1,OCTvsBEN,4,MBON-a2sc,1,2,after 6x training,M14,M15,-0.16111111111110551,2.950129350965795,0.0,False,,
2,figure_5c_script,none,1,OCTvsBEN,4,MBON-a2sc,1,3,1hr memory,N14,N15,1.5722222222222195,1.7010089763426288,0.0,False,,
2,figure_5c_script,none,1,OCTvsBEN,4,MBON-a2sc,1,4,3hr,O14,O15,,,0.0,False,,
2,figure_5c_script,none,1,OCTvsBEN,4,MBON-a2sc,1,5,24hr,P14,P15,,,0.0,False,,
2,figure_5c_script,none,1,OCTvsBEN,5,MBON-a3,0,0,Pre-training,C17,C18,16.995238095238097,3.1095226876235573,14.740796773154848,True,-2.254441322083249,-0.7250120190652792
2,figure_5c_script,none,1,OCTvsBEN,5,MBON-a3,0,1,after 3x training,D17,D18,-10.185714285714289,2.1683614512391522,-11.2,True,-1.0142857142857107,-0.4677659777183723
2,figure_5c_script,none,1,OCTvsBEN,5,MBON-a3,0,2,after 6x training,E17,E18,-12,1.559765800647443,-11.2,True,0.8000000000000007,0.5128975129906866
2,figure_5c_script,none,1,OCTvsBEN,5,MBON-a3,0,3,1hr memory,F17,F18,-2.6095238095238082,1.632392749176261,-11.2,True,-8.590476190476192,-5.262505726523916
2,figure_5c_script,none,1,OCTvsBEN,5,MBON-a3,0,4,3hr,G17,G18,-2.623809523809521,2.053706344774464,-7.0677235955125175,True,-4.443914071702997,-2.1638507778925047
2,figure_5c_script,none,1,OCTvsBEN,5,MBON-a3,0,5,24hr,H17,H18,-3.2380952380952337,3.2270658963939063,-3.1825891945261624,True,0.055506043569071295,0.017200158085118954
2,figure_5c_script,none,1,OCTvsBEN,5,MBON-a3,1,0,Pre-training,K17,K18,14.285714285714286,2.517634300272986,14.740796773154848,True,0.4550824874405617,0.18075797878636196
2,figure_5c_script,none,1,OCTvsBEN,5,MBON-a3,1,1,after 3x training,L17,L18,-5.82857142857143,3.0987233125596187,-1.9789781464346028,True,3.8495932821368273,1.2423159133097856
2,figure_5c_script,none,1,OCTvsBEN,5,MBON-a3,1,2,after 6x training,M17,M18,-7.671428571428569,2.2129098880624256,-8.790766369215039,True,-1.1193377977864696,-0.5058216802341359
2,figure_5c_script,none,1,OCTvsBEN,5,MBON-a3,1,3,1hr memory,N17,N18,1.9238095238095188,3.0642597429958363,-4.993740352956957,True,-6.917549876766476,-2.2574946176081636
2,figure_5c_script,none,1,OCTvsBEN,5,MBON-a3,1,4,3hr,O17,O18,3.0476190476190426,2.6760040606146855,7.213403038408085,True,4.165783990789043,1.5567181126893175
2,figure_5c_script,none,1,OCTvsBEN,5,MBON-a3,1,5,24hr,P17,P18,10.519047619047626,2.571062584184094,6.9077186134212525,True,-3.6113290056263736,-1.4046056396454463
3,fitting_script,none,0,ACVvsETA,0,PPL1-v1pedc,0,0,Pre-training,C2,C3,-4.216666666666667,1.0581135936677017,-2.748877275921507,True,1.4677893907451596,1.3871756298465205
3,fitting_script,none,0,ACVvsETA,0,PPL1-v1pedc,0,1,after 3x training,D2,D3,-0.7055555555555553,0.8447284875821847,-0.6624070579845333,True,0.043148497571022015,0.05107972349141835
3,fitting_script,none,0,ACVvsETA,0,PPL1-v1pedc,0,2,after 6x training,E2,E3,-0.26111111111111146,0.6000257196133604,-0.45697702685541647,True,-0.195865915744305,-0.3264292001858112
3,fitting_script,none,0,ACVvsETA,0,PPL1-v1pedc,0,3,1hr memory,F2,F3,-3.1166666666666685,1.2700943786348051,-2.4962385543591097,True,0.6204281123075588,0.48848977111011427
3,fitting_script,none,0,ACVvsETA,0,PPL1-v1pedc,0,4,3hr,G2,G3,,,-2.7445431246299177,False,,
3,fitting_script,none,0,ACVvsETA,0,PPL1-v1pedc,0,5,24hr,H2,H3,,,-2.748877275921507,False,,
3,fitting_script,none,0,ACVvsETA,0,PPL1-v1pedc,1,0,Pre-training,K2,K3,-2.622222222222222,1.0319258362583996,-2.748877275921507,True,-0.12665505369928542,-0.12273658556560293
3,fitting_script,none,0,ACVvsETA,0,PPL1-v1pedc,1,1,after 3x training,L2,L3,-0.3499999999999987,0.45067289757213136,-1.1334391465749625,True,-0.7834391465749637,-1.738376438422442
3,fitting_script,none,0,ACVvsETA,0,PPL1-v1pedc,1,2,after 6x training,M2,M3,-1.6277777777777747,1.1944162552464084,-1.1380703890841386,True,0.48970738869363606,0.40999725727326886
3,fitting_script,none,0,ACVvsETA,0,PPL1-v1pedc,1,3,1hr memory,N2,N3,-2.305555555555555,2.0896483414194056,-2.7832404575096596,True,-0.47768490195410473,-0.2285958323636572
3,fitting_script,none,0,ACVvsETA,0,PPL1-v1pedc,1,4,3hr,O2,O3,,,-2.7530587586204907,False,,
3,fitting_script,none,0,ACVvsETA,0,PPL1-v1pedc,1,5,24hr,P2,P3,,,-2.748877275921507,False,,
3,fitting_script,none,0,ACVvsETA,1,PPL1-a'2a2,0,0,Pre-training,C5,C6,-5.999999999999999,1.473629021016649,-3.7251921929958547,True,2.2748078070041444,1.5436773940803408
3,fitting_script,none,0,ACVvsETA,1,PPL1-a'2a2,0,1,after 3x training,D5,D6,1.016666666666665,1.3684055210476411,0.2184401649205563,True,-0.7982265017461088,-0.5833259874127024
3,fitting_script,none,0,ACVvsETA,1,PPL1-a'2a2,0,2,after 6x training,E5,E6,1.6111111111111116,0.9259387204503228,0.6191468045715351,True,-0.9919643065395765,-1.0713066476549795
3,fitting_script,none,0,ACVvsETA,1,PPL1-a'2a2,0,3,1hr memory,F5,F6,-3.7833333333333328,1.427793499107723,-3.16441143006076,True,0.6189219032725726,0.4334813848496705
3,fitting_script,none,0,ACVvsETA,1,PPL1-a'2a2,0,4,3hr,G5,G6,,,-3.647419542566643,False,,
3,fitting_script,none,0,ACVvsETA,1,PPL1-a'2a2,0,5,24hr,H5,H6,,,-3.655872783995815,False,,
3,fitting_script,none,0,ACVvsETA,1,PPL1-a'2a2,1,0,Pre-training,K5,K6,-3.161111111111111,0.7516741509329,-3.7251921929958547,True,-0.5640810818847437,-0.7504329917220977
3,fitting_script,none,0,ACVvsETA,1,PPL1-a'2a2,1,1,after 3x training,L5,L6,-2.7777777777777786,1.0834330438443474,-1.043630755120888,True,1.7341470226568905,1.6006037775104345
3,fitting_script,none,0,ACVvsETA,1,PPL1-a'2a2,1,2,after 6x training,M5,M6,-2.094444444444445,1.142696271946941,-0.9309317630042055,True,1.1635126814402394,1.0182169225579352
3,fitting_script,none,0,ACVvsETA,1,PPL1-a'2a2,1,3,1hr memory,N5,N6,-4.205555555555553,1.1727965465580137,-3.724795349844052,True,0.48076020571150124,0.4099263483700239
3,fitting_script,none,0,ACVvsETA,1,PPL1-a'2a2,1,4,3hr,O5,O6,,,-3.664044853049942,False,,
3,fitting_script,none,0,ACVvsETA,1,PPL1-a'2a2,1,5,24hr,P5,P6,,,-3.655872783995815,False,,
3,fitting_script,none,0,ACVvsETA,2,PPL1-a3,0,0,Pre-training,C8,C9,-6.388888888888892,1.2920850305418747,-4.4661441106812845,True,1.9227447782076075,1.488094616653245
3,fitting_script,none,0,ACVvsETA,2,PPL1-a3,0,1,after 3x training,D8,D9,3.2666666666666675,1.3243637694906167,2.6373742718560296,True,-0.6292923948106379,-0.4751658187181302
3,fitting_script,none,0,ACVvsETA,2,PPL1-a3,0,2,after 6x training,E8,E9,3.9444444444444464,0.9049371997978655,4.658729988282321,True,0.7142855438378746,0.7893205672144139
3,fitting_script,none,0,ACVvsETA,2,PPL1-a3,0,3,1hr memory,F8,F9,-2.5111111111111115,1.4797928086233636,-2.0715692671517933,True,0.43954184395931817,0.29702931477834355
3,fitting_script,none,0,ACVvsETA,2,PPL1-a3,0,4,3hr,G8,G9,,,-4.423555690603486,False,,
3,fitting_script,none,0,ACVvsETA,2,PPL1-a3,0,5,24hr,H8,H9,,,-4.466144112037361,False,,
3,fitting_script,none,0,ACVvsETA,2,PPL1-a3,1,0,Pre-training,K8,K9,-4.805555555555553,1.551440263475702,-4.4661441106812845,True,0.3394114448742682,0.2187718424387688
3,fitting_script,none,0,ACVvsETA,2,PPL1-a3,1,1,after 3x training,L8,L9,-4.083333333333338,1.4412659278382611,-2.762043162796476,True,1.3212901705368623,0.9167566824525234
3,fitting_script,none,0,ACVvsETA,2,PPL1-a3,1,2,after 6x training,M8,M9,-2.166666666666663,1.5688358076120608,-2.8341755377227456,True,-0.6675088710560826,-0.425480389864446
3,fitting_script,none,0,ACVvsETA,2,PPL1-a3,1,3,1hr memory,N8,N9,-3.433333333333334,2.2751845302007156,-4.934381291483456,True,-1.5010479581501222,-0.6597477867070854
3,fitting_script,none,0,ACVvsETA,2,PPL1-a3,1,4,3hr,O8,O9,,,-4.508371679052962,False,,
3,fitting_script,none,0,ACVvsETA,2,PPL1-a3,1,5,24hr,P8,P9,,,-4.466144098401138,False,,
3,fitting_script,none,0,ACVvsETA,3,MBON-v1pedc,0,0,Pre-training,C11,C12,36.583333333333336,5.171197915259853,22.616771718430968,True,-13.966561614902368,-2.7008367971544844
3,fitting_script,none,0,ACVvsETA,3,MBON-v1pedc,0,1,after 3x training,D11,D12,-2.383333333333336,2.3427677234545894,-2.511474081579827,True,-0.12814074824649113,-0.05469630939662164
3,fitting_script,none,0,ACVvsETA,3,MBON-v1pedc,0,2,after 6x training,E11,E12,-10.694444444444434,3.311763121351167,-7.8196756271528365,True,2.8747688172915975,0.8680478379500525
3,fitting_script,none,0,ACVvsETA,3,MBON-v1pedc,0,3,1hr memory,F11,F12,21.644444444444446,3.6631970115841446,16.28445304664917,True,-5.359991397795277,-1.4632004177895297
3,fitting_script,none,0,ACVvsETA,3,MBON-v1pedc,0,4,3hr,G11,G12,,,22.504903965911538,False,,
3,fitting_script,none,0,ACVvsETA,3,MBON-v1pedc,0,5,24hr,H11,H12,,,22.616771718430968,False,,
3,fitting_script,none,0,ACVvsETA,3,MBON-v1pedc,1,0,Pre-training,K11,K12,26.661111111111108,4.498727529281595,22.616771718430968,True,-4.04433939268014,-0.8989962975877277
3,fitting_script,none,0,ACVvsETA,3,MBON-v1pedc,1,1,after 3x training,L11,L12,9.855555555555553,3.699466094278479,11.299031189413235,True,1.4434756338576822,0.39018485291435245
3,fitting_script,none,0,ACVvsETA,3,MBON-v1pedc,1,2,after 6x training,M11,M12,12.233333333333322,3.893415835572522,11.475647268440824,True,-0.7576860648924981,-0.19460702295650917
3,fitting_script,none,0,ACVvsETA,3,MBON-v1pedc,1,3,1hr memory,N11,N12,23.83888888888889,3.630765085573807,23.783651758485476,True,-0.05523713040341249,-0.015213633793848935
3,fitting_script,none,0,ACVvsETA,3,MBON-v1pedc,1,4,3hr,O11,O12,,,22.72714152318902,False,,
3,fitting_script,none,0,ACVvsETA,3,MBON-v1pedc,1,5,24hr,P11,P12,,,22.616771718430968,False,,
3,fitting_script,none,0,ACVvsETA,4,MBON-a2sc,0,0,Pre-training,C14,C15,6.12222222222222,2.813613291318908,8.452033193768223,True,2.329810971546003,0.8280494617843812
3,fitting_script,none,0,ACVvsETA,4,MBON-a2sc,0,1,after 3x training,D14,D15,5.783333333333329,2.5195949249549163,8.899999999999999,True,3.11666666666667,1.2369713225717966
3,fitting_script,none,0,ACVvsETA,4,MBON-a2sc,0,2,after 6x training,E14,E15,8.505555555555562,1.9248238072907775,8.899999999999999,True,0.3944444444444368,0.20492496141744224
3,fitting_script,none,0,ACVvsETA,4,MBON-a2sc,0,3,1hr memory,F14,F15,5.2166666666666615,2.368652247167882,8.899999999999999,True,3.683333333333337,1.555033389868595
3,fitting_script,none,0,ACVvsETA,4,MBON-a2sc,0,4,3hr,G14,G15,,,8.899999999999999,False,,
3,fitting_script,none,0,ACVvsETA,4,MBON-a2sc,0,5,24hr,H14,H15,,,8.899999999999999,False,,
3,fitting_script,none,0,ACVvsETA,4,MBON-a2sc,1,0,Pre-training,K14,K15,5.533333333333339,2.4482110557991907,8.452033193768223,True,2.9186998604348835,1.1921765705294174
3,fitting_script,none,0,ACVvsETA,4,MBON-a2sc,1,1,after 3x training,L14,L15,6.483333333333331,1.7183722036575857,6.753503299955831,True,0.27016996662250037,0.15722435805667642
3,fitting_script,none,0,ACVvsETA,4,MBON-a2sc,1,2,after 6x training,M14,M15,4.449999999999997,2.9640963215400054,7.542682227356668,True,3.092682227356671,1.0433811495538237
3,fitting_script,none,0,ACVvsETA,4,MBON-a2sc,1,3,1hr memory,N14,N15,4.122222222222221,1.9737303950333085,8.899999999999999,True,4.777777777777778,2.4206840963692757
3,fitting_script,none,0,ACVvsETA,4,MBON-a2sc,1,4,3hr,O14,O15,,,8.899999999999999,False,,
3,fitting_script,none,0,ACVvsETA,4,MBON-a2sc,1,5,24hr,P14,P15,,,8.899999999999999,False,,
3,fitting_script,none,0,ACVvsETA,5,MBON-a3,0,0,Pre-training,C17,C18,18.016666666666673,2.278905239563307,14.531713112850106,True,-3.484953553816567,-1.5292226694271709
3,fitting_script,none,0,ACVvsETA,5,MBON-a3,0,1,after 3x training,D17,D18,-1.7666666666666642,2.8258010395552495,2.444303694075959,True,4.210970360742623,1.4901864291922633
3,fitting_script,none,0,ACVvsETA,5,MBON-a3,0,2,after 6x training,E17,E18,-9.505555555555555,2.622994129666491,-7.809575504729207,True,1.695980050826348,0.6465817180620183
3,fitting_script,none,0,ACVvsETA,5,MBON-a3,0,3,1hr memory,F17,F18,-2.833333333333336,1.5905973720586883,-4.6780162586415495,True,-1.8446829253082133,-1.159742218686471
3,fitting_script,none,0,ACVvsETA,5,MBON-a3,0,4,3hr,G17,G18,1.5888888888888895,2.6482677564756854,8.878504830954409,True,7.289615942065519,2.7525977780156716
3,fitting_script,none,0,ACVvsETA,5,MBON-a3,0,5,24hr,H17,H18,6.350000000000006,2.377265001822241,13.434840334028223,True,7.084840334028217,2.9802484487835756
3,fitting_script,none,0,ACVvsETA,5,MBON-a3,1,0,Pre-training,K17,K18,17.594444444444434,2.0395988635342497,14.531713112850106,True,-3.0627313315943283,-1.5016341626545027
3,fitting_script,none,0,ACVvsETA,5,MBON-a3,1,1,after 3x training,L17,L18,18.999999999999996,3.374363638722117,12.970037304420622,True,-6.029962695579375,-1.7869925536131435
3,fitting_script,none,0,ACVvsETA,5,MBON-a3,1,2,after 6x training,M17,M18,17.783333333333314,3.7343354084443097,16.214690997945176,True,-1.5686423353881374,-0.42005930475367226
3,fitting_script,none,0,ACVvsETA,5,MBON-a3,1,3,1hr memory,N17,N18,21.938888888888894,2.477854213614714,19.96,True,-1.9788888888888927,-0.7986300719452228
3,fitting_script,none,0,ACVvsETA,5,MBON-a3,1,4,3hr,O17,O18,22.18333333333332,2.592414796693324,19.96,True,-2.2233333333333185,-0.857630243496999
3,fitting_script,none,0,ACVvsETA,5,MBON-a3,1,5,24hr,P17,P18,16.03888888888889,2.7300973494727634,19.96,True,3.9211111111111094,1.4362532207389436
3,fitting_script,none,1,OCTvsBEN,0,PPL1-v1pedc,0,0,Pre-training,C2,C3,2.5672557781506233,1.1679948556387756,3.712322602999974,True,1.1450668248493505,0.9803697501930471
3,fitting_script,none,1,OCTvsBEN,0,PPL1-v1pedc,0,1,after 3x training,D2,D3,,,2.2158437585224466,False,,
3,fitting_script,none,1,OCTvsBEN,0,PPL1-v1pedc,0,2,after 6x training,E2,E3,,,2.434182789996066,False,,
3,fitting_script,none,1,OCTvsBEN,0,PPL1-v1pedc,0,3,1hr memory,F2,F3,,,4.045271413065434,False,,
3,fitting_script,none,1,OCTvsBEN,0,PPL1-v1pedc,0,4,3hr,G2,G3,,,3.726437891466734,False,,
3,fitting_script,none,1,OCTvsBEN,0,PPL1-v1pedc,0,5,24hr,H2,H3,,,3.712322602999974,False,,
3,fitting_script,none,1,OCTvsBEN,0,PPL1-v1pedc,1,0,Pre-training,K2,K3,2.5672557781506233,1.1679948556387756,3.712322602999974,True,1.1450668248493505,0.9803697501930471
3,fitting_script,none,1,OCTvsBEN,0,PPL1-v1pedc,1,1,after 3x training,L2,L3,,,1.530694658438212,False,,
3,fitting_script,none,1,OCTvsBEN,0,PPL1-v1pedc,1,2,after 6x training,M2,M3,,,1.5369490905285006,False,,
3,fitting_script,none,1,OCTvsBEN,0,PPL1-v1pedc,1,3,1hr memory,N2,N3,,,3.7587296277289797,False,,
3,fitting_script,none,1,OCTvsBEN,0,PPL1-v1pedc,1,4,3hr,O2,O3,,,3.7179696403826403,False,,
3,fitting_script,none,1,OCTvsBEN,0,PPL1-v1pedc,1,5,24hr,P2,P3,,,3.712322602999974,False,,
3,fitting_script,none,1,OCTvsBEN,1,PPL1-a'2a2,0,0,Pre-training,C5,C6,2.236006017350811,0.9786209032655809,2.233236853685896,True,-0.0027691636649151974,-0.002829659223172851
3,fitting_script,none,1,OCTvsBEN,1,PPL1-a'2a2,0,1,after 3x training,D5,D6,,,2.5025591556346374,False,,
3,fitting_script,none,1,OCTvsBEN,1,PPL1-a'2a2,0,2,after 6x training,E5,E6,,,2.703680405528713,False,,
3,fitting_script,none,1,OCTvsBEN,1,PPL1-a'2a2,0,3,1hr memory,F5,F6,,,1.6560455160046117,False,,
3,fitting_script,none,1,OCTvsBEN,1,PPL1-a'2a2,0,4,3hr,G5,G6,,,1.6439665488216804,False,,
3,fitting_script,none,1,OCTvsBEN,1,PPL1-a'2a2,0,5,24hr,H5,H6,,,1.5926164691346538,False,,
3,fitting_script,none,1,OCTvsBEN,1,PPL1-a'2a2,1,0,Pre-training,K5,K6,2.236006017350811,0.9786209032655809,2.233236853685896,True,-0.0027691636649151974,-0.002829659223172851
3,fitting_script,none,1,OCTvsBEN,1,PPL1-a'2a2,1,1,after 3x training,L5,L6,,,0.8355824076508855,False,,
3,fitting_script,none,1,OCTvsBEN,1,PPL1-a'2a2,1,2,after 6x training,M5,M6,,,0.7465915694833354,False,,
3,fitting_script,none,1,OCTvsBEN,1,PPL1-a'2a2,1,3,1hr memory,N5,N6,,,1.5577797650797467,False,,
3,fitting_script,none,1,OCTvsBEN,1,PPL1-a'2a2,1,4,3hr,O5,O6,,,1.88261519470832,False,,
3,fitting_script,none,1,OCTvsBEN,1,PPL1-a'2a2,1,5,24hr,P5,P6,,,1.7620145721147968,False,,
3,fitting_script,none,1,OCTvsBEN,2,PPL1-a3,0,0,Pre-training,C8,C9,3.345531617017979,0.9723944131726138,3.5804984307050383,True,0.23496681368705907,0.24163735466191857
3,fitting_script,none,1,OCTvsBEN,2,PPL1-a3,0,1,after 3x training,D8,D9,,,8.610251528136853,False,,
3,fitting_script,none,1,OCTvsBEN,2,PPL1-a3,0,2,after 6x training,E8,E9,,,10.82094261233711,False,,
3,fitting_script,none,1,OCTvsBEN,2,PPL1-a3,0,3,1hr memory,F8,F9,,,7.0740444867151115,False,,
3,fitting_script,none,1,OCTvsBEN,2,PPL1-a3,0,4,3hr,G8,G9,,,3.7219313798175033,False,,
3,fitting_script,none,1,OCTvsBEN,2,PPL1-a3,0,5,24hr,H8,H9,,,3.580498387874366,False,,
3,fitting_script,none,1,OCTvsBEN,2,PPL1-a3,1,0,Pre-training,K8,K9,3.345531617017979,0.9723944131726138,3.5804984307050383,True,0.23496681368705907,0.24163735466191857
3,fitting_script,none,1,OCTvsBEN,2,PPL1-a3,1,1,after 3x training,L8,L9,,,2.817968092853534,False,,
3,fitting_script,none,1,OCTvsBEN,2,PPL1-a3,1,2,after 6x training,M8,M9,,,2.9181637058639485,False,,
3,fitting_script,none,1,OCTvsBEN,2,PPL1-a3,1,3,1hr memory,N8,N9,,,4.226322686566892,False,,
3,fitting_script,none,1,OCTvsBEN,2,PPL1-a3,1,4,3hr,O8,O9,,,3.6375882525867755,False,,
3,fitting_script,none,1,OCTvsBEN,2,PPL1-a3,1,5,24hr,P8,P9,,,3.5804984090916054,False,,
3,fitting_script,none,1,OCTvsBEN,3,MBON-v1pedc,0,0,Pre-training,C11,C12,24.2222222,4.33995868,22.616771718430968,True,-1.605450481569033,-0.3699229877389139
3,fitting_script,none,1,OCTvsBEN,3,MBON-v1pedc,0,1,after 3x training,D11,D12,-5.5444444,4.81416844,-9.663867648278423,True,-4.119423248278423,-0.8556873943277362
3,fitting_script,none,1,OCTvsBEN,3,MBON-v1pedc,0,2,after 6x training,E11,E12,-14.088889,6.19971398,-15.49092422156896,True,-1.4020352215689602,-0.22614514574250733
3,fitting_script,none,1,OCTvsBEN,3,MBON-v1pedc,0,3,1hr memory,F11,F12,14.3888889,3.45450307,13.292900307986237,True,-1.0959885920137626,-0.3172637481586498
3,fitting_script,none,1,OCTvsBEN,3,MBON-v1pedc,0,4,3hr,G11,G12,,,22.24537473091931,False,,
3,fitting_script,none,1,OCTvsBEN,3,MBON-v1pedc,0,5,24hr,H11,H12,,,22.616771718430968,False,,
3,fitting_script,none,1,OCTvsBEN,3,MBON-v1pedc,1,0,Pre-training,K11,K12,17.266666666666662,3.8088679089034767,22.616771718430968,True,5.350105051764306,1.4046444192139316
3,fitting_script,none,1,OCTvsBEN,3,MBON-v1pedc,1,1,after 3x training,L11,L12,-1.0055555555555429,3.0890210530551157,4.524594070607634,True,5.530149626163177,1.7902596101420956
3,fitting_script,none,1,OCTvsBEN,3,MBON-v1pedc,1,2,after 6x training,M11,M12,-9.711111111111116,4.333328153325061,4.225740701866826,True,13.936851812977942,3.216200416828317
3,fitting_script,none,1,OCTvsBEN,3,MBON-v1pedc,1,3,1hr memory,N11,N12,14.455555555555549,3.907015474942043,20.748624526805088,True,6.293068971249539,1.610710019351252
3,fitting_script,none,1,OCTvsBEN,3,MBON-v1pedc,1,4,3hr,O11,O12,,,22.46637295183114,False,,
3,fitting_script,none,1,OCTvsBEN,3,MBON-v1pedc,1,5,24hr,P11,P12,,,22.616771718430968,False,,
3,fitting_script,none,1,OCTvsBEN,4,MBON-a2sc,0,0,Pre-training,C14,C15,11.650000000000004,1.8262235877878155,8.452033193768223,True,-3.197966806231781,-1.7511365134132442
3,fitting_script,none,1,OCTvsBEN,4,MBON-a2sc,0,1,after 3x training,D14,D15,4.516666666666672,1.7865966554954749,4.683382783548266,True,0.16671611688159427,0.09331491602695241
3,fitting_script,none,1,OCTvsBEN,4,MBON-a2sc,0,2,after 6x training,E14,E15,2.9333333333333313,1.7197799561697105,3.1843061604744207,True,0.25097282714108937,0.14593310396526274
3,fitting_script,none,1,OCTvsBEN,4,MBON-a2sc,0,3,1hr memory,F14,F15,2.222222222222219,1.6982727080174294,0.3043025880200467,True,-1.9179196342021725,-1.129335486078181
3,fitting_script,none,1,OCTvsBEN,4,MBON-a2sc,0,4,3hr,G14,G15,,,4.464836654559431,False,,
3,fitting_script,none,1,OCTvsBEN,4,MBON-a2sc,0,5,24hr,H14,H15,,,4.31211521388143,False,,
3,fitting_script,none,1,OCTvsBEN,4,MBON-a2sc,1,0,Pre-training,K14,K15,8.100000000000003,2.4954841368842797,8.452033193768223,True,0.35203319376821973,0.14106809519043806
3,fitting_script,none,1,OCTvsBEN,4,MBON-a2sc,1,1,after 3x training,L14,L15,2.0833333333333335,2.3494411542691886,1.292681348281219,True,-0.7906519850521145,-0.3365276817490893
3,fitting_script,none,1,OCTvsBEN,4,MBON-a2sc,1,2,after 6x training,M14,M15,-0.16111111111110551,2.950129350965795,0.5923091189046552,True,0.7534202300157608,0.255385490052872
3,fitting_script,none,1,OCTvsBEN,4,MBON-a2sc,1,3,1hr memory,N14,N15,1.5722222222222195,1.7010089763426288,3.276843564708324,True,1.7046213424861045,1.0021236608352548
3,fitting_script,none,1,OCTvsBEN,4,MBON-a2sc,1,4,3hr,O14,O15,,,6.113909717023288,False,,
3,fitting_script,none,1,OCTvsBEN,4,MBON-a2sc,1,5,24hr,P14,P15,,,5.406826323921223,False,,
3,fitting_script,none,1,OCTvsBEN,5,MBON-a3,0,0,Pre-training,C17,C18,16.995238095238097,3.1095226876235573,14.531713112850106,True,-2.463524982387991,-0.7922518115700683
3,fitting_script,none,1,OCTvsBEN,5,MBON-a3,0,1,after 3x training,D17,D18,-10.185714285714289,2.1683614512391522,-11.2,True,-1.0142857142857107,-0.4677659777183723
3,fitting_script,none,1,OCTvsBEN,5,MBON-a3,0,2,after 6x training,E17,E18,-12,1.559765800647443,-11.2,True,0.8000000000000007,0.5128975129906866
3,fitting_script,none,1,OCTvsBEN,5,MBON-a3,0,3,1hr memory,F17,F18,-2.6095238095238082,1.632392749176261,-11.2,True,-8.590476190476192,-5.262505726523916
3,fitting_script,none,1,OCTvsBEN,5,MBON-a3,0,4,3hr,G17,G18,-2.623809523809521,2.053706344774464,-4.277625711066305,True,-1.6538161872567838,-0.8052836723540454
3,fitting_script,none,1,OCTvsBEN,5,MBON-a3,0,5,24hr,H17,H18,-3.2380952380952337,3.2270658963939063,-1.8235481175721695,True,1.4145471205230642,0.438338467802518
3,fitting_script,none,1,OCTvsBEN,5,MBON-a3,1,0,Pre-training,K17,K18,14.285714285714286,2.517634300272986,14.531713112850106,True,0.24599882713581955,0.09771030967807595
3,fitting_script,none,1,OCTvsBEN,5,MBON-a3,1,1,after 3x training,L17,L18,-5.82857142857143,3.0987233125596187,-1.5448412808169714,True,4.283730147754459,1.3824177623061145
3,fitting_script,none,1,OCTvsBEN,5,MBON-a3,1,2,after 6x training,M17,M18,-7.671428571428569,2.2129098880624256,-5.019009670364469,True,2.6524189010640997,1.198611346703547
3,fitting_script,none,1,OCTvsBEN,5,MBON-a3,1,3,1hr memory,N17,N18,1.9238095238095188,3.0642597429958363,-1.1196690463373926,True,-3.0434785701469114,-0.9932182077918082
3,fitting_script,none,1,OCTvsBEN,5,MBON-a3,1,4,3hr,O17,O18,3.0476190476190426,2.6760040606146855,7.997196265791043,True,4.949577218172001,1.849614987891711
3,fitting_script,none,1,OCTvsBEN,5,MBON-a3,1,5,24hr,P17,P18,10.519047619047626,2.571062584184094,7.234540077752946,True,-3.28450754129468,-1.2774903113986205
3,figure_5c_script,none,0,ACVvsETA,0,PPL1-v1pedc,0,0,Pre-training,C2,C3,-4.216666666666667,1.0581135936677017,-2.748877275921507,True,1.4677893907451596,1.3871756298465205
3,figure_5c_script,none,0,ACVvsETA,0,PPL1-v1pedc,0,1,after 3x training,D2,D3,-0.7055555555555553,0.8447284875821847,-0.8818143161428568,True,-0.1762587605873015,-0.20865729424113102
3,figure_5c_script,none,0,ACVvsETA,0,PPL1-v1pedc,0,2,after 6x training,E2,E3,-0.26111111111111146,0.6000257196133604,-0.6468852782338834,True,-0.38577416712277196,-0.64292938537927
3,figure_5c_script,none,0,ACVvsETA,0,PPL1-v1pedc,0,3,1hr memory,F2,F3,-3.1166666666666685,1.2700943786348051,-2.4364433227513573,True,0.6802233439153111,0.5355691319935353
3,figure_5c_script,none,0,ACVvsETA,0,PPL1-v1pedc,0,4,3hr,G2,G3,,,-2.7430398387854478,False,,
3,figure_5c_script,none,0,ACVvsETA,0,PPL1-v1pedc,0,5,24hr,H2,H3,,,-2.748877275921507,False,,
3,figure_5c_script,none,0,ACVvsETA,0,PPL1-v1pedc,1,0,Pre-training,K2,K3,-2.622222222222222,1.0319258362583996,-2.748877275921507,True,-0.12665505369928542,-0.12273658556560293
3,figure_5c_script,none,0,ACVvsETA,0,PPL1-v1pedc,1,1,after 3x training,L2,L3,-0.3499999999999987,0.45067289757213136,-1.4848125933241891,True,-1.1348125933241904,-2.5180404666836234
3,figure_5c_script,none,0,ACVvsETA,0,PPL1-v1pedc,1,2,after 6x training,M2,M3,-1.6277777777777747,1.1944162552464084,-1.5003472003235894,True,0.1274305774541853,0.10668858272352993
3,figure_5c_script,none,0,ACVvsETA,0,PPL1-v1pedc,1,3,1hr memory,N2,N3,-2.305555555555555,2.0896483414194056,-2.7886765862764156,True,-0.48312103072086066,-0.23119728862737637
3,figure_5c_script,none,0,ACVvsETA,0,PPL1-v1pedc,1,4,3hr,O2,O3,,,-2.7535357720468037,False,,
3,figure_5c_script,none,0,ACVvsETA,0,PPL1-v1pedc,1,5,24hr,P2,P3,,,-2.748877275921507,False,,
3,figure_5c_script,none,0,ACVvsETA,1,PPL1-a'2a2,0,0,Pre-training,C5,C6,-5.999999999999999,1.473629021016649,-3.7251921929958547,True,2.2748078070041444,1.5436773940803408
3,figure_5c_script,none,0,ACVvsETA,1,PPL1-a'2a2,0,1,after 3x training,D5,D6,1.016666666666665,1.3684055210476411,-0.17243103670879423,True,-1.1890977033754593,-0.8689658767710137
3,figure_5c_script,none,0,ACVvsETA,1,PPL1-a'2a2,0,2,after 6x training,E5,E6,1.6111111111111116,0.9259387204503228,0.286038288886719,True,-1.3250728222243926,-1.43105887350726
3,figure_5c_script,none,0,ACVvsETA,1,PPL1-a'2a2,0,3,1hr memory,F5,F6,-3.7833333333333328,1.427793499107723,-3.0489937243696126,True,0.7343396089637202,0.514317798352937
3,figure_5c_script,none,0,ACVvsETA,1,PPL1-a'2a2,0,4,3hr,G5,G6,,,-3.644484752530267,False,,
3,figure_5c_script,none,0,ACVvsETA,1,PPL1-a'2a2,0,5,24hr,H5,H6,,,-3.655872783995815,False,,
3,figure_5c_script,none,0,ACVvsETA,1,PPL1-a'2a2,1,0,Pre-training,K5,K6,-3.161111111111111,0.7516741509329,-3.7251921929958547,True,-0.5640810818847437,-0.7504329917220977
3,figure_5c_script,none,0,ACVvsETA,1,PPL1-a'2a2,1,1,after 3x training,L5,L6,-2.7777777777777786,1.0834330438443474,-1.358050692834062,True,1.4197270849437165,1.3103966996484586
3,figure_5c_script,none,0,ACVvsETA,1,PPL1-a'2a2,1,2,after 6x training,M5,M6,-2.094444444444445,1.142696271946941,-1.3885781748674677,True,0.7058662695769773,0.6177199374023624
3,figure_5c_script,none,0,ACVvsETA,1,PPL1-a'2a2,1,3,1hr memory,N5,N6,-4.205555555555553,1.1727965465580137,-3.736769521480085,True,0.46878603407546793,0.39971641752466475
3,figure_5c_script,none,0,ACVvsETA,1,PPL1-a'2a2,1,4,3hr,O5,O6,,,-3.6649762588267976,False,,
3,figure_5c_script,none,0,ACVvsETA,1,PPL1-a'2a2,1,5,24hr,P5,P6,,,-3.655872783995815,False,,
3,figure_5c_script,none,0,ACVvsETA,2,PPL1-a3,0,0,Pre-training,C8,C9,-6.388888888888892,1.2920850305418747,-4.4661441106812845,True,1.9227447782076075,1.488094616653245
3,figure_5c_script,none,0,ACVvsETA,2,PPL1-a3,0,1,after 3x training,D8,D9,3.2666666666666675,1.3243637694906167,3.026340592049893,True,-0.24032607461677458,-0.18146530443762438
3,figure_5c_script,none,0,ACVvsETA,2,PPL1-a3,0,2,after 6x training,E8,E9,3.9444444444444464,0.9049371997978655,5.353247751617744,True,1.4088033071732973,1.556796767209901
3,figure_5c_script,none,0,ACVvsETA,2,PPL1-a3,0,3,1hr memory,F8,F9,-2.5111111111111115,1.4797928086233636,-1.5668112777351926,True,0.9442998333759189,0.6381297624053137
3,figure_5c_script,none,0,ACVvsETA,2,PPL1-a3,0,4,3hr,G8,G9,,,-4.408590946800193,False,,
3,figure_5c_script,none,0,ACVvsETA,2,PPL1-a3,0,5,24hr,H8,H9,,,-4.4661441134329,False,,
3,figure_5c_script,none,0,ACVvsETA,2,PPL1-a3,1,0,Pre-training,K8,K9,-4.805555555555553,1.551440263475702,-4.4661441106812845,True,0.3394114448742682,0.2187718424387688
3,figure_5c_script,none,0,ACVvsETA,2,PPL1-a3,1,1,after 3x training,L8,L9,-4.083333333333338,1.4412659278382611,-3.554318273723926,True,0.5290150596094123,0.367048890417382
3,figure_5c_script,none,0,ACVvsETA,2,PPL1-a3,1,2,after 6x training,M8,M9,-2.166666666666663,1.5688358076120608,-3.72269883183073,True,-1.556032165164067,-0.9918387619750455
3,figure_5c_script,none,0,ACVvsETA,2,PPL1-a3,1,3,1hr memory,N8,N9,-3.433333333333334,2.2751845302007156,-5.081999221999645,True,-1.648665888666311,-0.7246295264326831
3,figure_5c_script,none,0,ACVvsETA,2,PPL1-a3,1,4,3hr,O8,O9,,,-4.5131309301676845,False,,
3,figure_5c_script,none,0,ACVvsETA,2,PPL1-a3,1,5,24hr,P8,P9,,,-4.466144098401138,False,,
3,figure_5c_script,none,0,ACVvsETA,3,MBON-v1pedc,0,0,Pre-training,C11,C12,36.583333333333336,5.171197915259853,22.616771718430968,True,-13.966561614902368,-2.7008367971544844
3,figure_5c_script,none,0,ACVvsETA,3,MBON-v1pedc,0,1,after 3x training,D11,D12,-2.383333333333336,2.3427677234545894,-2.304408418449519,True,0.07892491488381692,0.033688749462296726
3,figure_5c_script,none,0,ACVvsETA,3,MBON-v1pedc,0,2,after 6x training,E11,E12,-10.694444444444434,3.311763121351167,-8.40763293051484,True,2.286811513929594,0.6905117999492058
3,figure_5c_script,none,0,ACVvsETA,3,MBON-v1pedc,0,3,1hr memory,F11,F12,21.644444444444446,3.6631970115841446,14.918615864190492,True,-6.725828580253953,-1.8360542878214945
3,figure_5c_script,none,0,ACVvsETA,3,MBON-v1pedc,0,4,3hr,G11,G12,,,22.465689045446602,False,,
3,figure_5c_script,none,0,ACVvsETA,3,MBON-v1pedc,0,5,24hr,H11,H12,,,22.616771718430968,False,,
3,figure_5c_script,none,0,ACVvsETA,3,MBON-v1pedc,1,0,Pre-training,K11,K12,26.661111111111108,4.498727529281595,22.616771718430968,True,-4.04433939268014,-0.8989962975877277
3,figure_5c_script,none,0,ACVvsETA,3,MBON-v1pedc,1,1,after 3x training,L11,L12,9.855555555555553,3.699466094278479,14.6646464606359,True,4.809090905080348,1.29994187878029
3,figure_5c_script,none,0,ACVvsETA,3,MBON-v1pedc,1,2,after 6x training,M11,M12,12.233333333333322,3.893415835572522,15.099337776837494,True,2.8660044435041723,0.7361156795322712
3,figure_5c_script,none,0,ACVvsETA,3,MBON-v1pedc,1,3,1hr memory,N11,N12,23.83888888888889,3.630765085573807,24.125918798635254,True,0.2870299097463658,0.07905493827921492
3,figure_5c_script,none,0,ACVvsETA,3,MBON-v1pedc,1,4,3hr,O11,O12,,,22.739607964423314,False,,
3,figure_5c_script,none,0,ACVvsETA,3,MBON-v1pedc,1,5,24hr,P11,P12,,,22.616771718430968,False,,
3,figure_5c_script,none,0,ACVvsETA,4,MBON-a2sc,0,0,Pre-training,C14,C15,6.12222222222222,2.813613291318908,8.452033193768223,True,2.329810971546003,0.8280494617843812
3,figure_5c_script,none,0,ACVvsETA,4,MBON-a2sc,0,1,after 3x training,D14,D15,5.783333333333329,2.5195949249549163,8.899999999999999,True,3.11666666666667,1.2369713225717966
3,figure_5c_script,none,0,ACVvsETA,4,MBON-a2sc,0,2,after 6x training,E14,E15,8.505555555555562,1.9248238072907775,8.899999999999999,True,0.3944444444444368,0.20492496141744224
3,figure_5c_script,none,0,ACVvsETA,4,MBON-a2sc,0,3,1hr memory,F14,F15,5.2166666666666615,2.368652247167882,8.899999999999999,True,3.683333333333337,1.555033389868595
3,figure_5c_script,none,0,ACVvsETA,4,MBON-a2sc,0,4,3hr,G14,G15,,,8.899999999999999,False,,
3,figure_5c_script,none,0,ACVvsETA,4,MBON-a2sc,0,5,24hr,H14,H15,,,8.899999999999999,False,,
3,figure_5c_script,none,0,ACVvsETA,4,MBON-a2sc,1,0,Pre-training,K14,K15,5.533333333333339,2.4482110557991907,8.452033193768223,True,2.9186998604348835,1.1921765705294174
3,figure_5c_script,none,0,ACVvsETA,4,MBON-a2sc,1,1,after 3x training,L14,L15,6.483333333333331,1.7183722036575857,8.899999999999999,True,2.416666666666668,1.4063697384785148
3,figure_5c_script,none,0,ACVvsETA,4,MBON-a2sc,1,2,after 6x training,M14,M15,4.449999999999997,2.9640963215400054,8.899999999999999,True,4.450000000000002,1.5013007396763647
3,figure_5c_script,none,0,ACVvsETA,4,MBON-a2sc,1,3,1hr memory,N14,N15,4.122222222222221,1.9737303950333085,8.899999999999999,True,4.777777777777778,2.4206840963692757
3,figure_5c_script,none,0,ACVvsETA,4,MBON-a2sc,1,4,3hr,O14,O15,,,8.899999999999999,False,,
3,figure_5c_script,none,0,ACVvsETA,4,MBON-a2sc,1,5,24hr,P14,P15,,,8.899999999999999,False,,
3,figure_5c_script,none,0,ACVvsETA,5,MBON-a3,0,0,Pre-training,C17,C18,18.016666666666673,2.278905239563307,14.531713112850106,True,-3.484953553816567,-1.5292226694271709
3,figure_5c_script,none,0,ACVvsETA,5,MBON-a3,0,1,after 3x training,D17,D18,-1.7666666666666642,2.8258010395552495,3.149236082497728,True,4.915902749164392,1.73964928186809
3,figure_5c_script,none,0,ACVvsETA,5,MBON-a3,0,2,after 6x training,E17,E18,-9.505555555555555,2.622994129666491,-11.03240246564297,True,-1.526846910087416,-0.5821007728604989
3,figure_5c_script,none,0,ACVvsETA,5,MBON-a3,0,3,1hr memory,F17,F18,-2.833333333333336,1.5905973720586883,-8.071155816446765,True,-5.23782248311343,-3.2929907814032084
3,figure_5c_script,none,0,ACVvsETA,5,MBON-a3,0,4,3hr,G17,G18,1.5888888888888895,2.6482677564756854,7.863376633563888,True,6.274487744674999,2.3692799677571452
3,figure_5c_script,none,0,ACVvsETA,5,MBON-a3,0,5,24hr,H17,H18,6.350000000000006,2.377265001822241,12.767051651824858,True,6.417051651824852,2.699342162908216
3,figure_5c_script,none,0,ACVvsETA,5,MBON-a3,1,0,Pre-training,K17,K18,17.594444444444434,2.0395988635342497,14.531713112850106,True,-3.0627313315943283,-1.5016341626545027
3,figure_5c_script,none,0,ACVvsETA,5,MBON-a3,1,1,after 3x training,L17,L18,18.999999999999996,3.374363638722117,17.111955162890442,True,-1.888044837109554,-0.5595261919739518
3,figure_5c_script,none,0,ACVvsETA,5,MBON-a3,1,2,after 6x training,M17,M18,17.783333333333314,3.7343354084443097,19.96,True,2.176666666666687,0.582879261928287
3,figure_5c_script,none,0,ACVvsETA,5,MBON-a3,1,3,1hr memory,N17,N18,21.938888888888894,2.477854213614714,19.96,True,-1.9788888888888927,-0.7986300719452228
3,figure_5c_script,none,0,ACVvsETA,5,MBON-a3,1,4,3hr,O17,O18,22.18333333333332,2.592414796693324,19.96,True,-2.2233333333333185,-0.857630243496999
3,figure_5c_script,none,0,ACVvsETA,5,MBON-a3,1,5,24hr,P17,P18,16.03888888888889,2.7300973494727634,19.96,True,3.9211111111111094,1.4362532207389436
3,figure_5c_script,none,1,OCTvsBEN,0,PPL1-v1pedc,0,0,Pre-training,C2,C3,2.5672557781506233,1.1679948556387756,3.712322602999974,True,1.1450668248493505,0.9803697501930471
3,figure_5c_script,none,1,OCTvsBEN,0,PPL1-v1pedc,0,1,after 3x training,D2,D3,,,2.7787692748682415,False,,
3,figure_5c_script,none,1,OCTvsBEN,0,PPL1-v1pedc,0,2,after 6x training,E2,E3,,,3.052187991439234,False,,
3,figure_5c_script,none,1,OCTvsBEN,0,PPL1-v1pedc,0,3,1hr memory,F2,F3,,,4.118410339158889,False,,
3,figure_5c_script,none,1,OCTvsBEN,0,PPL1-v1pedc,0,4,3hr,G2,G3,,,3.729057505315564,False,,
3,figure_5c_script,none,1,OCTvsBEN,0,PPL1-v1pedc,0,5,24hr,H2,H3,,,3.712322602999974,False,,
3,figure_5c_script,none,1,OCTvsBEN,0,PPL1-v1pedc,1,0,Pre-training,K2,K3,2.5672557781506233,1.1679948556387756,3.712322602999974,True,1.1450668248493505,0.9803697501930471
3,figure_5c_script,none,1,OCTvsBEN,0,PPL1-v1pedc,1,1,after 3x training,L2,L3,,,2.005219876383376,False,,
3,figure_5c_script,none,1,OCTvsBEN,0,PPL1-v1pedc,1,2,after 6x training,M2,M3,,,2.0261991587972346,False,,
3,figure_5c_script,none,1,OCTvsBEN,0,PPL1-v1pedc,1,3,1hr memory,N2,N3,,,3.7660710481228317,False,,
3,figure_5c_script,none,1,OCTvsBEN,0,PPL1-v1pedc,1,4,3hr,O2,O3,,,3.718613840740345,False,,
3,figure_5c_script,none,1,OCTvsBEN,0,PPL1-v1pedc,1,5,24hr,P2,P3,,,3.712322602999974,False,,
3,figure_5c_script,none,1,OCTvsBEN,1,PPL1-a'2a2,0,0,Pre-training,C5,C6,2.236006017350811,0.9786209032655809,2.233236853685896,True,-0.0027691636649151974,-0.002829659223172851
3,figure_5c_script,none,1,OCTvsBEN,1,PPL1-a'2a2,0,1,after 3x training,D5,D6,,,3.020101267141443,False,,
3,figure_5c_script,none,1,OCTvsBEN,1,PPL1-a'2a2,0,2,after 6x training,E5,E6,,,3.1413145165822196,False,,
3,figure_5c_script,none,1,OCTvsBEN,1,PPL1-a'2a2,0,3,1hr memory,F5,F6,,,1.607182340178745,False,,
3,figure_5c_script,none,1,OCTvsBEN,1,PPL1-a'2a2,0,4,3hr,G5,G6,,,1.5752649125127918,False,,
3,figure_5c_script,none,1,OCTvsBEN,1,PPL1-a'2a2,0,5,24hr,H5,H6,,,1.5757682042265904,False,,
3,figure_5c_script,none,1,OCTvsBEN,1,PPL1-a'2a2,1,0,Pre-training,K5,K6,2.236006017350811,0.9786209032655809,2.233236853685896,True,-0.0027691636649151974,-0.002829659223172851
3,figure_5c_script,none,1,OCTvsBEN,1,PPL1-a'2a2,1,1,after 3x training,L5,L6,,,1.0641358375320797,False,,
3,figure_5c_script,none,1,OCTvsBEN,1,PPL1-a'2a2,1,2,after 6x training,M5,M6,,,0.9370499130203279,False,,
3,figure_5c_script,none,1,OCTvsBEN,1,PPL1-a'2a2,1,3,1hr memory,N5,N6,,,1.479867871525018,False,,
3,figure_5c_script,none,1,OCTvsBEN,1,PPL1-a'2a2,1,4,3hr,O5,O6,,,1.86375136995694,False,,
3,figure_5c_script,none,1,OCTvsBEN,1,PPL1-a'2a2,1,5,24hr,P5,P6,,,1.7622699510640056,False,,
3,figure_5c_script,none,1,OCTvsBEN,2,PPL1-a3,0,0,Pre-training,C8,C9,3.345531617017979,0.9723944131726138,3.5804984307050383,True,0.23496681368705907,0.24163735466191857
3,figure_5c_script,none,1,OCTvsBEN,2,PPL1-a3,0,1,after 3x training,D8,D9,,,10.465110264235381,False,,
3,figure_5c_script,none,1,OCTvsBEN,2,PPL1-a3,0,2,after 6x training,E8,E9,,,13.207281605671188,False,,
3,figure_5c_script,none,1,OCTvsBEN,2,PPL1-a3,0,3,1hr memory,F8,F9,,,7.934847475857918,False,,
3,figure_5c_script,none,1,OCTvsBEN,2,PPL1-a3,0,4,3hr,G8,G9,,,3.7480343149240394,False,,
3,figure_5c_script,none,1,OCTvsBEN,2,PPL1-a3,0,5,24hr,H8,H9,,,3.5804983851629384,False,,
3,figure_5c_script,none,1,OCTvsBEN,2,PPL1-a3,1,0,Pre-training,K8,K9,3.345531617017979,0.9723944131726138,3.5804984307050383,True,0.23496681368705907,0.24163735466191857
3,figure_5c_script,none,1,OCTvsBEN,2,PPL1-a3,1,1,after 3x training,L8,L9,,,3.59831398175328,False,,
3,figure_5c_script,none,1,OCTvsBEN,2,PPL1-a3,1,2,after 6x training,M8,M9,,,3.8271704913634754,False,,
3,figure_5c_script,none,1,OCTvsBEN,2,PPL1-a3,1,3,1hr memory,N8,N9,,,4.43567769847523,False,,
3,figure_5c_script,none,1,OCTvsBEN,2,PPL1-a3,1,4,3hr,O8,O9,,,3.644016434096372,False,,
3,figure_5c_script,none,1,OCTvsBEN,2,PPL1-a3,1,5,24hr,P8,P9,,,3.580498408379732,False,,
3,figure_5c_script,none,1,OCTvsBEN,3,MBON-v1pedc,0,0,Pre-training,C11,C12,24.2222222,4.33995868,22.616771718430968,True,-1.605450481569033,-0.3699229877389139
3,figure_5c_script,none,1,OCTvsBEN,3,MBON-v1pedc,0,1,after 3x training,D11,D12,-5.5444444,4.81416844,-10.928963021117703,True,-5.384518621117703,-1.1184732499965668
3,figure_5c_script,none,1,OCTvsBEN,3,MBON-v1pedc,0,2,after 6x training,E11,E12,-14.088889,6.19971398,-18.132224180067922,True,-4.043335180067922,-0.652180922073428
3,figure_5c_script,none,1,OCTvsBEN,3,MBON-v1pedc,0,3,1hr memory,F11,F12,14.3888889,3.45450307,10.910586763475834,True,-3.4783021365241655,-1.0068892879936464
3,figure_5c_script,none,1,OCTvsBEN,3,MBON-v1pedc,0,4,3hr,G11,G12,,,22.176967807261192,False,,
3,figure_5c_script,none,1,OCTvsBEN,3,MBON-v1pedc,0,5,24hr,H11,H12,,,22.616771718430968,False,,
3,figure_5c_script,none,1,OCTvsBEN,3,MBON-v1pedc,1,0,Pre-training,K11,K12,17.266666666666662,3.8088679089034767,22.616771718430968,True,5.350105051764306,1.4046444192139316
3,figure_5c_script,none,1,OCTvsBEN,3,MBON-v1pedc,1,1,after 3x training,L11,L12,-1.0055555555555429,3.0890210530551157,6.26090964474821,True,7.266465200303753,2.3523521126918334
3,figure_5c_script,none,1,OCTvsBEN,3,MBON-v1pedc,1,2,after 6x training,M11,M12,-9.711111111111116,4.333328153325061,5.642180935798095,True,15.35329204690921,3.5430716307806693
3,figure_5c_script,none,1,OCTvsBEN,3,MBON-v1pedc,1,3,1hr memory,N11,N12,14.455555555555549,3.907015474942043,20.069524824663013,True,5.613969269107464,1.4368945567564568
3,figure_5c_script,none,1,OCTvsBEN,3,MBON-v1pedc,1,4,3hr,O11,O12,,,22.44951815772992,False,,
3,figure_5c_script,none,1,OCTvsBEN,3,MBON-v1pedc,1,5,24hr,P11,P12,,,22.616771718430968,False,,
3,figure_5c_script,none,1,OCTvsBEN,4,MBON-a2sc,0,0,Pre-training,C14,C15,11.650000000000004,1.8262235877878155,8.452033193768223,True,-3.197966806231781,-1.7511365134132442
3,figure_5c_script,none,1,OCTvsBEN,4,MBON-a2sc,0,1,after 3x training,D14,D15,4.516666666666672,1.7865966554954749,5.516035295317641,True,0.9993686286509691,0.5593700321653268
3,figure_5c_script,none,1,OCTvsBEN,4,MBON-a2sc,0,2,after 6x training,E14,E15,2.9333333333333313,1.7197799561697105,2.826581455779932,True,-0.10675187755339932,-0.06207298623898189
3,figure_5c_script,none,1,OCTvsBEN,4,MBON-a2sc,0,3,1hr memory,F14,F15,2.222222222222219,1.6982727080174294,-1.096151120606331,True,-3.3183733428285502,-1.9539696582078583
3,figure_5c_script,none,1,OCTvsBEN,4,MBON-a2sc,0,4,3hr,G14,G15,,,3.987797191519128,False,,
3,figure_5c_script,none,1,OCTvsBEN,4,MBON-a2sc,0,5,24hr,H14,H15,,,4.203235701919525,False,,
3,figure_5c_script,none,1,OCTvsBEN,4,MBON-a2sc,1,0,Pre-training,K14,K15,8.100000000000003,2.4954841368842797,8.452033193768223,True,0.35203319376821973,0.14106809519043806
3,figure_5c_script,none,1,OCTvsBEN,4,MBON-a2sc,1,1,after 3x training,L14,L15,2.0833333333333335,2.3494411542691886,1.6105121154443118,True,-0.47282121788902165,-0.20124837646171914
3,figure_5c_script,none,1,OCTvsBEN,4,MBON-a2sc,1,2,after 6x training,M14,M15,-0.16111111111110551,2.950129350965795,0.5001984641413006,True,0.6613095752524062,0.2241629083266843
3,figure_5c_script,none,1,OCTvsBEN,4,MBON-a2sc,1,3,1hr memory,N14,N15,1.5722222222222195,1.7010089763426288,2.514044983439689,True,0.9418227612174694,0.5536847684616575
3,figure_5c_script,none,1,OCTvsBEN,4,MBON-a2sc,1,4,3hr,O14,O15,,,5.98386266930688,False,,
3,figure_5c_script,none,1,OCTvsBEN,4,MBON-a2sc,1,5,24hr,P14,P15,,,5.408476674002191,False,,
3,figure_5c_script,none,1,OCTvsBEN,5,MBON-a3,0,0,Pre-training,C17,C18,16.995238095238097,3.1095226876235573,14.531713112850106,True,-2.463524982387991,-0.7922518115700683
3,figure_5c_script,none,1,OCTvsBEN,5,MBON-a3,0,1,after 3x training,D17,D18,-10.185714285714289,2.1683614512391522,-11.2,True,-1.0142857142857107,-0.4677659777183723
3,figure_5c_script,none,1,OCTvsBEN,5,MBON-a3,0,2,after 6x training,E17,E18,-12,1.559765800647443,-11.2,True,0.8000000000000007,0.5128975129906866
3,figure_5c_script,none,1,OCTvsBEN,5,MBON-a3,0,3,1hr memory,F17,F18,-2.6095238095238082,1.632392749176261,-11.2,True,-8.590476190476192,-5.262505726523916
3,figure_5c_script,none,1,OCTvsBEN,5,MBON-a3,0,4,3hr,G17,G18,-2.623809523809521,2.053706344774464,-7.051381498988048,True,-4.427571975178527,-2.1558934101967524
3,figure_5c_script,none,1,OCTvsBEN,5,MBON-a3,0,5,24hr,H17,H18,-3.2380952380952337,3.2270658963939063,-3.0121314330255213,True,0.22596380506971236,0.07002144124860178
3,figure_5c_script,none,1,OCTvsBEN,5,MBON-a3,1,0,Pre-training,K17,K18,14.285714285714286,2.517634300272986,14.531713112850106,True,0.24599882713581955,0.09771030967807595
3,figure_5c_script,none,1,OCTvsBEN,5,MBON-a3,1,1,after 3x training,L17,L18,-5.82857142857143,3.0987233125596187,-2.0443115797070153,True,3.784259848864415,1.2212319291387546
3,figure_5c_script,none,1,OCTvsBEN,5,MBON-a3,1,2,after 6x training,M17,M18,-7.671428571428569,2.2129098880624256,-7.911457243497537,True,-0.24002867206896816,-0.10846744070502207
3,figure_5c_script,none,1,OCTvsBEN,5,MBON-a3,1,3,1hr memory,N17,N18,1.9238095238095188,3.0642597429958363,-4.513069309658869,True,-6.436878833468388,-2.1006309429811068
3,figure_5c_script,none,1,OCTvsBEN,5,MBON-a3,1,4,3hr,O17,O18,3.0476190476190426,2.6760040606146855,7.2357597136505625,True,4.18814066603152,1.5650726124344867
3,figure_5c_script,none,1,OCTvsBEN,5,MBON-a3,1,5,24hr,P17,P18,10.519047619047626,2.571062584184094,6.892246522768843,True,-3.6268010962787827,-1.4106234202889771
3,figure_5c_script,plasticity_zero,0,ACVvsETA,0,PPL1-v1pedc,0,0,Pre-training,C2,C3,-4.216666666666667,1.0581135936677017,-2.748877275921507,True,1.4677893907451596,1.3871756298465205
3,figure_5c_script,plasticity_zero,0,ACVvsETA,0,PPL1-v1pedc,0,1,after 3x training,D2,D3,-0.7055555555555553,0.8447284875821847,-1.4167742436214295,True,-0.7112186880658742,-0.8419494530148409
3,figure_5c_script,plasticity_zero,0,ACVvsETA,0,PPL1-v1pedc,0,2,after 6x training,E2,E3,-0.26111111111111146,0.6000257196133604,-1.415216541763172,True,-1.1541054306520604,-1.9234266014392405
3,figure_5c_script,plasticity_zero,0,ACVvsETA,0,PPL1-v1pedc,0,3,1hr memory,F2,F3,-3.1166666666666685,1.2700943786348051,-2.723382445079093,True,0.39328422158757537,0.3096496041580055
3,figure_5c_script,plasticity_zero,0,ACVvsETA,0,PPL1-v1pedc,0,4,3hr,G2,G3,,,-2.7488067751348177,False,,
3,figure_5c_script,plasticity_zero,0,ACVvsETA,0,PPL1-v1pedc,0,5,24hr,H2,H3,,,-2.748877275921507,False,,
3,figure_5c_script,plasticity_zero,0,ACVvsETA,0,PPL1-v1pedc,1,0,Pre-training,K2,K3,-2.622222222222222,1.0319258362583996,-2.748877275921507,True,-0.12665505369928542,-0.12273658556560293
3,figure_5c_script,plasticity_zero,0,ACVvsETA,0,PPL1-v1pedc,1,1,after 3x training,L2,L3,-0.3499999999999987,0.45067289757213136,-1.3478141218904076,True,-0.9978141218904089,-2.214053978541512
3,figure_5c_script,plasticity_zero,0,ACVvsETA,0,PPL1-v1pedc,1,2,after 6x training,M2,M3,-1.6277777777777747,1.1944162552464084,-1.3461757811422437,True,0.281601996635531,0.23576537526060076
3,figure_5c_script,plasticity_zero,0,ACVvsETA,0,PPL1-v1pedc,1,3,1hr memory,N2,N3,-2.305555555555555,2.0896483414194056,-2.7225488878319823,True,-0.41699333227642743,-0.1995519169475101
3,figure_5c_script,plasticity_zero,0,ACVvsETA,0,PPL1-v1pedc,1,4,3hr,O2,O3,,,-2.7488067019954445,False,,
3,figure_5c_script,plasticity_zero,0,ACVvsETA,0,PPL1-v1pedc,1,5,24hr,P2,P3,,,-2.748877275921507,False,,
3,figure_5c_script,plasticity_zero,0,ACVvsETA,1,PPL1-a'2a2,0,0,Pre-training,C5,C6,-5.999999999999999,1.473629021016649,-3.7251921929958547,True,2.2748078070041444,1.5436773940803408
3,figure_5c_script,plasticity_zero,0,ACVvsETA,1,PPL1-a'2a2,0,1,after 3x training,D5,D6,1.016666666666665,1.3684055210476411,-1.9199679803118501,True,-2.936634646978515,-2.1460265994324907
3,figure_5c_script,plasticity_zero,0,ACVvsETA,1,PPL1-a'2a2,0,2,after 6x training,E5,E6,1.6111111111111116,0.9259387204503228,-1.9178570316521109,True,-3.5289681427632225,-3.8112329302385555
3,figure_5c_script,plasticity_zero,0,ACVvsETA,1,PPL1-a'2a2,0,3,1hr memory,F5,F6,-3.7833333333333328,1.427793499107723,-3.6906423985587526,True,0.09269093477458012,0.06491900602748638
3,figure_5c_script,plasticity_zero,0,ACVvsETA,1,PPL1-a'2a2,0,4,3hr,G5,G6,,,-3.7250966525428577,False,,
3,figure_5c_script,plasticity_zero,0,ACVvsETA,1,PPL1-a'2a2,0,5,24hr,H5,H6,,,-3.7251921929958547,False,,
3,figure_5c_script,plasticity_zero,0,ACVvsETA,1,PPL1-a'2a2,1,0,Pre-training,K5,K6,-3.161111111111111,0.7516741509329,-3.7251921929958547,True,-0.5640810818847437,-0.7504329917220977
3,figure_5c_script,plasticity_zero,0,ACVvsETA,1,PPL1-a'2a2,1,1,after 3x training,L5,L6,-2.7777777777777786,1.0834330438443474,-1.8265153881024259,True,0.9512623896753527,0.8780075474714956
3,figure_5c_script,plasticity_zero,0,ACVvsETA,1,PPL1-a'2a2,1,2,after 6x training,M5,M6,-2.094444444444445,1.142696271946941,-1.8242951601504593,True,0.27014928429398566,0.23641390186186725
3,figure_5c_script,plasticity_zero,0,ACVvsETA,1,PPL1-a'2a2,1,3,1hr memory,N5,N6,-4.205555555555553,1.1727965465580137,-3.689512787944066,True,0.5160427676114869,0.4400104767753597
3,figure_5c_script,plasticity_zero,0,ACVvsETA,1,PPL1-a'2a2,1,4,3hr,O5,O6,,,-3.725096553426676,False,,
3,figure_5c_script,plasticity_zero,0,ACVvsETA,1,PPL1-a'2a2,1,5,24hr,P5,P6,,,-3.7251921929958547,False,,
3,figure_5c_script,plasticity_zero,0,ACVvsETA,2,PPL1-a3,0,0,Pre-training,C8,C9,-6.388888888888892,1.2920850305418747,-4.4661441106812845,True,1.9227447782076075,1.488094616653245
3,figure_5c_script,plasticity_zero,0,ACVvsETA,2,PPL1-a3,0,1,after 3x training,D8,D9,3.2666666666666675,1.3243637694906167,-2.30185537919062,True,-5.5685220458572875,-4.204677124321424
3,figure_5c_script,plasticity_zero,0,ACVvsETA,2,PPL1-a3,0,2,after 6x training,E8,E9,3.9444444444444464,0.9049371997978655,-2.2993245565011557,True,-6.243769000945602,-6.899671051582656
3,figure_5c_script,plasticity_zero,0,ACVvsETA,2,PPL1-a3,0,3,1hr memory,F8,F9,-2.5111111111111115,1.4797928086233636,-4.424722258342863,True,-1.9136111472317512,-1.2931615399671825
3,figure_5c_script,plasticity_zero,0,ACVvsETA,2,PPL1-a3,0,4,3hr,G8,G9,,,-4.466029566945182,False,,
3,figure_5c_script,plasticity_zero,0,ACVvsETA,2,PPL1-a3,0,5,24hr,H8,H9,,,-4.4661441106812845,False,,
3,figure_5c_script,plasticity_zero,0,ACVvsETA,2,PPL1-a3,1,0,Pre-training,K8,K9,-4.805555555555553,1.551440263475702,-4.4661441106812845,True,0.3394114448742682,0.2187718424387688
3,figure_5c_script,plasticity_zero,0,ACVvsETA,2,PPL1-a3,1,1,after 3x training,L8,L9,-4.083333333333338,1.4412659278382611,-2.1898147856586223,True,1.893518547674716,1.3137884626987495
3,figure_5c_script,plasticity_zero,0,ACVvsETA,2,PPL1-a3,1,2,after 6x training,M8,M9,-2.166666666666663,1.5688358076120608,-2.187152947697432,True,-0.020486281030768883,-0.0130582696617253
3,figure_5c_script,plasticity_zero,0,ACVvsETA,2,PPL1-a3,1,3,1hr memory,N8,N9,-3.433333333333334,2.2751845302007156,-4.423367964783557,True,-0.9900346314502229,-0.43514476224171694
3,figure_5c_script,plasticity_zero,0,ACVvsETA,2,PPL1-a3,1,4,3hr,O8,O9,,,-4.466029448114493,False,,
3,figure_5c_script,plasticity_zero,0,ACVvsETA,2,PPL1-a3,1,5,24hr,P8,P9,,,-4.4661441106812845,False,,
3,figure_5c_script,plasticity_zero,0,ACVvsETA,3,MBON-v1pedc,0,0,Pre-training,C11,C12,36.583333333333336,5.171197915259853,22.616771718430968,True,-13.966561614902368,-2.7008367971544844
3,figure_5c_script,plasticity_zero,0,ACVvsETA,3,MBON-v1pedc,0,1,after 3x training,D11,D12,-2.383333333333336,2.3427677234545894,11.656707967727236,True,14.040041301060572,5.992929286373069
3,figure_5c_script,plasticity_zero,0,ACVvsETA,3,MBON-v1pedc,0,2,after 6x training,E11,E12,-10.694444444444434,3.311763121351167,11.643891758126983,True,22.33833620257142,6.74514914987567
3,figure_5c_script,plasticity_zero,0,ACVvsETA,3,MBON-v1pedc,0,3,1hr memory,F11,F12,21.644444444444446,3.6631970115841446,22.40700943685745,True,0.7625649924130045,0.20816925488897858
3,figure_5c_script,plasticity_zero,0,ACVvsETA,3,MBON-v1pedc,0,4,3hr,G11,G12,,,22.61619166336176,False,,
3,figure_5c_script,plasticity_zero,0,ACVvsETA,3,MBON-v1pedc,0,5,24hr,H11,H12,,,22.616771718430968,False,,
3,figure_5c_script,plasticity_zero,0,ACVvsETA,3,MBON-v1pedc,1,0,Pre-training,K11,K12,26.661111111111108,4.498727529281595,22.616771718430968,True,-4.04433939268014,-0.8989962975877277
3,figure_5c_script,plasticity_zero,0,ACVvsETA,3,MBON-v1pedc,1,1,after 3x training,L11,L12,9.855555555555553,3.699466094278479,11.089328934648037,True,1.2337733790924847,0.3335003883399862
3,figure_5c_script,plasticity_zero,0,ACVvsETA,3,MBON-v1pedc,1,2,after 6x training,M11,M12,12.233333333333322,3.893415835572522,11.075849257318389,True,-1.1574840760149332,-0.29729269230362765
3,figure_5c_script,plasticity_zero,0,ACVvsETA,3,MBON-v1pedc,1,3,1hr memory,N11,N12,23.83888888888889,3.630765085573807,22.400151228185393,True,-1.4387376607034952,-0.3962629437029845
3,figure_5c_script,plasticity_zero,0,ACVvsETA,3,MBON-v1pedc,1,4,3hr,O11,O12,,,22.616191061597355,False,,
3,figure_5c_script,plasticity_zero,0,ACVvsETA,3,MBON-v1pedc,1,5,24hr,P11,P12,,,22.616771718430968,False,,
3,figure_5c_script,plasticity_zero,0,ACVvsETA,4,MBON-a2sc,0,0,Pre-training,C14,C15,6.12222222222222,2.813613291318908,8.452033193768223,True,2.329810971546003,0.8280494617843812
3,figure_5c_script,plasticity_zero,0,ACVvsETA,4,MBON-a2sc,0,1,after 3x training,D14,D15,5.783333333333329,2.5195949249549163,4.356186811268222,True,-1.4271465220651072,-0.5664190334446889
3,figure_5c_script,plasticity_zero,0,ACVvsETA,4,MBON-a2sc,0,2,after 6x training,E14,E15,8.505555555555562,1.9248238072907775,4.351397311232219,True,-4.154158244323343,-2.1582018201293924
3,figure_5c_script,plasticity_zero,0,ACVvsETA,4,MBON-a2sc,0,3,1hr memory,F14,F15,5.2166666666666615,2.368652247167882,8.373643678733451,True,3.1569770120667897,1.3328157461026544
3,figure_5c_script,plasticity_zero,0,ACVvsETA,4,MBON-a2sc,0,4,3hr,G14,G15,,,8.451816423454574,False,,
3,figure_5c_script,plasticity_zero,0,ACVvsETA,4,MBON-a2sc,0,5,24hr,H14,H15,,,8.452033193768223,False,,
3,figure_5c_script,plasticity_zero,0,ACVvsETA,4,MBON-a2sc,1,0,Pre-training,K14,K15,5.533333333333339,2.4482110557991907,8.452033193768223,True,2.9186998604348835,1.1921765705294174
3,figure_5c_script,plasticity_zero,0,ACVvsETA,4,MBON-a2sc,1,1,after 3x training,L14,L15,6.483333333333331,1.7183722036575857,4.144153613925317,True,-2.3391797194080137,-1.3612765118226589
3,figure_5c_script,plasticity_zero,0,ACVvsETA,4,MBON-a2sc,1,2,after 6x training,M14,M15,4.449999999999997,2.9640963215400054,4.139116171727556,True,-0.31088382827244043,-0.10488317333456956
3,figure_5c_script,plasticity_zero,0,ACVvsETA,4,MBON-a2sc,1,3,1hr memory,N14,N15,4.122222222222221,1.9737303950333085,8.371080722000826,True,4.248858499778605,2.152704599610172
3,figure_5c_script,plasticity_zero,0,ACVvsETA,4,MBON-a2sc,1,4,3hr,O14,O15,,,8.451816198571336,False,,
3,figure_5c_script,plasticity_zero,0,ACVvsETA,4,MBON-a2sc,1,5,24hr,P14,P15,,,8.452033193768223,False,,
3,figure_5c_script,plasticity_zero,0,ACVvsETA,5,MBON-a3,0,0,Pre-training,C17,C18,18.016666666666673,2.278905239563307,14.531713112850106,True,-3.484953553816567,-1.5292226694271709
3,figure_5c_script,plasticity_zero,0,ACVvsETA,5,MBON-a3,0,1,after 3x training,D17,D18,-1.7666666666666642,2.8258010395552495,7.489660245774353,True,9.256326912441017,3.2756470759519085
3,figure_5c_script,plasticity_zero,0,ACVvsETA,5,MBON-a3,0,2,after 6x training,E17,E18,-9.505555555555555,2.622994129666491,7.48142558331131,True,16.986981138866867,6.476179624933713
3,figure_5c_script,plasticity_zero,0,ACVvsETA,5,MBON-a3,0,3,1hr memory,F17,F18,-2.833333333333336,1.5905973720586883,14.396936791292276,True,17.230270124625612,10.832578015846153
3,figure_5c_script,plasticity_zero,0,ACVvsETA,5,MBON-a3,0,4,3hr,G17,G18,1.5888888888888895,2.6482677564756854,14.53134041625307,True,12.942451527364181,4.887138581707461
3,figure_5c_script,plasticity_zero,0,ACVvsETA,5,MBON-a3,0,5,24hr,H17,H18,6.350000000000006,2.377265001822241,14.531713112850106,True,8.181713112850101,3.441649587479135
3,figure_5c_script,plasticity_zero,0,ACVvsETA,5,MBON-a3,1,0,Pre-training,K17,K18,17.594444444444434,2.0395988635342497,14.531713112850106,True,-3.0627313315943283,-1.5016341626545027
3,figure_5c_script,plasticity_zero,0,ACVvsETA,5,MBON-a3,1,1,after 3x training,L17,L18,18.999999999999996,3.374363638722117,7.125108247036437,True,-11.87489175296356,-3.5191499862950812
3,figure_5c_script,plasticity_zero,0,ACVvsETA,5,MBON-a3,1,2,after 6x training,M17,M18,17.783333333333314,3.7343354084443097,7.116447293729443,True,-10.66688603960387,-2.8564349135546983
3,figure_5c_script,plasticity_zero,0,ACVvsETA,5,MBON-a3,1,3,1hr memory,N17,N18,21.938888888888894,2.477854213614714,14.39253025962051,True,-7.546358629268383,-3.0455216403791945
3,figure_5c_script,plasticity_zero,0,ACVvsETA,5,MBON-a3,1,4,3hr,O17,O18,22.18333333333332,2.592414796693324,14.531340029607804,True,-7.651993303725515,-2.9516855533635216
3,figure_5c_script,plasticity_zero,0,ACVvsETA,5,MBON-a3,1,5,24hr,P17,P18,16.03888888888889,2.7300973494727634,14.531713112850106,True,-1.5071757760387854,-0.5520593528761351
3,figure_5c_script,plasticity_zero,1,OCTvsBEN,0,PPL1-v1pedc,0,0,Pre-training,C2,C3,2.5672557781506233,1.1679948556387756,3.712322602999974,True,1.1450668248493505,0.9803697501930471
3,figure_5c_script,plasticity_zero,1,OCTvsBEN,0,PPL1-v1pedc,0,1,after 3x training,D2,D3,,,1.9133349800714086,False,,
3,figure_5c_script,plasticity_zero,1,OCTvsBEN,0,PPL1-v1pedc,0,2,after 6x training,E2,E3,,,1.911231324201502,False,,
3,figure_5c_script,plasticity_zero,1,OCTvsBEN,0,PPL1-v1pedc,0,3,1hr memory,F2,F3,,,3.6778921693007374,False,,
3,figure_5c_script,plasticity_zero,1,OCTvsBEN,0,PPL1-v1pedc,0,4,3hr,G2,G3,,,3.712227392614902,False,,
3,figure_5c_script,plasticity_zero,1,OCTvsBEN,0,PPL1-v1pedc,0,5,24hr,H2,H3,,,3.712322602999974,False,,
3,figure_5c_script,plasticity_zero,1,OCTvsBEN,0,PPL1-v1pedc,1,0,Pre-training,K2,K3,2.5672557781506233,1.1679948556387756,3.712322602999974,True,1.1450668248493505,0.9803697501930471
3,figure_5c_script,plasticity_zero,1,OCTvsBEN,0,PPL1-v1pedc,1,1,after 3x training,L2,L3,,,1.820205242760061,False,,
3,figure_5c_script,plasticity_zero,1,OCTvsBEN,0,PPL1-v1pedc,1,2,after 6x training,M2,M3,,,1.8179926851300425,False,,
3,figure_5c_script,plasticity_zero,1,OCTvsBEN,0,PPL1-v1pedc,1,3,1hr memory,N2,N3,,,3.676766461202945,False,,
3,figure_5c_script,plasticity_zero,1,OCTvsBEN,0,PPL1-v1pedc,1,4,3hr,O2,O3,,,3.7122272938411407,False,,
3,figure_5c_script,plasticity_zero,1,OCTvsBEN,0,PPL1-v1pedc,1,5,24hr,P2,P3,,,3.712322602999974,False,,
3,figure_5c_script,plasticity_zero,1,OCTvsBEN,1,PPL1-a'2a2,0,0,Pre-training,C5,C6,2.236006017350811,0.9786209032655809,2.233236853685896,True,-0.0027691636649151974,-0.002829659223172851
3,figure_5c_script,plasticity_zero,1,OCTvsBEN,1,PPL1-a'2a2,0,1,after 3x training,D5,D6,,,1.1510126268360485,False,,
3,figure_5c_script,plasticity_zero,1,OCTvsBEN,1,PPL1-a'2a2,0,2,after 6x training,E5,E6,,,1.149747122105303,False,,
3,figure_5c_script,plasticity_zero,1,OCTvsBEN,1,PPL1-a'2a2,0,3,1hr memory,F5,F6,,,2.212524399072337,False,,
3,figure_5c_script,plasticity_zero,1,OCTvsBEN,1,PPL1-a'2a2,0,4,3hr,G5,G6,,,2.2331795775912413,False,,
3,figure_5c_script,plasticity_zero,1,OCTvsBEN,1,PPL1-a'2a2,0,5,24hr,H5,H6,,,2.233236853685896,False,,
3,figure_5c_script,plasticity_zero,1,OCTvsBEN,1,PPL1-a'2a2,1,0,Pre-training,K5,K6,2.236006017350811,0.9786209032655809,2.233236853685896,True,-0.0027691636649151974,-0.002829659223172851
3,figure_5c_script,plasticity_zero,1,OCTvsBEN,1,PPL1-a'2a2,1,1,after 3x training,L5,L6,,,1.0949881958316645,False,,
3,figure_5c_script,plasticity_zero,1,OCTvsBEN,1,PPL1-a'2a2,1,2,after 6x training,M5,M6,,,1.0936571786306621,False,,
3,figure_5c_script,plasticity_zero,1,OCTvsBEN,1,PPL1-a'2a2,1,3,1hr memory,N5,N6,,,2.211847202319972,False,,
3,figure_5c_script,plasticity_zero,1,OCTvsBEN,1,PPL1-a'2a2,1,4,3hr,O5,O6,,,2.2331795181715113,False,,
3,figure_5c_script,plasticity_zero,1,OCTvsBEN,1,PPL1-a'2a2,1,5,24hr,P5,P6,,,2.233236853685896,False,,
3,figure_5c_script,plasticity_zero,1,OCTvsBEN,2,PPL1-a3,0,0,Pre-training,C8,C9,3.345531617017979,0.9723944131726138,3.5804984307050383,True,0.23496681368705907,0.24163735466191857
3,figure_5c_script,plasticity_zero,1,OCTvsBEN,2,PPL1-a3,0,1,after 3x training,D8,D9,,,1.8453926628096928,False,,
3,figure_5c_script,plasticity_zero,1,OCTvsBEN,2,PPL1-a3,0,2,after 6x training,E8,E9,,,1.843363707531168,False,,
3,figure_5c_script,plasticity_zero,1,OCTvsBEN,2,PPL1-a3,0,3,1hr memory,F8,F9,,,3.5472906179656523,False,,
3,figure_5c_script,plasticity_zero,1,OCTvsBEN,2,PPL1-a3,0,4,3hr,G8,G9,,,3.5804066012303952,False,,
3,figure_5c_script,plasticity_zero,1,OCTvsBEN,2,PPL1-a3,0,5,24hr,H8,H9,,,3.5804984307050383,False,,
3,figure_5c_script,plasticity_zero,1,OCTvsBEN,2,PPL1-a3,1,0,Pre-training,K8,K9,3.345531617017979,0.9723944131726138,3.5804984307050383,True,0.23496681368705907,0.24163735466191857
3,figure_5c_script,plasticity_zero,1,OCTvsBEN,2,PPL1-a3,1,1,after 3x training,L8,L9,,,1.7555699523518822,False,,
3,figure_5c_script,plasticity_zero,1,OCTvsBEN,2,PPL1-a3,1,2,after 6x training,M8,M9,,,1.7534359624029143,False,,
3,figure_5c_script,plasticity_zero,1,OCTvsBEN,2,PPL1-a3,1,3,1hr memory,N8,N9,,,3.546204883640108,False,,
3,figure_5c_script,plasticity_zero,1,OCTvsBEN,2,PPL1-a3,1,4,3hr,O8,O9,,,3.5804065059640795,False,,
3,figure_5c_script,plasticity_zero,1,OCTvsBEN,2,PPL1-a3,1,5,24hr,P8,P9,,,3.5804984307050383,False,,
3,figure_5c_script,plasticity_zero,1,OCTvsBEN,3,MBON-v1pedc,0,0,Pre-training,C11,C12,24.2222222,4.33995868,22.616771718430968,True,-1.605450481569033,-0.3699229877389139
3,figure_5c_script,plasticity_zero,1,OCTvsBEN,3,MBON-v1pedc,0,1,after 3x training,D11,D12,-5.5444444,4.81416844,11.656707967727236,True,17.201152367727236,3.5730266986103283
3,figure_5c_script,plasticity_zero,1,OCTvsBEN,3,MBON-v1pedc,0,2,after 6x training,E11,E12,-14.088889,6.19971398,11.643891758126983,True,25.732780758126985,4.150639987770369
3,figure_5c_script,plasticity_zero,1,OCTvsBEN,3,MBON-v1pedc,0,3,1hr memory,F11,F12,14.3888889,3.45450307,22.40700943685745,True,8.01812053685745,2.321063369863339
3,figure_5c_script,plasticity_zero,1,OCTvsBEN,3,MBON-v1pedc,0,4,3hr,G11,G12,,,22.61619166336176,False,,
3,figure_5c_script,plasticity_zero,1,OCTvsBEN,3,MBON-v1pedc,0,5,24hr,H11,H12,,,22.616771718430968,False,,
3,figure_5c_script,plasticity_zero,1,OCTvsBEN,3,MBON-v1pedc,1,0,Pre-training,K11,K12,17.266666666666662,3.8088679089034767,22.616771718430968,True,5.350105051764306,1.4046444192139316
3,figure_5c_script,plasticity_zero,1,OCTvsBEN,3,MBON-v1pedc,1,1,after 3x training,L11,L12,-1.0055555555555429,3.0890210530551157,11.089328934648037,True,12.09488449020358,3.915442556871359
3,figure_5c_script,plasticity_zero,1,OCTvsBEN,3,MBON-v1pedc,1,2,after 6x training,M11,M12,-9.711111111111116,4.333328153325061,11.075849257318389,True,20.786960368429504,4.796996588518042
3,figure_5c_script,plasticity_zero,1,OCTvsBEN,3,MBON-v1pedc,1,3,1hr memory,N11,N12,14.455555555555549,3.907015474942043,22.400151228185393,True,7.944595672629845,2.033418020374669
3,figure_5c_script,plasticity_zero,1,OCTvsBEN,3,MBON-v1pedc,1,4,3hr,O11,O12,,,22.616191061597355,False,,
3,figure_5c_script,plasticity_zero,1,OCTvsBEN,3,MBON-v1pedc,1,5,24hr,P11,P12,,,22.616771718430968,False,,
3,figure_5c_script,plasticity_zero,1,OCTvsBEN,4,MBON-a2sc,0,0,Pre-training,C14,C15,11.650000000000004,1.8262235877878155,8.452033193768223,True,-3.197966806231781,-1.7511365134132442
3,figure_5c_script,plasticity_zero,1,OCTvsBEN,4,MBON-a2sc,0,1,after 3x training,D14,D15,4.516666666666672,1.7865966554954749,4.356186811268222,True,-0.16047985539845033,-0.08982433438729608
3,figure_5c_script,plasticity_zero,1,OCTvsBEN,4,MBON-a2sc,0,2,after 6x training,E14,E15,2.9333333333333313,1.7197799561697105,4.351397311232219,True,1.4180639778988877,0.8245612892577235
3,figure_5c_script,plasticity_zero,1,OCTvsBEN,4,MBON-a2sc,0,3,1hr memory,F14,F15,2.222222222222219,1.6982727080174294,8.373643678733451,True,6.1514214565112315,3.6221635238385397
3,figure_5c_script,plasticity_zero,1,OCTvsBEN,4,MBON-a2sc,0,4,3hr,G14,G15,,,8.451816423454574,False,,
3,figure_5c_script,plasticity_zero,1,OCTvsBEN,4,MBON-a2sc,0,5,24hr,H14,H15,,,8.452033193768223,False,,
3,figure_5c_script,plasticity_zero,1,OCTvsBEN,4,MBON-a2sc,1,0,Pre-training,K14,K15,8.100000000000003,2.4954841368842797,8.452033193768223,True,0.35203319376821973,0.14106809519043806
3,figure_5c_script,plasticity_zero,1,OCTvsBEN,4,MBON-a2sc,1,1,after 3x training,L14,L15,2.0833333333333335,2.3494411542691886,4.144153613925317,True,2.0608202805919835,0.8771533932004427
3,figure_5c_script,plasticity_zero,1,OCTvsBEN,4,MBON-a2sc,1,2,after 6x training,M14,M15,-0.16111111111110551,2.950129350965795,4.139116171727556,True,4.300227282838661,1.4576402493778382
3,figure_5c_script,plasticity_zero,1,OCTvsBEN,4,MBON-a2sc,1,3,1hr memory,N14,N15,1.5722222222222195,1.7010089763426288,8.371080722000826,True,6.798858499778607,3.9969562737975433
3,figure_5c_script,plasticity_zero,1,OCTvsBEN,4,MBON-a2sc,1,4,3hr,O14,O15,,,8.451816198571336,False,,
3,figure_5c_script,plasticity_zero,1,OCTvsBEN,4,MBON-a2sc,1,5,24hr,P14,P15,,,8.452033193768223,False,,
3,figure_5c_script,plasticity_zero,1,OCTvsBEN,5,MBON-a3,0,0,Pre-training,C17,C18,16.995238095238097,3.1095226876235573,14.531713112850106,True,-2.463524982387991,-0.7922518115700683
3,figure_5c_script,plasticity_zero,1,OCTvsBEN,5,MBON-a3,0,1,after 3x training,D17,D18,-10.185714285714289,2.1683614512391522,7.489660245774353,True,17.675374531488643,8.151489006312904
3,figure_5c_script,plasticity_zero,1,OCTvsBEN,5,MBON-a3,0,2,after 6x training,E17,E18,-12,1.559765800647443,7.48142558331131,True,19.48142558331131,12.489968413991875
3,figure_5c_script,plasticity_zero,1,OCTvsBEN,5,MBON-a3,0,3,1hr memory,F17,F18,-2.6095238095238082,1.632392749176261,14.396936791292276,True,17.006460600816084,10.41811819453247
3,figure_5c_script,plasticity_zero,1,OCTvsBEN,5,MBON-a3,0,4,3hr,G17,G18,-2.623809523809521,2.053706344774464,14.53134041625307,True,17.15514994006259,8.35326334931616
3,figure_5c_script,plasticity_zero,1,OCTvsBEN,5,MBON-a3,0,5,24hr,H17,H18,-3.2380952380952337,3.2270658963939063,14.531713112850106,True,17.76980835094534,5.506490701290687
3,figure_5c_script,plasticity_zero,1,OCTvsBEN,5,MBON-a3,1,0,Pre-training,K17,K18,14.285714285714286,2.517634300272986,14.531713112850106,True,0.24599882713581955,0.09771030967807595
3,figure_5c_script,plasticity_zero,1,OCTvsBEN,5,MBON-a3,1,1,after 3x training,L17,L18,-5.82857142857143,3.0987233125596187,7.125108247036437,True,12.953679675607866,4.1803279509030515
3,figure_5c_script,plasticity_zero,1,OCTvsBEN,5,MBON-a3,1,2,after 6x training,M17,M18,-7.671428571428569,2.2129098880624256,7.116447293729443,True,14.787875865158012,6.682547692037269
3,figure_5c_script,plasticity_zero,1,OCTvsBEN,5,MBON-a3,1,3,1hr memory,N17,N18,1.9238095238095188,3.0642597429958363,14.39253025962051,True,12.468720735810992,4.069080881381384
3,figure_5c_script,plasticity_zero,1,OCTvsBEN,5,MBON-a3,1,4,3hr,O17,O18,3.0476190476190426,2.6760040606146855,14.531340029607804,True,11.483720981988762,4.291369042000228
3,figure_5c_script,plasticity_zero,1,OCTvsBEN,5,MBON-a3,1,5,24hr,P17,P18,10.519047619047626,2.571062584184094,14.531713112850106,True,4.01266549380248,1.5607031577085733
3,figure_5c_script,gamma_to_DAN_removed,0,ACVvsETA,0,PPL1-v1pedc,0,0,Pre-training,C2,C3,-4.216666666666667,1.0581135936677017,-1.88225126811379,True,2.334415398552877,2.2062049032572912
3,figure_5c_script,gamma_to_DAN_removed,0,ACVvsETA,0,PPL1-v1pedc,0,1,after 3x training,D2,D3,-0.7055555555555553,0.8447284875821847,-0.9701142863110991,True,-0.2645587307555438,-0.3131878877587925
3,figure_5c_script,gamma_to_DAN_removed,0,ACVvsETA,0,PPL1-v1pedc,0,2,after 6x training,E2,E3,-0.26111111111111146,0.6000257196133604,-0.9690476740167886,True,-0.7079365629056771,-1.179843696303304
3,figure_5c_script,gamma_to_DAN_removed,0,ACVvsETA,0,PPL1-v1pedc,0,3,1hr memory,F2,F3,-3.1166666666666685,1.2700943786348051,-1.8647940763708835,True,1.251872590295785,0.9856532013324819
3,figure_5c_script,gamma_to_DAN_removed,0,ACVvsETA,0,PPL1-v1pedc,0,4,3hr,G2,G3,,,-1.8822029937887368,False,,
3,figure_5c_script,gamma_to_DAN_removed,0,ACVvsETA,0,PPL1-v1pedc,0,5,24hr,H2,H3,,,-1.88225126811379,False,,
3,figure_5c_script,gamma_to_DAN_removed,0,ACVvsETA,0,PPL1-v1pedc,1,0,Pre-training,K2,K3,-2.622222222222222,1.0319258362583996,-1.88225126811379,True,0.7399709541084318,0.7170776504554337
3,figure_5c_script,gamma_to_DAN_removed,0,ACVvsETA,0,PPL1-v1pedc,1,1,after 3x training,L2,L3,-0.3499999999999987,0.45067289757213136,-0.9228949077981081,True,-0.5728949077981094,-1.2711989358233287
3,figure_5c_script,gamma_to_DAN_removed,0,ACVvsETA,0,PPL1-v1pedc,1,2,after 6x training,M2,M3,-1.6277777777777747,1.1944162552464084,-0.9217730792691133,True,0.7060046985086613,0.5910876508985659
3,figure_5c_script,gamma_to_DAN_removed,0,ACVvsETA,0,PPL1-v1pedc,1,3,1hr memory,N2,N3,-2.305555555555555,2.0896483414194056,-1.8642233109172335,True,0.44133224463832144,0.21119928932087395
3,figure_5c_script,gamma_to_DAN_removed,0,ACVvsETA,0,PPL1-v1pedc,1,4,3hr,O2,O3,,,-1.8822029437076804,False,,
3,figure_5c_script,gamma_to_DAN_removed,0,ACVvsETA,0,PPL1-v1pedc,1,5,24hr,P2,P3,,,-1.88225126811379,False,,
3,figure_5c_script,gamma_to_DAN_removed,0,ACVvsETA,1,PPL1-a'2a2,0,0,Pre-training,C5,C6,-5.999999999999999,1.473629021016649,-2.0332545481379847,True,3.9667454518620144,2.6918209368090333
3,figure_5c_script,gamma_to_DAN_removed,0,ACVvsETA,1,PPL1-a'2a2,0,1,after 3x training,D5,D6,1.016666666666665,1.3684055210476411,-0.3448214822083526,True,-1.3614881488750177,-0.9949449398835167
3,figure_5c_script,gamma_to_DAN_removed,0,ACVvsETA,1,PPL1-a'2a2,0,2,after 6x training,E5,E6,1.6111111111111116,0.9259387204503228,-0.34292816292975714,True,-1.9540392740408687,-2.1103332551969936
3,figure_5c_script,gamma_to_DAN_removed,0,ACVvsETA,1,PPL1-a'2a2,0,3,1hr memory,F5,F6,-3.7833333333333328,1.427793499107723,-1.9329472742377443,True,1.8503860590955885,1.2959759658885952
3,figure_5c_script,gamma_to_DAN_removed,0,ACVvsETA,1,PPL1-a'2a2,0,4,3hr,G5,G6,,,-1.9638494484790503,False,,
3,figure_5c_script,gamma_to_DAN_removed,0,ACVvsETA,1,PPL1-a'2a2,0,5,24hr,H5,H6,,,-1.9639351391379447,False,,
3,figure_5c_script,gamma_to_DAN_removed,0,ACVvsETA,1,PPL1-a'2a2,1,0,Pre-training,K5,K6,-3.161111111111111,0.7516741509329,-2.0332545481379847,True,1.1278565629731263,1.5004594232399076
3,figure_5c_script,gamma_to_DAN_removed,0,ACVvsETA,1,PPL1-a'2a2,1,1,after 3x training,L5,L6,-2.7777777777777786,1.0834330438443474,-0.6348834048393184,True,2.14289437293846,1.977874299767362
3,figure_5c_script,gamma_to_DAN_removed,0,ACVvsETA,1,PPL1-a'2a2,1,2,after 6x training,M5,M6,-2.094444444444445,1.142696271946941,-0.5470201938190402,True,1.5474242506254048,1.3541868374077068
3,figure_5c_script,gamma_to_DAN_removed,0,ACVvsETA,1,PPL1-a'2a2,1,3,1hr memory,N5,N6,-4.205555555555553,1.1727965465580137,-1.9319341214335661,True,2.2736214341219867,1.9386324429371258
3,figure_5c_script,gamma_to_DAN_removed,0,ACVvsETA,1,PPL1-a'2a2,1,4,3hr,O5,O6,,,-1.9638493595813034,False,,
3,figure_5c_script,gamma_to_DAN_removed,0,ACVvsETA,1,PPL1-a'2a2,1,5,24hr,P5,P6,,,-1.9639351391379447,False,,
3,figure_5c_script,gamma_to_DAN_removed,0,ACVvsETA,2,PPL1-a3,0,0,Pre-training,C8,C9,-6.388888888888892,1.2920850305418747,4.165442978035577,True,10.554331866924468,8.16844992198245
3,figure_5c_script,gamma_to_DAN_removed,0,ACVvsETA,2,PPL1-a3,0,1,after 3x training,D8,D9,3.2666666666666675,1.3243637694906167,2.1468736725287836,True,-1.119792994137884,-0.8455327908649933
3,figure_5c_script,gamma_to_DAN_removed,0,ACVvsETA,2,PPL1-a3,0,2,after 6x training,E8,E9,3.9444444444444464,0.9049371997978655,2.1445132442749513,True,-1.7999312001694951,-1.9890122768425733
3,figure_5c_script,gamma_to_DAN_removed,0,ACVvsETA,2,PPL1-a3,0,3,1hr memory,F8,F9,-2.5111111111111115,1.4797928086233636,4.126809966275132,True,6.637921077386244,4.485709782277855
3,figure_5c_script,gamma_to_DAN_removed,0,ACVvsETA,2,PPL1-a3,0,4,3hr,G8,G9,,,4.165336124913596,False,,
3,figure_5c_script,gamma_to_DAN_removed,0,ACVvsETA,2,PPL1-a3,0,5,24hr,H8,H9,,,4.165442957573353,False,,
3,figure_5c_script,gamma_to_DAN_removed,0,ACVvsETA,2,PPL1-a3,1,0,Pre-training,K8,K9,-4.805555555555553,1.551440263475702,4.165442978035577,True,8.970998533591128,5.782368000101622
3,figure_5c_script,gamma_to_DAN_removed,0,ACVvsETA,2,PPL1-a3,1,1,after 3x training,L8,L9,-4.083333333333338,1.4412659278382611,2.0423766787226856,True,6.1257100120560235,4.250228839617342
3,figure_5c_script,gamma_to_DAN_removed,0,ACVvsETA,2,PPL1-a3,1,2,after 6x training,M8,M9,-2.166666666666663,1.5688358076120608,2.039894055035718,True,4.206560721702381,2.6813263066102664
3,figure_5c_script,gamma_to_DAN_removed,0,ACVvsETA,2,PPL1-a3,1,3,1hr memory,N8,N9,-3.433333333333334,2.2751845302007156,4.125546883128359,True,7.558880216461693,3.3223152303144627
3,figure_5c_script,gamma_to_DAN_removed,0,ACVvsETA,2,PPL1-a3,1,4,3hr,O8,O9,,,4.165336025642177,False,,
3,figure_5c_script,gamma_to_DAN_removed,0,ACVvsETA,2,PPL1-a3,1,5,24hr,P8,P9,,,4.165442965387308,False,,
3,figure_5c_script,gamma_to_DAN_removed,0,ACVvsETA,3,MBON-v1pedc,0,0,Pre-training,C11,C12,36.583333333333336,5.171197915259853,22.616771718430968,True,-13.966561614902368,-2.7008367971544844
3,figure_5c_script,gamma_to_DAN_removed,0,ACVvsETA,3,MBON-v1pedc,0,1,after 3x training,D11,D12,-2.383333333333336,2.3427677234545894,-3.149438855764096,True,-0.76610552243076,-0.32700874045723965
3,figure_5c_script,gamma_to_DAN_removed,0,ACVvsETA,3,MBON-v1pedc,0,2,after 6x training,E11,E12,-10.694444444444434,3.311763121351167,-8.603015418835483,True,2.091429025608951,0.6315152832415347
3,figure_5c_script,gamma_to_DAN_removed,0,ACVvsETA,3,MBON-v1pedc,0,3,1hr memory,F11,F12,21.644444444444446,3.6631970115841446,14.875269008571898,True,-6.7691754358725476,-1.8478873548068404
3,figure_5c_script,gamma_to_DAN_removed,0,ACVvsETA,3,MBON-v1pedc,0,4,3hr,G11,G12,,,22.449302406887377,False,,
3,figure_5c_script,gamma_to_DAN_removed,0,ACVvsETA,3,MBON-v1pedc,0,5,24hr,H11,H12,,,22.616771718430968,False,,
3,figure_5c_script,gamma_to_DAN_removed,0,ACVvsETA,3,MBON-v1pedc,1,0,Pre-training,K11,K12,26.661111111111108,4.498727529281595,22.616771718430968,True,-4.04433939268014,-0.8989962975877277
3,figure_5c_script,gamma_to_DAN_removed,0,ACVvsETA,3,MBON-v1pedc,1,1,after 3x training,L11,L12,9.855555555555553,3.699466094278479,13.42503920264108,True,3.5694836470855282,0.9648645388603564
3,figure_5c_script,gamma_to_DAN_removed,0,ACVvsETA,3,MBON-v1pedc,1,2,after 6x training,M11,M12,12.233333333333322,3.893415835572522,13.624118426500019,True,1.3907850931666967,0.35721462897943534
3,figure_5c_script,gamma_to_DAN_removed,0,ACVvsETA,3,MBON-v1pedc,1,3,1hr memory,N11,N12,23.83888888888889,3.630765085573807,23.4906242763999,True,-0.34826461248898966,-0.09592044769648043
3,figure_5c_script,gamma_to_DAN_removed,0,ACVvsETA,3,MBON-v1pedc,1,4,3hr,O11,O12,,,22.696879573911275,False,,
3,figure_5c_script,gamma_to_DAN_removed,0,ACVvsETA,3,MBON-v1pedc,1,5,24hr,P11,P12,,,22.616771718430968,False,,
3,figure_5c_script,gamma_to_DAN_removed,0,ACVvsETA,4,MBON-a2sc,0,0,Pre-training,C14,C15,6.12222222222222,2.813613291318908,8.452033193768223,True,2.329810971546003,0.8280494617843812
3,figure_5c_script,gamma_to_DAN_removed,0,ACVvsETA,4,MBON-a2sc,0,1,after 3x training,D14,D15,5.783333333333329,2.5195949249549163,8.899999999999999,True,3.11666666666667,1.2369713225717966
3,figure_5c_script,gamma_to_DAN_removed,0,ACVvsETA,4,MBON-a2sc,0,2,after 6x training,E14,E15,8.505555555555562,1.9248238072907775,8.899999999999999,True,0.3944444444444368,0.20492496141744224
3,figure_5c_script,gamma_to_DAN_removed,0,ACVvsETA,4,MBON-a2sc,0,3,1hr memory,F14,F15,5.2166666666666615,2.368652247167882,8.899999999999999,True,3.683333333333337,1.555033389868595
3,figure_5c_script,gamma_to_DAN_removed,0,ACVvsETA,4,MBON-a2sc,0,4,3hr,G14,G15,,,8.899999999999999,False,,
3,figure_5c_script,gamma_to_DAN_removed,0,ACVvsETA,4,MBON-a2sc,0,5,24hr,H14,H15,,,8.899999999999999,False,,
3,figure_5c_script,gamma_to_DAN_removed,0,ACVvsETA,4,MBON-a2sc,1,0,Pre-training,K14,K15,5.533333333333339,2.4482110557991907,8.452033193768223,True,2.9186998604348835,1.1921765705294174
3,figure_5c_script,gamma_to_DAN_removed,0,ACVvsETA,4,MBON-a2sc,1,1,after 3x training,L14,L15,6.483333333333331,1.7183722036575857,6.4838539533261965,True,0.0005206199928657895,0.0003029727737434536
3,figure_5c_script,gamma_to_DAN_removed,0,ACVvsETA,4,MBON-a2sc,1,2,after 6x training,M14,M15,4.449999999999997,2.9640963215400054,7.038788736842157,True,2.5887887368421607,0.873382122581343
3,figure_5c_script,gamma_to_DAN_removed,0,ACVvsETA,4,MBON-a2sc,1,3,1hr memory,N14,N15,4.122222222222221,1.9737303950333085,8.899999999999999,True,4.777777777777778,2.4206840963692757
3,figure_5c_script,gamma_to_DAN_removed,0,ACVvsETA,4,MBON-a2sc,1,4,3hr,O14,O15,,,8.899999999999999,False,,
3,figure_5c_script,gamma_to_DAN_removed,0,ACVvsETA,4,MBON-a2sc,1,5,24hr,P14,P15,,,8.899999999999999,False,,
3,figure_5c_script,gamma_to_DAN_removed,0,ACVvsETA,5,MBON-a3,0,0,Pre-training,C17,C18,18.016666666666673,2.278905239563307,14.531713112850106,True,-3.484953553816567,-1.5292226694271709
3,figure_5c_script,gamma_to_DAN_removed,0,ACVvsETA,5,MBON-a3,0,1,after 3x training,D17,D18,-1.7666666666666642,2.8258010395552495,-9.564394212443421,True,-7.797727545776757,-2.759475078614889
3,figure_5c_script,gamma_to_DAN_removed,0,ACVvsETA,5,MBON-a3,0,2,after 6x training,E17,E18,-9.505555555555555,2.622994129666491,-11.2,True,-1.6944444444444446,-0.6459962777956694
3,figure_5c_script,gamma_to_DAN_removed,0,ACVvsETA,5,MBON-a3,0,3,1hr memory,F17,F18,-2.833333333333336,1.5905973720586883,-11.2,True,-8.366666666666664,-5.260078265964819
3,figure_5c_script,gamma_to_DAN_removed,0,ACVvsETA,5,MBON-a3,0,4,3hr,G17,G18,1.5888888888888895,2.6482677564756854,3.79310669265624,True,2.2042178037673503,0.8323243744434374
3,figure_5c_script,gamma_to_DAN_removed,0,ACVvsETA,5,MBON-a3,0,5,24hr,H17,H18,6.350000000000006,2.377265001822241,4.292230638854962,True,-2.057769361145044,-0.8656036914553933
3,figure_5c_script,gamma_to_DAN_removed,0,ACVvsETA,5,MBON-a3,1,0,Pre-training,K17,K18,17.594444444444434,2.0395988635342497,14.531713112850106,True,-3.0627313315943283,-1.5016341626545027
3,figure_5c_script,gamma_to_DAN_removed,0,ACVvsETA,5,MBON-a3,1,1,after 3x training,L17,L18,18.999999999999996,3.374363638722117,-0.21283136681908843,True,-19.212831366819085,-5.6937643431029406
3,figure_5c_script,gamma_to_DAN_removed,0,ACVvsETA,5,MBON-a3,1,2,after 6x training,M17,M18,17.783333333333314,3.7343354084443097,-3.0223083793747954,True,-20.80564171270811,-5.571444296530276
3,figure_5c_script,gamma_to_DAN_removed,0,ACVvsETA,5,MBON-a3,1,3,1hr memory,N17,N18,21.938888888888894,2.477854213614714,1.7830138575219898,True,-20.155875031366904,-8.134407149790846
3,figure_5c_script,gamma_to_DAN_removed,0,ACVvsETA,5,MBON-a3,1,4,3hr,O17,O18,22.18333333333332,2.592414796693324,9.324048288950287,True,-12.859285044383032,-4.960350118655897
3,figure_5c_script,gamma_to_DAN_removed,0,ACVvsETA,5,MBON-a3,1,5,24hr,P17,P18,16.03888888888889,2.7300973494727634,8.031338364270251,True,-8.00755052461864,-2.9330640997710424
3,figure_5c_script,gamma_to_DAN_removed,1,OCTvsBEN,0,PPL1-v1pedc,0,0,Pre-training,C2,C3,2.5672557781506233,1.1679948556387756,4.578948610807691,True,2.0116928326570678,1.722347339926317
3,figure_5c_script,gamma_to_DAN_removed,1,OCTvsBEN,0,PPL1-v1pedc,0,1,after 3x training,D2,D3,,,2.359994937381739,False,,
3,figure_5c_script,gamma_to_DAN_removed,1,OCTvsBEN,0,PPL1-v1pedc,0,2,after 6x training,E2,E3,,,2.3574001919478853,False,,
3,figure_5c_script,gamma_to_DAN_removed,1,OCTvsBEN,0,PPL1-v1pedc,0,3,1hr memory,F2,F3,,,4.536480538008947,False,,
3,figure_5c_script,gamma_to_DAN_removed,1,OCTvsBEN,0,PPL1-v1pedc,0,4,3hr,G2,G3,,,4.578831173960983,False,,
3,figure_5c_script,gamma_to_DAN_removed,1,OCTvsBEN,0,PPL1-v1pedc,0,5,24hr,H2,H3,,,4.578948610807691,False,,
3,figure_5c_script,gamma_to_DAN_removed,1,OCTvsBEN,0,PPL1-v1pedc,1,0,Pre-training,K2,K3,2.5672557781506233,1.1679948556387756,4.578948610807691,True,2.0116928326570678,1.722347339926317
3,figure_5c_script,gamma_to_DAN_removed,1,OCTvsBEN,0,PPL1-v1pedc,1,1,after 3x training,L2,L3,,,2.2451244568523605,False,,
3,figure_5c_script,gamma_to_DAN_removed,1,OCTvsBEN,0,PPL1-v1pedc,1,2,after 6x training,M2,M3,,,2.2423953870031728,False,,
3,figure_5c_script,gamma_to_DAN_removed,1,OCTvsBEN,0,PPL1-v1pedc,1,3,1hr memory,N2,N3,,,4.535092038117694,False,,
3,figure_5c_script,gamma_to_DAN_removed,1,OCTvsBEN,0,PPL1-v1pedc,1,4,3hr,O2,O3,,,4.578831052128905,False,,
3,figure_5c_script,gamma_to_DAN_removed,1,OCTvsBEN,0,PPL1-v1pedc,1,5,24hr,P2,P3,,,4.578948610807691,False,,
3,figure_5c_script,gamma_to_DAN_removed,1,OCTvsBEN,1,PPL1-a'2a2,0,0,Pre-training,C5,C6,2.236006017350811,0.9786209032655809,3.925174498543766,True,1.6891684811929548,1.7260703052186321
3,figure_5c_script,gamma_to_DAN_removed,1,OCTvsBEN,1,PPL1-a'2a2,0,1,after 3x training,D5,D6,,,2.063129379747233,False,,
3,figure_5c_script,gamma_to_DAN_removed,1,OCTvsBEN,1,PPL1-a'2a2,0,2,after 6x training,E5,E6,,,1.9457408211279428,False,,
3,figure_5c_script,gamma_to_DAN_removed,1,OCTvsBEN,1,PPL1-a'2a2,0,3,1hr memory,F5,F6,,,2.673887542910294,False,,
3,figure_5c_script,gamma_to_DAN_removed,1,OCTvsBEN,1,PPL1-a'2a2,0,4,3hr,G5,G6,,,3.2696640070489655,False,,
3,figure_5c_script,gamma_to_DAN_removed,1,OCTvsBEN,1,PPL1-a'2a2,0,5,24hr,H5,H6,,,3.1201230767320447,False,,
3,figure_5c_script,gamma_to_DAN_removed,1,OCTvsBEN,1,PPL1-a'2a2,1,0,Pre-training,K5,K6,2.236006017350811,0.9786209032655809,3.925174498543766,True,1.6891684811929548,1.7260703052186321
3,figure_5c_script,gamma_to_DAN_removed,1,OCTvsBEN,1,PPL1-a'2a2,1,1,after 3x training,L5,L6,,,1.269010720505573,False,,
3,figure_5c_script,gamma_to_DAN_removed,1,OCTvsBEN,1,PPL1-a'2a2,1,2,after 6x training,M5,M6,,,1.0938014783000585,False,,
3,figure_5c_script,gamma_to_DAN_removed,1,OCTvsBEN,1,PPL1-a'2a2,1,3,1hr memory,N5,N6,,,2.6309436458287982,False,,
3,figure_5c_script,gamma_to_DAN_removed,1,OCTvsBEN,1,PPL1-a'2a2,1,4,3hr,O5,O6,,,3.376470149777439,False,,
3,figure_5c_script,gamma_to_DAN_removed,1,OCTvsBEN,1,PPL1-a'2a2,1,5,24hr,P5,P6,,,3.177637601966047,False,,
3,figure_5c_script,gamma_to_DAN_removed,1,OCTvsBEN,2,PPL1-a3,0,0,Pre-training,C8,C9,3.345531617017979,0.9723944131726138,12.2120855194219,True,8.86655390240392,9.118269070957714
3,figure_5c_script,gamma_to_DAN_removed,1,OCTvsBEN,2,PPL1-a3,0,1,after 3x training,D8,D9,,,6.294121702156796,False,,
3,figure_5c_script,gamma_to_DAN_removed,1,OCTvsBEN,2,PPL1-a3,0,2,after 6x training,E8,E9,,,6.287201497787746,False,,
3,figure_5c_script,gamma_to_DAN_removed,1,OCTvsBEN,2,PPL1-a3,0,3,1hr memory,F8,F9,,,12.098822825076667,False,,
3,figure_5c_script,gamma_to_DAN_removed,1,OCTvsBEN,2,PPL1-a3,0,4,3hr,G8,G9,,,12.211772262362095,False,,
3,figure_5c_script,gamma_to_DAN_removed,1,OCTvsBEN,2,PPL1-a3,0,5,24hr,H8,H9,,,12.212085461475992,False,,
3,figure_5c_script,gamma_to_DAN_removed,1,OCTvsBEN,2,PPL1-a3,1,0,Pre-training,K8,K9,3.345531617017979,0.9723944131726138,12.2120855194219,True,8.86655390240392,9.118269070957714
3,figure_5c_script,gamma_to_DAN_removed,1,OCTvsBEN,2,PPL1-a3,1,1,after 3x training,L8,L9,,,5.98776138002947,False,,
3,figure_5c_script,gamma_to_DAN_removed,1,OCTvsBEN,2,PPL1-a3,1,2,after 6x training,M8,M9,,,5.980482930798728,False,,
3,figure_5c_script,gamma_to_DAN_removed,1,OCTvsBEN,2,PPL1-a3,1,3,1hr memory,N8,N9,,,12.095119686344013,False,,
3,figure_5c_script,gamma_to_DAN_removed,1,OCTvsBEN,2,PPL1-a3,1,4,3hr,O8,O9,,,12.211771950353512,False,,
3,figure_5c_script,gamma_to_DAN_removed,1,OCTvsBEN,2,PPL1-a3,1,5,24hr,P8,P9,,,12.212085469500101,False,,
3,figure_5c_script,gamma_to_DAN_removed,1,OCTvsBEN,3,MBON-v1pedc,0,0,Pre-training,C11,C12,24.2222222,4.33995868,22.616771718430968,True,-1.605450481569033,-0.3699229877389139
3,figure_5c_script,gamma_to_DAN_removed,1,OCTvsBEN,3,MBON-v1pedc,0,1,after 3x training,D11,D12,-5.5444444,4.81416844,-11.37755387193188,True,-5.833109471931881,-1.2116546283394853
3,figure_5c_script,gamma_to_DAN_removed,1,OCTvsBEN,3,MBON-v1pedc,0,2,after 6x training,E11,E12,-14.088889,6.19971398,-17.597109734145533,True,-3.5082207341455334,-0.5658681586703671
3,figure_5c_script,gamma_to_DAN_removed,1,OCTvsBEN,3,MBON-v1pedc,0,3,1hr memory,F11,F12,14.3888889,3.45450307,11.177203081065358,True,-3.211685818934642,-0.9297099333406127
3,figure_5c_script,gamma_to_DAN_removed,1,OCTvsBEN,3,MBON-v1pedc,0,4,3hr,G11,G12,,,22.1735501865868,False,,
3,figure_5c_script,gamma_to_DAN_removed,1,OCTvsBEN,3,MBON-v1pedc,0,5,24hr,H11,H12,,,22.616771718430968,False,,
3,figure_5c_script,gamma_to_DAN_removed,1,OCTvsBEN,3,MBON-v1pedc,1,0,Pre-training,K11,K12,17.266666666666662,3.8088679089034767,22.616771718430968,True,5.350105051764306,1.4046444192139316
3,figure_5c_script,gamma_to_DAN_removed,1,OCTvsBEN,3,MBON-v1pedc,1,1,after 3x training,L11,L12,-1.0055555555555429,3.0890210530551157,5.407251590323234,True,6.412807145878777,2.0759998186274444
3,figure_5c_script,gamma_to_DAN_removed,1,OCTvsBEN,3,MBON-v1pedc,1,2,after 6x training,M11,M12,-9.711111111111116,4.333328153325061,4.876680331332622,True,14.587791442443738,3.366417433964745
3,figure_5c_script,gamma_to_DAN_removed,1,OCTvsBEN,3,MBON-v1pedc,1,3,1hr memory,N11,N12,14.455555555555549,3.907015474942043,19.747359789639177,True,5.291804234083628,1.3544364664084487
3,figure_5c_script,gamma_to_DAN_removed,1,OCTvsBEN,3,MBON-v1pedc,1,4,3hr,O11,O12,,,22.419900291269855,False,,
3,figure_5c_script,gamma_to_DAN_removed,1,OCTvsBEN,3,MBON-v1pedc,1,5,24hr,P11,P12,,,22.616771718430968,False,,
3,figure_5c_script,gamma_to_DAN_removed,1,OCTvsBEN,4,MBON-a2sc,0,0,Pre-training,C14,C15,11.650000000000004,1.8262235877878155,8.452033193768223,True,-3.197966806231781,-1.7511365134132442
3,figure_5c_script,gamma_to_DAN_removed,1,OCTvsBEN,4,MBON-a2sc,0,1,after 3x training,D14,D15,4.516666666666672,1.7865966554954749,4.615264719145294,True,0.0985980524786223,0.05518763968092071
3,figure_5c_script,gamma_to_DAN_removed,1,OCTvsBEN,4,MBON-a2sc,0,2,after 6x training,E14,E15,2.9333333333333313,1.7197799561697105,3.8662424237952457,True,0.9329090904619144,0.542458404120308
3,figure_5c_script,gamma_to_DAN_removed,1,OCTvsBEN,4,MBON-a2sc,0,3,1hr memory,F14,F15,2.222222222222219,1.6982727080174294,0.5226392363966887,True,-1.6995829858255305,-1.0007715355737128
3,figure_5c_script,gamma_to_DAN_removed,1,OCTvsBEN,4,MBON-a2sc,0,4,3hr,G14,G15,,,4.2163238103230185,False,,
3,figure_5c_script,gamma_to_DAN_removed,1,OCTvsBEN,4,MBON-a2sc,0,5,24hr,H14,H15,,,3.249503058504967,False,,
3,figure_5c_script,gamma_to_DAN_removed,1,OCTvsBEN,4,MBON-a2sc,1,0,Pre-training,K14,K15,8.100000000000003,2.4954841368842797,8.452033193768223,True,0.35203319376821973,0.14106809519043806
3,figure_5c_script,gamma_to_DAN_removed,1,OCTvsBEN,4,MBON-a2sc,1,1,after 3x training,L14,L15,2.0833333333333335,2.3494411542691886,-0.09230221608354405,True,-2.1756355494168775,-0.9260225758212809
3,figure_5c_script,gamma_to_DAN_removed,1,OCTvsBEN,4,MBON-a2sc,1,2,after 6x training,M14,M15,-0.16111111111110551,2.950129350965795,-1.2144862713869955,True,-1.05337516027589,-0.35706066919779045
3,figure_5c_script,gamma_to_DAN_removed,1,OCTvsBEN,4,MBON-a2sc,1,3,1hr memory,N14,N15,1.5722222222222195,1.7010089763426288,0.25024929834988185,True,-1.3219729238723377,-0.7771698693294002
3,figure_5c_script,gamma_to_DAN_removed,1,OCTvsBEN,4,MBON-a2sc,1,4,3hr,O14,O15,,,4.90654374338056,False,,
3,figure_5c_script,gamma_to_DAN_removed,1,OCTvsBEN,4,MBON-a2sc,1,5,24hr,P14,P15,,,3.621182484984182,False,,
3,figure_5c_script,gamma_to_DAN_removed,1,OCTvsBEN,5,MBON-a3,0,0,Pre-training,C17,C18,16.995238095238097,3.1095226876235573,14.531713112850106,True,-2.463524982387991,-0.7922518115700683
3,figure_5c_script,gamma_to_DAN_removed,1,OCTvsBEN,5,MBON-a3,0,1,after 3x training,D17,D18,-10.185714285714289,2.1683614512391522,-11.2,True,-1.0142857142857107,-0.4677659777183723
3,figure_5c_script,gamma_to_DAN_removed,1,OCTvsBEN,5,MBON-a3,0,2,after 6x training,E17,E18,-12,1.559765800647443,-11.2,True,0.8000000000000007,0.5128975129906866
3,figure_5c_script,gamma_to_DAN_removed,1,OCTvsBEN,5,MBON-a3,0,3,1hr memory,F17,F18,-2.6095238095238082,1.632392749176261,-11.2,True,-8.590476190476192,-5.262505726523916
3,figure_5c_script,gamma_to_DAN_removed,1,OCTvsBEN,5,MBON-a3,0,4,3hr,G17,G18,-2.623809523809521,2.053706344774464,-6.2266242577685045,True,-3.6028147339589833,-1.754298876821477
3,figure_5c_script,gamma_to_DAN_removed,1,OCTvsBEN,5,MBON-a3,0,5,24hr,H17,H18,-3.2380952380952337,3.2270658963939063,-7.993824660222902,True,-4.7557294221276685,-1.4737007469980614
3,figure_5c_script,gamma_to_DAN_removed,1,OCTvsBEN,5,MBON-a3,1,0,Pre-training,K17,K18,14.285714285714286,2.517634300272986,14.531713112850106,True,0.24599882713581955,0.09771030967807595
3,figure_5c_script,gamma_to_DAN_removed,1,OCTvsBEN,5,MBON-a3,1,1,after 3x training,L17,L18,-5.82857142857143,3.0987233125596187,-11.2,True,-5.371428571428569,-1.7334327817063608
3,figure_5c_script,gamma_to_DAN_removed,1,OCTvsBEN,5,MBON-a3,1,2,after 6x training,M17,M18,-7.671428571428569,2.2129098880624256,-11.2,True,-3.5285714285714302,-1.5945391394409505
3,figure_5c_script,gamma_to_DAN_removed,1,OCTvsBEN,5,MBON-a3,1,3,1hr memory,N17,N18,1.9238095238095188,3.0642597429958363,-11.2,True,-13.123809523809518,-4.282864582158025
3,figure_5c_script,gamma_to_DAN_removed,1,OCTvsBEN,5,MBON-a3,1,4,3hr,O17,O18,3.0476190476190426,2.6760040606146855,-0.7351975963734869,True,-3.7828166439925295,-1.4136064663233754
3,figure_5c_script,gamma_to_DAN_removed,1,OCTvsBEN,5,MBON-a3,1,5,24hr,P17,P18,10.519047619047626,2.571062584184094,-4.525835544909158,True,-15.044883163956783,-5.851620748754024
3,figure_5c_script,rescue,0,ACVvsETA,0,PPL1-v1pedc,0,0,Pre-training,C2,C3,-4.216666666666667,1.0581135936677017,-2.748877275921507,True,1.4677893907451596,1.3871756298465205
3,figure_5c_script,rescue,0,ACVvsETA,0,PPL1-v1pedc,0,1,after 3x training,D2,D3,-0.7055555555555553,0.8447284875821847,-0.8818143161428568,True,-0.1762587605873015,-0.20865729424113102
3,figure_5c_script,rescue,0,ACVvsETA,0,PPL1-v1pedc,0,2,after 6x training,E2,E3,-0.26111111111111146,0.6000257196133604,-0.6468852782338834,True,-0.38577416712277196,-0.64292938537927
3,figure_5c_script,rescue,0,ACVvsETA,0,PPL1-v1pedc,0,3,1hr memory,F2,F3,-3.1166666666666685,1.2700943786348051,-2.4364433227513573,True,0.6802233439153111,0.5355691319935353
3,figure_5c_script,rescue,0,ACVvsETA,0,PPL1-v1pedc,0,4,3hr,G2,G3,,,-2.7430398387854478,False,,
3,figure_5c_script,rescue,0,ACVvsETA,0,PPL1-v1pedc,0,5,24hr,H2,H3,,,-2.748877275921507,False,,
3,figure_5c_script,rescue,0,ACVvsETA,0,PPL1-v1pedc,1,0,Pre-training,K2,K3,-2.622222222222222,1.0319258362583996,-2.748877275921507,True,-0.12665505369928542,-0.12273658556560293
3,figure_5c_script,rescue,0,ACVvsETA,0,PPL1-v1pedc,1,1,after 3x training,L2,L3,-0.3499999999999987,0.45067289757213136,-1.4848125933241891,True,-1.1348125933241904,-2.5180404666836234
3,figure_5c_script,rescue,0,ACVvsETA,0,PPL1-v1pedc,1,2,after 6x training,M2,M3,-1.6277777777777747,1.1944162552464084,-1.5003472003235894,True,0.1274305774541853,0.10668858272352993
3,figure_5c_script,rescue,0,ACVvsETA,0,PPL1-v1pedc,1,3,1hr memory,N2,N3,-2.305555555555555,2.0896483414194056,-2.7886765862764156,True,-0.48312103072086066,-0.23119728862737637
3,figure_5c_script,rescue,0,ACVvsETA,0,PPL1-v1pedc,1,4,3hr,O2,O3,,,-2.7535357720468037,False,,
3,figure_5c_script,rescue,0,ACVvsETA,0,PPL1-v1pedc,1,5,24hr,P2,P3,,,-2.748877275921507,False,,
3,figure_5c_script,rescue,0,ACVvsETA,1,PPL1-a'2a2,0,0,Pre-training,C5,C6,-5.999999999999999,1.473629021016649,-3.7251921929958547,True,2.2748078070041444,1.5436773940803408
3,figure_5c_script,rescue,0,ACVvsETA,1,PPL1-a'2a2,0,1,after 3x training,D5,D6,1.016666666666665,1.3684055210476411,-0.17243103670879423,True,-1.1890977033754593,-0.8689658767710137
3,figure_5c_script,rescue,0,ACVvsETA,1,PPL1-a'2a2,0,2,after 6x training,E5,E6,1.6111111111111116,0.9259387204503228,0.286038288886719,True,-1.3250728222243926,-1.43105887350726
3,figure_5c_script,rescue,0,ACVvsETA,1,PPL1-a'2a2,0,3,1hr memory,F5,F6,-3.7833333333333328,1.427793499107723,-3.0489937243696126,True,0.7343396089637202,0.514317798352937
3,figure_5c_script,rescue,0,ACVvsETA,1,PPL1-a'2a2,0,4,3hr,G5,G6,,,-3.644484752530267,False,,
3,figure_5c_script,rescue,0,ACVvsETA,1,PPL1-a'2a2,0,5,24hr,H5,H6,,,-3.655872783995815,False,,
3,figure_5c_script,rescue,0,ACVvsETA,1,PPL1-a'2a2,1,0,Pre-training,K5,K6,-3.161111111111111,0.7516741509329,-3.7251921929958547,True,-0.5640810818847437,-0.7504329917220977
3,figure_5c_script,rescue,0,ACVvsETA,1,PPL1-a'2a2,1,1,after 3x training,L5,L6,-2.7777777777777786,1.0834330438443474,-1.358050692834062,True,1.4197270849437165,1.3103966996484586
3,figure_5c_script,rescue,0,ACVvsETA,1,PPL1-a'2a2,1,2,after 6x training,M5,M6,-2.094444444444445,1.142696271946941,-1.3885781748674677,True,0.7058662695769773,0.6177199374023624
3,figure_5c_script,rescue,0,ACVvsETA,1,PPL1-a'2a2,1,3,1hr memory,N5,N6,-4.205555555555553,1.1727965465580137,-3.736769521480085,True,0.46878603407546793,0.39971641752466475
3,figure_5c_script,rescue,0,ACVvsETA,1,PPL1-a'2a2,1,4,3hr,O5,O6,,,-3.6649762588267976,False,,
3,figure_5c_script,rescue,0,ACVvsETA,1,PPL1-a'2a2,1,5,24hr,P5,P6,,,-3.655872783995815,False,,
3,figure_5c_script,rescue,0,ACVvsETA,2,PPL1-a3,0,0,Pre-training,C8,C9,-6.388888888888892,1.2920850305418747,-4.4661441106812845,True,1.9227447782076075,1.488094616653245
3,figure_5c_script,rescue,0,ACVvsETA,2,PPL1-a3,0,1,after 3x training,D8,D9,3.2666666666666675,1.3243637694906167,3.026340592049893,True,-0.24032607461677458,-0.18146530443762438
3,figure_5c_script,rescue,0,ACVvsETA,2,PPL1-a3,0,2,after 6x training,E8,E9,3.9444444444444464,0.9049371997978655,5.353247751617744,True,1.4088033071732973,1.556796767209901
3,figure_5c_script,rescue,0,ACVvsETA,2,PPL1-a3,0,3,1hr memory,F8,F9,-2.5111111111111115,1.4797928086233636,-1.5668112777351926,True,0.9442998333759189,0.6381297624053137
3,figure_5c_script,rescue,0,ACVvsETA,2,PPL1-a3,0,4,3hr,G8,G9,,,-4.408590946800193,False,,
3,figure_5c_script,rescue,0,ACVvsETA,2,PPL1-a3,0,5,24hr,H8,H9,,,-4.4661441134329,False,,
3,figure_5c_script,rescue,0,ACVvsETA,2,PPL1-a3,1,0,Pre-training,K8,K9,-4.805555555555553,1.551440263475702,-4.4661441106812845,True,0.3394114448742682,0.2187718424387688
3,figure_5c_script,rescue,0,ACVvsETA,2,PPL1-a3,1,1,after 3x training,L8,L9,-4.083333333333338,1.4412659278382611,-3.554318273723926,True,0.5290150596094123,0.367048890417382
3,figure_5c_script,rescue,0,ACVvsETA,2,PPL1-a3,1,2,after 6x training,M8,M9,-2.166666666666663,1.5688358076120608,-3.72269883183073,True,-1.556032165164067,-0.9918387619750455
3,figure_5c_script,rescue,0,ACVvsETA,2,PPL1-a3,1,3,1hr memory,N8,N9,-3.433333333333334,2.2751845302007156,-5.081999221999645,True,-1.648665888666311,-0.7246295264326831
3,figure_5c_script,rescue,0,ACVvsETA,2,PPL1-a3,1,4,3hr,O8,O9,,,-4.5131309301676845,False,,
3,figure_5c_script,rescue,0,ACVvsETA,2,PPL1-a3,1,5,24hr,P8,P9,,,-4.466144098401138,False,,
3,figure_5c_script,rescue,0,ACVvsETA,3,MBON-v1pedc,0,0,Pre-training,C11,C12,36.583333333333336,5.171197915259853,22.616771718430968,True,-13.966561614902368,-2.7008367971544844
3,figure_5c_script,rescue,0,ACVvsETA,3,MBON-v1pedc,0,1,after 3x training,D11,D12,-2.383333333333336,2.3427677234545894,-2.304408418449519,True,0.07892491488381692,0.033688749462296726
3,figure_5c_script,rescue,0,ACVvsETA,3,MBON-v1pedc,0,2,after 6x training,E11,E12,-10.694444444444434,3.311763121351167,-8.40763293051484,True,2.286811513929594,0.6905117999492058
3,figure_5c_script,rescue,0,ACVvsETA,3,MBON-v1pedc,0,3,1hr memory,F11,F12,21.644444444444446,3.6631970115841446,14.918615864190492,True,-6.725828580253953,-1.8360542878214945
3,figure_5c_script,rescue,0,ACVvsETA,3,MBON-v1pedc,0,4,3hr,G11,G12,,,22.465689045446602,False,,
3,figure_5c_script,rescue,0,ACVvsETA,3,MBON-v1pedc,0,5,24hr,H11,H12,,,22.616771718430968,False,,
3,figure_5c_script,rescue,0,ACVvsETA,3,MBON-v1pedc,1,0,Pre-training,K11,K12,26.661111111111108,4.498727529281595,22.616771718430968,True,-4.04433939268014,-0.8989962975877277
3,figure_5c_script,rescue,0,ACVvsETA,3,MBON-v1pedc,1,1,after 3x training,L11,L12,9.855555555555553,3.699466094278479,14.6646464606359,True,4.809090905080348,1.29994187878029
3,figure_5c_script,rescue,0,ACVvsETA,3,MBON-v1pedc,1,2,after 6x training,M11,M12,12.233333333333322,3.893415835572522,15.099337776837494,True,2.8660044435041723,0.7361156795322712
3,figure_5c_script,rescue,0,ACVvsETA,3,MBON-v1pedc,1,3,1hr memory,N11,N12,23.83888888888889,3.630765085573807,24.125918798635254,True,0.2870299097463658,0.07905493827921492
3,figure_5c_script,rescue,0,ACVvsETA,3,MBON-v1pedc,1,4,3hr,O11,O12,,,22.739607964423314,False,,
3,figure_5c_script,rescue,0,ACVvsETA,3,MBON-v1pedc,1,5,24hr,P11,P12,,,22.616771718430968,False,,
3,figure_5c_script,rescue,0,ACVvsETA,4,MBON-a2sc,0,0,Pre-training,C14,C15,6.12222222222222,2.813613291318908,8.452033193768223,True,2.329810971546003,0.8280494617843812
3,figure_5c_script,rescue,0,ACVvsETA,4,MBON-a2sc,0,1,after 3x training,D14,D15,5.783333333333329,2.5195949249549163,8.899999999999999,True,3.11666666666667,1.2369713225717966
3,figure_5c_script,rescue,0,ACVvsETA,4,MBON-a2sc,0,2,after 6x training,E14,E15,8.505555555555562,1.9248238072907775,8.899999999999999,True,0.3944444444444368,0.20492496141744224
3,figure_5c_script,rescue,0,ACVvsETA,4,MBON-a2sc,0,3,1hr memory,F14,F15,5.2166666666666615,2.368652247167882,8.899999999999999,True,3.683333333333337,1.555033389868595
3,figure_5c_script,rescue,0,ACVvsETA,4,MBON-a2sc,0,4,3hr,G14,G15,,,8.899999999999999,False,,
3,figure_5c_script,rescue,0,ACVvsETA,4,MBON-a2sc,0,5,24hr,H14,H15,,,8.899999999999999,False,,
3,figure_5c_script,rescue,0,ACVvsETA,4,MBON-a2sc,1,0,Pre-training,K14,K15,5.533333333333339,2.4482110557991907,8.452033193768223,True,2.9186998604348835,1.1921765705294174
3,figure_5c_script,rescue,0,ACVvsETA,4,MBON-a2sc,1,1,after 3x training,L14,L15,6.483333333333331,1.7183722036575857,8.899999999999999,True,2.416666666666668,1.4063697384785148
3,figure_5c_script,rescue,0,ACVvsETA,4,MBON-a2sc,1,2,after 6x training,M14,M15,4.449999999999997,2.9640963215400054,8.899999999999999,True,4.450000000000002,1.5013007396763647
3,figure_5c_script,rescue,0,ACVvsETA,4,MBON-a2sc,1,3,1hr memory,N14,N15,4.122222222222221,1.9737303950333085,8.899999999999999,True,4.777777777777778,2.4206840963692757
3,figure_5c_script,rescue,0,ACVvsETA,4,MBON-a2sc,1,4,3hr,O14,O15,,,8.899999999999999,False,,
3,figure_5c_script,rescue,0,ACVvsETA,4,MBON-a2sc,1,5,24hr,P14,P15,,,8.899999999999999,False,,
3,figure_5c_script,rescue,0,ACVvsETA,5,MBON-a3,0,0,Pre-training,C17,C18,18.016666666666673,2.278905239563307,14.531713112850106,True,-3.484953553816567,-1.5292226694271709
3,figure_5c_script,rescue,0,ACVvsETA,5,MBON-a3,0,1,after 3x training,D17,D18,-1.7666666666666642,2.8258010395552495,3.149236082497728,True,4.915902749164392,1.73964928186809
3,figure_5c_script,rescue,0,ACVvsETA,5,MBON-a3,0,2,after 6x training,E17,E18,-9.505555555555555,2.622994129666491,-11.03240246564297,True,-1.526846910087416,-0.5821007728604989
3,figure_5c_script,rescue,0,ACVvsETA,5,MBON-a3,0,3,1hr memory,F17,F18,-2.833333333333336,1.5905973720586883,-8.071155816446765,True,-5.23782248311343,-3.2929907814032084
3,figure_5c_script,rescue,0,ACVvsETA,5,MBON-a3,0,4,3hr,G17,G18,1.5888888888888895,2.6482677564756854,7.863376633563888,True,6.274487744674999,2.3692799677571452
3,figure_5c_script,rescue,0,ACVvsETA,5,MBON-a3,0,5,24hr,H17,H18,6.350000000000006,2.377265001822241,12.767051651824858,True,6.417051651824852,2.699342162908216
3,figure_5c_script,rescue,0,ACVvsETA,5,MBON-a3,1,0,Pre-training,K17,K18,17.594444444444434,2.0395988635342497,14.531713112850106,True,-3.0627313315943283,-1.5016341626545027
3,figure_5c_script,rescue,0,ACVvsETA,5,MBON-a3,1,1,after 3x training,L17,L18,18.999999999999996,3.374363638722117,17.111955162890442,True,-1.888044837109554,-0.5595261919739518
3,figure_5c_script,rescue,0,ACVvsETA,5,MBON-a3,1,2,after 6x training,M17,M18,17.783333333333314,3.7343354084443097,19.96,True,2.176666666666687,0.582879261928287
3,figure_5c_script,rescue,0,ACVvsETA,5,MBON-a3,1,3,1hr memory,N17,N18,21.938888888888894,2.477854213614714,19.96,True,-1.9788888888888927,-0.7986300719452228
3,figure_5c_script,rescue,0,ACVvsETA,5,MBON-a3,1,4,3hr,O17,O18,22.18333333333332,2.592414796693324,19.96,True,-2.2233333333333185,-0.857630243496999
3,figure_5c_script,rescue,0,ACVvsETA,5,MBON-a3,1,5,24hr,P17,P18,16.03888888888889,2.7300973494727634,19.96,True,3.9211111111111094,1.4362532207389436
3,figure_5c_script,rescue,1,OCTvsBEN,0,PPL1-v1pedc,0,0,Pre-training,C2,C3,2.5672557781506233,1.1679948556387756,3.712322602999974,True,1.1450668248493505,0.9803697501930471
3,figure_5c_script,rescue,1,OCTvsBEN,0,PPL1-v1pedc,0,1,after 3x training,D2,D3,,,2.7787692748682415,False,,
3,figure_5c_script,rescue,1,OCTvsBEN,0,PPL1-v1pedc,0,2,after 6x training,E2,E3,,,3.052187991439234,False,,
3,figure_5c_script,rescue,1,OCTvsBEN,0,PPL1-v1pedc,0,3,1hr memory,F2,F3,,,4.118410339158889,False,,
3,figure_5c_script,rescue,1,OCTvsBEN,0,PPL1-v1pedc,0,4,3hr,G2,G3,,,3.729057505315564,False,,
3,figure_5c_script,rescue,1,OCTvsBEN,0,PPL1-v1pedc,0,5,24hr,H2,H3,,,3.712322602999974,False,,
3,figure_5c_script,rescue,1,OCTvsBEN,0,PPL1-v1pedc,1,0,Pre-training,K2,K3,2.5672557781506233,1.1679948556387756,3.712322602999974,True,1.1450668248493505,0.9803697501930471
3,figure_5c_script,rescue,1,OCTvsBEN,0,PPL1-v1pedc,1,1,after 3x training,L2,L3,,,2.005219876383376,False,,
3,figure_5c_script,rescue,1,OCTvsBEN,0,PPL1-v1pedc,1,2,after 6x training,M2,M3,,,2.0261991587972346,False,,
3,figure_5c_script,rescue,1,OCTvsBEN,0,PPL1-v1pedc,1,3,1hr memory,N2,N3,,,3.7660710481228317,False,,
3,figure_5c_script,rescue,1,OCTvsBEN,0,PPL1-v1pedc,1,4,3hr,O2,O3,,,3.718613840740345,False,,
3,figure_5c_script,rescue,1,OCTvsBEN,0,PPL1-v1pedc,1,5,24hr,P2,P3,,,3.712322602999974,False,,
3,figure_5c_script,rescue,1,OCTvsBEN,1,PPL1-a'2a2,0,0,Pre-training,C5,C6,2.236006017350811,0.9786209032655809,2.233236853685896,True,-0.0027691636649151974,-0.002829659223172851
3,figure_5c_script,rescue,1,OCTvsBEN,1,PPL1-a'2a2,0,1,after 3x training,D5,D6,,,3.020101267141443,False,,
3,figure_5c_script,rescue,1,OCTvsBEN,1,PPL1-a'2a2,0,2,after 6x training,E5,E6,,,3.1413145165822196,False,,
3,figure_5c_script,rescue,1,OCTvsBEN,1,PPL1-a'2a2,0,3,1hr memory,F5,F6,,,1.607182340178745,False,,
3,figure_5c_script,rescue,1,OCTvsBEN,1,PPL1-a'2a2,0,4,3hr,G5,G6,,,1.5752649125127918,False,,
3,figure_5c_script,rescue,1,OCTvsBEN,1,PPL1-a'2a2,0,5,24hr,H5,H6,,,1.5757682042265904,False,,
3,figure_5c_script,rescue,1,OCTvsBEN,1,PPL1-a'2a2,1,0,Pre-training,K5,K6,2.236006017350811,0.9786209032655809,2.233236853685896,True,-0.0027691636649151974,-0.002829659223172851
3,figure_5c_script,rescue,1,OCTvsBEN,1,PPL1-a'2a2,1,1,after 3x training,L5,L6,,,1.0641358375320797,False,,
3,figure_5c_script,rescue,1,OCTvsBEN,1,PPL1-a'2a2,1,2,after 6x training,M5,M6,,,0.9370499130203279,False,,
3,figure_5c_script,rescue,1,OCTvsBEN,1,PPL1-a'2a2,1,3,1hr memory,N5,N6,,,1.479867871525018,False,,
3,figure_5c_script,rescue,1,OCTvsBEN,1,PPL1-a'2a2,1,4,3hr,O5,O6,,,1.86375136995694,False,,
3,figure_5c_script,rescue,1,OCTvsBEN,1,PPL1-a'2a2,1,5,24hr,P5,P6,,,1.7622699510640056,False,,
3,figure_5c_script,rescue,1,OCTvsBEN,2,PPL1-a3,0,0,Pre-training,C8,C9,3.345531617017979,0.9723944131726138,3.5804984307050383,True,0.23496681368705907,0.24163735466191857
3,figure_5c_script,rescue,1,OCTvsBEN,2,PPL1-a3,0,1,after 3x training,D8,D9,,,10.465110264235381,False,,
3,figure_5c_script,rescue,1,OCTvsBEN,2,PPL1-a3,0,2,after 6x training,E8,E9,,,13.207281605671188,False,,
3,figure_5c_script,rescue,1,OCTvsBEN,2,PPL1-a3,0,3,1hr memory,F8,F9,,,7.934847475857918,False,,
3,figure_5c_script,rescue,1,OCTvsBEN,2,PPL1-a3,0,4,3hr,G8,G9,,,3.7480343149240394,False,,
3,figure_5c_script,rescue,1,OCTvsBEN,2,PPL1-a3,0,5,24hr,H8,H9,,,3.5804983851629384,False,,
3,figure_5c_script,rescue,1,OCTvsBEN,2,PPL1-a3,1,0,Pre-training,K8,K9,3.345531617017979,0.9723944131726138,3.5804984307050383,True,0.23496681368705907,0.24163735466191857
3,figure_5c_script,rescue,1,OCTvsBEN,2,PPL1-a3,1,1,after 3x training,L8,L9,,,3.59831398175328,False,,
3,figure_5c_script,rescue,1,OCTvsBEN,2,PPL1-a3,1,2,after 6x training,M8,M9,,,3.8271704913634754,False,,
3,figure_5c_script,rescue,1,OCTvsBEN,2,PPL1-a3,1,3,1hr memory,N8,N9,,,4.43567769847523,False,,
3,figure_5c_script,rescue,1,OCTvsBEN,2,PPL1-a3,1,4,3hr,O8,O9,,,3.644016434096372,False,,
3,figure_5c_script,rescue,1,OCTvsBEN,2,PPL1-a3,1,5,24hr,P8,P9,,,3.580498408379732,False,,
3,figure_5c_script,rescue,1,OCTvsBEN,3,MBON-v1pedc,0,0,Pre-training,C11,C12,24.2222222,4.33995868,22.616771718430968,True,-1.605450481569033,-0.3699229877389139
3,figure_5c_script,rescue,1,OCTvsBEN,3,MBON-v1pedc,0,1,after 3x training,D11,D12,-5.5444444,4.81416844,-10.928963021117703,True,-5.384518621117703,-1.1184732499965668
3,figure_5c_script,rescue,1,OCTvsBEN,3,MBON-v1pedc,0,2,after 6x training,E11,E12,-14.088889,6.19971398,-18.132224180067922,True,-4.043335180067922,-0.652180922073428
3,figure_5c_script,rescue,1,OCTvsBEN,3,MBON-v1pedc,0,3,1hr memory,F11,F12,14.3888889,3.45450307,10.910586763475834,True,-3.4783021365241655,-1.0068892879936464
3,figure_5c_script,rescue,1,OCTvsBEN,3,MBON-v1pedc,0,4,3hr,G11,G12,,,22.176967807261192,False,,
3,figure_5c_script,rescue,1,OCTvsBEN,3,MBON-v1pedc,0,5,24hr,H11,H12,,,22.616771718430968,False,,
3,figure_5c_script,rescue,1,OCTvsBEN,3,MBON-v1pedc,1,0,Pre-training,K11,K12,17.266666666666662,3.8088679089034767,22.616771718430968,True,5.350105051764306,1.4046444192139316
3,figure_5c_script,rescue,1,OCTvsBEN,3,MBON-v1pedc,1,1,after 3x training,L11,L12,-1.0055555555555429,3.0890210530551157,6.26090964474821,True,7.266465200303753,2.3523521126918334
3,figure_5c_script,rescue,1,OCTvsBEN,3,MBON-v1pedc,1,2,after 6x training,M11,M12,-9.711111111111116,4.333328153325061,5.642180935798095,True,15.35329204690921,3.5430716307806693
3,figure_5c_script,rescue,1,OCTvsBEN,3,MBON-v1pedc,1,3,1hr memory,N11,N12,14.455555555555549,3.907015474942043,20.069524824663013,True,5.613969269107464,1.4368945567564568
3,figure_5c_script,rescue,1,OCTvsBEN,3,MBON-v1pedc,1,4,3hr,O11,O12,,,22.44951815772992,False,,
3,figure_5c_script,rescue,1,OCTvsBEN,3,MBON-v1pedc,1,5,24hr,P11,P12,,,22.616771718430968,False,,
3,figure_5c_script,rescue,1,OCTvsBEN,4,MBON-a2sc,0,0,Pre-training,C14,C15,11.650000000000004,1.8262235877878155,8.452033193768223,True,-3.197966806231781,-1.7511365134132442
3,figure_5c_script,rescue,1,OCTvsBEN,4,MBON-a2sc,0,1,after 3x training,D14,D15,4.516666666666672,1.7865966554954749,5.516035295317641,True,0.9993686286509691,0.5593700321653268
3,figure_5c_script,rescue,1,OCTvsBEN,4,MBON-a2sc,0,2,after 6x training,E14,E15,2.9333333333333313,1.7197799561697105,2.826581455779932,True,-0.10675187755339932,-0.06207298623898189
3,figure_5c_script,rescue,1,OCTvsBEN,4,MBON-a2sc,0,3,1hr memory,F14,F15,2.222222222222219,1.6982727080174294,-1.096151120606331,True,-3.3183733428285502,-1.9539696582078583
3,figure_5c_script,rescue,1,OCTvsBEN,4,MBON-a2sc,0,4,3hr,G14,G15,,,3.987797191519128,False,,
3,figure_5c_script,rescue,1,OCTvsBEN,4,MBON-a2sc,0,5,24hr,H14,H15,,,4.203235701919525,False,,
3,figure_5c_script,rescue,1,OCTvsBEN,4,MBON-a2sc,1,0,Pre-training,K14,K15,8.100000000000003,2.4954841368842797,8.452033193768223,True,0.35203319376821973,0.14106809519043806
3,figure_5c_script,rescue,1,OCTvsBEN,4,MBON-a2sc,1,1,after 3x training,L14,L15,2.0833333333333335,2.3494411542691886,1.6105121154443118,True,-0.47282121788902165,-0.20124837646171914
3,figure_5c_script,rescue,1,OCTvsBEN,4,MBON-a2sc,1,2,after 6x training,M14,M15,-0.16111111111110551,2.950129350965795,0.5001984641413006,True,0.6613095752524062,0.2241629083266843
3,figure_5c_script,rescue,1,OCTvsBEN,4,MBON-a2sc,1,3,1hr memory,N14,N15,1.5722222222222195,1.7010089763426288,2.514044983439689,True,0.9418227612174694,0.5536847684616575
3,figure_5c_script,rescue,1,OCTvsBEN,4,MBON-a2sc,1,4,3hr,O14,O15,,,5.98386266930688,False,,
3,figure_5c_script,rescue,1,OCTvsBEN,4,MBON-a2sc,1,5,24hr,P14,P15,,,5.408476674002191,False,,
3,figure_5c_script,rescue,1,OCTvsBEN,5,MBON-a3,0,0,Pre-training,C17,C18,16.995238095238097,3.1095226876235573,14.531713112850106,True,-2.463524982387991,-0.7922518115700683
3,figure_5c_script,rescue,1,OCTvsBEN,5,MBON-a3,0,1,after 3x training,D17,D18,-10.185714285714289,2.1683614512391522,-11.2,True,-1.0142857142857107,-0.4677659777183723
3,figure_5c_script,rescue,1,OCTvsBEN,5,MBON-a3,0,2,after 6x training,E17,E18,-12,1.559765800647443,-11.2,True,0.8000000000000007,0.5128975129906866
3,figure_5c_script,rescue,1,OCTvsBEN,5,MBON-a3,0,3,1hr memory,F17,F18,-2.6095238095238082,1.632392749176261,-11.2,True,-8.590476190476192,-5.262505726523916
3,figure_5c_script,rescue,1,OCTvsBEN,5,MBON-a3,0,4,3hr,G17,G18,-2.623809523809521,2.053706344774464,-7.051381498988048,True,-4.427571975178527,-2.1558934101967524
3,figure_5c_script,rescue,1,OCTvsBEN,5,MBON-a3,0,5,24hr,H17,H18,-3.2380952380952337,3.2270658963939063,-3.0121314330255213,True,0.22596380506971236,0.07002144124860178
3,figure_5c_script,rescue,1,OCTvsBEN,5,MBON-a3,1,0,Pre-training,K17,K18,14.285714285714286,2.517634300272986,14.531713112850106,True,0.24599882713581955,0.09771030967807595
3,figure_5c_script,rescue,1,OCTvsBEN,5,MBON-a3,1,1,after 3x training,L17,L18,-5.82857142857143,3.0987233125596187,-2.0443115797070153,True,3.784259848864415,1.2212319291387546
3,figure_5c_script,rescue,1,OCTvsBEN,5,MBON-a3,1,2,after 6x training,M17,M18,-7.671428571428569,2.2129098880624256,-7.911457243497537,True,-0.24002867206896816,-0.10846744070502207
3,figure_5c_script,rescue,1,OCTvsBEN,5,MBON-a3,1,3,1hr memory,N17,N18,1.9238095238095188,3.0642597429958363,-4.513069309658869,True,-6.436878833468388,-2.1006309429811068
3,figure_5c_script,rescue,1,OCTvsBEN,5,MBON-a3,1,4,3hr,O17,O18,3.0476190476190426,2.6760040606146855,7.2357597136505625,True,4.18814066603152,1.5650726124344867
3,figure_5c_script,rescue,1,OCTvsBEN,5,MBON-a3,1,5,24hr,P17,P18,10.519047619047626,2.571062584184094,6.892246522768843,True,-3.6268010962787827,-1.4106234202889771
